file_id,area_type,source_dataset,source_id,source_group_id,path_raw,duration,worst_class,worst_prob,verdict
bg_factory_urbansound8k_01467,factory,urbansound8k,103199-4-1-0.wav,freesound_103199,data/raw/urbansound8k/UrbanSound8K/audio/fold3/103199-4-1-0.wav,1.52,scream,0.0451,clean
bg_factory_urbansound8k_01468,factory,urbansound8k,103199-4-7-2.wav,freesound_103199,data/raw/urbansound8k/UrbanSound8K/audio/fold3/103199-4-7-2.wav,4.0,vehicle_crash,0.0296,clean
bg_factory_urbansound8k_01500,factory,urbansound8k,118278-4-0-0.wav,freesound_118278,data/raw/urbansound8k/UrbanSound8K/audio/fold10/118278-4-0-0.wav,4.0,running_footsteps,0.0118,clean
bg_factory_urbansound8k_01501,factory,urbansound8k,118278-4-0-1.wav,freesound_118278,data/raw/urbansound8k/UrbanSound8K/audio/fold10/118278-4-0-1.wav,4.0,running_footsteps,0.008,clean
bg_factory_urbansound8k_01502,factory,urbansound8k,118278-4-0-10.wav,freesound_118278,data/raw/urbansound8k/UrbanSound8K/audio/fold10/118278-4-0-10.wav,4.0,siren,0.0091,clean
bg_factory_urbansound8k_01503,factory,urbansound8k,118278-4-0-11.wav,freesound_118278,data/raw/urbansound8k/UrbanSound8K/audio/fold10/118278-4-0-11.wav,4.0,running_footsteps,0.0106,clean
bg_factory_urbansound8k_01504,factory,urbansound8k,118278-4-0-12.wav,freesound_118278,data/raw/urbansound8k/UrbanSound8K/audio/fold10/118278-4-0-12.wav,4.0,siren,0.0077,clean
bg_factory_urbansound8k_01505,factory,urbansound8k,118278-4-0-13.wav,freesound_118278,data/raw/urbansound8k/UrbanSound8K/audio/fold10/118278-4-0-13.wav,4.0,siren,0.005,clean
bg_factory_urbansound8k_01506,factory,urbansound8k,118278-4-0-2.wav,freesound_118278,data/raw/urbansound8k/UrbanSound8K/audio/fold10/118278-4-0-2.wav,4.0,running_footsteps,0.0075,clean
bg_factory_urbansound8k_01507,factory,urbansound8k,118278-4-0-3.wav,freesound_118278,data/raw/urbansound8k/UrbanSound8K/audio/fold10/118278-4-0-3.wav,4.0,running_footsteps,0.0065,clean
bg_factory_urbansound8k_01508,factory,urbansound8k,118278-4-0-4.wav,freesound_118278,data/raw/urbansound8k/UrbanSound8K/audio/fold10/118278-4-0-4.wav,4.0,running_footsteps,0.0314,clean
bg_factory_urbansound8k_01509,factory,urbansound8k,118278-4-0-5.wav,freesound_118278,data/raw/urbansound8k/UrbanSound8K/audio/fold10/118278-4-0-5.wav,4.0,running_footsteps,0.027,clean
bg_factory_urbansound8k_01510,factory,urbansound8k,118278-4-0-6.wav,freesound_118278,data/raw/urbansound8k/UrbanSound8K/audio/fold10/118278-4-0-6.wav,4.0,siren,0.0123,clean
bg_factory_urbansound8k_01511,factory,urbansound8k,118278-4-0-7.wav,freesound_118278,data/raw/urbansound8k/UrbanSound8K/audio/fold10/118278-4-0-7.wav,4.0,running_footsteps,0.0103,clean
bg_factory_urbansound8k_01512,factory,urbansound8k,118278-4-0-8.wav,freesound_118278,data/raw/urbansound8k/UrbanSound8K/audio/fold10/118278-4-0-8.wav,4.0,running_footsteps,0.0103,clean
bg_factory_urbansound8k_01513,factory,urbansound8k,118278-4-0-9.wav,freesound_118278,data/raw/urbansound8k/UrbanSound8K/audio/fold10/118278-4-0-9.wav,4.0,siren,0.0079,clean
bg_factory_urbansound8k_01514,factory,urbansound8k,119809-7-0-0.wav,freesound_119809,data/raw/urbansound8k/UrbanSound8K/audio/fold9/119809-7-0-0.wav,4.0,siren,0.0018,clean
bg_factory_urbansound8k_01515,factory,urbansound8k,119809-7-0-1.wav,freesound_119809,data/raw/urbansound8k/UrbanSound8K/audio/fold9/119809-7-0-1.wav,4.0,siren,0.0054,clean
bg_factory_urbansound8k_01516,factory,urbansound8k,119809-7-0-2.wav,freesound_119809,data/raw/urbansound8k/UrbanSound8K/audio/fold9/119809-7-0-2.wav,4.0,siren,0.0056,clean
bg_factory_urbansound8k_01517,factory,urbansound8k,119809-7-0-3.wav,freesound_119809,data/raw/urbansound8k/UrbanSound8K/audio/fold9/119809-7-0-3.wav,4.0,siren,0.0041,clean
bg_factory_urbansound8k_01518,factory,urbansound8k,119809-7-0-4.wav,freesound_119809,data/raw/urbansound8k/UrbanSound8K/audio/fold9/119809-7-0-4.wav,4.0,siren,0.0052,clean
bg_factory_urbansound8k_01519,factory,urbansound8k,119809-7-0-5.wav,freesound_119809,data/raw/urbansound8k/UrbanSound8K/audio/fold9/119809-7-0-5.wav,4.0,siren,0.0026,clean
bg_factory_urbansound8k_01520,factory,urbansound8k,119809-7-0-6.wav,freesound_119809,data/raw/urbansound8k/UrbanSound8K/audio/fold9/119809-7-0-6.wav,4.0,running_footsteps,0.003,clean
bg_factory_urbansound8k_01536,factory,urbansound8k,130961-4-0-0.wav,freesound_130961,data/raw/urbansound8k/UrbanSound8K/audio/fold7/130961-4-0-0.wav,3.05,door_slam,0.0045,clean
bg_factory_urbansound8k_01537,factory,urbansound8k,132016-7-0-0.wav,freesound_132016,data/raw/urbansound8k/UrbanSound8K/audio/fold4/132016-7-0-0.wav,4.0,explosion,0.0029,clean
bg_factory_urbansound8k_01538,factory,urbansound8k,132016-7-0-1.wav,freesound_132016,data/raw/urbansound8k/UrbanSound8K/audio/fold4/132016-7-0-1.wav,4.0,explosion,0.0032,clean
bg_factory_urbansound8k_01539,factory,urbansound8k,132016-7-0-2.wav,freesound_132016,data/raw/urbansound8k/UrbanSound8K/audio/fold4/132016-7-0-2.wav,4.0,running_footsteps,0.0029,clean
bg_factory_urbansound8k_01540,factory,urbansound8k,132016-7-0-3.wav,freesound_132016,data/raw/urbansound8k/UrbanSound8K/audio/fold4/132016-7-0-3.wav,4.0,siren,0.003,clean
bg_factory_urbansound8k_01541,factory,urbansound8k,132016-7-0-4.wav,freesound_132016,data/raw/urbansound8k/UrbanSound8K/audio/fold4/132016-7-0-4.wav,4.0,explosion,0.0043,clean
bg_factory_urbansound8k_01542,factory,urbansound8k,132016-7-0-5.wav,freesound_132016,data/raw/urbansound8k/UrbanSound8K/audio/fold4/132016-7-0-5.wav,4.0,explosion,0.006,clean
bg_factory_urbansound8k_01543,factory,urbansound8k,132016-7-0-6.wav,freesound_132016,data/raw/urbansound8k/UrbanSound8K/audio/fold4/132016-7-0-6.wav,4.0,running_footsteps,0.0032,clean
bg_factory_urbansound8k_01544,factory,urbansound8k,132016-7-0-7.wav,freesound_132016,data/raw/urbansound8k/UrbanSound8K/audio/fold4/132016-7-0-7.wav,4.0,running_footsteps,0.012,clean
bg_factory_urbansound8k_01545,factory,urbansound8k,132016-7-0-8.wav,freesound_132016,data/raw/urbansound8k/UrbanSound8K/audio/fold4/132016-7-0-8.wav,4.0,running_footsteps,0.0125,clean
bg_factory_urbansound8k_01546,factory,urbansound8k,132021-7-0-0.wav,freesound_132021,data/raw/urbansound8k/UrbanSound8K/audio/fold6/132021-7-0-0.wav,4.0,running_footsteps,0.0064,clean
bg_factory_urbansound8k_01547,factory,urbansound8k,132021-7-0-1.wav,freesound_132021,data/raw/urbansound8k/UrbanSound8K/audio/fold6/132021-7-0-1.wav,4.0,running_footsteps,0.0035,clean
bg_factory_urbansound8k_01548,factory,urbansound8k,132021-7-0-10.wav,freesound_132021,data/raw/urbansound8k/UrbanSound8K/audio/fold6/132021-7-0-10.wav,4.0,running_footsteps,0.0081,clean
bg_factory_urbansound8k_01549,factory,urbansound8k,132021-7-0-11.wav,freesound_132021,data/raw/urbansound8k/UrbanSound8K/audio/fold6/132021-7-0-11.wav,4.0,running_footsteps,0.0086,clean
bg_factory_urbansound8k_01550,factory,urbansound8k,132021-7-0-12.wav,freesound_132021,data/raw/urbansound8k/UrbanSound8K/audio/fold6/132021-7-0-12.wav,4.0,running_footsteps,0.0085,clean
bg_factory_urbansound8k_01551,factory,urbansound8k,132021-7-0-2.wav,freesound_132021,data/raw/urbansound8k/UrbanSound8K/audio/fold6/132021-7-0-2.wav,4.0,running_footsteps,0.0027,clean
bg_factory_urbansound8k_01552,factory,urbansound8k,132021-7-0-3.wav,freesound_132021,data/raw/urbansound8k/UrbanSound8K/audio/fold6/132021-7-0-3.wav,4.0,running_footsteps,0.0034,clean
bg_factory_urbansound8k_01553,factory,urbansound8k,132021-7-0-4.wav,freesound_132021,data/raw/urbansound8k/UrbanSound8K/audio/fold6/132021-7-0-4.wav,4.0,running_footsteps,0.0047,clean
bg_factory_urbansound8k_01554,factory,urbansound8k,132021-7-0-5.wav,freesound_132021,data/raw/urbansound8k/UrbanSound8K/audio/fold6/132021-7-0-5.wav,4.0,explosion,0.0044,clean
bg_factory_urbansound8k_01555,factory,urbansound8k,132021-7-0-6.wav,freesound_132021,data/raw/urbansound8k/UrbanSound8K/audio/fold6/132021-7-0-6.wav,4.0,running_footsteps,0.0086,clean
bg_factory_urbansound8k_01556,factory,urbansound8k,132021-7-0-7.wav,freesound_132021,data/raw/urbansound8k/UrbanSound8K/audio/fold6/132021-7-0-7.wav,4.0,running_footsteps,0.0162,clean
bg_factory_urbansound8k_01557,factory,urbansound8k,132021-7-0-8.wav,freesound_132021,data/raw/urbansound8k/UrbanSound8K/audio/fold6/132021-7-0-8.wav,4.0,running_footsteps,0.0217,clean
bg_factory_urbansound8k_01558,factory,urbansound8k,132021-7-0-9.wav,freesound_132021,data/raw/urbansound8k/UrbanSound8K/audio/fold6/132021-7-0-9.wav,4.0,running_footsteps,0.0104,clean
bg_factory_urbansound8k_01614,factory,urbansound8k,148463-7-2-0.wav,freesound_148463,data/raw/urbansound8k/UrbanSound8K/audio/fold4/148463-7-2-0.wav,4.0,siren,0.021,clean
bg_factory_urbansound8k_01615,factory,urbansound8k,148463-7-2-1.wav,freesound_148463,data/raw/urbansound8k/UrbanSound8K/audio/fold4/148463-7-2-1.wav,4.0,siren,0.0147,clean
bg_factory_urbansound8k_01616,factory,urbansound8k,148463-7-2-2.wav,freesound_148463,data/raw/urbansound8k/UrbanSound8K/audio/fold4/148463-7-2-2.wav,4.0,siren,0.0093,clean
bg_factory_urbansound8k_01617,factory,urbansound8k,148463-7-3-0.wav,freesound_148463,data/raw/urbansound8k/UrbanSound8K/audio/fold4/148463-7-3-0.wav,4.0,alarm_bell,0.0193,clean
bg_factory_urbansound8k_01618,factory,urbansound8k,148463-7-3-1.wav,freesound_148463,data/raw/urbansound8k/UrbanSound8K/audio/fold4/148463-7-3-1.wav,4.0,glass_breaking,0.0059,clean
bg_factory_urbansound8k_01619,factory,urbansound8k,148463-7-3-10.wav,freesound_148463,data/raw/urbansound8k/UrbanSound8K/audio/fold4/148463-7-3-10.wav,4.0,siren,0.0115,clean
bg_factory_urbansound8k_01620,factory,urbansound8k,148463-7-3-2.wav,freesound_148463,data/raw/urbansound8k/UrbanSound8K/audio/fold4/148463-7-3-2.wav,4.0,door_slam,0.0032,clean
bg_factory_urbansound8k_01621,factory,urbansound8k,148463-7-3-3.wav,freesound_148463,data/raw/urbansound8k/UrbanSound8K/audio/fold4/148463-7-3-3.wav,4.0,siren,0.0031,clean
bg_factory_urbansound8k_01622,factory,urbansound8k,148463-7-3-4.wav,freesound_148463,data/raw/urbansound8k/UrbanSound8K/audio/fold4/148463-7-3-4.wav,4.0,siren,0.0134,clean
bg_factory_urbansound8k_01623,factory,urbansound8k,148463-7-3-5.wav,freesound_148463,data/raw/urbansound8k/UrbanSound8K/audio/fold4/148463-7-3-5.wav,4.0,siren,0.0169,clean
bg_factory_urbansound8k_01624,factory,urbansound8k,148463-7-3-6.wav,freesound_148463,data/raw/urbansound8k/UrbanSound8K/audio/fold4/148463-7-3-6.wav,4.0,glass_breaking,0.0056,clean
bg_factory_urbansound8k_01625,factory,urbansound8k,148463-7-3-7.wav,freesound_148463,data/raw/urbansound8k/UrbanSound8K/audio/fold4/148463-7-3-7.wav,4.0,siren,0.0083,clean
bg_factory_urbansound8k_01626,factory,urbansound8k,148463-7-3-8.wav,freesound_148463,data/raw/urbansound8k/UrbanSound8K/audio/fold4/148463-7-3-8.wav,4.0,siren,0.0053,clean
bg_factory_urbansound8k_01627,factory,urbansound8k,148463-7-3-9.wav,freesound_148463,data/raw/urbansound8k/UrbanSound8K/audio/fold4/148463-7-3-9.wav,4.0,siren,0.0149,clean
bg_factory_urbansound8k_01676,factory,urbansound8k,156362-4-0-0.wav,freesound_156362,data/raw/urbansound8k/UrbanSound8K/audio/fold4/156362-4-0-0.wav,4.0,alarm_bell,0.0024,clean
bg_factory_urbansound8k_01677,factory,urbansound8k,156362-4-0-1.wav,freesound_156362,data/raw/urbansound8k/UrbanSound8K/audio/fold4/156362-4-0-1.wav,4.0,glass_breaking,0.004,clean
bg_factory_urbansound8k_01678,factory,urbansound8k,156362-4-0-2.wav,freesound_156362,data/raw/urbansound8k/UrbanSound8K/audio/fold4/156362-4-0-2.wav,4.0,alarm_bell,0.0065,clean
bg_factory_urbansound8k_01679,factory,urbansound8k,156362-4-0-3.wav,freesound_156362,data/raw/urbansound8k/UrbanSound8K/audio/fold4/156362-4-0-3.wav,4.0,glass_breaking,0.0059,clean
bg_factory_urbansound8k_01680,factory,urbansound8k,156362-4-1-0.wav,freesound_156362,data/raw/urbansound8k/UrbanSound8K/audio/fold4/156362-4-1-0.wav,1.99,running_footsteps,0.0022,clean
bg_factory_urbansound8k_01681,factory,urbansound8k,156362-4-2-0.wav,freesound_156362,data/raw/urbansound8k/UrbanSound8K/audio/fold4/156362-4-2-0.wav,4.0,door_slam,0.0155,clean
bg_factory_urbansound8k_01682,factory,urbansound8k,156362-4-2-1.wav,freesound_156362,data/raw/urbansound8k/UrbanSound8K/audio/fold4/156362-4-2-1.wav,4.0,alarm_bell,0.0212,clean
bg_factory_urbansound8k_01683,factory,urbansound8k,156362-4-3-0.wav,freesound_156362,data/raw/urbansound8k/UrbanSound8K/audio/fold4/156362-4-3-0.wav,4.0,siren,0.0738,clean
bg_factory_urbansound8k_01684,factory,urbansound8k,156362-4-3-1.wav,freesound_156362,data/raw/urbansound8k/UrbanSound8K/audio/fold4/156362-4-3-1.wav,4.0,siren,0.0036,clean
bg_factory_urbansound8k_01685,factory,urbansound8k,156362-4-3-2.wav,freesound_156362,data/raw/urbansound8k/UrbanSound8K/audio/fold4/156362-4-3-2.wav,4.0,siren,0.0045,clean
bg_factory_urbansound8k_01686,factory,urbansound8k,156362-4-3-3.wav,freesound_156362,data/raw/urbansound8k/UrbanSound8K/audio/fold4/156362-4-3-3.wav,4.0,siren,0.0054,clean
bg_factory_urbansound8k_01687,factory,urbansound8k,156362-4-3-4.wav,freesound_156362,data/raw/urbansound8k/UrbanSound8K/audio/fold4/156362-4-3-4.wav,4.0,glass_breaking,0.0053,clean
bg_factory_urbansound8k_01688,factory,urbansound8k,156362-4-3-5.wav,freesound_156362,data/raw/urbansound8k/UrbanSound8K/audio/fold4/156362-4-3-5.wav,4.0,siren,0.0194,clean
bg_factory_urbansound8k_01689,factory,urbansound8k,156362-4-3-6.wav,freesound_156362,data/raw/urbansound8k/UrbanSound8K/audio/fold4/156362-4-3-6.wav,4.0,siren,0.0234,clean
bg_factory_urbansound8k_01690,factory,urbansound8k,156362-4-3-7.wav,freesound_156362,data/raw/urbansound8k/UrbanSound8K/audio/fold4/156362-4-3-7.wav,4.0,door_slam,0.0305,clean
bg_factory_urbansound8k_01691,factory,urbansound8k,156362-4-3-8.wav,freesound_156362,data/raw/urbansound8k/UrbanSound8K/audio/fold4/156362-4-3-8.wav,4.0,door_slam,0.0332,clean
bg_factory_urbansound8k_01692,factory,urbansound8k,156893-7-0-0.wav,freesound_156893,data/raw/urbansound8k/UrbanSound8K/audio/fold2/156893-7-0-0.wav,1.255,gunshot,0.0408,clean
bg_factory_urbansound8k_01693,factory,urbansound8k,156893-7-1-0.wav,freesound_156893,data/raw/urbansound8k/UrbanSound8K/audio/fold2/156893-7-1-0.wav,1.227,gunshot,0.0421,clean
bg_factory_urbansound8k_01694,factory,urbansound8k,156893-7-10-0.wav,freesound_156893,data/raw/urbansound8k/UrbanSound8K/audio/fold2/156893-7-10-0.wav,0.558,gunshot,0.0048,clean
bg_factory_urbansound8k_01695,factory,urbansound8k,156893-7-11-0.wav,freesound_156893,data/raw/urbansound8k/UrbanSound8K/audio/fold2/156893-7-11-0.wav,2.817,gunshot,0.0302,clean
bg_factory_urbansound8k_01696,factory,urbansound8k,156893-7-2-0.wav,freesound_156893,data/raw/urbansound8k/UrbanSound8K/audio/fold2/156893-7-2-0.wav,1.116,gunshot,0.0602,clean
bg_factory_urbansound8k_01697,factory,urbansound8k,156893-7-3-0.wav,freesound_156893,data/raw/urbansound8k/UrbanSound8K/audio/fold2/156893-7-3-0.wav,1.53,gunshot,0.1077,clean
bg_factory_urbansound8k_01698,factory,urbansound8k,156893-7-4-0.wav,freesound_156893,data/raw/urbansound8k/UrbanSound8K/audio/fold2/156893-7-4-0.wav,1.06,gunshot,0.0489,clean
bg_factory_urbansound8k_01699,factory,urbansound8k,156893-7-5-0.wav,freesound_156893,data/raw/urbansound8k/UrbanSound8K/audio/fold2/156893-7-5-0.wav,1.757,gunshot,0.0343,clean
bg_factory_urbansound8k_01700,factory,urbansound8k,156893-7-6-0.wav,freesound_156893,data/raw/urbansound8k/UrbanSound8K/audio/fold2/156893-7-6-0.wav,1.28,gunshot,0.1645,flagged
bg_factory_urbansound8k_01701,factory,urbansound8k,156893-7-7-0.wav,freesound_156893,data/raw/urbansound8k/UrbanSound8K/audio/fold2/156893-7-7-0.wav,2.566,gunshot,0.0504,clean
bg_factory_urbansound8k_01702,factory,urbansound8k,156893-7-8-0.wav,freesound_156893,data/raw/urbansound8k/UrbanSound8K/audio/fold2/156893-7-8-0.wav,1.06,gunshot,0.0777,clean
bg_factory_urbansound8k_01703,factory,urbansound8k,156893-7-9-0.wav,freesound_156893,data/raw/urbansound8k/UrbanSound8K/audio/fold2/156893-7-9-0.wav,1.17,gunshot,0.0627,clean
bg_factory_urbansound8k_01772,factory,urbansound8k,165775-7-0-0.wav,freesound_165775,data/raw/urbansound8k/UrbanSound8K/audio/fold2/165775-7-0-0.wav,0.537,vehicle_crash,0.0009,clean
bg_factory_urbansound8k_01773,factory,urbansound8k,165775-7-1-0.wav,freesound_165775,data/raw/urbansound8k/UrbanSound8K/audio/fold2/165775-7-1-0.wav,0.39,door_slam,0.0018,clean
bg_factory_urbansound8k_01814,factory,urbansound8k,169098-7-0-0.wav,freesound_169098,data/raw/urbansound8k/UrbanSound8K/audio/fold2/169098-7-0-0.wav,4.0,glass_breaking,0.0124,clean
bg_factory_urbansound8k_01815,factory,urbansound8k,169098-7-0-1.wav,freesound_169098,data/raw/urbansound8k/UrbanSound8K/audio/fold2/169098-7-0-1.wav,4.0,glass_breaking,0.0127,clean
bg_factory_urbansound8k_01816,factory,urbansound8k,169098-7-0-2.wav,freesound_169098,data/raw/urbansound8k/UrbanSound8K/audio/fold2/169098-7-0-2.wav,4.0,explosion,0.009,clean
bg_factory_urbansound8k_01817,factory,urbansound8k,169098-7-0-3.wav,freesound_169098,data/raw/urbansound8k/UrbanSound8K/audio/fold2/169098-7-0-3.wav,4.0,running_footsteps,0.0103,clean
bg_factory_urbansound8k_01818,factory,urbansound8k,169098-7-0-4.wav,freesound_169098,data/raw/urbansound8k/UrbanSound8K/audio/fold2/169098-7-0-4.wav,4.0,running_footsteps,0.0081,clean
bg_factory_urbansound8k_01819,factory,urbansound8k,169098-7-0-5.wav,freesound_169098,data/raw/urbansound8k/UrbanSound8K/audio/fold2/169098-7-0-5.wav,4.0,running_footsteps,0.0035,clean
bg_factory_urbansound8k_01820,factory,urbansound8k,169098-7-0-6.wav,freesound_169098,data/raw/urbansound8k/UrbanSound8K/audio/fold2/169098-7-0-6.wav,4.0,door_slam,0.005,clean
bg_factory_urbansound8k_01821,factory,urbansound8k,169098-7-0-7.wav,freesound_169098,data/raw/urbansound8k/UrbanSound8K/audio/fold2/169098-7-0-7.wav,4.0,alarm_bell,0.0044,clean
bg_factory_urbansound8k_01822,factory,urbansound8k,169098-7-0-8.wav,freesound_169098,data/raw/urbansound8k/UrbanSound8K/audio/fold2/169098-7-0-8.wav,4.0,glass_breaking,0.0047,clean
bg_factory_urbansound8k_01823,factory,urbansound8k,169098-7-0-9.wav,freesound_169098,data/raw/urbansound8k/UrbanSound8K/audio/fold2/169098-7-0-9.wav,4.0,door_slam,0.0129,clean
bg_factory_urbansound8k_01824,factory,urbansound8k,169098-7-1-0.wav,freesound_169098,data/raw/urbansound8k/UrbanSound8K/audio/fold2/169098-7-1-0.wav,4.0,door_slam,0.0099,clean
bg_factory_urbansound8k_01825,factory,urbansound8k,169098-7-2-0.wav,freesound_169098,data/raw/urbansound8k/UrbanSound8K/audio/fold2/169098-7-2-0.wav,4.0,door_slam,0.0135,clean
bg_factory_urbansound8k_01826,factory,urbansound8k,169098-7-3-0.wav,freesound_169098,data/raw/urbansound8k/UrbanSound8K/audio/fold2/169098-7-3-0.wav,4.0,door_slam,0.0094,clean
bg_factory_urbansound8k_01827,factory,urbansound8k,169098-7-3-1.wav,freesound_169098,data/raw/urbansound8k/UrbanSound8K/audio/fold2/169098-7-3-1.wav,4.0,door_slam,0.005,clean
bg_factory_urbansound8k_01828,factory,urbansound8k,169098-7-4-0.wav,freesound_169098,data/raw/urbansound8k/UrbanSound8K/audio/fold2/169098-7-4-0.wav,4.0,glass_breaking,0.0037,clean
bg_factory_urbansound8k_01829,factory,urbansound8k,169098-7-4-1.wav,freesound_169098,data/raw/urbansound8k/UrbanSound8K/audio/fold2/169098-7-4-1.wav,4.0,door_slam,0.0052,clean
bg_factory_urbansound8k_01830,factory,urbansound8k,169098-7-4-10.wav,freesound_169098,data/raw/urbansound8k/UrbanSound8K/audio/fold2/169098-7-4-10.wav,4.0,siren,0.0021,clean
bg_factory_urbansound8k_01831,factory,urbansound8k,169098-7-4-11.wav,freesound_169098,data/raw/urbansound8k/UrbanSound8K/audio/fold2/169098-7-4-11.wav,4.0,siren,0.0027,clean
bg_factory_urbansound8k_01832,factory,urbansound8k,169098-7-4-2.wav,freesound_169098,data/raw/urbansound8k/UrbanSound8K/audio/fold2/169098-7-4-2.wav,4.0,alarm_bell,0.0055,clean
bg_factory_urbansound8k_01833,factory,urbansound8k,169098-7-4-3.wav,freesound_169098,data/raw/urbansound8k/UrbanSound8K/audio/fold2/169098-7-4-3.wav,4.0,alarm_bell,0.0117,clean
bg_factory_urbansound8k_01834,factory,urbansound8k,169098-7-4-4.wav,freesound_169098,data/raw/urbansound8k/UrbanSound8K/audio/fold2/169098-7-4-4.wav,4.0,door_slam,0.0079,clean
bg_factory_urbansound8k_01835,factory,urbansound8k,169098-7-4-5.wav,freesound_169098,data/raw/urbansound8k/UrbanSound8K/audio/fold2/169098-7-4-5.wav,4.0,door_slam,0.0069,clean
bg_factory_urbansound8k_01836,factory,urbansound8k,169098-7-4-6.wav,freesound_169098,data/raw/urbansound8k/UrbanSound8K/audio/fold2/169098-7-4-6.wav,4.0,door_slam,0.0052,clean
bg_factory_urbansound8k_01837,factory,urbansound8k,169098-7-4-7.wav,freesound_169098,data/raw/urbansound8k/UrbanSound8K/audio/fold2/169098-7-4-7.wav,4.0,door_slam,0.0053,clean
bg_factory_urbansound8k_01838,factory,urbansound8k,169098-7-4-8.wav,freesound_169098,data/raw/urbansound8k/UrbanSound8K/audio/fold2/169098-7-4-8.wav,4.0,glass_breaking,0.0073,clean
bg_factory_urbansound8k_01839,factory,urbansound8k,169098-7-4-9.wav,freesound_169098,data/raw/urbansound8k/UrbanSound8K/audio/fold2/169098-7-4-9.wav,4.0,door_slam,0.0028,clean
bg_factory_urbansound8k_01840,factory,urbansound8k,169466-4-0-12.wav,freesound_169466,data/raw/urbansound8k/UrbanSound8K/audio/fold4/169466-4-0-12.wav,4.0,vehicle_crash,0.0737,clean
bg_factory_urbansound8k_01841,factory,urbansound8k,169466-4-0-7.wav,freesound_169466,data/raw/urbansound8k/UrbanSound8K/audio/fold4/169466-4-0-7.wav,4.0,vehicle_crash,0.0226,clean
bg_factory_urbansound8k_01842,factory,urbansound8k,169466-4-0-8.wav,freesound_169466,data/raw/urbansound8k/UrbanSound8K/audio/fold4/169466-4-0-8.wav,4.0,door_slam,0.0185,clean
bg_factory_urbansound8k_01843,factory,urbansound8k,169466-4-1-3.wav,freesound_169466,data/raw/urbansound8k/UrbanSound8K/audio/fold4/169466-4-1-3.wav,4.0,door_slam,0.0181,clean
bg_factory_urbansound8k_01844,factory,urbansound8k,169466-4-1-5.wav,freesound_169466,data/raw/urbansound8k/UrbanSound8K/audio/fold4/169466-4-1-5.wav,4.0,door_slam,0.0609,clean
bg_factory_urbansound8k_01845,factory,urbansound8k,169466-4-1-8.wav,freesound_169466,data/raw/urbansound8k/UrbanSound8K/audio/fold4/169466-4-1-8.wav,4.0,door_slam,0.0821,clean
bg_factory_urbansound8k_01846,factory,urbansound8k,169466-4-2-17.wav,freesound_169466,data/raw/urbansound8k/UrbanSound8K/audio/fold4/169466-4-2-17.wav,4.0,vehicle_crash,0.0153,clean
bg_factory_urbansound8k_01847,factory,urbansound8k,169466-4-2-18.wav,freesound_169466,data/raw/urbansound8k/UrbanSound8K/audio/fold4/169466-4-2-18.wav,4.0,vehicle_crash,0.0338,clean
bg_factory_urbansound8k_01848,factory,urbansound8k,169466-4-2-2.wav,freesound_169466,data/raw/urbansound8k/UrbanSound8K/audio/fold4/169466-4-2-2.wav,4.0,vehicle_crash,0.016,clean
bg_factory_urbansound8k_01849,factory,urbansound8k,169466-4-2-21.wav,freesound_169466,data/raw/urbansound8k/UrbanSound8K/audio/fold4/169466-4-2-21.wav,4.0,vehicle_crash,0.0144,clean
bg_factory_urbansound8k_01850,factory,urbansound8k,169466-4-2-4.wav,freesound_169466,data/raw/urbansound8k/UrbanSound8K/audio/fold4/169466-4-2-4.wav,4.0,door_slam,0.0233,clean
bg_factory_urbansound8k_01851,factory,urbansound8k,169466-4-2-6.wav,freesound_169466,data/raw/urbansound8k/UrbanSound8K/audio/fold4/169466-4-2-6.wav,4.0,vehicle_crash,0.0151,clean
bg_factory_urbansound8k_01852,factory,urbansound8k,169466-4-2-8.wav,freesound_169466,data/raw/urbansound8k/UrbanSound8K/audio/fold4/169466-4-2-8.wav,4.0,vehicle_crash,0.0404,clean
bg_factory_urbansound8k_01853,factory,urbansound8k,169466-4-3-1.wav,freesound_169466,data/raw/urbansound8k/UrbanSound8K/audio/fold4/169466-4-3-1.wav,4.0,door_slam,0.0081,clean
bg_factory_urbansound8k_01854,factory,urbansound8k,169466-4-3-10.wav,freesound_169466,data/raw/urbansound8k/UrbanSound8K/audio/fold4/169466-4-3-10.wav,4.0,glass_breaking,0.0101,clean
bg_factory_urbansound8k_01855,factory,urbansound8k,169466-4-3-12.wav,freesound_169466,data/raw/urbansound8k/UrbanSound8K/audio/fold4/169466-4-3-12.wav,4.0,glass_breaking,0.009,clean
bg_factory_urbansound8k_01856,factory,urbansound8k,169466-4-3-14.wav,freesound_169466,data/raw/urbansound8k/UrbanSound8K/audio/fold4/169466-4-3-14.wav,4.0,vehicle_crash,0.0049,clean
bg_factory_urbansound8k_01857,factory,urbansound8k,169466-4-3-3.wav,freesound_169466,data/raw/urbansound8k/UrbanSound8K/audio/fold4/169466-4-3-3.wav,4.0,running_footsteps,0.0031,clean
bg_factory_urbansound8k_01858,factory,urbansound8k,169466-4-3-7.wav,freesound_169466,data/raw/urbansound8k/UrbanSound8K/audio/fold4/169466-4-3-7.wav,4.0,door_slam,0.0173,clean
bg_factory_urbansound8k_01859,factory,urbansound8k,169466-4-3-8.wav,freesound_169466,data/raw/urbansound8k/UrbanSound8K/audio/fold4/169466-4-3-8.wav,4.0,door_slam,0.0534,clean
bg_factory_urbansound8k_01860,factory,urbansound8k,169466-4-3-9.wav,freesound_169466,data/raw/urbansound8k/UrbanSound8K/audio/fold4/169466-4-3-9.wav,4.0,door_slam,0.0484,clean
bg_factory_urbansound8k_01885,factory,urbansound8k,177537-7-0-0.wav,freesound_177537,data/raw/urbansound8k/UrbanSound8K/audio/fold7/177537-7-0-0.wav,4.0,siren,0.0025,clean
bg_factory_urbansound8k_01886,factory,urbansound8k,177537-7-0-1.wav,freesound_177537,data/raw/urbansound8k/UrbanSound8K/audio/fold7/177537-7-0-1.wav,4.0,siren,0.003,clean
bg_factory_urbansound8k_01887,factory,urbansound8k,177537-7-0-10.wav,freesound_177537,data/raw/urbansound8k/UrbanSound8K/audio/fold7/177537-7-0-10.wav,4.0,siren,0.0069,clean
bg_factory_urbansound8k_01888,factory,urbansound8k,177537-7-0-11.wav,freesound_177537,data/raw/urbansound8k/UrbanSound8K/audio/fold7/177537-7-0-11.wav,4.0,running_footsteps,0.0028,clean
bg_factory_urbansound8k_01889,factory,urbansound8k,177537-7-0-12.wav,freesound_177537,data/raw/urbansound8k/UrbanSound8K/audio/fold7/177537-7-0-12.wav,4.0,siren,0.0029,clean
bg_factory_urbansound8k_01890,factory,urbansound8k,177537-7-0-13.wav,freesound_177537,data/raw/urbansound8k/UrbanSound8K/audio/fold7/177537-7-0-13.wav,4.0,siren,0.0039,clean
bg_factory_urbansound8k_01891,factory,urbansound8k,177537-7-0-14.wav,freesound_177537,data/raw/urbansound8k/UrbanSound8K/audio/fold7/177537-7-0-14.wav,4.0,siren,0.0031,clean
bg_factory_urbansound8k_01892,factory,urbansound8k,177537-7-0-15.wav,freesound_177537,data/raw/urbansound8k/UrbanSound8K/audio/fold7/177537-7-0-15.wav,4.0,siren,0.004,clean
bg_factory_urbansound8k_01893,factory,urbansound8k,177537-7-0-16.wav,freesound_177537,data/raw/urbansound8k/UrbanSound8K/audio/fold7/177537-7-0-16.wav,4.0,siren,0.0027,clean
bg_factory_urbansound8k_01894,factory,urbansound8k,177537-7-0-17.wav,freesound_177537,data/raw/urbansound8k/UrbanSound8K/audio/fold7/177537-7-0-17.wav,4.0,siren,0.0029,clean
bg_factory_urbansound8k_01895,factory,urbansound8k,177537-7-0-18.wav,freesound_177537,data/raw/urbansound8k/UrbanSound8K/audio/fold7/177537-7-0-18.wav,4.0,siren,0.003,clean
bg_factory_urbansound8k_01896,factory,urbansound8k,177537-7-0-19.wav,freesound_177537,data/raw/urbansound8k/UrbanSound8K/audio/fold7/177537-7-0-19.wav,4.0,siren,0.0035,clean
bg_factory_urbansound8k_01897,factory,urbansound8k,177537-7-0-2.wav,freesound_177537,data/raw/urbansound8k/UrbanSound8K/audio/fold7/177537-7-0-2.wav,4.0,running_footsteps,0.0021,clean
bg_factory_urbansound8k_01898,factory,urbansound8k,177537-7-0-20.wav,freesound_177537,data/raw/urbansound8k/UrbanSound8K/audio/fold7/177537-7-0-20.wav,4.0,siren,0.0033,clean
bg_factory_urbansound8k_01899,factory,urbansound8k,177537-7-0-21.wav,freesound_177537,data/raw/urbansound8k/UrbanSound8K/audio/fold7/177537-7-0-21.wav,4.0,siren,0.0043,clean
bg_factory_urbansound8k_01900,factory,urbansound8k,177537-7-0-22.wav,freesound_177537,data/raw/urbansound8k/UrbanSound8K/audio/fold7/177537-7-0-22.wav,4.0,glass_breaking,0.0041,clean
bg_factory_urbansound8k_01901,factory,urbansound8k,177537-7-0-23.wav,freesound_177537,data/raw/urbansound8k/UrbanSound8K/audio/fold7/177537-7-0-23.wav,4.0,running_footsteps,0.0049,clean
bg_factory_urbansound8k_01902,factory,urbansound8k,177537-7-0-24.wav,freesound_177537,data/raw/urbansound8k/UrbanSound8K/audio/fold7/177537-7-0-24.wav,4.0,glass_breaking,0.0051,clean
bg_factory_urbansound8k_01903,factory,urbansound8k,177537-7-0-25.wav,freesound_177537,data/raw/urbansound8k/UrbanSound8K/audio/fold7/177537-7-0-25.wav,4.0,running_footsteps,0.0037,clean
bg_factory_urbansound8k_01904,factory,urbansound8k,177537-7-0-26.wav,freesound_177537,data/raw/urbansound8k/UrbanSound8K/audio/fold7/177537-7-0-26.wav,4.0,siren,0.0028,clean
bg_factory_urbansound8k_01905,factory,urbansound8k,177537-7-0-27.wav,freesound_177537,data/raw/urbansound8k/UrbanSound8K/audio/fold7/177537-7-0-27.wav,4.0,siren,0.0053,clean
bg_factory_urbansound8k_01906,factory,urbansound8k,177537-7-0-28.wav,freesound_177537,data/raw/urbansound8k/UrbanSound8K/audio/fold7/177537-7-0-28.wav,4.0,siren,0.0034,clean
bg_factory_urbansound8k_01907,factory,urbansound8k,177537-7-0-29.wav,freesound_177537,data/raw/urbansound8k/UrbanSound8K/audio/fold7/177537-7-0-29.wav,4.0,siren,0.0034,clean
bg_factory_urbansound8k_01908,factory,urbansound8k,177537-7-0-3.wav,freesound_177537,data/raw/urbansound8k/UrbanSound8K/audio/fold7/177537-7-0-3.wav,4.0,running_footsteps,0.0023,clean
bg_factory_urbansound8k_01909,factory,urbansound8k,177537-7-0-30.wav,freesound_177537,data/raw/urbansound8k/UrbanSound8K/audio/fold7/177537-7-0-30.wav,4.0,siren,0.0058,clean
bg_factory_urbansound8k_01910,factory,urbansound8k,177537-7-0-31.wav,freesound_177537,data/raw/urbansound8k/UrbanSound8K/audio/fold7/177537-7-0-31.wav,4.0,siren,0.0043,clean
bg_factory_urbansound8k_01911,factory,urbansound8k,177537-7-0-4.wav,freesound_177537,data/raw/urbansound8k/UrbanSound8K/audio/fold7/177537-7-0-4.wav,4.0,siren,0.0067,clean
bg_factory_urbansound8k_01912,factory,urbansound8k,177537-7-0-5.wav,freesound_177537,data/raw/urbansound8k/UrbanSound8K/audio/fold7/177537-7-0-5.wav,4.0,siren,0.0041,clean
bg_factory_urbansound8k_01913,factory,urbansound8k,177537-7-0-6.wav,freesound_177537,data/raw/urbansound8k/UrbanSound8K/audio/fold7/177537-7-0-6.wav,4.0,siren,0.0038,clean
bg_factory_urbansound8k_01914,factory,urbansound8k,177537-7-0-7.wav,freesound_177537,data/raw/urbansound8k/UrbanSound8K/audio/fold7/177537-7-0-7.wav,4.0,siren,0.0038,clean
bg_factory_urbansound8k_01915,factory,urbansound8k,177537-7-0-8.wav,freesound_177537,data/raw/urbansound8k/UrbanSound8K/audio/fold7/177537-7-0-8.wav,4.0,siren,0.0063,clean
bg_factory_urbansound8k_01916,factory,urbansound8k,177537-7-0-9.wav,freesound_177537,data/raw/urbansound8k/UrbanSound8K/audio/fold7/177537-7-0-9.wav,4.0,siren,0.0078,clean
bg_factory_urbansound8k_01917,factory,urbansound8k,177537-7-1-0.wav,freesound_177537,data/raw/urbansound8k/UrbanSound8K/audio/fold7/177537-7-1-0.wav,4.0,siren,0.0026,clean
bg_factory_urbansound8k_01918,factory,urbansound8k,177537-7-1-1.wav,freesound_177537,data/raw/urbansound8k/UrbanSound8K/audio/fold7/177537-7-1-1.wav,4.0,siren,0.0045,clean
bg_factory_urbansound8k_01919,factory,urbansound8k,177537-7-1-10.wav,freesound_177537,data/raw/urbansound8k/UrbanSound8K/audio/fold7/177537-7-1-10.wav,4.0,running_footsteps,0.0021,clean
bg_factory_urbansound8k_01920,factory,urbansound8k,177537-7-1-2.wav,freesound_177537,data/raw/urbansound8k/UrbanSound8K/audio/fold7/177537-7-1-2.wav,4.0,siren,0.0032,clean
bg_factory_urbansound8k_01921,factory,urbansound8k,177537-7-1-3.wav,freesound_177537,data/raw/urbansound8k/UrbanSound8K/audio/fold7/177537-7-1-3.wav,4.0,running_footsteps,0.0021,clean
bg_factory_urbansound8k_01922,factory,urbansound8k,177537-7-1-4.wav,freesound_177537,data/raw/urbansound8k/UrbanSound8K/audio/fold7/177537-7-1-4.wav,4.0,siren,0.0024,clean
bg_factory_urbansound8k_01923,factory,urbansound8k,177537-7-1-5.wav,freesound_177537,data/raw/urbansound8k/UrbanSound8K/audio/fold7/177537-7-1-5.wav,4.0,siren,0.0022,clean
bg_factory_urbansound8k_01924,factory,urbansound8k,177537-7-1-6.wav,freesound_177537,data/raw/urbansound8k/UrbanSound8K/audio/fold7/177537-7-1-6.wav,4.0,siren,0.0017,clean
bg_factory_urbansound8k_01925,factory,urbansound8k,177537-7-1-7.wav,freesound_177537,data/raw/urbansound8k/UrbanSound8K/audio/fold7/177537-7-1-7.wav,4.0,door_slam,0.0024,clean
bg_factory_urbansound8k_01926,factory,urbansound8k,177537-7-1-8.wav,freesound_177537,data/raw/urbansound8k/UrbanSound8K/audio/fold7/177537-7-1-8.wav,4.0,door_slam,0.0019,clean
bg_factory_urbansound8k_01927,factory,urbansound8k,177537-7-1-9.wav,freesound_177537,data/raw/urbansound8k/UrbanSound8K/audio/fold7/177537-7-1-9.wav,4.0,running_footsteps,0.0018,clean
bg_factory_urbansound8k_01928,factory,urbansound8k,177537-7-2-0.wav,freesound_177537,data/raw/urbansound8k/UrbanSound8K/audio/fold7/177537-7-2-0.wav,4.0,siren,0.0028,clean
bg_factory_urbansound8k_01929,factory,urbansound8k,177537-7-2-1.wav,freesound_177537,data/raw/urbansound8k/UrbanSound8K/audio/fold7/177537-7-2-1.wav,4.0,running_footsteps,0.0025,clean
bg_factory_urbansound8k_02091,factory,urbansound8k,17913-4-1-0.wav,freesound_17913,data/raw/urbansound8k/UrbanSound8K/audio/fold1/17913-4-1-0.wav,1.05,door_slam,0.0104,clean
bg_factory_urbansound8k_02092,factory,urbansound8k,180937-4-0-11.wav,freesound_180937,data/raw/urbansound8k/UrbanSound8K/audio/fold9/180937-4-0-11.wav,4.0,glass_breaking,0.0078,clean
bg_factory_urbansound8k_02093,factory,urbansound8k,180937-4-0-13.wav,freesound_180937,data/raw/urbansound8k/UrbanSound8K/audio/fold9/180937-4-0-13.wav,4.0,glass_breaking,0.0085,clean
bg_factory_urbansound8k_02094,factory,urbansound8k,180937-4-0-14.wav,freesound_180937,data/raw/urbansound8k/UrbanSound8K/audio/fold9/180937-4-0-14.wav,4.0,glass_breaking,0.0102,clean
bg_factory_urbansound8k_02095,factory,urbansound8k,180937-4-0-19.wav,freesound_180937,data/raw/urbansound8k/UrbanSound8K/audio/fold9/180937-4-0-19.wav,4.0,vehicle_crash,0.0033,clean
bg_factory_urbansound8k_02096,factory,urbansound8k,180937-4-0-20.wav,freesound_180937,data/raw/urbansound8k/UrbanSound8K/audio/fold9/180937-4-0-20.wav,4.0,alarm_bell,0.0108,clean
bg_factory_urbansound8k_02097,factory,urbansound8k,180937-4-1-12.wav,freesound_180937,data/raw/urbansound8k/UrbanSound8K/audio/fold9/180937-4-1-12.wav,4.0,gunshot,0.0039,clean
bg_factory_urbansound8k_02098,factory,urbansound8k,180937-4-1-20.wav,freesound_180937,data/raw/urbansound8k/UrbanSound8K/audio/fold9/180937-4-1-20.wav,4.0,gunshot,0.0047,clean
bg_factory_urbansound8k_02099,factory,urbansound8k,180937-4-1-27.wav,freesound_180937,data/raw/urbansound8k/UrbanSound8K/audio/fold9/180937-4-1-27.wav,4.0,gunshot,0.0054,clean
bg_factory_urbansound8k_02100,factory,urbansound8k,180937-4-1-30.wav,freesound_180937,data/raw/urbansound8k/UrbanSound8K/audio/fold9/180937-4-1-30.wav,4.0,gunshot,0.0063,clean
bg_factory_urbansound8k_02101,factory,urbansound8k,180937-4-1-46.wav,freesound_180937,data/raw/urbansound8k/UrbanSound8K/audio/fold9/180937-4-1-46.wav,4.0,glass_breaking,0.0151,clean
bg_factory_urbansound8k_02102,factory,urbansound8k,180937-4-1-47.wav,freesound_180937,data/raw/urbansound8k/UrbanSound8K/audio/fold9/180937-4-1-47.wav,4.0,gunshot,0.0163,clean
bg_factory_urbansound8k_02103,factory,urbansound8k,180937-4-1-54.wav,freesound_180937,data/raw/urbansound8k/UrbanSound8K/audio/fold9/180937-4-1-54.wav,4.0,vehicle_crash,0.0038,clean
bg_factory_urbansound8k_02104,factory,urbansound8k,180937-4-2-1.wav,freesound_180937,data/raw/urbansound8k/UrbanSound8K/audio/fold9/180937-4-2-1.wav,4.0,glass_breaking,0.0114,clean
bg_factory_urbansound8k_02105,factory,urbansound8k,180937-4-2-2.wav,freesound_180937,data/raw/urbansound8k/UrbanSound8K/audio/fold9/180937-4-2-2.wav,4.0,glass_breaking,0.0129,clean
bg_factory_urbansound8k_02106,factory,urbansound8k,180937-7-3-0.wav,freesound_180937,data/raw/urbansound8k/UrbanSound8K/audio/fold1/180937-7-3-0.wav,4.0,gunshot,0.0086,clean
bg_factory_urbansound8k_02107,factory,urbansound8k,180937-7-3-1.wav,freesound_180937,data/raw/urbansound8k/UrbanSound8K/audio/fold1/180937-7-3-1.wav,4.0,gunshot,0.0077,clean
bg_factory_urbansound8k_02108,factory,urbansound8k,180937-7-3-10.wav,freesound_180937,data/raw/urbansound8k/UrbanSound8K/audio/fold1/180937-7-3-10.wav,4.0,glass_breaking,0.0178,clean
bg_factory_urbansound8k_02109,factory,urbansound8k,180937-7-3-11.wav,freesound_180937,data/raw/urbansound8k/UrbanSound8K/audio/fold1/180937-7-3-11.wav,4.0,gunshot,0.003,clean
bg_factory_urbansound8k_02110,factory,urbansound8k,180937-7-3-12.wav,freesound_180937,data/raw/urbansound8k/UrbanSound8K/audio/fold1/180937-7-3-12.wav,4.0,gunshot,0.0042,clean
bg_factory_urbansound8k_02111,factory,urbansound8k,180937-7-3-13.wav,freesound_180937,data/raw/urbansound8k/UrbanSound8K/audio/fold1/180937-7-3-13.wav,4.0,gunshot,0.0039,clean
bg_factory_urbansound8k_02112,factory,urbansound8k,180937-7-3-14.wav,freesound_180937,data/raw/urbansound8k/UrbanSound8K/audio/fold1/180937-7-3-14.wav,4.0,gunshot,0.0037,clean
bg_factory_urbansound8k_02113,factory,urbansound8k,180937-7-3-15.wav,freesound_180937,data/raw/urbansound8k/UrbanSound8K/audio/fold1/180937-7-3-15.wav,4.0,gunshot,0.004,clean
bg_factory_urbansound8k_02114,factory,urbansound8k,180937-7-3-17.wav,freesound_180937,data/raw/urbansound8k/UrbanSound8K/audio/fold1/180937-7-3-17.wav,4.0,gunshot,0.0039,clean
bg_factory_urbansound8k_02115,factory,urbansound8k,180937-7-3-18.wav,freesound_180937,data/raw/urbansound8k/UrbanSound8K/audio/fold1/180937-7-3-18.wav,4.0,gunshot,0.0035,clean
bg_factory_urbansound8k_02116,factory,urbansound8k,180937-7-3-19.wav,freesound_180937,data/raw/urbansound8k/UrbanSound8K/audio/fold1/180937-7-3-19.wav,4.0,gunshot,0.0048,clean
bg_factory_urbansound8k_02117,factory,urbansound8k,180937-7-3-2.wav,freesound_180937,data/raw/urbansound8k/UrbanSound8K/audio/fold1/180937-7-3-2.wav,4.0,gunshot,0.0056,clean
bg_factory_urbansound8k_02118,factory,urbansound8k,180937-7-3-20.wav,freesound_180937,data/raw/urbansound8k/UrbanSound8K/audio/fold1/180937-7-3-20.wav,4.0,gunshot,0.0048,clean
bg_factory_urbansound8k_02119,factory,urbansound8k,180937-7-3-21.wav,freesound_180937,data/raw/urbansound8k/UrbanSound8K/audio/fold1/180937-7-3-21.wav,4.0,gunshot,0.0056,clean
bg_factory_urbansound8k_02120,factory,urbansound8k,180937-7-3-22.wav,freesound_180937,data/raw/urbansound8k/UrbanSound8K/audio/fold1/180937-7-3-22.wav,4.0,alarm_bell,0.0149,clean
bg_factory_urbansound8k_02121,factory,urbansound8k,180937-7-3-23.wav,freesound_180937,data/raw/urbansound8k/UrbanSound8K/audio/fold1/180937-7-3-23.wav,4.0,gunshot,0.005,clean
bg_factory_urbansound8k_02122,factory,urbansound8k,180937-7-3-24.wav,freesound_180937,data/raw/urbansound8k/UrbanSound8K/audio/fold1/180937-7-3-24.wav,4.0,gunshot,0.0043,clean
bg_factory_urbansound8k_02123,factory,urbansound8k,180937-7-3-26.wav,freesound_180937,data/raw/urbansound8k/UrbanSound8K/audio/fold1/180937-7-3-26.wav,4.0,gunshot,0.0054,clean
bg_factory_urbansound8k_02124,factory,urbansound8k,180937-7-3-27.wav,freesound_180937,data/raw/urbansound8k/UrbanSound8K/audio/fold1/180937-7-3-27.wav,4.0,gunshot,0.006,clean
bg_factory_urbansound8k_02125,factory,urbansound8k,180937-7-3-28.wav,freesound_180937,data/raw/urbansound8k/UrbanSound8K/audio/fold1/180937-7-3-28.wav,4.0,gunshot,0.0054,clean
bg_factory_urbansound8k_02126,factory,urbansound8k,180937-7-3-29.wav,freesound_180937,data/raw/urbansound8k/UrbanSound8K/audio/fold1/180937-7-3-29.wav,4.0,gunshot,0.0077,clean
bg_factory_urbansound8k_02127,factory,urbansound8k,180937-7-3-3.wav,freesound_180937,data/raw/urbansound8k/UrbanSound8K/audio/fold1/180937-7-3-3.wav,4.0,gunshot,0.0046,clean
bg_factory_urbansound8k_02128,factory,urbansound8k,180937-7-3-30.wav,freesound_180937,data/raw/urbansound8k/UrbanSound8K/audio/fold1/180937-7-3-30.wav,4.0,gunshot,0.0069,clean
bg_factory_urbansound8k_02129,factory,urbansound8k,180937-7-3-31.wav,freesound_180937,data/raw/urbansound8k/UrbanSound8K/audio/fold1/180937-7-3-31.wav,4.0,glass_breaking,0.0207,clean
bg_factory_urbansound8k_02130,factory,urbansound8k,180937-7-3-32.wav,freesound_180937,data/raw/urbansound8k/UrbanSound8K/audio/fold1/180937-7-3-32.wav,4.0,glass_breaking,0.0156,clean
bg_factory_urbansound8k_02131,factory,urbansound8k,180937-7-3-33.wav,freesound_180937,data/raw/urbansound8k/UrbanSound8K/audio/fold1/180937-7-3-33.wav,4.0,vehicle_crash,0.0031,clean
bg_factory_urbansound8k_02132,factory,urbansound8k,180937-7-3-4.wav,freesound_180937,data/raw/urbansound8k/UrbanSound8K/audio/fold1/180937-7-3-4.wav,4.0,gunshot,0.0063,clean
bg_factory_urbansound8k_02133,factory,urbansound8k,180937-7-3-5.wav,freesound_180937,data/raw/urbansound8k/UrbanSound8K/audio/fold1/180937-7-3-5.wav,4.0,gunshot,0.0083,clean
bg_factory_urbansound8k_02134,factory,urbansound8k,180937-7-3-6.wav,freesound_180937,data/raw/urbansound8k/UrbanSound8K/audio/fold1/180937-7-3-6.wav,4.0,gunshot,0.0063,clean
bg_factory_urbansound8k_02135,factory,urbansound8k,180937-7-3-7.wav,freesound_180937,data/raw/urbansound8k/UrbanSound8K/audio/fold1/180937-7-3-7.wav,4.0,gunshot,0.0061,clean
bg_factory_urbansound8k_02136,factory,urbansound8k,180937-7-3-8.wav,freesound_180937,data/raw/urbansound8k/UrbanSound8K/audio/fold1/180937-7-3-8.wav,4.0,gunshot,0.0083,clean
bg_factory_urbansound8k_02137,factory,urbansound8k,180937-7-3-9.wav,freesound_180937,data/raw/urbansound8k/UrbanSound8K/audio/fold1/180937-7-3-9.wav,4.0,glass_breaking,0.0152,clean
bg_factory_urbansound8k_02138,factory,urbansound8k,180937-7-4-0.wav,freesound_180937,data/raw/urbansound8k/UrbanSound8K/audio/fold1/180937-7-4-0.wav,4.0,gunshot,0.1112,clean
bg_factory_urbansound8k_02139,factory,urbansound8k,180937-7-4-10.wav,freesound_180937,data/raw/urbansound8k/UrbanSound8K/audio/fold1/180937-7-4-10.wav,4.0,gunshot,0.0113,clean
bg_factory_urbansound8k_02140,factory,urbansound8k,180937-7-4-11.wav,freesound_180937,data/raw/urbansound8k/UrbanSound8K/audio/fold1/180937-7-4-11.wav,4.0,gunshot,0.0107,clean
bg_factory_urbansound8k_02141,factory,urbansound8k,180937-7-4-12.wav,freesound_180937,data/raw/urbansound8k/UrbanSound8K/audio/fold1/180937-7-4-12.wav,4.0,gunshot,0.0152,clean
bg_factory_urbansound8k_02142,factory,urbansound8k,180937-7-4-13.wav,freesound_180937,data/raw/urbansound8k/UrbanSound8K/audio/fold1/180937-7-4-13.wav,4.0,gunshot,0.0061,clean
bg_factory_urbansound8k_02143,factory,urbansound8k,180937-7-4-14.wav,freesound_180937,data/raw/urbansound8k/UrbanSound8K/audio/fold1/180937-7-4-14.wav,4.0,glass_breaking,0.0064,clean
bg_factory_urbansound8k_02144,factory,urbansound8k,180937-7-4-2.wav,freesound_180937,data/raw/urbansound8k/UrbanSound8K/audio/fold1/180937-7-4-2.wav,4.0,gunshot,0.0769,clean
bg_factory_urbansound8k_02145,factory,urbansound8k,180937-7-4-3.wav,freesound_180937,data/raw/urbansound8k/UrbanSound8K/audio/fold1/180937-7-4-3.wav,4.0,gunshot,0.0961,clean
bg_factory_urbansound8k_02146,factory,urbansound8k,180937-7-4-4.wav,freesound_180937,data/raw/urbansound8k/UrbanSound8K/audio/fold1/180937-7-4-4.wav,4.0,gunshot,0.1779,flagged
bg_factory_urbansound8k_02147,factory,urbansound8k,180937-7-4-5.wav,freesound_180937,data/raw/urbansound8k/UrbanSound8K/audio/fold1/180937-7-4-5.wav,4.0,gunshot,0.2603,flagged
bg_factory_urbansound8k_02148,factory,urbansound8k,180937-7-4-6.wav,freesound_180937,data/raw/urbansound8k/UrbanSound8K/audio/fold1/180937-7-4-6.wav,4.0,gunshot,0.0165,clean
bg_factory_urbansound8k_02149,factory,urbansound8k,180937-7-4-7.wav,freesound_180937,data/raw/urbansound8k/UrbanSound8K/audio/fold1/180937-7-4-7.wav,4.0,gunshot,0.0105,clean
bg_factory_urbansound8k_02150,factory,urbansound8k,180937-7-4-8.wav,freesound_180937,data/raw/urbansound8k/UrbanSound8K/audio/fold1/180937-7-4-8.wav,4.0,gunshot,0.0074,clean
bg_factory_urbansound8k_02151,factory,urbansound8k,180937-7-4-9.wav,freesound_180937,data/raw/urbansound8k/UrbanSound8K/audio/fold1/180937-7-4-9.wav,4.0,gunshot,0.0033,clean
bg_factory_urbansound8k_02185,factory,urbansound8k,185800-4-1-0.wav,freesound_185800,data/raw/urbansound8k/UrbanSound8K/audio/fold2/185800-4-1-0.wav,1.307,glass_breaking,0.0058,clean
bg_factory_urbansound8k_02186,factory,urbansound8k,185800-4-2-0.wav,freesound_185800,data/raw/urbansound8k/UrbanSound8K/audio/fold2/185800-4-2-0.wav,4.0,door_slam,0.0136,clean
bg_factory_urbansound8k_02187,factory,urbansound8k,185800-4-2-1.wav,freesound_185800,data/raw/urbansound8k/UrbanSound8K/audio/fold2/185800-4-2-1.wav,4.0,door_slam,0.0115,clean
bg_factory_urbansound8k_02188,factory,urbansound8k,185800-4-2-2.wav,freesound_185800,data/raw/urbansound8k/UrbanSound8K/audio/fold2/185800-4-2-2.wav,4.0,door_slam,0.0104,clean
bg_factory_urbansound8k_02189,factory,urbansound8k,185801-4-0-0.wav,freesound_185801,data/raw/urbansound8k/UrbanSound8K/audio/fold3/185801-4-0-0.wav,4.0,glass_breaking,0.0173,clean
bg_factory_urbansound8k_02190,factory,urbansound8k,185801-4-0-1.wav,freesound_185801,data/raw/urbansound8k/UrbanSound8K/audio/fold3/185801-4-0-1.wav,4.0,door_slam,0.0224,clean
bg_factory_urbansound8k_02191,factory,urbansound8k,185801-4-0-2.wav,freesound_185801,data/raw/urbansound8k/UrbanSound8K/audio/fold3/185801-4-0-2.wav,4.0,door_slam,0.0152,clean
bg_factory_urbansound8k_02201,factory,urbansound8k,187920-7-2-0.wav,freesound_187920,data/raw/urbansound8k/UrbanSound8K/audio/fold5/187920-7-2-0.wav,1.436,gunshot,0.0187,clean
bg_factory_urbansound8k_02202,factory,urbansound8k,188824-7-0-0.wav,freesound_188824,data/raw/urbansound8k/UrbanSound8K/audio/fold3/188824-7-0-0.wav,1.37,gunshot,0.0058,clean
bg_factory_urbansound8k_02203,factory,urbansound8k,188824-7-1-0.wav,freesound_188824,data/raw/urbansound8k/UrbanSound8K/audio/fold3/188824-7-1-0.wav,1.31,gunshot,0.0073,clean
bg_factory_urbansound8k_02204,factory,urbansound8k,188824-7-10-0.wav,freesound_188824,data/raw/urbansound8k/UrbanSound8K/audio/fold3/188824-7-10-0.wav,0.936,door_slam,0.0043,clean
bg_factory_urbansound8k_02205,factory,urbansound8k,188824-7-11-0.wav,freesound_188824,data/raw/urbansound8k/UrbanSound8K/audio/fold3/188824-7-11-0.wav,1.186,alarm_bell,0.0299,clean
bg_factory_urbansound8k_02206,factory,urbansound8k,188824-7-12-0.wav,freesound_188824,data/raw/urbansound8k/UrbanSound8K/audio/fold3/188824-7-12-0.wav,3.62,glass_breaking,0.0131,clean
bg_factory_urbansound8k_02207,factory,urbansound8k,188824-7-2-0.wav,freesound_188824,data/raw/urbansound8k/UrbanSound8K/audio/fold3/188824-7-2-0.wav,1.06,gunshot,0.0508,clean
bg_factory_urbansound8k_02208,factory,urbansound8k,188824-7-3-0.wav,freesound_188824,data/raw/urbansound8k/UrbanSound8K/audio/fold3/188824-7-3-0.wav,0.81,glass_breaking,0.0124,clean
bg_factory_urbansound8k_02209,factory,urbansound8k,188824-7-4-0.wav,freesound_188824,data/raw/urbansound8k/UrbanSound8K/audio/fold3/188824-7-4-0.wav,1.248,door_slam,0.0183,clean
bg_factory_urbansound8k_02210,factory,urbansound8k,188824-7-5-0.wav,freesound_188824,data/raw/urbansound8k/UrbanSound8K/audio/fold3/188824-7-5-0.wav,1.37,glass_breaking,0.0096,clean
bg_factory_urbansound8k_02211,factory,urbansound8k,188824-7-6-0.wav,freesound_188824,data/raw/urbansound8k/UrbanSound8K/audio/fold3/188824-7-6-0.wav,0.87,glass_breaking,0.0127,clean
bg_factory_urbansound8k_02212,factory,urbansound8k,188824-7-7-0.wav,freesound_188824,data/raw/urbansound8k/UrbanSound8K/audio/fold3/188824-7-7-0.wav,2.37,alarm_bell,0.0094,clean
bg_factory_urbansound8k_02213,factory,urbansound8k,188824-7-8-0.wav,freesound_188824,data/raw/urbansound8k/UrbanSound8K/audio/fold3/188824-7-8-0.wav,1.498,gunshot,0.0053,clean
bg_factory_urbansound8k_02214,factory,urbansound8k,188824-7-9-0.wav,freesound_188824,data/raw/urbansound8k/UrbanSound8K/audio/fold3/188824-7-9-0.wav,4.0,alarm_bell,0.0179,clean
bg_factory_urbansound8k_02215,factory,urbansound8k,19007-4-0-0.wav,freesound_19007,data/raw/urbansound8k/UrbanSound8K/audio/fold5/19007-4-0-0.wav,4.008,siren,0.014,clean
bg_factory_urbansound8k_02262,factory,urbansound8k,203929-7-1-0.wav,freesound_203929,data/raw/urbansound8k/UrbanSound8K/audio/fold2/203929-7-1-0.wav,4.0,running_footsteps,0.0019,clean
bg_factory_urbansound8k_02263,factory,urbansound8k,203929-7-1-1.wav,freesound_203929,data/raw/urbansound8k/UrbanSound8K/audio/fold2/203929-7-1-1.wav,4.0,siren,0.0014,clean
bg_factory_urbansound8k_02264,factory,urbansound8k,203929-7-1-2.wav,freesound_203929,data/raw/urbansound8k/UrbanSound8K/audio/fold2/203929-7-1-2.wav,4.0,running_footsteps,0.0035,clean
bg_factory_urbansound8k_02265,factory,urbansound8k,203929-7-1-3.wav,freesound_203929,data/raw/urbansound8k/UrbanSound8K/audio/fold2/203929-7-1-3.wav,4.0,running_footsteps,0.0034,clean
bg_factory_urbansound8k_02266,factory,urbansound8k,203929-7-1-6.wav,freesound_203929,data/raw/urbansound8k/UrbanSound8K/audio/fold2/203929-7-1-6.wav,4.0,running_footsteps,0.0025,clean
bg_factory_urbansound8k_02267,factory,urbansound8k,203929-7-1-7.wav,freesound_203929,data/raw/urbansound8k/UrbanSound8K/audio/fold2/203929-7-1-7.wav,4.0,glass_breaking,0.0025,clean
bg_factory_urbansound8k_02268,factory,urbansound8k,203929-7-1-8.wav,freesound_203929,data/raw/urbansound8k/UrbanSound8K/audio/fold2/203929-7-1-8.wav,4.0,glass_breaking,0.0026,clean
bg_factory_urbansound8k_02269,factory,urbansound8k,203929-7-10-0.wav,freesound_203929,data/raw/urbansound8k/UrbanSound8K/audio/fold2/203929-7-10-0.wav,4.0,siren,0.004,clean
bg_factory_urbansound8k_02270,factory,urbansound8k,203929-7-10-1.wav,freesound_203929,data/raw/urbansound8k/UrbanSound8K/audio/fold2/203929-7-10-1.wav,4.0,siren,0.005,clean
bg_factory_urbansound8k_02271,factory,urbansound8k,203929-7-10-2.wav,freesound_203929,data/raw/urbansound8k/UrbanSound8K/audio/fold2/203929-7-10-2.wav,4.0,door_slam,0.0097,clean
bg_factory_urbansound8k_02272,factory,urbansound8k,203929-7-2-0.wav,freesound_203929,data/raw/urbansound8k/UrbanSound8K/audio/fold2/203929-7-2-0.wav,4.0,running_footsteps,0.0043,clean
bg_factory_urbansound8k_02273,factory,urbansound8k,203929-7-2-11.wav,freesound_203929,data/raw/urbansound8k/UrbanSound8K/audio/fold2/203929-7-2-11.wav,4.0,explosion,0.0047,clean
bg_factory_urbansound8k_02274,factory,urbansound8k,203929-7-2-2.wav,freesound_203929,data/raw/urbansound8k/UrbanSound8K/audio/fold2/203929-7-2-2.wav,4.0,siren,0.0026,clean
bg_factory_urbansound8k_02275,factory,urbansound8k,203929-7-2-3.wav,freesound_203929,data/raw/urbansound8k/UrbanSound8K/audio/fold2/203929-7-2-3.wav,4.0,running_footsteps,0.0021,clean
bg_factory_urbansound8k_02276,factory,urbansound8k,203929-7-2-5.wav,freesound_203929,data/raw/urbansound8k/UrbanSound8K/audio/fold2/203929-7-2-5.wav,4.0,door_slam,0.0056,clean
bg_factory_urbansound8k_02277,factory,urbansound8k,203929-7-2-6.wav,freesound_203929,data/raw/urbansound8k/UrbanSound8K/audio/fold2/203929-7-2-6.wav,4.0,siren,0.0052,clean
bg_factory_urbansound8k_02278,factory,urbansound8k,203929-7-2-8.wav,freesound_203929,data/raw/urbansound8k/UrbanSound8K/audio/fold2/203929-7-2-8.wav,4.0,siren,0.0023,clean
bg_factory_urbansound8k_02279,factory,urbansound8k,203929-7-2-9.wav,freesound_203929,data/raw/urbansound8k/UrbanSound8K/audio/fold2/203929-7-2-9.wav,4.0,glass_breaking,0.0026,clean
bg_factory_urbansound8k_02280,factory,urbansound8k,203929-7-3-1.wav,freesound_203929,data/raw/urbansound8k/UrbanSound8K/audio/fold2/203929-7-3-1.wav,4.0,explosion,0.003,clean
bg_factory_urbansound8k_02281,factory,urbansound8k,203929-7-3-10.wav,freesound_203929,data/raw/urbansound8k/UrbanSound8K/audio/fold2/203929-7-3-10.wav,4.0,door_slam,0.0039,clean
bg_factory_urbansound8k_02282,factory,urbansound8k,203929-7-3-2.wav,freesound_203929,data/raw/urbansound8k/UrbanSound8K/audio/fold2/203929-7-3-2.wav,4.0,siren,0.0051,clean
bg_factory_urbansound8k_02283,factory,urbansound8k,203929-7-3-3.wav,freesound_203929,data/raw/urbansound8k/UrbanSound8K/audio/fold2/203929-7-3-3.wav,4.0,siren,0.004,clean
bg_factory_urbansound8k_02284,factory,urbansound8k,203929-7-3-5.wav,freesound_203929,data/raw/urbansound8k/UrbanSound8K/audio/fold2/203929-7-3-5.wav,4.0,siren,0.0025,clean
bg_factory_urbansound8k_02285,factory,urbansound8k,203929-7-3-9.wav,freesound_203929,data/raw/urbansound8k/UrbanSound8K/audio/fold2/203929-7-3-9.wav,4.0,door_slam,0.0038,clean
bg_factory_urbansound8k_02286,factory,urbansound8k,203929-7-4-0.wav,freesound_203929,data/raw/urbansound8k/UrbanSound8K/audio/fold2/203929-7-4-0.wav,4.0,siren,0.0052,clean
bg_factory_urbansound8k_02287,factory,urbansound8k,203929-7-4-1.wav,freesound_203929,data/raw/urbansound8k/UrbanSound8K/audio/fold2/203929-7-4-1.wav,4.0,siren,0.0031,clean
bg_factory_urbansound8k_02288,factory,urbansound8k,203929-7-4-10.wav,freesound_203929,data/raw/urbansound8k/UrbanSound8K/audio/fold2/203929-7-4-10.wav,4.0,siren,0.0018,clean
bg_factory_urbansound8k_02289,factory,urbansound8k,203929-7-4-11.wav,freesound_203929,data/raw/urbansound8k/UrbanSound8K/audio/fold2/203929-7-4-11.wav,4.0,explosion,0.0029,clean
bg_factory_urbansound8k_02290,factory,urbansound8k,203929-7-4-12.wav,freesound_203929,data/raw/urbansound8k/UrbanSound8K/audio/fold2/203929-7-4-12.wav,4.0,siren,0.0059,clean
bg_factory_urbansound8k_02291,factory,urbansound8k,203929-7-4-2.wav,freesound_203929,data/raw/urbansound8k/UrbanSound8K/audio/fold2/203929-7-4-2.wav,4.0,siren,0.003,clean
bg_factory_urbansound8k_02292,factory,urbansound8k,203929-7-4-4.wav,freesound_203929,data/raw/urbansound8k/UrbanSound8K/audio/fold2/203929-7-4-4.wav,4.0,siren,0.0037,clean
bg_factory_urbansound8k_02293,factory,urbansound8k,203929-7-4-6.wav,freesound_203929,data/raw/urbansound8k/UrbanSound8K/audio/fold2/203929-7-4-6.wav,4.0,siren,0.0034,clean
bg_factory_urbansound8k_02294,factory,urbansound8k,203929-7-4-7.wav,freesound_203929,data/raw/urbansound8k/UrbanSound8K/audio/fold2/203929-7-4-7.wav,4.0,siren,0.0046,clean
bg_factory_urbansound8k_02295,factory,urbansound8k,203929-7-4-8.wav,freesound_203929,data/raw/urbansound8k/UrbanSound8K/audio/fold2/203929-7-4-8.wav,4.0,siren,0.0029,clean
bg_factory_urbansound8k_02296,factory,urbansound8k,203929-7-5-0.wav,freesound_203929,data/raw/urbansound8k/UrbanSound8K/audio/fold2/203929-7-5-0.wav,4.0,explosion,0.0018,clean
bg_factory_urbansound8k_02297,factory,urbansound8k,203929-7-5-1.wav,freesound_203929,data/raw/urbansound8k/UrbanSound8K/audio/fold2/203929-7-5-1.wav,4.0,siren,0.0041,clean
bg_factory_urbansound8k_02298,factory,urbansound8k,203929-7-5-10.wav,freesound_203929,data/raw/urbansound8k/UrbanSound8K/audio/fold2/203929-7-5-10.wav,4.0,siren,0.0023,clean
bg_factory_urbansound8k_02299,factory,urbansound8k,203929-7-5-11.wav,freesound_203929,data/raw/urbansound8k/UrbanSound8K/audio/fold2/203929-7-5-11.wav,4.0,siren,0.0046,clean
bg_factory_urbansound8k_02300,factory,urbansound8k,203929-7-5-6.wav,freesound_203929,data/raw/urbansound8k/UrbanSound8K/audio/fold2/203929-7-5-6.wav,4.0,siren,0.0045,clean
bg_factory_urbansound8k_02301,factory,urbansound8k,203929-7-5-7.wav,freesound_203929,data/raw/urbansound8k/UrbanSound8K/audio/fold2/203929-7-5-7.wav,4.0,siren,0.0033,clean
bg_factory_urbansound8k_02302,factory,urbansound8k,203929-7-6-1.wav,freesound_203929,data/raw/urbansound8k/UrbanSound8K/audio/fold2/203929-7-6-1.wav,4.0,siren,0.0029,clean
bg_factory_urbansound8k_02303,factory,urbansound8k,203929-7-6-10.wav,freesound_203929,data/raw/urbansound8k/UrbanSound8K/audio/fold2/203929-7-6-10.wav,4.0,siren,0.0305,clean
bg_factory_urbansound8k_02304,factory,urbansound8k,203929-7-6-11.wav,freesound_203929,data/raw/urbansound8k/UrbanSound8K/audio/fold2/203929-7-6-11.wav,4.0,siren,0.0029,clean
bg_factory_urbansound8k_02305,factory,urbansound8k,203929-7-6-2.wav,freesound_203929,data/raw/urbansound8k/UrbanSound8K/audio/fold2/203929-7-6-2.wav,4.0,glass_breaking,0.0019,clean
bg_factory_urbansound8k_02306,factory,urbansound8k,203929-7-6-3.wav,freesound_203929,data/raw/urbansound8k/UrbanSound8K/audio/fold2/203929-7-6-3.wav,4.0,glass_breaking,0.0014,clean
bg_factory_urbansound8k_02307,factory,urbansound8k,203929-7-6-8.wav,freesound_203929,data/raw/urbansound8k/UrbanSound8K/audio/fold2/203929-7-6-8.wav,4.0,siren,0.002,clean
bg_factory_urbansound8k_02308,factory,urbansound8k,203929-7-6-9.wav,freesound_203929,data/raw/urbansound8k/UrbanSound8K/audio/fold2/203929-7-6-9.wav,4.0,siren,0.0462,clean
bg_factory_urbansound8k_02309,factory,urbansound8k,203929-7-7-0.wav,freesound_203929,data/raw/urbansound8k/UrbanSound8K/audio/fold2/203929-7-7-0.wav,4.0,siren,0.0063,clean
bg_factory_urbansound8k_02310,factory,urbansound8k,203929-7-7-10.wav,freesound_203929,data/raw/urbansound8k/UrbanSound8K/audio/fold2/203929-7-7-10.wav,4.0,explosion,0.0013,clean
bg_factory_urbansound8k_02311,factory,urbansound8k,203929-7-7-12.wav,freesound_203929,data/raw/urbansound8k/UrbanSound8K/audio/fold2/203929-7-7-12.wav,4.0,explosion,0.0018,clean
bg_factory_urbansound8k_02312,factory,urbansound8k,203929-7-7-13.wav,freesound_203929,data/raw/urbansound8k/UrbanSound8K/audio/fold2/203929-7-7-13.wav,4.0,siren,0.0052,clean
bg_factory_urbansound8k_02313,factory,urbansound8k,203929-7-7-14.wav,freesound_203929,data/raw/urbansound8k/UrbanSound8K/audio/fold2/203929-7-7-14.wav,4.0,siren,0.0046,clean
bg_factory_urbansound8k_02314,factory,urbansound8k,203929-7-7-15.wav,freesound_203929,data/raw/urbansound8k/UrbanSound8K/audio/fold2/203929-7-7-15.wav,4.0,running_footsteps,0.0019,clean
bg_factory_urbansound8k_02315,factory,urbansound8k,203929-7-7-16.wav,freesound_203929,data/raw/urbansound8k/UrbanSound8K/audio/fold2/203929-7-7-16.wav,4.0,siren,0.0019,clean
bg_factory_urbansound8k_02316,factory,urbansound8k,203929-7-7-2.wav,freesound_203929,data/raw/urbansound8k/UrbanSound8K/audio/fold2/203929-7-7-2.wav,4.0,running_footsteps,0.0019,clean
bg_factory_urbansound8k_02317,factory,urbansound8k,203929-7-7-3.wav,freesound_203929,data/raw/urbansound8k/UrbanSound8K/audio/fold2/203929-7-7-3.wav,4.0,siren,0.0033,clean
bg_factory_urbansound8k_02318,factory,urbansound8k,203929-7-7-4.wav,freesound_203929,data/raw/urbansound8k/UrbanSound8K/audio/fold2/203929-7-7-4.wav,4.0,siren,0.0037,clean
bg_factory_urbansound8k_02319,factory,urbansound8k,203929-7-7-9.wav,freesound_203929,data/raw/urbansound8k/UrbanSound8K/audio/fold2/203929-7-7-9.wav,4.0,siren,0.0015,clean
bg_factory_urbansound8k_02320,factory,urbansound8k,203929-7-8-0.wav,freesound_203929,data/raw/urbansound8k/UrbanSound8K/audio/fold2/203929-7-8-0.wav,4.0,glass_breaking,0.0017,clean
bg_factory_urbansound8k_02321,factory,urbansound8k,203929-7-9-0.wav,freesound_203929,data/raw/urbansound8k/UrbanSound8K/audio/fold2/203929-7-9-0.wav,4.0,siren,0.004,clean
bg_factory_urbansound8k_02322,factory,urbansound8k,203929-7-9-11.wav,freesound_203929,data/raw/urbansound8k/UrbanSound8K/audio/fold2/203929-7-9-11.wav,4.0,running_footsteps,0.0032,clean
bg_factory_urbansound8k_02323,factory,urbansound8k,203929-7-9-12.wav,freesound_203929,data/raw/urbansound8k/UrbanSound8K/audio/fold2/203929-7-9-12.wav,4.0,running_footsteps,0.0036,clean
bg_factory_urbansound8k_02324,factory,urbansound8k,203929-7-9-15.wav,freesound_203929,data/raw/urbansound8k/UrbanSound8K/audio/fold2/203929-7-9-15.wav,4.0,siren,0.0071,clean
bg_factory_urbansound8k_02325,factory,urbansound8k,203929-7-9-17.wav,freesound_203929,data/raw/urbansound8k/UrbanSound8K/audio/fold2/203929-7-9-17.wav,4.0,siren,0.0027,clean
bg_factory_urbansound8k_02326,factory,urbansound8k,203929-7-9-18.wav,freesound_203929,data/raw/urbansound8k/UrbanSound8K/audio/fold2/203929-7-9-18.wav,4.0,siren,0.0027,clean
bg_factory_urbansound8k_02327,factory,urbansound8k,203929-7-9-19.wav,freesound_203929,data/raw/urbansound8k/UrbanSound8K/audio/fold2/203929-7-9-19.wav,4.0,siren,0.0031,clean
bg_factory_urbansound8k_02328,factory,urbansound8k,203929-7-9-20.wav,freesound_203929,data/raw/urbansound8k/UrbanSound8K/audio/fold2/203929-7-9-20.wav,4.0,siren,0.0036,clean
bg_factory_urbansound8k_02329,factory,urbansound8k,203929-7-9-24.wav,freesound_203929,data/raw/urbansound8k/UrbanSound8K/audio/fold2/203929-7-9-24.wav,4.0,siren,0.0017,clean
bg_factory_urbansound8k_02330,factory,urbansound8k,203929-7-9-4.wav,freesound_203929,data/raw/urbansound8k/UrbanSound8K/audio/fold2/203929-7-9-4.wav,4.0,siren,0.0109,clean
bg_factory_urbansound8k_02331,factory,urbansound8k,203929-7-9-6.wav,freesound_203929,data/raw/urbansound8k/UrbanSound8K/audio/fold2/203929-7-9-6.wav,4.0,siren,0.0059,clean
bg_factory_urbansound8k_02332,factory,urbansound8k,203929-7-9-8.wav,freesound_203929,data/raw/urbansound8k/UrbanSound8K/audio/fold2/203929-7-9-8.wav,4.0,siren,0.0119,clean
bg_factory_urbansound8k_02333,factory,urbansound8k,203929-7-9-9.wav,freesound_203929,data/raw/urbansound8k/UrbanSound8K/audio/fold2/203929-7-9-9.wav,4.0,siren,0.0199,clean
bg_factory_urbansound8k_02380,factory,urbansound8k,22883-7-62-0.wav,freesound_22883,data/raw/urbansound8k/UrbanSound8K/audio/fold4/22883-7-62-0.wav,1.405,running_footsteps,0.0032,clean
bg_factory_urbansound8k_02381,factory,urbansound8k,22883-7-63-0.wav,freesound_22883,data/raw/urbansound8k/UrbanSound8K/audio/fold4/22883-7-63-0.wav,2.06,glass_breaking,0.0065,clean
bg_factory_urbansound8k_02396,factory,urbansound8k,34050-7-0-0.wav,freesound_34050,data/raw/urbansound8k/UrbanSound8K/audio/fold10/34050-7-0-0.wav,3.498,gunshot,0.0169,clean
bg_factory_urbansound8k_02397,factory,urbansound8k,34050-7-1-0.wav,freesound_34050,data/raw/urbansound8k/UrbanSound8K/audio/fold10/34050-7-1-0.wav,1.38,gunshot,0.0174,clean
bg_factory_urbansound8k_02398,factory,urbansound8k,34050-7-2-0.wav,freesound_34050,data/raw/urbansound8k/UrbanSound8K/audio/fold10/34050-7-2-0.wav,1.439,gunshot,0.0033,clean
bg_factory_urbansound8k_02399,factory,urbansound8k,34050-7-3-0.wav,freesound_34050,data/raw/urbansound8k/UrbanSound8K/audio/fold10/34050-7-3-0.wav,1.89,door_slam,0.0055,clean
bg_factory_urbansound8k_02400,factory,urbansound8k,34050-7-4-0.wav,freesound_34050,data/raw/urbansound8k/UrbanSound8K/audio/fold10/34050-7-4-0.wav,2.62,gunshot,0.0098,clean
bg_factory_urbansound8k_02401,factory,urbansound8k,34050-7-5-0.wav,freesound_34050,data/raw/urbansound8k/UrbanSound8K/audio/fold10/34050-7-5-0.wav,2.2,gunshot,0.0191,clean
bg_factory_urbansound8k_02402,factory,urbansound8k,34050-7-6-0.wav,freesound_34050,data/raw/urbansound8k/UrbanSound8K/audio/fold10/34050-7-6-0.wav,4.0,gunshot,0.0231,clean
bg_factory_urbansound8k_02470,factory,urbansound8k,57584-4-0-0.wav,freesound_57584,data/raw/urbansound8k/UrbanSound8K/audio/fold1/57584-4-0-0.wav,4.0,running_footsteps,0.0036,clean
bg_factory_urbansound8k_02471,factory,urbansound8k,57584-4-0-1.wav,freesound_57584,data/raw/urbansound8k/UrbanSound8K/audio/fold1/57584-4-0-1.wav,4.0,running_footsteps,0.0055,clean
bg_factory_urbansound8k_02472,factory,urbansound8k,57584-4-0-2.wav,freesound_57584,data/raw/urbansound8k/UrbanSound8K/audio/fold1/57584-4-0-2.wav,4.0,running_footsteps,0.0032,clean
bg_factory_urbansound8k_02473,factory,urbansound8k,57584-4-0-3.wav,freesound_57584,data/raw/urbansound8k/UrbanSound8K/audio/fold1/57584-4-0-3.wav,4.0,glass_breaking,0.0026,clean
bg_factory_urbansound8k_02474,factory,urbansound8k,57584-4-0-4.wav,freesound_57584,data/raw/urbansound8k/UrbanSound8K/audio/fold1/57584-4-0-4.wav,4.0,running_footsteps,0.0043,clean
bg_factory_urbansound8k_02475,factory,urbansound8k,57584-4-0-5.wav,freesound_57584,data/raw/urbansound8k/UrbanSound8K/audio/fold1/57584-4-0-5.wav,4.0,running_footsteps,0.0045,clean
bg_factory_urbansound8k_02476,factory,urbansound8k,57584-4-0-6.wav,freesound_57584,data/raw/urbansound8k/UrbanSound8K/audio/fold1/57584-4-0-6.wav,4.0,siren,0.0018,clean
bg_factory_urbansound8k_02477,factory,urbansound8k,57584-4-0-7.wav,freesound_57584,data/raw/urbansound8k/UrbanSound8K/audio/fold1/57584-4-0-7.wav,4.0,running_footsteps,0.0027,clean
bg_factory_urbansound8k_02478,factory,urbansound8k,57584-4-0-8.wav,freesound_57584,data/raw/urbansound8k/UrbanSound8K/audio/fold1/57584-4-0-8.wav,4.0,explosion,0.0037,clean
bg_factory_urbansound8k_02495,factory,urbansound8k,59594-4-0-0.wav,freesound_59594,data/raw/urbansound8k/UrbanSound8K/audio/fold2/59594-4-0-0.wav,4.0,glass_breaking,0.0069,clean
bg_factory_urbansound8k_02496,factory,urbansound8k,59594-4-0-1.wav,freesound_59594,data/raw/urbansound8k/UrbanSound8K/audio/fold2/59594-4-0-1.wav,4.0,glass_breaking,0.0136,clean
bg_factory_urbansound8k_02497,factory,urbansound8k,59594-4-0-2.wav,freesound_59594,data/raw/urbansound8k/UrbanSound8K/audio/fold2/59594-4-0-2.wav,4.0,door_slam,0.0319,clean
bg_factory_urbansound8k_02498,factory,urbansound8k,59594-4-0-3.wav,freesound_59594,data/raw/urbansound8k/UrbanSound8K/audio/fold2/59594-4-0-3.wav,4.0,door_slam,0.0217,clean
bg_factory_urbansound8k_02499,factory,urbansound8k,59594-4-0-4.wav,freesound_59594,data/raw/urbansound8k/UrbanSound8K/audio/fold2/59594-4-0-4.wav,4.0,door_slam,0.0103,clean
bg_factory_urbansound8k_02500,factory,urbansound8k,59595-4-0-0.wav,freesound_59595,data/raw/urbansound8k/UrbanSound8K/audio/fold8/59595-4-0-0.wav,4.0,siren,0.0051,clean
bg_factory_urbansound8k_02501,factory,urbansound8k,59595-4-0-1.wav,freesound_59595,data/raw/urbansound8k/UrbanSound8K/audio/fold8/59595-4-0-1.wav,4.0,door_slam,0.0056,clean
bg_factory_urbansound8k_02527,factory,urbansound8k,69598-4-1-0.wav,freesound_69598,data/raw/urbansound8k/UrbanSound8K/audio/fold3/69598-4-1-0.wav,3.945,vehicle_crash,0.0111,clean
bg_factory_urbansound8k_02528,factory,urbansound8k,69598-4-2-0.wav,freesound_69598,data/raw/urbansound8k/UrbanSound8K/audio/fold3/69598-4-2-0.wav,4.0,vehicle_crash,0.0717,clean
bg_factory_urbansound8k_02529,factory,urbansound8k,69598-4-2-1.wav,freesound_69598,data/raw/urbansound8k/UrbanSound8K/audio/fold3/69598-4-2-1.wav,4.0,vehicle_crash,0.008,clean
bg_factory_urbansound8k_02530,factory,urbansound8k,69598-4-3-0.wav,freesound_69598,data/raw/urbansound8k/UrbanSound8K/audio/fold3/69598-4-3-0.wav,4.0,vehicle_crash,0.1312,clean
bg_factory_urbansound8k_02531,factory,urbansound8k,69598-4-4-0.wav,freesound_69598,data/raw/urbansound8k/UrbanSound8K/audio/fold3/69598-4-4-0.wav,1.607,vehicle_crash,0.0145,clean
bg_parking_urbansound8k_01469,parking,urbansound8k,103438-5-0-0.wav,freesound_103438,data/raw/urbansound8k/UrbanSound8K/audio/fold10/103438-5-0-0.wav,4.0,running_footsteps,0.0075,clean
bg_parking_urbansound8k_01470,parking,urbansound8k,103438-5-0-1.wav,freesound_103438,data/raw/urbansound8k/UrbanSound8K/audio/fold10/103438-5-0-1.wav,4.0,siren,0.0037,clean
bg_parking_urbansound8k_01471,parking,urbansound8k,103438-5-0-2.wav,freesound_103438,data/raw/urbansound8k/UrbanSound8K/audio/fold10/103438-5-0-2.wav,4.0,siren,0.0036,clean
bg_parking_urbansound8k_01487,parking,urbansound8k,106905-5-0-0.wav,freesound_106905,data/raw/urbansound8k/UrbanSound8K/audio/fold8/106905-5-0-0.wav,4.0,running_footsteps,0.0279,clean
bg_parking_urbansound8k_01488,parking,urbansound8k,106905-5-0-1.wav,freesound_106905,data/raw/urbansound8k/UrbanSound8K/audio/fold8/106905-5-0-1.wav,4.0,running_footsteps,0.0596,clean
bg_parking_urbansound8k_01489,parking,urbansound8k,106905-5-0-2.wav,freesound_106905,data/raw/urbansound8k/UrbanSound8K/audio/fold8/106905-5-0-2.wav,4.0,running_footsteps,0.0421,clean
bg_parking_urbansound8k_01497,parking,urbansound8k,112075-5-0-0.wav,freesound_112075,data/raw/urbansound8k/UrbanSound8K/audio/fold3/112075-5-0-0.wav,4.0,vehicle_crash,0.0117,clean
bg_parking_urbansound8k_01498,parking,urbansound8k,112075-5-0-1.wav,freesound_112075,data/raw/urbansound8k/UrbanSound8K/audio/fold3/112075-5-0-1.wav,4.0,vehicle_crash,0.0053,clean
bg_parking_urbansound8k_01499,parking,urbansound8k,112075-5-0-2.wav,freesound_112075,data/raw/urbansound8k/UrbanSound8K/audio/fold3/112075-5-0-2.wav,4.0,vehicle_crash,0.0118,clean
bg_parking_urbansound8k_01799,parking,urbansound8k,168846-5-1-0.wav,freesound_168846,data/raw/urbansound8k/UrbanSound8K/audio/fold7/168846-5-1-0.wav,4.0,door_slam,0.007,clean
bg_parking_urbansound8k_01800,parking,urbansound8k,168846-5-1-1.wav,freesound_168846,data/raw/urbansound8k/UrbanSound8K/audio/fold7/168846-5-1-1.wav,4.0,running_footsteps,0.0064,clean
bg_parking_urbansound8k_01801,parking,urbansound8k,168846-5-1-10.wav,freesound_168846,data/raw/urbansound8k/UrbanSound8K/audio/fold7/168846-5-1-10.wav,4.0,door_slam,0.0774,clean
bg_parking_urbansound8k_01802,parking,urbansound8k,168846-5-1-11.wav,freesound_168846,data/raw/urbansound8k/UrbanSound8K/audio/fold7/168846-5-1-11.wav,4.0,door_slam,0.0033,clean
bg_parking_urbansound8k_01803,parking,urbansound8k,168846-5-1-12.wav,freesound_168846,data/raw/urbansound8k/UrbanSound8K/audio/fold7/168846-5-1-12.wav,4.0,door_slam,0.0034,clean
bg_parking_urbansound8k_01804,parking,urbansound8k,168846-5-1-13.wav,freesound_168846,data/raw/urbansound8k/UrbanSound8K/audio/fold7/168846-5-1-13.wav,4.0,glass_breaking,0.0058,clean
bg_parking_urbansound8k_01805,parking,urbansound8k,168846-5-1-14.wav,freesound_168846,data/raw/urbansound8k/UrbanSound8K/audio/fold7/168846-5-1-14.wav,4.0,glass_breaking,0.01,clean
bg_parking_urbansound8k_01806,parking,urbansound8k,168846-5-1-2.wav,freesound_168846,data/raw/urbansound8k/UrbanSound8K/audio/fold7/168846-5-1-2.wav,4.0,running_footsteps,0.0045,clean
bg_parking_urbansound8k_01807,parking,urbansound8k,168846-5-1-3.wav,freesound_168846,data/raw/urbansound8k/UrbanSound8K/audio/fold7/168846-5-1-3.wav,4.0,siren,0.004,clean
bg_parking_urbansound8k_01808,parking,urbansound8k,168846-5-1-4.wav,freesound_168846,data/raw/urbansound8k/UrbanSound8K/audio/fold7/168846-5-1-4.wav,4.0,door_slam,0.0085,clean
bg_parking_urbansound8k_01809,parking,urbansound8k,168846-5-1-5.wav,freesound_168846,data/raw/urbansound8k/UrbanSound8K/audio/fold7/168846-5-1-5.wav,4.0,door_slam,0.0067,clean
bg_parking_urbansound8k_01810,parking,urbansound8k,168846-5-1-6.wav,freesound_168846,data/raw/urbansound8k/UrbanSound8K/audio/fold7/168846-5-1-6.wav,4.0,door_slam,0.0076,clean
bg_parking_urbansound8k_01811,parking,urbansound8k,168846-5-1-7.wav,freesound_168846,data/raw/urbansound8k/UrbanSound8K/audio/fold7/168846-5-1-7.wav,4.0,door_slam,0.0023,clean
bg_parking_urbansound8k_01812,parking,urbansound8k,168846-5-1-8.wav,freesound_168846,data/raw/urbansound8k/UrbanSound8K/audio/fold7/168846-5-1-8.wav,4.0,door_slam,0.0025,clean
bg_parking_urbansound8k_01813,parking,urbansound8k,168846-5-1-9.wav,freesound_168846,data/raw/urbansound8k/UrbanSound8K/audio/fold7/168846-5-1-9.wav,4.0,door_slam,0.036,clean
bg_parking_urbansound8k_01930,parking,urbansound8k,177592-5-0-0.wav,freesound_177592,data/raw/urbansound8k/UrbanSound8K/audio/fold2/177592-5-0-0.wav,4.0,running_footsteps,0.0203,clean
bg_parking_urbansound8k_01931,parking,urbansound8k,177592-5-0-1.wav,freesound_177592,data/raw/urbansound8k/UrbanSound8K/audio/fold2/177592-5-0-1.wav,4.0,running_footsteps,0.0042,clean
bg_parking_urbansound8k_01932,parking,urbansound8k,177592-5-0-10.wav,freesound_177592,data/raw/urbansound8k/UrbanSound8K/audio/fold2/177592-5-0-10.wav,4.0,running_footsteps,0.0245,clean
bg_parking_urbansound8k_01933,parking,urbansound8k,177592-5-0-2.wav,freesound_177592,data/raw/urbansound8k/UrbanSound8K/audio/fold2/177592-5-0-2.wav,4.0,running_footsteps,0.0044,clean
bg_parking_urbansound8k_01934,parking,urbansound8k,177592-5-0-3.wav,freesound_177592,data/raw/urbansound8k/UrbanSound8K/audio/fold2/177592-5-0-3.wav,4.0,running_footsteps,0.007,clean
bg_parking_urbansound8k_01935,parking,urbansound8k,177592-5-0-4.wav,freesound_177592,data/raw/urbansound8k/UrbanSound8K/audio/fold2/177592-5-0-4.wav,4.0,alarm_bell,0.1054,clean
bg_parking_urbansound8k_01936,parking,urbansound8k,177592-5-0-5.wav,freesound_177592,data/raw/urbansound8k/UrbanSound8K/audio/fold2/177592-5-0-5.wav,4.0,alarm_bell,0.1024,clean
bg_parking_urbansound8k_01937,parking,urbansound8k,177592-5-0-6.wav,freesound_177592,data/raw/urbansound8k/UrbanSound8K/audio/fold2/177592-5-0-6.wav,4.0,alarm_bell,0.0815,clean
bg_parking_urbansound8k_01938,parking,urbansound8k,177592-5-0-7.wav,freesound_177592,data/raw/urbansound8k/UrbanSound8K/audio/fold2/177592-5-0-7.wav,4.0,running_footsteps,0.0175,clean
bg_parking_urbansound8k_01939,parking,urbansound8k,177592-5-0-8.wav,freesound_177592,data/raw/urbansound8k/UrbanSound8K/audio/fold2/177592-5-0-8.wav,4.0,running_footsteps,0.063,clean
bg_parking_urbansound8k_01940,parking,urbansound8k,177592-5-0-9.wav,freesound_177592,data/raw/urbansound8k/UrbanSound8K/audio/fold2/177592-5-0-9.wav,4.0,running_footsteps,0.0576,clean
bg_parking_urbansound8k_02192,parking,urbansound8k,187075-5-0-0.wav,freesound_187075,data/raw/urbansound8k/UrbanSound8K/audio/fold9/187075-5-0-0.wav,4.0,alarm_bell,0.0493,clean
bg_parking_urbansound8k_02193,parking,urbansound8k,187075-5-0-1.wav,freesound_187075,data/raw/urbansound8k/UrbanSound8K/audio/fold9/187075-5-0-1.wav,4.0,alarm_bell,0.0131,clean
bg_parking_urbansound8k_02194,parking,urbansound8k,187075-5-0-2.wav,freesound_187075,data/raw/urbansound8k/UrbanSound8K/audio/fold9/187075-5-0-2.wav,4.0,running_footsteps,0.0056,clean
bg_parking_urbansound8k_02195,parking,urbansound8k,187075-5-0-3.wav,freesound_187075,data/raw/urbansound8k/UrbanSound8K/audio/fold9/187075-5-0-3.wav,4.0,door_slam,0.0259,clean
bg_parking_urbansound8k_02196,parking,urbansound8k,187075-5-0-4.wav,freesound_187075,data/raw/urbansound8k/UrbanSound8K/audio/fold9/187075-5-0-4.wav,4.0,door_slam,0.032,clean
bg_parking_urbansound8k_02197,parking,urbansound8k,187075-5-0-5.wav,freesound_187075,data/raw/urbansound8k/UrbanSound8K/audio/fold9/187075-5-0-5.wav,4.0,door_slam,0.0079,clean
bg_parking_urbansound8k_02198,parking,urbansound8k,187075-5-0-6.wav,freesound_187075,data/raw/urbansound8k/UrbanSound8K/audio/fold9/187075-5-0-6.wav,4.0,door_slam,0.0052,clean
bg_parking_urbansound8k_02199,parking,urbansound8k,187075-5-0-7.wav,freesound_187075,data/raw/urbansound8k/UrbanSound8K/audio/fold9/187075-5-0-7.wav,4.0,door_slam,0.0229,clean
bg_parking_urbansound8k_02200,parking,urbansound8k,187075-5-0-8.wav,freesound_187075,data/raw/urbansound8k/UrbanSound8K/audio/fold9/187075-5-0-8.wav,4.0,door_slam,0.0429,clean
bg_parking_urbansound8k_02374,parking,urbansound8k,209992-5-1-4.wav,freesound_209992,data/raw/urbansound8k/UrbanSound8K/audio/fold7/209992-5-1-4.wav,4.0,alarm_bell,0.1438,clean
bg_parking_urbansound8k_02375,parking,urbansound8k,209992-5-1-7.wav,freesound_209992,data/raw/urbansound8k/UrbanSound8K/audio/fold7/209992-5-1-7.wav,4.0,alarm_bell,0.0984,clean
bg_parking_urbansound8k_02376,parking,urbansound8k,209992-5-4-1.wav,freesound_209992,data/raw/urbansound8k/UrbanSound8K/audio/fold7/209992-5-4-1.wav,4.0,door_slam,0.0216,clean
bg_parking_urbansound8k_02377,parking,urbansound8k,209992-5-4-15.wav,freesound_209992,data/raw/urbansound8k/UrbanSound8K/audio/fold7/209992-5-4-15.wav,4.0,door_slam,0.0293,clean
bg_parking_urbansound8k_02378,parking,urbansound8k,209992-5-4-17.wav,freesound_209992,data/raw/urbansound8k/UrbanSound8K/audio/fold7/209992-5-4-17.wav,4.0,running_footsteps,0.0147,clean
bg_parking_urbansound8k_02379,parking,urbansound8k,209992-5-4-3.wav,freesound_209992,data/raw/urbansound8k/UrbanSound8K/audio/fold7/209992-5-4-3.wav,4.0,siren,0.0131,clean
bg_parking_urbansound8k_02425,parking,urbansound8k,46918-5-0-0.wav,freesound_46918,data/raw/urbansound8k/UrbanSound8K/audio/fold1/46918-5-0-0.wav,4.0,door_slam,0.0564,clean
bg_parking_urbansound8k_02426,parking,urbansound8k,46918-5-0-1.wav,freesound_46918,data/raw/urbansound8k/UrbanSound8K/audio/fold1/46918-5-0-1.wav,4.0,alarm_bell,0.0639,clean
bg_parking_urbansound8k_02427,parking,urbansound8k,46918-5-0-2.wav,freesound_46918,data/raw/urbansound8k/UrbanSound8K/audio/fold1/46918-5-0-2.wav,4.0,alarm_bell,0.0418,clean
bg_parking_urbansound8k_02695,parking,urbansound8k,94632-5-0-0.wav,freesound_94632,data/raw/urbansound8k/UrbanSound8K/audio/fold6/94632-5-0-0.wav,4.0,siren,0.0449,clean
bg_parking_urbansound8k_02696,parking,urbansound8k,94632-5-0-10.wav,freesound_94632,data/raw/urbansound8k/UrbanSound8K/audio/fold6/94632-5-0-10.wav,4.0,door_slam,0.0265,clean
bg_parking_urbansound8k_02697,parking,urbansound8k,94632-5-0-13.wav,freesound_94632,data/raw/urbansound8k/UrbanSound8K/audio/fold6/94632-5-0-13.wav,4.0,siren,0.0079,clean
bg_parking_urbansound8k_02698,parking,urbansound8k,94632-5-0-14.wav,freesound_94632,data/raw/urbansound8k/UrbanSound8K/audio/fold6/94632-5-0-14.wav,4.0,door_slam,0.0041,clean
bg_parking_urbansound8k_02699,parking,urbansound8k,94632-5-0-15.wav,freesound_94632,data/raw/urbansound8k/UrbanSound8K/audio/fold6/94632-5-0-15.wav,4.0,running_footsteps,0.0072,clean
bg_parking_urbansound8k_02700,parking,urbansound8k,94632-5-0-2.wav,freesound_94632,data/raw/urbansound8k/UrbanSound8K/audio/fold6/94632-5-0-2.wav,4.0,running_footsteps,0.0153,clean
bg_parking_urbansound8k_02701,parking,urbansound8k,94632-5-0-21.wav,freesound_94632,data/raw/urbansound8k/UrbanSound8K/audio/fold6/94632-5-0-21.wav,4.0,running_footsteps,0.0187,clean
bg_parking_urbansound8k_02702,parking,urbansound8k,94632-5-0-22.wav,freesound_94632,data/raw/urbansound8k/UrbanSound8K/audio/fold6/94632-5-0-22.wav,4.0,running_footsteps,0.0895,clean
bg_parking_urbansound8k_02703,parking,urbansound8k,94632-5-0-25.wav,freesound_94632,data/raw/urbansound8k/UrbanSound8K/audio/fold6/94632-5-0-25.wav,4.0,glass_breaking,0.0036,clean
bg_parking_urbansound8k_02704,parking,urbansound8k,94632-5-0-27.wav,freesound_94632,data/raw/urbansound8k/UrbanSound8K/audio/fold6/94632-5-0-27.wav,4.0,running_footsteps,0.0054,clean
bg_parking_urbansound8k_02705,parking,urbansound8k,94632-5-0-28.wav,freesound_94632,data/raw/urbansound8k/UrbanSound8K/audio/fold6/94632-5-0-28.wav,4.0,running_footsteps,0.0068,clean
bg_parking_urbansound8k_02706,parking,urbansound8k,94632-5-0-29.wav,freesound_94632,data/raw/urbansound8k/UrbanSound8K/audio/fold6/94632-5-0-29.wav,4.0,running_footsteps,0.0092,clean
bg_parking_urbansound8k_02707,parking,urbansound8k,94632-5-0-31.wav,freesound_94632,data/raw/urbansound8k/UrbanSound8K/audio/fold6/94632-5-0-31.wav,4.0,door_slam,0.0139,clean
bg_parking_urbansound8k_02708,parking,urbansound8k,94632-5-0-33.wav,freesound_94632,data/raw/urbansound8k/UrbanSound8K/audio/fold6/94632-5-0-33.wav,4.0,door_slam,0.0095,clean
bg_parking_urbansound8k_02709,parking,urbansound8k,94632-5-0-34.wav,freesound_94632,data/raw/urbansound8k/UrbanSound8K/audio/fold6/94632-5-0-34.wav,4.0,siren,0.011,clean
bg_parking_urbansound8k_02710,parking,urbansound8k,94632-5-0-6.wav,freesound_94632,data/raw/urbansound8k/UrbanSound8K/audio/fold6/94632-5-0-6.wav,4.0,running_footsteps,0.0048,clean
bg_parking_urbansound8k_02711,parking,urbansound8k,94632-5-0-8.wav,freesound_94632,data/raw/urbansound8k/UrbanSound8K/audio/fold6/94632-5-0-8.wav,4.0,running_footsteps,0.0037,clean
bg_parking_urbansound8k_02712,parking,urbansound8k,94632-5-0-9.wav,freesound_94632,data/raw/urbansound8k/UrbanSound8K/audio/fold6/94632-5-0-9.wav,4.0,running_footsteps,0.0087,clean
bg_parking_urbansound8k_02713,parking,urbansound8k,94632-5-1-11.wav,freesound_94632,data/raw/urbansound8k/UrbanSound8K/audio/fold6/94632-5-1-11.wav,4.0,door_slam,0.0073,clean
bg_parking_urbansound8k_02714,parking,urbansound8k,94632-5-1-13.wav,freesound_94632,data/raw/urbansound8k/UrbanSound8K/audio/fold6/94632-5-1-13.wav,4.0,siren,0.0043,clean
bg_parking_urbansound8k_02715,parking,urbansound8k,94632-5-1-14.wav,freesound_94632,data/raw/urbansound8k/UrbanSound8K/audio/fold6/94632-5-1-14.wav,4.0,siren,0.0042,clean
bg_parking_urbansound8k_02716,parking,urbansound8k,94632-5-1-17.wav,freesound_94632,data/raw/urbansound8k/UrbanSound8K/audio/fold6/94632-5-1-17.wav,4.0,running_footsteps,0.004,clean
bg_parking_urbansound8k_02717,parking,urbansound8k,94632-5-1-18.wav,freesound_94632,data/raw/urbansound8k/UrbanSound8K/audio/fold6/94632-5-1-18.wav,4.0,door_slam,0.0075,clean
bg_parking_urbansound8k_02718,parking,urbansound8k,94632-5-1-19.wav,freesound_94632,data/raw/urbansound8k/UrbanSound8K/audio/fold6/94632-5-1-19.wav,4.0,door_slam,0.0046,clean
bg_parking_urbansound8k_02719,parking,urbansound8k,94632-5-1-2.wav,freesound_94632,data/raw/urbansound8k/UrbanSound8K/audio/fold6/94632-5-1-2.wav,4.0,running_footsteps,0.0234,clean
bg_parking_urbansound8k_02720,parking,urbansound8k,94632-5-1-23.wav,freesound_94632,data/raw/urbansound8k/UrbanSound8K/audio/fold6/94632-5-1-23.wav,4.0,siren,0.0022,clean
bg_parking_urbansound8k_02721,parking,urbansound8k,94632-5-1-26.wav,freesound_94632,data/raw/urbansound8k/UrbanSound8K/audio/fold6/94632-5-1-26.wav,4.0,glass_breaking,0.0026,clean
bg_parking_urbansound8k_02722,parking,urbansound8k,94632-5-1-28.wav,freesound_94632,data/raw/urbansound8k/UrbanSound8K/audio/fold6/94632-5-1-28.wav,4.0,glass_breaking,0.0036,clean
bg_parking_urbansound8k_02723,parking,urbansound8k,94632-5-1-30.wav,freesound_94632,data/raw/urbansound8k/UrbanSound8K/audio/fold6/94632-5-1-30.wav,4.0,siren,0.0049,clean
bg_parking_urbansound8k_02724,parking,urbansound8k,94632-5-1-7.wav,freesound_94632,data/raw/urbansound8k/UrbanSound8K/audio/fold6/94632-5-1-7.wav,4.0,running_footsteps,0.0129,clean
bg_parking_urbansound8k_02725,parking,urbansound8k,94632-5-1-9.wav,freesound_94632,data/raw/urbansound8k/UrbanSound8K/audio/fold6/94632-5-1-9.wav,4.0,running_footsteps,0.0156,clean
bg_residential_urbansound8k_01440,residential,urbansound8k,101729-0-0-1.wav,freesound_101729,data/raw/urbansound8k/UrbanSound8K/audio/fold9/101729-0-0-1.wav,4.0,running_footsteps,0.0014,clean
bg_residential_urbansound8k_01441,residential,urbansound8k,101729-0-0-11.wav,freesound_101729,data/raw/urbansound8k/UrbanSound8K/audio/fold9/101729-0-0-11.wav,4.0,alarm_bell,0.0011,clean
bg_residential_urbansound8k_01442,residential,urbansound8k,101729-0-0-12.wav,freesound_101729,data/raw/urbansound8k/UrbanSound8K/audio/fold9/101729-0-0-12.wav,4.0,running_footsteps,0.0014,clean
bg_residential_urbansound8k_01443,residential,urbansound8k,101729-0-0-13.wav,freesound_101729,data/raw/urbansound8k/UrbanSound8K/audio/fold9/101729-0-0-13.wav,4.0,alarm_bell,0.0011,clean
bg_residential_urbansound8k_01444,residential,urbansound8k,101729-0-0-14.wav,freesound_101729,data/raw/urbansound8k/UrbanSound8K/audio/fold9/101729-0-0-14.wav,4.0,alarm_bell,0.0009,clean
bg_residential_urbansound8k_01445,residential,urbansound8k,101729-0-0-16.wav,freesound_101729,data/raw/urbansound8k/UrbanSound8K/audio/fold9/101729-0-0-16.wav,4.0,alarm_bell,0.001,clean
bg_residential_urbansound8k_01446,residential,urbansound8k,101729-0-0-17.wav,freesound_101729,data/raw/urbansound8k/UrbanSound8K/audio/fold9/101729-0-0-17.wav,4.0,alarm_bell,0.0009,clean
bg_residential_urbansound8k_01447,residential,urbansound8k,101729-0-0-18.wav,freesound_101729,data/raw/urbansound8k/UrbanSound8K/audio/fold9/101729-0-0-18.wav,4.0,alarm_bell,0.0011,clean
bg_residential_urbansound8k_01448,residential,urbansound8k,101729-0-0-19.wav,freesound_101729,data/raw/urbansound8k/UrbanSound8K/audio/fold9/101729-0-0-19.wav,4.0,running_footsteps,0.0013,clean
bg_residential_urbansound8k_01449,residential,urbansound8k,101729-0-0-21.wav,freesound_101729,data/raw/urbansound8k/UrbanSound8K/audio/fold9/101729-0-0-21.wav,4.0,alarm_bell,0.0011,clean
bg_residential_urbansound8k_01450,residential,urbansound8k,101729-0-0-22.wav,freesound_101729,data/raw/urbansound8k/UrbanSound8K/audio/fold9/101729-0-0-22.wav,4.0,running_footsteps,0.0018,clean
bg_residential_urbansound8k_01451,residential,urbansound8k,101729-0-0-23.wav,freesound_101729,data/raw/urbansound8k/UrbanSound8K/audio/fold9/101729-0-0-23.wav,4.0,running_footsteps,0.0014,clean
bg_residential_urbansound8k_01452,residential,urbansound8k,101729-0-0-24.wav,freesound_101729,data/raw/urbansound8k/UrbanSound8K/audio/fold9/101729-0-0-24.wav,4.0,alarm_bell,0.0012,clean
bg_residential_urbansound8k_01453,residential,urbansound8k,101729-0-0-26.wav,freesound_101729,data/raw/urbansound8k/UrbanSound8K/audio/fold9/101729-0-0-26.wav,4.0,alarm_bell,0.001,clean
bg_residential_urbansound8k_01454,residential,urbansound8k,101729-0-0-28.wav,freesound_101729,data/raw/urbansound8k/UrbanSound8K/audio/fold9/101729-0-0-28.wav,4.0,alarm_bell,0.0009,clean
bg_residential_urbansound8k_01455,residential,urbansound8k,101729-0-0-29.wav,freesound_101729,data/raw/urbansound8k/UrbanSound8K/audio/fold9/101729-0-0-29.wav,4.0,running_footsteps,0.0012,clean
bg_residential_urbansound8k_01456,residential,urbansound8k,101729-0-0-3.wav,freesound_101729,data/raw/urbansound8k/UrbanSound8K/audio/fold9/101729-0-0-3.wav,4.0,alarm_bell,0.0011,clean
bg_residential_urbansound8k_01457,residential,urbansound8k,101729-0-0-32.wav,freesound_101729,data/raw/urbansound8k/UrbanSound8K/audio/fold9/101729-0-0-32.wav,4.0,alarm_bell,0.001,clean
bg_residential_urbansound8k_01458,residential,urbansound8k,101729-0-0-33.wav,freesound_101729,data/raw/urbansound8k/UrbanSound8K/audio/fold9/101729-0-0-33.wav,4.0,alarm_bell,0.0011,clean
bg_residential_urbansound8k_01459,residential,urbansound8k,101729-0-0-36.wav,freesound_101729,data/raw/urbansound8k/UrbanSound8K/audio/fold9/101729-0-0-36.wav,4.0,running_footsteps,0.0011,clean
bg_residential_urbansound8k_01460,residential,urbansound8k,101729-0-0-37.wav,freesound_101729,data/raw/urbansound8k/UrbanSound8K/audio/fold9/101729-0-0-37.wav,4.0,alarm_bell,0.001,clean
bg_residential_urbansound8k_01461,residential,urbansound8k,101729-0-0-38.wav,freesound_101729,data/raw/urbansound8k/UrbanSound8K/audio/fold9/101729-0-0-38.wav,4.0,alarm_bell,0.0009,clean
bg_residential_urbansound8k_01462,residential,urbansound8k,101729-0-0-39.wav,freesound_101729,data/raw/urbansound8k/UrbanSound8K/audio/fold9/101729-0-0-39.wav,4.0,alarm_bell,0.001,clean
bg_residential_urbansound8k_01463,residential,urbansound8k,101729-0-0-4.wav,freesound_101729,data/raw/urbansound8k/UrbanSound8K/audio/fold9/101729-0-0-4.wav,4.0,alarm_bell,0.0011,clean
bg_residential_urbansound8k_01464,residential,urbansound8k,101729-0-0-40.wav,freesound_101729,data/raw/urbansound8k/UrbanSound8K/audio/fold9/101729-0-0-40.wav,4.0,running_footsteps,0.0015,clean
bg_residential_urbansound8k_01465,residential,urbansound8k,101729-0-0-6.wav,freesound_101729,data/raw/urbansound8k/UrbanSound8K/audio/fold9/101729-0-0-6.wav,4.0,alarm_bell,0.0009,clean
bg_residential_urbansound8k_01466,residential,urbansound8k,101729-0-0-9.wav,freesound_101729,data/raw/urbansound8k/UrbanSound8K/audio/fold9/101729-0-0-9.wav,4.0,alarm_bell,0.0012,clean
bg_residential_urbansound8k_01590,residential,urbansound8k,146714-0-0-0.wav,freesound_146714,data/raw/urbansound8k/UrbanSound8K/audio/fold3/146714-0-0-0.wav,4.0,glass_breaking,0.0025,clean
bg_residential_urbansound8k_01591,residential,urbansound8k,146714-0-0-12.wav,freesound_146714,data/raw/urbansound8k/UrbanSound8K/audio/fold3/146714-0-0-12.wav,4.0,glass_breaking,0.0022,clean
bg_residential_urbansound8k_01592,residential,urbansound8k,146714-0-0-13.wav,freesound_146714,data/raw/urbansound8k/UrbanSound8K/audio/fold3/146714-0-0-13.wav,4.0,glass_breaking,0.0026,clean
bg_residential_urbansound8k_01593,residential,urbansound8k,146714-0-0-17.wav,freesound_146714,data/raw/urbansound8k/UrbanSound8K/audio/fold3/146714-0-0-17.wav,4.0,glass_breaking,0.003,clean
bg_residential_urbansound8k_01594,residential,urbansound8k,146714-0-0-18.wav,freesound_146714,data/raw/urbansound8k/UrbanSound8K/audio/fold3/146714-0-0-18.wav,4.0,glass_breaking,0.0028,clean
bg_residential_urbansound8k_01595,residential,urbansound8k,146714-0-0-2.wav,freesound_146714,data/raw/urbansound8k/UrbanSound8K/audio/fold3/146714-0-0-2.wav,4.0,glass_breaking,0.004,clean
bg_residential_urbansound8k_01596,residential,urbansound8k,146714-0-0-21.wav,freesound_146714,data/raw/urbansound8k/UrbanSound8K/audio/fold3/146714-0-0-21.wav,4.0,glass_breaking,0.0018,clean
bg_residential_urbansound8k_01597,residential,urbansound8k,146714-0-0-22.wav,freesound_146714,data/raw/urbansound8k/UrbanSound8K/audio/fold3/146714-0-0-22.wav,4.0,glass_breaking,0.0035,clean
bg_residential_urbansound8k_01598,residential,urbansound8k,146714-0-0-27.wav,freesound_146714,data/raw/urbansound8k/UrbanSound8K/audio/fold3/146714-0-0-27.wav,4.0,running_footsteps,0.0021,clean
bg_residential_urbansound8k_01599,residential,urbansound8k,146714-0-0-33.wav,freesound_146714,data/raw/urbansound8k/UrbanSound8K/audio/fold3/146714-0-0-33.wav,4.0,glass_breaking,0.0028,clean
bg_residential_urbansound8k_01600,residential,urbansound8k,146714-0-0-35.wav,freesound_146714,data/raw/urbansound8k/UrbanSound8K/audio/fold3/146714-0-0-35.wav,4.0,glass_breaking,0.0018,clean
bg_residential_urbansound8k_01601,residential,urbansound8k,146714-0-0-36.wav,freesound_146714,data/raw/urbansound8k/UrbanSound8K/audio/fold3/146714-0-0-36.wav,4.0,glass_breaking,0.0022,clean
bg_residential_urbansound8k_01602,residential,urbansound8k,146714-0-0-38.wav,freesound_146714,data/raw/urbansound8k/UrbanSound8K/audio/fold3/146714-0-0-38.wav,4.0,glass_breaking,0.0023,clean
bg_residential_urbansound8k_01603,residential,urbansound8k,146714-0-0-41.wav,freesound_146714,data/raw/urbansound8k/UrbanSound8K/audio/fold3/146714-0-0-41.wav,4.0,glass_breaking,0.0025,clean
bg_residential_urbansound8k_01604,residential,urbansound8k,146714-0-0-43.wav,freesound_146714,data/raw/urbansound8k/UrbanSound8K/audio/fold3/146714-0-0-43.wav,4.0,glass_breaking,0.0042,clean
bg_residential_urbansound8k_01605,residential,urbansound8k,146714-0-0-45.wav,freesound_146714,data/raw/urbansound8k/UrbanSound8K/audio/fold3/146714-0-0-45.wav,4.0,glass_breaking,0.0019,clean
bg_residential_urbansound8k_01606,residential,urbansound8k,146714-0-0-47.wav,freesound_146714,data/raw/urbansound8k/UrbanSound8K/audio/fold3/146714-0-0-47.wav,4.0,glass_breaking,0.0025,clean
bg_residential_urbansound8k_01607,residential,urbansound8k,146714-0-0-49.wav,freesound_146714,data/raw/urbansound8k/UrbanSound8K/audio/fold3/146714-0-0-49.wav,4.0,running_footsteps,0.0031,clean
bg_residential_urbansound8k_01608,residential,urbansound8k,146714-0-0-50.wav,freesound_146714,data/raw/urbansound8k/UrbanSound8K/audio/fold3/146714-0-0-50.wav,4.0,glass_breaking,0.0019,clean
bg_residential_urbansound8k_01609,residential,urbansound8k,146714-0-0-53.wav,freesound_146714,data/raw/urbansound8k/UrbanSound8K/audio/fold3/146714-0-0-53.wav,4.0,glass_breaking,0.0026,clean
bg_residential_urbansound8k_01610,residential,urbansound8k,146714-0-0-55.wav,freesound_146714,data/raw/urbansound8k/UrbanSound8K/audio/fold3/146714-0-0-55.wav,4.0,glass_breaking,0.0033,clean
bg_residential_urbansound8k_01611,residential,urbansound8k,146714-0-0-56.wav,freesound_146714,data/raw/urbansound8k/UrbanSound8K/audio/fold3/146714-0-0-56.wav,4.0,running_footsteps,0.0017,clean
bg_residential_urbansound8k_01612,residential,urbansound8k,146714-0-0-58.wav,freesound_146714,data/raw/urbansound8k/UrbanSound8K/audio/fold3/146714-0-0-58.wav,4.0,running_footsteps,0.0027,clean
bg_residential_urbansound8k_01613,residential,urbansound8k,146714-0-0-6.wav,freesound_146714,data/raw/urbansound8k/UrbanSound8K/audio/fold3/146714-0-0-6.wav,4.0,running_footsteps,0.0022,clean
bg_residential_urbansound8k_01719,residential,urbansound8k,159761-0-0-0.wav,freesound_159761,data/raw/urbansound8k/UrbanSound8K/audio/fold3/159761-0-0-0.wav,4.0,running_footsteps,0.0069,clean
bg_residential_urbansound8k_01720,residential,urbansound8k,159761-0-0-1.wav,freesound_159761,data/raw/urbansound8k/UrbanSound8K/audio/fold3/159761-0-0-1.wav,4.0,running_footsteps,0.0109,clean
bg_residential_urbansound8k_01721,residential,urbansound8k,159761-0-0-2.wav,freesound_159761,data/raw/urbansound8k/UrbanSound8K/audio/fold3/159761-0-0-2.wav,4.0,running_footsteps,0.0167,clean
bg_residential_urbansound8k_01722,residential,urbansound8k,159761-0-0-3.wav,freesound_159761,data/raw/urbansound8k/UrbanSound8K/audio/fold3/159761-0-0-3.wav,4.0,running_footsteps,0.0164,clean
bg_residential_urbansound8k_01723,residential,urbansound8k,159761-0-0-4.wav,freesound_159761,data/raw/urbansound8k/UrbanSound8K/audio/fold3/159761-0-0-4.wav,4.0,running_footsteps,0.0072,clean
bg_residential_urbansound8k_01724,residential,urbansound8k,159761-0-0-5.wav,freesound_159761,data/raw/urbansound8k/UrbanSound8K/audio/fold3/159761-0-0-5.wav,4.0,running_footsteps,0.0043,clean
bg_residential_urbansound8k_01725,residential,urbansound8k,159761-0-0-6.wav,freesound_159761,data/raw/urbansound8k/UrbanSound8K/audio/fold3/159761-0-0-6.wav,4.0,running_footsteps,0.0045,clean
bg_residential_urbansound8k_01726,residential,urbansound8k,159761-0-0-7.wav,freesound_159761,data/raw/urbansound8k/UrbanSound8K/audio/fold3/159761-0-0-7.wav,4.0,running_footsteps,0.0086,clean
bg_residential_urbansound8k_01727,residential,urbansound8k,159761-0-0-8.wav,freesound_159761,data/raw/urbansound8k/UrbanSound8K/audio/fold3/159761-0-0-8.wav,4.0,running_footsteps,0.007,clean
bg_residential_urbansound8k_01774,residential,urbansound8k,167464-0-0-0.wav,freesound_167464,data/raw/urbansound8k/UrbanSound8K/audio/fold10/167464-0-0-0.wav,4.0,running_footsteps,0.0049,clean
bg_residential_urbansound8k_01775,residential,urbansound8k,167464-0-0-1.wav,freesound_167464,data/raw/urbansound8k/UrbanSound8K/audio/fold10/167464-0-0-1.wav,4.0,running_footsteps,0.0035,clean
bg_residential_urbansound8k_01776,residential,urbansound8k,167464-0-0-10.wav,freesound_167464,data/raw/urbansound8k/UrbanSound8K/audio/fold10/167464-0-0-10.wav,4.0,running_footsteps,0.0032,clean
bg_residential_urbansound8k_01777,residential,urbansound8k,167464-0-0-11.wav,freesound_167464,data/raw/urbansound8k/UrbanSound8K/audio/fold10/167464-0-0-11.wav,4.0,running_footsteps,0.0022,clean
bg_residential_urbansound8k_01778,residential,urbansound8k,167464-0-0-12.wav,freesound_167464,data/raw/urbansound8k/UrbanSound8K/audio/fold10/167464-0-0-12.wav,4.0,running_footsteps,0.0075,clean
bg_residential_urbansound8k_01779,residential,urbansound8k,167464-0-0-13.wav,freesound_167464,data/raw/urbansound8k/UrbanSound8K/audio/fold10/167464-0-0-13.wav,4.0,running_footsteps,0.0071,clean
bg_residential_urbansound8k_01780,residential,urbansound8k,167464-0-0-14.wav,freesound_167464,data/raw/urbansound8k/UrbanSound8K/audio/fold10/167464-0-0-14.wav,4.0,running_footsteps,0.0046,clean
bg_residential_urbansound8k_01781,residential,urbansound8k,167464-0-0-15.wav,freesound_167464,data/raw/urbansound8k/UrbanSound8K/audio/fold10/167464-0-0-15.wav,4.0,running_footsteps,0.0024,clean
bg_residential_urbansound8k_01782,residential,urbansound8k,167464-0-0-16.wav,freesound_167464,data/raw/urbansound8k/UrbanSound8K/audio/fold10/167464-0-0-16.wav,4.0,running_footsteps,0.0043,clean
bg_residential_urbansound8k_01783,residential,urbansound8k,167464-0-0-17.wav,freesound_167464,data/raw/urbansound8k/UrbanSound8K/audio/fold10/167464-0-0-17.wav,4.0,running_footsteps,0.0042,clean
bg_residential_urbansound8k_01784,residential,urbansound8k,167464-0-0-18.wav,freesound_167464,data/raw/urbansound8k/UrbanSound8K/audio/fold10/167464-0-0-18.wav,4.0,running_footsteps,0.0045,clean
bg_residential_urbansound8k_01785,residential,urbansound8k,167464-0-0-19.wav,freesound_167464,data/raw/urbansound8k/UrbanSound8K/audio/fold10/167464-0-0-19.wav,4.0,running_footsteps,0.0066,clean
bg_residential_urbansound8k_01786,residential,urbansound8k,167464-0-0-2.wav,freesound_167464,data/raw/urbansound8k/UrbanSound8K/audio/fold10/167464-0-0-2.wav,4.0,running_footsteps,0.0068,clean
bg_residential_urbansound8k_01787,residential,urbansound8k,167464-0-0-20.wav,freesound_167464,data/raw/urbansound8k/UrbanSound8K/audio/fold10/167464-0-0-20.wav,4.0,running_footsteps,0.003,clean
bg_residential_urbansound8k_01788,residential,urbansound8k,167464-0-0-21.wav,freesound_167464,data/raw/urbansound8k/UrbanSound8K/audio/fold10/167464-0-0-21.wav,4.0,running_footsteps,0.004,clean
bg_residential_urbansound8k_01789,residential,urbansound8k,167464-0-0-22.wav,freesound_167464,data/raw/urbansound8k/UrbanSound8K/audio/fold10/167464-0-0-22.wav,4.0,running_footsteps,0.0043,clean
bg_residential_urbansound8k_01790,residential,urbansound8k,167464-0-0-23.wav,freesound_167464,data/raw/urbansound8k/UrbanSound8K/audio/fold10/167464-0-0-23.wav,4.0,running_footsteps,0.0034,clean
bg_residential_urbansound8k_01791,residential,urbansound8k,167464-0-0-24.wav,freesound_167464,data/raw/urbansound8k/UrbanSound8K/audio/fold10/167464-0-0-24.wav,4.0,running_footsteps,0.0039,clean
bg_residential_urbansound8k_01792,residential,urbansound8k,167464-0-0-3.wav,freesound_167464,data/raw/urbansound8k/UrbanSound8K/audio/fold10/167464-0-0-3.wav,4.0,running_footsteps,0.0091,clean
bg_residential_urbansound8k_01793,residential,urbansound8k,167464-0-0-4.wav,freesound_167464,data/raw/urbansound8k/UrbanSound8K/audio/fold10/167464-0-0-4.wav,4.0,running_footsteps,0.0087,clean
bg_residential_urbansound8k_01794,residential,urbansound8k,167464-0-0-5.wav,freesound_167464,data/raw/urbansound8k/UrbanSound8K/audio/fold10/167464-0-0-5.wav,4.0,running_footsteps,0.0066,clean
bg_residential_urbansound8k_01795,residential,urbansound8k,167464-0-0-6.wav,freesound_167464,data/raw/urbansound8k/UrbanSound8K/audio/fold10/167464-0-0-6.wav,4.0,running_footsteps,0.0097,clean
bg_residential_urbansound8k_01796,residential,urbansound8k,167464-0-0-7.wav,freesound_167464,data/raw/urbansound8k/UrbanSound8K/audio/fold10/167464-0-0-7.wav,4.0,running_footsteps,0.0123,clean
bg_residential_urbansound8k_01797,residential,urbansound8k,167464-0-0-8.wav,freesound_167464,data/raw/urbansound8k/UrbanSound8K/audio/fold10/167464-0-0-8.wav,4.0,running_footsteps,0.0033,clean
bg_residential_urbansound8k_01798,residential,urbansound8k,167464-0-0-9.wav,freesound_167464,data/raw/urbansound8k/UrbanSound8K/audio/fold10/167464-0-0-9.wav,4.0,running_footsteps,0.0032,clean
bg_residential_urbansound8k_01941,residential,urbansound8k,177621-0-0-0.wav,freesound_177621,data/raw/urbansound8k/UrbanSound8K/audio/fold1/177621-0-0-0.wav,4.0,running_footsteps,0.0054,clean
bg_residential_urbansound8k_01942,residential,urbansound8k,177621-0-0-100.wav,freesound_177621,data/raw/urbansound8k/UrbanSound8K/audio/fold1/177621-0-0-100.wav,4.0,running_footsteps,0.0067,clean
bg_residential_urbansound8k_01943,residential,urbansound8k,177621-0-0-104.wav,freesound_177621,data/raw/urbansound8k/UrbanSound8K/audio/fold1/177621-0-0-104.wav,4.0,explosion,0.0033,clean
bg_residential_urbansound8k_01944,residential,urbansound8k,177621-0-0-105.wav,freesound_177621,data/raw/urbansound8k/UrbanSound8K/audio/fold1/177621-0-0-105.wav,4.0,running_footsteps,0.0035,clean
bg_residential_urbansound8k_01945,residential,urbansound8k,177621-0-0-109.wav,freesound_177621,data/raw/urbansound8k/UrbanSound8K/audio/fold1/177621-0-0-109.wav,4.0,siren,0.0153,clean
bg_residential_urbansound8k_01946,residential,urbansound8k,177621-0-0-117.wav,freesound_177621,data/raw/urbansound8k/UrbanSound8K/audio/fold1/177621-0-0-117.wav,4.0,running_footsteps,0.0054,clean
bg_residential_urbansound8k_01947,residential,urbansound8k,177621-0-0-120.wav,freesound_177621,data/raw/urbansound8k/UrbanSound8K/audio/fold1/177621-0-0-120.wav,4.0,running_footsteps,0.0104,clean
bg_residential_urbansound8k_01948,residential,urbansound8k,177621-0-0-126.wav,freesound_177621,data/raw/urbansound8k/UrbanSound8K/audio/fold1/177621-0-0-126.wav,4.0,running_footsteps,0.0029,clean
bg_residential_urbansound8k_01949,residential,urbansound8k,177621-0-0-127.wav,freesound_177621,data/raw/urbansound8k/UrbanSound8K/audio/fold1/177621-0-0-127.wav,4.0,running_footsteps,0.0029,clean
bg_residential_urbansound8k_01950,residential,urbansound8k,177621-0-0-128.wav,freesound_177621,data/raw/urbansound8k/UrbanSound8K/audio/fold1/177621-0-0-128.wav,4.0,running_footsteps,0.0025,clean
bg_residential_urbansound8k_01951,residential,urbansound8k,177621-0-0-145.wav,freesound_177621,data/raw/urbansound8k/UrbanSound8K/audio/fold1/177621-0-0-145.wav,4.0,running_footsteps,0.0051,clean
bg_residential_urbansound8k_01952,residential,urbansound8k,177621-0-0-147.wav,freesound_177621,data/raw/urbansound8k/UrbanSound8K/audio/fold1/177621-0-0-147.wav,4.0,glass_breaking,0.003,clean
bg_residential_urbansound8k_01953,residential,urbansound8k,177621-0-0-2.wav,freesound_177621,data/raw/urbansound8k/UrbanSound8K/audio/fold1/177621-0-0-2.wav,4.0,running_footsteps,0.0034,clean
bg_residential_urbansound8k_01954,residential,urbansound8k,177621-0-0-27.wav,freesound_177621,data/raw/urbansound8k/UrbanSound8K/audio/fold1/177621-0-0-27.wav,4.0,running_footsteps,0.0036,clean
bg_residential_urbansound8k_01955,residential,urbansound8k,177621-0-0-31.wav,freesound_177621,data/raw/urbansound8k/UrbanSound8K/audio/fold1/177621-0-0-31.wav,4.0,running_footsteps,0.0026,clean
bg_residential_urbansound8k_01956,residential,urbansound8k,177621-0-0-35.wav,freesound_177621,data/raw/urbansound8k/UrbanSound8K/audio/fold1/177621-0-0-35.wav,4.0,running_footsteps,0.0056,clean
bg_residential_urbansound8k_01957,residential,urbansound8k,177621-0-0-46.wav,freesound_177621,data/raw/urbansound8k/UrbanSound8K/audio/fold1/177621-0-0-46.wav,4.0,running_footsteps,0.0172,clean
bg_residential_urbansound8k_01958,residential,urbansound8k,177621-0-0-47.wav,freesound_177621,data/raw/urbansound8k/UrbanSound8K/audio/fold1/177621-0-0-47.wav,4.0,running_footsteps,0.0036,clean
bg_residential_urbansound8k_01959,residential,urbansound8k,177621-0-0-48.wav,freesound_177621,data/raw/urbansound8k/UrbanSound8K/audio/fold1/177621-0-0-48.wav,4.0,running_footsteps,0.003,clean
bg_residential_urbansound8k_01960,residential,urbansound8k,177621-0-0-54.wav,freesound_177621,data/raw/urbansound8k/UrbanSound8K/audio/fold1/177621-0-0-54.wav,4.0,running_footsteps,0.008,clean
bg_residential_urbansound8k_01961,residential,urbansound8k,177621-0-0-57.wav,freesound_177621,data/raw/urbansound8k/UrbanSound8K/audio/fold1/177621-0-0-57.wav,4.0,running_footsteps,0.0154,clean
bg_residential_urbansound8k_01962,residential,urbansound8k,177621-0-0-80.wav,freesound_177621,data/raw/urbansound8k/UrbanSound8K/audio/fold1/177621-0-0-80.wav,4.0,siren,0.005,clean
bg_residential_urbansound8k_01963,residential,urbansound8k,177621-0-0-88.wav,freesound_177621,data/raw/urbansound8k/UrbanSound8K/audio/fold1/177621-0-0-88.wav,4.0,running_footsteps,0.0025,clean
bg_residential_urbansound8k_01964,residential,urbansound8k,177621-0-0-91.wav,freesound_177621,data/raw/urbansound8k/UrbanSound8K/audio/fold1/177621-0-0-91.wav,4.0,running_footsteps,0.0043,clean
bg_residential_urbansound8k_01965,residential,urbansound8k,177621-0-0-93.wav,freesound_177621,data/raw/urbansound8k/UrbanSound8K/audio/fold1/177621-0-0-93.wav,4.0,running_footsteps,0.0058,clean
bg_residential_urbansound8k_01966,residential,urbansound8k,177726-0-0-1.wav,freesound_177726,data/raw/urbansound8k/UrbanSound8K/audio/fold8/177726-0-0-1.wav,4.0,door_slam,0.0394,clean
bg_residential_urbansound8k_01967,residential,urbansound8k,177726-0-0-10.wav,freesound_177726,data/raw/urbansound8k/UrbanSound8K/audio/fold8/177726-0-0-10.wav,4.0,explosion,0.0022,clean
bg_residential_urbansound8k_01968,residential,urbansound8k,177726-0-0-11.wav,freesound_177726,data/raw/urbansound8k/UrbanSound8K/audio/fold8/177726-0-0-11.wav,4.0,explosion,0.0029,clean
bg_residential_urbansound8k_01969,residential,urbansound8k,177726-0-0-12.wav,freesound_177726,data/raw/urbansound8k/UrbanSound8K/audio/fold8/177726-0-0-12.wav,4.0,explosion,0.0043,clean
bg_residential_urbansound8k_01970,residential,urbansound8k,177726-0-0-13.wav,freesound_177726,data/raw/urbansound8k/UrbanSound8K/audio/fold8/177726-0-0-13.wav,4.0,explosion,0.0024,clean
bg_residential_urbansound8k_01971,residential,urbansound8k,177726-0-0-14.wav,freesound_177726,data/raw/urbansound8k/UrbanSound8K/audio/fold8/177726-0-0-14.wav,4.0,explosion,0.0024,clean
bg_residential_urbansound8k_01972,residential,urbansound8k,177726-0-0-15.wav,freesound_177726,data/raw/urbansound8k/UrbanSound8K/audio/fold8/177726-0-0-15.wav,4.0,explosion,0.0031,clean
bg_residential_urbansound8k_01973,residential,urbansound8k,177726-0-0-17.wav,freesound_177726,data/raw/urbansound8k/UrbanSound8K/audio/fold8/177726-0-0-17.wav,4.0,explosion,0.0029,clean
bg_residential_urbansound8k_01974,residential,urbansound8k,177726-0-0-18.wav,freesound_177726,data/raw/urbansound8k/UrbanSound8K/audio/fold8/177726-0-0-18.wav,4.0,explosion,0.0028,clean
bg_residential_urbansound8k_01975,residential,urbansound8k,177726-0-0-19.wav,freesound_177726,data/raw/urbansound8k/UrbanSound8K/audio/fold8/177726-0-0-19.wav,4.0,explosion,0.0032,clean
bg_residential_urbansound8k_01976,residential,urbansound8k,177726-0-0-2.wav,freesound_177726,data/raw/urbansound8k/UrbanSound8K/audio/fold8/177726-0-0-2.wav,4.0,running_footsteps,0.0065,clean
bg_residential_urbansound8k_01977,residential,urbansound8k,177726-0-0-21.wav,freesound_177726,data/raw/urbansound8k/UrbanSound8K/audio/fold8/177726-0-0-21.wav,4.0,explosion,0.0023,clean
bg_residential_urbansound8k_01978,residential,urbansound8k,177726-0-0-22.wav,freesound_177726,data/raw/urbansound8k/UrbanSound8K/audio/fold8/177726-0-0-22.wav,4.0,explosion,0.0029,clean
bg_residential_urbansound8k_01979,residential,urbansound8k,177726-0-0-23.wav,freesound_177726,data/raw/urbansound8k/UrbanSound8K/audio/fold8/177726-0-0-23.wav,4.0,explosion,0.0025,clean
bg_residential_urbansound8k_01980,residential,urbansound8k,177726-0-0-25.wav,freesound_177726,data/raw/urbansound8k/UrbanSound8K/audio/fold8/177726-0-0-25.wav,4.0,explosion,0.0035,clean
bg_residential_urbansound8k_01981,residential,urbansound8k,177726-0-0-26.wav,freesound_177726,data/raw/urbansound8k/UrbanSound8K/audio/fold8/177726-0-0-26.wav,4.0,explosion,0.0025,clean
bg_residential_urbansound8k_01982,residential,urbansound8k,177726-0-0-27.wav,freesound_177726,data/raw/urbansound8k/UrbanSound8K/audio/fold8/177726-0-0-27.wav,4.0,explosion,0.0027,clean
bg_residential_urbansound8k_01983,residential,urbansound8k,177726-0-0-28.wav,freesound_177726,data/raw/urbansound8k/UrbanSound8K/audio/fold8/177726-0-0-28.wav,4.0,explosion,0.0019,clean
bg_residential_urbansound8k_01984,residential,urbansound8k,177726-0-0-29.wav,freesound_177726,data/raw/urbansound8k/UrbanSound8K/audio/fold8/177726-0-0-29.wav,4.0,explosion,0.0023,clean
bg_residential_urbansound8k_01985,residential,urbansound8k,177726-0-0-3.wav,freesound_177726,data/raw/urbansound8k/UrbanSound8K/audio/fold8/177726-0-0-3.wav,4.0,running_footsteps,0.0058,clean
bg_residential_urbansound8k_01986,residential,urbansound8k,177726-0-0-30.wav,freesound_177726,data/raw/urbansound8k/UrbanSound8K/audio/fold8/177726-0-0-30.wav,4.0,explosion,0.0024,clean
bg_residential_urbansound8k_01987,residential,urbansound8k,177726-0-0-31.wav,freesound_177726,data/raw/urbansound8k/UrbanSound8K/audio/fold8/177726-0-0-31.wav,4.0,explosion,0.0026,clean
bg_residential_urbansound8k_01988,residential,urbansound8k,177726-0-0-32.wav,freesound_177726,data/raw/urbansound8k/UrbanSound8K/audio/fold8/177726-0-0-32.wav,4.0,explosion,0.0025,clean
bg_residential_urbansound8k_01989,residential,urbansound8k,177726-0-0-33.wav,freesound_177726,data/raw/urbansound8k/UrbanSound8K/audio/fold8/177726-0-0-33.wav,4.0,explosion,0.0028,clean
bg_residential_urbansound8k_01990,residential,urbansound8k,177726-0-0-34.wav,freesound_177726,data/raw/urbansound8k/UrbanSound8K/audio/fold8/177726-0-0-34.wav,4.0,explosion,0.0033,clean
bg_residential_urbansound8k_01991,residential,urbansound8k,177726-0-0-36.wav,freesound_177726,data/raw/urbansound8k/UrbanSound8K/audio/fold8/177726-0-0-36.wav,4.0,explosion,0.0025,clean
bg_residential_urbansound8k_01992,residential,urbansound8k,177726-0-0-37.wav,freesound_177726,data/raw/urbansound8k/UrbanSound8K/audio/fold8/177726-0-0-37.wav,4.0,explosion,0.0024,clean
bg_residential_urbansound8k_01993,residential,urbansound8k,177726-0-0-5.wav,freesound_177726,data/raw/urbansound8k/UrbanSound8K/audio/fold8/177726-0-0-5.wav,4.0,explosion,0.0023,clean
bg_residential_urbansound8k_01994,residential,urbansound8k,177726-0-0-6.wav,freesound_177726,data/raw/urbansound8k/UrbanSound8K/audio/fold8/177726-0-0-6.wav,4.0,explosion,0.0028,clean
bg_residential_urbansound8k_01995,residential,urbansound8k,177726-0-0-7.wav,freesound_177726,data/raw/urbansound8k/UrbanSound8K/audio/fold8/177726-0-0-7.wav,4.0,explosion,0.0025,clean
bg_residential_urbansound8k_01996,residential,urbansound8k,177726-0-0-8.wav,freesound_177726,data/raw/urbansound8k/UrbanSound8K/audio/fold8/177726-0-0-8.wav,4.0,explosion,0.0024,clean
bg_residential_urbansound8k_01997,residential,urbansound8k,177726-0-0-9.wav,freesound_177726,data/raw/urbansound8k/UrbanSound8K/audio/fold8/177726-0-0-9.wav,4.0,explosion,0.0031,clean
bg_residential_urbansound8k_01998,residential,urbansound8k,177729-0-0-1.wav,freesound_177729,data/raw/urbansound8k/UrbanSound8K/audio/fold7/177729-0-0-1.wav,4.0,vehicle_crash,0.0177,clean
bg_residential_urbansound8k_01999,residential,urbansound8k,177729-0-0-106.wav,freesound_177729,data/raw/urbansound8k/UrbanSound8K/audio/fold7/177729-0-0-106.wav,4.0,running_footsteps,0.0107,clean
bg_residential_urbansound8k_02000,residential,urbansound8k,177729-0-0-108.wav,freesound_177729,data/raw/urbansound8k/UrbanSound8K/audio/fold7/177729-0-0-108.wav,4.0,vehicle_crash,0.0078,clean
bg_residential_urbansound8k_02001,residential,urbansound8k,177729-0-0-111.wav,freesound_177729,data/raw/urbansound8k/UrbanSound8K/audio/fold7/177729-0-0-111.wav,4.0,glass_breaking,0.0045,clean
bg_residential_urbansound8k_02002,residential,urbansound8k,177729-0-0-120.wav,freesound_177729,data/raw/urbansound8k/UrbanSound8K/audio/fold7/177729-0-0-120.wav,4.0,siren,0.0037,clean
bg_residential_urbansound8k_02003,residential,urbansound8k,177729-0-0-128.wav,freesound_177729,data/raw/urbansound8k/UrbanSound8K/audio/fold7/177729-0-0-128.wav,4.0,vehicle_crash,0.0059,clean
bg_residential_urbansound8k_02004,residential,urbansound8k,177729-0-0-20.wav,freesound_177729,data/raw/urbansound8k/UrbanSound8K/audio/fold7/177729-0-0-20.wav,4.0,siren,0.0031,clean
bg_residential_urbansound8k_02005,residential,urbansound8k,177729-0-0-22.wav,freesound_177729,data/raw/urbansound8k/UrbanSound8K/audio/fold7/177729-0-0-22.wav,4.0,siren,0.0045,clean
bg_residential_urbansound8k_02006,residential,urbansound8k,177729-0-0-27.wav,freesound_177729,data/raw/urbansound8k/UrbanSound8K/audio/fold7/177729-0-0-27.wav,4.0,siren,0.0107,clean
bg_residential_urbansound8k_02007,residential,urbansound8k,177729-0-0-28.wav,freesound_177729,data/raw/urbansound8k/UrbanSound8K/audio/fold7/177729-0-0-28.wav,4.0,siren,0.0143,clean
bg_residential_urbansound8k_02008,residential,urbansound8k,177729-0-0-3.wav,freesound_177729,data/raw/urbansound8k/UrbanSound8K/audio/fold7/177729-0-0-3.wav,4.0,vehicle_crash,0.007,clean
bg_residential_urbansound8k_02009,residential,urbansound8k,177729-0-0-38.wav,freesound_177729,data/raw/urbansound8k/UrbanSound8K/audio/fold7/177729-0-0-38.wav,4.0,running_footsteps,0.0127,clean
bg_residential_urbansound8k_02010,residential,urbansound8k,177729-0-0-40.wav,freesound_177729,data/raw/urbansound8k/UrbanSound8K/audio/fold7/177729-0-0-40.wav,4.0,siren,0.0497,clean
bg_residential_urbansound8k_02011,residential,urbansound8k,177729-0-0-42.wav,freesound_177729,data/raw/urbansound8k/UrbanSound8K/audio/fold7/177729-0-0-42.wav,4.0,running_footsteps,0.0106,clean
bg_residential_urbansound8k_02012,residential,urbansound8k,177729-0-0-50.wav,freesound_177729,data/raw/urbansound8k/UrbanSound8K/audio/fold7/177729-0-0-50.wav,4.0,running_footsteps,0.004,clean
bg_residential_urbansound8k_02013,residential,urbansound8k,177729-0-0-51.wav,freesound_177729,data/raw/urbansound8k/UrbanSound8K/audio/fold7/177729-0-0-51.wav,4.0,running_footsteps,0.0043,clean
bg_residential_urbansound8k_02014,residential,urbansound8k,177729-0-0-53.wav,freesound_177729,data/raw/urbansound8k/UrbanSound8K/audio/fold7/177729-0-0-53.wav,4.0,running_footsteps,0.0051,clean
bg_residential_urbansound8k_02015,residential,urbansound8k,177729-0-0-58.wav,freesound_177729,data/raw/urbansound8k/UrbanSound8K/audio/fold7/177729-0-0-58.wav,4.0,siren,0.005,clean
bg_residential_urbansound8k_02016,residential,urbansound8k,177729-0-0-63.wav,freesound_177729,data/raw/urbansound8k/UrbanSound8K/audio/fold7/177729-0-0-63.wav,4.0,vehicle_crash,0.0173,clean
bg_residential_urbansound8k_02017,residential,urbansound8k,177729-0-0-67.wav,freesound_177729,data/raw/urbansound8k/UrbanSound8K/audio/fold7/177729-0-0-67.wav,4.0,vehicle_crash,0.0045,clean
bg_residential_urbansound8k_02018,residential,urbansound8k,177729-0-0-68.wav,freesound_177729,data/raw/urbansound8k/UrbanSound8K/audio/fold7/177729-0-0-68.wav,4.0,vehicle_crash,0.0048,clean
bg_residential_urbansound8k_02019,residential,urbansound8k,177729-0-0-69.wav,freesound_177729,data/raw/urbansound8k/UrbanSound8K/audio/fold7/177729-0-0-69.wav,4.0,siren,0.0822,clean
bg_residential_urbansound8k_02020,residential,urbansound8k,177729-0-0-73.wav,freesound_177729,data/raw/urbansound8k/UrbanSound8K/audio/fold7/177729-0-0-73.wav,4.0,glass_breaking,0.0025,clean
bg_residential_urbansound8k_02021,residential,urbansound8k,177729-0-0-74.wav,freesound_177729,data/raw/urbansound8k/UrbanSound8K/audio/fold7/177729-0-0-74.wav,4.0,glass_breaking,0.0033,clean
bg_residential_urbansound8k_02022,residential,urbansound8k,177729-0-0-80.wav,freesound_177729,data/raw/urbansound8k/UrbanSound8K/audio/fold7/177729-0-0-80.wav,4.0,glass_breaking,0.0043,clean
bg_residential_urbansound8k_02023,residential,urbansound8k,177729-0-0-82.wav,freesound_177729,data/raw/urbansound8k/UrbanSound8K/audio/fold7/177729-0-0-82.wav,4.0,siren,0.2893,flagged
bg_residential_urbansound8k_02024,residential,urbansound8k,177729-0-0-83.wav,freesound_177729,data/raw/urbansound8k/UrbanSound8K/audio/fold7/177729-0-0-83.wav,4.0,siren,0.0034,clean
bg_residential_urbansound8k_02025,residential,urbansound8k,177729-0-0-89.wav,freesound_177729,data/raw/urbansound8k/UrbanSound8K/audio/fold7/177729-0-0-89.wav,4.0,siren,0.0129,clean
bg_residential_urbansound8k_02026,residential,urbansound8k,177729-0-0-91.wav,freesound_177729,data/raw/urbansound8k/UrbanSound8K/audio/fold7/177729-0-0-91.wav,4.0,running_footsteps,0.009,clean
bg_residential_urbansound8k_02027,residential,urbansound8k,177729-0-0-97.wav,freesound_177729,data/raw/urbansound8k/UrbanSound8K/audio/fold7/177729-0-0-97.wav,4.0,vehicle_crash,0.007,clean
bg_residential_urbansound8k_02028,residential,urbansound8k,177729-0-0-98.wav,freesound_177729,data/raw/urbansound8k/UrbanSound8K/audio/fold7/177729-0-0-98.wav,4.0,siren,0.0072,clean
bg_residential_urbansound8k_02029,residential,urbansound8k,177742-0-0-10.wav,freesound_177742,data/raw/urbansound8k/UrbanSound8K/audio/fold3/177742-0-0-10.wav,4.0,running_footsteps,0.0026,clean
bg_residential_urbansound8k_02030,residential,urbansound8k,177742-0-0-102.wav,freesound_177742,data/raw/urbansound8k/UrbanSound8K/audio/fold3/177742-0-0-102.wav,4.0,siren,0.0493,clean
bg_residential_urbansound8k_02031,residential,urbansound8k,177742-0-0-111.wav,freesound_177742,data/raw/urbansound8k/UrbanSound8K/audio/fold3/177742-0-0-111.wav,4.0,siren,0.0032,clean
bg_residential_urbansound8k_02032,residential,urbansound8k,177742-0-0-149.wav,freesound_177742,data/raw/urbansound8k/UrbanSound8K/audio/fold3/177742-0-0-149.wav,4.0,running_footsteps,0.0013,clean
bg_residential_urbansound8k_02033,residential,urbansound8k,177742-0-0-161.wav,freesound_177742,data/raw/urbansound8k/UrbanSound8K/audio/fold3/177742-0-0-161.wav,4.0,vehicle_crash,0.0016,clean
bg_residential_urbansound8k_02034,residential,urbansound8k,177742-0-0-164.wav,freesound_177742,data/raw/urbansound8k/UrbanSound8K/audio/fold3/177742-0-0-164.wav,4.0,glass_breaking,0.0011,clean
bg_residential_urbansound8k_02035,residential,urbansound8k,177742-0-0-165.wav,freesound_177742,data/raw/urbansound8k/UrbanSound8K/audio/fold3/177742-0-0-165.wav,4.0,running_footsteps,0.0017,clean
bg_residential_urbansound8k_02036,residential,urbansound8k,177742-0-0-17.wav,freesound_177742,data/raw/urbansound8k/UrbanSound8K/audio/fold3/177742-0-0-17.wav,4.0,running_footsteps,0.002,clean
bg_residential_urbansound8k_02037,residential,urbansound8k,177742-0-0-178.wav,freesound_177742,data/raw/urbansound8k/UrbanSound8K/audio/fold3/177742-0-0-178.wav,4.0,running_footsteps,0.0015,clean
bg_residential_urbansound8k_02038,residential,urbansound8k,177742-0-0-196.wav,freesound_177742,data/raw/urbansound8k/UrbanSound8K/audio/fold3/177742-0-0-196.wav,4.0,running_footsteps,0.001,clean
bg_residential_urbansound8k_02039,residential,urbansound8k,177742-0-0-202.wav,freesound_177742,data/raw/urbansound8k/UrbanSound8K/audio/fold3/177742-0-0-202.wav,4.0,running_footsteps,0.001,clean
bg_residential_urbansound8k_02040,residential,urbansound8k,177742-0-0-203.wav,freesound_177742,data/raw/urbansound8k/UrbanSound8K/audio/fold3/177742-0-0-203.wav,4.0,running_footsteps,0.0011,clean
bg_residential_urbansound8k_02041,residential,urbansound8k,177742-0-0-204.wav,freesound_177742,data/raw/urbansound8k/UrbanSound8K/audio/fold3/177742-0-0-204.wav,4.0,running_footsteps,0.001,clean
bg_residential_urbansound8k_02042,residential,urbansound8k,177742-0-0-205.wav,freesound_177742,data/raw/urbansound8k/UrbanSound8K/audio/fold3/177742-0-0-205.wav,4.0,glass_breaking,0.001,clean
bg_residential_urbansound8k_02043,residential,urbansound8k,177742-0-0-211.wav,freesound_177742,data/raw/urbansound8k/UrbanSound8K/audio/fold3/177742-0-0-211.wav,4.0,siren,0.0031,clean
bg_residential_urbansound8k_02044,residential,urbansound8k,177742-0-0-214.wav,freesound_177742,data/raw/urbansound8k/UrbanSound8K/audio/fold3/177742-0-0-214.wav,4.0,running_footsteps,0.0026,clean
bg_residential_urbansound8k_02045,residential,urbansound8k,177742-0-0-3.wav,freesound_177742,data/raw/urbansound8k/UrbanSound8K/audio/fold3/177742-0-0-3.wav,4.0,running_footsteps,0.0009,clean
bg_residential_urbansound8k_02046,residential,urbansound8k,177742-0-0-36.wav,freesound_177742,data/raw/urbansound8k/UrbanSound8K/audio/fold3/177742-0-0-36.wav,4.0,running_footsteps,0.0063,clean
bg_residential_urbansound8k_02047,residential,urbansound8k,177742-0-0-49.wav,freesound_177742,data/raw/urbansound8k/UrbanSound8K/audio/fold3/177742-0-0-49.wav,4.0,running_footsteps,0.004,clean
bg_residential_urbansound8k_02048,residential,urbansound8k,177742-0-0-58.wav,freesound_177742,data/raw/urbansound8k/UrbanSound8K/audio/fold3/177742-0-0-58.wav,4.0,running_footsteps,0.0012,clean
bg_residential_urbansound8k_02049,residential,urbansound8k,177742-0-0-67.wav,freesound_177742,data/raw/urbansound8k/UrbanSound8K/audio/fold3/177742-0-0-67.wav,4.0,running_footsteps,0.0019,clean
bg_residential_urbansound8k_02050,residential,urbansound8k,177742-0-0-73.wav,freesound_177742,data/raw/urbansound8k/UrbanSound8K/audio/fold3/177742-0-0-73.wav,4.0,running_footsteps,0.0058,clean
bg_residential_urbansound8k_02051,residential,urbansound8k,177742-0-0-84.wav,freesound_177742,data/raw/urbansound8k/UrbanSound8K/audio/fold3/177742-0-0-84.wav,4.0,vehicle_crash,0.024,clean
bg_residential_urbansound8k_02052,residential,urbansound8k,177742-0-0-99.wav,freesound_177742,data/raw/urbansound8k/UrbanSound8K/audio/fold3/177742-0-0-99.wav,4.0,vehicle_crash,0.0561,clean
bg_residential_urbansound8k_02053,residential,urbansound8k,178686-0-0-1.wav,freesound_178686,data/raw/urbansound8k/UrbanSound8K/audio/fold5/178686-0-0-1.wav,4.0,door_slam,0.0061,clean
bg_residential_urbansound8k_02054,residential,urbansound8k,178686-0-0-11.wav,freesound_178686,data/raw/urbansound8k/UrbanSound8K/audio/fold5/178686-0-0-11.wav,4.0,door_slam,0.0041,clean
bg_residential_urbansound8k_02055,residential,urbansound8k,178686-0-0-12.wav,freesound_178686,data/raw/urbansound8k/UrbanSound8K/audio/fold5/178686-0-0-12.wav,4.0,door_slam,0.0048,clean
bg_residential_urbansound8k_02056,residential,urbansound8k,178686-0-0-14.wav,freesound_178686,data/raw/urbansound8k/UrbanSound8K/audio/fold5/178686-0-0-14.wav,4.0,door_slam,0.0111,clean
bg_residential_urbansound8k_02057,residential,urbansound8k,178686-0-0-15.wav,freesound_178686,data/raw/urbansound8k/UrbanSound8K/audio/fold5/178686-0-0-15.wav,4.0,explosion,0.0078,clean
bg_residential_urbansound8k_02058,residential,urbansound8k,178686-0-0-16.wav,freesound_178686,data/raw/urbansound8k/UrbanSound8K/audio/fold5/178686-0-0-16.wav,4.0,explosion,0.0095,clean
bg_residential_urbansound8k_02059,residential,urbansound8k,178686-0-0-17.wav,freesound_178686,data/raw/urbansound8k/UrbanSound8K/audio/fold5/178686-0-0-17.wav,4.0,explosion,0.0081,clean
bg_residential_urbansound8k_02060,residential,urbansound8k,178686-0-0-18.wav,freesound_178686,data/raw/urbansound8k/UrbanSound8K/audio/fold5/178686-0-0-18.wav,4.0,explosion,0.0051,clean
bg_residential_urbansound8k_02061,residential,urbansound8k,178686-0-0-19.wav,freesound_178686,data/raw/urbansound8k/UrbanSound8K/audio/fold5/178686-0-0-19.wav,4.0,explosion,0.0157,clean
bg_residential_urbansound8k_02062,residential,urbansound8k,178686-0-0-2.wav,freesound_178686,data/raw/urbansound8k/UrbanSound8K/audio/fold5/178686-0-0-2.wav,4.0,door_slam,0.1075,clean
bg_residential_urbansound8k_02063,residential,urbansound8k,178686-0-0-21.wav,freesound_178686,data/raw/urbansound8k/UrbanSound8K/audio/fold5/178686-0-0-21.wav,4.0,running_footsteps,0.0039,clean
bg_residential_urbansound8k_02064,residential,urbansound8k,178686-0-0-23.wav,freesound_178686,data/raw/urbansound8k/UrbanSound8K/audio/fold5/178686-0-0-23.wav,4.0,door_slam,0.0042,clean
bg_residential_urbansound8k_02065,residential,urbansound8k,178686-0-0-3.wav,freesound_178686,data/raw/urbansound8k/UrbanSound8K/audio/fold5/178686-0-0-3.wav,4.0,explosion,0.099,clean
bg_residential_urbansound8k_02066,residential,urbansound8k,178686-0-0-31.wav,freesound_178686,data/raw/urbansound8k/UrbanSound8K/audio/fold5/178686-0-0-31.wav,4.0,explosion,0.0054,clean
bg_residential_urbansound8k_02067,residential,urbansound8k,178686-0-0-33.wav,freesound_178686,data/raw/urbansound8k/UrbanSound8K/audio/fold5/178686-0-0-33.wav,4.0,explosion,0.0047,clean
bg_residential_urbansound8k_02068,residential,urbansound8k,178686-0-0-34.wav,freesound_178686,data/raw/urbansound8k/UrbanSound8K/audio/fold5/178686-0-0-34.wav,4.0,explosion,0.0047,clean
bg_residential_urbansound8k_02069,residential,urbansound8k,178686-0-0-38.wav,freesound_178686,data/raw/urbansound8k/UrbanSound8K/audio/fold5/178686-0-0-38.wav,4.0,explosion,0.0039,clean
bg_residential_urbansound8k_02070,residential,urbansound8k,178686-0-0-39.wav,freesound_178686,data/raw/urbansound8k/UrbanSound8K/audio/fold5/178686-0-0-39.wav,4.0,running_footsteps,0.0033,clean
bg_residential_urbansound8k_02071,residential,urbansound8k,178686-0-0-42.wav,freesound_178686,data/raw/urbansound8k/UrbanSound8K/audio/fold5/178686-0-0-42.wav,4.0,explosion,0.005,clean
bg_residential_urbansound8k_02072,residential,urbansound8k,178686-0-0-43.wav,freesound_178686,data/raw/urbansound8k/UrbanSound8K/audio/fold5/178686-0-0-43.wav,4.0,running_footsteps,0.0028,clean
bg_residential_urbansound8k_02073,residential,urbansound8k,178686-0-0-44.wav,freesound_178686,data/raw/urbansound8k/UrbanSound8K/audio/fold5/178686-0-0-44.wav,4.0,running_footsteps,0.0026,clean
bg_residential_urbansound8k_02074,residential,urbansound8k,178686-0-0-45.wav,freesound_178686,data/raw/urbansound8k/UrbanSound8K/audio/fold5/178686-0-0-45.wav,4.0,explosion,0.0046,clean
bg_residential_urbansound8k_02075,residential,urbansound8k,178686-0-0-46.wav,freesound_178686,data/raw/urbansound8k/UrbanSound8K/audio/fold5/178686-0-0-46.wav,4.0,explosion,0.0049,clean
bg_residential_urbansound8k_02076,residential,urbansound8k,178686-0-0-53.wav,freesound_178686,data/raw/urbansound8k/UrbanSound8K/audio/fold5/178686-0-0-53.wav,4.0,explosion,0.0069,clean
bg_residential_urbansound8k_02077,residential,urbansound8k,178686-0-0-55.wav,freesound_178686,data/raw/urbansound8k/UrbanSound8K/audio/fold5/178686-0-0-55.wav,4.0,explosion,0.0083,clean
bg_residential_urbansound8k_02078,residential,urbansound8k,178686-0-0-57.wav,freesound_178686,data/raw/urbansound8k/UrbanSound8K/audio/fold5/178686-0-0-57.wav,4.0,explosion,0.0081,clean
bg_residential_urbansound8k_02079,residential,urbansound8k,178686-0-0-6.wav,freesound_178686,data/raw/urbansound8k/UrbanSound8K/audio/fold5/178686-0-0-6.wav,4.0,running_footsteps,0.0024,clean
bg_residential_urbansound8k_02080,residential,urbansound8k,178686-0-0-60.wav,freesound_178686,data/raw/urbansound8k/UrbanSound8K/audio/fold5/178686-0-0-60.wav,4.0,door_slam,0.0137,clean
bg_residential_urbansound8k_02081,residential,urbansound8k,178686-0-0-63.wav,freesound_178686,data/raw/urbansound8k/UrbanSound8K/audio/fold5/178686-0-0-63.wav,4.0,door_slam,0.0168,clean
bg_residential_urbansound8k_02082,residential,urbansound8k,178686-0-0-64.wav,freesound_178686,data/raw/urbansound8k/UrbanSound8K/audio/fold5/178686-0-0-64.wav,4.0,explosion,0.009,clean
bg_residential_urbansound8k_02083,residential,urbansound8k,178686-0-0-65.wav,freesound_178686,data/raw/urbansound8k/UrbanSound8K/audio/fold5/178686-0-0-65.wav,4.0,explosion,0.0105,clean
bg_residential_urbansound8k_02084,residential,urbansound8k,178686-0-0-66.wav,freesound_178686,data/raw/urbansound8k/UrbanSound8K/audio/fold5/178686-0-0-66.wav,4.0,explosion,0.0071,clean
bg_residential_urbansound8k_02085,residential,urbansound8k,178686-0-0-67.wav,freesound_178686,data/raw/urbansound8k/UrbanSound8K/audio/fold5/178686-0-0-67.wav,4.0,explosion,0.0086,clean
bg_residential_urbansound8k_02086,residential,urbansound8k,178686-0-0-68.wav,freesound_178686,data/raw/urbansound8k/UrbanSound8K/audio/fold5/178686-0-0-68.wav,4.0,explosion,0.0088,clean
bg_residential_urbansound8k_02087,residential,urbansound8k,178686-0-0-7.wav,freesound_178686,data/raw/urbansound8k/UrbanSound8K/audio/fold5/178686-0-0-7.wav,4.0,running_footsteps,0.0024,clean
bg_residential_urbansound8k_02088,residential,urbansound8k,178686-0-0-72.wav,freesound_178686,data/raw/urbansound8k/UrbanSound8K/audio/fold5/178686-0-0-72.wav,4.0,explosion,0.0036,clean
bg_residential_urbansound8k_02089,residential,urbansound8k,178686-0-0-8.wav,freesound_178686,data/raw/urbansound8k/UrbanSound8K/audio/fold5/178686-0-0-8.wav,4.0,explosion,0.0021,clean
bg_residential_urbansound8k_02090,residential,urbansound8k,178686-0-0-9.wav,freesound_178686,data/raw/urbansound8k/UrbanSound8K/audio/fold5/178686-0-0-9.wav,4.0,running_footsteps,0.0026,clean
bg_residential_urbansound8k_02152,residential,urbansound8k,184805-0-0-101.wav,freesound_184805,data/raw/urbansound8k/UrbanSound8K/audio/fold6/184805-0-0-101.wav,4.0,running_footsteps,0.0072,clean
bg_residential_urbansound8k_02153,residential,urbansound8k,184805-0-0-103.wav,freesound_184805,data/raw/urbansound8k/UrbanSound8K/audio/fold6/184805-0-0-103.wav,4.0,running_footsteps,0.0099,clean
bg_residential_urbansound8k_02154,residential,urbansound8k,184805-0-0-104.wav,freesound_184805,data/raw/urbansound8k/UrbanSound8K/audio/fold6/184805-0-0-104.wav,4.0,running_footsteps,0.0202,clean
bg_residential_urbansound8k_02155,residential,urbansound8k,184805-0-0-112.wav,freesound_184805,data/raw/urbansound8k/UrbanSound8K/audio/fold6/184805-0-0-112.wav,4.0,running_footsteps,0.083,clean
bg_residential_urbansound8k_02156,residential,urbansound8k,184805-0-0-121.wav,freesound_184805,data/raw/urbansound8k/UrbanSound8K/audio/fold6/184805-0-0-121.wav,4.0,running_footsteps,0.0071,clean
bg_residential_urbansound8k_02157,residential,urbansound8k,184805-0-0-13.wav,freesound_184805,data/raw/urbansound8k/UrbanSound8K/audio/fold6/184805-0-0-13.wav,4.0,running_footsteps,0.008,clean
bg_residential_urbansound8k_02158,residential,urbansound8k,184805-0-0-16.wav,freesound_184805,data/raw/urbansound8k/UrbanSound8K/audio/fold6/184805-0-0-16.wav,4.0,running_footsteps,0.0034,clean
bg_residential_urbansound8k_02159,residential,urbansound8k,184805-0-0-2.wav,freesound_184805,data/raw/urbansound8k/UrbanSound8K/audio/fold6/184805-0-0-2.wav,4.0,siren,0.007,clean
bg_residential_urbansound8k_02160,residential,urbansound8k,184805-0-0-27.wav,freesound_184805,data/raw/urbansound8k/UrbanSound8K/audio/fold6/184805-0-0-27.wav,4.0,running_footsteps,0.0109,clean
bg_residential_urbansound8k_02161,residential,urbansound8k,184805-0-0-32.wav,freesound_184805,data/raw/urbansound8k/UrbanSound8K/audio/fold6/184805-0-0-32.wav,4.0,running_footsteps,0.0136,clean
bg_residential_urbansound8k_02162,residential,urbansound8k,184805-0-0-34.wav,freesound_184805,data/raw/urbansound8k/UrbanSound8K/audio/fold6/184805-0-0-34.wav,4.0,running_footsteps,0.0185,clean
bg_residential_urbansound8k_02163,residential,urbansound8k,184805-0-0-4.wav,freesound_184805,data/raw/urbansound8k/UrbanSound8K/audio/fold6/184805-0-0-4.wav,4.0,glass_breaking,0.0022,clean
bg_residential_urbansound8k_02164,residential,urbansound8k,184805-0-0-40.wav,freesound_184805,data/raw/urbansound8k/UrbanSound8K/audio/fold6/184805-0-0-40.wav,4.0,siren,0.0077,clean
bg_residential_urbansound8k_02165,residential,urbansound8k,184805-0-0-45.wav,freesound_184805,data/raw/urbansound8k/UrbanSound8K/audio/fold6/184805-0-0-45.wav,4.0,siren,0.0055,clean
bg_residential_urbansound8k_02166,residential,urbansound8k,184805-0-0-47.wav,freesound_184805,data/raw/urbansound8k/UrbanSound8K/audio/fold6/184805-0-0-47.wav,4.0,running_footsteps,0.0045,clean
bg_residential_urbansound8k_02167,residential,urbansound8k,184805-0-0-48.wav,freesound_184805,data/raw/urbansound8k/UrbanSound8K/audio/fold6/184805-0-0-48.wav,4.0,running_footsteps,0.004,clean
bg_residential_urbansound8k_02168,residential,urbansound8k,184805-0-0-49.wav,freesound_184805,data/raw/urbansound8k/UrbanSound8K/audio/fold6/184805-0-0-49.wav,4.0,siren,0.0057,clean
bg_residential_urbansound8k_02169,residential,urbansound8k,184805-0-0-5.wav,freesound_184805,data/raw/urbansound8k/UrbanSound8K/audio/fold6/184805-0-0-5.wav,4.0,running_footsteps,0.0032,clean
bg_residential_urbansound8k_02170,residential,urbansound8k,184805-0-0-51.wav,freesound_184805,data/raw/urbansound8k/UrbanSound8K/audio/fold6/184805-0-0-51.wav,4.0,running_footsteps,0.0083,clean
bg_residential_urbansound8k_02171,residential,urbansound8k,184805-0-0-54.wav,freesound_184805,data/raw/urbansound8k/UrbanSound8K/audio/fold6/184805-0-0-54.wav,4.0,running_footsteps,0.004,clean
bg_residential_urbansound8k_02172,residential,urbansound8k,184805-0-0-57.wav,freesound_184805,data/raw/urbansound8k/UrbanSound8K/audio/fold6/184805-0-0-57.wav,4.0,running_footsteps,0.0043,clean
bg_residential_urbansound8k_02173,residential,urbansound8k,184805-0-0-58.wav,freesound_184805,data/raw/urbansound8k/UrbanSound8K/audio/fold6/184805-0-0-58.wav,4.0,explosion,0.0034,clean
bg_residential_urbansound8k_02174,residential,urbansound8k,184805-0-0-61.wav,freesound_184805,data/raw/urbansound8k/UrbanSound8K/audio/fold6/184805-0-0-61.wav,4.0,running_footsteps,0.03,clean
bg_residential_urbansound8k_02175,residential,urbansound8k,184805-0-0-63.wav,freesound_184805,data/raw/urbansound8k/UrbanSound8K/audio/fold6/184805-0-0-63.wav,4.0,running_footsteps,0.0128,clean
bg_residential_urbansound8k_02176,residential,urbansound8k,184805-0-0-64.wav,freesound_184805,data/raw/urbansound8k/UrbanSound8K/audio/fold6/184805-0-0-64.wav,4.0,running_footsteps,0.0129,clean
bg_residential_urbansound8k_02177,residential,urbansound8k,184805-0-0-74.wav,freesound_184805,data/raw/urbansound8k/UrbanSound8K/audio/fold6/184805-0-0-74.wav,4.0,running_footsteps,0.0055,clean
bg_residential_urbansound8k_02178,residential,urbansound8k,184805-0-0-75.wav,freesound_184805,data/raw/urbansound8k/UrbanSound8K/audio/fold6/184805-0-0-75.wav,4.0,running_footsteps,0.0032,clean
bg_residential_urbansound8k_02179,residential,urbansound8k,184805-0-0-77.wav,freesound_184805,data/raw/urbansound8k/UrbanSound8K/audio/fold6/184805-0-0-77.wav,4.0,siren,0.0155,clean
bg_residential_urbansound8k_02180,residential,urbansound8k,184805-0-0-81.wav,freesound_184805,data/raw/urbansound8k/UrbanSound8K/audio/fold6/184805-0-0-81.wav,4.0,running_footsteps,0.0124,clean
bg_residential_urbansound8k_02181,residential,urbansound8k,184805-0-0-82.wav,freesound_184805,data/raw/urbansound8k/UrbanSound8K/audio/fold6/184805-0-0-82.wav,4.0,siren,0.0095,clean
bg_residential_urbansound8k_02182,residential,urbansound8k,184805-0-0-88.wav,freesound_184805,data/raw/urbansound8k/UrbanSound8K/audio/fold6/184805-0-0-88.wav,4.0,siren,0.0152,clean
bg_residential_urbansound8k_02183,residential,urbansound8k,184805-0-0-90.wav,freesound_184805,data/raw/urbansound8k/UrbanSound8K/audio/fold6/184805-0-0-90.wav,4.0,siren,0.0098,clean
bg_residential_urbansound8k_02184,residential,urbansound8k,184805-0-0-99.wav,freesound_184805,data/raw/urbansound8k/UrbanSound8K/audio/fold6/184805-0-0-99.wav,4.0,running_footsteps,0.0083,clean
bg_residential_urbansound8k_02239,residential,urbansound8k,195969-0-0-1.wav,freesound_195969,data/raw/urbansound8k/UrbanSound8K/audio/fold4/195969-0-0-1.wav,4.0,door_slam,0.0023,clean
bg_residential_urbansound8k_02240,residential,urbansound8k,195969-0-0-10.wav,freesound_195969,data/raw/urbansound8k/UrbanSound8K/audio/fold4/195969-0-0-10.wav,4.0,alarm_bell,0.0019,clean
bg_residential_urbansound8k_02241,residential,urbansound8k,195969-0-0-12.wav,freesound_195969,data/raw/urbansound8k/UrbanSound8K/audio/fold4/195969-0-0-12.wav,4.0,glass_breaking,0.0022,clean
bg_residential_urbansound8k_02242,residential,urbansound8k,195969-0-0-13.wav,freesound_195969,data/raw/urbansound8k/UrbanSound8K/audio/fold4/195969-0-0-13.wav,4.0,glass_breaking,0.0025,clean
bg_residential_urbansound8k_02243,residential,urbansound8k,195969-0-0-14.wav,freesound_195969,data/raw/urbansound8k/UrbanSound8K/audio/fold4/195969-0-0-14.wav,4.0,glass_breaking,0.0025,clean
bg_residential_urbansound8k_02244,residential,urbansound8k,195969-0-0-15.wav,freesound_195969,data/raw/urbansound8k/UrbanSound8K/audio/fold4/195969-0-0-15.wav,4.0,glass_breaking,0.0029,clean
bg_residential_urbansound8k_02245,residential,urbansound8k,195969-0-0-17.wav,freesound_195969,data/raw/urbansound8k/UrbanSound8K/audio/fold4/195969-0-0-17.wav,4.0,running_footsteps,0.0027,clean
bg_residential_urbansound8k_02246,residential,urbansound8k,195969-0-0-18.wav,freesound_195969,data/raw/urbansound8k/UrbanSound8K/audio/fold4/195969-0-0-18.wav,4.0,running_footsteps,0.0017,clean
bg_residential_urbansound8k_02247,residential,urbansound8k,195969-0-0-19.wav,freesound_195969,data/raw/urbansound8k/UrbanSound8K/audio/fold4/195969-0-0-19.wav,4.0,glass_breaking,0.0032,clean
bg_residential_urbansound8k_02248,residential,urbansound8k,195969-0-0-2.wav,freesound_195969,data/raw/urbansound8k/UrbanSound8K/audio/fold4/195969-0-0-2.wav,4.0,vehicle_crash,0.0045,clean
bg_residential_urbansound8k_02249,residential,urbansound8k,195969-0-0-20.wav,freesound_195969,data/raw/urbansound8k/UrbanSound8K/audio/fold4/195969-0-0-20.wav,4.0,glass_breaking,0.0018,clean
bg_residential_urbansound8k_02250,residential,urbansound8k,195969-0-0-21.wav,freesound_195969,data/raw/urbansound8k/UrbanSound8K/audio/fold4/195969-0-0-21.wav,4.0,glass_breaking,0.002,clean
bg_residential_urbansound8k_02251,residential,urbansound8k,195969-0-0-22.wav,freesound_195969,data/raw/urbansound8k/UrbanSound8K/audio/fold4/195969-0-0-22.wav,4.0,glass_breaking,0.002,clean
bg_residential_urbansound8k_02252,residential,urbansound8k,195969-0-0-24.wav,freesound_195969,data/raw/urbansound8k/UrbanSound8K/audio/fold4/195969-0-0-24.wav,4.0,running_footsteps,0.0018,clean
bg_residential_urbansound8k_02253,residential,urbansound8k,195969-0-0-25.wav,freesound_195969,data/raw/urbansound8k/UrbanSound8K/audio/fold4/195969-0-0-25.wav,4.0,running_footsteps,0.002,clean
bg_residential_urbansound8k_02254,residential,urbansound8k,195969-0-0-26.wav,freesound_195969,data/raw/urbansound8k/UrbanSound8K/audio/fold4/195969-0-0-26.wav,4.0,running_footsteps,0.0024,clean
bg_residential_urbansound8k_02255,residential,urbansound8k,195969-0-0-28.wav,freesound_195969,data/raw/urbansound8k/UrbanSound8K/audio/fold4/195969-0-0-28.wav,4.0,alarm_bell,0.003,clean
bg_residential_urbansound8k_02256,residential,urbansound8k,195969-0-0-4.wav,freesound_195969,data/raw/urbansound8k/UrbanSound8K/audio/fold4/195969-0-0-4.wav,4.0,running_footsteps,0.0021,clean
bg_residential_urbansound8k_02257,residential,urbansound8k,195969-0-0-5.wav,freesound_195969,data/raw/urbansound8k/UrbanSound8K/audio/fold4/195969-0-0-5.wav,4.0,glass_breaking,0.0021,clean
bg_residential_urbansound8k_02258,residential,urbansound8k,195969-0-0-6.wav,freesound_195969,data/raw/urbansound8k/UrbanSound8K/audio/fold4/195969-0-0-6.wav,4.0,glass_breaking,0.0024,clean
bg_residential_urbansound8k_02259,residential,urbansound8k,195969-0-0-7.wav,freesound_195969,data/raw/urbansound8k/UrbanSound8K/audio/fold4/195969-0-0-7.wav,4.0,glass_breaking,0.0022,clean
bg_residential_urbansound8k_02260,residential,urbansound8k,195969-0-0-8.wav,freesound_195969,data/raw/urbansound8k/UrbanSound8K/audio/fold4/195969-0-0-8.wav,4.0,glass_breaking,0.0027,clean
bg_residential_urbansound8k_02261,residential,urbansound8k,195969-0-0-9.wav,freesound_195969,data/raw/urbansound8k/UrbanSound8K/audio/fold4/195969-0-0-9.wav,4.0,glass_breaking,0.003,clean
bg_residential_urbansound8k_02443,residential,urbansound8k,56385-0-0-0.wav,freesound_56385,data/raw/urbansound8k/UrbanSound8K/audio/fold2/56385-0-0-0.wav,4.0,running_footsteps,0.0163,clean
bg_residential_urbansound8k_02444,residential,urbansound8k,56385-0-0-1.wav,freesound_56385,data/raw/urbansound8k/UrbanSound8K/audio/fold2/56385-0-0-1.wav,4.0,running_footsteps,0.0222,clean
bg_residential_urbansound8k_02445,residential,urbansound8k,56385-0-0-2.wav,freesound_56385,data/raw/urbansound8k/UrbanSound8K/audio/fold2/56385-0-0-2.wav,4.0,running_footsteps,0.0575,clean
bg_residential_urbansound8k_02446,residential,urbansound8k,57320-0-0-0.wav,freesound_57320,data/raw/urbansound8k/UrbanSound8K/audio/fold1/57320-0-0-0.wav,4.0,running_footsteps,0.0018,clean
bg_residential_urbansound8k_02447,residential,urbansound8k,57320-0-0-10.wav,freesound_57320,data/raw/urbansound8k/UrbanSound8K/audio/fold1/57320-0-0-10.wav,4.0,running_footsteps,0.0047,clean
bg_residential_urbansound8k_02448,residential,urbansound8k,57320-0-0-11.wav,freesound_57320,data/raw/urbansound8k/UrbanSound8K/audio/fold1/57320-0-0-11.wav,4.0,running_footsteps,0.0069,clean
bg_residential_urbansound8k_02449,residential,urbansound8k,57320-0-0-13.wav,freesound_57320,data/raw/urbansound8k/UrbanSound8K/audio/fold1/57320-0-0-13.wav,4.0,running_footsteps,0.0048,clean
bg_residential_urbansound8k_02450,residential,urbansound8k,57320-0-0-15.wav,freesound_57320,data/raw/urbansound8k/UrbanSound8K/audio/fold1/57320-0-0-15.wav,4.0,running_footsteps,0.0022,clean
bg_residential_urbansound8k_02451,residential,urbansound8k,57320-0-0-21.wav,freesound_57320,data/raw/urbansound8k/UrbanSound8K/audio/fold1/57320-0-0-21.wav,4.0,running_footsteps,0.002,clean
bg_residential_urbansound8k_02452,residential,urbansound8k,57320-0-0-22.wav,freesound_57320,data/raw/urbansound8k/UrbanSound8K/audio/fold1/57320-0-0-22.wav,4.0,running_footsteps,0.0025,clean
bg_residential_urbansound8k_02453,residential,urbansound8k,57320-0-0-24.wav,freesound_57320,data/raw/urbansound8k/UrbanSound8K/audio/fold1/57320-0-0-24.wav,4.0,running_footsteps,0.0032,clean
bg_residential_urbansound8k_02454,residential,urbansound8k,57320-0-0-27.wav,freesound_57320,data/raw/urbansound8k/UrbanSound8K/audio/fold1/57320-0-0-27.wav,4.0,scream,0.0025,clean
bg_residential_urbansound8k_02455,residential,urbansound8k,57320-0-0-31.wav,freesound_57320,data/raw/urbansound8k/UrbanSound8K/audio/fold1/57320-0-0-31.wav,4.0,running_footsteps,0.0036,clean
bg_residential_urbansound8k_02456,residential,urbansound8k,57320-0-0-32.wav,freesound_57320,data/raw/urbansound8k/UrbanSound8K/audio/fold1/57320-0-0-32.wav,4.0,running_footsteps,0.0034,clean
bg_residential_urbansound8k_02457,residential,urbansound8k,57320-0-0-33.wav,freesound_57320,data/raw/urbansound8k/UrbanSound8K/audio/fold1/57320-0-0-33.wav,4.0,running_footsteps,0.0036,clean
bg_residential_urbansound8k_02458,residential,urbansound8k,57320-0-0-34.wav,freesound_57320,data/raw/urbansound8k/UrbanSound8K/audio/fold1/57320-0-0-34.wav,4.0,running_footsteps,0.0054,clean
bg_residential_urbansound8k_02459,residential,urbansound8k,57320-0-0-36.wav,freesound_57320,data/raw/urbansound8k/UrbanSound8K/audio/fold1/57320-0-0-36.wav,4.0,running_footsteps,0.0047,clean
bg_residential_urbansound8k_02460,residential,urbansound8k,57320-0-0-37.wav,freesound_57320,data/raw/urbansound8k/UrbanSound8K/audio/fold1/57320-0-0-37.wav,4.0,running_footsteps,0.0052,clean
bg_residential_urbansound8k_02461,residential,urbansound8k,57320-0-0-38.wav,freesound_57320,data/raw/urbansound8k/UrbanSound8K/audio/fold1/57320-0-0-38.wav,4.0,running_footsteps,0.0062,clean
bg_residential_urbansound8k_02462,residential,urbansound8k,57320-0-0-39.wav,freesound_57320,data/raw/urbansound8k/UrbanSound8K/audio/fold1/57320-0-0-39.wav,4.0,running_footsteps,0.0079,clean
bg_residential_urbansound8k_02463,residential,urbansound8k,57320-0-0-4.wav,freesound_57320,data/raw/urbansound8k/UrbanSound8K/audio/fold1/57320-0-0-4.wav,4.0,running_footsteps,0.0037,clean
bg_residential_urbansound8k_02464,residential,urbansound8k,57320-0-0-42.wav,freesound_57320,data/raw/urbansound8k/UrbanSound8K/audio/fold1/57320-0-0-42.wav,4.0,alarm_bell,0.0033,clean
bg_residential_urbansound8k_02465,residential,urbansound8k,57320-0-0-45.wav,freesound_57320,data/raw/urbansound8k/UrbanSound8K/audio/fold1/57320-0-0-45.wav,4.0,scream,0.0016,clean
bg_residential_urbansound8k_02466,residential,urbansound8k,57320-0-0-5.wav,freesound_57320,data/raw/urbansound8k/UrbanSound8K/audio/fold1/57320-0-0-5.wav,4.0,alarm_bell,0.0033,clean
bg_residential_urbansound8k_02467,residential,urbansound8k,57320-0-0-6.wav,freesound_57320,data/raw/urbansound8k/UrbanSound8K/audio/fold1/57320-0-0-6.wav,4.0,alarm_bell,0.0063,clean
bg_residential_urbansound8k_02468,residential,urbansound8k,57320-0-0-7.wav,freesound_57320,data/raw/urbansound8k/UrbanSound8K/audio/fold1/57320-0-0-7.wav,4.0,alarm_bell,0.0175,clean
bg_residential_urbansound8k_02469,residential,urbansound8k,57320-0-0-9.wav,freesound_57320,data/raw/urbansound8k/UrbanSound8K/audio/fold1/57320-0-0-9.wav,4.0,alarm_bell,0.0089,clean
bg_residential_urbansound8k_02502,residential,urbansound8k,63724-0-0-0.wav,freesound_63724,data/raw/urbansound8k/UrbanSound8K/audio/fold6/63724-0-0-0.wav,4.0,siren,0.0158,clean
bg_residential_urbansound8k_02503,residential,urbansound8k,63724-0-0-1.wav,freesound_63724,data/raw/urbansound8k/UrbanSound8K/audio/fold6/63724-0-0-1.wav,4.0,siren,0.0035,clean
bg_residential_urbansound8k_02504,residential,urbansound8k,63724-0-0-10.wav,freesound_63724,data/raw/urbansound8k/UrbanSound8K/audio/fold6/63724-0-0-10.wav,4.0,siren,0.0405,clean
bg_residential_urbansound8k_02505,residential,urbansound8k,63724-0-0-11.wav,freesound_63724,data/raw/urbansound8k/UrbanSound8K/audio/fold6/63724-0-0-11.wav,4.0,siren,0.0059,clean
bg_residential_urbansound8k_02506,residential,urbansound8k,63724-0-0-12.wav,freesound_63724,data/raw/urbansound8k/UrbanSound8K/audio/fold6/63724-0-0-12.wav,4.0,siren,0.0155,clean
bg_residential_urbansound8k_02507,residential,urbansound8k,63724-0-0-13.wav,freesound_63724,data/raw/urbansound8k/UrbanSound8K/audio/fold6/63724-0-0-13.wav,4.0,siren,0.0286,clean
bg_residential_urbansound8k_02508,residential,urbansound8k,63724-0-0-14.wav,freesound_63724,data/raw/urbansound8k/UrbanSound8K/audio/fold6/63724-0-0-14.wav,4.0,siren,0.0197,clean
bg_residential_urbansound8k_02509,residential,urbansound8k,63724-0-0-15.wav,freesound_63724,data/raw/urbansound8k/UrbanSound8K/audio/fold6/63724-0-0-15.wav,4.0,alarm_bell,0.0148,clean
bg_residential_urbansound8k_02510,residential,urbansound8k,63724-0-0-16.wav,freesound_63724,data/raw/urbansound8k/UrbanSound8K/audio/fold6/63724-0-0-16.wav,4.0,alarm_bell,0.0055,clean
bg_residential_urbansound8k_02511,residential,urbansound8k,63724-0-0-2.wav,freesound_63724,data/raw/urbansound8k/UrbanSound8K/audio/fold6/63724-0-0-2.wav,4.0,siren,0.0087,clean
bg_residential_urbansound8k_02512,residential,urbansound8k,63724-0-0-3.wav,freesound_63724,data/raw/urbansound8k/UrbanSound8K/audio/fold6/63724-0-0-3.wav,4.0,siren,0.026,clean
bg_residential_urbansound8k_02513,residential,urbansound8k,63724-0-0-4.wav,freesound_63724,data/raw/urbansound8k/UrbanSound8K/audio/fold6/63724-0-0-4.wav,4.0,siren,0.1115,clean
bg_residential_urbansound8k_02514,residential,urbansound8k,63724-0-0-5.wav,freesound_63724,data/raw/urbansound8k/UrbanSound8K/audio/fold6/63724-0-0-5.wav,4.0,siren,0.1789,flagged
bg_residential_urbansound8k_02515,residential,urbansound8k,63724-0-0-6.wav,freesound_63724,data/raw/urbansound8k/UrbanSound8K/audio/fold6/63724-0-0-6.wav,4.0,siren,0.1313,clean
bg_residential_urbansound8k_02516,residential,urbansound8k,63724-0-0-7.wav,freesound_63724,data/raw/urbansound8k/UrbanSound8K/audio/fold6/63724-0-0-7.wav,4.0,siren,0.0823,clean
bg_residential_urbansound8k_02517,residential,urbansound8k,63724-0-0-8.wav,freesound_63724,data/raw/urbansound8k/UrbanSound8K/audio/fold6/63724-0-0-8.wav,4.0,siren,0.0127,clean
bg_residential_urbansound8k_02518,residential,urbansound8k,63724-0-0-9.wav,freesound_63724,data/raw/urbansound8k/UrbanSound8K/audio/fold6/63724-0-0-9.wav,4.0,siren,0.0114,clean
bg_residential_urbansound8k_02546,residential,urbansound8k,74677-0-0-0.wav,freesound_74677,data/raw/urbansound8k/UrbanSound8K/audio/fold8/74677-0-0-0.wav,4.0,running_footsteps,0.0212,clean
bg_residential_urbansound8k_02547,residential,urbansound8k,74677-0-0-10.wav,freesound_74677,data/raw/urbansound8k/UrbanSound8K/audio/fold8/74677-0-0-10.wav,4.0,running_footsteps,0.0185,clean
bg_residential_urbansound8k_02548,residential,urbansound8k,74677-0-0-105.wav,freesound_74677,data/raw/urbansound8k/UrbanSound8K/audio/fold8/74677-0-0-105.wav,4.0,running_footsteps,0.0149,clean
bg_residential_urbansound8k_02549,residential,urbansound8k,74677-0-0-116.wav,freesound_74677,data/raw/urbansound8k/UrbanSound8K/audio/fold8/74677-0-0-116.wav,4.0,running_footsteps,0.0298,clean
bg_residential_urbansound8k_02550,residential,urbansound8k,74677-0-0-13.wav,freesound_74677,data/raw/urbansound8k/UrbanSound8K/audio/fold8/74677-0-0-13.wav,4.0,door_slam,0.0379,clean
bg_residential_urbansound8k_02551,residential,urbansound8k,74677-0-0-130.wav,freesound_74677,data/raw/urbansound8k/UrbanSound8K/audio/fold8/74677-0-0-130.wav,4.0,running_footsteps,0.0363,clean
bg_residential_urbansound8k_02552,residential,urbansound8k,74677-0-0-134.wav,freesound_74677,data/raw/urbansound8k/UrbanSound8K/audio/fold8/74677-0-0-134.wav,4.0,running_footsteps,0.0459,clean
bg_residential_urbansound8k_02553,residential,urbansound8k,74677-0-0-135.wav,freesound_74677,data/raw/urbansound8k/UrbanSound8K/audio/fold8/74677-0-0-135.wav,4.0,running_footsteps,0.0208,clean
bg_residential_urbansound8k_02554,residential,urbansound8k,74677-0-0-14.wav,freesound_74677,data/raw/urbansound8k/UrbanSound8K/audio/fold8/74677-0-0-14.wav,4.0,running_footsteps,0.0468,clean
bg_residential_urbansound8k_02555,residential,urbansound8k,74677-0-0-19.wav,freesound_74677,data/raw/urbansound8k/UrbanSound8K/audio/fold8/74677-0-0-19.wav,4.0,running_footsteps,0.027,clean
bg_residential_urbansound8k_02556,residential,urbansound8k,74677-0-0-2.wav,freesound_74677,data/raw/urbansound8k/UrbanSound8K/audio/fold8/74677-0-0-2.wav,4.0,running_footsteps,0.0201,clean
bg_residential_urbansound8k_02557,residential,urbansound8k,74677-0-0-21.wav,freesound_74677,data/raw/urbansound8k/UrbanSound8K/audio/fold8/74677-0-0-21.wav,4.0,running_footsteps,0.0147,clean
bg_residential_urbansound8k_02558,residential,urbansound8k,74677-0-0-28.wav,freesound_74677,data/raw/urbansound8k/UrbanSound8K/audio/fold8/74677-0-0-28.wav,4.0,running_footsteps,0.0229,clean
bg_residential_urbansound8k_02559,residential,urbansound8k,74677-0-0-3.wav,freesound_74677,data/raw/urbansound8k/UrbanSound8K/audio/fold8/74677-0-0-3.wav,4.0,running_footsteps,0.022,clean
bg_residential_urbansound8k_02560,residential,urbansound8k,74677-0-0-35.wav,freesound_74677,data/raw/urbansound8k/UrbanSound8K/audio/fold8/74677-0-0-35.wav,4.0,running_footsteps,0.0474,clean
bg_residential_urbansound8k_02561,residential,urbansound8k,74677-0-0-36.wav,freesound_74677,data/raw/urbansound8k/UrbanSound8K/audio/fold8/74677-0-0-36.wav,4.0,running_footsteps,0.047,clean
bg_residential_urbansound8k_02562,residential,urbansound8k,74677-0-0-38.wav,freesound_74677,data/raw/urbansound8k/UrbanSound8K/audio/fold8/74677-0-0-38.wav,4.0,running_footsteps,0.0167,clean
bg_residential_urbansound8k_02563,residential,urbansound8k,74677-0-0-47.wav,freesound_74677,data/raw/urbansound8k/UrbanSound8K/audio/fold8/74677-0-0-47.wav,4.0,running_footsteps,0.0147,clean
bg_residential_urbansound8k_02564,residential,urbansound8k,74677-0-0-56.wav,freesound_74677,data/raw/urbansound8k/UrbanSound8K/audio/fold8/74677-0-0-56.wav,4.0,door_slam,0.0405,clean
bg_residential_urbansound8k_02565,residential,urbansound8k,74677-0-0-57.wav,freesound_74677,data/raw/urbansound8k/UrbanSound8K/audio/fold8/74677-0-0-57.wav,4.0,running_footsteps,0.0154,clean
bg_residential_urbansound8k_02566,residential,urbansound8k,74677-0-0-58.wav,freesound_74677,data/raw/urbansound8k/UrbanSound8K/audio/fold8/74677-0-0-58.wav,4.0,running_footsteps,0.0081,clean
bg_residential_urbansound8k_02567,residential,urbansound8k,74677-0-0-6.wav,freesound_74677,data/raw/urbansound8k/UrbanSound8K/audio/fold8/74677-0-0-6.wav,4.0,running_footsteps,0.0117,clean
bg_residential_urbansound8k_02568,residential,urbansound8k,74677-0-0-61.wav,freesound_74677,data/raw/urbansound8k/UrbanSound8K/audio/fold8/74677-0-0-61.wav,4.0,running_footsteps,0.0445,clean
bg_residential_urbansound8k_02569,residential,urbansound8k,74677-0-0-64.wav,freesound_74677,data/raw/urbansound8k/UrbanSound8K/audio/fold8/74677-0-0-64.wav,4.0,running_footsteps,0.0217,clean
bg_residential_urbansound8k_02570,residential,urbansound8k,74677-0-0-66.wav,freesound_74677,data/raw/urbansound8k/UrbanSound8K/audio/fold8/74677-0-0-66.wav,4.0,running_footsteps,0.0167,clean
bg_residential_urbansound8k_02571,residential,urbansound8k,74677-0-0-67.wav,freesound_74677,data/raw/urbansound8k/UrbanSound8K/audio/fold8/74677-0-0-67.wav,4.0,running_footsteps,0.019,clean
bg_residential_urbansound8k_02572,residential,urbansound8k,74677-0-0-69.wav,freesound_74677,data/raw/urbansound8k/UrbanSound8K/audio/fold8/74677-0-0-69.wav,4.0,running_footsteps,0.0231,clean
bg_residential_urbansound8k_02573,residential,urbansound8k,74677-0-0-75.wav,freesound_74677,data/raw/urbansound8k/UrbanSound8K/audio/fold8/74677-0-0-75.wav,4.0,running_footsteps,0.0258,clean
bg_residential_urbansound8k_02574,residential,urbansound8k,74677-0-0-92.wav,freesound_74677,data/raw/urbansound8k/UrbanSound8K/audio/fold8/74677-0-0-92.wav,4.0,glass_breaking,0.0329,clean
bg_residential_urbansound8k_02575,residential,urbansound8k,74677-0-0-94.wav,freesound_74677,data/raw/urbansound8k/UrbanSound8K/audio/fold8/74677-0-0-94.wav,4.0,running_footsteps,0.0099,clean
bg_residential_urbansound8k_02576,residential,urbansound8k,74677-0-0-95.wav,freesound_74677,data/raw/urbansound8k/UrbanSound8K/audio/fold8/74677-0-0-95.wav,4.0,running_footsteps,0.0081,clean
bg_residential_urbansound8k_02577,residential,urbansound8k,75743-0-0-0.wav,freesound_75743,data/raw/urbansound8k/UrbanSound8K/audio/fold9/75743-0-0-0.wav,4.0,door_slam,0.0061,clean
bg_residential_urbansound8k_02578,residential,urbansound8k,75743-0-0-1.wav,freesound_75743,data/raw/urbansound8k/UrbanSound8K/audio/fold9/75743-0-0-1.wav,4.0,running_footsteps,0.0065,clean
bg_residential_urbansound8k_02579,residential,urbansound8k,75743-0-0-10.wav,freesound_75743,data/raw/urbansound8k/UrbanSound8K/audio/fold9/75743-0-0-10.wav,4.0,running_footsteps,0.0069,clean
bg_residential_urbansound8k_02580,residential,urbansound8k,75743-0-0-11.wav,freesound_75743,data/raw/urbansound8k/UrbanSound8K/audio/fold9/75743-0-0-11.wav,4.0,running_footsteps,0.0035,clean
bg_residential_urbansound8k_02581,residential,urbansound8k,75743-0-0-12.wav,freesound_75743,data/raw/urbansound8k/UrbanSound8K/audio/fold9/75743-0-0-12.wav,4.0,glass_breaking,0.0077,clean
bg_residential_urbansound8k_02582,residential,urbansound8k,75743-0-0-13.wav,freesound_75743,data/raw/urbansound8k/UrbanSound8K/audio/fold9/75743-0-0-13.wav,4.0,glass_breaking,0.0128,clean
bg_residential_urbansound8k_02583,residential,urbansound8k,75743-0-0-14.wav,freesound_75743,data/raw/urbansound8k/UrbanSound8K/audio/fold9/75743-0-0-14.wav,4.0,running_footsteps,0.0067,clean
bg_residential_urbansound8k_02584,residential,urbansound8k,75743-0-0-15.wav,freesound_75743,data/raw/urbansound8k/UrbanSound8K/audio/fold9/75743-0-0-15.wav,4.0,door_slam,0.005,clean
bg_residential_urbansound8k_02585,residential,urbansound8k,75743-0-0-16.wav,freesound_75743,data/raw/urbansound8k/UrbanSound8K/audio/fold9/75743-0-0-16.wav,4.0,glass_breaking,0.0037,clean
bg_residential_urbansound8k_02586,residential,urbansound8k,75743-0-0-17.wav,freesound_75743,data/raw/urbansound8k/UrbanSound8K/audio/fold9/75743-0-0-17.wav,4.0,door_slam,0.005,clean
bg_residential_urbansound8k_02587,residential,urbansound8k,75743-0-0-18.wav,freesound_75743,data/raw/urbansound8k/UrbanSound8K/audio/fold9/75743-0-0-18.wav,4.0,door_slam,0.0055,clean
bg_residential_urbansound8k_02588,residential,urbansound8k,75743-0-0-19.wav,freesound_75743,data/raw/urbansound8k/UrbanSound8K/audio/fold9/75743-0-0-19.wav,4.0,door_slam,0.0051,clean
bg_residential_urbansound8k_02589,residential,urbansound8k,75743-0-0-2.wav,freesound_75743,data/raw/urbansound8k/UrbanSound8K/audio/fold9/75743-0-0-2.wav,4.0,running_footsteps,0.0046,clean
bg_residential_urbansound8k_02590,residential,urbansound8k,75743-0-0-20.wav,freesound_75743,data/raw/urbansound8k/UrbanSound8K/audio/fold9/75743-0-0-20.wav,4.0,door_slam,0.0048,clean
bg_residential_urbansound8k_02591,residential,urbansound8k,75743-0-0-21.wav,freesound_75743,data/raw/urbansound8k/UrbanSound8K/audio/fold9/75743-0-0-21.wav,4.0,glass_breaking,0.0065,clean
bg_residential_urbansound8k_02592,residential,urbansound8k,75743-0-0-22.wav,freesound_75743,data/raw/urbansound8k/UrbanSound8K/audio/fold9/75743-0-0-22.wav,4.0,glass_breaking,0.009,clean
bg_residential_urbansound8k_02593,residential,urbansound8k,75743-0-0-23.wav,freesound_75743,data/raw/urbansound8k/UrbanSound8K/audio/fold9/75743-0-0-23.wav,4.0,door_slam,0.0069,clean
bg_residential_urbansound8k_02594,residential,urbansound8k,75743-0-0-3.wav,freesound_75743,data/raw/urbansound8k/UrbanSound8K/audio/fold9/75743-0-0-3.wav,4.0,running_footsteps,0.0058,clean
bg_residential_urbansound8k_02595,residential,urbansound8k,75743-0-0-4.wav,freesound_75743,data/raw/urbansound8k/UrbanSound8K/audio/fold9/75743-0-0-4.wav,4.0,running_footsteps,0.0064,clean
bg_residential_urbansound8k_02596,residential,urbansound8k,75743-0-0-5.wav,freesound_75743,data/raw/urbansound8k/UrbanSound8K/audio/fold9/75743-0-0-5.wav,4.0,door_slam,0.0052,clean
bg_residential_urbansound8k_02597,residential,urbansound8k,75743-0-0-6.wav,freesound_75743,data/raw/urbansound8k/UrbanSound8K/audio/fold9/75743-0-0-6.wav,4.0,door_slam,0.0047,clean
bg_residential_urbansound8k_02598,residential,urbansound8k,75743-0-0-7.wav,freesound_75743,data/raw/urbansound8k/UrbanSound8K/audio/fold9/75743-0-0-7.wav,4.0,glass_breaking,0.007,clean
bg_residential_urbansound8k_02599,residential,urbansound8k,75743-0-0-8.wav,freesound_75743,data/raw/urbansound8k/UrbanSound8K/audio/fold9/75743-0-0-8.wav,4.0,glass_breaking,0.0065,clean
bg_residential_urbansound8k_02600,residential,urbansound8k,75743-0-0-9.wav,freesound_75743,data/raw/urbansound8k/UrbanSound8K/audio/fold9/75743-0-0-9.wav,4.0,door_slam,0.0032,clean
bg_residential_urbansound8k_02609,residential,urbansound8k,79089-0-0-106.wav,freesound_79089,data/raw/urbansound8k/UrbanSound8K/audio/fold9/79089-0-0-106.wav,4.0,running_footsteps,0.0061,clean
bg_residential_urbansound8k_02610,residential,urbansound8k,79089-0-0-115.wav,freesound_79089,data/raw/urbansound8k/UrbanSound8K/audio/fold9/79089-0-0-115.wav,4.0,door_slam,0.0224,clean
bg_residential_urbansound8k_02611,residential,urbansound8k,79089-0-0-12.wav,freesound_79089,data/raw/urbansound8k/UrbanSound8K/audio/fold9/79089-0-0-12.wav,4.0,door_slam,0.0402,clean
bg_residential_urbansound8k_02612,residential,urbansound8k,79089-0-0-122.wav,freesound_79089,data/raw/urbansound8k/UrbanSound8K/audio/fold9/79089-0-0-122.wav,4.0,alarm_bell,0.034,clean
bg_residential_urbansound8k_02613,residential,urbansound8k,79089-0-0-123.wav,freesound_79089,data/raw/urbansound8k/UrbanSound8K/audio/fold9/79089-0-0-123.wav,4.0,alarm_bell,0.2216,flagged
bg_residential_urbansound8k_02614,residential,urbansound8k,79089-0-0-134.wav,freesound_79089,data/raw/urbansound8k/UrbanSound8K/audio/fold9/79089-0-0-134.wav,4.0,door_slam,0.0246,clean
bg_residential_urbansound8k_02615,residential,urbansound8k,79089-0-0-135.wav,freesound_79089,data/raw/urbansound8k/UrbanSound8K/audio/fold9/79089-0-0-135.wav,4.0,door_slam,0.0036,clean
bg_residential_urbansound8k_02616,residential,urbansound8k,79089-0-0-136.wav,freesound_79089,data/raw/urbansound8k/UrbanSound8K/audio/fold9/79089-0-0-136.wav,4.0,running_footsteps,0.0049,clean
bg_residential_urbansound8k_02617,residential,urbansound8k,79089-0-0-138.wav,freesound_79089,data/raw/urbansound8k/UrbanSound8K/audio/fold9/79089-0-0-138.wav,4.0,running_footsteps,0.0151,clean
bg_residential_urbansound8k_02618,residential,urbansound8k,79089-0-0-19.wav,freesound_79089,data/raw/urbansound8k/UrbanSound8K/audio/fold9/79089-0-0-19.wav,4.0,door_slam,0.2731,flagged
bg_residential_urbansound8k_02619,residential,urbansound8k,79089-0-0-25.wav,freesound_79089,data/raw/urbansound8k/UrbanSound8K/audio/fold9/79089-0-0-25.wav,4.0,door_slam,0.031,clean
bg_residential_urbansound8k_02620,residential,urbansound8k,79089-0-0-28.wav,freesound_79089,data/raw/urbansound8k/UrbanSound8K/audio/fold9/79089-0-0-28.wav,4.0,vehicle_crash,0.0909,clean
bg_residential_urbansound8k_02621,residential,urbansound8k,79089-0-0-4.wav,freesound_79089,data/raw/urbansound8k/UrbanSound8K/audio/fold9/79089-0-0-4.wav,4.0,door_slam,0.1997,flagged
bg_residential_urbansound8k_02622,residential,urbansound8k,79089-0-0-40.wav,freesound_79089,data/raw/urbansound8k/UrbanSound8K/audio/fold9/79089-0-0-40.wav,4.0,running_footsteps,0.0176,clean
bg_residential_urbansound8k_02623,residential,urbansound8k,79089-0-0-41.wav,freesound_79089,data/raw/urbansound8k/UrbanSound8K/audio/fold9/79089-0-0-41.wav,4.0,door_slam,0.0186,clean
bg_residential_urbansound8k_02624,residential,urbansound8k,79089-0-0-43.wav,freesound_79089,data/raw/urbansound8k/UrbanSound8K/audio/fold9/79089-0-0-43.wav,4.0,door_slam,0.0829,clean
bg_residential_urbansound8k_02625,residential,urbansound8k,79089-0-0-48.wav,freesound_79089,data/raw/urbansound8k/UrbanSound8K/audio/fold9/79089-0-0-48.wav,4.0,door_slam,0.0156,clean
bg_residential_urbansound8k_02626,residential,urbansound8k,79089-0-0-51.wav,freesound_79089,data/raw/urbansound8k/UrbanSound8K/audio/fold9/79089-0-0-51.wav,4.0,door_slam,0.0903,clean
bg_residential_urbansound8k_02627,residential,urbansound8k,79089-0-0-52.wav,freesound_79089,data/raw/urbansound8k/UrbanSound8K/audio/fold9/79089-0-0-52.wav,4.0,running_footsteps,0.0129,clean
bg_residential_urbansound8k_02628,residential,urbansound8k,79089-0-0-56.wav,freesound_79089,data/raw/urbansound8k/UrbanSound8K/audio/fold9/79089-0-0-56.wav,4.0,door_slam,0.0854,clean
bg_residential_urbansound8k_02629,residential,urbansound8k,79089-0-0-6.wav,freesound_79089,data/raw/urbansound8k/UrbanSound8K/audio/fold9/79089-0-0-6.wav,4.0,door_slam,0.0266,clean
bg_residential_urbansound8k_02630,residential,urbansound8k,79089-0-0-60.wav,freesound_79089,data/raw/urbansound8k/UrbanSound8K/audio/fold9/79089-0-0-60.wav,4.0,door_slam,0.0652,clean
bg_residential_urbansound8k_02631,residential,urbansound8k,79089-0-0-63.wav,freesound_79089,data/raw/urbansound8k/UrbanSound8K/audio/fold9/79089-0-0-63.wav,4.0,door_slam,0.0371,clean
bg_residential_urbansound8k_02632,residential,urbansound8k,79089-0-0-70.wav,freesound_79089,data/raw/urbansound8k/UrbanSound8K/audio/fold9/79089-0-0-70.wav,4.0,door_slam,0.0404,clean
bg_residential_urbansound8k_02633,residential,urbansound8k,79089-0-0-73.wav,freesound_79089,data/raw/urbansound8k/UrbanSound8K/audio/fold9/79089-0-0-73.wav,4.0,door_slam,0.0111,clean
bg_residential_urbansound8k_02634,residential,urbansound8k,79089-0-0-75.wav,freesound_79089,data/raw/urbansound8k/UrbanSound8K/audio/fold9/79089-0-0-75.wav,4.0,glass_breaking,0.0222,clean
bg_residential_urbansound8k_02635,residential,urbansound8k,79089-0-0-92.wav,freesound_79089,data/raw/urbansound8k/UrbanSound8K/audio/fold9/79089-0-0-92.wav,4.0,vehicle_crash,0.1126,clean
bg_residential_urbansound8k_02659,residential,urbansound8k,83502-0-0-0.wav,freesound_83502,data/raw/urbansound8k/UrbanSound8K/audio/fold10/83502-0-0-0.wav,4.0,running_footsteps,0.0877,clean
bg_residential_urbansound8k_02660,residential,urbansound8k,83502-0-0-1.wav,freesound_83502,data/raw/urbansound8k/UrbanSound8K/audio/fold10/83502-0-0-1.wav,4.0,running_footsteps,0.0793,clean
bg_residential_urbansound8k_02661,residential,urbansound8k,83502-0-0-10.wav,freesound_83502,data/raw/urbansound8k/UrbanSound8K/audio/fold10/83502-0-0-10.wav,4.0,glass_breaking,0.0083,clean
bg_residential_urbansound8k_02662,residential,urbansound8k,83502-0-0-11.wav,freesound_83502,data/raw/urbansound8k/UrbanSound8K/audio/fold10/83502-0-0-11.wav,4.0,running_footsteps,0.0193,clean
bg_residential_urbansound8k_02663,residential,urbansound8k,83502-0-0-12.wav,freesound_83502,data/raw/urbansound8k/UrbanSound8K/audio/fold10/83502-0-0-12.wav,4.0,running_footsteps,0.0253,clean
bg_residential_urbansound8k_02664,residential,urbansound8k,83502-0-0-13.wav,freesound_83502,data/raw/urbansound8k/UrbanSound8K/audio/fold10/83502-0-0-13.wav,4.0,running_footsteps,0.0608,clean
bg_residential_urbansound8k_02665,residential,urbansound8k,83502-0-0-2.wav,freesound_83502,data/raw/urbansound8k/UrbanSound8K/audio/fold10/83502-0-0-2.wav,4.0,running_footsteps,0.039,clean
bg_residential_urbansound8k_02666,residential,urbansound8k,83502-0-0-3.wav,freesound_83502,data/raw/urbansound8k/UrbanSound8K/audio/fold10/83502-0-0-3.wav,4.0,running_footsteps,0.0206,clean
bg_residential_urbansound8k_02667,residential,urbansound8k,83502-0-0-4.wav,freesound_83502,data/raw/urbansound8k/UrbanSound8K/audio/fold10/83502-0-0-4.wav,4.0,running_footsteps,0.0115,clean
bg_residential_urbansound8k_02668,residential,urbansound8k,83502-0-0-5.wav,freesound_83502,data/raw/urbansound8k/UrbanSound8K/audio/fold10/83502-0-0-5.wav,4.0,running_footsteps,0.0127,clean
bg_residential_urbansound8k_02669,residential,urbansound8k,83502-0-0-6.wav,freesound_83502,data/raw/urbansound8k/UrbanSound8K/audio/fold10/83502-0-0-6.wav,4.0,running_footsteps,0.0191,clean
bg_residential_urbansound8k_02670,residential,urbansound8k,83502-0-0-7.wav,freesound_83502,data/raw/urbansound8k/UrbanSound8K/audio/fold10/83502-0-0-7.wav,4.0,running_footsteps,0.0094,clean
bg_residential_urbansound8k_02671,residential,urbansound8k,83502-0-0-8.wav,freesound_83502,data/raw/urbansound8k/UrbanSound8K/audio/fold10/83502-0-0-8.wav,4.0,running_footsteps,0.0164,clean
bg_residential_urbansound8k_02672,residential,urbansound8k,83502-0-0-9.wav,freesound_83502,data/raw/urbansound8k/UrbanSound8K/audio/fold10/83502-0-0-9.wav,4.0,running_footsteps,0.0221,clean
bg_school_tau2019_00000,school,tau2019,airport-lisbon-1000-40000-a,tau_airport-lisbon-1000,data/raw/tau2019_partial/TAU-urban-acoustic-scenes-2019-development/audio/airport-lisbon-1000-40000-a.wav,10.0,running_footsteps,0.0625,clean
bg_school_tau2019_00001,school,tau2019,airport-prague-1015-40019-a,tau_airport-prague-1015,data/raw/tau2019_partial/TAU-urban-acoustic-scenes-2019-development/audio/airport-prague-1015-40019-a.wav,10.0,running_footsteps,0.2936,flagged
bg_school_tau2019_00002,school,tau2019,airport-prague-1023-40027-a,tau_airport-prague-1023,data/raw/tau2019_partial/TAU-urban-acoustic-scenes-2019-development/audio/airport-prague-1023-40027-a.wav,10.0,running_footsteps,0.0234,clean
bg_school_tau2019_00003,school,tau2019,airport-prague-1023-40038-a,tau_airport-prague-1023,data/raw/tau2019_partial/TAU-urban-acoustic-scenes-2019-development/audio/airport-prague-1023-40038-a.wav,10.0,door_slam,0.0146,clean
bg_school_tau2019_00004,school,tau2019,airport-prague-1034-40041-a,tau_airport-prague-1034,data/raw/tau2019_partial/TAU-urban-acoustic-scenes-2019-development/audio/airport-prague-1034-40041-a.wav,10.0,running_footsteps,0.0306,clean
bg_school_tau2019_00005,school,tau2019,airport-prague-1015-40047-a,tau_airport-prague-1015,data/raw/tau2019_partial/TAU-urban-acoustic-scenes-2019-development/audio/airport-prague-1015-40047-a.wav,10.0,running_footsteps,0.0581,clean
bg_school_tau2019_00006,school,tau2019,airport-lyon-1041-40053-a,tau_airport-lyon-1041,data/raw/tau2019_partial/TAU-urban-acoustic-scenes-2019-development/audio/airport-lyon-1041-40053-a.wav,10.0,running_footsteps,0.0177,clean
bg_school_tau2019_00007,school,tau2019,airport-lisbon-1000-40073-a,tau_airport-lisbon-1000,data/raw/tau2019_partial/TAU-urban-acoustic-scenes-2019-development/audio/airport-lisbon-1000-40073-a.wav,10.0,running_footsteps,0.0301,clean
bg_school_tau2019_00008,school,tau2019,airport-milan-1061-40085-a,tau_airport-milan-1061,data/raw/tau2019_partial/TAU-urban-acoustic-scenes-2019-development/audio/airport-milan-1061-40085-a.wav,10.0,running_footsteps,0.203,flagged
bg_school_tau2019_00009,school,tau2019,airport-prague-1069-40101-a,tau_airport-prague-1069,data/raw/tau2019_partial/TAU-urban-acoustic-scenes-2019-development/audio/airport-prague-1069-40101-a.wav,10.0,running_footsteps,0.0196,clean
bg_school_tau2019_00010,school,tau2019,airport-milan-1061-40118-a,tau_airport-milan-1061,data/raw/tau2019_partial/TAU-urban-acoustic-scenes-2019-development/audio/airport-milan-1061-40118-a.wav,10.0,running_footsteps,0.0464,clean
bg_school_tau2019_00011,school,tau2019,airport-milan-1089-40147-a,tau_airport-milan-1089,data/raw/tau2019_partial/TAU-urban-acoustic-scenes-2019-development/audio/airport-milan-1089-40147-a.wav,10.0,running_footsteps,0.1412,clean
bg_school_tau2019_00012,school,tau2019,airport-prague-1034-40148-a,tau_airport-prague-1034,data/raw/tau2019_partial/TAU-urban-acoustic-scenes-2019-development/audio/airport-prague-1034-40148-a.wav,10.0,running_footsteps,0.0558,clean
bg_school_tau2019_00013,school,tau2019,airport-prague-1069-40151-a,tau_airport-prague-1069,data/raw/tau2019_partial/TAU-urban-acoustic-scenes-2019-development/audio/airport-prague-1069-40151-a.wav,10.0,running_footsteps,0.0434,clean
bg_school_tau2019_00014,school,tau2019,airport-lyon-1041-40156-a,tau_airport-lyon-1041,data/raw/tau2019_partial/TAU-urban-acoustic-scenes-2019-development/audio/airport-lyon-1041-40156-a.wav,10.0,glass_breaking,0.0371,clean
bg_school_tau2019_00015,school,tau2019,airport-lyon-1095-40158-a,tau_airport-lyon-1095,data/raw/tau2019_partial/TAU-urban-acoustic-scenes-2019-development/audio/airport-lyon-1095-40158-a.wav,10.0,running_footsteps,0.0364,clean
bg_school_tau2019_00016,school,tau2019,airport-lyon-1101-40173-a,tau_airport-lyon-1101,data/raw/tau2019_partial/TAU-urban-acoustic-scenes-2019-development/audio/airport-lyon-1101-40173-a.wav,10.0,running_footsteps,0.0289,clean
bg_school_tau2019_00017,school,tau2019,airport-lyon-1041-40175-a,tau_airport-lyon-1041,data/raw/tau2019_partial/TAU-urban-acoustic-scenes-2019-development/audio/airport-lyon-1041-40175-a.wav,10.0,running_footsteps,0.0163,clean
bg_school_tau2019_00018,school,tau2019,airport-milan-1061-40179-a,tau_airport-milan-1061,data/raw/tau2019_partial/TAU-urban-acoustic-scenes-2019-development/audio/airport-milan-1061-40179-a.wav,10.0,running_footsteps,0.129,clean
bg_school_tau2019_00019,school,tau2019,airport-milan-1108-40195-a,tau_airport-milan-1108,data/raw/tau2019_partial/TAU-urban-acoustic-scenes-2019-development/audio/airport-milan-1108-40195-a.wav,10.0,running_footsteps,0.0423,clean
bg_school_tau2019_00020,school,tau2019,airport-milan-1061-40199-a,tau_airport-milan-1061,data/raw/tau2019_partial/TAU-urban-acoustic-scenes-2019-development/audio/airport-milan-1061-40199-a.wav,10.0,running_footsteps,0.1319,clean
bg_school_tau2019_00021,school,tau2019,airport-lisbon-1114-40213-a,tau_airport-lisbon-1114,data/raw/tau2019_partial/TAU-urban-acoustic-scenes-2019-development/audio/airport-lisbon-1114-40213-a.wav,10.0,running_footsteps,0.0255,clean
bg_school_tau2019_00022,school,tau2019,airport-milan-1061-40214-a,tau_airport-milan-1061,data/raw/tau2019_partial/TAU-urban-acoustic-scenes-2019-development/audio/airport-milan-1061-40214-a.wav,10.0,running_footsteps,0.059,clean
bg_school_tau2019_00023,school,tau2019,airport-lisbon-1114-40219-a,tau_airport-lisbon-1114,data/raw/tau2019_partial/TAU-urban-acoustic-scenes-2019-development/audio/airport-lisbon-1114-40219-a.wav,10.0,running_footsteps,0.0237,clean
bg_school_tau2019_00024,school,tau2019,airport-lisbon-1000-40242-a,tau_airport-lisbon-1000,data/raw/tau2019_partial/TAU-urban-acoustic-scenes-2019-development/audio/airport-lisbon-1000-40242-a.wav,10.0,running_footsteps,0.0362,clean
bg_school_tau2019_00025,school,tau2019,airport-lisbon-1122-40244-a,tau_airport-lisbon-1122,data/raw/tau2019_partial/TAU-urban-acoustic-scenes-2019-development/audio/airport-lisbon-1122-40244-a.wav,10.0,running_footsteps,0.014,clean
bg_school_tau2019_00026,school,tau2019,airport-lyon-1095-40245-a,tau_airport-lyon-1095,data/raw/tau2019_partial/TAU-urban-acoustic-scenes-2019-development/audio/airport-lyon-1095-40245-a.wav,10.0,running_footsteps,0.0433,clean
bg_school_tau2019_00027,school,tau2019,airport-prague-1069-40257-a,tau_airport-prague-1069,data/raw/tau2019_partial/TAU-urban-acoustic-scenes-2019-development/audio/airport-prague-1069-40257-a.wav,10.0,running_footsteps,0.0131,clean
bg_school_tau2019_00028,school,tau2019,airport-prague-1034-40262-a,tau_airport-prague-1034,data/raw/tau2019_partial/TAU-urban-acoustic-scenes-2019-development/audio/airport-prague-1034-40262-a.wav,10.0,door_slam,0.0429,clean
bg_school_tau2019_00029,school,tau2019,airport-prague-1015-40266-a,tau_airport-prague-1015,data/raw/tau2019_partial/TAU-urban-acoustic-scenes-2019-development/audio/airport-prague-1015-40266-a.wav,10.0,running_footsteps,0.0141,clean
bg_school_tau2019_00030,school,tau2019,airport-prague-1034-40269-a,tau_airport-prague-1034,data/raw/tau2019_partial/TAU-urban-acoustic-scenes-2019-development/audio/airport-prague-1034-40269-a.wav,10.0,running_footsteps,0.017,clean
bg_school_tau2019_00031,school,tau2019,airport-lisbon-1000-40280-a,tau_airport-lisbon-1000,data/raw/tau2019_partial/TAU-urban-acoustic-scenes-2019-development/audio/airport-lisbon-1000-40280-a.wav,10.0,running_footsteps,0.206,flagged
bg_school_tau2019_00032,school,tau2019,airport-milan-1089-40303-a,tau_airport-milan-1089,data/raw/tau2019_partial/TAU-urban-acoustic-scenes-2019-development/audio/airport-milan-1089-40303-a.wav,10.0,running_footsteps,0.0202,clean
bg_school_tau2019_00033,school,tau2019,airport-lisbon-1122-40326-a,tau_airport-lisbon-1122,data/raw/tau2019_partial/TAU-urban-acoustic-scenes-2019-development/audio/airport-lisbon-1122-40326-a.wav,10.0,glass_breaking,0.0308,clean
bg_school_tau2019_00034,school,tau2019,airport-lisbon-1000-40329-a,tau_airport-lisbon-1000,data/raw/tau2019_partial/TAU-urban-acoustic-scenes-2019-development/audio/airport-lisbon-1000-40329-a.wav,10.0,running_footsteps,0.0425,clean
bg_school_tau2019_00035,school,tau2019,airport-milan-1089-40331-a,tau_airport-milan-1089,data/raw/tau2019_partial/TAU-urban-acoustic-scenes-2019-development/audio/airport-milan-1089-40331-a.wav,10.0,running_footsteps,0.1265,clean
bg_school_tau2019_00036,school,tau2019,airport-lisbon-1122-40334-a,tau_airport-lisbon-1122,data/raw/tau2019_partial/TAU-urban-acoustic-scenes-2019-development/audio/airport-lisbon-1122-40334-a.wav,10.0,gunshot,0.0436,clean
bg_school_tau2019_00037,school,tau2019,airport-lisbon-1000-40342-a,tau_airport-lisbon-1000,data/raw/tau2019_partial/TAU-urban-acoustic-scenes-2019-development/audio/airport-lisbon-1000-40342-a.wav,10.0,siren,0.0337,clean
bg_school_tau2019_00038,school,tau2019,airport-lisbon-1122-40344-a,tau_airport-lisbon-1122,data/raw/tau2019_partial/TAU-urban-acoustic-scenes-2019-development/audio/airport-lisbon-1122-40344-a.wav,10.0,running_footsteps,0.0478,clean
bg_school_tau2019_00039,school,tau2019,airport-lyon-1041-40360-a,tau_airport-lyon-1041,data/raw/tau2019_partial/TAU-urban-acoustic-scenes-2019-development/audio/airport-lyon-1041-40360-a.wav,10.0,door_slam,0.0501,clean
bg_school_tau2019_00040,school,tau2019,airport-milan-1089-40377-a,tau_airport-milan-1089,data/raw/tau2019_partial/TAU-urban-acoustic-scenes-2019-development/audio/airport-milan-1089-40377-a.wav,10.0,running_footsteps,0.0491,clean
bg_school_tau2019_00041,school,tau2019,airport-lyon-1101-40386-a,tau_airport-lyon-1101,data/raw/tau2019_partial/TAU-urban-acoustic-scenes-2019-development/audio/airport-lyon-1101-40386-a.wav,10.0,door_slam,0.0635,clean
bg_school_tau2019_00042,school,tau2019,airport-lyon-1041-40393-a,tau_airport-lyon-1041,data/raw/tau2019_partial/TAU-urban-acoustic-scenes-2019-development/audio/airport-lyon-1041-40393-a.wav,10.0,door_slam,0.0536,clean
bg_school_tau2019_00043,school,tau2019,airport-milan-1089-40410-a,tau_airport-milan-1089,data/raw/tau2019_partial/TAU-urban-acoustic-scenes-2019-development/audio/airport-milan-1089-40410-a.wav,10.0,running_footsteps,0.2386,flagged
bg_school_tau2019_00044,school,tau2019,airport-lisbon-1114-40411-a,tau_airport-lisbon-1114,data/raw/tau2019_partial/TAU-urban-acoustic-scenes-2019-development/audio/airport-lisbon-1114-40411-a.wav,10.0,running_footsteps,0.1449,clean
bg_school_tau2019_00045,school,tau2019,airport-prague-1015-40417-a,tau_airport-prague-1015,data/raw/tau2019_partial/TAU-urban-acoustic-scenes-2019-development/audio/airport-prague-1015-40417-a.wav,10.0,running_footsteps,0.1458,clean
bg_school_tau2019_00046,school,tau2019,airport-prague-1023-40436-a,tau_airport-prague-1023,data/raw/tau2019_partial/TAU-urban-acoustic-scenes-2019-development/audio/airport-prague-1023-40436-a.wav,10.0,running_footsteps,0.0536,clean
bg_school_tau2019_00047,school,tau2019,airport-prague-1015-40439-a,tau_airport-prague-1015,data/raw/tau2019_partial/TAU-urban-acoustic-scenes-2019-development/audio/airport-prague-1015-40439-a.wav,10.0,running_footsteps,0.0231,clean
bg_school_tau2019_00048,school,tau2019,airport-milan-1061-40460-a,tau_airport-milan-1061,data/raw/tau2019_partial/TAU-urban-acoustic-scenes-2019-development/audio/airport-milan-1061-40460-a.wav,10.0,running_footsteps,0.4094,flagged
bg_school_tau2019_00049,school,tau2019,airport-lisbon-1000-40463-a,tau_airport-lisbon-1000,data/raw/tau2019_partial/TAU-urban-acoustic-scenes-2019-development/audio/airport-lisbon-1000-40463-a.wav,10.0,running_footsteps,0.0213,clean
bg_school_tau2019_00050,school,tau2019,airport-lisbon-1114-40495-a,tau_airport-lisbon-1114,data/raw/tau2019_partial/TAU-urban-acoustic-scenes-2019-development/audio/airport-lisbon-1114-40495-a.wav,10.0,running_footsteps,0.1308,clean
bg_school_tau2019_00051,school,tau2019,airport-prague-1023-40504-a,tau_airport-prague-1023,data/raw/tau2019_partial/TAU-urban-acoustic-scenes-2019-development/audio/airport-prague-1023-40504-a.wav,10.0,door_slam,0.081,clean
bg_school_tau2019_00052,school,tau2019,airport-milan-1061-40507-a,tau_airport-milan-1061,data/raw/tau2019_partial/TAU-urban-acoustic-scenes-2019-development/audio/airport-milan-1061-40507-a.wav,10.0,running_footsteps,0.1255,clean
bg_school_tau2019_00053,school,tau2019,airport-milan-1089-40508-a,tau_airport-milan-1089,data/raw/tau2019_partial/TAU-urban-acoustic-scenes-2019-development/audio/airport-milan-1089-40508-a.wav,10.0,siren,0.0139,clean
bg_school_tau2019_00054,school,tau2019,airport-prague-1023-40527-a,tau_airport-prague-1023,data/raw/tau2019_partial/TAU-urban-acoustic-scenes-2019-development/audio/airport-prague-1023-40527-a.wav,10.0,running_footsteps,0.083,clean
bg_school_tau2019_00055,school,tau2019,airport-lisbon-1000-40528-a,tau_airport-lisbon-1000,data/raw/tau2019_partial/TAU-urban-acoustic-scenes-2019-development/audio/airport-lisbon-1000-40528-a.wav,10.0,running_footsteps,0.0575,clean
bg_school_tau2019_00056,school,tau2019,airport-lyon-1041-40530-a,tau_airport-lyon-1041,data/raw/tau2019_partial/TAU-urban-acoustic-scenes-2019-development/audio/airport-lyon-1041-40530-a.wav,10.0,running_footsteps,0.0297,clean
bg_school_tau2019_00057,school,tau2019,airport-prague-1023-40542-a,tau_airport-prague-1023,data/raw/tau2019_partial/TAU-urban-acoustic-scenes-2019-development/audio/airport-prague-1023-40542-a.wav,10.0,running_footsteps,0.0165,clean
bg_school_tau2019_00058,school,tau2019,airport-milan-1089-40548-a,tau_airport-milan-1089,data/raw/tau2019_partial/TAU-urban-acoustic-scenes-2019-development/audio/airport-milan-1089-40548-a.wav,10.0,running_footsteps,0.1022,clean
bg_school_tau2019_00059,school,tau2019,airport-milan-1061-40554-a,tau_airport-milan-1061,data/raw/tau2019_partial/TAU-urban-acoustic-scenes-2019-development/audio/airport-milan-1061-40554-a.wav,10.0,running_footsteps,0.2859,flagged
bg_school_tau2019_00060,school,tau2019,airport-milan-1089-40558-a,tau_airport-milan-1089,data/raw/tau2019_partial/TAU-urban-acoustic-scenes-2019-development/audio/airport-milan-1089-40558-a.wav,10.0,running_footsteps,0.0198,clean
bg_school_tau2019_00061,school,tau2019,airport-milan-1108-40570-a,tau_airport-milan-1108,data/raw/tau2019_partial/TAU-urban-acoustic-scenes-2019-development/audio/airport-milan-1108-40570-a.wav,10.0,running_footsteps,0.4563,flagged
bg_school_tau2019_00062,school,tau2019,airport-milan-1089-40577-a,tau_airport-milan-1089,data/raw/tau2019_partial/TAU-urban-acoustic-scenes-2019-development/audio/airport-milan-1089-40577-a.wav,10.0,running_footsteps,0.2938,flagged
bg_school_tau2019_00063,school,tau2019,airport-prague-1069-40583-a,tau_airport-prague-1069,data/raw/tau2019_partial/TAU-urban-acoustic-scenes-2019-development/audio/airport-prague-1069-40583-a.wav,10.0,door_slam,0.0503,clean
bg_school_tau2019_00064,school,tau2019,airport-milan-1061-40590-a,tau_airport-milan-1061,data/raw/tau2019_partial/TAU-urban-acoustic-scenes-2019-development/audio/airport-milan-1061-40590-a.wav,10.0,running_footsteps,0.0699,clean
bg_school_tau2019_00065,school,tau2019,airport-lyon-1095-40622-a,tau_airport-lyon-1095,data/raw/tau2019_partial/TAU-urban-acoustic-scenes-2019-development/audio/airport-lyon-1095-40622-a.wav,10.0,running_footsteps,0.089,clean
bg_school_tau2019_00066,school,tau2019,airport-prague-1034-40629-a,tau_airport-prague-1034,data/raw/tau2019_partial/TAU-urban-acoustic-scenes-2019-development/audio/airport-prague-1034-40629-a.wav,10.0,running_footsteps,0.0382,clean
bg_school_tau2019_00067,school,tau2019,airport-milan-1061-40638-a,tau_airport-milan-1061,data/raw/tau2019_partial/TAU-urban-acoustic-scenes-2019-development/audio/airport-milan-1061-40638-a.wav,10.0,explosion,0.2299,flagged
bg_school_tau2019_00068,school,tau2019,airport-lisbon-1000-40643-a,tau_airport-lisbon-1000,data/raw/tau2019_partial/TAU-urban-acoustic-scenes-2019-development/audio/airport-lisbon-1000-40643-a.wav,10.0,running_footsteps,0.0477,clean
bg_school_tau2019_00069,school,tau2019,airport-lisbon-1000-40647-a,tau_airport-lisbon-1000,data/raw/tau2019_partial/TAU-urban-acoustic-scenes-2019-development/audio/airport-lisbon-1000-40647-a.wav,10.0,running_footsteps,0.0338,clean
bg_school_tau2019_00070,school,tau2019,airport-lisbon-1122-40660-a,tau_airport-lisbon-1122,data/raw/tau2019_partial/TAU-urban-acoustic-scenes-2019-development/audio/airport-lisbon-1122-40660-a.wav,10.0,running_footsteps,0.0717,clean
bg_school_tau2019_00071,school,tau2019,airport-milan-1061-40679-a,tau_airport-milan-1061,data/raw/tau2019_partial/TAU-urban-acoustic-scenes-2019-development/audio/airport-milan-1061-40679-a.wav,10.0,running_footsteps,0.0431,clean
bg_school_tau2019_00072,school,tau2019,airport-prague-1023-40709-a,tau_airport-prague-1023,data/raw/tau2019_partial/TAU-urban-acoustic-scenes-2019-development/audio/airport-prague-1023-40709-a.wav,10.0,explosion,0.0255,clean
bg_school_tau2019_00073,school,tau2019,airport-lyon-1041-40722-a,tau_airport-lyon-1041,data/raw/tau2019_partial/TAU-urban-acoustic-scenes-2019-development/audio/airport-lyon-1041-40722-a.wav,10.0,door_slam,0.0276,clean
bg_school_tau2019_00074,school,tau2019,airport-lisbon-1114-40725-a,tau_airport-lisbon-1114,data/raw/tau2019_partial/TAU-urban-acoustic-scenes-2019-development/audio/airport-lisbon-1114-40725-a.wav,10.0,running_footsteps,0.0207,clean
bg_school_tau2019_00075,school,tau2019,airport-lyon-1095-40743-a,tau_airport-lyon-1095,data/raw/tau2019_partial/TAU-urban-acoustic-scenes-2019-development/audio/airport-lyon-1095-40743-a.wav,10.0,running_footsteps,0.0603,clean
bg_school_tau2019_00076,school,tau2019,airport-lyon-1101-40748-a,tau_airport-lyon-1101,data/raw/tau2019_partial/TAU-urban-acoustic-scenes-2019-development/audio/airport-lyon-1101-40748-a.wav,10.0,door_slam,0.0534,clean
bg_school_tau2019_00077,school,tau2019,airport-milan-1089-40755-a,tau_airport-milan-1089,data/raw/tau2019_partial/TAU-urban-acoustic-scenes-2019-development/audio/airport-milan-1089-40755-a.wav,10.0,running_footsteps,0.1401,clean
bg_school_tau2019_00078,school,tau2019,airport-prague-1023-40758-a,tau_airport-prague-1023,data/raw/tau2019_partial/TAU-urban-acoustic-scenes-2019-development/audio/airport-prague-1023-40758-a.wav,10.0,running_footsteps,0.0246,clean
bg_school_tau2019_00079,school,tau2019,airport-lyon-1095-40765-a,tau_airport-lyon-1095,data/raw/tau2019_partial/TAU-urban-acoustic-scenes-2019-development/audio/airport-lyon-1095-40765-a.wav,10.0,running_footsteps,0.018,clean
bg_school_tau2019_00081,school,tau2019,airport-prague-1015-40787-a,tau_airport-prague-1015,data/raw/tau2019_partial/TAU-urban-acoustic-scenes-2019-development/audio/airport-prague-1015-40787-a.wav,10.0,running_footsteps,0.0629,clean
bg_school_tau2019_00082,school,tau2019,airport-prague-1034-40792-a,tau_airport-prague-1034,data/raw/tau2019_partial/TAU-urban-acoustic-scenes-2019-development/audio/airport-prague-1034-40792-a.wav,10.0,running_footsteps,0.028,clean
bg_school_tau2019_00083,school,tau2019,airport-lisbon-1114-40796-a,tau_airport-lisbon-1114,data/raw/tau2019_partial/TAU-urban-acoustic-scenes-2019-development/audio/airport-lisbon-1114-40796-a.wav,10.0,running_footsteps,0.0202,clean
bg_school_tau2019_00084,school,tau2019,airport-lyon-1095-40798-a,tau_airport-lyon-1095,data/raw/tau2019_partial/TAU-urban-acoustic-scenes-2019-development/audio/airport-lyon-1095-40798-a.wav,10.0,running_footsteps,0.3533,flagged
bg_school_tau2019_00085,school,tau2019,airport-lisbon-1122-40819-a,tau_airport-lisbon-1122,data/raw/tau2019_partial/TAU-urban-acoustic-scenes-2019-development/audio/airport-lisbon-1122-40819-a.wav,10.0,running_footsteps,0.0995,clean
bg_school_tau2019_00086,school,tau2019,airport-milan-1108-40834-a,tau_airport-milan-1108,data/raw/tau2019_partial/TAU-urban-acoustic-scenes-2019-development/audio/airport-milan-1108-40834-a.wav,10.0,running_footsteps,0.0497,clean
bg_school_tau2019_00087,school,tau2019,airport-lisbon-1000-40849-a,tau_airport-lisbon-1000,data/raw/tau2019_partial/TAU-urban-acoustic-scenes-2019-development/audio/airport-lisbon-1000-40849-a.wav,10.0,running_footsteps,0.0214,clean
bg_school_tau2019_00088,school,tau2019,airport-lyon-1095-40859-a,tau_airport-lyon-1095,data/raw/tau2019_partial/TAU-urban-acoustic-scenes-2019-development/audio/airport-lyon-1095-40859-a.wav,10.0,running_footsteps,0.1758,flagged
bg_school_tau2019_00089,school,tau2019,airport-lisbon-1114-40861-a,tau_airport-lisbon-1114,data/raw/tau2019_partial/TAU-urban-acoustic-scenes-2019-development/audio/airport-lisbon-1114-40861-a.wav,10.0,running_footsteps,0.0238,clean
bg_school_tau2019_00090,school,tau2019,airport-lyon-1041-40868-a,tau_airport-lyon-1041,data/raw/tau2019_partial/TAU-urban-acoustic-scenes-2019-development/audio/airport-lyon-1041-40868-a.wav,10.0,running_footsteps,0.0229,clean
bg_school_tau2019_00091,school,tau2019,airport-prague-1023-40879-a,tau_airport-prague-1023,data/raw/tau2019_partial/TAU-urban-acoustic-scenes-2019-development/audio/airport-prague-1023-40879-a.wav,10.0,door_slam,0.0646,clean
bg_school_tau2019_00092,school,tau2019,airport-prague-1015-40881-a,tau_airport-prague-1015,data/raw/tau2019_partial/TAU-urban-acoustic-scenes-2019-development/audio/airport-prague-1015-40881-a.wav,10.0,door_slam,0.0669,clean
bg_school_tau2019_00093,school,tau2019,airport-prague-1069-40882-a,tau_airport-prague-1069,data/raw/tau2019_partial/TAU-urban-acoustic-scenes-2019-development/audio/airport-prague-1069-40882-a.wav,10.0,running_footsteps,0.0152,clean
bg_school_tau2019_00094,school,tau2019,airport-milan-1061-40886-a,tau_airport-milan-1061,data/raw/tau2019_partial/TAU-urban-acoustic-scenes-2019-development/audio/airport-milan-1061-40886-a.wav,10.0,running_footsteps,0.609,flagged
bg_school_tau2019_00095,school,tau2019,airport-lisbon-1122-40888-a,tau_airport-lisbon-1122,data/raw/tau2019_partial/TAU-urban-acoustic-scenes-2019-development/audio/airport-lisbon-1122-40888-a.wav,10.0,glass_breaking,0.0509,clean
bg_school_tau2019_00096,school,tau2019,airport-milan-1061-40892-a,tau_airport-milan-1061,data/raw/tau2019_partial/TAU-urban-acoustic-scenes-2019-development/audio/airport-milan-1061-40892-a.wav,10.0,running_footsteps,0.178,flagged
bg_school_tau2019_00097,school,tau2019,airport-lisbon-1114-40895-a,tau_airport-lisbon-1114,data/raw/tau2019_partial/TAU-urban-acoustic-scenes-2019-development/audio/airport-lisbon-1114-40895-a.wav,10.0,running_footsteps,0.0416,clean
bg_school_tau2019_00098,school,tau2019,airport-milan-1089-40910-a,tau_airport-milan-1089,data/raw/tau2019_partial/TAU-urban-acoustic-scenes-2019-development/audio/airport-milan-1089-40910-a.wav,10.0,running_footsteps,0.034,clean
bg_school_tau2019_00099,school,tau2019,airport-prague-1069-40919-a,tau_airport-prague-1069,data/raw/tau2019_partial/TAU-urban-acoustic-scenes-2019-development/audio/airport-prague-1069-40919-a.wav,10.0,running_footsteps,0.0681,clean
bg_school_tau2019_00100,school,tau2019,airport-milan-1061-40921-a,tau_airport-milan-1061,data/raw/tau2019_partial/TAU-urban-acoustic-scenes-2019-development/audio/airport-milan-1061-40921-a.wav,10.0,running_footsteps,0.2141,flagged
bg_school_tau2019_00101,school,tau2019,airport-lisbon-1122-40971-a,tau_airport-lisbon-1122,data/raw/tau2019_partial/TAU-urban-acoustic-scenes-2019-development/audio/airport-lisbon-1122-40971-a.wav,10.0,running_footsteps,0.0226,clean
bg_school_tau2019_00102,school,tau2019,airport-prague-1069-40978-a,tau_airport-prague-1069,data/raw/tau2019_partial/TAU-urban-acoustic-scenes-2019-development/audio/airport-prague-1069-40978-a.wav,10.0,running_footsteps,0.0305,clean
bg_school_tau2019_00103,school,tau2019,airport-prague-1015-40981-a,tau_airport-prague-1015,data/raw/tau2019_partial/TAU-urban-acoustic-scenes-2019-development/audio/airport-prague-1015-40981-a.wav,10.0,running_footsteps,0.0484,clean
bg_school_tau2019_00104,school,tau2019,airport-prague-1015-40987-a,tau_airport-prague-1015,data/raw/tau2019_partial/TAU-urban-acoustic-scenes-2019-development/audio/airport-prague-1015-40987-a.wav,10.0,running_footsteps,0.0494,clean
bg_school_tau2019_00105,school,tau2019,airport-lisbon-1122-40992-a,tau_airport-lisbon-1122,data/raw/tau2019_partial/TAU-urban-acoustic-scenes-2019-development/audio/airport-lisbon-1122-40992-a.wav,10.0,siren,0.1345,clean
bg_school_tau2019_00106,school,tau2019,airport-lyon-1101-40999-a,tau_airport-lyon-1101,data/raw/tau2019_partial/TAU-urban-acoustic-scenes-2019-development/audio/airport-lyon-1101-40999-a.wav,10.0,explosion,0.0335,clean
bg_school_tau2019_00107,school,tau2019,airport-milan-1089-41009-a,tau_airport-milan-1089,data/raw/tau2019_partial/TAU-urban-acoustic-scenes-2019-development/audio/airport-milan-1089-41009-a.wav,10.0,running_footsteps,0.1947,flagged
bg_school_tau2019_00108,school,tau2019,airport-prague-1015-41015-a,tau_airport-prague-1015,data/raw/tau2019_partial/TAU-urban-acoustic-scenes-2019-development/audio/airport-prague-1015-41015-a.wav,10.0,running_footsteps,0.1067,clean
bg_school_tau2019_00109,school,tau2019,airport-lisbon-1122-41037-a,tau_airport-lisbon-1122,data/raw/tau2019_partial/TAU-urban-acoustic-scenes-2019-development/audio/airport-lisbon-1122-41037-a.wav,10.0,running_footsteps,0.027,clean
bg_school_tau2019_00110,school,tau2019,airport-milan-1089-41046-a,tau_airport-milan-1089,data/raw/tau2019_partial/TAU-urban-acoustic-scenes-2019-development/audio/airport-milan-1089-41046-a.wav,10.0,running_footsteps,0.0331,clean
bg_school_tau2019_00111,school,tau2019,airport-milan-1089-41064-a,tau_airport-milan-1089,data/raw/tau2019_partial/TAU-urban-acoustic-scenes-2019-development/audio/airport-milan-1089-41064-a.wav,10.0,running_footsteps,0.0097,clean
bg_school_tau2019_00112,school,tau2019,airport-milan-1108-41110-a,tau_airport-milan-1108,data/raw/tau2019_partial/TAU-urban-acoustic-scenes-2019-development/audio/airport-milan-1108-41110-a.wav,10.0,running_footsteps,0.0342,clean
bg_school_tau2019_00113,school,tau2019,airport-milan-1061-41111-a,tau_airport-milan-1061,data/raw/tau2019_partial/TAU-urban-acoustic-scenes-2019-development/audio/airport-milan-1061-41111-a.wav,10.0,running_footsteps,0.1223,clean
bg_school_tau2019_00114,school,tau2019,airport-milan-1108-41133-a,tau_airport-milan-1108,data/raw/tau2019_partial/TAU-urban-acoustic-scenes-2019-development/audio/airport-milan-1108-41133-a.wav,10.0,running_footsteps,0.0303,clean
bg_school_tau2019_00115,school,tau2019,airport-prague-1034-41137-a,tau_airport-prague-1034,data/raw/tau2019_partial/TAU-urban-acoustic-scenes-2019-development/audio/airport-prague-1034-41137-a.wav,10.0,running_footsteps,0.019,clean
bg_school_tau2019_00116,school,tau2019,airport-lisbon-1114-41138-a,tau_airport-lisbon-1114,data/raw/tau2019_partial/TAU-urban-acoustic-scenes-2019-development/audio/airport-lisbon-1114-41138-a.wav,10.0,running_footsteps,0.015,clean
bg_school_tau2019_00117,school,tau2019,airport-lyon-1041-41166-a,tau_airport-lyon-1041,data/raw/tau2019_partial/TAU-urban-acoustic-scenes-2019-development/audio/airport-lyon-1041-41166-a.wav,10.0,door_slam,0.0493,clean
bg_school_tau2019_00118,school,tau2019,airport-lyon-1101-41172-a,tau_airport-lyon-1101,data/raw/tau2019_partial/TAU-urban-acoustic-scenes-2019-development/audio/airport-lyon-1101-41172-a.wav,10.0,running_footsteps,0.0644,clean
bg_school_tau2019_00119,school,tau2019,airport-lyon-1041-41176-a,tau_airport-lyon-1041,data/raw/tau2019_partial/TAU-urban-acoustic-scenes-2019-development/audio/airport-lyon-1041-41176-a.wav,10.0,door_slam,0.1187,clean
bg_school_tau2019_00120,school,tau2019,airport-lisbon-1000-41194-a,tau_airport-lisbon-1000,data/raw/tau2019_partial/TAU-urban-acoustic-scenes-2019-development/audio/airport-lisbon-1000-41194-a.wav,10.0,running_footsteps,0.0276,clean
bg_school_tau2019_00121,school,tau2019,airport-lyon-1041-41216-a,tau_airport-lyon-1041,data/raw/tau2019_partial/TAU-urban-acoustic-scenes-2019-development/audio/airport-lyon-1041-41216-a.wav,10.0,door_slam,0.0203,clean
bg_school_tau2019_00122,school,tau2019,airport-prague-1015-41221-a,tau_airport-prague-1015,data/raw/tau2019_partial/TAU-urban-acoustic-scenes-2019-development/audio/airport-prague-1015-41221-a.wav,10.0,running_footsteps,0.0317,clean
bg_school_tau2019_00123,school,tau2019,airport-lyon-1101-41231-a,tau_airport-lyon-1101,data/raw/tau2019_partial/TAU-urban-acoustic-scenes-2019-development/audio/airport-lyon-1101-41231-a.wav,10.0,running_footsteps,0.0122,clean
bg_school_tau2019_00124,school,tau2019,airport-milan-1061-41260-a,tau_airport-milan-1061,data/raw/tau2019_partial/TAU-urban-acoustic-scenes-2019-development/audio/airport-milan-1061-41260-a.wav,10.0,running_footsteps,0.1191,clean
bg_school_tau2019_00125,school,tau2019,airport-prague-1023-41264-a,tau_airport-prague-1023,data/raw/tau2019_partial/TAU-urban-acoustic-scenes-2019-development/audio/airport-prague-1023-41264-a.wav,10.0,running_footsteps,0.0253,clean
bg_school_tau2019_00126,school,tau2019,airport-lyon-1101-41267-a,tau_airport-lyon-1101,data/raw/tau2019_partial/TAU-urban-acoustic-scenes-2019-development/audio/airport-lyon-1101-41267-a.wav,10.0,door_slam,0.0158,clean
bg_school_tau2019_00127,school,tau2019,airport-milan-1089-41269-a,tau_airport-milan-1089,data/raw/tau2019_partial/TAU-urban-acoustic-scenes-2019-development/audio/airport-milan-1089-41269-a.wav,10.0,running_footsteps,0.075,clean
bg_school_tau2019_00128,school,tau2019,airport-lisbon-1122-41270-a,tau_airport-lisbon-1122,data/raw/tau2019_partial/TAU-urban-acoustic-scenes-2019-development/audio/airport-lisbon-1122-41270-a.wav,10.0,running_footsteps,0.0118,clean
bg_school_tau2019_00129,school,tau2019,airport-prague-1069-41272-a,tau_airport-prague-1069,data/raw/tau2019_partial/TAU-urban-acoustic-scenes-2019-development/audio/airport-prague-1069-41272-a.wav,10.0,vehicle_crash,0.0667,clean
bg_school_tau2019_00130,school,tau2019,airport-lyon-1041-41282-a,tau_airport-lyon-1041,data/raw/tau2019_partial/TAU-urban-acoustic-scenes-2019-development/audio/airport-lyon-1041-41282-a.wav,10.0,running_footsteps,0.0254,clean
bg_school_tau2019_00131,school,tau2019,airport-lisbon-1000-41312-a,tau_airport-lisbon-1000,data/raw/tau2019_partial/TAU-urban-acoustic-scenes-2019-development/audio/airport-lisbon-1000-41312-a.wav,10.0,running_footsteps,0.0426,clean
bg_school_tau2019_00132,school,tau2019,airport-lyon-1095-41320-a,tau_airport-lyon-1095,data/raw/tau2019_partial/TAU-urban-acoustic-scenes-2019-development/audio/airport-lyon-1095-41320-a.wav,10.0,running_footsteps,0.0258,clean
bg_school_tau2019_00133,school,tau2019,airport-lisbon-1000-41323-a,tau_airport-lisbon-1000,data/raw/tau2019_partial/TAU-urban-acoustic-scenes-2019-development/audio/airport-lisbon-1000-41323-a.wav,10.0,running_footsteps,0.0541,clean
bg_school_tau2019_00134,school,tau2019,airport-prague-1023-41343-a,tau_airport-prague-1023,data/raw/tau2019_partial/TAU-urban-acoustic-scenes-2019-development/audio/airport-prague-1023-41343-a.wav,10.0,running_footsteps,0.0112,clean
bg_school_tau2019_00135,school,tau2019,airport-lyon-1101-41351-a,tau_airport-lyon-1101,data/raw/tau2019_partial/TAU-urban-acoustic-scenes-2019-development/audio/airport-lyon-1101-41351-a.wav,10.0,door_slam,0.0403,clean
bg_school_tau2019_00136,school,tau2019,airport-milan-1061-41360-a,tau_airport-milan-1061,data/raw/tau2019_partial/TAU-urban-acoustic-scenes-2019-development/audio/airport-milan-1061-41360-a.wav,10.0,running_footsteps,0.1017,clean
bg_school_tau2019_00137,school,tau2019,airport-milan-1108-41362-a,tau_airport-milan-1108,data/raw/tau2019_partial/TAU-urban-acoustic-scenes-2019-development/audio/airport-milan-1108-41362-a.wav,10.0,running_footsteps,0.0385,clean
bg_school_tau2019_00138,school,tau2019,airport-lisbon-1122-41394-a,tau_airport-lisbon-1122,data/raw/tau2019_partial/TAU-urban-acoustic-scenes-2019-development/audio/airport-lisbon-1122-41394-a.wav,10.0,running_footsteps,0.1067,clean
bg_school_tau2019_00139,school,tau2019,airport-lyon-1041-41396-a,tau_airport-lyon-1041,data/raw/tau2019_partial/TAU-urban-acoustic-scenes-2019-development/audio/airport-lyon-1041-41396-a.wav,10.0,door_slam,0.0699,clean
bg_school_tau2019_00140,school,tau2019,airport-lisbon-1114-41409-a,tau_airport-lisbon-1114,data/raw/tau2019_partial/TAU-urban-acoustic-scenes-2019-development/audio/airport-lisbon-1114-41409-a.wav,10.0,running_footsteps,0.0287,clean
bg_school_tau2019_00141,school,tau2019,airport-lisbon-1000-41411-a,tau_airport-lisbon-1000,data/raw/tau2019_partial/TAU-urban-acoustic-scenes-2019-development/audio/airport-lisbon-1000-41411-a.wav,10.0,running_footsteps,0.0363,clean
bg_school_tau2019_00142,school,tau2019,airport-prague-1023-41413-a,tau_airport-prague-1023,data/raw/tau2019_partial/TAU-urban-acoustic-scenes-2019-development/audio/airport-prague-1023-41413-a.wav,10.0,door_slam,0.0242,clean
bg_school_tau2019_00143,school,tau2019,airport-prague-1034-41415-a,tau_airport-prague-1034,data/raw/tau2019_partial/TAU-urban-acoustic-scenes-2019-development/audio/airport-prague-1034-41415-a.wav,10.0,running_footsteps,0.0197,clean
bg_school_tau2019_00144,school,tau2019,airport-prague-1023-41418-a,tau_airport-prague-1023,data/raw/tau2019_partial/TAU-urban-acoustic-scenes-2019-development/audio/airport-prague-1023-41418-a.wav,10.0,running_footsteps,0.0453,clean
bg_school_tau2019_00145,school,tau2019,airport-prague-1034-41420-a,tau_airport-prague-1034,data/raw/tau2019_partial/TAU-urban-acoustic-scenes-2019-development/audio/airport-prague-1034-41420-a.wav,10.0,running_footsteps,0.0449,clean
bg_school_tau2019_00146,school,tau2019,airport-prague-1023-41426-a,tau_airport-prague-1023,data/raw/tau2019_partial/TAU-urban-acoustic-scenes-2019-development/audio/airport-prague-1023-41426-a.wav,10.0,running_footsteps,0.0122,clean
bg_school_tau2019_00147,school,tau2019,airport-prague-1015-41437-a,tau_airport-prague-1015,data/raw/tau2019_partial/TAU-urban-acoustic-scenes-2019-development/audio/airport-prague-1015-41437-a.wav,10.0,running_footsteps,0.1013,clean
bg_school_tau2019_00148,school,tau2019,airport-milan-1108-41447-a,tau_airport-milan-1108,data/raw/tau2019_partial/TAU-urban-acoustic-scenes-2019-development/audio/airport-milan-1108-41447-a.wav,10.0,door_slam,0.0925,clean
bg_school_tau2019_00149,school,tau2019,airport-prague-1023-41451-a,tau_airport-prague-1023,data/raw/tau2019_partial/TAU-urban-acoustic-scenes-2019-development/audio/airport-prague-1023-41451-a.wav,10.0,door_slam,0.0432,clean
bg_school_tau2019_00150,school,tau2019,airport-lisbon-1114-41467-a,tau_airport-lisbon-1114,data/raw/tau2019_partial/TAU-urban-acoustic-scenes-2019-development/audio/airport-lisbon-1114-41467-a.wav,10.0,running_footsteps,0.0279,clean
bg_school_tau2019_00151,school,tau2019,airport-milan-1089-41486-a,tau_airport-milan-1089,data/raw/tau2019_partial/TAU-urban-acoustic-scenes-2019-development/audio/airport-milan-1089-41486-a.wav,10.0,running_footsteps,0.0918,clean
bg_school_tau2019_00152,school,tau2019,airport-lyon-1101-41501-a,tau_airport-lyon-1101,data/raw/tau2019_partial/TAU-urban-acoustic-scenes-2019-development/audio/airport-lyon-1101-41501-a.wav,10.0,running_footsteps,0.0138,clean
bg_school_tau2019_00153,school,tau2019,airport-lisbon-1114-41503-a,tau_airport-lisbon-1114,data/raw/tau2019_partial/TAU-urban-acoustic-scenes-2019-development/audio/airport-lisbon-1114-41503-a.wav,10.0,running_footsteps,0.0368,clean
bg_school_tau2019_00154,school,tau2019,airport-prague-1034-41515-a,tau_airport-prague-1034,data/raw/tau2019_partial/TAU-urban-acoustic-scenes-2019-development/audio/airport-prague-1034-41515-a.wav,10.0,running_footsteps,0.0317,clean
bg_school_tau2019_00155,school,tau2019,airport-lyon-1041-41535-a,tau_airport-lyon-1041,data/raw/tau2019_partial/TAU-urban-acoustic-scenes-2019-development/audio/airport-lyon-1041-41535-a.wav,10.0,glass_breaking,0.0139,clean
bg_school_tau2019_00156,school,tau2019,airport-milan-1089-41554-a,tau_airport-milan-1089,data/raw/tau2019_partial/TAU-urban-acoustic-scenes-2019-development/audio/airport-milan-1089-41554-a.wav,10.0,running_footsteps,0.2743,flagged
bg_school_tau2019_00157,school,tau2019,airport-lyon-1095-41597-a,tau_airport-lyon-1095,data/raw/tau2019_partial/TAU-urban-acoustic-scenes-2019-development/audio/airport-lyon-1095-41597-a.wav,10.0,running_footsteps,0.1018,clean
bg_school_tau2019_00158,school,tau2019,airport-lyon-1101-41603-a,tau_airport-lyon-1101,data/raw/tau2019_partial/TAU-urban-acoustic-scenes-2019-development/audio/airport-lyon-1101-41603-a.wav,10.0,explosion,0.0283,clean
bg_school_tau2019_00159,school,tau2019,airport-lyon-1095-41626-a,tau_airport-lyon-1095,data/raw/tau2019_partial/TAU-urban-acoustic-scenes-2019-development/audio/airport-lyon-1095-41626-a.wav,10.0,running_footsteps,0.0297,clean
bg_school_tau2019_00160,school,tau2019,airport-lisbon-1000-41635-a,tau_airport-lisbon-1000,data/raw/tau2019_partial/TAU-urban-acoustic-scenes-2019-development/audio/airport-lisbon-1000-41635-a.wav,10.0,running_footsteps,0.043,clean
bg_school_tau2019_00161,school,tau2019,airport-lisbon-1114-41658-a,tau_airport-lisbon-1114,data/raw/tau2019_partial/TAU-urban-acoustic-scenes-2019-development/audio/airport-lisbon-1114-41658-a.wav,10.0,door_slam,0.1386,clean
bg_school_tau2019_00162,school,tau2019,airport-milan-1108-41659-a,tau_airport-milan-1108,data/raw/tau2019_partial/TAU-urban-acoustic-scenes-2019-development/audio/airport-milan-1108-41659-a.wav,10.0,running_footsteps,0.0287,clean
bg_school_tau2019_00163,school,tau2019,airport-lisbon-1122-41661-a,tau_airport-lisbon-1122,data/raw/tau2019_partial/TAU-urban-acoustic-scenes-2019-development/audio/airport-lisbon-1122-41661-a.wav,10.0,running_footsteps,0.051,clean
bg_school_tau2019_00164,school,tau2019,airport-prague-1034-41674-a,tau_airport-prague-1034,data/raw/tau2019_partial/TAU-urban-acoustic-scenes-2019-development/audio/airport-prague-1034-41674-a.wav,10.0,running_footsteps,0.019,clean
bg_school_tau2019_00165,school,tau2019,airport-milan-1108-41690-a,tau_airport-milan-1108,data/raw/tau2019_partial/TAU-urban-acoustic-scenes-2019-development/audio/airport-milan-1108-41690-a.wav,10.0,running_footsteps,0.0341,clean
bg_school_tau2019_00166,school,tau2019,airport-lisbon-1000-41698-a,tau_airport-lisbon-1000,data/raw/tau2019_partial/TAU-urban-acoustic-scenes-2019-development/audio/airport-lisbon-1000-41698-a.wav,10.0,running_footsteps,0.031,clean
bg_school_tau2019_00167,school,tau2019,airport-lyon-1101-41703-a,tau_airport-lyon-1101,data/raw/tau2019_partial/TAU-urban-acoustic-scenes-2019-development/audio/airport-lyon-1101-41703-a.wav,10.0,running_footsteps,0.0138,clean
bg_school_tau2019_00168,school,tau2019,airport-lisbon-1000-41706-a,tau_airport-lisbon-1000,data/raw/tau2019_partial/TAU-urban-acoustic-scenes-2019-development/audio/airport-lisbon-1000-41706-a.wav,10.0,running_footsteps,0.0308,clean
bg_school_tau2019_00169,school,tau2019,airport-lyon-1041-41710-a,tau_airport-lyon-1041,data/raw/tau2019_partial/TAU-urban-acoustic-scenes-2019-development/audio/airport-lyon-1041-41710-a.wav,10.0,door_slam,0.027,clean
bg_school_tau2019_00170,school,tau2019,airport-prague-1069-41725-a,tau_airport-prague-1069,data/raw/tau2019_partial/TAU-urban-acoustic-scenes-2019-development/audio/airport-prague-1069-41725-a.wav,10.0,running_footsteps,0.0115,clean
bg_school_tau2019_00171,school,tau2019,airport-milan-1089-41726-a,tau_airport-milan-1089,data/raw/tau2019_partial/TAU-urban-acoustic-scenes-2019-development/audio/airport-milan-1089-41726-a.wav,10.0,door_slam,0.024,clean
bg_school_tau2019_00172,school,tau2019,airport-lisbon-1000-41735-a,tau_airport-lisbon-1000,data/raw/tau2019_partial/TAU-urban-acoustic-scenes-2019-development/audio/airport-lisbon-1000-41735-a.wav,10.0,running_footsteps,0.0334,clean
bg_school_tau2019_00173,school,tau2019,airport-lisbon-1114-41736-a,tau_airport-lisbon-1114,data/raw/tau2019_partial/TAU-urban-acoustic-scenes-2019-development/audio/airport-lisbon-1114-41736-a.wav,10.0,running_footsteps,0.0132,clean
bg_school_tau2019_00174,school,tau2019,airport-lisbon-1114-41743-a,tau_airport-lisbon-1114,data/raw/tau2019_partial/TAU-urban-acoustic-scenes-2019-development/audio/airport-lisbon-1114-41743-a.wav,10.0,door_slam,0.0788,clean
bg_school_tau2019_00175,school,tau2019,airport-milan-1061-41750-a,tau_airport-milan-1061,data/raw/tau2019_partial/TAU-urban-acoustic-scenes-2019-development/audio/airport-milan-1061-41750-a.wav,10.0,running_footsteps,0.0376,clean
bg_school_tau2019_00176,school,tau2019,airport-milan-1108-41787-a,tau_airport-milan-1108,data/raw/tau2019_partial/TAU-urban-acoustic-scenes-2019-development/audio/airport-milan-1108-41787-a.wav,10.0,running_footsteps,0.0293,clean
bg_school_tau2019_00177,school,tau2019,airport-milan-1061-41813-a,tau_airport-milan-1061,data/raw/tau2019_partial/TAU-urban-acoustic-scenes-2019-development/audio/airport-milan-1061-41813-a.wav,10.0,running_footsteps,0.1278,clean
bg_school_tau2019_00178,school,tau2019,airport-milan-1089-41818-a,tau_airport-milan-1089,data/raw/tau2019_partial/TAU-urban-acoustic-scenes-2019-development/audio/airport-milan-1089-41818-a.wav,10.0,door_slam,0.0295,clean
bg_school_tau2019_00179,school,tau2019,airport-lyon-1041-41824-a,tau_airport-lyon-1041,data/raw/tau2019_partial/TAU-urban-acoustic-scenes-2019-development/audio/airport-lyon-1041-41824-a.wav,10.0,explosion,0.0157,clean
bg_school_tau2019_00180,school,tau2019,airport-milan-1061-41831-a,tau_airport-milan-1061,data/raw/tau2019_partial/TAU-urban-acoustic-scenes-2019-development/audio/airport-milan-1061-41831-a.wav,10.0,running_footsteps,0.0613,clean
bg_school_tau2019_00181,school,tau2019,airport-lisbon-1122-41837-a,tau_airport-lisbon-1122,data/raw/tau2019_partial/TAU-urban-acoustic-scenes-2019-development/audio/airport-lisbon-1122-41837-a.wav,10.0,running_footsteps,0.0206,clean
bg_school_tau2019_00182,school,tau2019,airport-lyon-1041-41843-a,tau_airport-lyon-1041,data/raw/tau2019_partial/TAU-urban-acoustic-scenes-2019-development/audio/airport-lyon-1041-41843-a.wav,10.0,door_slam,0.0238,clean
bg_school_tau2019_00183,school,tau2019,airport-milan-1089-41850-a,tau_airport-milan-1089,data/raw/tau2019_partial/TAU-urban-acoustic-scenes-2019-development/audio/airport-milan-1089-41850-a.wav,10.0,running_footsteps,0.2166,flagged
bg_school_tau2019_00184,school,tau2019,airport-milan-1089-41851-a,tau_airport-milan-1089,data/raw/tau2019_partial/TAU-urban-acoustic-scenes-2019-development/audio/airport-milan-1089-41851-a.wav,10.0,running_footsteps,0.0297,clean
bg_school_tau2019_00185,school,tau2019,airport-lyon-1041-41852-a,tau_airport-lyon-1041,data/raw/tau2019_partial/TAU-urban-acoustic-scenes-2019-development/audio/airport-lyon-1041-41852-a.wav,10.0,running_footsteps,0.3271,flagged
bg_school_tau2019_00186,school,tau2019,airport-prague-1015-41862-a,tau_airport-prague-1015,data/raw/tau2019_partial/TAU-urban-acoustic-scenes-2019-development/audio/airport-prague-1015-41862-a.wav,10.0,running_footsteps,0.0777,clean
bg_school_tau2019_00187,school,tau2019,airport-milan-1061-41870-a,tau_airport-milan-1061,data/raw/tau2019_partial/TAU-urban-acoustic-scenes-2019-development/audio/airport-milan-1061-41870-a.wav,10.0,running_footsteps,0.0857,clean
bg_school_tau2019_00188,school,tau2019,airport-prague-1069-41871-a,tau_airport-prague-1069,data/raw/tau2019_partial/TAU-urban-acoustic-scenes-2019-development/audio/airport-prague-1069-41871-a.wav,10.0,running_footsteps,0.0558,clean
bg_school_tau2019_00189,school,tau2019,airport-lisbon-1122-41877-a,tau_airport-lisbon-1122,data/raw/tau2019_partial/TAU-urban-acoustic-scenes-2019-development/audio/airport-lisbon-1122-41877-a.wav,10.0,running_footsteps,0.5602,flagged
bg_school_tau2019_00190,school,tau2019,airport-milan-1108-41891-a,tau_airport-milan-1108,data/raw/tau2019_partial/TAU-urban-acoustic-scenes-2019-development/audio/airport-milan-1108-41891-a.wav,10.0,running_footsteps,0.0151,clean
bg_school_tau2019_00191,school,tau2019,airport-prague-1069-41895-a,tau_airport-prague-1069,data/raw/tau2019_partial/TAU-urban-acoustic-scenes-2019-development/audio/airport-prague-1069-41895-a.wav,10.0,running_footsteps,0.0231,clean
bg_school_tau2019_00192,school,tau2019,airport-milan-1108-41898-a,tau_airport-milan-1108,data/raw/tau2019_partial/TAU-urban-acoustic-scenes-2019-development/audio/airport-milan-1108-41898-a.wav,10.0,running_footsteps,0.0426,clean
bg_school_tau2019_00193,school,tau2019,airport-lyon-1101-41912-a,tau_airport-lyon-1101,data/raw/tau2019_partial/TAU-urban-acoustic-scenes-2019-development/audio/airport-lyon-1101-41912-a.wav,10.0,explosion,0.0201,clean
bg_school_tau2019_00194,school,tau2019,airport-lyon-1101-41913-a,tau_airport-lyon-1101,data/raw/tau2019_partial/TAU-urban-acoustic-scenes-2019-development/audio/airport-lyon-1101-41913-a.wav,10.0,running_footsteps,0.0109,clean
bg_school_tau2019_00195,school,tau2019,airport-lisbon-1122-41917-a,tau_airport-lisbon-1122,data/raw/tau2019_partial/TAU-urban-acoustic-scenes-2019-development/audio/airport-lisbon-1122-41917-a.wav,10.0,running_footsteps,0.0306,clean
bg_school_tau2019_00196,school,tau2019,airport-lyon-1041-41945-a,tau_airport-lyon-1041,data/raw/tau2019_partial/TAU-urban-acoustic-scenes-2019-development/audio/airport-lyon-1041-41945-a.wav,10.0,explosion,0.0096,clean
bg_school_tau2019_00197,school,tau2019,airport-lyon-1095-41953-a,tau_airport-lyon-1095,data/raw/tau2019_partial/TAU-urban-acoustic-scenes-2019-development/audio/airport-lyon-1095-41953-a.wav,10.0,running_footsteps,0.0551,clean
bg_school_tau2019_00198,school,tau2019,airport-prague-1015-41955-a,tau_airport-prague-1015,data/raw/tau2019_partial/TAU-urban-acoustic-scenes-2019-development/audio/airport-prague-1015-41955-a.wav,10.0,running_footsteps,0.3545,flagged
bg_school_tau2019_00199,school,tau2019,airport-milan-1108-41968-a,tau_airport-milan-1108,data/raw/tau2019_partial/TAU-urban-acoustic-scenes-2019-development/audio/airport-milan-1108-41968-a.wav,10.0,running_footsteps,0.0568,clean
bg_school_tau2019_00200,school,tau2019,airport-milan-1108-41984-a,tau_airport-milan-1108,data/raw/tau2019_partial/TAU-urban-acoustic-scenes-2019-development/audio/airport-milan-1108-41984-a.wav,10.0,running_footsteps,0.035,clean
bg_school_tau2019_00201,school,tau2019,airport-lisbon-1000-41994-a,tau_airport-lisbon-1000,data/raw/tau2019_partial/TAU-urban-acoustic-scenes-2019-development/audio/airport-lisbon-1000-41994-a.wav,10.0,running_footsteps,0.0389,clean
bg_school_tau2019_00202,school,tau2019,airport-lyon-1041-42041-a,tau_airport-lyon-1041,data/raw/tau2019_partial/TAU-urban-acoustic-scenes-2019-development/audio/airport-lyon-1041-42041-a.wav,10.0,running_footsteps,0.2739,flagged
bg_school_tau2019_00203,school,tau2019,airport-lisbon-1122-42055-a,tau_airport-lisbon-1122,data/raw/tau2019_partial/TAU-urban-acoustic-scenes-2019-development/audio/airport-lisbon-1122-42055-a.wav,10.0,running_footsteps,0.0296,clean
bg_school_tau2019_00204,school,tau2019,airport-milan-1089-42083-a,tau_airport-milan-1089,data/raw/tau2019_partial/TAU-urban-acoustic-scenes-2019-development/audio/airport-milan-1089-42083-a.wav,10.0,running_footsteps,0.0566,clean
bg_school_tau2019_00205,school,tau2019,airport-milan-1108-42104-a,tau_airport-milan-1108,data/raw/tau2019_partial/TAU-urban-acoustic-scenes-2019-development/audio/airport-milan-1108-42104-a.wav,10.0,running_footsteps,0.0782,clean
bg_school_tau2019_00206,school,tau2019,airport-lyon-1095-42121-a,tau_airport-lyon-1095,data/raw/tau2019_partial/TAU-urban-acoustic-scenes-2019-development/audio/airport-lyon-1095-42121-a.wav,10.0,running_footsteps,0.038,clean
bg_school_tau2019_00207,school,tau2019,airport-milan-1108-42132-a,tau_airport-milan-1108,data/raw/tau2019_partial/TAU-urban-acoustic-scenes-2019-development/audio/airport-milan-1108-42132-a.wav,10.0,running_footsteps,0.1047,clean
bg_school_tau2019_00208,school,tau2019,airport-prague-1069-42135-a,tau_airport-prague-1069,data/raw/tau2019_partial/TAU-urban-acoustic-scenes-2019-development/audio/airport-prague-1069-42135-a.wav,10.0,scream,0.0417,clean
bg_school_tau2019_00209,school,tau2019,airport-lyon-1095-42146-a,tau_airport-lyon-1095,data/raw/tau2019_partial/TAU-urban-acoustic-scenes-2019-development/audio/airport-lyon-1095-42146-a.wav,10.0,running_footsteps,0.115,clean
bg_school_tau2019_00210,school,tau2019,airport-lisbon-1114-42155-a,tau_airport-lisbon-1114,data/raw/tau2019_partial/TAU-urban-acoustic-scenes-2019-development/audio/airport-lisbon-1114-42155-a.wav,10.0,running_footsteps,0.0554,clean
bg_school_tau2019_00211,school,tau2019,airport-lisbon-1122-42166-a,tau_airport-lisbon-1122,data/raw/tau2019_partial/TAU-urban-acoustic-scenes-2019-development/audio/airport-lisbon-1122-42166-a.wav,10.0,running_footsteps,0.0225,clean
bg_school_tau2019_00212,school,tau2019,airport-prague-1069-42168-a,tau_airport-prague-1069,data/raw/tau2019_partial/TAU-urban-acoustic-scenes-2019-development/audio/airport-prague-1069-42168-a.wav,10.0,running_footsteps,0.0254,clean
bg_school_tau2019_00213,school,tau2019,airport-prague-1023-42171-a,tau_airport-prague-1023,data/raw/tau2019_partial/TAU-urban-acoustic-scenes-2019-development/audio/airport-prague-1023-42171-a.wav,10.0,door_slam,0.0478,clean
bg_school_tau2019_00214,school,tau2019,airport-milan-1089-42172-a,tau_airport-milan-1089,data/raw/tau2019_partial/TAU-urban-acoustic-scenes-2019-development/audio/airport-milan-1089-42172-a.wav,10.0,running_footsteps,0.0256,clean
bg_school_tau2019_00215,school,tau2019,airport-milan-1089-42174-a,tau_airport-milan-1089,data/raw/tau2019_partial/TAU-urban-acoustic-scenes-2019-development/audio/airport-milan-1089-42174-a.wav,10.0,running_footsteps,0.0297,clean
bg_school_tau2019_00216,school,tau2019,airport-lisbon-1000-42196-a,tau_airport-lisbon-1000,data/raw/tau2019_partial/TAU-urban-acoustic-scenes-2019-development/audio/airport-lisbon-1000-42196-a.wav,10.0,running_footsteps,0.1033,clean
bg_school_tau2019_00217,school,tau2019,airport-milan-1061-42200-a,tau_airport-milan-1061,data/raw/tau2019_partial/TAU-urban-acoustic-scenes-2019-development/audio/airport-milan-1061-42200-a.wav,10.0,running_footsteps,0.1765,flagged
bg_school_tau2019_00218,school,tau2019,airport-lisbon-1122-42212-a,tau_airport-lisbon-1122,data/raw/tau2019_partial/TAU-urban-acoustic-scenes-2019-development/audio/airport-lisbon-1122-42212-a.wav,10.0,running_footsteps,0.008,clean
bg_school_tau2019_00219,school,tau2019,airport-milan-1108-42235-a,tau_airport-milan-1108,data/raw/tau2019_partial/TAU-urban-acoustic-scenes-2019-development/audio/airport-milan-1108-42235-a.wav,10.0,running_footsteps,0.0554,clean
bg_school_tau2019_00220,school,tau2019,airport-lyon-1041-42246-a,tau_airport-lyon-1041,data/raw/tau2019_partial/TAU-urban-acoustic-scenes-2019-development/audio/airport-lyon-1041-42246-a.wav,10.0,running_footsteps,0.0103,clean
bg_school_tau2019_00221,school,tau2019,airport-prague-1023-42248-a,tau_airport-prague-1023,data/raw/tau2019_partial/TAU-urban-acoustic-scenes-2019-development/audio/airport-prague-1023-42248-a.wav,10.0,running_footsteps,0.016,clean
bg_school_tau2019_00222,school,tau2019,airport-lyon-1041-42257-a,tau_airport-lyon-1041,data/raw/tau2019_partial/TAU-urban-acoustic-scenes-2019-development/audio/airport-lyon-1041-42257-a.wav,10.0,door_slam,0.0324,clean
bg_school_tau2019_00223,school,tau2019,airport-lisbon-1000-42274-a,tau_airport-lisbon-1000,data/raw/tau2019_partial/TAU-urban-acoustic-scenes-2019-development/audio/airport-lisbon-1000-42274-a.wav,10.0,running_footsteps,0.0556,clean
bg_school_tau2019_00224,school,tau2019,airport-milan-1061-42278-a,tau_airport-milan-1061,data/raw/tau2019_partial/TAU-urban-acoustic-scenes-2019-development/audio/airport-milan-1061-42278-a.wav,10.0,running_footsteps,0.0275,clean
bg_school_tau2019_00225,school,tau2019,airport-lisbon-1122-42281-a,tau_airport-lisbon-1122,data/raw/tau2019_partial/TAU-urban-acoustic-scenes-2019-development/audio/airport-lisbon-1122-42281-a.wav,10.0,running_footsteps,0.0282,clean
bg_school_tau2019_00226,school,tau2019,airport-lyon-1095-42330-a,tau_airport-lyon-1095,data/raw/tau2019_partial/TAU-urban-acoustic-scenes-2019-development/audio/airport-lyon-1095-42330-a.wav,10.0,running_footsteps,0.2059,flagged
bg_school_tau2019_00227,school,tau2019,airport-prague-1023-42332-a,tau_airport-prague-1023,data/raw/tau2019_partial/TAU-urban-acoustic-scenes-2019-development/audio/airport-prague-1023-42332-a.wav,10.0,running_footsteps,0.0347,clean
bg_school_tau2019_00228,school,tau2019,airport-prague-1023-42333-a,tau_airport-prague-1023,data/raw/tau2019_partial/TAU-urban-acoustic-scenes-2019-development/audio/airport-prague-1023-42333-a.wav,10.0,door_slam,0.0386,clean
bg_school_tau2019_00229,school,tau2019,airport-lyon-1101-42334-a,tau_airport-lyon-1101,data/raw/tau2019_partial/TAU-urban-acoustic-scenes-2019-development/audio/airport-lyon-1101-42334-a.wav,10.0,door_slam,0.0303,clean
bg_school_tau2019_00230,school,tau2019,airport-lyon-1101-42343-a,tau_airport-lyon-1101,data/raw/tau2019_partial/TAU-urban-acoustic-scenes-2019-development/audio/airport-lyon-1101-42343-a.wav,10.0,running_footsteps,0.0127,clean
bg_school_tau2019_00231,school,tau2019,airport-lisbon-1000-42406-a,tau_airport-lisbon-1000,data/raw/tau2019_partial/TAU-urban-acoustic-scenes-2019-development/audio/airport-lisbon-1000-42406-a.wav,10.0,running_footsteps,0.0285,clean
bg_school_tau2019_00232,school,tau2019,airport-lisbon-1000-42416-a,tau_airport-lisbon-1000,data/raw/tau2019_partial/TAU-urban-acoustic-scenes-2019-development/audio/airport-lisbon-1000-42416-a.wav,10.0,running_footsteps,0.0312,clean
bg_school_tau2019_00233,school,tau2019,airport-lyon-1101-42428-a,tau_airport-lyon-1101,data/raw/tau2019_partial/TAU-urban-acoustic-scenes-2019-development/audio/airport-lyon-1101-42428-a.wav,10.0,door_slam,0.0496,clean
bg_school_tau2019_00234,school,tau2019,airport-lyon-1095-42436-a,tau_airport-lyon-1095,data/raw/tau2019_partial/TAU-urban-acoustic-scenes-2019-development/audio/airport-lyon-1095-42436-a.wav,10.0,running_footsteps,0.0631,clean
bg_school_tau2019_00235,school,tau2019,airport-prague-1069-42443-a,tau_airport-prague-1069,data/raw/tau2019_partial/TAU-urban-acoustic-scenes-2019-development/audio/airport-prague-1069-42443-a.wav,10.0,running_footsteps,0.0161,clean
bg_school_tau2019_00236,school,tau2019,airport-prague-1034-42456-a,tau_airport-prague-1034,data/raw/tau2019_partial/TAU-urban-acoustic-scenes-2019-development/audio/airport-prague-1034-42456-a.wav,10.0,running_footsteps,0.2217,flagged
bg_school_tau2019_00237,school,tau2019,airport-prague-1023-42487-a,tau_airport-prague-1023,data/raw/tau2019_partial/TAU-urban-acoustic-scenes-2019-development/audio/airport-prague-1023-42487-a.wav,10.0,glass_breaking,0.0167,clean
bg_school_tau2019_00238,school,tau2019,airport-milan-1061-42505-a,tau_airport-milan-1061,data/raw/tau2019_partial/TAU-urban-acoustic-scenes-2019-development/audio/airport-milan-1061-42505-a.wav,10.0,running_footsteps,0.2495,flagged
bg_school_tau2019_00239,school,tau2019,airport-prague-1034-42517-a,tau_airport-prague-1034,data/raw/tau2019_partial/TAU-urban-acoustic-scenes-2019-development/audio/airport-prague-1034-42517-a.wav,10.0,running_footsteps,0.0766,clean
bg_school_tau2019_00240,school,tau2019,airport-milan-1108-42526-a,tau_airport-milan-1108,data/raw/tau2019_partial/TAU-urban-acoustic-scenes-2019-development/audio/airport-milan-1108-42526-a.wav,10.0,running_footsteps,0.1473,clean
bg_school_tau2019_00241,school,tau2019,airport-lyon-1095-42528-a,tau_airport-lyon-1095,data/raw/tau2019_partial/TAU-urban-acoustic-scenes-2019-development/audio/airport-lyon-1095-42528-a.wav,10.0,running_footsteps,0.0614,clean
bg_school_tau2019_00242,school,tau2019,airport-lisbon-1114-42529-a,tau_airport-lisbon-1114,data/raw/tau2019_partial/TAU-urban-acoustic-scenes-2019-development/audio/airport-lisbon-1114-42529-a.wav,10.0,door_slam,0.1502,flagged
bg_school_tau2019_00243,school,tau2019,airport-milan-1108-42540-a,tau_airport-milan-1108,data/raw/tau2019_partial/TAU-urban-acoustic-scenes-2019-development/audio/airport-milan-1108-42540-a.wav,10.0,running_footsteps,0.1557,flagged
bg_school_tau2019_00244,school,tau2019,airport-lyon-1095-42574-a,tau_airport-lyon-1095,data/raw/tau2019_partial/TAU-urban-acoustic-scenes-2019-development/audio/airport-lyon-1095-42574-a.wav,10.0,running_footsteps,0.1037,clean
bg_school_tau2019_00245,school,tau2019,airport-milan-1089-42579-a,tau_airport-milan-1089,data/raw/tau2019_partial/TAU-urban-acoustic-scenes-2019-development/audio/airport-milan-1089-42579-a.wav,10.0,running_footsteps,0.0413,clean
bg_school_tau2019_00246,school,tau2019,airport-lisbon-1122-42582-a,tau_airport-lisbon-1122,data/raw/tau2019_partial/TAU-urban-acoustic-scenes-2019-development/audio/airport-lisbon-1122-42582-a.wav,10.0,running_footsteps,0.0303,clean
bg_school_tau2019_00247,school,tau2019,airport-lisbon-1122-42593-a,tau_airport-lisbon-1122,data/raw/tau2019_partial/TAU-urban-acoustic-scenes-2019-development/audio/airport-lisbon-1122-42593-a.wav,10.0,running_footsteps,0.0319,clean
bg_school_tau2019_00248,school,tau2019,airport-lyon-1101-42602-a,tau_airport-lyon-1101,data/raw/tau2019_partial/TAU-urban-acoustic-scenes-2019-development/audio/airport-lyon-1101-42602-a.wav,10.0,running_footsteps,0.0517,clean
bg_school_tau2019_00249,school,tau2019,airport-milan-1061-42604-a,tau_airport-milan-1061,data/raw/tau2019_partial/TAU-urban-acoustic-scenes-2019-development/audio/airport-milan-1061-42604-a.wav,10.0,running_footsteps,0.1678,flagged
bg_school_tau2019_00250,school,tau2019,airport-lisbon-1000-42611-a,tau_airport-lisbon-1000,data/raw/tau2019_partial/TAU-urban-acoustic-scenes-2019-development/audio/airport-lisbon-1000-42611-a.wav,10.0,running_footsteps,0.0332,clean
bg_school_tau2019_00251,school,tau2019,airport-prague-1023-42614-a,tau_airport-prague-1023,data/raw/tau2019_partial/TAU-urban-acoustic-scenes-2019-development/audio/airport-prague-1023-42614-a.wav,10.0,running_footsteps,0.0216,clean
bg_school_tau2019_00252,school,tau2019,airport-lyon-1095-42617-a,tau_airport-lyon-1095,data/raw/tau2019_partial/TAU-urban-acoustic-scenes-2019-development/audio/airport-lyon-1095-42617-a.wav,10.0,running_footsteps,0.3307,flagged
bg_school_tau2019_00253,school,tau2019,airport-milan-1089-42633-a,tau_airport-milan-1089,data/raw/tau2019_partial/TAU-urban-acoustic-scenes-2019-development/audio/airport-milan-1089-42633-a.wav,10.0,running_footsteps,0.1355,clean
bg_school_tau2019_00254,school,tau2019,airport-lisbon-1114-42659-a,tau_airport-lisbon-1114,data/raw/tau2019_partial/TAU-urban-acoustic-scenes-2019-development/audio/airport-lisbon-1114-42659-a.wav,10.0,running_footsteps,0.0553,clean
bg_school_tau2019_00255,school,tau2019,airport-prague-1034-42667-a,tau_airport-prague-1034,data/raw/tau2019_partial/TAU-urban-acoustic-scenes-2019-development/audio/airport-prague-1034-42667-a.wav,10.0,running_footsteps,0.0423,clean
bg_school_tau2019_00256,school,tau2019,airport-lisbon-1114-42669-a,tau_airport-lisbon-1114,data/raw/tau2019_partial/TAU-urban-acoustic-scenes-2019-development/audio/airport-lisbon-1114-42669-a.wav,10.0,running_footsteps,0.0195,clean
bg_school_tau2019_00257,school,tau2019,airport-prague-1034-42685-a,tau_airport-prague-1034,data/raw/tau2019_partial/TAU-urban-acoustic-scenes-2019-development/audio/airport-prague-1034-42685-a.wav,10.0,door_slam,0.1692,flagged
bg_school_tau2019_00258,school,tau2019,airport-milan-1108-42695-a,tau_airport-milan-1108,data/raw/tau2019_partial/TAU-urban-acoustic-scenes-2019-development/audio/airport-milan-1108-42695-a.wav,10.0,running_footsteps,0.0324,clean
bg_school_tau2019_00259,school,tau2019,airport-milan-1089-42696-a,tau_airport-milan-1089,data/raw/tau2019_partial/TAU-urban-acoustic-scenes-2019-development/audio/airport-milan-1089-42696-a.wav,10.0,running_footsteps,0.0482,clean
bg_school_tau2019_00260,school,tau2019,airport-lyon-1101-42703-a,tau_airport-lyon-1101,data/raw/tau2019_partial/TAU-urban-acoustic-scenes-2019-development/audio/airport-lyon-1101-42703-a.wav,10.0,running_footsteps,0.3038,flagged
bg_school_tau2019_00261,school,tau2019,airport-lisbon-1114-42707-a,tau_airport-lisbon-1114,data/raw/tau2019_partial/TAU-urban-acoustic-scenes-2019-development/audio/airport-lisbon-1114-42707-a.wav,10.0,running_footsteps,0.0132,clean
bg_school_tau2019_00262,school,tau2019,airport-lisbon-1114-42711-a,tau_airport-lisbon-1114,data/raw/tau2019_partial/TAU-urban-acoustic-scenes-2019-development/audio/airport-lisbon-1114-42711-a.wav,10.0,door_slam,0.0535,clean
bg_school_tau2019_00263,school,tau2019,airport-lisbon-1000-42727-a,tau_airport-lisbon-1000,data/raw/tau2019_partial/TAU-urban-acoustic-scenes-2019-development/audio/airport-lisbon-1000-42727-a.wav,10.0,running_footsteps,0.0311,clean
bg_school_tau2019_00264,school,tau2019,airport-prague-1015-42736-a,tau_airport-prague-1015,data/raw/tau2019_partial/TAU-urban-acoustic-scenes-2019-development/audio/airport-prague-1015-42736-a.wav,10.0,door_slam,0.034,clean
bg_school_tau2019_00265,school,tau2019,airport-milan-1061-42752-a,tau_airport-milan-1061,data/raw/tau2019_partial/TAU-urban-acoustic-scenes-2019-development/audio/airport-milan-1061-42752-a.wav,10.0,running_footsteps,0.1789,flagged
bg_school_tau2019_00266,school,tau2019,airport-lyon-1095-42753-a,tau_airport-lyon-1095,data/raw/tau2019_partial/TAU-urban-acoustic-scenes-2019-development/audio/airport-lyon-1095-42753-a.wav,10.0,running_footsteps,0.0345,clean
bg_school_tau2019_00267,school,tau2019,airport-prague-1023-42755-a,tau_airport-prague-1023,data/raw/tau2019_partial/TAU-urban-acoustic-scenes-2019-development/audio/airport-prague-1023-42755-a.wav,10.0,running_footsteps,0.0106,clean
bg_school_tau2019_00268,school,tau2019,airport-lisbon-1122-42768-a,tau_airport-lisbon-1122,data/raw/tau2019_partial/TAU-urban-acoustic-scenes-2019-development/audio/airport-lisbon-1122-42768-a.wav,10.0,running_footsteps,0.0227,clean
bg_school_tau2019_00269,school,tau2019,airport-prague-1015-42783-a,tau_airport-prague-1015,data/raw/tau2019_partial/TAU-urban-acoustic-scenes-2019-development/audio/airport-prague-1015-42783-a.wav,10.0,running_footsteps,0.7281,flagged
bg_school_tau2019_00270,school,tau2019,airport-lyon-1101-42791-a,tau_airport-lyon-1101,data/raw/tau2019_partial/TAU-urban-acoustic-scenes-2019-development/audio/airport-lyon-1101-42791-a.wav,10.0,glass_breaking,0.0377,clean
bg_school_tau2019_00271,school,tau2019,airport-lyon-1095-42795-a,tau_airport-lyon-1095,data/raw/tau2019_partial/TAU-urban-acoustic-scenes-2019-development/audio/airport-lyon-1095-42795-a.wav,10.0,running_footsteps,0.0183,clean
bg_school_tau2019_00272,school,tau2019,airport-lyon-1041-42809-a,tau_airport-lyon-1041,data/raw/tau2019_partial/TAU-urban-acoustic-scenes-2019-development/audio/airport-lyon-1041-42809-a.wav,10.0,running_footsteps,0.0399,clean
bg_school_tau2019_00273,school,tau2019,airport-milan-1061-42820-a,tau_airport-milan-1061,data/raw/tau2019_partial/TAU-urban-acoustic-scenes-2019-development/audio/airport-milan-1061-42820-a.wav,10.0,siren,0.2105,flagged
bg_school_tau2019_00274,school,tau2019,airport-lyon-1041-42824-a,tau_airport-lyon-1041,data/raw/tau2019_partial/TAU-urban-acoustic-scenes-2019-development/audio/airport-lyon-1041-42824-a.wav,10.0,explosion,0.0166,clean
bg_school_tau2019_00275,school,tau2019,airport-lyon-1101-42838-a,tau_airport-lyon-1101,data/raw/tau2019_partial/TAU-urban-acoustic-scenes-2019-development/audio/airport-lyon-1101-42838-a.wav,10.0,running_footsteps,0.02,clean
bg_school_tau2019_00276,school,tau2019,airport-milan-1108-42841-a,tau_airport-milan-1108,data/raw/tau2019_partial/TAU-urban-acoustic-scenes-2019-development/audio/airport-milan-1108-42841-a.wav,10.0,running_footsteps,0.0402,clean
bg_school_tau2019_00277,school,tau2019,airport-prague-1034-42842-a,tau_airport-prague-1034,data/raw/tau2019_partial/TAU-urban-acoustic-scenes-2019-development/audio/airport-prague-1034-42842-a.wav,10.0,running_footsteps,0.0497,clean
bg_school_tau2019_00278,school,tau2019,airport-lyon-1101-42854-a,tau_airport-lyon-1101,data/raw/tau2019_partial/TAU-urban-acoustic-scenes-2019-development/audio/airport-lyon-1101-42854-a.wav,10.0,glass_breaking,0.0231,clean
bg_school_tau2019_00279,school,tau2019,airport-lisbon-1000-42860-a,tau_airport-lisbon-1000,data/raw/tau2019_partial/TAU-urban-acoustic-scenes-2019-development/audio/airport-lisbon-1000-42860-a.wav,10.0,running_footsteps,0.0238,clean
bg_school_tau2019_00280,school,tau2019,airport-prague-1015-42872-a,tau_airport-prague-1015,data/raw/tau2019_partial/TAU-urban-acoustic-scenes-2019-development/audio/airport-prague-1015-42872-a.wav,10.0,running_footsteps,0.1159,clean
bg_school_tau2019_00281,school,tau2019,airport-milan-1061-42883-a,tau_airport-milan-1061,data/raw/tau2019_partial/TAU-urban-acoustic-scenes-2019-development/audio/airport-milan-1061-42883-a.wav,10.0,vehicle_crash,0.0381,clean
bg_school_tau2019_00282,school,tau2019,airport-prague-1069-42891-a,tau_airport-prague-1069,data/raw/tau2019_partial/TAU-urban-acoustic-scenes-2019-development/audio/airport-prague-1069-42891-a.wav,10.0,running_footsteps,0.0108,clean
bg_school_tau2019_00283,school,tau2019,airport-lisbon-1000-42898-a,tau_airport-lisbon-1000,data/raw/tau2019_partial/TAU-urban-acoustic-scenes-2019-development/audio/airport-lisbon-1000-42898-a.wav,10.0,running_footsteps,0.0629,clean
bg_school_tau2019_00284,school,tau2019,airport-lisbon-1000-42902-a,tau_airport-lisbon-1000,data/raw/tau2019_partial/TAU-urban-acoustic-scenes-2019-development/audio/airport-lisbon-1000-42902-a.wav,10.0,running_footsteps,0.0731,clean
bg_school_tau2019_00285,school,tau2019,airport-lisbon-1000-42904-a,tau_airport-lisbon-1000,data/raw/tau2019_partial/TAU-urban-acoustic-scenes-2019-development/audio/airport-lisbon-1000-42904-a.wav,10.0,running_footsteps,0.0236,clean
bg_school_tau2019_00286,school,tau2019,airport-milan-1108-42916-a,tau_airport-milan-1108,data/raw/tau2019_partial/TAU-urban-acoustic-scenes-2019-development/audio/airport-milan-1108-42916-a.wav,10.0,running_footsteps,0.1826,flagged
bg_school_tau2019_00287,school,tau2019,airport-lyon-1041-42920-a,tau_airport-lyon-1041,data/raw/tau2019_partial/TAU-urban-acoustic-scenes-2019-development/audio/airport-lyon-1041-42920-a.wav,10.0,running_footsteps,0.0247,clean
bg_school_tau2019_00288,school,tau2019,airport-milan-1089-42935-a,tau_airport-milan-1089,data/raw/tau2019_partial/TAU-urban-acoustic-scenes-2019-development/audio/airport-milan-1089-42935-a.wav,10.0,running_footsteps,0.6686,flagged
bg_school_tau2019_00289,school,tau2019,airport-milan-1108-42936-a,tau_airport-milan-1108,data/raw/tau2019_partial/TAU-urban-acoustic-scenes-2019-development/audio/airport-milan-1108-42936-a.wav,10.0,running_footsteps,0.0422,clean
bg_school_tau2019_00290,school,tau2019,airport-lyon-1041-42942-a,tau_airport-lyon-1041,data/raw/tau2019_partial/TAU-urban-acoustic-scenes-2019-development/audio/airport-lyon-1041-42942-a.wav,10.0,explosion,0.0171,clean
bg_school_tau2019_00291,school,tau2019,airport-lyon-1101-42943-a,tau_airport-lyon-1101,data/raw/tau2019_partial/TAU-urban-acoustic-scenes-2019-development/audio/airport-lyon-1101-42943-a.wav,10.0,running_footsteps,0.0446,clean
bg_school_tau2019_00292,school,tau2019,airport-lisbon-1114-42954-a,tau_airport-lisbon-1114,data/raw/tau2019_partial/TAU-urban-acoustic-scenes-2019-development/audio/airport-lisbon-1114-42954-a.wav,10.0,running_footsteps,0.012,clean
bg_school_tau2019_00293,school,tau2019,airport-milan-1089-42955-a,tau_airport-milan-1089,data/raw/tau2019_partial/TAU-urban-acoustic-scenes-2019-development/audio/airport-milan-1089-42955-a.wav,10.0,running_footsteps,0.0621,clean
bg_school_tau2019_00294,school,tau2019,airport-lisbon-1122-42956-a,tau_airport-lisbon-1122,data/raw/tau2019_partial/TAU-urban-acoustic-scenes-2019-development/audio/airport-lisbon-1122-42956-a.wav,10.0,running_footsteps,0.0864,clean
bg_school_tau2019_00295,school,tau2019,airport-lisbon-1122-42966-a,tau_airport-lisbon-1122,data/raw/tau2019_partial/TAU-urban-acoustic-scenes-2019-development/audio/airport-lisbon-1122-42966-a.wav,10.0,running_footsteps,0.0477,clean
bg_school_tau2019_00296,school,tau2019,airport-prague-1069-42974-a,tau_airport-prague-1069,data/raw/tau2019_partial/TAU-urban-acoustic-scenes-2019-development/audio/airport-prague-1069-42974-a.wav,10.0,running_footsteps,0.0347,clean
bg_school_tau2019_00297,school,tau2019,airport-lyon-1095-42977-a,tau_airport-lyon-1095,data/raw/tau2019_partial/TAU-urban-acoustic-scenes-2019-development/audio/airport-lyon-1095-42977-a.wav,10.0,running_footsteps,0.0329,clean
bg_school_tau2019_00298,school,tau2019,airport-lisbon-1122-43015-a,tau_airport-lisbon-1122,data/raw/tau2019_partial/TAU-urban-acoustic-scenes-2019-development/audio/airport-lisbon-1122-43015-a.wav,10.0,running_footsteps,0.0101,clean
bg_school_tau2019_00299,school,tau2019,airport-lisbon-1114-43022-a,tau_airport-lisbon-1114,data/raw/tau2019_partial/TAU-urban-acoustic-scenes-2019-development/audio/airport-lisbon-1114-43022-a.wav,10.0,running_footsteps,0.0162,clean
bg_school_tau2019_00300,school,tau2019,airport-prague-1069-43028-a,tau_airport-prague-1069,data/raw/tau2019_partial/TAU-urban-acoustic-scenes-2019-development/audio/airport-prague-1069-43028-a.wav,10.0,door_slam,0.0444,clean
bg_school_tau2019_00301,school,tau2019,airport-prague-1023-43029-a,tau_airport-prague-1023,data/raw/tau2019_partial/TAU-urban-acoustic-scenes-2019-development/audio/airport-prague-1023-43029-a.wav,10.0,running_footsteps,0.0328,clean
bg_school_tau2019_00302,school,tau2019,airport-lyon-1041-43035-a,tau_airport-lyon-1041,data/raw/tau2019_partial/TAU-urban-acoustic-scenes-2019-development/audio/airport-lyon-1041-43035-a.wav,10.0,running_footsteps,0.0079,clean
bg_school_tau2019_00303,school,tau2019,airport-lyon-1101-43038-a,tau_airport-lyon-1101,data/raw/tau2019_partial/TAU-urban-acoustic-scenes-2019-development/audio/airport-lyon-1101-43038-a.wav,10.0,glass_breaking,0.0708,clean
bg_school_tau2019_00304,school,tau2019,airport-prague-1069-43039-a,tau_airport-prague-1069,data/raw/tau2019_partial/TAU-urban-acoustic-scenes-2019-development/audio/airport-prague-1069-43039-a.wav,10.0,scream,0.1657,flagged
bg_school_tau2019_00305,school,tau2019,airport-lyon-1041-43045-a,tau_airport-lyon-1041,data/raw/tau2019_partial/TAU-urban-acoustic-scenes-2019-development/audio/airport-lyon-1041-43045-a.wav,10.0,running_footsteps,0.1025,clean
bg_school_tau2019_00306,school,tau2019,airport-lyon-1095-43055-a,tau_airport-lyon-1095,data/raw/tau2019_partial/TAU-urban-acoustic-scenes-2019-development/audio/airport-lyon-1095-43055-a.wav,10.0,running_footsteps,0.0794,clean
bg_school_tau2019_00307,school,tau2019,airport-lyon-1041-43062-a,tau_airport-lyon-1041,data/raw/tau2019_partial/TAU-urban-acoustic-scenes-2019-development/audio/airport-lyon-1041-43062-a.wav,10.0,door_slam,0.0173,clean
bg_school_tau2019_00308,school,tau2019,airport-lisbon-1114-43068-a,tau_airport-lisbon-1114,data/raw/tau2019_partial/TAU-urban-acoustic-scenes-2019-development/audio/airport-lisbon-1114-43068-a.wav,10.0,running_footsteps,0.0156,clean
bg_school_tau2019_00309,school,tau2019,airport-lisbon-1000-43069-a,tau_airport-lisbon-1000,data/raw/tau2019_partial/TAU-urban-acoustic-scenes-2019-development/audio/airport-lisbon-1000-43069-a.wav,10.0,running_footsteps,0.0307,clean
bg_school_tau2019_00310,school,tau2019,airport-lyon-1101-43071-a,tau_airport-lyon-1101,data/raw/tau2019_partial/TAU-urban-acoustic-scenes-2019-development/audio/airport-lyon-1101-43071-a.wav,10.0,explosion,0.015,clean
bg_school_tau2019_00311,school,tau2019,airport-milan-1108-43082-a,tau_airport-milan-1108,data/raw/tau2019_partial/TAU-urban-acoustic-scenes-2019-development/audio/airport-milan-1108-43082-a.wav,10.0,running_footsteps,0.6977,flagged
bg_school_tau2019_00312,school,tau2019,airport-milan-1108-43083-a,tau_airport-milan-1108,data/raw/tau2019_partial/TAU-urban-acoustic-scenes-2019-development/audio/airport-milan-1108-43083-a.wav,10.0,running_footsteps,0.0341,clean
bg_school_tau2019_00313,school,tau2019,airport-prague-1015-43103-a,tau_airport-prague-1015,data/raw/tau2019_partial/TAU-urban-acoustic-scenes-2019-development/audio/airport-prague-1015-43103-a.wav,10.0,running_footsteps,0.1144,clean
bg_school_tau2019_00314,school,tau2019,airport-lyon-1101-43112-a,tau_airport-lyon-1101,data/raw/tau2019_partial/TAU-urban-acoustic-scenes-2019-development/audio/airport-lyon-1101-43112-a.wav,10.0,door_slam,0.0152,clean
bg_school_tau2019_00315,school,tau2019,airport-lisbon-1114-43120-a,tau_airport-lisbon-1114,data/raw/tau2019_partial/TAU-urban-acoustic-scenes-2019-development/audio/airport-lisbon-1114-43120-a.wav,10.0,running_footsteps,0.0144,clean
bg_school_tau2019_00316,school,tau2019,airport-prague-1034-43125-a,tau_airport-prague-1034,data/raw/tau2019_partial/TAU-urban-acoustic-scenes-2019-development/audio/airport-prague-1034-43125-a.wav,10.0,running_footsteps,0.019,clean
bg_school_tau2019_00317,school,tau2019,airport-lisbon-1114-43142-a,tau_airport-lisbon-1114,data/raw/tau2019_partial/TAU-urban-acoustic-scenes-2019-development/audio/airport-lisbon-1114-43142-a.wav,10.0,running_footsteps,0.0248,clean
bg_school_tau2019_00318,school,tau2019,airport-milan-1089-43148-a,tau_airport-milan-1089,data/raw/tau2019_partial/TAU-urban-acoustic-scenes-2019-development/audio/airport-milan-1089-43148-a.wav,10.0,running_footsteps,0.1719,flagged
bg_school_tau2019_00319,school,tau2019,airport-prague-1034-43157-a,tau_airport-prague-1034,data/raw/tau2019_partial/TAU-urban-acoustic-scenes-2019-development/audio/airport-prague-1034-43157-a.wav,10.0,running_footsteps,0.0205,clean
bg_school_tau2019_00320,school,tau2019,airport-lisbon-1114-43160-a,tau_airport-lisbon-1114,data/raw/tau2019_partial/TAU-urban-acoustic-scenes-2019-development/audio/airport-lisbon-1114-43160-a.wav,10.0,running_footsteps,0.0252,clean
bg_school_tau2019_00321,school,tau2019,airport-lyon-1095-43177-a,tau_airport-lyon-1095,data/raw/tau2019_partial/TAU-urban-acoustic-scenes-2019-development/audio/airport-lyon-1095-43177-a.wav,10.0,running_footsteps,0.0179,clean
bg_school_tau2019_00322,school,tau2019,airport-lisbon-1114-43181-a,tau_airport-lisbon-1114,data/raw/tau2019_partial/TAU-urban-acoustic-scenes-2019-development/audio/airport-lisbon-1114-43181-a.wav,10.0,running_footsteps,0.0269,clean
bg_school_tau2019_00323,school,tau2019,airport-milan-1108-43191-a,tau_airport-milan-1108,data/raw/tau2019_partial/TAU-urban-acoustic-scenes-2019-development/audio/airport-milan-1108-43191-a.wav,10.0,running_footsteps,0.0333,clean
bg_school_tau2019_00324,school,tau2019,airport-milan-1089-43209-a,tau_airport-milan-1089,data/raw/tau2019_partial/TAU-urban-acoustic-scenes-2019-development/audio/airport-milan-1089-43209-a.wav,10.0,door_slam,0.0425,clean
bg_school_tau2019_00325,school,tau2019,airport-milan-1108-43228-a,tau_airport-milan-1108,data/raw/tau2019_partial/TAU-urban-acoustic-scenes-2019-development/audio/airport-milan-1108-43228-a.wav,10.0,running_footsteps,0.0643,clean
bg_school_tau2019_00326,school,tau2019,airport-milan-1108-43236-a,tau_airport-milan-1108,data/raw/tau2019_partial/TAU-urban-acoustic-scenes-2019-development/audio/airport-milan-1108-43236-a.wav,10.0,door_slam,0.096,clean
bg_school_tau2019_00327,school,tau2019,airport-prague-1034-43238-a,tau_airport-prague-1034,data/raw/tau2019_partial/TAU-urban-acoustic-scenes-2019-development/audio/airport-prague-1034-43238-a.wav,10.0,running_footsteps,0.1338,clean
bg_school_tau2019_00328,school,tau2019,airport-lisbon-1122-43249-a,tau_airport-lisbon-1122,data/raw/tau2019_partial/TAU-urban-acoustic-scenes-2019-development/audio/airport-lisbon-1122-43249-a.wav,10.0,running_footsteps,0.0148,clean
bg_school_tau2019_00329,school,tau2019,airport-lyon-1041-43257-a,tau_airport-lyon-1041,data/raw/tau2019_partial/TAU-urban-acoustic-scenes-2019-development/audio/airport-lyon-1041-43257-a.wav,10.0,running_footsteps,0.0582,clean
bg_school_tau2019_00330,school,tau2019,airport-lisbon-1114-43268-a,tau_airport-lisbon-1114,data/raw/tau2019_partial/TAU-urban-acoustic-scenes-2019-development/audio/airport-lisbon-1114-43268-a.wav,10.0,running_footsteps,0.0217,clean
bg_school_tau2019_00331,school,tau2019,airport-prague-1015-43277-a,tau_airport-prague-1015,data/raw/tau2019_partial/TAU-urban-acoustic-scenes-2019-development/audio/airport-prague-1015-43277-a.wav,10.0,running_footsteps,0.1714,flagged
bg_school_tau2019_00332,school,tau2019,airport-prague-1015-43287-a,tau_airport-prague-1015,data/raw/tau2019_partial/TAU-urban-acoustic-scenes-2019-development/audio/airport-prague-1015-43287-a.wav,10.0,running_footsteps,0.0907,clean
bg_school_tau2019_00333,school,tau2019,airport-lisbon-1122-43307-a,tau_airport-lisbon-1122,data/raw/tau2019_partial/TAU-urban-acoustic-scenes-2019-development/audio/airport-lisbon-1122-43307-a.wav,10.0,running_footsteps,0.2037,flagged
bg_school_tau2019_00334,school,tau2019,airport-prague-1069-43322-a,tau_airport-prague-1069,data/raw/tau2019_partial/TAU-urban-acoustic-scenes-2019-development/audio/airport-prague-1069-43322-a.wav,10.0,running_footsteps,0.0313,clean
bg_school_tau2019_00335,school,tau2019,airport-prague-1069-43326-a,tau_airport-prague-1069,data/raw/tau2019_partial/TAU-urban-acoustic-scenes-2019-development/audio/airport-prague-1069-43326-a.wav,10.0,running_footsteps,0.041,clean
bg_school_tau2019_00336,school,tau2019,airport-lisbon-1000-43327-a,tau_airport-lisbon-1000,data/raw/tau2019_partial/TAU-urban-acoustic-scenes-2019-development/audio/airport-lisbon-1000-43327-a.wav,10.0,running_footsteps,0.0296,clean
bg_school_tau2019_00337,school,tau2019,airport-lyon-1095-43330-a,tau_airport-lyon-1095,data/raw/tau2019_partial/TAU-urban-acoustic-scenes-2019-development/audio/airport-lyon-1095-43330-a.wav,10.0,running_footsteps,0.1509,flagged
bg_school_tau2019_00338,school,tau2019,airport-lisbon-1122-43364-a,tau_airport-lisbon-1122,data/raw/tau2019_partial/TAU-urban-acoustic-scenes-2019-development/audio/airport-lisbon-1122-43364-a.wav,10.0,running_footsteps,0.0205,clean
bg_school_tau2019_00339,school,tau2019,airport-lyon-1101-43380-a,tau_airport-lyon-1101,data/raw/tau2019_partial/TAU-urban-acoustic-scenes-2019-development/audio/airport-lyon-1101-43380-a.wav,10.0,running_footsteps,0.0083,clean
bg_school_tau2019_00340,school,tau2019,airport-milan-1108-43385-a,tau_airport-milan-1108,data/raw/tau2019_partial/TAU-urban-acoustic-scenes-2019-development/audio/airport-milan-1108-43385-a.wav,10.0,running_footsteps,0.039,clean
bg_school_tau2019_00341,school,tau2019,airport-prague-1069-43387-a,tau_airport-prague-1069,data/raw/tau2019_partial/TAU-urban-acoustic-scenes-2019-development/audio/airport-prague-1069-43387-a.wav,10.0,running_footsteps,0.016,clean
bg_school_tau2019_00342,school,tau2019,airport-lisbon-1122-43393-a,tau_airport-lisbon-1122,data/raw/tau2019_partial/TAU-urban-acoustic-scenes-2019-development/audio/airport-lisbon-1122-43393-a.wav,10.0,running_footsteps,0.0431,clean
bg_school_tau2019_00343,school,tau2019,airport-lyon-1041-43417-a,tau_airport-lyon-1041,data/raw/tau2019_partial/TAU-urban-acoustic-scenes-2019-development/audio/airport-lyon-1041-43417-a.wav,10.0,running_footsteps,0.0282,clean
bg_school_tau2019_00344,school,tau2019,airport-lisbon-1000-43430-a,tau_airport-lisbon-1000,data/raw/tau2019_partial/TAU-urban-acoustic-scenes-2019-development/audio/airport-lisbon-1000-43430-a.wav,10.0,running_footsteps,0.0377,clean
bg_school_tau2019_00345,school,tau2019,airport-milan-1089-43431-a,tau_airport-milan-1089,data/raw/tau2019_partial/TAU-urban-acoustic-scenes-2019-development/audio/airport-milan-1089-43431-a.wav,10.0,running_footsteps,0.0354,clean
bg_school_tau2019_00346,school,tau2019,airport-prague-1069-43436-a,tau_airport-prague-1069,data/raw/tau2019_partial/TAU-urban-acoustic-scenes-2019-development/audio/airport-prague-1069-43436-a.wav,10.0,door_slam,0.0117,clean
bg_school_tau2019_00347,school,tau2019,airport-prague-1034-43454-a,tau_airport-prague-1034,data/raw/tau2019_partial/TAU-urban-acoustic-scenes-2019-development/audio/airport-prague-1034-43454-a.wav,10.0,running_footsteps,0.0278,clean
bg_school_tau2019_00348,school,tau2019,airport-milan-1061-43471-a,tau_airport-milan-1061,data/raw/tau2019_partial/TAU-urban-acoustic-scenes-2019-development/audio/airport-milan-1061-43471-a.wav,10.0,running_footsteps,0.0832,clean
bg_school_tau2019_00349,school,tau2019,airport-lyon-1101-43476-a,tau_airport-lyon-1101,data/raw/tau2019_partial/TAU-urban-acoustic-scenes-2019-development/audio/airport-lyon-1101-43476-a.wav,10.0,running_footsteps,0.0749,clean
bg_school_tau2019_00350,school,tau2019,airport-prague-1034-43482-a,tau_airport-prague-1034,data/raw/tau2019_partial/TAU-urban-acoustic-scenes-2019-development/audio/airport-prague-1034-43482-a.wav,10.0,running_footsteps,0.0127,clean
bg_school_tau2019_00351,school,tau2019,airport-milan-1108-43486-a,tau_airport-milan-1108,data/raw/tau2019_partial/TAU-urban-acoustic-scenes-2019-development/audio/airport-milan-1108-43486-a.wav,10.0,running_footsteps,0.0621,clean
bg_school_tau2019_00352,school,tau2019,airport-milan-1089-43488-a,tau_airport-milan-1089,data/raw/tau2019_partial/TAU-urban-acoustic-scenes-2019-development/audio/airport-milan-1089-43488-a.wav,10.0,running_footsteps,0.3607,flagged
bg_school_tau2019_00353,school,tau2019,airport-lyon-1095-43489-a,tau_airport-lyon-1095,data/raw/tau2019_partial/TAU-urban-acoustic-scenes-2019-development/audio/airport-lyon-1095-43489-a.wav,10.0,running_footsteps,0.0223,clean
bg_school_tau2019_00354,school,tau2019,airport-milan-1061-43494-a,tau_airport-milan-1061,data/raw/tau2019_partial/TAU-urban-acoustic-scenes-2019-development/audio/airport-milan-1061-43494-a.wav,10.0,running_footsteps,0.0887,clean
bg_school_tau2019_00355,school,tau2019,airport-lyon-1095-43512-a,tau_airport-lyon-1095,data/raw/tau2019_partial/TAU-urban-acoustic-scenes-2019-development/audio/airport-lyon-1095-43512-a.wav,10.0,running_footsteps,0.0792,clean
bg_school_tau2019_00356,school,tau2019,airport-prague-1015-43515-a,tau_airport-prague-1015,data/raw/tau2019_partial/TAU-urban-acoustic-scenes-2019-development/audio/airport-prague-1015-43515-a.wav,10.0,running_footsteps,0.098,clean
bg_school_tau2019_00357,school,tau2019,airport-lyon-1041-43521-a,tau_airport-lyon-1041,data/raw/tau2019_partial/TAU-urban-acoustic-scenes-2019-development/audio/airport-lyon-1041-43521-a.wav,10.0,running_footsteps,0.0409,clean
bg_school_tau2019_00358,school,tau2019,airport-lyon-1101-43522-a,tau_airport-lyon-1101,data/raw/tau2019_partial/TAU-urban-acoustic-scenes-2019-development/audio/airport-lyon-1101-43522-a.wav,10.0,door_slam,0.0227,clean
bg_school_tau2019_00359,school,tau2019,airport-lyon-1101-43528-a,tau_airport-lyon-1101,data/raw/tau2019_partial/TAU-urban-acoustic-scenes-2019-development/audio/airport-lyon-1101-43528-a.wav,10.0,running_footsteps,0.0273,clean
bg_school_tau2019_00360,school,tau2019,airport-lyon-1101-43537-a,tau_airport-lyon-1101,data/raw/tau2019_partial/TAU-urban-acoustic-scenes-2019-development/audio/airport-lyon-1101-43537-a.wav,10.0,running_footsteps,0.0116,clean
bg_school_tau2019_00361,school,tau2019,airport-lisbon-1122-43567-a,tau_airport-lisbon-1122,data/raw/tau2019_partial/TAU-urban-acoustic-scenes-2019-development/audio/airport-lisbon-1122-43567-a.wav,10.0,running_footsteps,0.0559,clean
bg_school_tau2019_00362,school,tau2019,airport-lyon-1095-43600-a,tau_airport-lyon-1095,data/raw/tau2019_partial/TAU-urban-acoustic-scenes-2019-development/audio/airport-lyon-1095-43600-a.wav,10.0,running_footsteps,0.0628,clean
bg_school_tau2019_00363,school,tau2019,airport-milan-1108-43619-a,tau_airport-milan-1108,data/raw/tau2019_partial/TAU-urban-acoustic-scenes-2019-development/audio/airport-milan-1108-43619-a.wav,10.0,running_footsteps,0.0696,clean
bg_school_tau2019_00364,school,tau2019,airport-lyon-1095-43631-a,tau_airport-lyon-1095,data/raw/tau2019_partial/TAU-urban-acoustic-scenes-2019-development/audio/airport-lyon-1095-43631-a.wav,10.0,running_footsteps,0.02,clean
bg_school_tau2019_00365,school,tau2019,airport-lisbon-1114-43635-a,tau_airport-lisbon-1114,data/raw/tau2019_partial/TAU-urban-acoustic-scenes-2019-development/audio/airport-lisbon-1114-43635-a.wav,10.0,running_footsteps,0.015,clean
bg_school_tau2019_00366,school,tau2019,airport-lyon-1101-43656-a,tau_airport-lyon-1101,data/raw/tau2019_partial/TAU-urban-acoustic-scenes-2019-development/audio/airport-lyon-1101-43656-a.wav,10.0,running_footsteps,0.01,clean
bg_school_tau2019_00367,school,tau2019,airport-milan-1089-43677-a,tau_airport-milan-1089,data/raw/tau2019_partial/TAU-urban-acoustic-scenes-2019-development/audio/airport-milan-1089-43677-a.wav,10.0,running_footsteps,0.0133,clean
bg_school_tau2019_00368,school,tau2019,airport-milan-1061-43678-a,tau_airport-milan-1061,data/raw/tau2019_partial/TAU-urban-acoustic-scenes-2019-development/audio/airport-milan-1061-43678-a.wav,10.0,running_footsteps,0.0738,clean
bg_school_tau2019_00369,school,tau2019,airport-lisbon-1000-43679-a,tau_airport-lisbon-1000,data/raw/tau2019_partial/TAU-urban-acoustic-scenes-2019-development/audio/airport-lisbon-1000-43679-a.wav,10.0,running_footsteps,0.0785,clean
bg_school_tau2019_00370,school,tau2019,airport-milan-1089-43682-a,tau_airport-milan-1089,data/raw/tau2019_partial/TAU-urban-acoustic-scenes-2019-development/audio/airport-milan-1089-43682-a.wav,10.0,running_footsteps,0.1061,clean
bg_school_tau2019_00371,school,tau2019,airport-lisbon-1122-43685-a,tau_airport-lisbon-1122,data/raw/tau2019_partial/TAU-urban-acoustic-scenes-2019-development/audio/airport-lisbon-1122-43685-a.wav,10.0,running_footsteps,0.1669,flagged
bg_school_tau2019_00372,school,tau2019,airport-milan-1061-43706-a,tau_airport-milan-1061,data/raw/tau2019_partial/TAU-urban-acoustic-scenes-2019-development/audio/airport-milan-1061-43706-a.wav,10.0,door_slam,0.0376,clean
bg_school_tau2019_00373,school,tau2019,airport-lisbon-1122-43712-a,tau_airport-lisbon-1122,data/raw/tau2019_partial/TAU-urban-acoustic-scenes-2019-development/audio/airport-lisbon-1122-43712-a.wav,10.0,running_footsteps,0.0378,clean
bg_school_tau2019_00374,school,tau2019,airport-lyon-1095-43724-a,tau_airport-lyon-1095,data/raw/tau2019_partial/TAU-urban-acoustic-scenes-2019-development/audio/airport-lyon-1095-43724-a.wav,10.0,alarm_bell,0.0198,clean
bg_school_tau2019_00375,school,tau2019,airport-lyon-1101-43728-a,tau_airport-lyon-1101,data/raw/tau2019_partial/TAU-urban-acoustic-scenes-2019-development/audio/airport-lyon-1101-43728-a.wav,10.0,glass_breaking,0.0604,clean
bg_school_tau2019_00376,school,tau2019,airport-lisbon-1114-43732-a,tau_airport-lisbon-1114,data/raw/tau2019_partial/TAU-urban-acoustic-scenes-2019-development/audio/airport-lisbon-1114-43732-a.wav,10.0,running_footsteps,0.033,clean
bg_school_tau2019_00377,school,tau2019,airport-lyon-1101-43736-a,tau_airport-lyon-1101,data/raw/tau2019_partial/TAU-urban-acoustic-scenes-2019-development/audio/airport-lyon-1101-43736-a.wav,10.0,running_footsteps,0.0284,clean
bg_school_tau2019_00378,school,tau2019,airport-lisbon-1122-43741-a,tau_airport-lisbon-1122,data/raw/tau2019_partial/TAU-urban-acoustic-scenes-2019-development/audio/airport-lisbon-1122-43741-a.wav,10.0,running_footsteps,0.0625,clean
bg_school_tau2019_00379,school,tau2019,airport-milan-1108-43749-a,tau_airport-milan-1108,data/raw/tau2019_partial/TAU-urban-acoustic-scenes-2019-development/audio/airport-milan-1108-43749-a.wav,10.0,running_footsteps,0.2978,flagged
bg_school_tau2019_00380,school,tau2019,airport-milan-1108-43755-a,tau_airport-milan-1108,data/raw/tau2019_partial/TAU-urban-acoustic-scenes-2019-development/audio/airport-milan-1108-43755-a.wav,10.0,running_footsteps,0.0395,clean
bg_school_tau2019_00381,school,tau2019,airport-lyon-1095-43774-a,tau_airport-lyon-1095,data/raw/tau2019_partial/TAU-urban-acoustic-scenes-2019-development/audio/airport-lyon-1095-43774-a.wav,10.0,running_footsteps,0.0858,clean
bg_school_tau2019_00382,school,tau2019,airport-milan-1108-43786-a,tau_airport-milan-1108,data/raw/tau2019_partial/TAU-urban-acoustic-scenes-2019-development/audio/airport-milan-1108-43786-a.wav,10.0,running_footsteps,0.0707,clean
bg_school_tau2019_00383,school,tau2019,airport-lisbon-1122-43787-a,tau_airport-lisbon-1122,data/raw/tau2019_partial/TAU-urban-acoustic-scenes-2019-development/audio/airport-lisbon-1122-43787-a.wav,10.0,running_footsteps,0.0288,clean
bg_school_tau2019_00384,school,tau2019,airport-lisbon-1114-43788-a,tau_airport-lisbon-1114,data/raw/tau2019_partial/TAU-urban-acoustic-scenes-2019-development/audio/airport-lisbon-1114-43788-a.wav,10.0,running_footsteps,0.087,clean
bg_school_tau2019_00385,school,tau2019,airport-lisbon-1114-43793-a,tau_airport-lisbon-1114,data/raw/tau2019_partial/TAU-urban-acoustic-scenes-2019-development/audio/airport-lisbon-1114-43793-a.wav,10.0,running_footsteps,0.0778,clean
bg_school_tau2019_00386,school,tau2019,airport-lyon-1041-43796-a,tau_airport-lyon-1041,data/raw/tau2019_partial/TAU-urban-acoustic-scenes-2019-development/audio/airport-lyon-1041-43796-a.wav,10.0,running_footsteps,0.0158,clean
bg_school_tau2019_00387,school,tau2019,airport-milan-1061-43847-a,tau_airport-milan-1061,data/raw/tau2019_partial/TAU-urban-acoustic-scenes-2019-development/audio/airport-milan-1061-43847-a.wav,10.0,running_footsteps,0.0205,clean
bg_school_tau2019_00388,school,tau2019,airport-prague-1015-43856-a,tau_airport-prague-1015,data/raw/tau2019_partial/TAU-urban-acoustic-scenes-2019-development/audio/airport-prague-1015-43856-a.wav,10.0,running_footsteps,0.1194,clean
bg_school_tau2019_00389,school,tau2019,airport-prague-1034-43863-a,tau_airport-prague-1034,data/raw/tau2019_partial/TAU-urban-acoustic-scenes-2019-development/audio/airport-prague-1034-43863-a.wav,10.0,running_footsteps,0.0853,clean
bg_school_tau2019_00390,school,tau2019,airport-lisbon-1000-43865-a,tau_airport-lisbon-1000,data/raw/tau2019_partial/TAU-urban-acoustic-scenes-2019-development/audio/airport-lisbon-1000-43865-a.wav,10.0,running_footsteps,0.1096,clean
bg_school_tau2019_00391,school,tau2019,airport-lisbon-1114-43869-a,tau_airport-lisbon-1114,data/raw/tau2019_partial/TAU-urban-acoustic-scenes-2019-development/audio/airport-lisbon-1114-43869-a.wav,10.0,door_slam,0.0151,clean
bg_school_tau2019_00392,school,tau2019,airport-lyon-1041-43878-a,tau_airport-lyon-1041,data/raw/tau2019_partial/TAU-urban-acoustic-scenes-2019-development/audio/airport-lyon-1041-43878-a.wav,10.0,running_footsteps,0.0157,clean
bg_school_tau2019_00393,school,tau2019,airport-lisbon-1122-43880-a,tau_airport-lisbon-1122,data/raw/tau2019_partial/TAU-urban-acoustic-scenes-2019-development/audio/airport-lisbon-1122-43880-a.wav,10.0,running_footsteps,0.0112,clean
bg_school_tau2019_00394,school,tau2019,airport-prague-1015-43886-a,tau_airport-prague-1015,data/raw/tau2019_partial/TAU-urban-acoustic-scenes-2019-development/audio/airport-prague-1015-43886-a.wav,10.0,running_footsteps,0.0467,clean
bg_school_tau2019_00395,school,tau2019,airport-prague-1034-43893-a,tau_airport-prague-1034,data/raw/tau2019_partial/TAU-urban-acoustic-scenes-2019-development/audio/airport-prague-1034-43893-a.wav,10.0,running_footsteps,0.0183,clean
bg_school_tau2019_00396,school,tau2019,airport-lisbon-1114-43900-a,tau_airport-lisbon-1114,data/raw/tau2019_partial/TAU-urban-acoustic-scenes-2019-development/audio/airport-lisbon-1114-43900-a.wav,10.0,running_footsteps,0.0567,clean
bg_school_tau2019_00397,school,tau2019,airport-milan-1108-43915-a,tau_airport-milan-1108,data/raw/tau2019_partial/TAU-urban-acoustic-scenes-2019-development/audio/airport-milan-1108-43915-a.wav,10.0,running_footsteps,0.1497,clean
bg_school_tau2019_00399,school,tau2019,airport-lyon-1041-43949-a,tau_airport-lyon-1041,data/raw/tau2019_partial/TAU-urban-acoustic-scenes-2019-development/audio/airport-lyon-1041-43949-a.wav,10.0,door_slam,0.0331,clean
bg_school_tau2019_00400,school,tau2019,airport-prague-1069-43955-a,tau_airport-prague-1069,data/raw/tau2019_partial/TAU-urban-acoustic-scenes-2019-development/audio/airport-prague-1069-43955-a.wav,10.0,running_footsteps,0.0171,clean
bg_school_tau2019_00401,school,tau2019,airport-prague-1023-43965-a,tau_airport-prague-1023,data/raw/tau2019_partial/TAU-urban-acoustic-scenes-2019-development/audio/airport-prague-1023-43965-a.wav,10.0,door_slam,0.0417,clean
bg_school_tau2019_00402,school,tau2019,airport-milan-1089-43987-a,tau_airport-milan-1089,data/raw/tau2019_partial/TAU-urban-acoustic-scenes-2019-development/audio/airport-milan-1089-43987-a.wav,10.0,running_footsteps,0.0429,clean
bg_school_tau2019_00404,school,tau2019,airport-lyon-1101-44017-a,tau_airport-lyon-1101,data/raw/tau2019_partial/TAU-urban-acoustic-scenes-2019-development/audio/airport-lyon-1101-44017-a.wav,10.0,running_footsteps,0.027,clean
bg_school_tau2019_00405,school,tau2019,airport-milan-1061-44026-a,tau_airport-milan-1061,data/raw/tau2019_partial/TAU-urban-acoustic-scenes-2019-development/audio/airport-milan-1061-44026-a.wav,10.0,running_footsteps,0.0434,clean
bg_school_tau2019_00406,school,tau2019,airport-lyon-1095-44039-a,tau_airport-lyon-1095,data/raw/tau2019_partial/TAU-urban-acoustic-scenes-2019-development/audio/airport-lyon-1095-44039-a.wav,10.0,running_footsteps,0.0569,clean
bg_school_tau2019_00407,school,tau2019,airport-lyon-1041-44042-a,tau_airport-lyon-1041,data/raw/tau2019_partial/TAU-urban-acoustic-scenes-2019-development/audio/airport-lyon-1041-44042-a.wav,10.0,running_footsteps,0.0254,clean
bg_school_tau2019_00408,school,tau2019,airport-prague-1034-44047-a,tau_airport-prague-1034,data/raw/tau2019_partial/TAU-urban-acoustic-scenes-2019-development/audio/airport-prague-1034-44047-a.wav,10.0,running_footsteps,0.1405,clean
bg_school_tau2019_00409,school,tau2019,airport-milan-1061-44048-a,tau_airport-milan-1061,data/raw/tau2019_partial/TAU-urban-acoustic-scenes-2019-development/audio/airport-milan-1061-44048-a.wav,10.0,running_footsteps,0.0405,clean
bg_school_tau2019_00410,school,tau2019,airport-lisbon-1114-44053-a,tau_airport-lisbon-1114,data/raw/tau2019_partial/TAU-urban-acoustic-scenes-2019-development/audio/airport-lisbon-1114-44053-a.wav,10.0,running_footsteps,0.0209,clean
bg_school_tau2019_00411,school,tau2019,airport-prague-1069-44057-a,tau_airport-prague-1069,data/raw/tau2019_partial/TAU-urban-acoustic-scenes-2019-development/audio/airport-prague-1069-44057-a.wav,10.0,running_footsteps,0.0281,clean
bg_school_tau2019_00412,school,tau2019,airport-lyon-1095-44064-a,tau_airport-lyon-1095,data/raw/tau2019_partial/TAU-urban-acoustic-scenes-2019-development/audio/airport-lyon-1095-44064-a.wav,10.0,running_footsteps,0.2991,flagged
bg_school_tau2019_00413,school,tau2019,airport-prague-1015-44065-a,tau_airport-prague-1015,data/raw/tau2019_partial/TAU-urban-acoustic-scenes-2019-development/audio/airport-prague-1015-44065-a.wav,10.0,running_footsteps,0.0743,clean
bg_school_tau2019_00414,school,tau2019,airport-lyon-1101-44067-a,tau_airport-lyon-1101,data/raw/tau2019_partial/TAU-urban-acoustic-scenes-2019-development/audio/airport-lyon-1101-44067-a.wav,10.0,explosion,0.0073,clean
bg_school_tau2019_00415,school,tau2019,airport-lyon-1101-44070-a,tau_airport-lyon-1101,data/raw/tau2019_partial/TAU-urban-acoustic-scenes-2019-development/audio/airport-lyon-1101-44070-a.wav,10.0,door_slam,0.0892,clean
bg_school_tau2019_00416,school,tau2019,airport-milan-1061-44080-a,tau_airport-milan-1061,data/raw/tau2019_partial/TAU-urban-acoustic-scenes-2019-development/audio/airport-milan-1061-44080-a.wav,10.0,running_footsteps,0.0188,clean
bg_school_tau2019_00417,school,tau2019,airport-lisbon-1000-44083-a,tau_airport-lisbon-1000,data/raw/tau2019_partial/TAU-urban-acoustic-scenes-2019-development/audio/airport-lisbon-1000-44083-a.wav,10.0,running_footsteps,0.0439,clean
bg_school_tau2019_00418,school,tau2019,airport-milan-1108-44084-a,tau_airport-milan-1108,data/raw/tau2019_partial/TAU-urban-acoustic-scenes-2019-development/audio/airport-milan-1108-44084-a.wav,10.0,explosion,0.1405,clean
bg_school_tau2019_00419,school,tau2019,airport-lyon-1095-44085-a,tau_airport-lyon-1095,data/raw/tau2019_partial/TAU-urban-acoustic-scenes-2019-development/audio/airport-lyon-1095-44085-a.wav,10.0,door_slam,0.0263,clean
bg_school_tau2019_00420,school,tau2019,airport-lyon-1169-44100-a,tau_airport-lyon-1169,data/raw/tau2019_partial/TAU-urban-acoustic-scenes-2019-development/audio/airport-lyon-1169-44100-a.wav,10.0,running_footsteps,0.0373,clean
bg_school_tau2019_00421,school,tau2019,airport-milan-1172-44103-a,tau_airport-milan-1172,data/raw/tau2019_partial/TAU-urban-acoustic-scenes-2019-development/audio/airport-milan-1172-44103-a.wav,10.0,running_footsteps,0.0315,clean
bg_school_tau2019_00422,school,tau2019,airport-prague-1173-44104-a,tau_airport-prague-1173,data/raw/tau2019_partial/TAU-urban-acoustic-scenes-2019-development/audio/airport-prague-1173-44104-a.wav,10.0,running_footsteps,0.0726,clean
bg_school_tau2019_00423,school,tau2019,airport-lisbon-1175-44106-a,tau_airport-lisbon-1175,data/raw/tau2019_partial/TAU-urban-acoustic-scenes-2019-development/audio/airport-lisbon-1175-44106-a.wav,10.0,running_footsteps,0.0289,clean
bg_school_tau2019_00424,school,tau2019,airport-milan-1172-44126-a,tau_airport-milan-1172,data/raw/tau2019_partial/TAU-urban-acoustic-scenes-2019-development/audio/airport-milan-1172-44126-a.wav,10.0,door_slam,0.1559,flagged
bg_school_tau2019_00425,school,tau2019,airport-lyon-1169-44127-a,tau_airport-lyon-1169,data/raw/tau2019_partial/TAU-urban-acoustic-scenes-2019-development/audio/airport-lyon-1169-44127-a.wav,10.0,running_footsteps,0.022,clean
bg_school_tau2019_00426,school,tau2019,airport-prague-1195-44142-a,tau_airport-prague-1195,data/raw/tau2019_partial/TAU-urban-acoustic-scenes-2019-development/audio/airport-prague-1195-44142-a.wav,10.0,glass_breaking,0.0826,clean
bg_school_tau2019_00427,school,tau2019,airport-prague-1195-44149-a,tau_airport-prague-1195,data/raw/tau2019_partial/TAU-urban-acoustic-scenes-2019-development/audio/airport-prague-1195-44149-a.wav,10.0,running_footsteps,0.0259,clean
bg_school_tau2019_00428,school,tau2019,airport-prague-1195-44169-a,tau_airport-prague-1195,data/raw/tau2019_partial/TAU-urban-acoustic-scenes-2019-development/audio/airport-prague-1195-44169-a.wav,10.0,door_slam,0.035,clean
bg_school_tau2019_00429,school,tau2019,airport-lisbon-1175-44186-a,tau_airport-lisbon-1175,data/raw/tau2019_partial/TAU-urban-acoustic-scenes-2019-development/audio/airport-lisbon-1175-44186-a.wav,10.0,running_footsteps,0.0172,clean
bg_school_tau2019_00430,school,tau2019,airport-milan-1172-44205-a,tau_airport-milan-1172,data/raw/tau2019_partial/TAU-urban-acoustic-scenes-2019-development/audio/airport-milan-1172-44205-a.wav,10.0,running_footsteps,0.0522,clean
bg_school_tau2019_00431,school,tau2019,airport-lisbon-1175-44210-a,tau_airport-lisbon-1175,data/raw/tau2019_partial/TAU-urban-acoustic-scenes-2019-development/audio/airport-lisbon-1175-44210-a.wav,10.0,running_footsteps,0.0249,clean
bg_school_tau2019_00432,school,tau2019,airport-milan-1172-44215-a,tau_airport-milan-1172,data/raw/tau2019_partial/TAU-urban-acoustic-scenes-2019-development/audio/airport-milan-1172-44215-a.wav,10.0,running_footsteps,0.0498,clean
bg_school_tau2019_00433,school,tau2019,airport-prague-1195-44218-a,tau_airport-prague-1195,data/raw/tau2019_partial/TAU-urban-acoustic-scenes-2019-development/audio/airport-prague-1195-44218-a.wav,10.0,running_footsteps,0.0231,clean
bg_school_tau2019_00434,school,tau2019,airport-lyon-1169-44227-a,tau_airport-lyon-1169,data/raw/tau2019_partial/TAU-urban-acoustic-scenes-2019-development/audio/airport-lyon-1169-44227-a.wav,10.0,running_footsteps,0.1624,flagged
bg_school_tau2019_00435,school,tau2019,airport-lisbon-1175-44233-a,tau_airport-lisbon-1175,data/raw/tau2019_partial/TAU-urban-acoustic-scenes-2019-development/audio/airport-lisbon-1175-44233-a.wav,10.0,running_footsteps,0.0242,clean
bg_school_tau2019_00436,school,tau2019,airport-lyon-1169-44279-a,tau_airport-lyon-1169,data/raw/tau2019_partial/TAU-urban-acoustic-scenes-2019-development/audio/airport-lyon-1169-44279-a.wav,10.0,running_footsteps,0.246,flagged
bg_school_tau2019_00437,school,tau2019,airport-lyon-1169-44283-a,tau_airport-lyon-1169,data/raw/tau2019_partial/TAU-urban-acoustic-scenes-2019-development/audio/airport-lyon-1169-44283-a.wav,10.0,running_footsteps,0.5558,flagged
bg_school_tau2019_00438,school,tau2019,airport-lisbon-1175-44296-a,tau_airport-lisbon-1175,data/raw/tau2019_partial/TAU-urban-acoustic-scenes-2019-development/audio/airport-lisbon-1175-44296-a.wav,10.0,running_footsteps,0.0256,clean
bg_school_tau2019_00439,school,tau2019,airport-prague-1173-44309-a,tau_airport-prague-1173,data/raw/tau2019_partial/TAU-urban-acoustic-scenes-2019-development/audio/airport-prague-1173-44309-a.wav,10.0,running_footsteps,0.0424,clean
bg_school_tau2019_00440,school,tau2019,airport-lyon-1169-44314-a,tau_airport-lyon-1169,data/raw/tau2019_partial/TAU-urban-acoustic-scenes-2019-development/audio/airport-lyon-1169-44314-a.wav,10.0,running_footsteps,0.071,clean
bg_school_tau2019_00441,school,tau2019,airport-lyon-1169-44321-a,tau_airport-lyon-1169,data/raw/tau2019_partial/TAU-urban-acoustic-scenes-2019-development/audio/airport-lyon-1169-44321-a.wav,10.0,running_footsteps,0.0632,clean
bg_school_tau2019_00442,school,tau2019,airport-lyon-1169-44330-a,tau_airport-lyon-1169,data/raw/tau2019_partial/TAU-urban-acoustic-scenes-2019-development/audio/airport-lyon-1169-44330-a.wav,10.0,running_footsteps,0.5302,flagged
bg_school_tau2019_00443,school,tau2019,airport-prague-1195-44333-a,tau_airport-prague-1195,data/raw/tau2019_partial/TAU-urban-acoustic-scenes-2019-development/audio/airport-prague-1195-44333-a.wav,10.0,running_footsteps,0.0337,clean
bg_school_tau2019_00444,school,tau2019,airport-lyon-1169-44348-a,tau_airport-lyon-1169,data/raw/tau2019_partial/TAU-urban-acoustic-scenes-2019-development/audio/airport-lyon-1169-44348-a.wav,10.0,running_footsteps,0.0225,clean
bg_school_tau2019_00445,school,tau2019,airport-lyon-1169-44351-a,tau_airport-lyon-1169,data/raw/tau2019_partial/TAU-urban-acoustic-scenes-2019-development/audio/airport-lyon-1169-44351-a.wav,10.0,running_footsteps,0.4317,flagged
bg_school_tau2019_00446,school,tau2019,airport-prague-1173-44354-a,tau_airport-prague-1173,data/raw/tau2019_partial/TAU-urban-acoustic-scenes-2019-development/audio/airport-prague-1173-44354-a.wav,10.0,running_footsteps,0.1423,clean
bg_school_tau2019_00447,school,tau2019,airport-lyon-1169-44363-a,tau_airport-lyon-1169,data/raw/tau2019_partial/TAU-urban-acoustic-scenes-2019-development/audio/airport-lyon-1169-44363-a.wav,10.0,running_footsteps,0.2215,flagged
bg_school_tau2019_00448,school,tau2019,airport-milan-1172-44376-a,tau_airport-milan-1172,data/raw/tau2019_partial/TAU-urban-acoustic-scenes-2019-development/audio/airport-milan-1172-44376-a.wav,10.0,running_footsteps,0.0193,clean
bg_school_tau2019_00449,school,tau2019,airport-lyon-1169-44387-a,tau_airport-lyon-1169,data/raw/tau2019_partial/TAU-urban-acoustic-scenes-2019-development/audio/airport-lyon-1169-44387-a.wav,10.0,running_footsteps,0.6392,flagged
bg_school_tau2019_00450,school,tau2019,airport-prague-1173-44397-a,tau_airport-prague-1173,data/raw/tau2019_partial/TAU-urban-acoustic-scenes-2019-development/audio/airport-prague-1173-44397-a.wav,10.0,running_footsteps,0.0298,clean
bg_school_tau2019_00451,school,tau2019,airport-milan-1172-44409-a,tau_airport-milan-1172,data/raw/tau2019_partial/TAU-urban-acoustic-scenes-2019-development/audio/airport-milan-1172-44409-a.wav,10.0,running_footsteps,0.0254,clean
bg_school_tau2019_00452,school,tau2019,airport-prague-1173-44425-a,tau_airport-prague-1173,data/raw/tau2019_partial/TAU-urban-acoustic-scenes-2019-development/audio/airport-prague-1173-44425-a.wav,10.0,running_footsteps,0.2173,flagged
bg_school_tau2019_00453,school,tau2019,airport-prague-1195-44426-a,tau_airport-prague-1195,data/raw/tau2019_partial/TAU-urban-acoustic-scenes-2019-development/audio/airport-prague-1195-44426-a.wav,10.0,running_footsteps,0.0793,clean
bg_school_tau2019_00454,school,tau2019,airport-lyon-1169-44430-a,tau_airport-lyon-1169,data/raw/tau2019_partial/TAU-urban-acoustic-scenes-2019-development/audio/airport-lyon-1169-44430-a.wav,10.0,running_footsteps,0.6353,flagged
bg_school_tau2019_00455,school,tau2019,airport-lyon-1169-44433-a,tau_airport-lyon-1169,data/raw/tau2019_partial/TAU-urban-acoustic-scenes-2019-development/audio/airport-lyon-1169-44433-a.wav,10.0,running_footsteps,0.5798,flagged
bg_school_tau2019_00456,school,tau2019,airport-lyon-1169-44434-a,tau_airport-lyon-1169,data/raw/tau2019_partial/TAU-urban-acoustic-scenes-2019-development/audio/airport-lyon-1169-44434-a.wav,10.0,running_footsteps,0.0531,clean
bg_school_tau2019_00457,school,tau2019,airport-prague-1195-44435-a,tau_airport-prague-1195,data/raw/tau2019_partial/TAU-urban-acoustic-scenes-2019-development/audio/airport-prague-1195-44435-a.wav,10.0,running_footsteps,0.0108,clean
bg_school_tau2019_00458,school,tau2019,airport-lyon-1169-44446-a,tau_airport-lyon-1169,data/raw/tau2019_partial/TAU-urban-acoustic-scenes-2019-development/audio/airport-lyon-1169-44446-a.wav,10.0,running_footsteps,0.3231,flagged
bg_school_tau2019_00459,school,tau2019,airport-lyon-1169-44486-a,tau_airport-lyon-1169,data/raw/tau2019_partial/TAU-urban-acoustic-scenes-2019-development/audio/airport-lyon-1169-44486-a.wav,10.0,running_footsteps,0.3624,flagged
bg_school_tau2019_00460,school,tau2019,airport-lyon-1169-44497-a,tau_airport-lyon-1169,data/raw/tau2019_partial/TAU-urban-acoustic-scenes-2019-development/audio/airport-lyon-1169-44497-a.wav,10.0,running_footsteps,0.0828,clean
bg_school_tau2019_00461,school,tau2019,airport-milan-1172-44524-a,tau_airport-milan-1172,data/raw/tau2019_partial/TAU-urban-acoustic-scenes-2019-development/audio/airport-milan-1172-44524-a.wav,10.0,running_footsteps,0.2954,flagged
bg_school_tau2019_00462,school,tau2019,airport-lyon-1169-44528-a,tau_airport-lyon-1169,data/raw/tau2019_partial/TAU-urban-acoustic-scenes-2019-development/audio/airport-lyon-1169-44528-a.wav,10.0,running_footsteps,0.4071,flagged
bg_school_tau2019_00463,school,tau2019,airport-milan-1172-44533-a,tau_airport-milan-1172,data/raw/tau2019_partial/TAU-urban-acoustic-scenes-2019-development/audio/airport-milan-1172-44533-a.wav,10.0,alarm_bell,0.0364,clean
bg_school_tau2019_00464,school,tau2019,airport-milan-1172-44567-a,tau_airport-milan-1172,data/raw/tau2019_partial/TAU-urban-acoustic-scenes-2019-development/audio/airport-milan-1172-44567-a.wav,10.0,door_slam,0.2167,flagged
bg_school_tau2019_00465,school,tau2019,airport-lyon-1169-44570-a,tau_airport-lyon-1169,data/raw/tau2019_partial/TAU-urban-acoustic-scenes-2019-development/audio/airport-lyon-1169-44570-a.wav,10.0,running_footsteps,0.033,clean
bg_school_tau2019_00466,school,tau2019,airport-milan-1172-44586-a,tau_airport-milan-1172,data/raw/tau2019_partial/TAU-urban-acoustic-scenes-2019-development/audio/airport-milan-1172-44586-a.wav,10.0,running_footsteps,0.0272,clean
bg_school_tau2019_00467,school,tau2019,airport-prague-1173-44592-a,tau_airport-prague-1173,data/raw/tau2019_partial/TAU-urban-acoustic-scenes-2019-development/audio/airport-prague-1173-44592-a.wav,10.0,running_footsteps,0.0512,clean
bg_school_tau2019_00468,school,tau2019,airport-lisbon-1175-44606-a,tau_airport-lisbon-1175,data/raw/tau2019_partial/TAU-urban-acoustic-scenes-2019-development/audio/airport-lisbon-1175-44606-a.wav,10.0,glass_breaking,0.0208,clean
bg_school_tau2019_00469,school,tau2019,airport-prague-1173-44620-a,tau_airport-prague-1173,data/raw/tau2019_partial/TAU-urban-acoustic-scenes-2019-development/audio/airport-prague-1173-44620-a.wav,10.0,running_footsteps,0.0542,clean
bg_school_tau2019_00470,school,tau2019,airport-milan-1172-44624-a,tau_airport-milan-1172,data/raw/tau2019_partial/TAU-urban-acoustic-scenes-2019-development/audio/airport-milan-1172-44624-a.wav,10.0,running_footsteps,0.0182,clean
bg_school_tau2019_00471,school,tau2019,airport-milan-1172-44661-a,tau_airport-milan-1172,data/raw/tau2019_partial/TAU-urban-acoustic-scenes-2019-development/audio/airport-milan-1172-44661-a.wav,10.0,running_footsteps,0.058,clean
bg_school_tau2019_00472,school,tau2019,airport-lisbon-1175-44669-a,tau_airport-lisbon-1175,data/raw/tau2019_partial/TAU-urban-acoustic-scenes-2019-development/audio/airport-lisbon-1175-44669-a.wav,10.0,running_footsteps,0.0462,clean
bg_school_tau2019_00473,school,tau2019,airport-milan-1172-44687-a,tau_airport-milan-1172,data/raw/tau2019_partial/TAU-urban-acoustic-scenes-2019-development/audio/airport-milan-1172-44687-a.wav,10.0,running_footsteps,0.0463,clean
bg_school_tau2019_00474,school,tau2019,airport-lisbon-1175-44691-a,tau_airport-lisbon-1175,data/raw/tau2019_partial/TAU-urban-acoustic-scenes-2019-development/audio/airport-lisbon-1175-44691-a.wav,10.0,running_footsteps,0.025,clean
bg_school_tau2019_00475,school,tau2019,airport-lisbon-1175-44700-a,tau_airport-lisbon-1175,data/raw/tau2019_partial/TAU-urban-acoustic-scenes-2019-development/audio/airport-lisbon-1175-44700-a.wav,10.0,running_footsteps,0.0575,clean
bg_school_tau2019_00476,school,tau2019,airport-lisbon-1175-44702-a,tau_airport-lisbon-1175,data/raw/tau2019_partial/TAU-urban-acoustic-scenes-2019-development/audio/airport-lisbon-1175-44702-a.wav,10.0,running_footsteps,0.0399,clean
bg_school_tau2019_00477,school,tau2019,airport-lisbon-1175-44703-a,tau_airport-lisbon-1175,data/raw/tau2019_partial/TAU-urban-acoustic-scenes-2019-development/audio/airport-lisbon-1175-44703-a.wav,10.0,running_footsteps,0.0204,clean
bg_school_tau2019_00478,school,tau2019,airport-prague-1173-44705-a,tau_airport-prague-1173,data/raw/tau2019_partial/TAU-urban-acoustic-scenes-2019-development/audio/airport-prague-1173-44705-a.wav,10.0,running_footsteps,0.1915,flagged
bg_school_tau2019_00479,school,tau2019,airport-lisbon-1175-44708-a,tau_airport-lisbon-1175,data/raw/tau2019_partial/TAU-urban-acoustic-scenes-2019-development/audio/airport-lisbon-1175-44708-a.wav,10.0,running_footsteps,0.0161,clean
bg_school_tau2019_00480,school,tau2019,airport-lyon-1169-44738-a,tau_airport-lyon-1169,data/raw/tau2019_partial/TAU-urban-acoustic-scenes-2019-development/audio/airport-lyon-1169-44738-a.wav,10.0,running_footsteps,0.4974,flagged
bg_school_tau2019_00481,school,tau2019,airport-milan-1172-44762-a,tau_airport-milan-1172,data/raw/tau2019_partial/TAU-urban-acoustic-scenes-2019-development/audio/airport-milan-1172-44762-a.wav,10.0,running_footsteps,0.0831,clean
bg_school_tau2019_00482,school,tau2019,airport-milan-1172-44768-a,tau_airport-milan-1172,data/raw/tau2019_partial/TAU-urban-acoustic-scenes-2019-development/audio/airport-milan-1172-44768-a.wav,10.0,running_footsteps,0.0559,clean
bg_school_tau2019_00483,school,tau2019,airport-lyon-1169-44782-a,tau_airport-lyon-1169,data/raw/tau2019_partial/TAU-urban-acoustic-scenes-2019-development/audio/airport-lyon-1169-44782-a.wav,10.0,running_footsteps,0.0341,clean
bg_school_tau2019_00484,school,tau2019,airport-lisbon-1175-44791-a,tau_airport-lisbon-1175,data/raw/tau2019_partial/TAU-urban-acoustic-scenes-2019-development/audio/airport-lisbon-1175-44791-a.wav,10.0,running_footsteps,0.021,clean
bg_school_tau2019_00485,school,tau2019,airport-prague-1173-44800-a,tau_airport-prague-1173,data/raw/tau2019_partial/TAU-urban-acoustic-scenes-2019-development/audio/airport-prague-1173-44800-a.wav,10.0,running_footsteps,0.0856,clean
bg_school_tau2019_00486,school,tau2019,airport-prague-1173-44812-a,tau_airport-prague-1173,data/raw/tau2019_partial/TAU-urban-acoustic-scenes-2019-development/audio/airport-prague-1173-44812-a.wav,10.0,running_footsteps,0.0228,clean
bg_school_tau2019_00487,school,tau2019,airport-lisbon-1175-44813-a,tau_airport-lisbon-1175,data/raw/tau2019_partial/TAU-urban-acoustic-scenes-2019-development/audio/airport-lisbon-1175-44813-a.wav,10.0,running_footsteps,0.0235,clean
bg_school_tau2019_00488,school,tau2019,airport-milan-1172-44819-a,tau_airport-milan-1172,data/raw/tau2019_partial/TAU-urban-acoustic-scenes-2019-development/audio/airport-milan-1172-44819-a.wav,10.0,running_footsteps,0.2796,flagged
bg_school_tau2019_00490,school,tau2019,airport-prague-1173-44843-a,tau_airport-prague-1173,data/raw/tau2019_partial/TAU-urban-acoustic-scenes-2019-development/audio/airport-prague-1173-44843-a.wav,10.0,running_footsteps,0.0205,clean
bg_school_tau2019_00491,school,tau2019,airport-lisbon-1175-44864-a,tau_airport-lisbon-1175,data/raw/tau2019_partial/TAU-urban-acoustic-scenes-2019-development/audio/airport-lisbon-1175-44864-a.wav,10.0,running_footsteps,0.0723,clean
bg_school_tau2019_00492,school,tau2019,airport-milan-1172-44887-a,tau_airport-milan-1172,data/raw/tau2019_partial/TAU-urban-acoustic-scenes-2019-development/audio/airport-milan-1172-44887-a.wav,10.0,running_footsteps,0.0711,clean
bg_school_tau2019_00493,school,tau2019,airport-lisbon-1175-44916-a,tau_airport-lisbon-1175,data/raw/tau2019_partial/TAU-urban-acoustic-scenes-2019-development/audio/airport-lisbon-1175-44916-a.wav,10.0,door_slam,0.0121,clean
bg_school_tau2019_00494,school,tau2019,airport-lisbon-1175-44918-a,tau_airport-lisbon-1175,data/raw/tau2019_partial/TAU-urban-acoustic-scenes-2019-development/audio/airport-lisbon-1175-44918-a.wav,10.0,running_footsteps,0.0274,clean
bg_school_tau2019_00495,school,tau2019,airport-milan-1172-44925-a,tau_airport-milan-1172,data/raw/tau2019_partial/TAU-urban-acoustic-scenes-2019-development/audio/airport-milan-1172-44925-a.wav,10.0,running_footsteps,0.0559,clean
bg_school_tau2019_00496,school,tau2019,airport-prague-1195-44928-a,tau_airport-prague-1195,data/raw/tau2019_partial/TAU-urban-acoustic-scenes-2019-development/audio/airport-prague-1195-44928-a.wav,10.0,door_slam,0.0326,clean
bg_school_tau2019_00497,school,tau2019,airport-prague-1173-44938-a,tau_airport-prague-1173,data/raw/tau2019_partial/TAU-urban-acoustic-scenes-2019-development/audio/airport-prague-1173-44938-a.wav,10.0,running_footsteps,0.047,clean
bg_school_tau2019_00498,school,tau2019,airport-prague-1195-44947-a,tau_airport-prague-1195,data/raw/tau2019_partial/TAU-urban-acoustic-scenes-2019-development/audio/airport-prague-1195-44947-a.wav,10.0,door_slam,0.0457,clean
bg_school_tau2019_00499,school,tau2019,airport-lyon-1169-44981-a,tau_airport-lyon-1169,data/raw/tau2019_partial/TAU-urban-acoustic-scenes-2019-development/audio/airport-lyon-1169-44981-a.wav,10.0,running_footsteps,0.7086,flagged
bg_school_tau2019_00500,school,tau2019,airport-prague-1173-44997-a,tau_airport-prague-1173,data/raw/tau2019_partial/TAU-urban-acoustic-scenes-2019-development/audio/airport-prague-1173-44997-a.wav,10.0,running_footsteps,0.3383,flagged
bg_school_tau2019_00501,school,tau2019,airport-milan-1172-45028-a,tau_airport-milan-1172,data/raw/tau2019_partial/TAU-urban-acoustic-scenes-2019-development/audio/airport-milan-1172-45028-a.wav,10.0,door_slam,0.1489,clean
bg_school_tau2019_00502,school,tau2019,airport-prague-1173-45032-a,tau_airport-prague-1173,data/raw/tau2019_partial/TAU-urban-acoustic-scenes-2019-development/audio/airport-prague-1173-45032-a.wav,10.0,running_footsteps,0.0479,clean
bg_school_tau2019_00503,school,tau2019,airport-prague-1195-45063-a,tau_airport-prague-1195,data/raw/tau2019_partial/TAU-urban-acoustic-scenes-2019-development/audio/airport-prague-1195-45063-a.wav,10.0,running_footsteps,0.0083,clean
bg_school_tau2019_00504,school,tau2019,airport-prague-1195-45065-a,tau_airport-prague-1195,data/raw/tau2019_partial/TAU-urban-acoustic-scenes-2019-development/audio/airport-prague-1195-45065-a.wav,10.0,running_footsteps,0.0279,clean
bg_school_tau2019_00505,school,tau2019,airport-lyon-1169-45068-a,tau_airport-lyon-1169,data/raw/tau2019_partial/TAU-urban-acoustic-scenes-2019-development/audio/airport-lyon-1169-45068-a.wav,10.0,running_footsteps,0.1971,flagged
bg_school_tau2019_00506,school,tau2019,airport-lisbon-1175-45070-a,tau_airport-lisbon-1175,data/raw/tau2019_partial/TAU-urban-acoustic-scenes-2019-development/audio/airport-lisbon-1175-45070-a.wav,10.0,running_footsteps,0.023,clean
bg_school_tau2019_00507,school,tau2019,airport-milan-1172-45082-a,tau_airport-milan-1172,data/raw/tau2019_partial/TAU-urban-acoustic-scenes-2019-development/audio/airport-milan-1172-45082-a.wav,10.0,explosion,0.0661,clean
bg_school_tau2019_00508,school,tau2019,airport-prague-1195-45096-a,tau_airport-prague-1195,data/raw/tau2019_partial/TAU-urban-acoustic-scenes-2019-development/audio/airport-prague-1195-45096-a.wav,10.0,running_footsteps,0.0201,clean
bg_school_tau2019_00509,school,tau2019,airport-lisbon-1175-45108-a,tau_airport-lisbon-1175,data/raw/tau2019_partial/TAU-urban-acoustic-scenes-2019-development/audio/airport-lisbon-1175-45108-a.wav,10.0,running_footsteps,0.0196,clean
bg_school_tau2019_00510,school,tau2019,airport-prague-1195-45109-a,tau_airport-prague-1195,data/raw/tau2019_partial/TAU-urban-acoustic-scenes-2019-development/audio/airport-prague-1195-45109-a.wav,10.0,running_footsteps,0.031,clean
bg_school_tau2019_00511,school,tau2019,airport-milan-1172-45119-a,tau_airport-milan-1172,data/raw/tau2019_partial/TAU-urban-acoustic-scenes-2019-development/audio/airport-milan-1172-45119-a.wav,10.0,running_footsteps,0.0319,clean
bg_school_tau2019_00512,school,tau2019,airport-lisbon-1175-45126-a,tau_airport-lisbon-1175,data/raw/tau2019_partial/TAU-urban-acoustic-scenes-2019-development/audio/airport-lisbon-1175-45126-a.wav,10.0,running_footsteps,0.0306,clean
bg_school_tau2019_00513,school,tau2019,airport-lisbon-1175-45127-a,tau_airport-lisbon-1175,data/raw/tau2019_partial/TAU-urban-acoustic-scenes-2019-development/audio/airport-lisbon-1175-45127-a.wav,10.0,door_slam,0.0229,clean
bg_school_tau2019_00514,school,tau2019,airport-lyon-1169-45129-a,tau_airport-lyon-1169,data/raw/tau2019_partial/TAU-urban-acoustic-scenes-2019-development/audio/airport-lyon-1169-45129-a.wav,10.0,running_footsteps,0.2085,flagged
bg_school_tau2019_00515,school,tau2019,airport-prague-1173-45158-a,tau_airport-prague-1173,data/raw/tau2019_partial/TAU-urban-acoustic-scenes-2019-development/audio/airport-prague-1173-45158-a.wav,10.0,door_slam,0.0346,clean
bg_school_tau2019_00516,school,tau2019,airport-milan-1172-45165-a,tau_airport-milan-1172,data/raw/tau2019_partial/TAU-urban-acoustic-scenes-2019-development/audio/airport-milan-1172-45165-a.wav,10.0,gunshot,0.2155,flagged
bg_school_tau2019_00517,school,tau2019,airport-lyon-1169-45185-a,tau_airport-lyon-1169,data/raw/tau2019_partial/TAU-urban-acoustic-scenes-2019-development/audio/airport-lyon-1169-45185-a.wav,10.0,running_footsteps,0.5474,flagged
bg_school_tau2019_00518,school,tau2019,airport-milan-1172-45190-a,tau_airport-milan-1172,data/raw/tau2019_partial/TAU-urban-acoustic-scenes-2019-development/audio/airport-milan-1172-45190-a.wav,10.0,door_slam,0.0894,clean
bg_school_tau2019_00519,school,tau2019,airport-prague-1173-45201-a,tau_airport-prague-1173,data/raw/tau2019_partial/TAU-urban-acoustic-scenes-2019-development/audio/airport-prague-1173-45201-a.wav,10.0,running_footsteps,0.0212,clean
bg_school_tau2019_00520,school,tau2019,airport-lisbon-1175-45213-a,tau_airport-lisbon-1175,data/raw/tau2019_partial/TAU-urban-acoustic-scenes-2019-development/audio/airport-lisbon-1175-45213-a.wav,10.0,running_footsteps,0.0072,clean
bg_school_tau2019_00521,school,tau2019,airport-milan-1172-45214-a,tau_airport-milan-1172,data/raw/tau2019_partial/TAU-urban-acoustic-scenes-2019-development/audio/airport-milan-1172-45214-a.wav,10.0,running_footsteps,0.0637,clean
bg_school_tau2019_00522,school,tau2019,airport-milan-1172-45225-a,tau_airport-milan-1172,data/raw/tau2019_partial/TAU-urban-acoustic-scenes-2019-development/audio/airport-milan-1172-45225-a.wav,10.0,door_slam,0.0188,clean
bg_school_tau2019_00523,school,tau2019,airport-prague-1195-45260-a,tau_airport-prague-1195,data/raw/tau2019_partial/TAU-urban-acoustic-scenes-2019-development/audio/airport-prague-1195-45260-a.wav,10.0,door_slam,0.0638,clean
bg_school_tau2019_00524,school,tau2019,airport-milan-1172-45261-a,tau_airport-milan-1172,data/raw/tau2019_partial/TAU-urban-acoustic-scenes-2019-development/audio/airport-milan-1172-45261-a.wav,10.0,running_footsteps,0.0675,clean
bg_school_tau2019_00525,school,tau2019,airport-lyon-1169-45263-a,tau_airport-lyon-1169,data/raw/tau2019_partial/TAU-urban-acoustic-scenes-2019-development/audio/airport-lyon-1169-45263-a.wav,10.0,running_footsteps,0.1652,flagged
bg_school_tau2019_00526,school,tau2019,airport-prague-1195-45265-a,tau_airport-prague-1195,data/raw/tau2019_partial/TAU-urban-acoustic-scenes-2019-development/audio/airport-prague-1195-45265-a.wav,10.0,door_slam,0.0863,clean
bg_school_tau2019_00527,school,tau2019,airport-lyon-1169-45296-a,tau_airport-lyon-1169,data/raw/tau2019_partial/TAU-urban-acoustic-scenes-2019-development/audio/airport-lyon-1169-45296-a.wav,10.0,running_footsteps,0.2781,flagged
bg_school_tau2019_00528,school,tau2019,airport-prague-1173-45299-a,tau_airport-prague-1173,data/raw/tau2019_partial/TAU-urban-acoustic-scenes-2019-development/audio/airport-prague-1173-45299-a.wav,10.0,running_footsteps,0.0437,clean
bg_school_tau2019_00529,school,tau2019,airport-lisbon-1175-45300-a,tau_airport-lisbon-1175,data/raw/tau2019_partial/TAU-urban-acoustic-scenes-2019-development/audio/airport-lisbon-1175-45300-a.wav,10.0,running_footsteps,0.0239,clean
bg_school_tau2019_00530,school,tau2019,airport-prague-1195-45312-a,tau_airport-prague-1195,data/raw/tau2019_partial/TAU-urban-acoustic-scenes-2019-development/audio/airport-prague-1195-45312-a.wav,10.0,running_footsteps,0.0176,clean
bg_school_tau2019_00531,school,tau2019,airport-milan-1172-45320-a,tau_airport-milan-1172,data/raw/tau2019_partial/TAU-urban-acoustic-scenes-2019-development/audio/airport-milan-1172-45320-a.wav,10.0,running_footsteps,0.1071,clean
bg_school_tau2019_00532,school,tau2019,airport-milan-1172-45327-a,tau_airport-milan-1172,data/raw/tau2019_partial/TAU-urban-acoustic-scenes-2019-development/audio/airport-milan-1172-45327-a.wav,10.0,running_footsteps,0.0347,clean
bg_school_tau2019_00533,school,tau2019,airport-prague-1173-45336-a,tau_airport-prague-1173,data/raw/tau2019_partial/TAU-urban-acoustic-scenes-2019-development/audio/airport-prague-1173-45336-a.wav,10.0,running_footsteps,0.3604,flagged
bg_school_tau2019_00534,school,tau2019,airport-lisbon-1175-45340-a,tau_airport-lisbon-1175,data/raw/tau2019_partial/TAU-urban-acoustic-scenes-2019-development/audio/airport-lisbon-1175-45340-a.wav,10.0,running_footsteps,0.0176,clean
bg_school_tau2019_00535,school,tau2019,airport-lisbon-1175-45350-a,tau_airport-lisbon-1175,data/raw/tau2019_partial/TAU-urban-acoustic-scenes-2019-development/audio/airport-lisbon-1175-45350-a.wav,10.0,running_footsteps,0.0145,clean
bg_school_tau2019_00536,school,tau2019,airport-lisbon-1175-45351-a,tau_airport-lisbon-1175,data/raw/tau2019_partial/TAU-urban-acoustic-scenes-2019-development/audio/airport-lisbon-1175-45351-a.wav,10.0,running_footsteps,0.0245,clean
bg_school_tau2019_00537,school,tau2019,airport-milan-1172-45355-a,tau_airport-milan-1172,data/raw/tau2019_partial/TAU-urban-acoustic-scenes-2019-development/audio/airport-milan-1172-45355-a.wav,10.0,running_footsteps,0.3509,flagged
bg_school_tau2019_00538,school,tau2019,airport-lisbon-1175-45357-a,tau_airport-lisbon-1175,data/raw/tau2019_partial/TAU-urban-acoustic-scenes-2019-development/audio/airport-lisbon-1175-45357-a.wav,10.0,running_footsteps,0.0234,clean
bg_school_tau2019_00539,school,tau2019,airport-lisbon-1175-45362-a,tau_airport-lisbon-1175,data/raw/tau2019_partial/TAU-urban-acoustic-scenes-2019-development/audio/airport-lisbon-1175-45362-a.wav,10.0,running_footsteps,0.0475,clean
bg_school_tau2019_00540,school,tau2019,airport-lyon-1169-45396-a,tau_airport-lyon-1169,data/raw/tau2019_partial/TAU-urban-acoustic-scenes-2019-development/audio/airport-lyon-1169-45396-a.wav,10.0,running_footsteps,0.1355,clean
bg_school_tau2019_00541,school,tau2019,airport-prague-1173-45405-a,tau_airport-prague-1173,data/raw/tau2019_partial/TAU-urban-acoustic-scenes-2019-development/audio/airport-prague-1173-45405-a.wav,10.0,door_slam,0.0535,clean
bg_school_tau2019_00542,school,tau2019,airport-milan-1172-45409-a,tau_airport-milan-1172,data/raw/tau2019_partial/TAU-urban-acoustic-scenes-2019-development/audio/airport-milan-1172-45409-a.wav,10.0,alarm_bell,0.0497,clean
bg_school_tau2019_00543,school,tau2019,airport-milan-1172-45420-a,tau_airport-milan-1172,data/raw/tau2019_partial/TAU-urban-acoustic-scenes-2019-development/audio/airport-milan-1172-45420-a.wav,10.0,running_footsteps,0.0425,clean
bg_school_tau2019_00544,school,tau2019,airport-lisbon-1175-45450-a,tau_airport-lisbon-1175,data/raw/tau2019_partial/TAU-urban-acoustic-scenes-2019-development/audio/airport-lisbon-1175-45450-a.wav,10.0,running_footsteps,0.0583,clean
bg_school_tau2019_00545,school,tau2019,airport-lisbon-1175-45451-a,tau_airport-lisbon-1175,data/raw/tau2019_partial/TAU-urban-acoustic-scenes-2019-development/audio/airport-lisbon-1175-45451-a.wav,10.0,running_footsteps,0.0595,clean
bg_school_tau2019_00546,school,tau2019,airport-prague-1173-45485-a,tau_airport-prague-1173,data/raw/tau2019_partial/TAU-urban-acoustic-scenes-2019-development/audio/airport-prague-1173-45485-a.wav,10.0,running_footsteps,0.0459,clean
bg_school_tau2019_00547,school,tau2019,airport-lyon-1169-45487-a,tau_airport-lyon-1169,data/raw/tau2019_partial/TAU-urban-acoustic-scenes-2019-development/audio/airport-lyon-1169-45487-a.wav,10.0,running_footsteps,0.1992,flagged
bg_school_tau2019_00548,school,tau2019,airport-milan-1172-45490-a,tau_airport-milan-1172,data/raw/tau2019_partial/TAU-urban-acoustic-scenes-2019-development/audio/airport-milan-1172-45490-a.wav,10.0,running_footsteps,0.0411,clean
bg_school_tau2019_00549,school,tau2019,airport-lyon-1169-45498-a,tau_airport-lyon-1169,data/raw/tau2019_partial/TAU-urban-acoustic-scenes-2019-development/audio/airport-lyon-1169-45498-a.wav,10.0,running_footsteps,0.1842,flagged
bg_school_tau2019_00550,school,tau2019,airport-milan-1172-45505-a,tau_airport-milan-1172,data/raw/tau2019_partial/TAU-urban-acoustic-scenes-2019-development/audio/airport-milan-1172-45505-a.wav,10.0,running_footsteps,0.0702,clean
bg_school_tau2019_00551,school,tau2019,airport-lyon-1169-45519-a,tau_airport-lyon-1169,data/raw/tau2019_partial/TAU-urban-acoustic-scenes-2019-development/audio/airport-lyon-1169-45519-a.wav,10.0,running_footsteps,0.0403,clean
bg_school_tau2019_00552,school,tau2019,airport-prague-1195-45537-a,tau_airport-prague-1195,data/raw/tau2019_partial/TAU-urban-acoustic-scenes-2019-development/audio/airport-prague-1195-45537-a.wav,10.0,running_footsteps,0.0124,clean
bg_school_tau2019_00553,school,tau2019,airport-lisbon-1175-45539-a,tau_airport-lisbon-1175,data/raw/tau2019_partial/TAU-urban-acoustic-scenes-2019-development/audio/airport-lisbon-1175-45539-a.wav,10.0,running_footsteps,0.0706,clean
bg_school_tau2019_00554,school,tau2019,airport-lyon-1169-45560-a,tau_airport-lyon-1169,data/raw/tau2019_partial/TAU-urban-acoustic-scenes-2019-development/audio/airport-lyon-1169-45560-a.wav,10.0,running_footsteps,0.7789,flagged
bg_school_tau2019_00555,school,tau2019,airport-lisbon-1175-45585-a,tau_airport-lisbon-1175,data/raw/tau2019_partial/TAU-urban-acoustic-scenes-2019-development/audio/airport-lisbon-1175-45585-a.wav,10.0,running_footsteps,0.0145,clean
bg_school_tau2019_00556,school,tau2019,airport-lyon-1169-45588-a,tau_airport-lyon-1169,data/raw/tau2019_partial/TAU-urban-acoustic-scenes-2019-development/audio/airport-lyon-1169-45588-a.wav,10.0,running_footsteps,0.7261,flagged
bg_school_tau2019_00557,school,tau2019,airport-lisbon-1175-45593-a,tau_airport-lisbon-1175,data/raw/tau2019_partial/TAU-urban-acoustic-scenes-2019-development/audio/airport-lisbon-1175-45593-a.wav,10.0,running_footsteps,0.0177,clean
bg_school_tau2019_00558,school,tau2019,airport-prague-1195-45597-a,tau_airport-prague-1195,data/raw/tau2019_partial/TAU-urban-acoustic-scenes-2019-development/audio/airport-prague-1195-45597-a.wav,10.0,running_footsteps,0.0515,clean
bg_school_tau2019_00559,school,tau2019,airport-lyon-1169-45628-a,tau_airport-lyon-1169,data/raw/tau2019_partial/TAU-urban-acoustic-scenes-2019-development/audio/airport-lyon-1169-45628-a.wav,10.0,running_footsteps,0.0322,clean
bg_school_tau2019_00560,school,tau2019,airport-prague-1173-45640-a,tau_airport-prague-1173,data/raw/tau2019_partial/TAU-urban-acoustic-scenes-2019-development/audio/airport-prague-1173-45640-a.wav,10.0,running_footsteps,0.0733,clean
bg_school_tau2019_00561,school,tau2019,airport-milan-1172-45645-a,tau_airport-milan-1172,data/raw/tau2019_partial/TAU-urban-acoustic-scenes-2019-development/audio/airport-milan-1172-45645-a.wav,10.0,running_footsteps,0.0864,clean
bg_school_tau2019_00562,school,tau2019,airport-prague-1195-45657-a,tau_airport-prague-1195,data/raw/tau2019_partial/TAU-urban-acoustic-scenes-2019-development/audio/airport-prague-1195-45657-a.wav,10.0,door_slam,0.0637,clean
bg_school_tau2019_00563,school,tau2019,airport-lyon-1169-45672-a,tau_airport-lyon-1169,data/raw/tau2019_partial/TAU-urban-acoustic-scenes-2019-development/audio/airport-lyon-1169-45672-a.wav,10.0,running_footsteps,0.5108,flagged
bg_school_tau2019_00564,school,tau2019,airport-prague-1173-45679-a,tau_airport-prague-1173,data/raw/tau2019_partial/TAU-urban-acoustic-scenes-2019-development/audio/airport-prague-1173-45679-a.wav,10.0,siren,0.0398,clean
bg_school_tau2019_00565,school,tau2019,airport-lisbon-1175-45692-a,tau_airport-lisbon-1175,data/raw/tau2019_partial/TAU-urban-acoustic-scenes-2019-development/audio/airport-lisbon-1175-45692-a.wav,10.0,running_footsteps,0.0231,clean
bg_school_tau2019_00566,school,tau2019,airport-prague-1195-45704-a,tau_airport-prague-1195,data/raw/tau2019_partial/TAU-urban-acoustic-scenes-2019-development/audio/airport-prague-1195-45704-a.wav,10.0,running_footsteps,0.0307,clean
bg_school_tau2019_00567,school,tau2019,airport-lisbon-1175-45707-a,tau_airport-lisbon-1175,data/raw/tau2019_partial/TAU-urban-acoustic-scenes-2019-development/audio/airport-lisbon-1175-45707-a.wav,10.0,running_footsteps,0.0304,clean
bg_school_tau2019_00568,school,tau2019,airport-milan-1172-45710-a,tau_airport-milan-1172,data/raw/tau2019_partial/TAU-urban-acoustic-scenes-2019-development/audio/airport-milan-1172-45710-a.wav,10.0,running_footsteps,0.0159,clean
bg_school_tau2019_00569,school,tau2019,airport-prague-1173-45722-a,tau_airport-prague-1173,data/raw/tau2019_partial/TAU-urban-acoustic-scenes-2019-development/audio/airport-prague-1173-45722-a.wav,10.0,running_footsteps,0.043,clean
bg_school_tau2019_00570,school,tau2019,airport-lisbon-1175-45732-a,tau_airport-lisbon-1175,data/raw/tau2019_partial/TAU-urban-acoustic-scenes-2019-development/audio/airport-lisbon-1175-45732-a.wav,10.0,explosion,0.0249,clean
bg_school_tau2019_00571,school,tau2019,airport-milan-1172-45738-a,tau_airport-milan-1172,data/raw/tau2019_partial/TAU-urban-acoustic-scenes-2019-development/audio/airport-milan-1172-45738-a.wav,10.0,door_slam,0.016,clean
bg_school_tau2019_00572,school,tau2019,airport-prague-1173-45742-a,tau_airport-prague-1173,data/raw/tau2019_partial/TAU-urban-acoustic-scenes-2019-development/audio/airport-prague-1173-45742-a.wav,10.0,running_footsteps,0.059,clean
bg_school_tau2019_00573,school,tau2019,airport-prague-1195-45749-a,tau_airport-prague-1195,data/raw/tau2019_partial/TAU-urban-acoustic-scenes-2019-development/audio/airport-prague-1195-45749-a.wav,10.0,running_footsteps,0.1375,clean
bg_school_tau2019_00574,school,tau2019,airport-prague-1195-45752-a,tau_airport-prague-1195,data/raw/tau2019_partial/TAU-urban-acoustic-scenes-2019-development/audio/airport-prague-1195-45752-a.wav,10.0,running_footsteps,0.0336,clean
bg_school_tau2019_00575,school,tau2019,airport-prague-1195-45754-a,tau_airport-prague-1195,data/raw/tau2019_partial/TAU-urban-acoustic-scenes-2019-development/audio/airport-prague-1195-45754-a.wav,10.0,door_slam,0.0397,clean
bg_school_tau2019_00576,school,tau2019,airport-barcelona-0-0-a,tau_airport-barcelona-0,data/raw/tau2019_partial/TAU-urban-acoustic-scenes-2019-development/audio/airport-barcelona-0-0-a.wav,10.0,running_footsteps,0.0473,clean
bg_school_tau2019_00577,school,tau2019,airport-barcelona-0-1-a,tau_airport-barcelona-0,data/raw/tau2019_partial/TAU-urban-acoustic-scenes-2019-development/audio/airport-barcelona-0-1-a.wav,10.0,running_footsteps,0.3386,flagged
bg_school_tau2019_00578,school,tau2019,airport-barcelona-0-2-a,tau_airport-barcelona-0,data/raw/tau2019_partial/TAU-urban-acoustic-scenes-2019-development/audio/airport-barcelona-0-2-a.wav,10.0,running_footsteps,0.2786,flagged
bg_school_tau2019_00579,school,tau2019,airport-barcelona-0-3-a,tau_airport-barcelona-0,data/raw/tau2019_partial/TAU-urban-acoustic-scenes-2019-development/audio/airport-barcelona-0-3-a.wav,10.0,running_footsteps,0.0403,clean
bg_school_tau2019_00580,school,tau2019,airport-barcelona-0-4-a,tau_airport-barcelona-0,data/raw/tau2019_partial/TAU-urban-acoustic-scenes-2019-development/audio/airport-barcelona-0-4-a.wav,10.0,explosion,0.0754,clean
bg_school_tau2019_00581,school,tau2019,airport-barcelona-0-5-a,tau_airport-barcelona-0,data/raw/tau2019_partial/TAU-urban-acoustic-scenes-2019-development/audio/airport-barcelona-0-5-a.wav,10.0,running_footsteps,0.0715,clean
bg_school_tau2019_00582,school,tau2019,airport-barcelona-0-6-a,tau_airport-barcelona-0,data/raw/tau2019_partial/TAU-urban-acoustic-scenes-2019-development/audio/airport-barcelona-0-6-a.wav,10.0,running_footsteps,0.0814,clean
bg_school_tau2019_00583,school,tau2019,airport-barcelona-0-7-a,tau_airport-barcelona-0,data/raw/tau2019_partial/TAU-urban-acoustic-scenes-2019-development/audio/airport-barcelona-0-7-a.wav,10.0,running_footsteps,0.0439,clean
bg_school_tau2019_00584,school,tau2019,airport-barcelona-0-8-a,tau_airport-barcelona-0,data/raw/tau2019_partial/TAU-urban-acoustic-scenes-2019-development/audio/airport-barcelona-0-8-a.wav,10.0,running_footsteps,0.29,flagged
bg_school_tau2019_00585,school,tau2019,airport-barcelona-0-9-a,tau_airport-barcelona-0,data/raw/tau2019_partial/TAU-urban-acoustic-scenes-2019-development/audio/airport-barcelona-0-9-a.wav,10.0,running_footsteps,0.243,flagged
bg_school_tau2019_00586,school,tau2019,airport-barcelona-0-10-a,tau_airport-barcelona-0,data/raw/tau2019_partial/TAU-urban-acoustic-scenes-2019-development/audio/airport-barcelona-0-10-a.wav,10.0,running_footsteps,0.0421,clean
bg_school_tau2019_00587,school,tau2019,airport-barcelona-0-11-a,tau_airport-barcelona-0,data/raw/tau2019_partial/TAU-urban-acoustic-scenes-2019-development/audio/airport-barcelona-0-11-a.wav,10.0,running_footsteps,0.3249,flagged
bg_school_tau2019_00588,school,tau2019,airport-barcelona-0-12-a,tau_airport-barcelona-0,data/raw/tau2019_partial/TAU-urban-acoustic-scenes-2019-development/audio/airport-barcelona-0-12-a.wav,10.0,running_footsteps,0.0414,clean
bg_school_tau2019_00589,school,tau2019,airport-barcelona-0-13-a,tau_airport-barcelona-0,data/raw/tau2019_partial/TAU-urban-acoustic-scenes-2019-development/audio/airport-barcelona-0-13-a.wav,10.0,running_footsteps,0.1164,clean
bg_school_tau2019_00590,school,tau2019,airport-barcelona-0-14-a,tau_airport-barcelona-0,data/raw/tau2019_partial/TAU-urban-acoustic-scenes-2019-development/audio/airport-barcelona-0-14-a.wav,10.0,running_footsteps,0.14,clean
bg_school_tau2019_00591,school,tau2019,airport-barcelona-0-15-a,tau_airport-barcelona-0,data/raw/tau2019_partial/TAU-urban-acoustic-scenes-2019-development/audio/airport-barcelona-0-15-a.wav,10.0,running_footsteps,0.054,clean
bg_school_tau2019_00592,school,tau2019,airport-barcelona-1-16-a,tau_airport-barcelona-1,data/raw/tau2019_partial/TAU-urban-acoustic-scenes-2019-development/audio/airport-barcelona-1-16-a.wav,10.0,running_footsteps,0.0778,clean
bg_school_tau2019_00593,school,tau2019,airport-barcelona-1-17-a,tau_airport-barcelona-1,data/raw/tau2019_partial/TAU-urban-acoustic-scenes-2019-development/audio/airport-barcelona-1-17-a.wav,10.0,running_footsteps,0.3582,flagged
bg_school_tau2019_00594,school,tau2019,airport-barcelona-1-18-a,tau_airport-barcelona-1,data/raw/tau2019_partial/TAU-urban-acoustic-scenes-2019-development/audio/airport-barcelona-1-18-a.wav,10.0,running_footsteps,0.0453,clean
bg_school_tau2019_00595,school,tau2019,airport-barcelona-1-19-a,tau_airport-barcelona-1,data/raw/tau2019_partial/TAU-urban-acoustic-scenes-2019-development/audio/airport-barcelona-1-19-a.wav,10.0,running_footsteps,0.1231,clean
bg_school_tau2019_00596,school,tau2019,airport-barcelona-1-20-a,tau_airport-barcelona-1,data/raw/tau2019_partial/TAU-urban-acoustic-scenes-2019-development/audio/airport-barcelona-1-20-a.wav,10.0,running_footsteps,0.2698,flagged
bg_school_tau2019_00597,school,tau2019,airport-barcelona-1-21-a,tau_airport-barcelona-1,data/raw/tau2019_partial/TAU-urban-acoustic-scenes-2019-development/audio/airport-barcelona-1-21-a.wav,10.0,running_footsteps,0.0809,clean
bg_school_tau2019_00598,school,tau2019,airport-barcelona-1-22-a,tau_airport-barcelona-1,data/raw/tau2019_partial/TAU-urban-acoustic-scenes-2019-development/audio/airport-barcelona-1-22-a.wav,10.0,running_footsteps,0.0182,clean
bg_school_tau2019_00599,school,tau2019,airport-barcelona-1-23-a,tau_airport-barcelona-1,data/raw/tau2019_partial/TAU-urban-acoustic-scenes-2019-development/audio/airport-barcelona-1-23-a.wav,10.0,running_footsteps,0.012,clean
bg_school_tau2019_00600,school,tau2019,airport-barcelona-1-24-a,tau_airport-barcelona-1,data/raw/tau2019_partial/TAU-urban-acoustic-scenes-2019-development/audio/airport-barcelona-1-24-a.wav,10.0,running_footsteps,0.015,clean
bg_school_tau2019_00601,school,tau2019,airport-barcelona-1-25-a,tau_airport-barcelona-1,data/raw/tau2019_partial/TAU-urban-acoustic-scenes-2019-development/audio/airport-barcelona-1-25-a.wav,10.0,running_footsteps,0.079,clean
bg_school_tau2019_00602,school,tau2019,airport-barcelona-1-26-a,tau_airport-barcelona-1,data/raw/tau2019_partial/TAU-urban-acoustic-scenes-2019-development/audio/airport-barcelona-1-26-a.wav,10.0,running_footsteps,0.0188,clean
bg_school_tau2019_00603,school,tau2019,airport-barcelona-1-27-a,tau_airport-barcelona-1,data/raw/tau2019_partial/TAU-urban-acoustic-scenes-2019-development/audio/airport-barcelona-1-27-a.wav,10.0,running_footsteps,0.0161,clean
bg_school_tau2019_00604,school,tau2019,airport-barcelona-1-28-a,tau_airport-barcelona-1,data/raw/tau2019_partial/TAU-urban-acoustic-scenes-2019-development/audio/airport-barcelona-1-28-a.wav,10.0,running_footsteps,0.0861,clean
bg_school_tau2019_00605,school,tau2019,airport-barcelona-1-29-a,tau_airport-barcelona-1,data/raw/tau2019_partial/TAU-urban-acoustic-scenes-2019-development/audio/airport-barcelona-1-29-a.wav,10.0,running_footsteps,0.2947,flagged
bg_school_tau2019_00606,school,tau2019,airport-barcelona-1-30-a,tau_airport-barcelona-1,data/raw/tau2019_partial/TAU-urban-acoustic-scenes-2019-development/audio/airport-barcelona-1-30-a.wav,10.0,door_slam,0.0186,clean
bg_school_tau2019_00607,school,tau2019,airport-barcelona-1-31-a,tau_airport-barcelona-1,data/raw/tau2019_partial/TAU-urban-acoustic-scenes-2019-development/audio/airport-barcelona-1-31-a.wav,10.0,running_footsteps,0.152,flagged
bg_school_tau2019_00608,school,tau2019,airport-barcelona-1-32-a,tau_airport-barcelona-1,data/raw/tau2019_partial/TAU-urban-acoustic-scenes-2019-development/audio/airport-barcelona-1-32-a.wav,10.0,running_footsteps,0.0819,clean
bg_school_tau2019_00609,school,tau2019,airport-barcelona-1-33-a,tau_airport-barcelona-1,data/raw/tau2019_partial/TAU-urban-acoustic-scenes-2019-development/audio/airport-barcelona-1-33-a.wav,10.0,scream,0.1183,clean
bg_school_tau2019_00610,school,tau2019,airport-barcelona-1-34-a,tau_airport-barcelona-1,data/raw/tau2019_partial/TAU-urban-acoustic-scenes-2019-development/audio/airport-barcelona-1-34-a.wav,10.0,running_footsteps,0.0393,clean
bg_school_tau2019_00611,school,tau2019,airport-barcelona-1-35-a,tau_airport-barcelona-1,data/raw/tau2019_partial/TAU-urban-acoustic-scenes-2019-development/audio/airport-barcelona-1-35-a.wav,10.0,running_footsteps,0.4735,flagged
bg_school_tau2019_00612,school,tau2019,airport-barcelona-1-36-a,tau_airport-barcelona-1,data/raw/tau2019_partial/TAU-urban-acoustic-scenes-2019-development/audio/airport-barcelona-1-36-a.wav,10.0,running_footsteps,0.2114,flagged
bg_school_tau2019_00613,school,tau2019,airport-barcelona-1-37-a,tau_airport-barcelona-1,data/raw/tau2019_partial/TAU-urban-acoustic-scenes-2019-development/audio/airport-barcelona-1-37-a.wav,10.0,running_footsteps,0.2303,flagged
bg_school_tau2019_00614,school,tau2019,airport-barcelona-1-38-a,tau_airport-barcelona-1,data/raw/tau2019_partial/TAU-urban-acoustic-scenes-2019-development/audio/airport-barcelona-1-38-a.wav,10.0,running_footsteps,0.3494,flagged
bg_school_tau2019_00615,school,tau2019,airport-barcelona-1-39-a,tau_airport-barcelona-1,data/raw/tau2019_partial/TAU-urban-acoustic-scenes-2019-development/audio/airport-barcelona-1-39-a.wav,10.0,running_footsteps,0.1031,clean
bg_school_tau2019_00616,school,tau2019,airport-barcelona-1-40-a,tau_airport-barcelona-1,data/raw/tau2019_partial/TAU-urban-acoustic-scenes-2019-development/audio/airport-barcelona-1-40-a.wav,10.0,running_footsteps,0.1937,flagged
bg_school_tau2019_00617,school,tau2019,airport-barcelona-1-41-a,tau_airport-barcelona-1,data/raw/tau2019_partial/TAU-urban-acoustic-scenes-2019-development/audio/airport-barcelona-1-41-a.wav,10.0,running_footsteps,0.0612,clean
bg_school_tau2019_00618,school,tau2019,airport-barcelona-1-42-a,tau_airport-barcelona-1,data/raw/tau2019_partial/TAU-urban-acoustic-scenes-2019-development/audio/airport-barcelona-1-42-a.wav,10.0,running_footsteps,0.1457,clean
bg_school_tau2019_00619,school,tau2019,airport-barcelona-1-43-a,tau_airport-barcelona-1,data/raw/tau2019_partial/TAU-urban-acoustic-scenes-2019-development/audio/airport-barcelona-1-43-a.wav,10.0,running_footsteps,0.1464,clean
bg_school_tau2019_00620,school,tau2019,airport-barcelona-1-44-a,tau_airport-barcelona-1,data/raw/tau2019_partial/TAU-urban-acoustic-scenes-2019-development/audio/airport-barcelona-1-44-a.wav,10.0,running_footsteps,0.0228,clean
bg_school_tau2019_00621,school,tau2019,airport-barcelona-1-45-a,tau_airport-barcelona-1,data/raw/tau2019_partial/TAU-urban-acoustic-scenes-2019-development/audio/airport-barcelona-1-45-a.wav,10.0,running_footsteps,0.0478,clean
bg_school_tau2019_00622,school,tau2019,airport-barcelona-1-46-a,tau_airport-barcelona-1,data/raw/tau2019_partial/TAU-urban-acoustic-scenes-2019-development/audio/airport-barcelona-1-46-a.wav,10.0,running_footsteps,0.0413,clean
bg_school_tau2019_00623,school,tau2019,airport-barcelona-1-47-a,tau_airport-barcelona-1,data/raw/tau2019_partial/TAU-urban-acoustic-scenes-2019-development/audio/airport-barcelona-1-47-a.wav,10.0,running_footsteps,0.0337,clean
bg_school_tau2019_00624,school,tau2019,airport-barcelona-1-48-a,tau_airport-barcelona-1,data/raw/tau2019_partial/TAU-urban-acoustic-scenes-2019-development/audio/airport-barcelona-1-48-a.wav,10.0,running_footsteps,0.3189,flagged
bg_school_tau2019_00625,school,tau2019,airport-barcelona-1-49-a,tau_airport-barcelona-1,data/raw/tau2019_partial/TAU-urban-acoustic-scenes-2019-development/audio/airport-barcelona-1-49-a.wav,10.0,running_footsteps,0.0168,clean
bg_school_tau2019_00626,school,tau2019,airport-barcelona-1-50-a,tau_airport-barcelona-1,data/raw/tau2019_partial/TAU-urban-acoustic-scenes-2019-development/audio/airport-barcelona-1-50-a.wav,10.0,running_footsteps,0.0699,clean
bg_school_tau2019_00627,school,tau2019,airport-barcelona-1-51-a,tau_airport-barcelona-1,data/raw/tau2019_partial/TAU-urban-acoustic-scenes-2019-development/audio/airport-barcelona-1-51-a.wav,10.0,running_footsteps,0.0227,clean
bg_school_tau2019_00628,school,tau2019,airport-barcelona-1-52-a,tau_airport-barcelona-1,data/raw/tau2019_partial/TAU-urban-acoustic-scenes-2019-development/audio/airport-barcelona-1-52-a.wav,10.0,running_footsteps,0.0253,clean
bg_school_tau2019_00629,school,tau2019,airport-barcelona-1-53-a,tau_airport-barcelona-1,data/raw/tau2019_partial/TAU-urban-acoustic-scenes-2019-development/audio/airport-barcelona-1-53-a.wav,10.0,running_footsteps,0.1864,flagged
bg_school_tau2019_00630,school,tau2019,airport-barcelona-1-54-a,tau_airport-barcelona-1,data/raw/tau2019_partial/TAU-urban-acoustic-scenes-2019-development/audio/airport-barcelona-1-54-a.wav,10.0,running_footsteps,0.0218,clean
bg_school_tau2019_00631,school,tau2019,airport-barcelona-1-55-a,tau_airport-barcelona-1,data/raw/tau2019_partial/TAU-urban-acoustic-scenes-2019-development/audio/airport-barcelona-1-55-a.wav,10.0,running_footsteps,0.0583,clean
bg_school_tau2019_00632,school,tau2019,airport-barcelona-1-56-a,tau_airport-barcelona-1,data/raw/tau2019_partial/TAU-urban-acoustic-scenes-2019-development/audio/airport-barcelona-1-56-a.wav,10.0,running_footsteps,0.0419,clean
bg_school_tau2019_00633,school,tau2019,airport-barcelona-1-57-a,tau_airport-barcelona-1,data/raw/tau2019_partial/TAU-urban-acoustic-scenes-2019-development/audio/airport-barcelona-1-57-a.wav,10.0,running_footsteps,0.1598,flagged
bg_school_tau2019_00634,school,tau2019,airport-barcelona-1-58-a,tau_airport-barcelona-1,data/raw/tau2019_partial/TAU-urban-acoustic-scenes-2019-development/audio/airport-barcelona-1-58-a.wav,10.0,running_footsteps,0.1252,clean
bg_school_tau2019_00635,school,tau2019,airport-barcelona-1-59-a,tau_airport-barcelona-1,data/raw/tau2019_partial/TAU-urban-acoustic-scenes-2019-development/audio/airport-barcelona-1-59-a.wav,10.0,explosion,0.2476,flagged
bg_school_tau2019_00636,school,tau2019,airport-barcelona-1-60-a,tau_airport-barcelona-1,data/raw/tau2019_partial/TAU-urban-acoustic-scenes-2019-development/audio/airport-barcelona-1-60-a.wav,10.0,door_slam,0.1188,clean
bg_school_tau2019_00637,school,tau2019,airport-barcelona-1-61-a,tau_airport-barcelona-1,data/raw/tau2019_partial/TAU-urban-acoustic-scenes-2019-development/audio/airport-barcelona-1-61-a.wav,10.0,running_footsteps,0.7048,flagged
bg_school_tau2019_00638,school,tau2019,airport-barcelona-1-62-a,tau_airport-barcelona-1,data/raw/tau2019_partial/TAU-urban-acoustic-scenes-2019-development/audio/airport-barcelona-1-62-a.wav,10.0,running_footsteps,0.0219,clean
bg_school_tau2019_00639,school,tau2019,airport-barcelona-1-63-a,tau_airport-barcelona-1,data/raw/tau2019_partial/TAU-urban-acoustic-scenes-2019-development/audio/airport-barcelona-1-63-a.wav,10.0,running_footsteps,0.0308,clean
bg_school_tau2019_00640,school,tau2019,airport-barcelona-1-64-a,tau_airport-barcelona-1,data/raw/tau2019_partial/TAU-urban-acoustic-scenes-2019-development/audio/airport-barcelona-1-64-a.wav,10.0,running_footsteps,0.0182,clean
bg_school_tau2019_00641,school,tau2019,airport-barcelona-1-65-a,tau_airport-barcelona-1,data/raw/tau2019_partial/TAU-urban-acoustic-scenes-2019-development/audio/airport-barcelona-1-65-a.wav,10.0,running_footsteps,0.0236,clean
bg_school_tau2019_00642,school,tau2019,airport-barcelona-1-66-a,tau_airport-barcelona-1,data/raw/tau2019_partial/TAU-urban-acoustic-scenes-2019-development/audio/airport-barcelona-1-66-a.wav,10.0,running_footsteps,0.501,flagged
bg_school_tau2019_00643,school,tau2019,airport-barcelona-1-67-a,tau_airport-barcelona-1,data/raw/tau2019_partial/TAU-urban-acoustic-scenes-2019-development/audio/airport-barcelona-1-67-a.wav,10.0,running_footsteps,0.2851,flagged
bg_school_tau2019_00644,school,tau2019,airport-barcelona-1-68-a,tau_airport-barcelona-1,data/raw/tau2019_partial/TAU-urban-acoustic-scenes-2019-development/audio/airport-barcelona-1-68-a.wav,10.0,running_footsteps,0.0551,clean
bg_school_tau2019_00645,school,tau2019,airport-barcelona-1-69-a,tau_airport-barcelona-1,data/raw/tau2019_partial/TAU-urban-acoustic-scenes-2019-development/audio/airport-barcelona-1-69-a.wav,10.0,running_footsteps,0.2305,flagged
bg_school_tau2019_00646,school,tau2019,airport-barcelona-1-70-a,tau_airport-barcelona-1,data/raw/tau2019_partial/TAU-urban-acoustic-scenes-2019-development/audio/airport-barcelona-1-70-a.wav,10.0,running_footsteps,0.2717,flagged
bg_school_tau2019_00647,school,tau2019,airport-barcelona-1-71-a,tau_airport-barcelona-1,data/raw/tau2019_partial/TAU-urban-acoustic-scenes-2019-development/audio/airport-barcelona-1-71-a.wav,10.0,running_footsteps,0.0627,clean
bg_school_tau2019_00648,school,tau2019,airport-barcelona-1-72-a,tau_airport-barcelona-1,data/raw/tau2019_partial/TAU-urban-acoustic-scenes-2019-development/audio/airport-barcelona-1-72-a.wav,10.0,running_footsteps,0.1472,clean
bg_school_tau2019_00649,school,tau2019,airport-barcelona-1-73-a,tau_airport-barcelona-1,data/raw/tau2019_partial/TAU-urban-acoustic-scenes-2019-development/audio/airport-barcelona-1-73-a.wav,10.0,running_footsteps,0.1082,clean
bg_school_tau2019_00650,school,tau2019,airport-barcelona-1-74-a,tau_airport-barcelona-1,data/raw/tau2019_partial/TAU-urban-acoustic-scenes-2019-development/audio/airport-barcelona-1-74-a.wav,10.0,running_footsteps,0.0213,clean
bg_school_tau2019_00651,school,tau2019,airport-barcelona-1-75-a,tau_airport-barcelona-1,data/raw/tau2019_partial/TAU-urban-acoustic-scenes-2019-development/audio/airport-barcelona-1-75-a.wav,10.0,running_footsteps,0.0744,clean
bg_school_tau2019_00652,school,tau2019,airport-barcelona-1-76-a,tau_airport-barcelona-1,data/raw/tau2019_partial/TAU-urban-acoustic-scenes-2019-development/audio/airport-barcelona-1-76-a.wav,10.0,running_footsteps,0.0176,clean
bg_school_tau2019_00653,school,tau2019,airport-barcelona-1-77-a,tau_airport-barcelona-1,data/raw/tau2019_partial/TAU-urban-acoustic-scenes-2019-development/audio/airport-barcelona-1-77-a.wav,10.0,running_footsteps,0.0783,clean
bg_school_tau2019_00654,school,tau2019,airport-barcelona-1-78-a,tau_airport-barcelona-1,data/raw/tau2019_partial/TAU-urban-acoustic-scenes-2019-development/audio/airport-barcelona-1-78-a.wav,10.0,running_footsteps,0.2588,flagged
bg_school_tau2019_00655,school,tau2019,airport-barcelona-1-79-a,tau_airport-barcelona-1,data/raw/tau2019_partial/TAU-urban-acoustic-scenes-2019-development/audio/airport-barcelona-1-79-a.wav,10.0,running_footsteps,0.0184,clean
bg_school_tau2019_00656,school,tau2019,airport-barcelona-1-80-a,tau_airport-barcelona-1,data/raw/tau2019_partial/TAU-urban-acoustic-scenes-2019-development/audio/airport-barcelona-1-80-a.wav,10.0,running_footsteps,0.0146,clean
bg_school_tau2019_00657,school,tau2019,airport-barcelona-1-81-a,tau_airport-barcelona-1,data/raw/tau2019_partial/TAU-urban-acoustic-scenes-2019-development/audio/airport-barcelona-1-81-a.wav,10.0,running_footsteps,0.1611,flagged
bg_school_tau2019_00658,school,tau2019,airport-barcelona-1-82-a,tau_airport-barcelona-1,data/raw/tau2019_partial/TAU-urban-acoustic-scenes-2019-development/audio/airport-barcelona-1-82-a.wav,10.0,running_footsteps,0.0361,clean
bg_school_tau2019_00659,school,tau2019,airport-barcelona-1-83-a,tau_airport-barcelona-1,data/raw/tau2019_partial/TAU-urban-acoustic-scenes-2019-development/audio/airport-barcelona-1-83-a.wav,10.0,running_footsteps,0.062,clean
bg_school_tau2019_00660,school,tau2019,airport-barcelona-1-84-a,tau_airport-barcelona-1,data/raw/tau2019_partial/TAU-urban-acoustic-scenes-2019-development/audio/airport-barcelona-1-84-a.wav,10.0,running_footsteps,0.012,clean
bg_school_tau2019_00661,school,tau2019,airport-barcelona-1-85-a,tau_airport-barcelona-1,data/raw/tau2019_partial/TAU-urban-acoustic-scenes-2019-development/audio/airport-barcelona-1-85-a.wav,10.0,running_footsteps,0.0289,clean
bg_school_tau2019_00662,school,tau2019,airport-barcelona-1-86-a,tau_airport-barcelona-1,data/raw/tau2019_partial/TAU-urban-acoustic-scenes-2019-development/audio/airport-barcelona-1-86-a.wav,10.0,running_footsteps,0.0251,clean
bg_school_tau2019_00663,school,tau2019,airport-barcelona-1-87-a,tau_airport-barcelona-1,data/raw/tau2019_partial/TAU-urban-acoustic-scenes-2019-development/audio/airport-barcelona-1-87-a.wav,10.0,running_footsteps,0.0423,clean
bg_school_tau2019_00664,school,tau2019,airport-barcelona-1-88-a,tau_airport-barcelona-1,data/raw/tau2019_partial/TAU-urban-acoustic-scenes-2019-development/audio/airport-barcelona-1-88-a.wav,10.0,running_footsteps,0.0235,clean
bg_school_tau2019_00665,school,tau2019,airport-barcelona-1-89-a,tau_airport-barcelona-1,data/raw/tau2019_partial/TAU-urban-acoustic-scenes-2019-development/audio/airport-barcelona-1-89-a.wav,10.0,running_footsteps,0.0978,clean
bg_school_tau2019_00666,school,tau2019,airport-barcelona-1-90-a,tau_airport-barcelona-1,data/raw/tau2019_partial/TAU-urban-acoustic-scenes-2019-development/audio/airport-barcelona-1-90-a.wav,10.0,running_footsteps,0.0188,clean
bg_school_tau2019_00667,school,tau2019,airport-barcelona-1-91-a,tau_airport-barcelona-1,data/raw/tau2019_partial/TAU-urban-acoustic-scenes-2019-development/audio/airport-barcelona-1-91-a.wav,10.0,running_footsteps,0.171,flagged
bg_school_tau2019_00668,school,tau2019,airport-barcelona-1-92-a,tau_airport-barcelona-1,data/raw/tau2019_partial/TAU-urban-acoustic-scenes-2019-development/audio/airport-barcelona-1-92-a.wav,10.0,running_footsteps,0.0143,clean
bg_school_tau2019_00669,school,tau2019,airport-barcelona-1-93-a,tau_airport-barcelona-1,data/raw/tau2019_partial/TAU-urban-acoustic-scenes-2019-development/audio/airport-barcelona-1-93-a.wav,10.0,running_footsteps,0.1107,clean
bg_school_tau2019_00670,school,tau2019,airport-barcelona-1-94-a,tau_airport-barcelona-1,data/raw/tau2019_partial/TAU-urban-acoustic-scenes-2019-development/audio/airport-barcelona-1-94-a.wav,10.0,running_footsteps,0.118,clean
bg_school_tau2019_00671,school,tau2019,airport-barcelona-1-95-a,tau_airport-barcelona-1,data/raw/tau2019_partial/TAU-urban-acoustic-scenes-2019-development/audio/airport-barcelona-1-95-a.wav,10.0,running_footsteps,0.0685,clean
bg_school_tau2019_00672,school,tau2019,airport-barcelona-1-96-a,tau_airport-barcelona-1,data/raw/tau2019_partial/TAU-urban-acoustic-scenes-2019-development/audio/airport-barcelona-1-96-a.wav,10.0,running_footsteps,0.3692,flagged
bg_school_tau2019_00673,school,tau2019,airport-barcelona-2-97-a,tau_airport-barcelona-2,data/raw/tau2019_partial/TAU-urban-acoustic-scenes-2019-development/audio/airport-barcelona-2-97-a.wav,10.0,running_footsteps,0.0692,clean
bg_school_tau2019_00674,school,tau2019,airport-barcelona-2-98-a,tau_airport-barcelona-2,data/raw/tau2019_partial/TAU-urban-acoustic-scenes-2019-development/audio/airport-barcelona-2-98-a.wav,10.0,running_footsteps,0.0596,clean
bg_school_tau2019_00675,school,tau2019,airport-barcelona-2-99-a,tau_airport-barcelona-2,data/raw/tau2019_partial/TAU-urban-acoustic-scenes-2019-development/audio/airport-barcelona-2-99-a.wav,10.0,running_footsteps,0.072,clean
bg_school_tau2019_00676,school,tau2019,airport-barcelona-2-100-a,tau_airport-barcelona-2,data/raw/tau2019_partial/TAU-urban-acoustic-scenes-2019-development/audio/airport-barcelona-2-100-a.wav,10.0,running_footsteps,0.0928,clean
bg_school_tau2019_00677,school,tau2019,airport-barcelona-2-101-a,tau_airport-barcelona-2,data/raw/tau2019_partial/TAU-urban-acoustic-scenes-2019-development/audio/airport-barcelona-2-101-a.wav,10.0,running_footsteps,0.1529,flagged
bg_school_tau2019_00678,school,tau2019,airport-barcelona-2-102-a,tau_airport-barcelona-2,data/raw/tau2019_partial/TAU-urban-acoustic-scenes-2019-development/audio/airport-barcelona-2-102-a.wav,10.0,running_footsteps,0.0287,clean
bg_school_tau2019_00679,school,tau2019,airport-barcelona-2-103-a,tau_airport-barcelona-2,data/raw/tau2019_partial/TAU-urban-acoustic-scenes-2019-development/audio/airport-barcelona-2-103-a.wav,10.0,running_footsteps,0.0477,clean
bg_school_tau2019_00680,school,tau2019,airport-barcelona-2-104-a,tau_airport-barcelona-2,data/raw/tau2019_partial/TAU-urban-acoustic-scenes-2019-development/audio/airport-barcelona-2-104-a.wav,10.0,running_footsteps,0.0421,clean
bg_school_tau2019_00681,school,tau2019,airport-barcelona-2-105-a,tau_airport-barcelona-2,data/raw/tau2019_partial/TAU-urban-acoustic-scenes-2019-development/audio/airport-barcelona-2-105-a.wav,10.0,running_footsteps,0.1212,clean
bg_school_tau2019_00682,school,tau2019,airport-barcelona-2-106-a,tau_airport-barcelona-2,data/raw/tau2019_partial/TAU-urban-acoustic-scenes-2019-development/audio/airport-barcelona-2-106-a.wav,10.0,running_footsteps,0.029,clean
bg_school_tau2019_00683,school,tau2019,airport-barcelona-2-107-a,tau_airport-barcelona-2,data/raw/tau2019_partial/TAU-urban-acoustic-scenes-2019-development/audio/airport-barcelona-2-107-a.wav,10.0,running_footsteps,0.038,clean
bg_school_tau2019_00684,school,tau2019,airport-barcelona-2-108-a,tau_airport-barcelona-2,data/raw/tau2019_partial/TAU-urban-acoustic-scenes-2019-development/audio/airport-barcelona-2-108-a.wav,10.0,running_footsteps,0.1592,flagged
bg_school_tau2019_00685,school,tau2019,airport-barcelona-2-109-a,tau_airport-barcelona-2,data/raw/tau2019_partial/TAU-urban-acoustic-scenes-2019-development/audio/airport-barcelona-2-109-a.wav,10.0,running_footsteps,0.0658,clean
bg_school_tau2019_00686,school,tau2019,airport-barcelona-2-110-a,tau_airport-barcelona-2,data/raw/tau2019_partial/TAU-urban-acoustic-scenes-2019-development/audio/airport-barcelona-2-110-a.wav,10.0,running_footsteps,0.0283,clean
bg_school_tau2019_00687,school,tau2019,airport-barcelona-2-111-a,tau_airport-barcelona-2,data/raw/tau2019_partial/TAU-urban-acoustic-scenes-2019-development/audio/airport-barcelona-2-111-a.wav,10.0,running_footsteps,0.0451,clean
bg_school_tau2019_00688,school,tau2019,airport-helsinki-3-112-a,tau_airport-helsinki-3,data/raw/tau2019_partial/TAU-urban-acoustic-scenes-2019-development/audio/airport-helsinki-3-112-a.wav,10.0,running_footsteps,0.0046,clean
bg_school_tau2019_00689,school,tau2019,airport-helsinki-3-113-a,tau_airport-helsinki-3,data/raw/tau2019_partial/TAU-urban-acoustic-scenes-2019-development/audio/airport-helsinki-3-113-a.wav,10.0,running_footsteps,0.0874,clean
bg_school_tau2019_00690,school,tau2019,airport-helsinki-3-114-a,tau_airport-helsinki-3,data/raw/tau2019_partial/TAU-urban-acoustic-scenes-2019-development/audio/airport-helsinki-3-114-a.wav,10.0,running_footsteps,0.0143,clean
bg_school_tau2019_00691,school,tau2019,airport-helsinki-3-115-a,tau_airport-helsinki-3,data/raw/tau2019_partial/TAU-urban-acoustic-scenes-2019-development/audio/airport-helsinki-3-115-a.wav,10.0,door_slam,0.1109,clean
bg_school_tau2019_00692,school,tau2019,airport-helsinki-3-116-a,tau_airport-helsinki-3,data/raw/tau2019_partial/TAU-urban-acoustic-scenes-2019-development/audio/airport-helsinki-3-116-a.wav,10.0,door_slam,0.1354,clean
bg_school_tau2019_00693,school,tau2019,airport-helsinki-3-117-a,tau_airport-helsinki-3,data/raw/tau2019_partial/TAU-urban-acoustic-scenes-2019-development/audio/airport-helsinki-3-117-a.wav,10.0,explosion,0.0202,clean
bg_school_tau2019_00694,school,tau2019,airport-helsinki-3-118-a,tau_airport-helsinki-3,data/raw/tau2019_partial/TAU-urban-acoustic-scenes-2019-development/audio/airport-helsinki-3-118-a.wav,10.0,door_slam,0.0532,clean
bg_school_tau2019_00695,school,tau2019,airport-helsinki-3-119-a,tau_airport-helsinki-3,data/raw/tau2019_partial/TAU-urban-acoustic-scenes-2019-development/audio/airport-helsinki-3-119-a.wav,10.0,door_slam,0.0256,clean
bg_school_tau2019_00696,school,tau2019,airport-helsinki-3-120-a,tau_airport-helsinki-3,data/raw/tau2019_partial/TAU-urban-acoustic-scenes-2019-development/audio/airport-helsinki-3-120-a.wav,10.0,running_footsteps,0.0125,clean
bg_school_tau2019_00697,school,tau2019,airport-helsinki-3-121-a,tau_airport-helsinki-3,data/raw/tau2019_partial/TAU-urban-acoustic-scenes-2019-development/audio/airport-helsinki-3-121-a.wav,10.0,running_footsteps,0.0947,clean
bg_school_tau2019_00698,school,tau2019,airport-helsinki-3-122-a,tau_airport-helsinki-3,data/raw/tau2019_partial/TAU-urban-acoustic-scenes-2019-development/audio/airport-helsinki-3-122-a.wav,10.0,running_footsteps,0.0236,clean
bg_school_tau2019_00699,school,tau2019,airport-helsinki-3-123-a,tau_airport-helsinki-3,data/raw/tau2019_partial/TAU-urban-acoustic-scenes-2019-development/audio/airport-helsinki-3-123-a.wav,10.0,running_footsteps,0.0074,clean
bg_school_tau2019_00700,school,tau2019,airport-helsinki-3-124-a,tau_airport-helsinki-3,data/raw/tau2019_partial/TAU-urban-acoustic-scenes-2019-development/audio/airport-helsinki-3-124-a.wav,10.0,running_footsteps,0.0183,clean
bg_school_tau2019_00701,school,tau2019,airport-helsinki-3-125-a,tau_airport-helsinki-3,data/raw/tau2019_partial/TAU-urban-acoustic-scenes-2019-development/audio/airport-helsinki-3-125-a.wav,10.0,explosion,0.0636,clean
bg_school_tau2019_00702,school,tau2019,airport-helsinki-3-126-a,tau_airport-helsinki-3,data/raw/tau2019_partial/TAU-urban-acoustic-scenes-2019-development/audio/airport-helsinki-3-126-a.wav,10.0,running_footsteps,0.0456,clean
bg_school_tau2019_00703,school,tau2019,airport-helsinki-3-127-a,tau_airport-helsinki-3,data/raw/tau2019_partial/TAU-urban-acoustic-scenes-2019-development/audio/airport-helsinki-3-127-a.wav,10.0,running_footsteps,0.0338,clean
bg_school_tau2019_00704,school,tau2019,airport-helsinki-3-128-a,tau_airport-helsinki-3,data/raw/tau2019_partial/TAU-urban-acoustic-scenes-2019-development/audio/airport-helsinki-3-128-a.wav,10.0,running_footsteps,0.0546,clean
bg_school_tau2019_00705,school,tau2019,airport-helsinki-3-129-a,tau_airport-helsinki-3,data/raw/tau2019_partial/TAU-urban-acoustic-scenes-2019-development/audio/airport-helsinki-3-129-a.wav,10.0,running_footsteps,0.0344,clean
bg_school_tau2019_00706,school,tau2019,airport-helsinki-3-130-a,tau_airport-helsinki-3,data/raw/tau2019_partial/TAU-urban-acoustic-scenes-2019-development/audio/airport-helsinki-3-130-a.wav,10.0,running_footsteps,0.0086,clean
bg_school_tau2019_00707,school,tau2019,airport-helsinki-3-131-a,tau_airport-helsinki-3,data/raw/tau2019_partial/TAU-urban-acoustic-scenes-2019-development/audio/airport-helsinki-3-131-a.wav,10.0,door_slam,0.0235,clean
bg_school_tau2019_00708,school,tau2019,airport-helsinki-3-132-a,tau_airport-helsinki-3,data/raw/tau2019_partial/TAU-urban-acoustic-scenes-2019-development/audio/airport-helsinki-3-132-a.wav,10.0,running_footsteps,0.0065,clean
bg_school_tau2019_00709,school,tau2019,airport-helsinki-3-133-a,tau_airport-helsinki-3,data/raw/tau2019_partial/TAU-urban-acoustic-scenes-2019-development/audio/airport-helsinki-3-133-a.wav,10.0,running_footsteps,0.6026,flagged
bg_school_tau2019_00710,school,tau2019,airport-helsinki-3-134-a,tau_airport-helsinki-3,data/raw/tau2019_partial/TAU-urban-acoustic-scenes-2019-development/audio/airport-helsinki-3-134-a.wav,10.0,running_footsteps,0.0289,clean
bg_school_tau2019_00711,school,tau2019,airport-helsinki-3-135-a,tau_airport-helsinki-3,data/raw/tau2019_partial/TAU-urban-acoustic-scenes-2019-development/audio/airport-helsinki-3-135-a.wav,10.0,explosion,0.0059,clean
bg_school_tau2019_00712,school,tau2019,airport-helsinki-3-136-a,tau_airport-helsinki-3,data/raw/tau2019_partial/TAU-urban-acoustic-scenes-2019-development/audio/airport-helsinki-3-136-a.wav,10.0,running_footsteps,0.1292,clean
bg_school_tau2019_00713,school,tau2019,airport-helsinki-3-137-a,tau_airport-helsinki-3,data/raw/tau2019_partial/TAU-urban-acoustic-scenes-2019-development/audio/airport-helsinki-3-137-a.wav,10.0,running_footsteps,0.0451,clean
bg_school_tau2019_00714,school,tau2019,airport-helsinki-3-138-a,tau_airport-helsinki-3,data/raw/tau2019_partial/TAU-urban-acoustic-scenes-2019-development/audio/airport-helsinki-3-138-a.wav,10.0,running_footsteps,0.0368,clean
bg_school_tau2019_00715,school,tau2019,airport-helsinki-3-139-a,tau_airport-helsinki-3,data/raw/tau2019_partial/TAU-urban-acoustic-scenes-2019-development/audio/airport-helsinki-3-139-a.wav,10.0,running_footsteps,0.0646,clean
bg_school_tau2019_00716,school,tau2019,airport-helsinki-3-140-a,tau_airport-helsinki-3,data/raw/tau2019_partial/TAU-urban-acoustic-scenes-2019-development/audio/airport-helsinki-3-140-a.wav,10.0,running_footsteps,0.0178,clean
bg_school_tau2019_00717,school,tau2019,airport-helsinki-3-141-a,tau_airport-helsinki-3,data/raw/tau2019_partial/TAU-urban-acoustic-scenes-2019-development/audio/airport-helsinki-3-141-a.wav,10.0,running_footsteps,0.0192,clean
bg_school_tau2019_00718,school,tau2019,airport-helsinki-3-142-a,tau_airport-helsinki-3,data/raw/tau2019_partial/TAU-urban-acoustic-scenes-2019-development/audio/airport-helsinki-3-142-a.wav,10.0,running_footsteps,0.0623,clean
bg_school_tau2019_00719,school,tau2019,airport-helsinki-3-143-a,tau_airport-helsinki-3,data/raw/tau2019_partial/TAU-urban-acoustic-scenes-2019-development/audio/airport-helsinki-3-143-a.wav,10.0,running_footsteps,0.0443,clean
bg_school_tau2019_00720,school,tau2019,airport-helsinki-3-144-a,tau_airport-helsinki-3,data/raw/tau2019_partial/TAU-urban-acoustic-scenes-2019-development/audio/airport-helsinki-3-144-a.wav,10.0,glass_breaking,0.0645,clean
bg_school_tau2019_00721,school,tau2019,airport-helsinki-3-145-a,tau_airport-helsinki-3,data/raw/tau2019_partial/TAU-urban-acoustic-scenes-2019-development/audio/airport-helsinki-3-145-a.wav,10.0,glass_breaking,0.0345,clean
bg_school_tau2019_00722,school,tau2019,airport-helsinki-3-146-a,tau_airport-helsinki-3,data/raw/tau2019_partial/TAU-urban-acoustic-scenes-2019-development/audio/airport-helsinki-3-146-a.wav,10.0,running_footsteps,0.0336,clean
bg_school_tau2019_00723,school,tau2019,airport-helsinki-3-147-a,tau_airport-helsinki-3,data/raw/tau2019_partial/TAU-urban-acoustic-scenes-2019-development/audio/airport-helsinki-3-147-a.wav,10.0,running_footsteps,0.0142,clean
bg_school_tau2019_00724,school,tau2019,airport-helsinki-3-148-a,tau_airport-helsinki-3,data/raw/tau2019_partial/TAU-urban-acoustic-scenes-2019-development/audio/airport-helsinki-3-148-a.wav,10.0,running_footsteps,0.0449,clean
bg_school_tau2019_00725,school,tau2019,airport-helsinki-3-149-a,tau_airport-helsinki-3,data/raw/tau2019_partial/TAU-urban-acoustic-scenes-2019-development/audio/airport-helsinki-3-149-a.wav,10.0,running_footsteps,0.016,clean
bg_school_tau2019_00726,school,tau2019,airport-helsinki-3-150-a,tau_airport-helsinki-3,data/raw/tau2019_partial/TAU-urban-acoustic-scenes-2019-development/audio/airport-helsinki-3-150-a.wav,10.0,door_slam,0.0359,clean
bg_school_tau2019_00727,school,tau2019,airport-helsinki-3-151-a,tau_airport-helsinki-3,data/raw/tau2019_partial/TAU-urban-acoustic-scenes-2019-development/audio/airport-helsinki-3-151-a.wav,10.0,running_footsteps,0.0288,clean
bg_school_tau2019_00728,school,tau2019,airport-helsinki-3-152-a,tau_airport-helsinki-3,data/raw/tau2019_partial/TAU-urban-acoustic-scenes-2019-development/audio/airport-helsinki-3-152-a.wav,10.0,running_footsteps,0.0088,clean
bg_school_tau2019_00729,school,tau2019,airport-helsinki-3-153-a,tau_airport-helsinki-3,data/raw/tau2019_partial/TAU-urban-acoustic-scenes-2019-development/audio/airport-helsinki-3-153-a.wav,10.0,running_footsteps,0.0265,clean
bg_school_tau2019_00730,school,tau2019,airport-helsinki-3-154-a,tau_airport-helsinki-3,data/raw/tau2019_partial/TAU-urban-acoustic-scenes-2019-development/audio/airport-helsinki-3-154-a.wav,10.0,explosion,0.0067,clean
bg_school_tau2019_00731,school,tau2019,airport-helsinki-3-155-a,tau_airport-helsinki-3,data/raw/tau2019_partial/TAU-urban-acoustic-scenes-2019-development/audio/airport-helsinki-3-155-a.wav,10.0,running_footsteps,0.0134,clean
bg_school_tau2019_00732,school,tau2019,airport-helsinki-3-156-a,tau_airport-helsinki-3,data/raw/tau2019_partial/TAU-urban-acoustic-scenes-2019-development/audio/airport-helsinki-3-156-a.wav,10.0,running_footsteps,0.0211,clean
bg_school_tau2019_00733,school,tau2019,airport-helsinki-3-157-a,tau_airport-helsinki-3,data/raw/tau2019_partial/TAU-urban-acoustic-scenes-2019-development/audio/airport-helsinki-3-157-a.wav,10.0,explosion,0.017,clean
bg_school_tau2019_00734,school,tau2019,airport-helsinki-3-158-a,tau_airport-helsinki-3,data/raw/tau2019_partial/TAU-urban-acoustic-scenes-2019-development/audio/airport-helsinki-3-158-a.wav,10.0,running_footsteps,0.0212,clean
bg_school_tau2019_00735,school,tau2019,airport-helsinki-3-159-a,tau_airport-helsinki-3,data/raw/tau2019_partial/TAU-urban-acoustic-scenes-2019-development/audio/airport-helsinki-3-159-a.wav,10.0,running_footsteps,0.0251,clean
bg_school_tau2019_00736,school,tau2019,airport-helsinki-3-160-a,tau_airport-helsinki-3,data/raw/tau2019_partial/TAU-urban-acoustic-scenes-2019-development/audio/airport-helsinki-3-160-a.wav,10.0,running_footsteps,0.1007,clean
bg_school_tau2019_00737,school,tau2019,airport-helsinki-3-161-a,tau_airport-helsinki-3,data/raw/tau2019_partial/TAU-urban-acoustic-scenes-2019-development/audio/airport-helsinki-3-161-a.wav,10.0,running_footsteps,0.0332,clean
bg_school_tau2019_00738,school,tau2019,airport-helsinki-3-162-a,tau_airport-helsinki-3,data/raw/tau2019_partial/TAU-urban-acoustic-scenes-2019-development/audio/airport-helsinki-3-162-a.wav,10.0,door_slam,0.0557,clean
bg_school_tau2019_00739,school,tau2019,airport-helsinki-3-163-a,tau_airport-helsinki-3,data/raw/tau2019_partial/TAU-urban-acoustic-scenes-2019-development/audio/airport-helsinki-3-163-a.wav,10.0,running_footsteps,0.015,clean
bg_school_tau2019_00740,school,tau2019,airport-helsinki-3-164-a,tau_airport-helsinki-3,data/raw/tau2019_partial/TAU-urban-acoustic-scenes-2019-development/audio/airport-helsinki-3-164-a.wav,10.0,running_footsteps,0.0272,clean
bg_school_tau2019_00741,school,tau2019,airport-helsinki-3-165-a,tau_airport-helsinki-3,data/raw/tau2019_partial/TAU-urban-acoustic-scenes-2019-development/audio/airport-helsinki-3-165-a.wav,10.0,running_footsteps,0.0409,clean
bg_school_tau2019_00742,school,tau2019,airport-helsinki-3-166-a,tau_airport-helsinki-3,data/raw/tau2019_partial/TAU-urban-acoustic-scenes-2019-development/audio/airport-helsinki-3-166-a.wav,10.0,door_slam,0.0184,clean
bg_school_tau2019_00743,school,tau2019,airport-helsinki-3-167-a,tau_airport-helsinki-3,data/raw/tau2019_partial/TAU-urban-acoustic-scenes-2019-development/audio/airport-helsinki-3-167-a.wav,10.0,door_slam,0.0325,clean
bg_school_tau2019_00744,school,tau2019,airport-helsinki-3-168-a,tau_airport-helsinki-3,data/raw/tau2019_partial/TAU-urban-acoustic-scenes-2019-development/audio/airport-helsinki-3-168-a.wav,10.0,running_footsteps,0.018,clean
bg_school_tau2019_00745,school,tau2019,airport-helsinki-4-169-a,tau_airport-helsinki-4,data/raw/tau2019_partial/TAU-urban-acoustic-scenes-2019-development/audio/airport-helsinki-4-169-a.wav,10.0,running_footsteps,0.0567,clean
bg_school_tau2019_00746,school,tau2019,airport-helsinki-4-170-a,tau_airport-helsinki-4,data/raw/tau2019_partial/TAU-urban-acoustic-scenes-2019-development/audio/airport-helsinki-4-170-a.wav,10.0,glass_breaking,0.0273,clean
bg_school_tau2019_00747,school,tau2019,airport-helsinki-4-171-a,tau_airport-helsinki-4,data/raw/tau2019_partial/TAU-urban-acoustic-scenes-2019-development/audio/airport-helsinki-4-171-a.wav,10.0,running_footsteps,0.0217,clean
bg_school_tau2019_00748,school,tau2019,airport-helsinki-4-172-a,tau_airport-helsinki-4,data/raw/tau2019_partial/TAU-urban-acoustic-scenes-2019-development/audio/airport-helsinki-4-172-a.wav,10.0,door_slam,0.0192,clean
bg_school_tau2019_00749,school,tau2019,airport-helsinki-4-173-a,tau_airport-helsinki-4,data/raw/tau2019_partial/TAU-urban-acoustic-scenes-2019-development/audio/airport-helsinki-4-173-a.wav,10.0,door_slam,0.0426,clean
bg_school_tau2019_00750,school,tau2019,airport-helsinki-4-174-a,tau_airport-helsinki-4,data/raw/tau2019_partial/TAU-urban-acoustic-scenes-2019-development/audio/airport-helsinki-4-174-a.wav,10.0,running_footsteps,0.0327,clean
bg_school_tau2019_00751,school,tau2019,airport-helsinki-4-175-a,tau_airport-helsinki-4,data/raw/tau2019_partial/TAU-urban-acoustic-scenes-2019-development/audio/airport-helsinki-4-175-a.wav,10.0,door_slam,0.1884,flagged
bg_school_tau2019_00752,school,tau2019,airport-helsinki-4-176-a,tau_airport-helsinki-4,data/raw/tau2019_partial/TAU-urban-acoustic-scenes-2019-development/audio/airport-helsinki-4-176-a.wav,10.0,door_slam,0.0375,clean
bg_school_tau2019_00753,school,tau2019,airport-helsinki-4-177-a,tau_airport-helsinki-4,data/raw/tau2019_partial/TAU-urban-acoustic-scenes-2019-development/audio/airport-helsinki-4-177-a.wav,10.0,running_footsteps,0.135,clean
bg_school_tau2019_00754,school,tau2019,airport-helsinki-4-178-a,tau_airport-helsinki-4,data/raw/tau2019_partial/TAU-urban-acoustic-scenes-2019-development/audio/airport-helsinki-4-178-a.wav,10.0,explosion,0.0178,clean
bg_school_tau2019_00755,school,tau2019,airport-helsinki-4-179-a,tau_airport-helsinki-4,data/raw/tau2019_partial/TAU-urban-acoustic-scenes-2019-development/audio/airport-helsinki-4-179-a.wav,10.0,door_slam,0.0201,clean
bg_school_tau2019_00756,school,tau2019,airport-helsinki-4-180-a,tau_airport-helsinki-4,data/raw/tau2019_partial/TAU-urban-acoustic-scenes-2019-development/audio/airport-helsinki-4-180-a.wav,10.0,running_footsteps,0.0228,clean
bg_school_tau2019_00757,school,tau2019,airport-helsinki-4-181-a,tau_airport-helsinki-4,data/raw/tau2019_partial/TAU-urban-acoustic-scenes-2019-development/audio/airport-helsinki-4-181-a.wav,10.0,explosion,0.025,clean
bg_school_tau2019_00758,school,tau2019,airport-helsinki-4-182-a,tau_airport-helsinki-4,data/raw/tau2019_partial/TAU-urban-acoustic-scenes-2019-development/audio/airport-helsinki-4-182-a.wav,10.0,door_slam,0.3705,flagged
bg_school_tau2019_00759,school,tau2019,airport-helsinki-4-183-a,tau_airport-helsinki-4,data/raw/tau2019_partial/TAU-urban-acoustic-scenes-2019-development/audio/airport-helsinki-4-183-a.wav,10.0,running_footsteps,0.0133,clean
bg_school_tau2019_00760,school,tau2019,airport-helsinki-4-184-a,tau_airport-helsinki-4,data/raw/tau2019_partial/TAU-urban-acoustic-scenes-2019-development/audio/airport-helsinki-4-184-a.wav,10.0,running_footsteps,0.1431,clean
bg_school_tau2019_00761,school,tau2019,airport-helsinki-4-185-a,tau_airport-helsinki-4,data/raw/tau2019_partial/TAU-urban-acoustic-scenes-2019-development/audio/airport-helsinki-4-185-a.wav,10.0,running_footsteps,0.0162,clean
bg_school_tau2019_00762,school,tau2019,airport-helsinki-4-186-a,tau_airport-helsinki-4,data/raw/tau2019_partial/TAU-urban-acoustic-scenes-2019-development/audio/airport-helsinki-4-186-a.wav,10.0,door_slam,0.0426,clean
bg_school_tau2019_00763,school,tau2019,airport-helsinki-4-187-a,tau_airport-helsinki-4,data/raw/tau2019_partial/TAU-urban-acoustic-scenes-2019-development/audio/airport-helsinki-4-187-a.wav,10.0,running_footsteps,0.0241,clean
bg_school_tau2019_00764,school,tau2019,airport-helsinki-4-188-a,tau_airport-helsinki-4,data/raw/tau2019_partial/TAU-urban-acoustic-scenes-2019-development/audio/airport-helsinki-4-188-a.wav,10.0,door_slam,0.0845,clean
bg_school_tau2019_00765,school,tau2019,airport-helsinki-4-189-a,tau_airport-helsinki-4,data/raw/tau2019_partial/TAU-urban-acoustic-scenes-2019-development/audio/airport-helsinki-4-189-a.wav,10.0,explosion,0.0175,clean
bg_school_tau2019_00766,school,tau2019,airport-helsinki-4-190-a,tau_airport-helsinki-4,data/raw/tau2019_partial/TAU-urban-acoustic-scenes-2019-development/audio/airport-helsinki-4-190-a.wav,10.0,running_footsteps,0.0087,clean
bg_school_tau2019_00767,school,tau2019,airport-helsinki-4-191-a,tau_airport-helsinki-4,data/raw/tau2019_partial/TAU-urban-acoustic-scenes-2019-development/audio/airport-helsinki-4-191-a.wav,10.0,running_footsteps,0.0185,clean
bg_school_tau2019_00768,school,tau2019,airport-helsinki-4-192-a,tau_airport-helsinki-4,data/raw/tau2019_partial/TAU-urban-acoustic-scenes-2019-development/audio/airport-helsinki-4-192-a.wav,10.0,door_slam,0.0388,clean
bg_school_tau2019_00769,school,tau2019,airport-helsinki-4-193-a,tau_airport-helsinki-4,data/raw/tau2019_partial/TAU-urban-acoustic-scenes-2019-development/audio/airport-helsinki-4-193-a.wav,10.0,door_slam,0.1762,flagged
bg_school_tau2019_00770,school,tau2019,airport-helsinki-4-194-a,tau_airport-helsinki-4,data/raw/tau2019_partial/TAU-urban-acoustic-scenes-2019-development/audio/airport-helsinki-4-194-a.wav,10.0,running_footsteps,0.0279,clean
bg_school_tau2019_00771,school,tau2019,airport-helsinki-4-195-a,tau_airport-helsinki-4,data/raw/tau2019_partial/TAU-urban-acoustic-scenes-2019-development/audio/airport-helsinki-4-195-a.wav,10.0,door_slam,0.0835,clean
bg_school_tau2019_00772,school,tau2019,airport-helsinki-4-196-a,tau_airport-helsinki-4,data/raw/tau2019_partial/TAU-urban-acoustic-scenes-2019-development/audio/airport-helsinki-4-196-a.wav,10.0,running_footsteps,0.0147,clean
bg_school_tau2019_00773,school,tau2019,airport-helsinki-4-197-a,tau_airport-helsinki-4,data/raw/tau2019_partial/TAU-urban-acoustic-scenes-2019-development/audio/airport-helsinki-4-197-a.wav,10.0,running_footsteps,0.012,clean
bg_school_tau2019_00774,school,tau2019,airport-helsinki-4-198-a,tau_airport-helsinki-4,data/raw/tau2019_partial/TAU-urban-acoustic-scenes-2019-development/audio/airport-helsinki-4-198-a.wav,10.0,running_footsteps,0.0344,clean
bg_school_tau2019_00775,school,tau2019,airport-helsinki-4-199-a,tau_airport-helsinki-4,data/raw/tau2019_partial/TAU-urban-acoustic-scenes-2019-development/audio/airport-helsinki-4-199-a.wav,10.0,door_slam,0.08,clean
bg_school_tau2019_00776,school,tau2019,airport-helsinki-4-200-a,tau_airport-helsinki-4,data/raw/tau2019_partial/TAU-urban-acoustic-scenes-2019-development/audio/airport-helsinki-4-200-a.wav,10.0,running_footsteps,0.1065,clean
bg_school_tau2019_00777,school,tau2019,airport-helsinki-4-201-a,tau_airport-helsinki-4,data/raw/tau2019_partial/TAU-urban-acoustic-scenes-2019-development/audio/airport-helsinki-4-201-a.wav,10.0,running_footsteps,0.0239,clean
bg_school_tau2019_00778,school,tau2019,airport-helsinki-4-202-a,tau_airport-helsinki-4,data/raw/tau2019_partial/TAU-urban-acoustic-scenes-2019-development/audio/airport-helsinki-4-202-a.wav,10.0,running_footsteps,0.0565,clean
bg_school_tau2019_00779,school,tau2019,airport-helsinki-4-203-a,tau_airport-helsinki-4,data/raw/tau2019_partial/TAU-urban-acoustic-scenes-2019-development/audio/airport-helsinki-4-203-a.wav,10.0,door_slam,0.0297,clean
bg_school_tau2019_00780,school,tau2019,airport-helsinki-4-204-a,tau_airport-helsinki-4,data/raw/tau2019_partial/TAU-urban-acoustic-scenes-2019-development/audio/airport-helsinki-4-204-a.wav,10.0,explosion,0.0052,clean
bg_school_tau2019_00781,school,tau2019,airport-helsinki-4-205-a,tau_airport-helsinki-4,data/raw/tau2019_partial/TAU-urban-acoustic-scenes-2019-development/audio/airport-helsinki-4-205-a.wav,10.0,explosion,0.0084,clean
bg_school_tau2019_00782,school,tau2019,airport-helsinki-4-206-a,tau_airport-helsinki-4,data/raw/tau2019_partial/TAU-urban-acoustic-scenes-2019-development/audio/airport-helsinki-4-206-a.wav,10.0,running_footsteps,0.008,clean
bg_school_tau2019_00783,school,tau2019,airport-helsinki-4-207-a,tau_airport-helsinki-4,data/raw/tau2019_partial/TAU-urban-acoustic-scenes-2019-development/audio/airport-helsinki-4-207-a.wav,10.0,door_slam,0.0201,clean
bg_school_tau2019_00784,school,tau2019,airport-helsinki-4-208-a,tau_airport-helsinki-4,data/raw/tau2019_partial/TAU-urban-acoustic-scenes-2019-development/audio/airport-helsinki-4-208-a.wav,10.0,glass_breaking,0.0625,clean
bg_school_tau2019_00785,school,tau2019,airport-helsinki-4-209-a,tau_airport-helsinki-4,data/raw/tau2019_partial/TAU-urban-acoustic-scenes-2019-development/audio/airport-helsinki-4-209-a.wav,10.0,door_slam,0.0116,clean
bg_school_tau2019_00786,school,tau2019,airport-helsinki-4-210-a,tau_airport-helsinki-4,data/raw/tau2019_partial/TAU-urban-acoustic-scenes-2019-development/audio/airport-helsinki-4-210-a.wav,10.0,running_footsteps,0.0642,clean
bg_school_tau2019_00787,school,tau2019,airport-helsinki-4-211-a,tau_airport-helsinki-4,data/raw/tau2019_partial/TAU-urban-acoustic-scenes-2019-development/audio/airport-helsinki-4-211-a.wav,10.0,running_footsteps,0.0188,clean
bg_school_tau2019_00788,school,tau2019,airport-helsinki-4-212-a,tau_airport-helsinki-4,data/raw/tau2019_partial/TAU-urban-acoustic-scenes-2019-development/audio/airport-helsinki-4-212-a.wav,10.0,door_slam,0.0199,clean
bg_school_tau2019_00789,school,tau2019,airport-helsinki-4-213-a,tau_airport-helsinki-4,data/raw/tau2019_partial/TAU-urban-acoustic-scenes-2019-development/audio/airport-helsinki-4-213-a.wav,10.0,explosion,0.0939,clean
bg_school_tau2019_00790,school,tau2019,airport-helsinki-4-214-a,tau_airport-helsinki-4,data/raw/tau2019_partial/TAU-urban-acoustic-scenes-2019-development/audio/airport-helsinki-4-214-a.wav,10.0,running_footsteps,0.0089,clean
bg_school_tau2019_00791,school,tau2019,airport-helsinki-4-215-a,tau_airport-helsinki-4,data/raw/tau2019_partial/TAU-urban-acoustic-scenes-2019-development/audio/airport-helsinki-4-215-a.wav,10.0,running_footsteps,0.0177,clean
bg_school_tau2019_00792,school,tau2019,airport-helsinki-4-216-a,tau_airport-helsinki-4,data/raw/tau2019_partial/TAU-urban-acoustic-scenes-2019-development/audio/airport-helsinki-4-216-a.wav,10.0,running_footsteps,0.0085,clean
bg_school_tau2019_00793,school,tau2019,airport-helsinki-4-217-a,tau_airport-helsinki-4,data/raw/tau2019_partial/TAU-urban-acoustic-scenes-2019-development/audio/airport-helsinki-4-217-a.wav,10.0,door_slam,0.0121,clean
bg_school_tau2019_00794,school,tau2019,airport-helsinki-4-218-a,tau_airport-helsinki-4,data/raw/tau2019_partial/TAU-urban-acoustic-scenes-2019-development/audio/airport-helsinki-4-218-a.wav,10.0,running_footsteps,0.05,clean
bg_school_tau2019_00795,school,tau2019,airport-helsinki-4-219-a,tau_airport-helsinki-4,data/raw/tau2019_partial/TAU-urban-acoustic-scenes-2019-development/audio/airport-helsinki-4-219-a.wav,10.0,door_slam,0.0303,clean
bg_school_tau2019_00796,school,tau2019,airport-helsinki-4-220-a,tau_airport-helsinki-4,data/raw/tau2019_partial/TAU-urban-acoustic-scenes-2019-development/audio/airport-helsinki-4-220-a.wav,10.0,explosion,0.0774,clean
bg_school_tau2019_00797,school,tau2019,airport-london-5-221-a,tau_airport-london-5,data/raw/tau2019_partial/TAU-urban-acoustic-scenes-2019-development/audio/airport-london-5-221-a.wav,10.0,running_footsteps,0.1308,clean
bg_school_tau2019_00798,school,tau2019,airport-london-5-222-a,tau_airport-london-5,data/raw/tau2019_partial/TAU-urban-acoustic-scenes-2019-development/audio/airport-london-5-222-a.wav,10.0,running_footsteps,0.0773,clean
bg_school_tau2019_00799,school,tau2019,airport-london-5-223-a,tau_airport-london-5,data/raw/tau2019_partial/TAU-urban-acoustic-scenes-2019-development/audio/airport-london-5-223-a.wav,10.0,running_footsteps,0.1227,clean
bg_school_tau2019_00800,school,tau2019,airport-london-5-224-a,tau_airport-london-5,data/raw/tau2019_partial/TAU-urban-acoustic-scenes-2019-development/audio/airport-london-5-224-a.wav,10.0,running_footsteps,0.0636,clean
bg_school_tau2019_00801,school,tau2019,airport-london-5-225-a,tau_airport-london-5,data/raw/tau2019_partial/TAU-urban-acoustic-scenes-2019-development/audio/airport-london-5-225-a.wav,10.0,running_footsteps,0.0719,clean
bg_school_tau2019_00802,school,tau2019,airport-london-5-226-a,tau_airport-london-5,data/raw/tau2019_partial/TAU-urban-acoustic-scenes-2019-development/audio/airport-london-5-226-a.wav,10.0,running_footsteps,0.101,clean
bg_school_tau2019_00803,school,tau2019,airport-london-5-227-a,tau_airport-london-5,data/raw/tau2019_partial/TAU-urban-acoustic-scenes-2019-development/audio/airport-london-5-227-a.wav,10.0,running_footsteps,0.2035,flagged
bg_school_tau2019_00804,school,tau2019,airport-london-5-228-a,tau_airport-london-5,data/raw/tau2019_partial/TAU-urban-acoustic-scenes-2019-development/audio/airport-london-5-228-a.wav,10.0,running_footsteps,0.0847,clean
bg_school_tau2019_00805,school,tau2019,airport-london-5-229-a,tau_airport-london-5,data/raw/tau2019_partial/TAU-urban-acoustic-scenes-2019-development/audio/airport-london-5-229-a.wav,10.0,running_footsteps,0.0279,clean
bg_school_tau2019_00806,school,tau2019,airport-london-5-230-a,tau_airport-london-5,data/raw/tau2019_partial/TAU-urban-acoustic-scenes-2019-development/audio/airport-london-5-230-a.wav,10.0,running_footsteps,0.1871,flagged
bg_school_tau2019_00807,school,tau2019,airport-london-5-231-a,tau_airport-london-5,data/raw/tau2019_partial/TAU-urban-acoustic-scenes-2019-development/audio/airport-london-5-231-a.wav,10.0,running_footsteps,0.1211,clean
bg_school_tau2019_00808,school,tau2019,airport-london-5-232-a,tau_airport-london-5,data/raw/tau2019_partial/TAU-urban-acoustic-scenes-2019-development/audio/airport-london-5-232-a.wav,10.0,running_footsteps,0.0182,clean
bg_school_tau2019_00809,school,tau2019,airport-london-5-233-a,tau_airport-london-5,data/raw/tau2019_partial/TAU-urban-acoustic-scenes-2019-development/audio/airport-london-5-233-a.wav,10.0,running_footsteps,0.044,clean
bg_school_tau2019_00810,school,tau2019,airport-london-5-234-a,tau_airport-london-5,data/raw/tau2019_partial/TAU-urban-acoustic-scenes-2019-development/audio/airport-london-5-234-a.wav,10.0,running_footsteps,0.077,clean
bg_school_tau2019_00811,school,tau2019,airport-london-5-235-a,tau_airport-london-5,data/raw/tau2019_partial/TAU-urban-acoustic-scenes-2019-development/audio/airport-london-5-235-a.wav,10.0,running_footsteps,0.0369,clean
bg_school_tau2019_00812,school,tau2019,airport-london-5-236-a,tau_airport-london-5,data/raw/tau2019_partial/TAU-urban-acoustic-scenes-2019-development/audio/airport-london-5-236-a.wav,10.0,running_footsteps,0.0634,clean
bg_school_tau2019_00813,school,tau2019,airport-london-5-237-a,tau_airport-london-5,data/raw/tau2019_partial/TAU-urban-acoustic-scenes-2019-development/audio/airport-london-5-237-a.wav,10.0,running_footsteps,0.1102,clean
bg_school_tau2019_00814,school,tau2019,airport-london-5-238-a,tau_airport-london-5,data/raw/tau2019_partial/TAU-urban-acoustic-scenes-2019-development/audio/airport-london-5-238-a.wav,10.0,running_footsteps,0.1257,clean
bg_school_tau2019_00815,school,tau2019,airport-london-5-239-a,tau_airport-london-5,data/raw/tau2019_partial/TAU-urban-acoustic-scenes-2019-development/audio/airport-london-5-239-a.wav,10.0,running_footsteps,0.0272,clean
bg_school_tau2019_00816,school,tau2019,airport-london-5-240-a,tau_airport-london-5,data/raw/tau2019_partial/TAU-urban-acoustic-scenes-2019-development/audio/airport-london-5-240-a.wav,10.0,running_footsteps,0.0882,clean
bg_school_tau2019_00817,school,tau2019,airport-london-5-241-a,tau_airport-london-5,data/raw/tau2019_partial/TAU-urban-acoustic-scenes-2019-development/audio/airport-london-5-241-a.wav,10.0,running_footsteps,0.0836,clean
bg_school_tau2019_00818,school,tau2019,airport-london-5-242-a,tau_airport-london-5,data/raw/tau2019_partial/TAU-urban-acoustic-scenes-2019-development/audio/airport-london-5-242-a.wav,10.0,running_footsteps,0.0183,clean
bg_school_tau2019_00819,school,tau2019,airport-london-5-243-a,tau_airport-london-5,data/raw/tau2019_partial/TAU-urban-acoustic-scenes-2019-development/audio/airport-london-5-243-a.wav,10.0,running_footsteps,0.0348,clean
bg_school_tau2019_00820,school,tau2019,airport-london-5-244-a,tau_airport-london-5,data/raw/tau2019_partial/TAU-urban-acoustic-scenes-2019-development/audio/airport-london-5-244-a.wav,10.0,running_footsteps,0.1474,clean
bg_school_tau2019_00821,school,tau2019,airport-london-5-245-a,tau_airport-london-5,data/raw/tau2019_partial/TAU-urban-acoustic-scenes-2019-development/audio/airport-london-5-245-a.wav,10.0,running_footsteps,0.052,clean
bg_school_tau2019_00822,school,tau2019,airport-london-5-246-a,tau_airport-london-5,data/raw/tau2019_partial/TAU-urban-acoustic-scenes-2019-development/audio/airport-london-5-246-a.wav,10.0,running_footsteps,0.0311,clean
bg_school_tau2019_00823,school,tau2019,airport-london-5-247-a,tau_airport-london-5,data/raw/tau2019_partial/TAU-urban-acoustic-scenes-2019-development/audio/airport-london-5-247-a.wav,10.0,running_footsteps,0.2023,flagged
bg_school_tau2019_00824,school,tau2019,airport-london-5-248-a,tau_airport-london-5,data/raw/tau2019_partial/TAU-urban-acoustic-scenes-2019-development/audio/airport-london-5-248-a.wav,10.0,running_footsteps,0.0531,clean
bg_school_tau2019_00825,school,tau2019,airport-london-5-249-a,tau_airport-london-5,data/raw/tau2019_partial/TAU-urban-acoustic-scenes-2019-development/audio/airport-london-5-249-a.wav,10.0,running_footsteps,0.1618,flagged
bg_school_tau2019_00826,school,tau2019,airport-london-5-250-a,tau_airport-london-5,data/raw/tau2019_partial/TAU-urban-acoustic-scenes-2019-development/audio/airport-london-5-250-a.wav,10.0,running_footsteps,0.0214,clean
bg_school_tau2019_00827,school,tau2019,airport-london-5-251-a,tau_airport-london-5,data/raw/tau2019_partial/TAU-urban-acoustic-scenes-2019-development/audio/airport-london-5-251-a.wav,10.0,running_footsteps,0.0405,clean
bg_school_tau2019_00828,school,tau2019,airport-london-5-252-a,tau_airport-london-5,data/raw/tau2019_partial/TAU-urban-acoustic-scenes-2019-development/audio/airport-london-5-252-a.wav,10.0,running_footsteps,0.0921,clean
bg_school_tau2019_00829,school,tau2019,airport-london-5-253-a,tau_airport-london-5,data/raw/tau2019_partial/TAU-urban-acoustic-scenes-2019-development/audio/airport-london-5-253-a.wav,10.0,running_footsteps,0.0708,clean
bg_school_tau2019_00830,school,tau2019,airport-london-5-254-a,tau_airport-london-5,data/raw/tau2019_partial/TAU-urban-acoustic-scenes-2019-development/audio/airport-london-5-254-a.wav,10.0,running_footsteps,0.0296,clean
bg_school_tau2019_00831,school,tau2019,airport-london-5-255-a,tau_airport-london-5,data/raw/tau2019_partial/TAU-urban-acoustic-scenes-2019-development/audio/airport-london-5-255-a.wav,10.0,running_footsteps,0.2569,flagged
bg_school_tau2019_00832,school,tau2019,airport-london-5-256-a,tau_airport-london-5,data/raw/tau2019_partial/TAU-urban-acoustic-scenes-2019-development/audio/airport-london-5-256-a.wav,10.0,running_footsteps,0.2176,flagged
bg_school_tau2019_00833,school,tau2019,airport-london-6-257-a,tau_airport-london-6,data/raw/tau2019_partial/TAU-urban-acoustic-scenes-2019-development/audio/airport-london-6-257-a.wav,10.0,running_footsteps,0.0253,clean
bg_school_tau2019_00834,school,tau2019,airport-london-6-258-a,tau_airport-london-6,data/raw/tau2019_partial/TAU-urban-acoustic-scenes-2019-development/audio/airport-london-6-258-a.wav,10.0,running_footsteps,0.0329,clean
bg_school_tau2019_00835,school,tau2019,airport-london-6-259-a,tau_airport-london-6,data/raw/tau2019_partial/TAU-urban-acoustic-scenes-2019-development/audio/airport-london-6-259-a.wav,10.0,running_footsteps,0.0497,clean
bg_school_tau2019_00836,school,tau2019,airport-london-6-260-a,tau_airport-london-6,data/raw/tau2019_partial/TAU-urban-acoustic-scenes-2019-development/audio/airport-london-6-260-a.wav,10.0,glass_breaking,0.043,clean
bg_school_tau2019_00837,school,tau2019,airport-london-6-261-a,tau_airport-london-6,data/raw/tau2019_partial/TAU-urban-acoustic-scenes-2019-development/audio/airport-london-6-261-a.wav,10.0,running_footsteps,0.042,clean
bg_school_tau2019_00838,school,tau2019,airport-london-6-262-a,tau_airport-london-6,data/raw/tau2019_partial/TAU-urban-acoustic-scenes-2019-development/audio/airport-london-6-262-a.wav,10.0,running_footsteps,0.0161,clean
bg_school_tau2019_00839,school,tau2019,airport-london-6-263-a,tau_airport-london-6,data/raw/tau2019_partial/TAU-urban-acoustic-scenes-2019-development/audio/airport-london-6-263-a.wav,10.0,running_footsteps,0.0115,clean
bg_school_tau2019_00840,school,tau2019,airport-london-6-264-a,tau_airport-london-6,data/raw/tau2019_partial/TAU-urban-acoustic-scenes-2019-development/audio/airport-london-6-264-a.wav,10.0,running_footsteps,0.2063,flagged
bg_school_tau2019_00841,school,tau2019,airport-london-6-265-a,tau_airport-london-6,data/raw/tau2019_partial/TAU-urban-acoustic-scenes-2019-development/audio/airport-london-6-265-a.wav,10.0,running_footsteps,0.1356,clean
bg_school_tau2019_00842,school,tau2019,airport-london-6-266-a,tau_airport-london-6,data/raw/tau2019_partial/TAU-urban-acoustic-scenes-2019-development/audio/airport-london-6-266-a.wav,10.0,running_footsteps,0.033,clean
bg_school_tau2019_00843,school,tau2019,airport-london-6-267-a,tau_airport-london-6,data/raw/tau2019_partial/TAU-urban-acoustic-scenes-2019-development/audio/airport-london-6-267-a.wav,10.0,running_footsteps,0.0542,clean
bg_school_tau2019_00844,school,tau2019,airport-london-6-268-a,tau_airport-london-6,data/raw/tau2019_partial/TAU-urban-acoustic-scenes-2019-development/audio/airport-london-6-268-a.wav,10.0,running_footsteps,0.0222,clean
bg_school_tau2019_00845,school,tau2019,airport-london-6-269-a,tau_airport-london-6,data/raw/tau2019_partial/TAU-urban-acoustic-scenes-2019-development/audio/airport-london-6-269-a.wav,10.0,running_footsteps,0.0843,clean
bg_school_tau2019_00846,school,tau2019,airport-london-6-270-a,tau_airport-london-6,data/raw/tau2019_partial/TAU-urban-acoustic-scenes-2019-development/audio/airport-london-6-270-a.wav,10.0,running_footsteps,0.0218,clean
bg_school_tau2019_00847,school,tau2019,airport-london-6-271-a,tau_airport-london-6,data/raw/tau2019_partial/TAU-urban-acoustic-scenes-2019-development/audio/airport-london-6-271-a.wav,10.0,running_footsteps,0.0076,clean
bg_school_tau2019_00848,school,tau2019,airport-london-6-272-a,tau_airport-london-6,data/raw/tau2019_partial/TAU-urban-acoustic-scenes-2019-development/audio/airport-london-6-272-a.wav,10.0,running_footsteps,0.0134,clean
bg_school_tau2019_00849,school,tau2019,airport-london-6-273-a,tau_airport-london-6,data/raw/tau2019_partial/TAU-urban-acoustic-scenes-2019-development/audio/airport-london-6-273-a.wav,10.0,running_footsteps,0.0126,clean
bg_school_tau2019_00850,school,tau2019,airport-london-6-274-a,tau_airport-london-6,data/raw/tau2019_partial/TAU-urban-acoustic-scenes-2019-development/audio/airport-london-6-274-a.wav,10.0,running_footsteps,0.0432,clean
bg_school_tau2019_00851,school,tau2019,airport-london-6-275-a,tau_airport-london-6,data/raw/tau2019_partial/TAU-urban-acoustic-scenes-2019-development/audio/airport-london-6-275-a.wav,10.0,running_footsteps,0.05,clean
bg_school_tau2019_00852,school,tau2019,airport-london-6-276-a,tau_airport-london-6,data/raw/tau2019_partial/TAU-urban-acoustic-scenes-2019-development/audio/airport-london-6-276-a.wav,10.0,running_footsteps,0.0333,clean
bg_school_tau2019_00853,school,tau2019,airport-london-6-277-a,tau_airport-london-6,data/raw/tau2019_partial/TAU-urban-acoustic-scenes-2019-development/audio/airport-london-6-277-a.wav,10.0,alarm_bell,0.1188,clean
bg_school_tau2019_00854,school,tau2019,airport-london-6-278-a,tau_airport-london-6,data/raw/tau2019_partial/TAU-urban-acoustic-scenes-2019-development/audio/airport-london-6-278-a.wav,10.0,running_footsteps,0.0173,clean
bg_school_tau2019_00855,school,tau2019,airport-london-6-279-a,tau_airport-london-6,data/raw/tau2019_partial/TAU-urban-acoustic-scenes-2019-development/audio/airport-london-6-279-a.wav,10.0,running_footsteps,0.2137,flagged
bg_school_tau2019_00856,school,tau2019,airport-london-6-280-a,tau_airport-london-6,data/raw/tau2019_partial/TAU-urban-acoustic-scenes-2019-development/audio/airport-london-6-280-a.wav,10.0,running_footsteps,0.0287,clean
bg_school_tau2019_00857,school,tau2019,airport-london-6-281-a,tau_airport-london-6,data/raw/tau2019_partial/TAU-urban-acoustic-scenes-2019-development/audio/airport-london-6-281-a.wav,10.0,running_footsteps,0.0103,clean
bg_school_tau2019_00858,school,tau2019,airport-london-6-282-a,tau_airport-london-6,data/raw/tau2019_partial/TAU-urban-acoustic-scenes-2019-development/audio/airport-london-6-282-a.wav,10.0,running_footsteps,0.0317,clean
bg_school_tau2019_00859,school,tau2019,airport-london-6-283-a,tau_airport-london-6,data/raw/tau2019_partial/TAU-urban-acoustic-scenes-2019-development/audio/airport-london-6-283-a.wav,10.0,running_footsteps,0.0245,clean
bg_school_tau2019_00860,school,tau2019,airport-london-6-284-a,tau_airport-london-6,data/raw/tau2019_partial/TAU-urban-acoustic-scenes-2019-development/audio/airport-london-6-284-a.wav,10.0,running_footsteps,0.0103,clean
bg_school_tau2019_00861,school,tau2019,airport-london-6-285-a,tau_airport-london-6,data/raw/tau2019_partial/TAU-urban-acoustic-scenes-2019-development/audio/airport-london-6-285-a.wav,10.0,door_slam,0.0265,clean
bg_school_tau2019_00862,school,tau2019,airport-london-6-286-a,tau_airport-london-6,data/raw/tau2019_partial/TAU-urban-acoustic-scenes-2019-development/audio/airport-london-6-286-a.wav,10.0,running_footsteps,0.0849,clean
bg_school_tau2019_00863,school,tau2019,airport-london-6-287-a,tau_airport-london-6,data/raw/tau2019_partial/TAU-urban-acoustic-scenes-2019-development/audio/airport-london-6-287-a.wav,10.0,running_footsteps,0.058,clean
bg_school_tau2019_00864,school,tau2019,airport-london-6-288-a,tau_airport-london-6,data/raw/tau2019_partial/TAU-urban-acoustic-scenes-2019-development/audio/airport-london-6-288-a.wav,10.0,running_footsteps,0.0324,clean
bg_school_tau2019_00865,school,tau2019,airport-london-6-289-a,tau_airport-london-6,data/raw/tau2019_partial/TAU-urban-acoustic-scenes-2019-development/audio/airport-london-6-289-a.wav,10.0,running_footsteps,0.3067,flagged
bg_school_tau2019_00866,school,tau2019,airport-london-6-290-a,tau_airport-london-6,data/raw/tau2019_partial/TAU-urban-acoustic-scenes-2019-development/audio/airport-london-6-290-a.wav,10.0,running_footsteps,0.0152,clean
bg_school_tau2019_00867,school,tau2019,airport-london-6-291-a,tau_airport-london-6,data/raw/tau2019_partial/TAU-urban-acoustic-scenes-2019-development/audio/airport-london-6-291-a.wav,10.0,running_footsteps,0.0272,clean
bg_school_tau2019_00868,school,tau2019,airport-london-6-292-a,tau_airport-london-6,data/raw/tau2019_partial/TAU-urban-acoustic-scenes-2019-development/audio/airport-london-6-292-a.wav,10.0,running_footsteps,0.0973,clean
bg_school_tau2019_00869,school,tau2019,airport-london-6-293-a,tau_airport-london-6,data/raw/tau2019_partial/TAU-urban-acoustic-scenes-2019-development/audio/airport-london-6-293-a.wav,10.0,running_footsteps,0.0092,clean
bg_school_tau2019_00870,school,tau2019,airport-london-6-294-a,tau_airport-london-6,data/raw/tau2019_partial/TAU-urban-acoustic-scenes-2019-development/audio/airport-london-6-294-a.wav,10.0,running_footsteps,0.033,clean
bg_school_tau2019_00871,school,tau2019,airport-london-6-295-a,tau_airport-london-6,data/raw/tau2019_partial/TAU-urban-acoustic-scenes-2019-development/audio/airport-london-6-295-a.wav,10.0,running_footsteps,0.1626,flagged
bg_school_tau2019_00872,school,tau2019,airport-london-6-296-a,tau_airport-london-6,data/raw/tau2019_partial/TAU-urban-acoustic-scenes-2019-development/audio/airport-london-6-296-a.wav,10.0,running_footsteps,0.0131,clean
bg_school_tau2019_00873,school,tau2019,airport-london-6-297-a,tau_airport-london-6,data/raw/tau2019_partial/TAU-urban-acoustic-scenes-2019-development/audio/airport-london-6-297-a.wav,10.0,running_footsteps,0.036,clean
bg_school_tau2019_00874,school,tau2019,airport-london-6-298-a,tau_airport-london-6,data/raw/tau2019_partial/TAU-urban-acoustic-scenes-2019-development/audio/airport-london-6-298-a.wav,10.0,running_footsteps,0.0529,clean
bg_school_tau2019_00875,school,tau2019,airport-london-6-299-a,tau_airport-london-6,data/raw/tau2019_partial/TAU-urban-acoustic-scenes-2019-development/audio/airport-london-6-299-a.wav,10.0,running_footsteps,0.0081,clean
bg_school_tau2019_00876,school,tau2019,airport-london-6-300-a,tau_airport-london-6,data/raw/tau2019_partial/TAU-urban-acoustic-scenes-2019-development/audio/airport-london-6-300-a.wav,10.0,running_footsteps,0.096,clean
bg_school_tau2019_00877,school,tau2019,airport-london-6-301-a,tau_airport-london-6,data/raw/tau2019_partial/TAU-urban-acoustic-scenes-2019-development/audio/airport-london-6-301-a.wav,10.0,running_footsteps,0.0232,clean
bg_school_tau2019_00878,school,tau2019,airport-london-6-302-a,tau_airport-london-6,data/raw/tau2019_partial/TAU-urban-acoustic-scenes-2019-development/audio/airport-london-6-302-a.wav,10.0,running_footsteps,0.0094,clean
bg_school_tau2019_00879,school,tau2019,airport-london-6-303-a,tau_airport-london-6,data/raw/tau2019_partial/TAU-urban-acoustic-scenes-2019-development/audio/airport-london-6-303-a.wav,10.0,running_footsteps,0.1241,clean
bg_school_tau2019_00880,school,tau2019,airport-london-6-304-a,tau_airport-london-6,data/raw/tau2019_partial/TAU-urban-acoustic-scenes-2019-development/audio/airport-london-6-304-a.wav,10.0,running_footsteps,0.0855,clean
bg_school_tau2019_00881,school,tau2019,airport-london-6-305-a,tau_airport-london-6,data/raw/tau2019_partial/TAU-urban-acoustic-scenes-2019-development/audio/airport-london-6-305-a.wav,10.0,running_footsteps,0.1187,clean
bg_school_tau2019_00882,school,tau2019,airport-london-6-306-a,tau_airport-london-6,data/raw/tau2019_partial/TAU-urban-acoustic-scenes-2019-development/audio/airport-london-6-306-a.wav,10.0,running_footsteps,0.0121,clean
bg_school_tau2019_00883,school,tau2019,airport-paris-7-307-a,tau_airport-paris-7,data/raw/tau2019_partial/TAU-urban-acoustic-scenes-2019-development/audio/airport-paris-7-307-a.wav,10.0,running_footsteps,0.0426,clean
bg_school_tau2019_00884,school,tau2019,airport-paris-7-308-a,tau_airport-paris-7,data/raw/tau2019_partial/TAU-urban-acoustic-scenes-2019-development/audio/airport-paris-7-308-a.wav,10.0,running_footsteps,0.2538,flagged
bg_school_tau2019_00885,school,tau2019,airport-paris-7-309-a,tau_airport-paris-7,data/raw/tau2019_partial/TAU-urban-acoustic-scenes-2019-development/audio/airport-paris-7-309-a.wav,10.0,running_footsteps,0.2859,flagged
bg_school_tau2019_00886,school,tau2019,airport-paris-7-310-a,tau_airport-paris-7,data/raw/tau2019_partial/TAU-urban-acoustic-scenes-2019-development/audio/airport-paris-7-310-a.wav,10.0,running_footsteps,0.0245,clean
bg_school_tau2019_00887,school,tau2019,airport-paris-7-311-a,tau_airport-paris-7,data/raw/tau2019_partial/TAU-urban-acoustic-scenes-2019-development/audio/airport-paris-7-311-a.wav,10.0,running_footsteps,0.493,flagged
bg_school_tau2019_00888,school,tau2019,airport-paris-7-312-a,tau_airport-paris-7,data/raw/tau2019_partial/TAU-urban-acoustic-scenes-2019-development/audio/airport-paris-7-312-a.wav,10.0,running_footsteps,0.0285,clean
bg_school_tau2019_00889,school,tau2019,airport-paris-7-313-a,tau_airport-paris-7,data/raw/tau2019_partial/TAU-urban-acoustic-scenes-2019-development/audio/airport-paris-7-313-a.wav,10.0,running_footsteps,0.0341,clean
bg_school_tau2019_00890,school,tau2019,airport-paris-7-314-a,tau_airport-paris-7,data/raw/tau2019_partial/TAU-urban-acoustic-scenes-2019-development/audio/airport-paris-7-314-a.wav,10.0,running_footsteps,0.0487,clean
bg_school_tau2019_00891,school,tau2019,airport-paris-7-315-a,tau_airport-paris-7,data/raw/tau2019_partial/TAU-urban-acoustic-scenes-2019-development/audio/airport-paris-7-315-a.wav,10.0,running_footsteps,0.1846,flagged
bg_school_tau2019_00892,school,tau2019,airport-paris-7-316-a,tau_airport-paris-7,data/raw/tau2019_partial/TAU-urban-acoustic-scenes-2019-development/audio/airport-paris-7-316-a.wav,10.0,running_footsteps,0.0684,clean
bg_school_tau2019_00893,school,tau2019,airport-paris-7-317-a,tau_airport-paris-7,data/raw/tau2019_partial/TAU-urban-acoustic-scenes-2019-development/audio/airport-paris-7-317-a.wav,10.0,running_footsteps,0.1113,clean
bg_school_tau2019_00894,school,tau2019,airport-paris-7-318-a,tau_airport-paris-7,data/raw/tau2019_partial/TAU-urban-acoustic-scenes-2019-development/audio/airport-paris-7-318-a.wav,10.0,running_footsteps,0.0174,clean
bg_school_tau2019_00895,school,tau2019,airport-paris-7-319-a,tau_airport-paris-7,data/raw/tau2019_partial/TAU-urban-acoustic-scenes-2019-development/audio/airport-paris-7-319-a.wav,10.0,running_footsteps,0.0324,clean
bg_school_tau2019_00896,school,tau2019,airport-paris-7-320-a,tau_airport-paris-7,data/raw/tau2019_partial/TAU-urban-acoustic-scenes-2019-development/audio/airport-paris-7-320-a.wav,10.0,running_footsteps,0.0264,clean
bg_school_tau2019_00897,school,tau2019,airport-paris-7-321-a,tau_airport-paris-7,data/raw/tau2019_partial/TAU-urban-acoustic-scenes-2019-development/audio/airport-paris-7-321-a.wav,10.0,running_footsteps,0.092,clean
bg_school_tau2019_00898,school,tau2019,airport-paris-7-322-a,tau_airport-paris-7,data/raw/tau2019_partial/TAU-urban-acoustic-scenes-2019-development/audio/airport-paris-7-322-a.wav,10.0,running_footsteps,0.0474,clean
bg_school_tau2019_00899,school,tau2019,airport-paris-7-323-a,tau_airport-paris-7,data/raw/tau2019_partial/TAU-urban-acoustic-scenes-2019-development/audio/airport-paris-7-323-a.wav,10.0,running_footsteps,0.037,clean
bg_school_tau2019_00900,school,tau2019,airport-paris-7-324-a,tau_airport-paris-7,data/raw/tau2019_partial/TAU-urban-acoustic-scenes-2019-development/audio/airport-paris-7-324-a.wav,10.0,running_footsteps,0.03,clean
bg_school_tau2019_00901,school,tau2019,airport-paris-7-325-a,tau_airport-paris-7,data/raw/tau2019_partial/TAU-urban-acoustic-scenes-2019-development/audio/airport-paris-7-325-a.wav,10.0,running_footsteps,0.0652,clean
bg_school_tau2019_00902,school,tau2019,airport-paris-7-326-a,tau_airport-paris-7,data/raw/tau2019_partial/TAU-urban-acoustic-scenes-2019-development/audio/airport-paris-7-326-a.wav,10.0,running_footsteps,0.0187,clean
bg_school_tau2019_00903,school,tau2019,airport-paris-7-327-a,tau_airport-paris-7,data/raw/tau2019_partial/TAU-urban-acoustic-scenes-2019-development/audio/airport-paris-7-327-a.wav,10.0,running_footsteps,0.0418,clean
bg_school_tau2019_00904,school,tau2019,airport-paris-7-328-a,tau_airport-paris-7,data/raw/tau2019_partial/TAU-urban-acoustic-scenes-2019-development/audio/airport-paris-7-328-a.wav,10.0,running_footsteps,0.5861,flagged
bg_school_tau2019_00905,school,tau2019,airport-paris-7-329-a,tau_airport-paris-7,data/raw/tau2019_partial/TAU-urban-acoustic-scenes-2019-development/audio/airport-paris-7-329-a.wav,10.0,explosion,0.0296,clean
bg_school_tau2019_00906,school,tau2019,airport-paris-7-330-a,tau_airport-paris-7,data/raw/tau2019_partial/TAU-urban-acoustic-scenes-2019-development/audio/airport-paris-7-330-a.wav,10.0,running_footsteps,0.0201,clean
bg_school_tau2019_00907,school,tau2019,airport-paris-7-331-a,tau_airport-paris-7,data/raw/tau2019_partial/TAU-urban-acoustic-scenes-2019-development/audio/airport-paris-7-331-a.wav,10.0,running_footsteps,0.2586,flagged
bg_school_tau2019_00908,school,tau2019,airport-paris-7-332-a,tau_airport-paris-7,data/raw/tau2019_partial/TAU-urban-acoustic-scenes-2019-development/audio/airport-paris-7-332-a.wav,10.0,door_slam,0.0476,clean
bg_school_tau2019_00909,school,tau2019,airport-paris-7-333-a,tau_airport-paris-7,data/raw/tau2019_partial/TAU-urban-acoustic-scenes-2019-development/audio/airport-paris-7-333-a.wav,10.0,running_footsteps,0.0178,clean
bg_school_tau2019_00910,school,tau2019,airport-paris-7-334-a,tau_airport-paris-7,data/raw/tau2019_partial/TAU-urban-acoustic-scenes-2019-development/audio/airport-paris-7-334-a.wav,10.0,running_footsteps,0.1993,flagged
bg_school_tau2019_00911,school,tau2019,airport-paris-7-335-a,tau_airport-paris-7,data/raw/tau2019_partial/TAU-urban-acoustic-scenes-2019-development/audio/airport-paris-7-335-a.wav,10.0,running_footsteps,0.035,clean
bg_school_tau2019_00912,school,tau2019,airport-paris-7-336-a,tau_airport-paris-7,data/raw/tau2019_partial/TAU-urban-acoustic-scenes-2019-development/audio/airport-paris-7-336-a.wav,10.0,running_footsteps,0.0617,clean
bg_school_tau2019_00913,school,tau2019,airport-paris-7-337-a,tau_airport-paris-7,data/raw/tau2019_partial/TAU-urban-acoustic-scenes-2019-development/audio/airport-paris-7-337-a.wav,10.0,running_footsteps,0.0646,clean
bg_school_tau2019_00914,school,tau2019,airport-paris-7-338-a,tau_airport-paris-7,data/raw/tau2019_partial/TAU-urban-acoustic-scenes-2019-development/audio/airport-paris-7-338-a.wav,10.0,running_footsteps,0.413,flagged
bg_school_tau2019_00915,school,tau2019,airport-paris-7-339-a,tau_airport-paris-7,data/raw/tau2019_partial/TAU-urban-acoustic-scenes-2019-development/audio/airport-paris-7-339-a.wav,10.0,running_footsteps,0.0662,clean
bg_school_tau2019_00916,school,tau2019,airport-paris-7-340-a,tau_airport-paris-7,data/raw/tau2019_partial/TAU-urban-acoustic-scenes-2019-development/audio/airport-paris-7-340-a.wav,10.0,running_footsteps,0.0737,clean
bg_school_tau2019_00917,school,tau2019,airport-paris-7-341-a,tau_airport-paris-7,data/raw/tau2019_partial/TAU-urban-acoustic-scenes-2019-development/audio/airport-paris-7-341-a.wav,10.0,running_footsteps,0.0144,clean
bg_school_tau2019_00918,school,tau2019,airport-paris-7-342-a,tau_airport-paris-7,data/raw/tau2019_partial/TAU-urban-acoustic-scenes-2019-development/audio/airport-paris-7-342-a.wav,10.0,running_footsteps,0.0291,clean
bg_school_tau2019_00919,school,tau2019,airport-paris-7-343-a,tau_airport-paris-7,data/raw/tau2019_partial/TAU-urban-acoustic-scenes-2019-development/audio/airport-paris-7-343-a.wav,10.0,running_footsteps,0.0794,clean
bg_school_tau2019_00920,school,tau2019,airport-paris-7-344-a,tau_airport-paris-7,data/raw/tau2019_partial/TAU-urban-acoustic-scenes-2019-development/audio/airport-paris-7-344-a.wav,10.0,running_footsteps,0.1712,flagged
bg_school_tau2019_00921,school,tau2019,airport-paris-7-345-a,tau_airport-paris-7,data/raw/tau2019_partial/TAU-urban-acoustic-scenes-2019-development/audio/airport-paris-7-345-a.wav,10.0,running_footsteps,0.1198,clean
bg_school_tau2019_00922,school,tau2019,airport-paris-7-346-a,tau_airport-paris-7,data/raw/tau2019_partial/TAU-urban-acoustic-scenes-2019-development/audio/airport-paris-7-346-a.wav,10.0,running_footsteps,0.0386,clean
bg_school_tau2019_00923,school,tau2019,airport-paris-7-347-a,tau_airport-paris-7,data/raw/tau2019_partial/TAU-urban-acoustic-scenes-2019-development/audio/airport-paris-7-347-a.wav,10.0,running_footsteps,0.0539,clean
bg_school_tau2019_00924,school,tau2019,airport-paris-7-348-a,tau_airport-paris-7,data/raw/tau2019_partial/TAU-urban-acoustic-scenes-2019-development/audio/airport-paris-7-348-a.wav,10.0,door_slam,0.0189,clean
bg_school_tau2019_00925,school,tau2019,airport-paris-7-349-a,tau_airport-paris-7,data/raw/tau2019_partial/TAU-urban-acoustic-scenes-2019-development/audio/airport-paris-7-349-a.wav,10.0,running_footsteps,0.0092,clean
bg_school_tau2019_00926,school,tau2019,airport-paris-7-350-a,tau_airport-paris-7,data/raw/tau2019_partial/TAU-urban-acoustic-scenes-2019-development/audio/airport-paris-7-350-a.wav,10.0,door_slam,0.0345,clean
bg_school_tau2019_00927,school,tau2019,airport-paris-7-351-a,tau_airport-paris-7,data/raw/tau2019_partial/TAU-urban-acoustic-scenes-2019-development/audio/airport-paris-7-351-a.wav,10.0,running_footsteps,0.0878,clean
bg_school_tau2019_00928,school,tau2019,airport-paris-7-352-a,tau_airport-paris-7,data/raw/tau2019_partial/TAU-urban-acoustic-scenes-2019-development/audio/airport-paris-7-352-a.wav,10.0,running_footsteps,0.0417,clean
bg_school_tau2019_00929,school,tau2019,airport-paris-8-353-a,tau_airport-paris-8,data/raw/tau2019_partial/TAU-urban-acoustic-scenes-2019-development/audio/airport-paris-8-353-a.wav,10.0,running_footsteps,0.0186,clean
bg_school_tau2019_00930,school,tau2019,airport-paris-8-354-a,tau_airport-paris-8,data/raw/tau2019_partial/TAU-urban-acoustic-scenes-2019-development/audio/airport-paris-8-354-a.wav,10.0,running_footsteps,0.0098,clean
bg_school_tau2019_00931,school,tau2019,airport-paris-8-355-a,tau_airport-paris-8,data/raw/tau2019_partial/TAU-urban-acoustic-scenes-2019-development/audio/airport-paris-8-355-a.wav,10.0,running_footsteps,0.0174,clean
bg_school_tau2019_00932,school,tau2019,airport-paris-8-356-a,tau_airport-paris-8,data/raw/tau2019_partial/TAU-urban-acoustic-scenes-2019-development/audio/airport-paris-8-356-a.wav,10.0,door_slam,0.0453,clean
bg_school_tau2019_00933,school,tau2019,airport-paris-8-357-a,tau_airport-paris-8,data/raw/tau2019_partial/TAU-urban-acoustic-scenes-2019-development/audio/airport-paris-8-357-a.wav,10.0,running_footsteps,0.0188,clean
bg_school_tau2019_00934,school,tau2019,airport-paris-8-358-a,tau_airport-paris-8,data/raw/tau2019_partial/TAU-urban-acoustic-scenes-2019-development/audio/airport-paris-8-358-a.wav,10.0,explosion,0.0169,clean
bg_school_tau2019_00935,school,tau2019,airport-paris-8-359-a,tau_airport-paris-8,data/raw/tau2019_partial/TAU-urban-acoustic-scenes-2019-development/audio/airport-paris-8-359-a.wav,10.0,running_footsteps,0.16,flagged
bg_school_tau2019_00936,school,tau2019,airport-paris-8-360-a,tau_airport-paris-8,data/raw/tau2019_partial/TAU-urban-acoustic-scenes-2019-development/audio/airport-paris-8-360-a.wav,10.0,running_footsteps,0.0265,clean
bg_school_tau2019_00937,school,tau2019,airport-paris-8-361-a,tau_airport-paris-8,data/raw/tau2019_partial/TAU-urban-acoustic-scenes-2019-development/audio/airport-paris-8-361-a.wav,10.0,running_footsteps,0.0443,clean
bg_school_tau2019_00938,school,tau2019,airport-paris-8-362-a,tau_airport-paris-8,data/raw/tau2019_partial/TAU-urban-acoustic-scenes-2019-development/audio/airport-paris-8-362-a.wav,10.0,running_footsteps,0.0301,clean
bg_school_tau2019_00939,school,tau2019,airport-paris-8-363-a,tau_airport-paris-8,data/raw/tau2019_partial/TAU-urban-acoustic-scenes-2019-development/audio/airport-paris-8-363-a.wav,10.0,running_footsteps,0.0681,clean
bg_school_tau2019_00940,school,tau2019,airport-paris-8-364-a,tau_airport-paris-8,data/raw/tau2019_partial/TAU-urban-acoustic-scenes-2019-development/audio/airport-paris-8-364-a.wav,10.0,running_footsteps,0.0241,clean
bg_school_tau2019_00941,school,tau2019,airport-paris-8-365-a,tau_airport-paris-8,data/raw/tau2019_partial/TAU-urban-acoustic-scenes-2019-development/audio/airport-paris-8-365-a.wav,10.0,running_footsteps,0.1182,clean
bg_school_tau2019_00942,school,tau2019,airport-paris-8-366-a,tau_airport-paris-8,data/raw/tau2019_partial/TAU-urban-acoustic-scenes-2019-development/audio/airport-paris-8-366-a.wav,10.0,running_footsteps,0.0329,clean
bg_school_tau2019_00943,school,tau2019,airport-paris-8-367-a,tau_airport-paris-8,data/raw/tau2019_partial/TAU-urban-acoustic-scenes-2019-development/audio/airport-paris-8-367-a.wav,10.0,running_footsteps,0.009,clean
bg_school_tau2019_00944,school,tau2019,airport-paris-8-368-a,tau_airport-paris-8,data/raw/tau2019_partial/TAU-urban-acoustic-scenes-2019-development/audio/airport-paris-8-368-a.wav,10.0,running_footsteps,0.0189,clean
bg_school_tau2019_00945,school,tau2019,airport-paris-8-369-a,tau_airport-paris-8,data/raw/tau2019_partial/TAU-urban-acoustic-scenes-2019-development/audio/airport-paris-8-369-a.wav,10.0,running_footsteps,0.0523,clean
bg_school_tau2019_00946,school,tau2019,airport-paris-8-370-a,tau_airport-paris-8,data/raw/tau2019_partial/TAU-urban-acoustic-scenes-2019-development/audio/airport-paris-8-370-a.wav,10.0,door_slam,0.0079,clean
bg_school_tau2019_00947,school,tau2019,airport-paris-9-371-a,tau_airport-paris-9,data/raw/tau2019_partial/TAU-urban-acoustic-scenes-2019-development/audio/airport-paris-9-371-a.wav,10.0,running_footsteps,0.0267,clean
bg_school_tau2019_00948,school,tau2019,airport-paris-9-372-a,tau_airport-paris-9,data/raw/tau2019_partial/TAU-urban-acoustic-scenes-2019-development/audio/airport-paris-9-372-a.wav,10.0,running_footsteps,0.0177,clean
bg_school_tau2019_00949,school,tau2019,airport-paris-9-373-a,tau_airport-paris-9,data/raw/tau2019_partial/TAU-urban-acoustic-scenes-2019-development/audio/airport-paris-9-373-a.wav,10.0,running_footsteps,0.0257,clean
bg_school_tau2019_00950,school,tau2019,airport-paris-9-374-a,tau_airport-paris-9,data/raw/tau2019_partial/TAU-urban-acoustic-scenes-2019-development/audio/airport-paris-9-374-a.wav,10.0,running_footsteps,0.0238,clean
bg_school_tau2019_00951,school,tau2019,airport-paris-9-375-a,tau_airport-paris-9,data/raw/tau2019_partial/TAU-urban-acoustic-scenes-2019-development/audio/airport-paris-9-375-a.wav,10.0,running_footsteps,0.071,clean
bg_school_tau2019_00952,school,tau2019,airport-paris-9-376-a,tau_airport-paris-9,data/raw/tau2019_partial/TAU-urban-acoustic-scenes-2019-development/audio/airport-paris-9-376-a.wav,10.0,running_footsteps,0.0397,clean
bg_school_tau2019_00953,school,tau2019,airport-paris-9-377-a,tau_airport-paris-9,data/raw/tau2019_partial/TAU-urban-acoustic-scenes-2019-development/audio/airport-paris-9-377-a.wav,10.0,running_footsteps,0.0182,clean
bg_school_tau2019_00954,school,tau2019,airport-paris-9-378-a,tau_airport-paris-9,data/raw/tau2019_partial/TAU-urban-acoustic-scenes-2019-development/audio/airport-paris-9-378-a.wav,10.0,running_footsteps,0.0362,clean
bg_school_tau2019_00955,school,tau2019,airport-paris-9-379-a,tau_airport-paris-9,data/raw/tau2019_partial/TAU-urban-acoustic-scenes-2019-development/audio/airport-paris-9-379-a.wav,10.0,running_footsteps,0.0301,clean
bg_school_tau2019_00956,school,tau2019,airport-paris-9-380-a,tau_airport-paris-9,data/raw/tau2019_partial/TAU-urban-acoustic-scenes-2019-development/audio/airport-paris-9-380-a.wav,10.0,running_footsteps,0.0593,clean
bg_school_tau2019_00957,school,tau2019,airport-paris-9-381-a,tau_airport-paris-9,data/raw/tau2019_partial/TAU-urban-acoustic-scenes-2019-development/audio/airport-paris-9-381-a.wav,10.0,running_footsteps,0.0253,clean
bg_school_tau2019_00958,school,tau2019,airport-paris-9-382-a,tau_airport-paris-9,data/raw/tau2019_partial/TAU-urban-acoustic-scenes-2019-development/audio/airport-paris-9-382-a.wav,10.0,running_footsteps,0.0481,clean
bg_school_tau2019_00959,school,tau2019,airport-paris-9-383-a,tau_airport-paris-9,data/raw/tau2019_partial/TAU-urban-acoustic-scenes-2019-development/audio/airport-paris-9-383-a.wav,10.0,running_footsteps,0.0624,clean
bg_school_tau2019_00960,school,tau2019,airport-paris-9-384-a,tau_airport-paris-9,data/raw/tau2019_partial/TAU-urban-acoustic-scenes-2019-development/audio/airport-paris-9-384-a.wav,10.0,running_footsteps,0.0188,clean
bg_school_tau2019_00961,school,tau2019,airport-paris-9-385-a,tau_airport-paris-9,data/raw/tau2019_partial/TAU-urban-acoustic-scenes-2019-development/audio/airport-paris-9-385-a.wav,10.0,running_footsteps,0.0367,clean
bg_school_tau2019_00962,school,tau2019,airport-paris-9-386-a,tau_airport-paris-9,data/raw/tau2019_partial/TAU-urban-acoustic-scenes-2019-development/audio/airport-paris-9-386-a.wav,10.0,running_footsteps,0.0151,clean
bg_school_tau2019_00963,school,tau2019,airport-paris-9-387-a,tau_airport-paris-9,data/raw/tau2019_partial/TAU-urban-acoustic-scenes-2019-development/audio/airport-paris-9-387-a.wav,10.0,running_footsteps,0.0257,clean
bg_school_tau2019_00964,school,tau2019,airport-paris-9-388-a,tau_airport-paris-9,data/raw/tau2019_partial/TAU-urban-acoustic-scenes-2019-development/audio/airport-paris-9-388-a.wav,10.0,door_slam,0.0544,clean
bg_school_tau2019_00965,school,tau2019,airport-paris-9-389-a,tau_airport-paris-9,data/raw/tau2019_partial/TAU-urban-acoustic-scenes-2019-development/audio/airport-paris-9-389-a.wav,10.0,running_footsteps,0.0639,clean
bg_school_tau2019_00966,school,tau2019,airport-paris-9-390-a,tau_airport-paris-9,data/raw/tau2019_partial/TAU-urban-acoustic-scenes-2019-development/audio/airport-paris-9-390-a.wav,10.0,running_footsteps,0.0323,clean
bg_school_tau2019_00967,school,tau2019,airport-paris-9-391-a,tau_airport-paris-9,data/raw/tau2019_partial/TAU-urban-acoustic-scenes-2019-development/audio/airport-paris-9-391-a.wav,10.0,door_slam,0.0675,clean
bg_school_tau2019_00968,school,tau2019,airport-paris-9-392-a,tau_airport-paris-9,data/raw/tau2019_partial/TAU-urban-acoustic-scenes-2019-development/audio/airport-paris-9-392-a.wav,10.0,running_footsteps,0.0346,clean
bg_school_tau2019_00969,school,tau2019,airport-paris-9-393-a,tau_airport-paris-9,data/raw/tau2019_partial/TAU-urban-acoustic-scenes-2019-development/audio/airport-paris-9-393-a.wav,10.0,running_footsteps,0.0256,clean
bg_school_tau2019_00970,school,tau2019,airport-paris-9-394-a,tau_airport-paris-9,data/raw/tau2019_partial/TAU-urban-acoustic-scenes-2019-development/audio/airport-paris-9-394-a.wav,10.0,explosion,0.0456,clean
bg_school_tau2019_00971,school,tau2019,airport-paris-9-395-a,tau_airport-paris-9,data/raw/tau2019_partial/TAU-urban-acoustic-scenes-2019-development/audio/airport-paris-9-395-a.wav,10.0,running_footsteps,0.0375,clean
bg_school_tau2019_00972,school,tau2019,airport-paris-9-396-a,tau_airport-paris-9,data/raw/tau2019_partial/TAU-urban-acoustic-scenes-2019-development/audio/airport-paris-9-396-a.wav,10.0,door_slam,0.0387,clean
bg_school_tau2019_00973,school,tau2019,airport-paris-9-397-a,tau_airport-paris-9,data/raw/tau2019_partial/TAU-urban-acoustic-scenes-2019-development/audio/airport-paris-9-397-a.wav,10.0,running_footsteps,0.0436,clean
bg_school_tau2019_00974,school,tau2019,airport-paris-9-398-a,tau_airport-paris-9,data/raw/tau2019_partial/TAU-urban-acoustic-scenes-2019-development/audio/airport-paris-9-398-a.wav,10.0,running_footsteps,0.018,clean
bg_school_tau2019_00975,school,tau2019,airport-paris-9-399-a,tau_airport-paris-9,data/raw/tau2019_partial/TAU-urban-acoustic-scenes-2019-development/audio/airport-paris-9-399-a.wav,10.0,running_footsteps,0.0767,clean
bg_school_tau2019_00976,school,tau2019,airport-paris-9-400-a,tau_airport-paris-9,data/raw/tau2019_partial/TAU-urban-acoustic-scenes-2019-development/audio/airport-paris-9-400-a.wav,10.0,running_footsteps,0.0463,clean
bg_school_tau2019_00977,school,tau2019,airport-paris-9-401-a,tau_airport-paris-9,data/raw/tau2019_partial/TAU-urban-acoustic-scenes-2019-development/audio/airport-paris-9-401-a.wav,10.0,running_footsteps,0.0322,clean
bg_school_tau2019_00978,school,tau2019,airport-paris-9-402-a,tau_airport-paris-9,data/raw/tau2019_partial/TAU-urban-acoustic-scenes-2019-development/audio/airport-paris-9-402-a.wav,10.0,running_footsteps,0.0293,clean
bg_school_tau2019_00979,school,tau2019,airport-paris-9-403-a,tau_airport-paris-9,data/raw/tau2019_partial/TAU-urban-acoustic-scenes-2019-development/audio/airport-paris-9-403-a.wav,10.0,door_slam,0.0725,clean
bg_school_tau2019_00980,school,tau2019,airport-paris-9-404-a,tau_airport-paris-9,data/raw/tau2019_partial/TAU-urban-acoustic-scenes-2019-development/audio/airport-paris-9-404-a.wav,10.0,running_footsteps,0.0483,clean
bg_school_tau2019_00981,school,tau2019,airport-paris-9-405-a,tau_airport-paris-9,data/raw/tau2019_partial/TAU-urban-acoustic-scenes-2019-development/audio/airport-paris-9-405-a.wav,10.0,door_slam,0.0821,clean
bg_school_tau2019_00982,school,tau2019,airport-paris-9-406-a,tau_airport-paris-9,data/raw/tau2019_partial/TAU-urban-acoustic-scenes-2019-development/audio/airport-paris-9-406-a.wav,10.0,running_footsteps,0.04,clean
bg_school_tau2019_00983,school,tau2019,airport-paris-9-407-a,tau_airport-paris-9,data/raw/tau2019_partial/TAU-urban-acoustic-scenes-2019-development/audio/airport-paris-9-407-a.wav,10.0,running_footsteps,0.0155,clean
bg_school_tau2019_00984,school,tau2019,airport-paris-9-408-a,tau_airport-paris-9,data/raw/tau2019_partial/TAU-urban-acoustic-scenes-2019-development/audio/airport-paris-9-408-a.wav,10.0,running_footsteps,0.0677,clean
bg_school_tau2019_00985,school,tau2019,airport-paris-9-409-a,tau_airport-paris-9,data/raw/tau2019_partial/TAU-urban-acoustic-scenes-2019-development/audio/airport-paris-9-409-a.wav,10.0,running_footsteps,0.0652,clean
bg_school_tau2019_00986,school,tau2019,airport-paris-9-410-a,tau_airport-paris-9,data/raw/tau2019_partial/TAU-urban-acoustic-scenes-2019-development/audio/airport-paris-9-410-a.wav,10.0,running_footsteps,0.0478,clean
bg_school_tau2019_00987,school,tau2019,airport-paris-9-411-a,tau_airport-paris-9,data/raw/tau2019_partial/TAU-urban-acoustic-scenes-2019-development/audio/airport-paris-9-411-a.wav,10.0,running_footsteps,0.0203,clean
bg_school_tau2019_00988,school,tau2019,airport-paris-9-412-a,tau_airport-paris-9,data/raw/tau2019_partial/TAU-urban-acoustic-scenes-2019-development/audio/airport-paris-9-412-a.wav,10.0,glass_breaking,0.0998,clean
bg_school_tau2019_00989,school,tau2019,airport-paris-9-413-a,tau_airport-paris-9,data/raw/tau2019_partial/TAU-urban-acoustic-scenes-2019-development/audio/airport-paris-9-413-a.wav,10.0,running_footsteps,0.0254,clean
bg_school_tau2019_00990,school,tau2019,airport-paris-9-414-a,tau_airport-paris-9,data/raw/tau2019_partial/TAU-urban-acoustic-scenes-2019-development/audio/airport-paris-9-414-a.wav,10.0,door_slam,0.0963,clean
bg_school_tau2019_00991,school,tau2019,airport-paris-9-415-a,tau_airport-paris-9,data/raw/tau2019_partial/TAU-urban-acoustic-scenes-2019-development/audio/airport-paris-9-415-a.wav,10.0,running_footsteps,0.0941,clean
bg_school_tau2019_00992,school,tau2019,airport-paris-9-416-a,tau_airport-paris-9,data/raw/tau2019_partial/TAU-urban-acoustic-scenes-2019-development/audio/airport-paris-9-416-a.wav,10.0,running_footsteps,0.0603,clean
bg_school_tau2019_00993,school,tau2019,airport-stockholm-10-417-a,tau_airport-stockholm-10,data/raw/tau2019_partial/TAU-urban-acoustic-scenes-2019-development/audio/airport-stockholm-10-417-a.wav,10.0,running_footsteps,0.0729,clean
bg_school_tau2019_00994,school,tau2019,airport-stockholm-10-418-a,tau_airport-stockholm-10,data/raw/tau2019_partial/TAU-urban-acoustic-scenes-2019-development/audio/airport-stockholm-10-418-a.wav,10.0,running_footsteps,0.0567,clean
bg_school_tau2019_00995,school,tau2019,airport-stockholm-10-419-a,tau_airport-stockholm-10,data/raw/tau2019_partial/TAU-urban-acoustic-scenes-2019-development/audio/airport-stockholm-10-419-a.wav,10.0,running_footsteps,0.0546,clean
bg_school_tau2019_00996,school,tau2019,airport-stockholm-10-420-a,tau_airport-stockholm-10,data/raw/tau2019_partial/TAU-urban-acoustic-scenes-2019-development/audio/airport-stockholm-10-420-a.wav,10.0,running_footsteps,0.0339,clean
bg_school_tau2019_00997,school,tau2019,airport-stockholm-10-421-a,tau_airport-stockholm-10,data/raw/tau2019_partial/TAU-urban-acoustic-scenes-2019-development/audio/airport-stockholm-10-421-a.wav,10.0,running_footsteps,0.0366,clean
bg_school_tau2019_00998,school,tau2019,airport-stockholm-10-422-a,tau_airport-stockholm-10,data/raw/tau2019_partial/TAU-urban-acoustic-scenes-2019-development/audio/airport-stockholm-10-422-a.wav,10.0,door_slam,0.0735,clean
bg_school_tau2019_00999,school,tau2019,airport-stockholm-10-423-a,tau_airport-stockholm-10,data/raw/tau2019_partial/TAU-urban-acoustic-scenes-2019-development/audio/airport-stockholm-10-423-a.wav,10.0,running_footsteps,0.1507,flagged
bg_school_tau2019_01000,school,tau2019,airport-stockholm-10-424-a,tau_airport-stockholm-10,data/raw/tau2019_partial/TAU-urban-acoustic-scenes-2019-development/audio/airport-stockholm-10-424-a.wav,10.0,running_footsteps,0.0525,clean
bg_school_tau2019_01001,school,tau2019,airport-stockholm-10-425-a,tau_airport-stockholm-10,data/raw/tau2019_partial/TAU-urban-acoustic-scenes-2019-development/audio/airport-stockholm-10-425-a.wav,10.0,alarm_bell,0.0813,clean
bg_school_tau2019_01002,school,tau2019,airport-stockholm-10-426-a,tau_airport-stockholm-10,data/raw/tau2019_partial/TAU-urban-acoustic-scenes-2019-development/audio/airport-stockholm-10-426-a.wav,10.0,running_footsteps,0.1759,flagged
bg_school_tau2019_01003,school,tau2019,airport-stockholm-10-427-a,tau_airport-stockholm-10,data/raw/tau2019_partial/TAU-urban-acoustic-scenes-2019-development/audio/airport-stockholm-10-427-a.wav,10.0,running_footsteps,0.0454,clean
bg_school_tau2019_01004,school,tau2019,airport-stockholm-10-428-a,tau_airport-stockholm-10,data/raw/tau2019_partial/TAU-urban-acoustic-scenes-2019-development/audio/airport-stockholm-10-428-a.wav,10.0,running_footsteps,0.1391,clean
bg_school_tau2019_01005,school,tau2019,airport-stockholm-10-429-a,tau_airport-stockholm-10,data/raw/tau2019_partial/TAU-urban-acoustic-scenes-2019-development/audio/airport-stockholm-10-429-a.wav,10.0,running_footsteps,0.0283,clean
bg_school_tau2019_01006,school,tau2019,airport-stockholm-10-430-a,tau_airport-stockholm-10,data/raw/tau2019_partial/TAU-urban-acoustic-scenes-2019-development/audio/airport-stockholm-10-430-a.wav,10.0,running_footsteps,0.0669,clean
bg_school_tau2019_01007,school,tau2019,airport-stockholm-10-431-a,tau_airport-stockholm-10,data/raw/tau2019_partial/TAU-urban-acoustic-scenes-2019-development/audio/airport-stockholm-10-431-a.wav,10.0,running_footsteps,0.0329,clean
bg_school_tau2019_01008,school,tau2019,airport-stockholm-10-432-a,tau_airport-stockholm-10,data/raw/tau2019_partial/TAU-urban-acoustic-scenes-2019-development/audio/airport-stockholm-10-432-a.wav,10.0,running_footsteps,0.0866,clean
bg_school_tau2019_01009,school,tau2019,airport-stockholm-10-433-a,tau_airport-stockholm-10,data/raw/tau2019_partial/TAU-urban-acoustic-scenes-2019-development/audio/airport-stockholm-10-433-a.wav,10.0,running_footsteps,0.1627,flagged
bg_school_tau2019_01010,school,tau2019,airport-stockholm-10-434-a,tau_airport-stockholm-10,data/raw/tau2019_partial/TAU-urban-acoustic-scenes-2019-development/audio/airport-stockholm-10-434-a.wav,10.0,running_footsteps,0.0449,clean
bg_school_tau2019_01011,school,tau2019,airport-stockholm-10-435-a,tau_airport-stockholm-10,data/raw/tau2019_partial/TAU-urban-acoustic-scenes-2019-development/audio/airport-stockholm-10-435-a.wav,10.0,running_footsteps,0.026,clean
bg_school_tau2019_01012,school,tau2019,airport-stockholm-10-436-a,tau_airport-stockholm-10,data/raw/tau2019_partial/TAU-urban-acoustic-scenes-2019-development/audio/airport-stockholm-10-436-a.wav,10.0,running_footsteps,0.0904,clean
bg_school_tau2019_01013,school,tau2019,airport-stockholm-10-437-a,tau_airport-stockholm-10,data/raw/tau2019_partial/TAU-urban-acoustic-scenes-2019-development/audio/airport-stockholm-10-437-a.wav,10.0,running_footsteps,0.0868,clean
bg_school_tau2019_01014,school,tau2019,airport-stockholm-10-438-a,tau_airport-stockholm-10,data/raw/tau2019_partial/TAU-urban-acoustic-scenes-2019-development/audio/airport-stockholm-10-438-a.wav,10.0,running_footsteps,0.1188,clean
bg_school_tau2019_01015,school,tau2019,airport-stockholm-10-439-a,tau_airport-stockholm-10,data/raw/tau2019_partial/TAU-urban-acoustic-scenes-2019-development/audio/airport-stockholm-10-439-a.wav,10.0,running_footsteps,0.236,flagged
bg_school_tau2019_01016,school,tau2019,airport-stockholm-10-440-a,tau_airport-stockholm-10,data/raw/tau2019_partial/TAU-urban-acoustic-scenes-2019-development/audio/airport-stockholm-10-440-a.wav,10.0,running_footsteps,0.0332,clean
bg_school_tau2019_01017,school,tau2019,airport-stockholm-10-441-a,tau_airport-stockholm-10,data/raw/tau2019_partial/TAU-urban-acoustic-scenes-2019-development/audio/airport-stockholm-10-441-a.wav,10.0,door_slam,0.371,flagged
bg_school_tau2019_01018,school,tau2019,airport-stockholm-10-442-a,tau_airport-stockholm-10,data/raw/tau2019_partial/TAU-urban-acoustic-scenes-2019-development/audio/airport-stockholm-10-442-a.wav,10.0,running_footsteps,0.1251,clean
bg_school_tau2019_01019,school,tau2019,airport-stockholm-10-443-a,tau_airport-stockholm-10,data/raw/tau2019_partial/TAU-urban-acoustic-scenes-2019-development/audio/airport-stockholm-10-443-a.wav,10.0,running_footsteps,0.0297,clean
bg_school_tau2019_01020,school,tau2019,airport-stockholm-10-444-a,tau_airport-stockholm-10,data/raw/tau2019_partial/TAU-urban-acoustic-scenes-2019-development/audio/airport-stockholm-10-444-a.wav,10.0,running_footsteps,0.1171,clean
bg_school_tau2019_01021,school,tau2019,airport-stockholm-10-445-a,tau_airport-stockholm-10,data/raw/tau2019_partial/TAU-urban-acoustic-scenes-2019-development/audio/airport-stockholm-10-445-a.wav,10.0,door_slam,0.1001,clean
bg_school_tau2019_01022,school,tau2019,airport-stockholm-10-446-a,tau_airport-stockholm-10,data/raw/tau2019_partial/TAU-urban-acoustic-scenes-2019-development/audio/airport-stockholm-10-446-a.wav,10.0,running_footsteps,0.075,clean
bg_school_tau2019_01023,school,tau2019,airport-stockholm-10-447-a,tau_airport-stockholm-10,data/raw/tau2019_partial/TAU-urban-acoustic-scenes-2019-development/audio/airport-stockholm-10-447-a.wav,10.0,running_footsteps,0.0214,clean
bg_school_tau2019_01024,school,tau2019,airport-stockholm-10-448-a,tau_airport-stockholm-10,data/raw/tau2019_partial/TAU-urban-acoustic-scenes-2019-development/audio/airport-stockholm-10-448-a.wav,10.0,running_footsteps,0.0655,clean
bg_school_tau2019_01025,school,tau2019,airport-stockholm-11-449-a,tau_airport-stockholm-11,data/raw/tau2019_partial/TAU-urban-acoustic-scenes-2019-development/audio/airport-stockholm-11-449-a.wav,10.0,running_footsteps,0.0612,clean
bg_school_tau2019_01026,school,tau2019,airport-stockholm-11-450-a,tau_airport-stockholm-11,data/raw/tau2019_partial/TAU-urban-acoustic-scenes-2019-development/audio/airport-stockholm-11-450-a.wav,10.0,running_footsteps,0.0703,clean
bg_school_tau2019_01027,school,tau2019,airport-stockholm-11-451-a,tau_airport-stockholm-11,data/raw/tau2019_partial/TAU-urban-acoustic-scenes-2019-development/audio/airport-stockholm-11-451-a.wav,10.0,running_footsteps,0.0193,clean
bg_school_tau2019_01028,school,tau2019,airport-stockholm-11-452-a,tau_airport-stockholm-11,data/raw/tau2019_partial/TAU-urban-acoustic-scenes-2019-development/audio/airport-stockholm-11-452-a.wav,10.0,running_footsteps,0.0232,clean
bg_school_tau2019_01029,school,tau2019,airport-stockholm-11-453-a,tau_airport-stockholm-11,data/raw/tau2019_partial/TAU-urban-acoustic-scenes-2019-development/audio/airport-stockholm-11-453-a.wav,10.0,running_footsteps,0.0968,clean
bg_school_tau2019_01030,school,tau2019,airport-stockholm-11-454-a,tau_airport-stockholm-11,data/raw/tau2019_partial/TAU-urban-acoustic-scenes-2019-development/audio/airport-stockholm-11-454-a.wav,10.0,running_footsteps,0.0771,clean
bg_school_tau2019_01031,school,tau2019,airport-stockholm-11-455-a,tau_airport-stockholm-11,data/raw/tau2019_partial/TAU-urban-acoustic-scenes-2019-development/audio/airport-stockholm-11-455-a.wav,10.0,running_footsteps,0.1244,clean
bg_school_tau2019_01032,school,tau2019,airport-stockholm-11-456-a,tau_airport-stockholm-11,data/raw/tau2019_partial/TAU-urban-acoustic-scenes-2019-development/audio/airport-stockholm-11-456-a.wav,10.0,running_footsteps,0.0356,clean
bg_school_tau2019_01033,school,tau2019,airport-stockholm-11-457-a,tau_airport-stockholm-11,data/raw/tau2019_partial/TAU-urban-acoustic-scenes-2019-development/audio/airport-stockholm-11-457-a.wav,10.0,running_footsteps,0.1768,flagged
bg_school_tau2019_01034,school,tau2019,airport-stockholm-11-458-a,tau_airport-stockholm-11,data/raw/tau2019_partial/TAU-urban-acoustic-scenes-2019-development/audio/airport-stockholm-11-458-a.wav,10.0,running_footsteps,0.0472,clean
bg_school_tau2019_01035,school,tau2019,airport-stockholm-11-459-a,tau_airport-stockholm-11,data/raw/tau2019_partial/TAU-urban-acoustic-scenes-2019-development/audio/airport-stockholm-11-459-a.wav,10.0,running_footsteps,0.0341,clean
bg_school_tau2019_01036,school,tau2019,airport-stockholm-11-460-a,tau_airport-stockholm-11,data/raw/tau2019_partial/TAU-urban-acoustic-scenes-2019-development/audio/airport-stockholm-11-460-a.wav,10.0,door_slam,0.1324,clean
bg_school_tau2019_01037,school,tau2019,airport-stockholm-11-461-a,tau_airport-stockholm-11,data/raw/tau2019_partial/TAU-urban-acoustic-scenes-2019-development/audio/airport-stockholm-11-461-a.wav,10.0,running_footsteps,0.2294,flagged
bg_school_tau2019_01038,school,tau2019,airport-stockholm-11-462-a,tau_airport-stockholm-11,data/raw/tau2019_partial/TAU-urban-acoustic-scenes-2019-development/audio/airport-stockholm-11-462-a.wav,10.0,running_footsteps,0.1469,clean
bg_school_tau2019_01039,school,tau2019,airport-stockholm-11-463-a,tau_airport-stockholm-11,data/raw/tau2019_partial/TAU-urban-acoustic-scenes-2019-development/audio/airport-stockholm-11-463-a.wav,10.0,running_footsteps,0.0844,clean
bg_school_tau2019_01040,school,tau2019,airport-stockholm-11-464-a,tau_airport-stockholm-11,data/raw/tau2019_partial/TAU-urban-acoustic-scenes-2019-development/audio/airport-stockholm-11-464-a.wav,10.0,running_footsteps,0.0405,clean
bg_school_tau2019_01041,school,tau2019,airport-stockholm-11-465-a,tau_airport-stockholm-11,data/raw/tau2019_partial/TAU-urban-acoustic-scenes-2019-development/audio/airport-stockholm-11-465-a.wav,10.0,door_slam,0.2041,flagged
bg_school_tau2019_01042,school,tau2019,airport-stockholm-11-466-a,tau_airport-stockholm-11,data/raw/tau2019_partial/TAU-urban-acoustic-scenes-2019-development/audio/airport-stockholm-11-466-a.wav,10.0,running_footsteps,0.0188,clean
bg_school_tau2019_01043,school,tau2019,airport-stockholm-11-467-a,tau_airport-stockholm-11,data/raw/tau2019_partial/TAU-urban-acoustic-scenes-2019-development/audio/airport-stockholm-11-467-a.wav,10.0,running_footsteps,0.361,flagged
bg_school_tau2019_01044,school,tau2019,airport-stockholm-11-468-a,tau_airport-stockholm-11,data/raw/tau2019_partial/TAU-urban-acoustic-scenes-2019-development/audio/airport-stockholm-11-468-a.wav,10.0,running_footsteps,0.0462,clean
bg_school_tau2019_01045,school,tau2019,airport-stockholm-11-469-a,tau_airport-stockholm-11,data/raw/tau2019_partial/TAU-urban-acoustic-scenes-2019-development/audio/airport-stockholm-11-469-a.wav,10.0,running_footsteps,0.0592,clean
bg_school_tau2019_01046,school,tau2019,airport-stockholm-11-470-a,tau_airport-stockholm-11,data/raw/tau2019_partial/TAU-urban-acoustic-scenes-2019-development/audio/airport-stockholm-11-470-a.wav,10.0,running_footsteps,0.012,clean
bg_school_tau2019_01047,school,tau2019,airport-stockholm-11-471-a,tau_airport-stockholm-11,data/raw/tau2019_partial/TAU-urban-acoustic-scenes-2019-development/audio/airport-stockholm-11-471-a.wav,10.0,door_slam,0.0259,clean
bg_school_tau2019_01048,school,tau2019,airport-stockholm-11-472-a,tau_airport-stockholm-11,data/raw/tau2019_partial/TAU-urban-acoustic-scenes-2019-development/audio/airport-stockholm-11-472-a.wav,10.0,running_footsteps,0.0416,clean
bg_school_tau2019_01049,school,tau2019,airport-stockholm-11-473-a,tau_airport-stockholm-11,data/raw/tau2019_partial/TAU-urban-acoustic-scenes-2019-development/audio/airport-stockholm-11-473-a.wav,10.0,running_footsteps,0.0355,clean
bg_school_tau2019_01050,school,tau2019,airport-stockholm-11-474-a,tau_airport-stockholm-11,data/raw/tau2019_partial/TAU-urban-acoustic-scenes-2019-development/audio/airport-stockholm-11-474-a.wav,10.0,running_footsteps,0.0286,clean
bg_school_tau2019_01051,school,tau2019,airport-stockholm-11-475-a,tau_airport-stockholm-11,data/raw/tau2019_partial/TAU-urban-acoustic-scenes-2019-development/audio/airport-stockholm-11-475-a.wav,10.0,running_footsteps,0.0279,clean
bg_school_tau2019_01052,school,tau2019,airport-stockholm-11-476-a,tau_airport-stockholm-11,data/raw/tau2019_partial/TAU-urban-acoustic-scenes-2019-development/audio/airport-stockholm-11-476-a.wav,10.0,running_footsteps,0.0115,clean
bg_school_tau2019_01053,school,tau2019,airport-stockholm-11-477-a,tau_airport-stockholm-11,data/raw/tau2019_partial/TAU-urban-acoustic-scenes-2019-development/audio/airport-stockholm-11-477-a.wav,10.0,running_footsteps,0.3388,flagged
bg_school_tau2019_01054,school,tau2019,airport-stockholm-11-478-a,tau_airport-stockholm-11,data/raw/tau2019_partial/TAU-urban-acoustic-scenes-2019-development/audio/airport-stockholm-11-478-a.wav,10.0,running_footsteps,0.0346,clean
bg_school_tau2019_01055,school,tau2019,airport-stockholm-12-479-a,tau_airport-stockholm-12,data/raw/tau2019_partial/TAU-urban-acoustic-scenes-2019-development/audio/airport-stockholm-12-479-a.wav,10.0,running_footsteps,0.0579,clean
bg_school_tau2019_01056,school,tau2019,airport-stockholm-12-480-a,tau_airport-stockholm-12,data/raw/tau2019_partial/TAU-urban-acoustic-scenes-2019-development/audio/airport-stockholm-12-480-a.wav,10.0,running_footsteps,0.0397,clean
bg_school_tau2019_01057,school,tau2019,airport-stockholm-12-481-a,tau_airport-stockholm-12,data/raw/tau2019_partial/TAU-urban-acoustic-scenes-2019-development/audio/airport-stockholm-12-481-a.wav,10.0,running_footsteps,0.049,clean
bg_school_tau2019_01058,school,tau2019,airport-stockholm-12-482-a,tau_airport-stockholm-12,data/raw/tau2019_partial/TAU-urban-acoustic-scenes-2019-development/audio/airport-stockholm-12-482-a.wav,10.0,running_footsteps,0.0513,clean
bg_school_tau2019_01059,school,tau2019,airport-stockholm-12-483-a,tau_airport-stockholm-12,data/raw/tau2019_partial/TAU-urban-acoustic-scenes-2019-development/audio/airport-stockholm-12-483-a.wav,10.0,running_footsteps,0.04,clean
bg_school_tau2019_01060,school,tau2019,airport-stockholm-12-484-a,tau_airport-stockholm-12,data/raw/tau2019_partial/TAU-urban-acoustic-scenes-2019-development/audio/airport-stockholm-12-484-a.wav,10.0,running_footsteps,0.19,flagged
bg_school_tau2019_01061,school,tau2019,airport-stockholm-12-485-a,tau_airport-stockholm-12,data/raw/tau2019_partial/TAU-urban-acoustic-scenes-2019-development/audio/airport-stockholm-12-485-a.wav,10.0,running_footsteps,0.094,clean
bg_school_tau2019_01062,school,tau2019,airport-stockholm-12-486-a,tau_airport-stockholm-12,data/raw/tau2019_partial/TAU-urban-acoustic-scenes-2019-development/audio/airport-stockholm-12-486-a.wav,10.0,running_footsteps,0.059,clean
bg_school_tau2019_01063,school,tau2019,airport-stockholm-12-487-a,tau_airport-stockholm-12,data/raw/tau2019_partial/TAU-urban-acoustic-scenes-2019-development/audio/airport-stockholm-12-487-a.wav,10.0,running_footsteps,0.0499,clean
bg_school_tau2019_01064,school,tau2019,airport-stockholm-12-488-a,tau_airport-stockholm-12,data/raw/tau2019_partial/TAU-urban-acoustic-scenes-2019-development/audio/airport-stockholm-12-488-a.wav,10.0,door_slam,0.1171,clean
bg_school_tau2019_01065,school,tau2019,airport-stockholm-12-489-a,tau_airport-stockholm-12,data/raw/tau2019_partial/TAU-urban-acoustic-scenes-2019-development/audio/airport-stockholm-12-489-a.wav,10.0,door_slam,0.035,clean
bg_school_tau2019_01066,school,tau2019,airport-stockholm-12-490-a,tau_airport-stockholm-12,data/raw/tau2019_partial/TAU-urban-acoustic-scenes-2019-development/audio/airport-stockholm-12-490-a.wav,10.0,running_footsteps,0.2286,flagged
bg_school_tau2019_01067,school,tau2019,airport-stockholm-12-491-a,tau_airport-stockholm-12,data/raw/tau2019_partial/TAU-urban-acoustic-scenes-2019-development/audio/airport-stockholm-12-491-a.wav,10.0,running_footsteps,0.0058,clean
bg_school_tau2019_01068,school,tau2019,airport-stockholm-12-492-a,tau_airport-stockholm-12,data/raw/tau2019_partial/TAU-urban-acoustic-scenes-2019-development/audio/airport-stockholm-12-492-a.wav,10.0,running_footsteps,0.0625,clean
bg_school_tau2019_01069,school,tau2019,airport-stockholm-12-493-a,tau_airport-stockholm-12,data/raw/tau2019_partial/TAU-urban-acoustic-scenes-2019-development/audio/airport-stockholm-12-493-a.wav,10.0,running_footsteps,0.075,clean
bg_school_tau2019_01070,school,tau2019,airport-stockholm-12-494-a,tau_airport-stockholm-12,data/raw/tau2019_partial/TAU-urban-acoustic-scenes-2019-development/audio/airport-stockholm-12-494-a.wav,10.0,running_footsteps,0.1158,clean
bg_school_tau2019_01071,school,tau2019,airport-stockholm-12-495-a,tau_airport-stockholm-12,data/raw/tau2019_partial/TAU-urban-acoustic-scenes-2019-development/audio/airport-stockholm-12-495-a.wav,10.0,running_footsteps,0.3467,flagged
bg_school_tau2019_01072,school,tau2019,airport-stockholm-12-496-a,tau_airport-stockholm-12,data/raw/tau2019_partial/TAU-urban-acoustic-scenes-2019-development/audio/airport-stockholm-12-496-a.wav,10.0,running_footsteps,0.0136,clean
bg_school_tau2019_01073,school,tau2019,airport-stockholm-12-497-a,tau_airport-stockholm-12,data/raw/tau2019_partial/TAU-urban-acoustic-scenes-2019-development/audio/airport-stockholm-12-497-a.wav,10.0,running_footsteps,0.0771,clean
bg_school_tau2019_01074,school,tau2019,airport-stockholm-12-498-a,tau_airport-stockholm-12,data/raw/tau2019_partial/TAU-urban-acoustic-scenes-2019-development/audio/airport-stockholm-12-498-a.wav,10.0,running_footsteps,0.0713,clean
bg_school_tau2019_01075,school,tau2019,airport-stockholm-12-499-a,tau_airport-stockholm-12,data/raw/tau2019_partial/TAU-urban-acoustic-scenes-2019-development/audio/airport-stockholm-12-499-a.wav,10.0,running_footsteps,0.0563,clean
bg_school_tau2019_01076,school,tau2019,airport-stockholm-12-500-a,tau_airport-stockholm-12,data/raw/tau2019_partial/TAU-urban-acoustic-scenes-2019-development/audio/airport-stockholm-12-500-a.wav,10.0,running_footsteps,0.079,clean
bg_school_tau2019_01077,school,tau2019,airport-stockholm-12-501-a,tau_airport-stockholm-12,data/raw/tau2019_partial/TAU-urban-acoustic-scenes-2019-development/audio/airport-stockholm-12-501-a.wav,10.0,running_footsteps,0.106,clean
bg_school_tau2019_01078,school,tau2019,airport-stockholm-12-502-a,tau_airport-stockholm-12,data/raw/tau2019_partial/TAU-urban-acoustic-scenes-2019-development/audio/airport-stockholm-12-502-a.wav,10.0,running_footsteps,0.0585,clean
bg_school_tau2019_01079,school,tau2019,airport-stockholm-12-503-a,tau_airport-stockholm-12,data/raw/tau2019_partial/TAU-urban-acoustic-scenes-2019-development/audio/airport-stockholm-12-503-a.wav,10.0,running_footsteps,0.0607,clean
bg_school_tau2019_01080,school,tau2019,airport-stockholm-12-504-a,tau_airport-stockholm-12,data/raw/tau2019_partial/TAU-urban-acoustic-scenes-2019-development/audio/airport-stockholm-12-504-a.wav,10.0,running_footsteps,0.0479,clean
bg_school_tau2019_01081,school,tau2019,airport-stockholm-12-505-a,tau_airport-stockholm-12,data/raw/tau2019_partial/TAU-urban-acoustic-scenes-2019-development/audio/airport-stockholm-12-505-a.wav,10.0,running_footsteps,0.0316,clean
bg_school_tau2019_01082,school,tau2019,airport-stockholm-12-506-a,tau_airport-stockholm-12,data/raw/tau2019_partial/TAU-urban-acoustic-scenes-2019-development/audio/airport-stockholm-12-506-a.wav,10.0,running_footsteps,0.0748,clean
bg_school_tau2019_01083,school,tau2019,airport-stockholm-12-507-a,tau_airport-stockholm-12,data/raw/tau2019_partial/TAU-urban-acoustic-scenes-2019-development/audio/airport-stockholm-12-507-a.wav,10.0,running_footsteps,0.1034,clean
bg_school_tau2019_01084,school,tau2019,airport-stockholm-12-508-a,tau_airport-stockholm-12,data/raw/tau2019_partial/TAU-urban-acoustic-scenes-2019-development/audio/airport-stockholm-12-508-a.wav,10.0,running_footsteps,0.0217,clean
bg_school_tau2019_01085,school,tau2019,airport-stockholm-12-509-a,tau_airport-stockholm-12,data/raw/tau2019_partial/TAU-urban-acoustic-scenes-2019-development/audio/airport-stockholm-12-509-a.wav,10.0,running_footsteps,0.2776,flagged
bg_school_tau2019_01086,school,tau2019,airport-stockholm-12-510-a,tau_airport-stockholm-12,data/raw/tau2019_partial/TAU-urban-acoustic-scenes-2019-development/audio/airport-stockholm-12-510-a.wav,10.0,running_footsteps,0.015,clean
bg_school_tau2019_01087,school,tau2019,airport-vienna-13-511-a,tau_airport-vienna-13,data/raw/tau2019_partial/TAU-urban-acoustic-scenes-2019-development/audio/airport-vienna-13-511-a.wav,10.0,running_footsteps,0.0395,clean
bg_school_tau2019_01088,school,tau2019,airport-vienna-13-512-a,tau_airport-vienna-13,data/raw/tau2019_partial/TAU-urban-acoustic-scenes-2019-development/audio/airport-vienna-13-512-a.wav,10.0,running_footsteps,0.0364,clean
bg_school_tau2019_01089,school,tau2019,airport-vienna-13-513-a,tau_airport-vienna-13,data/raw/tau2019_partial/TAU-urban-acoustic-scenes-2019-development/audio/airport-vienna-13-513-a.wav,10.0,running_footsteps,0.0467,clean
bg_school_tau2019_01090,school,tau2019,airport-vienna-13-514-a,tau_airport-vienna-13,data/raw/tau2019_partial/TAU-urban-acoustic-scenes-2019-development/audio/airport-vienna-13-514-a.wav,10.0,running_footsteps,0.1614,flagged
bg_school_tau2019_01091,school,tau2019,airport-vienna-13-515-a,tau_airport-vienna-13,data/raw/tau2019_partial/TAU-urban-acoustic-scenes-2019-development/audio/airport-vienna-13-515-a.wav,10.0,running_footsteps,0.0256,clean
bg_school_tau2019_01092,school,tau2019,airport-vienna-13-516-a,tau_airport-vienna-13,data/raw/tau2019_partial/TAU-urban-acoustic-scenes-2019-development/audio/airport-vienna-13-516-a.wav,10.0,door_slam,0.0335,clean
bg_school_tau2019_01093,school,tau2019,airport-vienna-13-517-a,tau_airport-vienna-13,data/raw/tau2019_partial/TAU-urban-acoustic-scenes-2019-development/audio/airport-vienna-13-517-a.wav,10.0,running_footsteps,0.0271,clean
bg_school_tau2019_01094,school,tau2019,airport-vienna-13-518-a,tau_airport-vienna-13,data/raw/tau2019_partial/TAU-urban-acoustic-scenes-2019-development/audio/airport-vienna-13-518-a.wav,10.0,running_footsteps,0.0361,clean
bg_school_tau2019_01095,school,tau2019,airport-vienna-13-519-a,tau_airport-vienna-13,data/raw/tau2019_partial/TAU-urban-acoustic-scenes-2019-development/audio/airport-vienna-13-519-a.wav,10.0,running_footsteps,0.0599,clean
bg_school_tau2019_01096,school,tau2019,airport-vienna-13-520-a,tau_airport-vienna-13,data/raw/tau2019_partial/TAU-urban-acoustic-scenes-2019-development/audio/airport-vienna-13-520-a.wav,10.0,explosion,0.0846,clean
bg_school_tau2019_01097,school,tau2019,airport-vienna-13-521-a,tau_airport-vienna-13,data/raw/tau2019_partial/TAU-urban-acoustic-scenes-2019-development/audio/airport-vienna-13-521-a.wav,10.0,explosion,0.0576,clean
bg_school_tau2019_01098,school,tau2019,airport-vienna-13-522-a,tau_airport-vienna-13,data/raw/tau2019_partial/TAU-urban-acoustic-scenes-2019-development/audio/airport-vienna-13-522-a.wav,10.0,running_footsteps,0.2597,flagged
bg_school_tau2019_01099,school,tau2019,airport-vienna-13-523-a,tau_airport-vienna-13,data/raw/tau2019_partial/TAU-urban-acoustic-scenes-2019-development/audio/airport-vienna-13-523-a.wav,10.0,running_footsteps,0.0502,clean
bg_school_tau2019_01100,school,tau2019,airport-vienna-13-524-a,tau_airport-vienna-13,data/raw/tau2019_partial/TAU-urban-acoustic-scenes-2019-development/audio/airport-vienna-13-524-a.wav,10.0,running_footsteps,0.0885,clean
bg_school_tau2019_01101,school,tau2019,airport-vienna-13-525-a,tau_airport-vienna-13,data/raw/tau2019_partial/TAU-urban-acoustic-scenes-2019-development/audio/airport-vienna-13-525-a.wav,10.0,running_footsteps,0.0343,clean
bg_school_tau2019_01102,school,tau2019,airport-vienna-13-526-a,tau_airport-vienna-13,data/raw/tau2019_partial/TAU-urban-acoustic-scenes-2019-development/audio/airport-vienna-13-526-a.wav,10.0,running_footsteps,0.0328,clean
bg_school_tau2019_01103,school,tau2019,airport-vienna-13-527-a,tau_airport-vienna-13,data/raw/tau2019_partial/TAU-urban-acoustic-scenes-2019-development/audio/airport-vienna-13-527-a.wav,10.0,running_footsteps,0.0862,clean
bg_school_tau2019_01104,school,tau2019,airport-vienna-13-528-a,tau_airport-vienna-13,data/raw/tau2019_partial/TAU-urban-acoustic-scenes-2019-development/audio/airport-vienna-13-528-a.wav,10.0,running_footsteps,0.1869,flagged
bg_school_tau2019_01105,school,tau2019,airport-vienna-13-529-a,tau_airport-vienna-13,data/raw/tau2019_partial/TAU-urban-acoustic-scenes-2019-development/audio/airport-vienna-13-529-a.wav,10.0,running_footsteps,0.0352,clean
bg_school_tau2019_01106,school,tau2019,airport-vienna-13-530-a,tau_airport-vienna-13,data/raw/tau2019_partial/TAU-urban-acoustic-scenes-2019-development/audio/airport-vienna-13-530-a.wav,10.0,running_footsteps,0.0856,clean
bg_school_tau2019_01107,school,tau2019,airport-vienna-13-531-a,tau_airport-vienna-13,data/raw/tau2019_partial/TAU-urban-acoustic-scenes-2019-development/audio/airport-vienna-13-531-a.wav,10.0,explosion,0.0516,clean
bg_school_tau2019_01108,school,tau2019,airport-vienna-13-532-a,tau_airport-vienna-13,data/raw/tau2019_partial/TAU-urban-acoustic-scenes-2019-development/audio/airport-vienna-13-532-a.wav,10.0,running_footsteps,0.0868,clean
bg_school_tau2019_01109,school,tau2019,airport-vienna-13-533-a,tau_airport-vienna-13,data/raw/tau2019_partial/TAU-urban-acoustic-scenes-2019-development/audio/airport-vienna-13-533-a.wav,10.0,door_slam,0.1383,clean
bg_school_tau2019_01110,school,tau2019,airport-vienna-13-534-a,tau_airport-vienna-13,data/raw/tau2019_partial/TAU-urban-acoustic-scenes-2019-development/audio/airport-vienna-13-534-a.wav,10.0,running_footsteps,0.0598,clean
bg_school_tau2019_01111,school,tau2019,airport-vienna-13-535-a,tau_airport-vienna-13,data/raw/tau2019_partial/TAU-urban-acoustic-scenes-2019-development/audio/airport-vienna-13-535-a.wav,10.0,running_footsteps,0.2063,flagged
bg_school_tau2019_01112,school,tau2019,airport-vienna-13-536-a,tau_airport-vienna-13,data/raw/tau2019_partial/TAU-urban-acoustic-scenes-2019-development/audio/airport-vienna-13-536-a.wav,10.0,running_footsteps,0.0302,clean
bg_school_tau2019_01113,school,tau2019,airport-vienna-13-537-a,tau_airport-vienna-13,data/raw/tau2019_partial/TAU-urban-acoustic-scenes-2019-development/audio/airport-vienna-13-537-a.wav,10.0,running_footsteps,0.085,clean
bg_school_tau2019_01114,school,tau2019,airport-vienna-13-538-a,tau_airport-vienna-13,data/raw/tau2019_partial/TAU-urban-acoustic-scenes-2019-development/audio/airport-vienna-13-538-a.wav,10.0,door_slam,0.0373,clean
bg_school_tau2019_01115,school,tau2019,airport-vienna-13-539-a,tau_airport-vienna-13,data/raw/tau2019_partial/TAU-urban-acoustic-scenes-2019-development/audio/airport-vienna-13-539-a.wav,10.0,running_footsteps,0.0176,clean
bg_school_tau2019_01116,school,tau2019,airport-vienna-13-540-a,tau_airport-vienna-13,data/raw/tau2019_partial/TAU-urban-acoustic-scenes-2019-development/audio/airport-vienna-13-540-a.wav,10.0,door_slam,0.0335,clean
bg_school_tau2019_01117,school,tau2019,airport-vienna-13-541-a,tau_airport-vienna-13,data/raw/tau2019_partial/TAU-urban-acoustic-scenes-2019-development/audio/airport-vienna-13-541-a.wav,10.0,running_footsteps,0.0501,clean
bg_school_tau2019_01118,school,tau2019,airport-vienna-13-542-a,tau_airport-vienna-13,data/raw/tau2019_partial/TAU-urban-acoustic-scenes-2019-development/audio/airport-vienna-13-542-a.wav,10.0,running_footsteps,0.1684,flagged
bg_school_tau2019_01119,school,tau2019,airport-vienna-13-543-a,tau_airport-vienna-13,data/raw/tau2019_partial/TAU-urban-acoustic-scenes-2019-development/audio/airport-vienna-13-543-a.wav,10.0,running_footsteps,0.0525,clean
bg_school_tau2019_01120,school,tau2019,airport-vienna-13-544-a,tau_airport-vienna-13,data/raw/tau2019_partial/TAU-urban-acoustic-scenes-2019-development/audio/airport-vienna-13-544-a.wav,10.0,running_footsteps,0.046,clean
bg_school_tau2019_01121,school,tau2019,airport-vienna-13-545-a,tau_airport-vienna-13,data/raw/tau2019_partial/TAU-urban-acoustic-scenes-2019-development/audio/airport-vienna-13-545-a.wav,10.0,running_footsteps,0.0895,clean
bg_school_tau2019_01122,school,tau2019,airport-vienna-13-546-a,tau_airport-vienna-13,data/raw/tau2019_partial/TAU-urban-acoustic-scenes-2019-development/audio/airport-vienna-13-546-a.wav,10.0,running_footsteps,0.0382,clean
bg_school_tau2019_01123,school,tau2019,airport-vienna-13-547-a,tau_airport-vienna-13,data/raw/tau2019_partial/TAU-urban-acoustic-scenes-2019-development/audio/airport-vienna-13-547-a.wav,10.0,running_footsteps,0.0364,clean
bg_school_tau2019_01124,school,tau2019,airport-vienna-13-548-a,tau_airport-vienna-13,data/raw/tau2019_partial/TAU-urban-acoustic-scenes-2019-development/audio/airport-vienna-13-548-a.wav,10.0,running_footsteps,0.2925,flagged
bg_school_tau2019_01125,school,tau2019,airport-vienna-13-549-a,tau_airport-vienna-13,data/raw/tau2019_partial/TAU-urban-acoustic-scenes-2019-development/audio/airport-vienna-13-549-a.wav,10.0,running_footsteps,0.0194,clean
bg_school_tau2019_01126,school,tau2019,airport-vienna-13-550-a,tau_airport-vienna-13,data/raw/tau2019_partial/TAU-urban-acoustic-scenes-2019-development/audio/airport-vienna-13-550-a.wav,10.0,running_footsteps,0.0506,clean
bg_school_tau2019_01127,school,tau2019,airport-vienna-13-551-a,tau_airport-vienna-13,data/raw/tau2019_partial/TAU-urban-acoustic-scenes-2019-development/audio/airport-vienna-13-551-a.wav,10.0,running_footsteps,0.2662,flagged
bg_school_tau2019_01128,school,tau2019,airport-vienna-13-552-a,tau_airport-vienna-13,data/raw/tau2019_partial/TAU-urban-acoustic-scenes-2019-development/audio/airport-vienna-13-552-a.wav,10.0,running_footsteps,0.1155,clean
bg_school_tau2019_01129,school,tau2019,airport-vienna-13-553-a,tau_airport-vienna-13,data/raw/tau2019_partial/TAU-urban-acoustic-scenes-2019-development/audio/airport-vienna-13-553-a.wav,10.0,running_footsteps,0.0229,clean
bg_school_tau2019_01130,school,tau2019,airport-vienna-13-554-a,tau_airport-vienna-13,data/raw/tau2019_partial/TAU-urban-acoustic-scenes-2019-development/audio/airport-vienna-13-554-a.wav,10.0,running_footsteps,0.1798,flagged
bg_school_tau2019_01131,school,tau2019,airport-vienna-13-555-a,tau_airport-vienna-13,data/raw/tau2019_partial/TAU-urban-acoustic-scenes-2019-development/audio/airport-vienna-13-555-a.wav,10.0,running_footsteps,0.1161,clean
bg_school_tau2019_01132,school,tau2019,airport-vienna-13-556-a,tau_airport-vienna-13,data/raw/tau2019_partial/TAU-urban-acoustic-scenes-2019-development/audio/airport-vienna-13-556-a.wav,10.0,running_footsteps,0.1333,clean
bg_school_tau2019_01133,school,tau2019,airport-vienna-13-557-a,tau_airport-vienna-13,data/raw/tau2019_partial/TAU-urban-acoustic-scenes-2019-development/audio/airport-vienna-13-557-a.wav,10.0,door_slam,0.0264,clean
bg_school_tau2019_01134,school,tau2019,airport-vienna-13-558-a,tau_airport-vienna-13,data/raw/tau2019_partial/TAU-urban-acoustic-scenes-2019-development/audio/airport-vienna-13-558-a.wav,10.0,door_slam,0.0853,clean
bg_school_tau2019_01135,school,tau2019,airport-vienna-13-559-a,tau_airport-vienna-13,data/raw/tau2019_partial/TAU-urban-acoustic-scenes-2019-development/audio/airport-vienna-13-559-a.wav,10.0,running_footsteps,0.1036,clean
bg_school_tau2019_01136,school,tau2019,airport-vienna-13-560-a,tau_airport-vienna-13,data/raw/tau2019_partial/TAU-urban-acoustic-scenes-2019-development/audio/airport-vienna-13-560-a.wav,10.0,running_footsteps,0.0535,clean
bg_school_tau2019_01137,school,tau2019,airport-vienna-13-561-a,tau_airport-vienna-13,data/raw/tau2019_partial/TAU-urban-acoustic-scenes-2019-development/audio/airport-vienna-13-561-a.wav,10.0,running_footsteps,0.0336,clean
bg_school_tau2019_01138,school,tau2019,airport-vienna-13-562-a,tau_airport-vienna-13,data/raw/tau2019_partial/TAU-urban-acoustic-scenes-2019-development/audio/airport-vienna-13-562-a.wav,10.0,running_footsteps,0.1778,flagged
bg_school_tau2019_01139,school,tau2019,airport-vienna-14-563-a,tau_airport-vienna-14,data/raw/tau2019_partial/TAU-urban-acoustic-scenes-2019-development/audio/airport-vienna-14-563-a.wav,10.0,running_footsteps,0.0433,clean
bg_school_tau2019_01140,school,tau2019,airport-vienna-14-564-a,tau_airport-vienna-14,data/raw/tau2019_partial/TAU-urban-acoustic-scenes-2019-development/audio/airport-vienna-14-564-a.wav,10.0,running_footsteps,0.0167,clean
bg_school_tau2019_01141,school,tau2019,airport-vienna-14-565-a,tau_airport-vienna-14,data/raw/tau2019_partial/TAU-urban-acoustic-scenes-2019-development/audio/airport-vienna-14-565-a.wav,10.0,running_footsteps,0.0192,clean
bg_school_tau2019_01142,school,tau2019,airport-vienna-14-566-a,tau_airport-vienna-14,data/raw/tau2019_partial/TAU-urban-acoustic-scenes-2019-development/audio/airport-vienna-14-566-a.wav,10.0,running_footsteps,0.0494,clean
bg_school_tau2019_01143,school,tau2019,airport-vienna-14-567-a,tau_airport-vienna-14,data/raw/tau2019_partial/TAU-urban-acoustic-scenes-2019-development/audio/airport-vienna-14-567-a.wav,10.0,running_footsteps,0.0613,clean
bg_school_tau2019_01144,school,tau2019,airport-vienna-14-568-a,tau_airport-vienna-14,data/raw/tau2019_partial/TAU-urban-acoustic-scenes-2019-development/audio/airport-vienna-14-568-a.wav,10.0,running_footsteps,0.0287,clean
bg_school_tau2019_01145,school,tau2019,airport-vienna-14-569-a,tau_airport-vienna-14,data/raw/tau2019_partial/TAU-urban-acoustic-scenes-2019-development/audio/airport-vienna-14-569-a.wav,10.0,running_footsteps,0.0477,clean
bg_school_tau2019_01146,school,tau2019,airport-vienna-14-570-a,tau_airport-vienna-14,data/raw/tau2019_partial/TAU-urban-acoustic-scenes-2019-development/audio/airport-vienna-14-570-a.wav,10.0,door_slam,0.0903,clean
bg_school_tau2019_01147,school,tau2019,airport-vienna-14-571-a,tau_airport-vienna-14,data/raw/tau2019_partial/TAU-urban-acoustic-scenes-2019-development/audio/airport-vienna-14-571-a.wav,10.0,running_footsteps,0.0396,clean
bg_school_tau2019_01148,school,tau2019,airport-vienna-14-572-a,tau_airport-vienna-14,data/raw/tau2019_partial/TAU-urban-acoustic-scenes-2019-development/audio/airport-vienna-14-572-a.wav,10.0,running_footsteps,0.0217,clean
bg_school_tau2019_01149,school,tau2019,airport-vienna-14-573-a,tau_airport-vienna-14,data/raw/tau2019_partial/TAU-urban-acoustic-scenes-2019-development/audio/airport-vienna-14-573-a.wav,10.0,running_footsteps,0.0771,clean
bg_school_tau2019_01150,school,tau2019,airport-vienna-14-574-a,tau_airport-vienna-14,data/raw/tau2019_partial/TAU-urban-acoustic-scenes-2019-development/audio/airport-vienna-14-574-a.wav,10.0,running_footsteps,0.0132,clean
bg_school_tau2019_01152,school,tau2019,airport-vienna-14-576-a,tau_airport-vienna-14,data/raw/tau2019_partial/TAU-urban-acoustic-scenes-2019-development/audio/airport-vienna-14-576-a.wav,10.0,running_footsteps,0.0493,clean
bg_school_tau2019_01153,school,tau2019,airport-vienna-14-577-a,tau_airport-vienna-14,data/raw/tau2019_partial/TAU-urban-acoustic-scenes-2019-development/audio/airport-vienna-14-577-a.wav,10.0,running_footsteps,0.0444,clean
bg_school_tau2019_01154,school,tau2019,airport-vienna-14-578-a,tau_airport-vienna-14,data/raw/tau2019_partial/TAU-urban-acoustic-scenes-2019-development/audio/airport-vienna-14-578-a.wav,10.0,running_footsteps,0.0812,clean
bg_school_tau2019_01156,school,tau2019,airport-vienna-14-580-a,tau_airport-vienna-14,data/raw/tau2019_partial/TAU-urban-acoustic-scenes-2019-development/audio/airport-vienna-14-580-a.wav,10.0,running_footsteps,0.0177,clean
bg_school_tau2019_01157,school,tau2019,airport-vienna-14-581-a,tau_airport-vienna-14,data/raw/tau2019_partial/TAU-urban-acoustic-scenes-2019-development/audio/airport-vienna-14-581-a.wav,10.0,running_footsteps,0.0158,clean
bg_school_tau2019_01158,school,tau2019,airport-vienna-14-582-a,tau_airport-vienna-14,data/raw/tau2019_partial/TAU-urban-acoustic-scenes-2019-development/audio/airport-vienna-14-582-a.wav,10.0,door_slam,0.0231,clean
bg_school_tau2019_01159,school,tau2019,airport-vienna-14-583-a,tau_airport-vienna-14,data/raw/tau2019_partial/TAU-urban-acoustic-scenes-2019-development/audio/airport-vienna-14-583-a.wav,10.0,running_footsteps,0.0151,clean
bg_school_tau2019_01160,school,tau2019,airport-vienna-14-584-a,tau_airport-vienna-14,data/raw/tau2019_partial/TAU-urban-acoustic-scenes-2019-development/audio/airport-vienna-14-584-a.wav,10.0,running_footsteps,0.0701,clean
bg_school_tau2019_01161,school,tau2019,airport-vienna-14-585-a,tau_airport-vienna-14,data/raw/tau2019_partial/TAU-urban-acoustic-scenes-2019-development/audio/airport-vienna-14-585-a.wav,10.0,running_footsteps,0.0169,clean
bg_school_tau2019_01162,school,tau2019,airport-vienna-14-586-a,tau_airport-vienna-14,data/raw/tau2019_partial/TAU-urban-acoustic-scenes-2019-development/audio/airport-vienna-14-586-a.wav,10.0,running_footsteps,0.1187,clean
bg_school_tau2019_01163,school,tau2019,airport-vienna-14-587-a,tau_airport-vienna-14,data/raw/tau2019_partial/TAU-urban-acoustic-scenes-2019-development/audio/airport-vienna-14-587-a.wav,10.0,running_footsteps,0.0725,clean
bg_school_tau2019_01164,school,tau2019,airport-vienna-14-588-a,tau_airport-vienna-14,data/raw/tau2019_partial/TAU-urban-acoustic-scenes-2019-development/audio/airport-vienna-14-588-a.wav,10.0,running_footsteps,0.0233,clean
bg_school_tau2019_01165,school,tau2019,airport-vienna-14-589-a,tau_airport-vienna-14,data/raw/tau2019_partial/TAU-urban-acoustic-scenes-2019-development/audio/airport-vienna-14-589-a.wav,10.0,running_footsteps,0.0436,clean
bg_school_tau2019_01166,school,tau2019,airport-vienna-14-590-a,tau_airport-vienna-14,data/raw/tau2019_partial/TAU-urban-acoustic-scenes-2019-development/audio/airport-vienna-14-590-a.wav,10.0,running_footsteps,0.1165,clean
bg_school_tau2019_01167,school,tau2019,airport-vienna-14-591-a,tau_airport-vienna-14,data/raw/tau2019_partial/TAU-urban-acoustic-scenes-2019-development/audio/airport-vienna-14-591-a.wav,10.0,running_footsteps,0.068,clean
bg_school_tau2019_01168,school,tau2019,airport-vienna-14-592-a,tau_airport-vienna-14,data/raw/tau2019_partial/TAU-urban-acoustic-scenes-2019-development/audio/airport-vienna-14-592-a.wav,10.0,running_footsteps,0.0338,clean
bg_school_tau2019_01169,school,tau2019,airport-vienna-14-593-a,tau_airport-vienna-14,data/raw/tau2019_partial/TAU-urban-acoustic-scenes-2019-development/audio/airport-vienna-14-593-a.wav,10.0,running_footsteps,0.0181,clean
bg_school_tau2019_01170,school,tau2019,airport-vienna-14-594-a,tau_airport-vienna-14,data/raw/tau2019_partial/TAU-urban-acoustic-scenes-2019-development/audio/airport-vienna-14-594-a.wav,10.0,running_footsteps,0.019,clean
bg_school_tau2019_01171,school,tau2019,airport-vienna-14-595-a,tau_airport-vienna-14,data/raw/tau2019_partial/TAU-urban-acoustic-scenes-2019-development/audio/airport-vienna-14-595-a.wav,10.0,alarm_bell,0.0313,clean
bg_school_tau2019_01173,school,tau2019,airport-vienna-14-597-a,tau_airport-vienna-14,data/raw/tau2019_partial/TAU-urban-acoustic-scenes-2019-development/audio/airport-vienna-14-597-a.wav,10.0,running_footsteps,0.0057,clean
bg_school_tau2019_01174,school,tau2019,airport-vienna-14-598-a,tau_airport-vienna-14,data/raw/tau2019_partial/TAU-urban-acoustic-scenes-2019-development/audio/airport-vienna-14-598-a.wav,10.0,running_footsteps,0.021,clean
bg_school_tau2019_01175,school,tau2019,airport-barcelona-203-6122-a,tau_airport-barcelona-203,data/raw/tau2019_partial/TAU-urban-acoustic-scenes-2019-development/audio/airport-barcelona-203-6122-a.wav,10.0,running_footsteps,0.0409,clean
bg_school_tau2019_01176,school,tau2019,airport-barcelona-203-6123-a,tau_airport-barcelona-203,data/raw/tau2019_partial/TAU-urban-acoustic-scenes-2019-development/audio/airport-barcelona-203-6123-a.wav,10.0,running_footsteps,0.0211,clean
bg_school_tau2019_01177,school,tau2019,airport-barcelona-203-6124-a,tau_airport-barcelona-203,data/raw/tau2019_partial/TAU-urban-acoustic-scenes-2019-development/audio/airport-barcelona-203-6124-a.wav,10.0,running_footsteps,0.0796,clean
bg_school_tau2019_01178,school,tau2019,airport-barcelona-203-6125-a,tau_airport-barcelona-203,data/raw/tau2019_partial/TAU-urban-acoustic-scenes-2019-development/audio/airport-barcelona-203-6125-a.wav,10.0,running_footsteps,0.0353,clean
bg_school_tau2019_01179,school,tau2019,airport-barcelona-203-6126-a,tau_airport-barcelona-203,data/raw/tau2019_partial/TAU-urban-acoustic-scenes-2019-development/audio/airport-barcelona-203-6126-a.wav,10.0,running_footsteps,0.1648,flagged
bg_school_tau2019_01180,school,tau2019,airport-barcelona-203-6127-a,tau_airport-barcelona-203,data/raw/tau2019_partial/TAU-urban-acoustic-scenes-2019-development/audio/airport-barcelona-203-6127-a.wav,10.0,running_footsteps,0.0851,clean
bg_school_tau2019_01181,school,tau2019,airport-barcelona-203-6128-a,tau_airport-barcelona-203,data/raw/tau2019_partial/TAU-urban-acoustic-scenes-2019-development/audio/airport-barcelona-203-6128-a.wav,10.0,running_footsteps,0.2075,flagged
bg_school_tau2019_01182,school,tau2019,airport-barcelona-203-6129-a,tau_airport-barcelona-203,data/raw/tau2019_partial/TAU-urban-acoustic-scenes-2019-development/audio/airport-barcelona-203-6129-a.wav,10.0,running_footsteps,0.0852,clean
bg_school_tau2019_01183,school,tau2019,airport-barcelona-203-6130-a,tau_airport-barcelona-203,data/raw/tau2019_partial/TAU-urban-acoustic-scenes-2019-development/audio/airport-barcelona-203-6130-a.wav,10.0,explosion,0.0761,clean
bg_school_tau2019_01184,school,tau2019,airport-barcelona-203-6131-a,tau_airport-barcelona-203,data/raw/tau2019_partial/TAU-urban-acoustic-scenes-2019-development/audio/airport-barcelona-203-6131-a.wav,10.0,running_footsteps,0.0623,clean
bg_school_tau2019_01185,school,tau2019,airport-barcelona-203-6132-a,tau_airport-barcelona-203,data/raw/tau2019_partial/TAU-urban-acoustic-scenes-2019-development/audio/airport-barcelona-203-6132-a.wav,10.0,running_footsteps,0.2872,flagged
bg_school_tau2019_01186,school,tau2019,airport-barcelona-203-6133-a,tau_airport-barcelona-203,data/raw/tau2019_partial/TAU-urban-acoustic-scenes-2019-development/audio/airport-barcelona-203-6133-a.wav,10.0,running_footsteps,0.077,clean
bg_school_tau2019_01187,school,tau2019,airport-barcelona-203-6134-a,tau_airport-barcelona-203,data/raw/tau2019_partial/TAU-urban-acoustic-scenes-2019-development/audio/airport-barcelona-203-6134-a.wav,10.0,running_footsteps,0.0627,clean
bg_school_tau2019_01188,school,tau2019,airport-barcelona-203-6135-a,tau_airport-barcelona-203,data/raw/tau2019_partial/TAU-urban-acoustic-scenes-2019-development/audio/airport-barcelona-203-6135-a.wav,10.0,running_footsteps,0.2384,flagged
bg_school_tau2019_01189,school,tau2019,airport-barcelona-203-6136-a,tau_airport-barcelona-203,data/raw/tau2019_partial/TAU-urban-acoustic-scenes-2019-development/audio/airport-barcelona-203-6136-a.wav,10.0,running_footsteps,0.1673,flagged
bg_school_tau2019_01190,school,tau2019,airport-barcelona-203-6137-a,tau_airport-barcelona-203,data/raw/tau2019_partial/TAU-urban-acoustic-scenes-2019-development/audio/airport-barcelona-203-6137-a.wav,10.0,running_footsteps,0.0426,clean
bg_school_tau2019_01191,school,tau2019,airport-helsinki-204-6138-a,tau_airport-helsinki-204,data/raw/tau2019_partial/TAU-urban-acoustic-scenes-2019-development/audio/airport-helsinki-204-6138-a.wav,10.0,door_slam,0.0788,clean
bg_school_tau2019_01192,school,tau2019,airport-helsinki-204-6139-a,tau_airport-helsinki-204,data/raw/tau2019_partial/TAU-urban-acoustic-scenes-2019-development/audio/airport-helsinki-204-6139-a.wav,10.0,running_footsteps,0.0267,clean
bg_school_tau2019_01193,school,tau2019,airport-helsinki-204-6140-a,tau_airport-helsinki-204,data/raw/tau2019_partial/TAU-urban-acoustic-scenes-2019-development/audio/airport-helsinki-204-6140-a.wav,10.0,running_footsteps,0.0113,clean
bg_school_tau2019_01194,school,tau2019,airport-helsinki-204-6141-a,tau_airport-helsinki-204,data/raw/tau2019_partial/TAU-urban-acoustic-scenes-2019-development/audio/airport-helsinki-204-6141-a.wav,10.0,door_slam,0.0379,clean
bg_school_tau2019_01195,school,tau2019,airport-helsinki-204-6142-a,tau_airport-helsinki-204,data/raw/tau2019_partial/TAU-urban-acoustic-scenes-2019-development/audio/airport-helsinki-204-6142-a.wav,10.0,running_footsteps,0.3401,flagged
bg_school_tau2019_01196,school,tau2019,airport-helsinki-204-6143-a,tau_airport-helsinki-204,data/raw/tau2019_partial/TAU-urban-acoustic-scenes-2019-development/audio/airport-helsinki-204-6143-a.wav,10.0,door_slam,0.0753,clean
bg_school_tau2019_01197,school,tau2019,airport-helsinki-204-6144-a,tau_airport-helsinki-204,data/raw/tau2019_partial/TAU-urban-acoustic-scenes-2019-development/audio/airport-helsinki-204-6144-a.wav,10.0,door_slam,0.1256,clean
bg_school_tau2019_01198,school,tau2019,airport-helsinki-204-6145-a,tau_airport-helsinki-204,data/raw/tau2019_partial/TAU-urban-acoustic-scenes-2019-development/audio/airport-helsinki-204-6145-a.wav,10.0,door_slam,0.0214,clean
bg_school_tau2019_01199,school,tau2019,airport-helsinki-204-6146-a,tau_airport-helsinki-204,data/raw/tau2019_partial/TAU-urban-acoustic-scenes-2019-development/audio/airport-helsinki-204-6146-a.wav,10.0,running_footsteps,0.0401,clean
bg_school_tau2019_01200,school,tau2019,airport-helsinki-204-6147-a,tau_airport-helsinki-204,data/raw/tau2019_partial/TAU-urban-acoustic-scenes-2019-development/audio/airport-helsinki-204-6147-a.wav,10.0,running_footsteps,0.0369,clean
bg_school_tau2019_01201,school,tau2019,airport-helsinki-204-6148-a,tau_airport-helsinki-204,data/raw/tau2019_partial/TAU-urban-acoustic-scenes-2019-development/audio/airport-helsinki-204-6148-a.wav,10.0,running_footsteps,0.0683,clean
bg_school_tau2019_01202,school,tau2019,airport-helsinki-204-6149-a,tau_airport-helsinki-204,data/raw/tau2019_partial/TAU-urban-acoustic-scenes-2019-development/audio/airport-helsinki-204-6149-a.wav,10.0,running_footsteps,0.0287,clean
bg_school_tau2019_01203,school,tau2019,airport-helsinki-204-6150-a,tau_airport-helsinki-204,data/raw/tau2019_partial/TAU-urban-acoustic-scenes-2019-development/audio/airport-helsinki-204-6150-a.wav,10.0,running_footsteps,0.0304,clean
bg_school_tau2019_01204,school,tau2019,airport-helsinki-204-6151-a,tau_airport-helsinki-204,data/raw/tau2019_partial/TAU-urban-acoustic-scenes-2019-development/audio/airport-helsinki-204-6151-a.wav,10.0,running_footsteps,0.1267,clean
bg_school_tau2019_01205,school,tau2019,airport-helsinki-204-6152-a,tau_airport-helsinki-204,data/raw/tau2019_partial/TAU-urban-acoustic-scenes-2019-development/audio/airport-helsinki-204-6152-a.wav,10.0,running_footsteps,0.1577,flagged
bg_school_tau2019_01206,school,tau2019,airport-helsinki-204-6153-a,tau_airport-helsinki-204,data/raw/tau2019_partial/TAU-urban-acoustic-scenes-2019-development/audio/airport-helsinki-204-6153-a.wav,10.0,running_footsteps,0.0307,clean
bg_school_tau2019_01207,school,tau2019,airport-helsinki-204-6154-a,tau_airport-helsinki-204,data/raw/tau2019_partial/TAU-urban-acoustic-scenes-2019-development/audio/airport-helsinki-204-6154-a.wav,10.0,running_footsteps,0.1837,flagged
bg_school_tau2019_01208,school,tau2019,airport-helsinki-204-6155-a,tau_airport-helsinki-204,data/raw/tau2019_partial/TAU-urban-acoustic-scenes-2019-development/audio/airport-helsinki-204-6155-a.wav,10.0,running_footsteps,0.0152,clean
bg_school_tau2019_01209,school,tau2019,airport-helsinki-204-6156-a,tau_airport-helsinki-204,data/raw/tau2019_partial/TAU-urban-acoustic-scenes-2019-development/audio/airport-helsinki-204-6156-a.wav,10.0,running_footsteps,0.0514,clean
bg_school_tau2019_01210,school,tau2019,airport-helsinki-204-6157-a,tau_airport-helsinki-204,data/raw/tau2019_partial/TAU-urban-acoustic-scenes-2019-development/audio/airport-helsinki-204-6157-a.wav,10.0,running_footsteps,0.0186,clean
bg_school_tau2019_01211,school,tau2019,airport-helsinki-204-6158-a,tau_airport-helsinki-204,data/raw/tau2019_partial/TAU-urban-acoustic-scenes-2019-development/audio/airport-helsinki-204-6158-a.wav,10.0,running_footsteps,0.0328,clean
bg_school_tau2019_01212,school,tau2019,airport-helsinki-204-6159-a,tau_airport-helsinki-204,data/raw/tau2019_partial/TAU-urban-acoustic-scenes-2019-development/audio/airport-helsinki-204-6159-a.wav,10.0,running_footsteps,0.0301,clean
bg_school_tau2019_01213,school,tau2019,airport-helsinki-204-6160-a,tau_airport-helsinki-204,data/raw/tau2019_partial/TAU-urban-acoustic-scenes-2019-development/audio/airport-helsinki-204-6160-a.wav,10.0,door_slam,0.2061,flagged
bg_school_tau2019_01214,school,tau2019,airport-helsinki-204-6161-a,tau_airport-helsinki-204,data/raw/tau2019_partial/TAU-urban-acoustic-scenes-2019-development/audio/airport-helsinki-204-6161-a.wav,10.0,running_footsteps,0.0097,clean
bg_school_tau2019_01215,school,tau2019,airport-helsinki-204-6162-a,tau_airport-helsinki-204,data/raw/tau2019_partial/TAU-urban-acoustic-scenes-2019-development/audio/airport-helsinki-204-6162-a.wav,10.0,running_footsteps,0.0291,clean
bg_school_tau2019_01216,school,tau2019,airport-helsinki-204-6163-a,tau_airport-helsinki-204,data/raw/tau2019_partial/TAU-urban-acoustic-scenes-2019-development/audio/airport-helsinki-204-6163-a.wav,10.0,running_footsteps,0.0559,clean
bg_school_tau2019_01217,school,tau2019,airport-helsinki-204-6164-a,tau_airport-helsinki-204,data/raw/tau2019_partial/TAU-urban-acoustic-scenes-2019-development/audio/airport-helsinki-204-6164-a.wav,10.0,running_footsteps,0.0278,clean
bg_school_tau2019_01218,school,tau2019,airport-helsinki-204-6165-a,tau_airport-helsinki-204,data/raw/tau2019_partial/TAU-urban-acoustic-scenes-2019-development/audio/airport-helsinki-204-6165-a.wav,10.0,running_footsteps,0.0198,clean
bg_school_tau2019_01219,school,tau2019,airport-helsinki-204-6166-a,tau_airport-helsinki-204,data/raw/tau2019_partial/TAU-urban-acoustic-scenes-2019-development/audio/airport-helsinki-204-6166-a.wav,10.0,running_footsteps,0.075,clean
bg_school_tau2019_01220,school,tau2019,airport-helsinki-204-6167-a,tau_airport-helsinki-204,data/raw/tau2019_partial/TAU-urban-acoustic-scenes-2019-development/audio/airport-helsinki-204-6167-a.wav,10.0,running_footsteps,0.1311,clean
bg_school_tau2019_01221,school,tau2019,airport-helsinki-204-6168-a,tau_airport-helsinki-204,data/raw/tau2019_partial/TAU-urban-acoustic-scenes-2019-development/audio/airport-helsinki-204-6168-a.wav,10.0,running_footsteps,0.0141,clean
bg_school_tau2019_01222,school,tau2019,airport-helsinki-204-6169-a,tau_airport-helsinki-204,data/raw/tau2019_partial/TAU-urban-acoustic-scenes-2019-development/audio/airport-helsinki-204-6169-a.wav,10.0,running_footsteps,0.0143,clean
bg_school_tau2019_01223,school,tau2019,airport-helsinki-204-6170-a,tau_airport-helsinki-204,data/raw/tau2019_partial/TAU-urban-acoustic-scenes-2019-development/audio/airport-helsinki-204-6170-a.wav,10.0,running_footsteps,0.097,clean
bg_school_tau2019_01224,school,tau2019,airport-helsinki-204-6171-a,tau_airport-helsinki-204,data/raw/tau2019_partial/TAU-urban-acoustic-scenes-2019-development/audio/airport-helsinki-204-6171-a.wav,10.0,running_footsteps,0.0232,clean
bg_school_tau2019_01225,school,tau2019,airport-helsinki-204-6172-a,tau_airport-helsinki-204,data/raw/tau2019_partial/TAU-urban-acoustic-scenes-2019-development/audio/airport-helsinki-204-6172-a.wav,10.0,running_footsteps,0.0923,clean
bg_school_tau2019_01226,school,tau2019,airport-helsinki-204-6173-a,tau_airport-helsinki-204,data/raw/tau2019_partial/TAU-urban-acoustic-scenes-2019-development/audio/airport-helsinki-204-6173-a.wav,10.0,glass_breaking,0.0202,clean
bg_school_tau2019_01227,school,tau2019,airport-helsinki-204-6174-a,tau_airport-helsinki-204,data/raw/tau2019_partial/TAU-urban-acoustic-scenes-2019-development/audio/airport-helsinki-204-6174-a.wav,10.0,running_footsteps,0.0151,clean
bg_school_tau2019_01228,school,tau2019,airport-helsinki-204-6175-a,tau_airport-helsinki-204,data/raw/tau2019_partial/TAU-urban-acoustic-scenes-2019-development/audio/airport-helsinki-204-6175-a.wav,10.0,running_footsteps,0.0692,clean
bg_school_tau2019_01229,school,tau2019,airport-helsinki-204-6176-a,tau_airport-helsinki-204,data/raw/tau2019_partial/TAU-urban-acoustic-scenes-2019-development/audio/airport-helsinki-204-6176-a.wav,10.0,running_footsteps,0.0748,clean
bg_school_tau2019_01230,school,tau2019,airport-helsinki-204-6177-a,tau_airport-helsinki-204,data/raw/tau2019_partial/TAU-urban-acoustic-scenes-2019-development/audio/airport-helsinki-204-6177-a.wav,10.0,running_footsteps,0.0873,clean
bg_school_tau2019_01231,school,tau2019,airport-london-205-6178-a,tau_airport-london-205,data/raw/tau2019_partial/TAU-urban-acoustic-scenes-2019-development/audio/airport-london-205-6178-a.wav,10.0,running_footsteps,0.0169,clean
bg_school_tau2019_01232,school,tau2019,airport-london-205-6179-a,tau_airport-london-205,data/raw/tau2019_partial/TAU-urban-acoustic-scenes-2019-development/audio/airport-london-205-6179-a.wav,10.0,running_footsteps,0.0146,clean
bg_school_tau2019_01233,school,tau2019,airport-london-205-6180-a,tau_airport-london-205,data/raw/tau2019_partial/TAU-urban-acoustic-scenes-2019-development/audio/airport-london-205-6180-a.wav,10.0,running_footsteps,0.0485,clean
bg_school_tau2019_01234,school,tau2019,airport-london-205-6181-a,tau_airport-london-205,data/raw/tau2019_partial/TAU-urban-acoustic-scenes-2019-development/audio/airport-london-205-6181-a.wav,10.0,running_footsteps,0.0288,clean
bg_school_tau2019_01235,school,tau2019,airport-london-205-6182-a,tau_airport-london-205,data/raw/tau2019_partial/TAU-urban-acoustic-scenes-2019-development/audio/airport-london-205-6182-a.wav,10.0,running_footsteps,0.0794,clean
bg_school_tau2019_01236,school,tau2019,airport-london-205-6183-a,tau_airport-london-205,data/raw/tau2019_partial/TAU-urban-acoustic-scenes-2019-development/audio/airport-london-205-6183-a.wav,10.0,running_footsteps,0.1819,flagged
bg_school_tau2019_01237,school,tau2019,airport-london-205-6184-a,tau_airport-london-205,data/raw/tau2019_partial/TAU-urban-acoustic-scenes-2019-development/audio/airport-london-205-6184-a.wav,10.0,running_footsteps,0.1002,clean
bg_school_tau2019_01238,school,tau2019,airport-london-205-6185-a,tau_airport-london-205,data/raw/tau2019_partial/TAU-urban-acoustic-scenes-2019-development/audio/airport-london-205-6185-a.wav,10.0,running_footsteps,0.0429,clean
bg_school_tau2019_01239,school,tau2019,airport-london-205-6186-a,tau_airport-london-205,data/raw/tau2019_partial/TAU-urban-acoustic-scenes-2019-development/audio/airport-london-205-6186-a.wav,10.0,door_slam,0.0302,clean
bg_school_tau2019_01240,school,tau2019,airport-london-205-6187-a,tau_airport-london-205,data/raw/tau2019_partial/TAU-urban-acoustic-scenes-2019-development/audio/airport-london-205-6187-a.wav,10.0,running_footsteps,0.0554,clean
bg_school_tau2019_01241,school,tau2019,airport-london-205-6188-a,tau_airport-london-205,data/raw/tau2019_partial/TAU-urban-acoustic-scenes-2019-development/audio/airport-london-205-6188-a.wav,10.0,running_footsteps,0.0847,clean
bg_school_tau2019_01242,school,tau2019,airport-london-205-6189-a,tau_airport-london-205,data/raw/tau2019_partial/TAU-urban-acoustic-scenes-2019-development/audio/airport-london-205-6189-a.wav,10.0,running_footsteps,0.0257,clean
bg_school_tau2019_01243,school,tau2019,airport-london-205-6190-a,tau_airport-london-205,data/raw/tau2019_partial/TAU-urban-acoustic-scenes-2019-development/audio/airport-london-205-6190-a.wav,10.0,running_footsteps,0.048,clean
bg_school_tau2019_01244,school,tau2019,airport-london-205-6191-a,tau_airport-london-205,data/raw/tau2019_partial/TAU-urban-acoustic-scenes-2019-development/audio/airport-london-205-6191-a.wav,10.0,running_footsteps,0.0754,clean
bg_school_tau2019_01245,school,tau2019,airport-london-205-6192-a,tau_airport-london-205,data/raw/tau2019_partial/TAU-urban-acoustic-scenes-2019-development/audio/airport-london-205-6192-a.wav,10.0,running_footsteps,0.1076,clean
bg_school_tau2019_01246,school,tau2019,airport-london-205-6193-a,tau_airport-london-205,data/raw/tau2019_partial/TAU-urban-acoustic-scenes-2019-development/audio/airport-london-205-6193-a.wav,10.0,running_footsteps,0.0554,clean
bg_school_tau2019_01247,school,tau2019,airport-london-205-6194-a,tau_airport-london-205,data/raw/tau2019_partial/TAU-urban-acoustic-scenes-2019-development/audio/airport-london-205-6194-a.wav,10.0,running_footsteps,0.034,clean
bg_school_tau2019_01248,school,tau2019,airport-london-205-6195-a,tau_airport-london-205,data/raw/tau2019_partial/TAU-urban-acoustic-scenes-2019-development/audio/airport-london-205-6195-a.wav,10.0,running_footsteps,0.1193,clean
bg_school_tau2019_01249,school,tau2019,airport-london-205-6196-a,tau_airport-london-205,data/raw/tau2019_partial/TAU-urban-acoustic-scenes-2019-development/audio/airport-london-205-6196-a.wav,10.0,running_footsteps,0.0282,clean
bg_school_tau2019_01250,school,tau2019,airport-london-205-6197-a,tau_airport-london-205,data/raw/tau2019_partial/TAU-urban-acoustic-scenes-2019-development/audio/airport-london-205-6197-a.wav,10.0,running_footsteps,0.0367,clean
bg_school_tau2019_01251,school,tau2019,airport-london-205-6198-a,tau_airport-london-205,data/raw/tau2019_partial/TAU-urban-acoustic-scenes-2019-development/audio/airport-london-205-6198-a.wav,10.0,running_footsteps,0.1409,clean
bg_school_tau2019_01252,school,tau2019,airport-london-205-6199-a,tau_airport-london-205,data/raw/tau2019_partial/TAU-urban-acoustic-scenes-2019-development/audio/airport-london-205-6199-a.wav,10.0,running_footsteps,0.0927,clean
bg_school_tau2019_01253,school,tau2019,airport-london-205-6200-a,tau_airport-london-205,data/raw/tau2019_partial/TAU-urban-acoustic-scenes-2019-development/audio/airport-london-205-6200-a.wav,10.0,running_footsteps,0.0738,clean
bg_school_tau2019_01254,school,tau2019,airport-london-205-6201-a,tau_airport-london-205,data/raw/tau2019_partial/TAU-urban-acoustic-scenes-2019-development/audio/airport-london-205-6201-a.wav,10.0,door_slam,0.0717,clean
bg_school_tau2019_01255,school,tau2019,airport-london-205-6202-a,tau_airport-london-205,data/raw/tau2019_partial/TAU-urban-acoustic-scenes-2019-development/audio/airport-london-205-6202-a.wav,10.0,running_footsteps,0.0414,clean
bg_school_tau2019_01256,school,tau2019,airport-london-205-6203-a,tau_airport-london-205,data/raw/tau2019_partial/TAU-urban-acoustic-scenes-2019-development/audio/airport-london-205-6203-a.wav,10.0,running_footsteps,0.0886,clean
bg_school_tau2019_01257,school,tau2019,airport-london-205-6204-a,tau_airport-london-205,data/raw/tau2019_partial/TAU-urban-acoustic-scenes-2019-development/audio/airport-london-205-6204-a.wav,10.0,running_footsteps,0.1029,clean
bg_school_tau2019_01258,school,tau2019,airport-london-205-6205-a,tau_airport-london-205,data/raw/tau2019_partial/TAU-urban-acoustic-scenes-2019-development/audio/airport-london-205-6205-a.wav,10.0,running_footsteps,0.0425,clean
bg_school_tau2019_01259,school,tau2019,airport-london-205-6206-a,tau_airport-london-205,data/raw/tau2019_partial/TAU-urban-acoustic-scenes-2019-development/audio/airport-london-205-6206-a.wav,10.0,running_footsteps,0.0123,clean
bg_school_tau2019_01260,school,tau2019,airport-london-205-6207-a,tau_airport-london-205,data/raw/tau2019_partial/TAU-urban-acoustic-scenes-2019-development/audio/airport-london-205-6207-a.wav,10.0,running_footsteps,0.1366,clean
bg_school_tau2019_01261,school,tau2019,airport-london-205-6208-a,tau_airport-london-205,data/raw/tau2019_partial/TAU-urban-acoustic-scenes-2019-development/audio/airport-london-205-6208-a.wav,10.0,running_footsteps,0.1098,clean
bg_school_tau2019_01262,school,tau2019,airport-london-205-6209-a,tau_airport-london-205,data/raw/tau2019_partial/TAU-urban-acoustic-scenes-2019-development/audio/airport-london-205-6209-a.wav,10.0,running_footsteps,0.026,clean
bg_school_tau2019_01263,school,tau2019,airport-london-205-6210-a,tau_airport-london-205,data/raw/tau2019_partial/TAU-urban-acoustic-scenes-2019-development/audio/airport-london-205-6210-a.wav,10.0,running_footsteps,0.0223,clean
bg_school_tau2019_01264,school,tau2019,airport-london-205-6211-a,tau_airport-london-205,data/raw/tau2019_partial/TAU-urban-acoustic-scenes-2019-development/audio/airport-london-205-6211-a.wav,10.0,running_footsteps,0.03,clean
bg_school_tau2019_01265,school,tau2019,airport-london-205-6212-a,tau_airport-london-205,data/raw/tau2019_partial/TAU-urban-acoustic-scenes-2019-development/audio/airport-london-205-6212-a.wav,10.0,running_footsteps,0.0435,clean
bg_school_tau2019_01266,school,tau2019,airport-london-205-6213-a,tau_airport-london-205,data/raw/tau2019_partial/TAU-urban-acoustic-scenes-2019-development/audio/airport-london-205-6213-a.wav,10.0,running_footsteps,0.1381,clean
bg_school_tau2019_01267,school,tau2019,airport-london-205-6214-a,tau_airport-london-205,data/raw/tau2019_partial/TAU-urban-acoustic-scenes-2019-development/audio/airport-london-205-6214-a.wav,10.0,running_footsteps,0.0252,clean
bg_school_tau2019_01268,school,tau2019,airport-london-205-6215-a,tau_airport-london-205,data/raw/tau2019_partial/TAU-urban-acoustic-scenes-2019-development/audio/airport-london-205-6215-a.wav,10.0,running_footsteps,0.0394,clean
bg_school_tau2019_01269,school,tau2019,airport-london-205-6216-a,tau_airport-london-205,data/raw/tau2019_partial/TAU-urban-acoustic-scenes-2019-development/audio/airport-london-205-6216-a.wav,10.0,running_footsteps,0.0237,clean
bg_school_tau2019_01270,school,tau2019,airport-london-205-6217-a,tau_airport-london-205,data/raw/tau2019_partial/TAU-urban-acoustic-scenes-2019-development/audio/airport-london-205-6217-a.wav,10.0,running_footsteps,0.0558,clean
bg_school_tau2019_01271,school,tau2019,airport-london-205-6218-a,tau_airport-london-205,data/raw/tau2019_partial/TAU-urban-acoustic-scenes-2019-development/audio/airport-london-205-6218-a.wav,10.0,running_footsteps,0.1548,flagged
bg_school_tau2019_01272,school,tau2019,airport-london-205-6219-a,tau_airport-london-205,data/raw/tau2019_partial/TAU-urban-acoustic-scenes-2019-development/audio/airport-london-205-6219-a.wav,10.0,running_footsteps,0.0593,clean
bg_school_tau2019_01273,school,tau2019,airport-london-205-6220-a,tau_airport-london-205,data/raw/tau2019_partial/TAU-urban-acoustic-scenes-2019-development/audio/airport-london-205-6220-a.wav,10.0,running_footsteps,0.045,clean
bg_school_tau2019_01274,school,tau2019,airport-london-205-6221-a,tau_airport-london-205,data/raw/tau2019_partial/TAU-urban-acoustic-scenes-2019-development/audio/airport-london-205-6221-a.wav,10.0,running_footsteps,0.0317,clean
bg_school_tau2019_01275,school,tau2019,airport-london-205-6222-a,tau_airport-london-205,data/raw/tau2019_partial/TAU-urban-acoustic-scenes-2019-development/audio/airport-london-205-6222-a.wav,10.0,running_footsteps,0.0612,clean
bg_school_tau2019_01276,school,tau2019,airport-london-205-6223-a,tau_airport-london-205,data/raw/tau2019_partial/TAU-urban-acoustic-scenes-2019-development/audio/airport-london-205-6223-a.wav,10.0,door_slam,0.0429,clean
bg_school_tau2019_01277,school,tau2019,airport-london-205-6224-a,tau_airport-london-205,data/raw/tau2019_partial/TAU-urban-acoustic-scenes-2019-development/audio/airport-london-205-6224-a.wav,10.0,running_footsteps,0.0948,clean
bg_school_tau2019_01278,school,tau2019,airport-london-205-6225-a,tau_airport-london-205,data/raw/tau2019_partial/TAU-urban-acoustic-scenes-2019-development/audio/airport-london-205-6225-a.wav,10.0,running_footsteps,0.1212,clean
bg_school_tau2019_01279,school,tau2019,airport-london-205-6226-a,tau_airport-london-205,data/raw/tau2019_partial/TAU-urban-acoustic-scenes-2019-development/audio/airport-london-205-6226-a.wav,10.0,running_footsteps,0.0894,clean
bg_school_tau2019_01280,school,tau2019,airport-london-205-6227-a,tau_airport-london-205,data/raw/tau2019_partial/TAU-urban-acoustic-scenes-2019-development/audio/airport-london-205-6227-a.wav,10.0,running_footsteps,0.1016,clean
bg_school_tau2019_01281,school,tau2019,airport-london-205-6228-a,tau_airport-london-205,data/raw/tau2019_partial/TAU-urban-acoustic-scenes-2019-development/audio/airport-london-205-6228-a.wav,10.0,running_footsteps,0.1279,clean
bg_school_tau2019_01282,school,tau2019,airport-london-205-6229-a,tau_airport-london-205,data/raw/tau2019_partial/TAU-urban-acoustic-scenes-2019-development/audio/airport-london-205-6229-a.wav,10.0,running_footsteps,0.1201,clean
bg_school_tau2019_01283,school,tau2019,airport-london-205-6230-a,tau_airport-london-205,data/raw/tau2019_partial/TAU-urban-acoustic-scenes-2019-development/audio/airport-london-205-6230-a.wav,10.0,running_footsteps,0.0447,clean
bg_school_tau2019_01284,school,tau2019,airport-london-205-6231-a,tau_airport-london-205,data/raw/tau2019_partial/TAU-urban-acoustic-scenes-2019-development/audio/airport-london-205-6231-a.wav,10.0,running_footsteps,0.0576,clean
bg_school_tau2019_01285,school,tau2019,airport-london-205-6232-a,tau_airport-london-205,data/raw/tau2019_partial/TAU-urban-acoustic-scenes-2019-development/audio/airport-london-205-6232-a.wav,10.0,running_footsteps,0.2095,flagged
bg_school_tau2019_01286,school,tau2019,airport-london-205-6233-a,tau_airport-london-205,data/raw/tau2019_partial/TAU-urban-acoustic-scenes-2019-development/audio/airport-london-205-6233-a.wav,10.0,running_footsteps,0.0497,clean
bg_school_tau2019_01287,school,tau2019,airport-london-205-6234-a,tau_airport-london-205,data/raw/tau2019_partial/TAU-urban-acoustic-scenes-2019-development/audio/airport-london-205-6234-a.wav,10.0,running_footsteps,0.0598,clean
bg_school_tau2019_01288,school,tau2019,airport-london-205-6235-a,tau_airport-london-205,data/raw/tau2019_partial/TAU-urban-acoustic-scenes-2019-development/audio/airport-london-205-6235-a.wav,10.0,running_footsteps,0.0585,clean
bg_school_tau2019_01289,school,tau2019,airport-london-205-6236-a,tau_airport-london-205,data/raw/tau2019_partial/TAU-urban-acoustic-scenes-2019-development/audio/airport-london-205-6236-a.wav,10.0,running_footsteps,0.0475,clean
bg_school_tau2019_01290,school,tau2019,airport-paris-206-6237-a,tau_airport-paris-206,data/raw/tau2019_partial/TAU-urban-acoustic-scenes-2019-development/audio/airport-paris-206-6237-a.wav,10.0,running_footsteps,0.0079,clean
bg_school_tau2019_01291,school,tau2019,airport-paris-206-6238-a,tau_airport-paris-206,data/raw/tau2019_partial/TAU-urban-acoustic-scenes-2019-development/audio/airport-paris-206-6238-a.wav,10.0,running_footsteps,0.1015,clean
bg_school_tau2019_01292,school,tau2019,airport-paris-206-6239-a,tau_airport-paris-206,data/raw/tau2019_partial/TAU-urban-acoustic-scenes-2019-development/audio/airport-paris-206-6239-a.wav,10.0,alarm_bell,0.0202,clean
bg_school_tau2019_01293,school,tau2019,airport-paris-206-6240-a,tau_airport-paris-206,data/raw/tau2019_partial/TAU-urban-acoustic-scenes-2019-development/audio/airport-paris-206-6240-a.wav,10.0,siren,0.0077,clean
bg_school_tau2019_01294,school,tau2019,airport-paris-206-6241-a,tau_airport-paris-206,data/raw/tau2019_partial/TAU-urban-acoustic-scenes-2019-development/audio/airport-paris-206-6241-a.wav,10.0,running_footsteps,0.0218,clean
bg_school_tau2019_01295,school,tau2019,airport-paris-206-6242-a,tau_airport-paris-206,data/raw/tau2019_partial/TAU-urban-acoustic-scenes-2019-development/audio/airport-paris-206-6242-a.wav,10.0,siren,0.0121,clean
bg_school_tau2019_01296,school,tau2019,airport-paris-206-6243-a,tau_airport-paris-206,data/raw/tau2019_partial/TAU-urban-acoustic-scenes-2019-development/audio/airport-paris-206-6243-a.wav,10.0,door_slam,0.0123,clean
bg_school_tau2019_01297,school,tau2019,airport-paris-206-6244-a,tau_airport-paris-206,data/raw/tau2019_partial/TAU-urban-acoustic-scenes-2019-development/audio/airport-paris-206-6244-a.wav,10.0,running_footsteps,0.0143,clean
bg_school_tau2019_01298,school,tau2019,airport-paris-206-6245-a,tau_airport-paris-206,data/raw/tau2019_partial/TAU-urban-acoustic-scenes-2019-development/audio/airport-paris-206-6245-a.wav,10.0,running_footsteps,0.0143,clean
bg_school_tau2019_01299,school,tau2019,airport-paris-206-6246-a,tau_airport-paris-206,data/raw/tau2019_partial/TAU-urban-acoustic-scenes-2019-development/audio/airport-paris-206-6246-a.wav,10.0,door_slam,0.0344,clean
bg_school_tau2019_01300,school,tau2019,airport-paris-206-6247-a,tau_airport-paris-206,data/raw/tau2019_partial/TAU-urban-acoustic-scenes-2019-development/audio/airport-paris-206-6247-a.wav,10.0,door_slam,0.0042,clean
bg_school_tau2019_01301,school,tau2019,airport-paris-206-6248-a,tau_airport-paris-206,data/raw/tau2019_partial/TAU-urban-acoustic-scenes-2019-development/audio/airport-paris-206-6248-a.wav,10.0,siren,0.022,clean
bg_school_tau2019_01302,school,tau2019,airport-paris-206-6249-a,tau_airport-paris-206,data/raw/tau2019_partial/TAU-urban-acoustic-scenes-2019-development/audio/airport-paris-206-6249-a.wav,10.0,running_footsteps,0.0104,clean
bg_school_tau2019_01303,school,tau2019,airport-paris-206-6250-a,tau_airport-paris-206,data/raw/tau2019_partial/TAU-urban-acoustic-scenes-2019-development/audio/airport-paris-206-6250-a.wav,10.0,running_footsteps,0.0101,clean
bg_school_tau2019_01304,school,tau2019,airport-paris-206-6251-a,tau_airport-paris-206,data/raw/tau2019_partial/TAU-urban-acoustic-scenes-2019-development/audio/airport-paris-206-6251-a.wav,10.0,running_footsteps,0.0994,clean
bg_school_tau2019_01305,school,tau2019,airport-paris-206-6252-a,tau_airport-paris-206,data/raw/tau2019_partial/TAU-urban-acoustic-scenes-2019-development/audio/airport-paris-206-6252-a.wav,10.0,alarm_bell,0.0076,clean
bg_school_tau2019_01306,school,tau2019,airport-paris-206-6253-a,tau_airport-paris-206,data/raw/tau2019_partial/TAU-urban-acoustic-scenes-2019-development/audio/airport-paris-206-6253-a.wav,10.0,door_slam,0.0194,clean
bg_school_tau2019_01307,school,tau2019,airport-paris-206-6254-a,tau_airport-paris-206,data/raw/tau2019_partial/TAU-urban-acoustic-scenes-2019-development/audio/airport-paris-206-6254-a.wav,10.0,running_footsteps,0.0107,clean
bg_school_tau2019_01308,school,tau2019,airport-paris-206-6255-a,tau_airport-paris-206,data/raw/tau2019_partial/TAU-urban-acoustic-scenes-2019-development/audio/airport-paris-206-6255-a.wav,10.0,running_footsteps,0.0084,clean
bg_school_tau2019_01309,school,tau2019,airport-paris-206-6256-a,tau_airport-paris-206,data/raw/tau2019_partial/TAU-urban-acoustic-scenes-2019-development/audio/airport-paris-206-6256-a.wav,10.0,door_slam,0.013,clean
bg_school_tau2019_01310,school,tau2019,airport-paris-206-6257-a,tau_airport-paris-206,data/raw/tau2019_partial/TAU-urban-acoustic-scenes-2019-development/audio/airport-paris-206-6257-a.wav,10.0,running_footsteps,0.0102,clean
bg_school_tau2019_01311,school,tau2019,airport-paris-206-6258-a,tau_airport-paris-206,data/raw/tau2019_partial/TAU-urban-acoustic-scenes-2019-development/audio/airport-paris-206-6258-a.wav,10.0,running_footsteps,0.0059,clean
bg_school_tau2019_01312,school,tau2019,airport-paris-206-6259-a,tau_airport-paris-206,data/raw/tau2019_partial/TAU-urban-acoustic-scenes-2019-development/audio/airport-paris-206-6259-a.wav,10.0,door_slam,0.0092,clean
bg_school_tau2019_01313,school,tau2019,airport-paris-206-6260-a,tau_airport-paris-206,data/raw/tau2019_partial/TAU-urban-acoustic-scenes-2019-development/audio/airport-paris-206-6260-a.wav,10.0,running_footsteps,0.0174,clean
bg_school_tau2019_01314,school,tau2019,airport-paris-206-6261-a,tau_airport-paris-206,data/raw/tau2019_partial/TAU-urban-acoustic-scenes-2019-development/audio/airport-paris-206-6261-a.wav,10.0,explosion,0.009,clean
bg_school_tau2019_01315,school,tau2019,airport-paris-206-6262-a,tau_airport-paris-206,data/raw/tau2019_partial/TAU-urban-acoustic-scenes-2019-development/audio/airport-paris-206-6262-a.wav,10.0,running_footsteps,0.0261,clean
bg_school_tau2019_01316,school,tau2019,airport-paris-206-6263-a,tau_airport-paris-206,data/raw/tau2019_partial/TAU-urban-acoustic-scenes-2019-development/audio/airport-paris-206-6263-a.wav,10.0,siren,0.0415,clean
bg_school_tau2019_01317,school,tau2019,airport-paris-206-6264-a,tau_airport-paris-206,data/raw/tau2019_partial/TAU-urban-acoustic-scenes-2019-development/audio/airport-paris-206-6264-a.wav,10.0,explosion,0.0166,clean
bg_school_tau2019_01318,school,tau2019,airport-paris-206-6265-a,tau_airport-paris-206,data/raw/tau2019_partial/TAU-urban-acoustic-scenes-2019-development/audio/airport-paris-206-6265-a.wav,10.0,door_slam,0.0184,clean
bg_school_tau2019_01319,school,tau2019,airport-paris-206-6266-a,tau_airport-paris-206,data/raw/tau2019_partial/TAU-urban-acoustic-scenes-2019-development/audio/airport-paris-206-6266-a.wav,10.0,explosion,0.0057,clean
bg_school_tau2019_01320,school,tau2019,airport-paris-206-6267-a,tau_airport-paris-206,data/raw/tau2019_partial/TAU-urban-acoustic-scenes-2019-development/audio/airport-paris-206-6267-a.wav,10.0,running_footsteps,0.0098,clean
bg_school_tau2019_01321,school,tau2019,airport-paris-206-6268-a,tau_airport-paris-206,data/raw/tau2019_partial/TAU-urban-acoustic-scenes-2019-development/audio/airport-paris-206-6268-a.wav,10.0,running_footsteps,0.0176,clean
bg_school_tau2019_01322,school,tau2019,airport-paris-206-6269-a,tau_airport-paris-206,data/raw/tau2019_partial/TAU-urban-acoustic-scenes-2019-development/audio/airport-paris-206-6269-a.wav,10.0,running_footsteps,0.0191,clean
bg_school_tau2019_01323,school,tau2019,airport-paris-206-6270-a,tau_airport-paris-206,data/raw/tau2019_partial/TAU-urban-acoustic-scenes-2019-development/audio/airport-paris-206-6270-a.wav,10.0,explosion,0.0069,clean
bg_school_tau2019_01324,school,tau2019,airport-paris-206-6271-a,tau_airport-paris-206,data/raw/tau2019_partial/TAU-urban-acoustic-scenes-2019-development/audio/airport-paris-206-6271-a.wav,10.0,running_footsteps,0.0037,clean
bg_school_tau2019_01325,school,tau2019,airport-paris-206-6272-a,tau_airport-paris-206,data/raw/tau2019_partial/TAU-urban-acoustic-scenes-2019-development/audio/airport-paris-206-6272-a.wav,10.0,siren,0.0759,clean
bg_school_tau2019_01326,school,tau2019,airport-paris-206-6273-a,tau_airport-paris-206,data/raw/tau2019_partial/TAU-urban-acoustic-scenes-2019-development/audio/airport-paris-206-6273-a.wav,10.0,running_footsteps,0.0127,clean
bg_school_tau2019_01327,school,tau2019,airport-paris-206-6274-a,tau_airport-paris-206,data/raw/tau2019_partial/TAU-urban-acoustic-scenes-2019-development/audio/airport-paris-206-6274-a.wav,10.0,running_footsteps,0.1369,clean
bg_school_tau2019_01328,school,tau2019,airport-paris-206-6275-a,tau_airport-paris-206,data/raw/tau2019_partial/TAU-urban-acoustic-scenes-2019-development/audio/airport-paris-206-6275-a.wav,10.0,door_slam,0.0069,clean
bg_school_tau2019_01329,school,tau2019,airport-paris-206-6276-a,tau_airport-paris-206,data/raw/tau2019_partial/TAU-urban-acoustic-scenes-2019-development/audio/airport-paris-206-6276-a.wav,10.0,running_footsteps,0.0158,clean
bg_school_tau2019_01330,school,tau2019,airport-paris-206-6277-a,tau_airport-paris-206,data/raw/tau2019_partial/TAU-urban-acoustic-scenes-2019-development/audio/airport-paris-206-6277-a.wav,10.0,explosion,0.008,clean
bg_school_tau2019_01331,school,tau2019,airport-paris-206-6278-a,tau_airport-paris-206,data/raw/tau2019_partial/TAU-urban-acoustic-scenes-2019-development/audio/airport-paris-206-6278-a.wav,10.0,explosion,0.007,clean
bg_school_tau2019_01332,school,tau2019,airport-paris-206-6279-a,tau_airport-paris-206,data/raw/tau2019_partial/TAU-urban-acoustic-scenes-2019-development/audio/airport-paris-206-6279-a.wav,10.0,running_footsteps,0.0116,clean
bg_school_tau2019_01333,school,tau2019,airport-paris-206-6280-a,tau_airport-paris-206,data/raw/tau2019_partial/TAU-urban-acoustic-scenes-2019-development/audio/airport-paris-206-6280-a.wav,10.0,running_footsteps,0.0092,clean
bg_school_tau2019_01334,school,tau2019,airport-paris-206-6281-a,tau_airport-paris-206,data/raw/tau2019_partial/TAU-urban-acoustic-scenes-2019-development/audio/airport-paris-206-6281-a.wav,10.0,door_slam,0.0372,clean
bg_school_tau2019_01335,school,tau2019,airport-paris-206-6282-a,tau_airport-paris-206,data/raw/tau2019_partial/TAU-urban-acoustic-scenes-2019-development/audio/airport-paris-206-6282-a.wav,10.0,door_slam,0.197,flagged
bg_school_tau2019_01336,school,tau2019,airport-stockholm-207-6283-a,tau_airport-stockholm-207,data/raw/tau2019_partial/TAU-urban-acoustic-scenes-2019-development/audio/airport-stockholm-207-6283-a.wav,10.0,running_footsteps,0.0795,clean
bg_school_tau2019_01337,school,tau2019,airport-stockholm-207-6284-a,tau_airport-stockholm-207,data/raw/tau2019_partial/TAU-urban-acoustic-scenes-2019-development/audio/airport-stockholm-207-6284-a.wav,10.0,running_footsteps,0.0953,clean
bg_school_tau2019_01338,school,tau2019,airport-stockholm-207-6285-a,tau_airport-stockholm-207,data/raw/tau2019_partial/TAU-urban-acoustic-scenes-2019-development/audio/airport-stockholm-207-6285-a.wav,10.0,door_slam,0.0468,clean
bg_school_tau2019_01339,school,tau2019,airport-stockholm-207-6286-a,tau_airport-stockholm-207,data/raw/tau2019_partial/TAU-urban-acoustic-scenes-2019-development/audio/airport-stockholm-207-6286-a.wav,10.0,running_footsteps,0.0579,clean
bg_school_tau2019_01340,school,tau2019,airport-stockholm-207-6287-a,tau_airport-stockholm-207,data/raw/tau2019_partial/TAU-urban-acoustic-scenes-2019-development/audio/airport-stockholm-207-6287-a.wav,10.0,running_footsteps,0.0781,clean
bg_school_tau2019_01341,school,tau2019,airport-stockholm-207-6288-a,tau_airport-stockholm-207,data/raw/tau2019_partial/TAU-urban-acoustic-scenes-2019-development/audio/airport-stockholm-207-6288-a.wav,10.0,scream,0.0272,clean
bg_school_tau2019_01342,school,tau2019,airport-stockholm-207-6289-a,tau_airport-stockholm-207,data/raw/tau2019_partial/TAU-urban-acoustic-scenes-2019-development/audio/airport-stockholm-207-6289-a.wav,10.0,running_footsteps,0.1225,clean
bg_school_tau2019_01343,school,tau2019,airport-stockholm-207-6290-a,tau_airport-stockholm-207,data/raw/tau2019_partial/TAU-urban-acoustic-scenes-2019-development/audio/airport-stockholm-207-6290-a.wav,10.0,running_footsteps,0.0479,clean
bg_school_tau2019_01344,school,tau2019,airport-stockholm-207-6291-a,tau_airport-stockholm-207,data/raw/tau2019_partial/TAU-urban-acoustic-scenes-2019-development/audio/airport-stockholm-207-6291-a.wav,10.0,running_footsteps,0.0384,clean
bg_school_tau2019_01345,school,tau2019,airport-stockholm-207-6292-a,tau_airport-stockholm-207,data/raw/tau2019_partial/TAU-urban-acoustic-scenes-2019-development/audio/airport-stockholm-207-6292-a.wav,10.0,running_footsteps,0.0783,clean
bg_school_tau2019_01346,school,tau2019,airport-stockholm-207-6293-a,tau_airport-stockholm-207,data/raw/tau2019_partial/TAU-urban-acoustic-scenes-2019-development/audio/airport-stockholm-207-6293-a.wav,10.0,running_footsteps,0.049,clean
bg_school_tau2019_01347,school,tau2019,airport-stockholm-207-6294-a,tau_airport-stockholm-207,data/raw/tau2019_partial/TAU-urban-acoustic-scenes-2019-development/audio/airport-stockholm-207-6294-a.wav,10.0,running_footsteps,0.0952,clean
bg_school_tau2019_01348,school,tau2019,airport-stockholm-207-6295-a,tau_airport-stockholm-207,data/raw/tau2019_partial/TAU-urban-acoustic-scenes-2019-development/audio/airport-stockholm-207-6295-a.wav,10.0,running_footsteps,0.0354,clean
bg_school_tau2019_01349,school,tau2019,airport-stockholm-207-6296-a,tau_airport-stockholm-207,data/raw/tau2019_partial/TAU-urban-acoustic-scenes-2019-development/audio/airport-stockholm-207-6296-a.wav,10.0,running_footsteps,0.0492,clean
bg_school_tau2019_01350,school,tau2019,airport-stockholm-207-6297-a,tau_airport-stockholm-207,data/raw/tau2019_partial/TAU-urban-acoustic-scenes-2019-development/audio/airport-stockholm-207-6297-a.wav,10.0,running_footsteps,0.0511,clean
bg_school_tau2019_01351,school,tau2019,airport-stockholm-207-6298-a,tau_airport-stockholm-207,data/raw/tau2019_partial/TAU-urban-acoustic-scenes-2019-development/audio/airport-stockholm-207-6298-a.wav,10.0,running_footsteps,0.0183,clean
bg_school_tau2019_01352,school,tau2019,airport-stockholm-207-6299-a,tau_airport-stockholm-207,data/raw/tau2019_partial/TAU-urban-acoustic-scenes-2019-development/audio/airport-stockholm-207-6299-a.wav,10.0,running_footsteps,0.0779,clean
bg_school_tau2019_01353,school,tau2019,airport-stockholm-207-6300-a,tau_airport-stockholm-207,data/raw/tau2019_partial/TAU-urban-acoustic-scenes-2019-development/audio/airport-stockholm-207-6300-a.wav,10.0,running_footsteps,0.0604,clean
bg_school_tau2019_01354,school,tau2019,airport-stockholm-207-6301-a,tau_airport-stockholm-207,data/raw/tau2019_partial/TAU-urban-acoustic-scenes-2019-development/audio/airport-stockholm-207-6301-a.wav,10.0,running_footsteps,0.0352,clean
bg_school_tau2019_01355,school,tau2019,airport-stockholm-207-6302-a,tau_airport-stockholm-207,data/raw/tau2019_partial/TAU-urban-acoustic-scenes-2019-development/audio/airport-stockholm-207-6302-a.wav,10.0,running_footsteps,0.0255,clean
bg_school_tau2019_01356,school,tau2019,airport-stockholm-207-6303-a,tau_airport-stockholm-207,data/raw/tau2019_partial/TAU-urban-acoustic-scenes-2019-development/audio/airport-stockholm-207-6303-a.wav,10.0,running_footsteps,0.1376,clean
bg_school_tau2019_01357,school,tau2019,airport-stockholm-207-6304-a,tau_airport-stockholm-207,data/raw/tau2019_partial/TAU-urban-acoustic-scenes-2019-development/audio/airport-stockholm-207-6304-a.wav,10.0,running_footsteps,0.0984,clean
bg_school_tau2019_01358,school,tau2019,airport-stockholm-207-6305-a,tau_airport-stockholm-207,data/raw/tau2019_partial/TAU-urban-acoustic-scenes-2019-development/audio/airport-stockholm-207-6305-a.wav,10.0,running_footsteps,0.0947,clean
bg_school_tau2019_01359,school,tau2019,airport-stockholm-207-6306-a,tau_airport-stockholm-207,data/raw/tau2019_partial/TAU-urban-acoustic-scenes-2019-development/audio/airport-stockholm-207-6306-a.wav,10.0,running_footsteps,0.0142,clean
bg_school_tau2019_01360,school,tau2019,airport-stockholm-207-6307-a,tau_airport-stockholm-207,data/raw/tau2019_partial/TAU-urban-acoustic-scenes-2019-development/audio/airport-stockholm-207-6307-a.wav,10.0,running_footsteps,0.0563,clean
bg_school_tau2019_01361,school,tau2019,airport-stockholm-207-6308-a,tau_airport-stockholm-207,data/raw/tau2019_partial/TAU-urban-acoustic-scenes-2019-development/audio/airport-stockholm-207-6308-a.wav,10.0,running_footsteps,0.089,clean
bg_school_tau2019_01362,school,tau2019,airport-stockholm-207-6309-a,tau_airport-stockholm-207,data/raw/tau2019_partial/TAU-urban-acoustic-scenes-2019-development/audio/airport-stockholm-207-6309-a.wav,10.0,running_footsteps,0.0757,clean
bg_school_tau2019_01363,school,tau2019,airport-stockholm-207-6310-a,tau_airport-stockholm-207,data/raw/tau2019_partial/TAU-urban-acoustic-scenes-2019-development/audio/airport-stockholm-207-6310-a.wav,10.0,running_footsteps,0.293,flagged
bg_school_tau2019_01364,school,tau2019,airport-stockholm-207-6311-a,tau_airport-stockholm-207,data/raw/tau2019_partial/TAU-urban-acoustic-scenes-2019-development/audio/airport-stockholm-207-6311-a.wav,10.0,running_footsteps,0.1574,flagged
bg_school_tau2019_01365,school,tau2019,airport-stockholm-207-6312-a,tau_airport-stockholm-207,data/raw/tau2019_partial/TAU-urban-acoustic-scenes-2019-development/audio/airport-stockholm-207-6312-a.wav,10.0,running_footsteps,0.023,clean
bg_school_tau2019_01366,school,tau2019,airport-stockholm-207-6313-a,tau_airport-stockholm-207,data/raw/tau2019_partial/TAU-urban-acoustic-scenes-2019-development/audio/airport-stockholm-207-6313-a.wav,10.0,running_footsteps,0.0567,clean
bg_school_tau2019_01367,school,tau2019,airport-stockholm-207-6314-a,tau_airport-stockholm-207,data/raw/tau2019_partial/TAU-urban-acoustic-scenes-2019-development/audio/airport-stockholm-207-6314-a.wav,10.0,running_footsteps,0.1444,clean
bg_school_tau2019_01368,school,tau2019,airport-stockholm-208-6315-a,tau_airport-stockholm-208,data/raw/tau2019_partial/TAU-urban-acoustic-scenes-2019-development/audio/airport-stockholm-208-6315-a.wav,10.0,running_footsteps,0.0209,clean
bg_school_tau2019_01369,school,tau2019,airport-stockholm-208-6316-a,tau_airport-stockholm-208,data/raw/tau2019_partial/TAU-urban-acoustic-scenes-2019-development/audio/airport-stockholm-208-6316-a.wav,10.0,running_footsteps,0.0171,clean
bg_school_tau2019_01370,school,tau2019,airport-stockholm-208-6317-a,tau_airport-stockholm-208,data/raw/tau2019_partial/TAU-urban-acoustic-scenes-2019-development/audio/airport-stockholm-208-6317-a.wav,10.0,running_footsteps,0.1879,flagged
bg_school_tau2019_01371,school,tau2019,airport-stockholm-208-6318-a,tau_airport-stockholm-208,data/raw/tau2019_partial/TAU-urban-acoustic-scenes-2019-development/audio/airport-stockholm-208-6318-a.wav,10.0,door_slam,0.0287,clean
bg_school_tau2019_01372,school,tau2019,airport-stockholm-208-6319-a,tau_airport-stockholm-208,data/raw/tau2019_partial/TAU-urban-acoustic-scenes-2019-development/audio/airport-stockholm-208-6319-a.wav,10.0,running_footsteps,0.0484,clean
bg_school_tau2019_01373,school,tau2019,airport-stockholm-208-6320-a,tau_airport-stockholm-208,data/raw/tau2019_partial/TAU-urban-acoustic-scenes-2019-development/audio/airport-stockholm-208-6320-a.wav,10.0,running_footsteps,0.0947,clean
bg_school_tau2019_01374,school,tau2019,airport-stockholm-208-6321-a,tau_airport-stockholm-208,data/raw/tau2019_partial/TAU-urban-acoustic-scenes-2019-development/audio/airport-stockholm-208-6321-a.wav,10.0,running_footsteps,0.0695,clean
bg_school_tau2019_01375,school,tau2019,airport-stockholm-208-6322-a,tau_airport-stockholm-208,data/raw/tau2019_partial/TAU-urban-acoustic-scenes-2019-development/audio/airport-stockholm-208-6322-a.wav,10.0,running_footsteps,0.0132,clean
bg_school_tau2019_01376,school,tau2019,airport-stockholm-208-6323-a,tau_airport-stockholm-208,data/raw/tau2019_partial/TAU-urban-acoustic-scenes-2019-development/audio/airport-stockholm-208-6323-a.wav,10.0,running_footsteps,0.063,clean
bg_school_tau2019_01377,school,tau2019,airport-stockholm-208-6324-a,tau_airport-stockholm-208,data/raw/tau2019_partial/TAU-urban-acoustic-scenes-2019-development/audio/airport-stockholm-208-6324-a.wav,10.0,door_slam,0.0159,clean
bg_school_tau2019_01378,school,tau2019,airport-stockholm-208-6325-a,tau_airport-stockholm-208,data/raw/tau2019_partial/TAU-urban-acoustic-scenes-2019-development/audio/airport-stockholm-208-6325-a.wav,10.0,running_footsteps,0.024,clean
bg_school_tau2019_01379,school,tau2019,airport-stockholm-208-6326-a,tau_airport-stockholm-208,data/raw/tau2019_partial/TAU-urban-acoustic-scenes-2019-development/audio/airport-stockholm-208-6326-a.wav,10.0,running_footsteps,0.0314,clean
bg_school_tau2019_01380,school,tau2019,airport-stockholm-208-6327-a,tau_airport-stockholm-208,data/raw/tau2019_partial/TAU-urban-acoustic-scenes-2019-development/audio/airport-stockholm-208-6327-a.wav,10.0,running_footsteps,0.0228,clean
bg_school_tau2019_01381,school,tau2019,airport-stockholm-208-6328-a,tau_airport-stockholm-208,data/raw/tau2019_partial/TAU-urban-acoustic-scenes-2019-development/audio/airport-stockholm-208-6328-a.wav,10.0,running_footsteps,0.0235,clean
bg_school_tau2019_01382,school,tau2019,airport-stockholm-208-6329-a,tau_airport-stockholm-208,data/raw/tau2019_partial/TAU-urban-acoustic-scenes-2019-development/audio/airport-stockholm-208-6329-a.wav,10.0,running_footsteps,0.0273,clean
bg_school_tau2019_01383,school,tau2019,airport-stockholm-208-6330-a,tau_airport-stockholm-208,data/raw/tau2019_partial/TAU-urban-acoustic-scenes-2019-development/audio/airport-stockholm-208-6330-a.wav,10.0,running_footsteps,0.0238,clean
bg_school_tau2019_01384,school,tau2019,airport-stockholm-208-6331-a,tau_airport-stockholm-208,data/raw/tau2019_partial/TAU-urban-acoustic-scenes-2019-development/audio/airport-stockholm-208-6331-a.wav,10.0,running_footsteps,0.0391,clean
bg_school_tau2019_01385,school,tau2019,airport-stockholm-208-6332-a,tau_airport-stockholm-208,data/raw/tau2019_partial/TAU-urban-acoustic-scenes-2019-development/audio/airport-stockholm-208-6332-a.wav,10.0,door_slam,0.0341,clean
bg_school_tau2019_01386,school,tau2019,airport-stockholm-208-6333-a,tau_airport-stockholm-208,data/raw/tau2019_partial/TAU-urban-acoustic-scenes-2019-development/audio/airport-stockholm-208-6333-a.wav,10.0,running_footsteps,0.0201,clean
bg_school_tau2019_01387,school,tau2019,airport-stockholm-208-6334-a,tau_airport-stockholm-208,data/raw/tau2019_partial/TAU-urban-acoustic-scenes-2019-development/audio/airport-stockholm-208-6334-a.wav,10.0,running_footsteps,0.0281,clean
bg_school_tau2019_01388,school,tau2019,airport-stockholm-208-6335-a,tau_airport-stockholm-208,data/raw/tau2019_partial/TAU-urban-acoustic-scenes-2019-development/audio/airport-stockholm-208-6335-a.wav,10.0,running_footsteps,0.038,clean
bg_school_tau2019_01389,school,tau2019,airport-stockholm-208-6336-a,tau_airport-stockholm-208,data/raw/tau2019_partial/TAU-urban-acoustic-scenes-2019-development/audio/airport-stockholm-208-6336-a.wav,10.0,running_footsteps,0.0306,clean
bg_school_tau2019_01390,school,tau2019,airport-stockholm-208-6337-a,tau_airport-stockholm-208,data/raw/tau2019_partial/TAU-urban-acoustic-scenes-2019-development/audio/airport-stockholm-208-6337-a.wav,10.0,running_footsteps,0.3089,flagged
bg_school_tau2019_01391,school,tau2019,airport-stockholm-208-6338-a,tau_airport-stockholm-208,data/raw/tau2019_partial/TAU-urban-acoustic-scenes-2019-development/audio/airport-stockholm-208-6338-a.wav,10.0,running_footsteps,0.0201,clean
bg_school_tau2019_01392,school,tau2019,airport-stockholm-208-6339-a,tau_airport-stockholm-208,data/raw/tau2019_partial/TAU-urban-acoustic-scenes-2019-development/audio/airport-stockholm-208-6339-a.wav,10.0,running_footsteps,0.0667,clean
bg_school_tau2019_01393,school,tau2019,airport-stockholm-208-6340-a,tau_airport-stockholm-208,data/raw/tau2019_partial/TAU-urban-acoustic-scenes-2019-development/audio/airport-stockholm-208-6340-a.wav,10.0,running_footsteps,0.0851,clean
bg_school_tau2019_01394,school,tau2019,airport-stockholm-208-6341-a,tau_airport-stockholm-208,data/raw/tau2019_partial/TAU-urban-acoustic-scenes-2019-development/audio/airport-stockholm-208-6341-a.wav,10.0,door_slam,0.0524,clean
bg_school_tau2019_01395,school,tau2019,airport-stockholm-208-6342-a,tau_airport-stockholm-208,data/raw/tau2019_partial/TAU-urban-acoustic-scenes-2019-development/audio/airport-stockholm-208-6342-a.wav,10.0,running_footsteps,0.0423,clean
bg_school_tau2019_01396,school,tau2019,airport-stockholm-208-6343-a,tau_airport-stockholm-208,data/raw/tau2019_partial/TAU-urban-acoustic-scenes-2019-development/audio/airport-stockholm-208-6343-a.wav,10.0,running_footsteps,0.1274,clean
bg_school_tau2019_01397,school,tau2019,airport-stockholm-208-6344-a,tau_airport-stockholm-208,data/raw/tau2019_partial/TAU-urban-acoustic-scenes-2019-development/audio/airport-stockholm-208-6344-a.wav,10.0,glass_breaking,0.0728,clean
bg_school_tau2019_01398,school,tau2019,airport-stockholm-208-6345-a,tau_airport-stockholm-208,data/raw/tau2019_partial/TAU-urban-acoustic-scenes-2019-development/audio/airport-stockholm-208-6345-a.wav,10.0,running_footsteps,0.0399,clean
bg_school_tau2019_01399,school,tau2019,airport-stockholm-208-6346-a,tau_airport-stockholm-208,data/raw/tau2019_partial/TAU-urban-acoustic-scenes-2019-development/audio/airport-stockholm-208-6346-a.wav,10.0,door_slam,0.0929,clean
bg_school_tau2019_01400,school,tau2019,airport-vienna-209-6347-a,tau_airport-vienna-209,data/raw/tau2019_partial/TAU-urban-acoustic-scenes-2019-development/audio/airport-vienna-209-6347-a.wav,10.0,explosion,0.0162,clean
bg_school_tau2019_01401,school,tau2019,airport-vienna-209-6348-a,tau_airport-vienna-209,data/raw/tau2019_partial/TAU-urban-acoustic-scenes-2019-development/audio/airport-vienna-209-6348-a.wav,10.0,door_slam,0.0869,clean
bg_school_tau2019_01402,school,tau2019,airport-vienna-209-6349-a,tau_airport-vienna-209,data/raw/tau2019_partial/TAU-urban-acoustic-scenes-2019-development/audio/airport-vienna-209-6349-a.wav,10.0,running_footsteps,0.1733,flagged
bg_school_tau2019_01403,school,tau2019,airport-vienna-209-6350-a,tau_airport-vienna-209,data/raw/tau2019_partial/TAU-urban-acoustic-scenes-2019-development/audio/airport-vienna-209-6350-a.wav,10.0,running_footsteps,0.2751,flagged
bg_school_tau2019_01404,school,tau2019,airport-vienna-209-6351-a,tau_airport-vienna-209,data/raw/tau2019_partial/TAU-urban-acoustic-scenes-2019-development/audio/airport-vienna-209-6351-a.wav,10.0,running_footsteps,0.1579,flagged
bg_school_tau2019_01405,school,tau2019,airport-vienna-209-6352-a,tau_airport-vienna-209,data/raw/tau2019_partial/TAU-urban-acoustic-scenes-2019-development/audio/airport-vienna-209-6352-a.wav,10.0,running_footsteps,0.0579,clean
bg_school_tau2019_01406,school,tau2019,airport-vienna-209-6353-a,tau_airport-vienna-209,data/raw/tau2019_partial/TAU-urban-acoustic-scenes-2019-development/audio/airport-vienna-209-6353-a.wav,10.0,running_footsteps,0.0154,clean
bg_school_tau2019_01408,school,tau2019,airport-vienna-209-6355-a,tau_airport-vienna-209,data/raw/tau2019_partial/TAU-urban-acoustic-scenes-2019-development/audio/airport-vienna-209-6355-a.wav,10.0,running_footsteps,0.5456,flagged
bg_school_tau2019_01409,school,tau2019,airport-vienna-209-6356-a,tau_airport-vienna-209,data/raw/tau2019_partial/TAU-urban-acoustic-scenes-2019-development/audio/airport-vienna-209-6356-a.wav,10.0,running_footsteps,0.4271,flagged
bg_school_tau2019_01410,school,tau2019,airport-vienna-209-6357-a,tau_airport-vienna-209,data/raw/tau2019_partial/TAU-urban-acoustic-scenes-2019-development/audio/airport-vienna-209-6357-a.wav,10.0,running_footsteps,0.0549,clean
bg_school_tau2019_01411,school,tau2019,airport-vienna-209-6358-a,tau_airport-vienna-209,data/raw/tau2019_partial/TAU-urban-acoustic-scenes-2019-development/audio/airport-vienna-209-6358-a.wav,10.0,running_footsteps,0.0354,clean
bg_school_tau2019_01412,school,tau2019,airport-vienna-209-6359-a,tau_airport-vienna-209,data/raw/tau2019_partial/TAU-urban-acoustic-scenes-2019-development/audio/airport-vienna-209-6359-a.wav,10.0,running_footsteps,0.0815,clean
bg_school_tau2019_01413,school,tau2019,airport-vienna-209-6360-a,tau_airport-vienna-209,data/raw/tau2019_partial/TAU-urban-acoustic-scenes-2019-development/audio/airport-vienna-209-6360-a.wav,10.0,running_footsteps,0.0469,clean
bg_school_tau2019_01414,school,tau2019,airport-vienna-209-6361-a,tau_airport-vienna-209,data/raw/tau2019_partial/TAU-urban-acoustic-scenes-2019-development/audio/airport-vienna-209-6361-a.wav,10.0,running_footsteps,0.5775,flagged
bg_school_tau2019_01415,school,tau2019,airport-vienna-209-6362-a,tau_airport-vienna-209,data/raw/tau2019_partial/TAU-urban-acoustic-scenes-2019-development/audio/airport-vienna-209-6362-a.wav,10.0,running_footsteps,0.0569,clean
bg_school_tau2019_01416,school,tau2019,airport-vienna-209-6363-a,tau_airport-vienna-209,data/raw/tau2019_partial/TAU-urban-acoustic-scenes-2019-development/audio/airport-vienna-209-6363-a.wav,10.0,running_footsteps,0.1255,clean
bg_school_tau2019_01417,school,tau2019,airport-vienna-209-6364-a,tau_airport-vienna-209,data/raw/tau2019_partial/TAU-urban-acoustic-scenes-2019-development/audio/airport-vienna-209-6364-a.wav,10.0,running_footsteps,0.358,flagged
bg_school_tau2019_01418,school,tau2019,airport-vienna-209-6365-a,tau_airport-vienna-209,data/raw/tau2019_partial/TAU-urban-acoustic-scenes-2019-development/audio/airport-vienna-209-6365-a.wav,10.0,running_footsteps,0.5934,flagged
bg_school_tau2019_01419,school,tau2019,airport-vienna-209-6366-a,tau_airport-vienna-209,data/raw/tau2019_partial/TAU-urban-acoustic-scenes-2019-development/audio/airport-vienna-209-6366-a.wav,10.0,running_footsteps,0.145,clean
bg_school_tau2019_01420,school,tau2019,airport-vienna-209-6367-a,tau_airport-vienna-209,data/raw/tau2019_partial/TAU-urban-acoustic-scenes-2019-development/audio/airport-vienna-209-6367-a.wav,10.0,running_footsteps,0.0372,clean
bg_school_tau2019_01421,school,tau2019,airport-vienna-209-6368-a,tau_airport-vienna-209,data/raw/tau2019_partial/TAU-urban-acoustic-scenes-2019-development/audio/airport-vienna-209-6368-a.wav,10.0,running_footsteps,0.204,flagged
bg_school_tau2019_01422,school,tau2019,airport-vienna-209-6369-a,tau_airport-vienna-209,data/raw/tau2019_partial/TAU-urban-acoustic-scenes-2019-development/audio/airport-vienna-209-6369-a.wav,10.0,running_footsteps,0.3238,flagged
bg_school_tau2019_01423,school,tau2019,airport-vienna-209-6370-a,tau_airport-vienna-209,data/raw/tau2019_partial/TAU-urban-acoustic-scenes-2019-development/audio/airport-vienna-209-6370-a.wav,10.0,running_footsteps,0.9265,flagged
bg_school_tau2019_01424,school,tau2019,airport-vienna-209-6371-a,tau_airport-vienna-209,data/raw/tau2019_partial/TAU-urban-acoustic-scenes-2019-development/audio/airport-vienna-209-6371-a.wav,10.0,running_footsteps,0.4001,flagged
bg_school_tau2019_01425,school,tau2019,airport-vienna-209-6372-a,tau_airport-vienna-209,data/raw/tau2019_partial/TAU-urban-acoustic-scenes-2019-development/audio/airport-vienna-209-6372-a.wav,10.0,running_footsteps,0.5265,flagged
bg_school_tau2019_01426,school,tau2019,airport-vienna-209-6373-a,tau_airport-vienna-209,data/raw/tau2019_partial/TAU-urban-acoustic-scenes-2019-development/audio/airport-vienna-209-6373-a.wav,10.0,running_footsteps,0.0234,clean
bg_school_tau2019_01427,school,tau2019,airport-vienna-209-6374-a,tau_airport-vienna-209,data/raw/tau2019_partial/TAU-urban-acoustic-scenes-2019-development/audio/airport-vienna-209-6374-a.wav,10.0,running_footsteps,0.3044,flagged
bg_school_tau2019_01428,school,tau2019,airport-vienna-209-6375-a,tau_airport-vienna-209,data/raw/tau2019_partial/TAU-urban-acoustic-scenes-2019-development/audio/airport-vienna-209-6375-a.wav,10.0,alarm_bell,0.735,flagged
bg_school_tau2019_01429,school,tau2019,airport-vienna-209-6376-a,tau_airport-vienna-209,data/raw/tau2019_partial/TAU-urban-acoustic-scenes-2019-development/audio/airport-vienna-209-6376-a.wav,10.0,running_footsteps,0.1678,flagged
bg_school_tau2019_01430,school,tau2019,airport-vienna-209-6377-a,tau_airport-vienna-209,data/raw/tau2019_partial/TAU-urban-acoustic-scenes-2019-development/audio/airport-vienna-209-6377-a.wav,10.0,running_footsteps,0.1253,clean
bg_school_tau2019_01431,school,tau2019,airport-vienna-209-6378-a,tau_airport-vienna-209,data/raw/tau2019_partial/TAU-urban-acoustic-scenes-2019-development/audio/airport-vienna-209-6378-a.wav,10.0,running_footsteps,0.5307,flagged
bg_school_tau2019_01433,school,tau2019,airport-vienna-209-6380-a,tau_airport-vienna-209,data/raw/tau2019_partial/TAU-urban-acoustic-scenes-2019-development/audio/airport-vienna-209-6380-a.wav,10.0,running_footsteps,0.1858,flagged
bg_school_tau2019_01434,school,tau2019,airport-vienna-209-6381-a,tau_airport-vienna-209,data/raw/tau2019_partial/TAU-urban-acoustic-scenes-2019-development/audio/airport-vienna-209-6381-a.wav,10.0,running_footsteps,0.5424,flagged
bg_school_tau2019_01435,school,tau2019,airport-vienna-209-6382-a,tau_airport-vienna-209,data/raw/tau2019_partial/TAU-urban-acoustic-scenes-2019-development/audio/airport-vienna-209-6382-a.wav,10.0,door_slam,0.0486,clean
bg_school_tau2019_01436,school,tau2019,airport-vienna-209-6383-a,tau_airport-vienna-209,data/raw/tau2019_partial/TAU-urban-acoustic-scenes-2019-development/audio/airport-vienna-209-6383-a.wav,10.0,running_footsteps,0.235,flagged
bg_school_tau2019_01437,school,tau2019,airport-vienna-209-6384-a,tau_airport-vienna-209,data/raw/tau2019_partial/TAU-urban-acoustic-scenes-2019-development/audio/airport-vienna-209-6384-a.wav,10.0,running_footsteps,0.2516,flagged
bg_school_tau2019_01438,school,tau2019,airport-vienna-209-6385-a,tau_airport-vienna-209,data/raw/tau2019_partial/TAU-urban-acoustic-scenes-2019-development/audio/airport-vienna-209-6385-a.wav,10.0,running_footsteps,0.3001,flagged
bg_school_tau2019_01439,school,tau2019,airport-vienna-209-6386-a,tau_airport-vienna-209,data/raw/tau2019_partial/TAU-urban-acoustic-scenes-2019-development/audio/airport-vienna-209-6386-a.wav,10.0,glass_breaking,0.0198,clean
bg_school_urbansound8k_01472,school,urbansound8k,104327-2-0-15.wav,freesound_104327,data/raw/urbansound8k/UrbanSound8K/audio/fold6/104327-2-0-15.wav,4.0,running_footsteps,0.0034,clean
bg_school_urbansound8k_01473,school,urbansound8k,104327-2-0-19.wav,freesound_104327,data/raw/urbansound8k/UrbanSound8K/audio/fold6/104327-2-0-19.wav,4.0,running_footsteps,0.0058,clean
bg_school_urbansound8k_01474,school,urbansound8k,104327-2-0-26.wav,freesound_104327,data/raw/urbansound8k/UrbanSound8K/audio/fold6/104327-2-0-26.wav,4.0,running_footsteps,0.0086,clean
bg_school_urbansound8k_01475,school,urbansound8k,104327-2-0-28.wav,freesound_104327,data/raw/urbansound8k/UrbanSound8K/audio/fold6/104327-2-0-28.wav,4.0,running_footsteps,0.0056,clean
bg_school_urbansound8k_01476,school,urbansound8k,104327-2-0-3.wav,freesound_104327,data/raw/urbansound8k/UrbanSound8K/audio/fold6/104327-2-0-3.wav,4.0,running_footsteps,0.0036,clean
bg_school_urbansound8k_01477,school,urbansound8k,104327-2-0-30.wav,freesound_104327,data/raw/urbansound8k/UrbanSound8K/audio/fold6/104327-2-0-30.wav,4.0,running_footsteps,0.011,clean
bg_school_urbansound8k_01478,school,urbansound8k,104327-2-0-34.wav,freesound_104327,data/raw/urbansound8k/UrbanSound8K/audio/fold6/104327-2-0-34.wav,4.0,running_footsteps,0.0051,clean
bg_school_urbansound8k_01479,school,urbansound8k,104327-2-0-4.wav,freesound_104327,data/raw/urbansound8k/UrbanSound8K/audio/fold6/104327-2-0-4.wav,4.0,running_footsteps,0.005,clean
bg_school_urbansound8k_01480,school,urbansound8k,104421-2-0-1.wav,freesound_104421,data/raw/urbansound8k/UrbanSound8K/audio/fold5/104421-2-0-1.wav,4.0,door_slam,0.0041,clean
bg_school_urbansound8k_01481,school,urbansound8k,104421-2-0-15.wav,freesound_104421,data/raw/urbansound8k/UrbanSound8K/audio/fold5/104421-2-0-15.wav,4.0,glass_breaking,0.003,clean
bg_school_urbansound8k_01482,school,urbansound8k,104421-2-0-20.wav,freesound_104421,data/raw/urbansound8k/UrbanSound8K/audio/fold5/104421-2-0-20.wav,4.0,scream,0.0377,clean
bg_school_urbansound8k_01483,school,urbansound8k,104421-2-0-29.wav,freesound_104421,data/raw/urbansound8k/UrbanSound8K/audio/fold5/104421-2-0-29.wav,4.0,running_footsteps,0.0022,clean
bg_school_urbansound8k_01484,school,urbansound8k,104421-2-0-3.wav,freesound_104421,data/raw/urbansound8k/UrbanSound8K/audio/fold5/104421-2-0-3.wav,4.0,running_footsteps,0.0083,clean
bg_school_urbansound8k_01485,school,urbansound8k,104421-2-0-5.wav,freesound_104421,data/raw/urbansound8k/UrbanSound8K/audio/fold5/104421-2-0-5.wav,4.0,door_slam,0.0038,clean
bg_school_urbansound8k_01486,school,urbansound8k,104421-2-0-7.wav,freesound_104421,data/raw/urbansound8k/UrbanSound8K/audio/fold5/104421-2-0-7.wav,4.0,scream,0.0107,clean
bg_school_urbansound8k_01490,school,urbansound8k,109703-2-0-134.wav,freesound_109703,data/raw/urbansound8k/UrbanSound8K/audio/fold2/109703-2-0-134.wav,4.0,running_footsteps,0.0064,clean
bg_school_urbansound8k_01491,school,urbansound8k,109703-2-0-14.wav,freesound_109703,data/raw/urbansound8k/UrbanSound8K/audio/fold2/109703-2-0-14.wav,4.0,running_footsteps,0.0251,clean
bg_school_urbansound8k_01492,school,urbansound8k,109703-2-0-153.wav,freesound_109703,data/raw/urbansound8k/UrbanSound8K/audio/fold2/109703-2-0-153.wav,4.0,running_footsteps,0.0202,clean
bg_school_urbansound8k_01493,school,urbansound8k,109703-2-0-29.wav,freesound_109703,data/raw/urbansound8k/UrbanSound8K/audio/fold2/109703-2-0-29.wav,4.0,running_footsteps,0.0164,clean
bg_school_urbansound8k_01494,school,urbansound8k,109703-2-0-32.wav,freesound_109703,data/raw/urbansound8k/UrbanSound8K/audio/fold2/109703-2-0-32.wav,4.0,running_footsteps,0.0228,clean
bg_school_urbansound8k_01495,school,urbansound8k,109703-2-0-48.wav,freesound_109703,data/raw/urbansound8k/UrbanSound8K/audio/fold2/109703-2-0-48.wav,4.0,running_footsteps,0.1368,clean
bg_school_urbansound8k_01496,school,urbansound8k,109703-2-0-50.wav,freesound_109703,data/raw/urbansound8k/UrbanSound8K/audio/fold2/109703-2-0-50.wav,4.0,running_footsteps,0.017,clean
bg_school_urbansound8k_01521,school,urbansound8k,129356-2-0-101.wav,freesound_129356,data/raw/urbansound8k/UrbanSound8K/audio/fold6/129356-2-0-101.wav,4.0,running_footsteps,0.1572,flagged
bg_school_urbansound8k_01522,school,urbansound8k,129356-2-0-115.wav,freesound_129356,data/raw/urbansound8k/UrbanSound8K/audio/fold6/129356-2-0-115.wav,4.0,running_footsteps,0.0996,clean
bg_school_urbansound8k_01523,school,urbansound8k,129356-2-0-118.wav,freesound_129356,data/raw/urbansound8k/UrbanSound8K/audio/fold6/129356-2-0-118.wav,4.0,running_footsteps,0.1697,flagged
bg_school_urbansound8k_01524,school,urbansound8k,129356-2-0-129.wav,freesound_129356,data/raw/urbansound8k/UrbanSound8K/audio/fold6/129356-2-0-129.wav,4.0,running_footsteps,0.4297,flagged
bg_school_urbansound8k_01525,school,urbansound8k,129356-2-0-199.wav,freesound_129356,data/raw/urbansound8k/UrbanSound8K/audio/fold6/129356-2-0-199.wav,4.0,running_footsteps,0.0622,clean
bg_school_urbansound8k_01526,school,urbansound8k,129356-2-0-48.wav,freesound_129356,data/raw/urbansound8k/UrbanSound8K/audio/fold6/129356-2-0-48.wav,4.0,running_footsteps,0.2692,flagged
bg_school_urbansound8k_01527,school,urbansound8k,129356-2-0-98.wav,freesound_129356,data/raw/urbansound8k/UrbanSound8K/audio/fold6/129356-2-0-98.wav,4.0,running_footsteps,0.4578,flagged
bg_school_urbansound8k_01528,school,urbansound8k,129750-2-0-3.wav,freesound_129750,data/raw/urbansound8k/UrbanSound8K/audio/fold10/129750-2-0-3.wav,4.0,explosion,0.0124,clean
bg_school_urbansound8k_01529,school,urbansound8k,129750-2-0-34.wav,freesound_129750,data/raw/urbansound8k/UrbanSound8K/audio/fold10/129750-2-0-34.wav,4.0,explosion,0.0449,clean
bg_school_urbansound8k_01530,school,urbansound8k,129750-2-0-36.wav,freesound_129750,data/raw/urbansound8k/UrbanSound8K/audio/fold10/129750-2-0-36.wav,4.0,gunshot,0.0046,clean
bg_school_urbansound8k_01531,school,urbansound8k,129750-2-0-37.wav,freesound_129750,data/raw/urbansound8k/UrbanSound8K/audio/fold10/129750-2-0-37.wav,4.0,running_footsteps,0.0036,clean
bg_school_urbansound8k_01532,school,urbansound8k,129750-2-0-4.wav,freesound_129750,data/raw/urbansound8k/UrbanSound8K/audio/fold10/129750-2-0-4.wav,4.0,door_slam,0.0276,clean
bg_school_urbansound8k_01533,school,urbansound8k,129750-2-0-45.wav,freesound_129750,data/raw/urbansound8k/UrbanSound8K/audio/fold10/129750-2-0-45.wav,4.0,explosion,0.0248,clean
bg_school_urbansound8k_01534,school,urbansound8k,129750-2-0-46.wav,freesound_129750,data/raw/urbansound8k/UrbanSound8K/audio/fold10/129750-2-0-46.wav,4.0,explosion,0.0073,clean
bg_school_urbansound8k_01535,school,urbansound8k,129750-2-0-48.wav,freesound_129750,data/raw/urbansound8k/UrbanSound8K/audio/fold10/129750-2-0-48.wav,4.0,explosion,0.0148,clean
bg_school_urbansound8k_01559,school,urbansound8k,132855-2-0-113.wav,freesound_132855,data/raw/urbansound8k/UrbanSound8K/audio/fold3/132855-2-0-113.wav,4.0,running_footsteps,0.0254,clean
bg_school_urbansound8k_01560,school,urbansound8k,132855-2-0-41.wav,freesound_132855,data/raw/urbansound8k/UrbanSound8K/audio/fold3/132855-2-0-41.wav,4.0,running_footsteps,0.0209,clean
bg_school_urbansound8k_01561,school,urbansound8k,132855-2-0-58.wav,freesound_132855,data/raw/urbansound8k/UrbanSound8K/audio/fold3/132855-2-0-58.wav,4.0,running_footsteps,0.0194,clean
bg_school_urbansound8k_01562,school,urbansound8k,132855-2-0-70.wav,freesound_132855,data/raw/urbansound8k/UrbanSound8K/audio/fold3/132855-2-0-70.wav,4.0,running_footsteps,0.0303,clean
bg_school_urbansound8k_01563,school,urbansound8k,132855-2-0-77.wav,freesound_132855,data/raw/urbansound8k/UrbanSound8K/audio/fold3/132855-2-0-77.wav,4.0,running_footsteps,0.0399,clean
bg_school_urbansound8k_01564,school,urbansound8k,132855-2-0-88.wav,freesound_132855,data/raw/urbansound8k/UrbanSound8K/audio/fold3/132855-2-0-88.wav,4.0,running_footsteps,0.0165,clean
bg_school_urbansound8k_01565,school,urbansound8k,132855-2-0-90.wav,freesound_132855,data/raw/urbansound8k/UrbanSound8K/audio/fold3/132855-2-0-90.wav,4.0,siren,0.0316,clean
bg_school_urbansound8k_01566,school,urbansound8k,132855-2-0-99.wav,freesound_132855,data/raw/urbansound8k/UrbanSound8K/audio/fold3/132855-2-0-99.wav,4.0,running_footsteps,0.0485,clean
bg_school_urbansound8k_01567,school,urbansound8k,135776-2-0-32.wav,freesound_135776,data/raw/urbansound8k/UrbanSound8K/audio/fold1/135776-2-0-32.wav,4.0,door_slam,0.1187,clean
bg_school_urbansound8k_01568,school,urbansound8k,135776-2-0-37.wav,freesound_135776,data/raw/urbansound8k/UrbanSound8K/audio/fold1/135776-2-0-37.wav,4.0,door_slam,0.0139,clean
bg_school_urbansound8k_01569,school,urbansound8k,135776-2-0-40.wav,freesound_135776,data/raw/urbansound8k/UrbanSound8K/audio/fold1/135776-2-0-40.wav,4.0,running_footsteps,0.03,clean
bg_school_urbansound8k_01570,school,urbansound8k,135776-2-0-49.wav,freesound_135776,data/raw/urbansound8k/UrbanSound8K/audio/fold1/135776-2-0-49.wav,4.0,door_slam,0.0114,clean
bg_school_urbansound8k_01571,school,urbansound8k,135776-2-0-50.wav,freesound_135776,data/raw/urbansound8k/UrbanSound8K/audio/fold1/135776-2-0-50.wav,4.0,running_footsteps,0.0186,clean
bg_school_urbansound8k_01572,school,urbansound8k,135776-2-0-65.wav,freesound_135776,data/raw/urbansound8k/UrbanSound8K/audio/fold1/135776-2-0-65.wav,4.0,door_slam,0.0177,clean
bg_school_urbansound8k_01573,school,urbansound8k,135776-2-0-85.wav,freesound_135776,data/raw/urbansound8k/UrbanSound8K/audio/fold1/135776-2-0-85.wav,4.0,door_slam,0.0121,clean
bg_school_urbansound8k_01574,school,urbansound8k,135776-2-0-90.wav,freesound_135776,data/raw/urbansound8k/UrbanSound8K/audio/fold1/135776-2-0-90.wav,4.0,running_footsteps,0.0118,clean
bg_school_urbansound8k_01575,school,urbansound8k,137971-2-0-0.wav,freesound_137971,data/raw/urbansound8k/UrbanSound8K/audio/fold4/137971-2-0-0.wav,4.0,running_footsteps,0.0729,clean
bg_school_urbansound8k_01576,school,urbansound8k,137971-2-0-2.wav,freesound_137971,data/raw/urbansound8k/UrbanSound8K/audio/fold4/137971-2-0-2.wav,4.0,running_footsteps,0.3442,flagged
bg_school_urbansound8k_01577,school,urbansound8k,137971-2-0-3.wav,freesound_137971,data/raw/urbansound8k/UrbanSound8K/audio/fold4/137971-2-0-3.wav,4.0,running_footsteps,0.1441,clean
bg_school_urbansound8k_01578,school,urbansound8k,137971-2-0-4.wav,freesound_137971,data/raw/urbansound8k/UrbanSound8K/audio/fold4/137971-2-0-4.wav,4.0,running_footsteps,0.1296,clean
bg_school_urbansound8k_01579,school,urbansound8k,137971-2-0-5.wav,freesound_137971,data/raw/urbansound8k/UrbanSound8K/audio/fold4/137971-2-0-5.wav,4.0,running_footsteps,0.0339,clean
bg_school_urbansound8k_01580,school,urbansound8k,137971-2-0-6.wav,freesound_137971,data/raw/urbansound8k/UrbanSound8K/audio/fold4/137971-2-0-6.wav,4.0,running_footsteps,0.2305,flagged
bg_school_urbansound8k_01581,school,urbansound8k,137971-2-0-8.wav,freesound_137971,data/raw/urbansound8k/UrbanSound8K/audio/fold4/137971-2-0-8.wav,4.0,running_footsteps,0.5803,flagged
bg_school_urbansound8k_01582,school,urbansound8k,143651-2-0-0.wav,freesound_143651,data/raw/urbansound8k/UrbanSound8K/audio/fold1/143651-2-0-0.wav,4.0,running_footsteps,0.0096,clean
bg_school_urbansound8k_01583,school,urbansound8k,143651-2-0-16.wav,freesound_143651,data/raw/urbansound8k/UrbanSound8K/audio/fold1/143651-2-0-16.wav,4.0,door_slam,0.1542,flagged
bg_school_urbansound8k_01584,school,urbansound8k,143651-2-0-20.wav,freesound_143651,data/raw/urbansound8k/UrbanSound8K/audio/fold1/143651-2-0-20.wav,4.0,door_slam,0.0251,clean
bg_school_urbansound8k_01585,school,urbansound8k,143651-2-0-22.wav,freesound_143651,data/raw/urbansound8k/UrbanSound8K/audio/fold1/143651-2-0-22.wav,4.0,door_slam,0.1093,clean
bg_school_urbansound8k_01586,school,urbansound8k,143651-2-0-39.wav,freesound_143651,data/raw/urbansound8k/UrbanSound8K/audio/fold1/143651-2-0-39.wav,4.0,explosion,0.0379,clean
bg_school_urbansound8k_01587,school,urbansound8k,143651-2-0-55.wav,freesound_143651,data/raw/urbansound8k/UrbanSound8K/audio/fold1/143651-2-0-55.wav,4.0,running_footsteps,0.0092,clean
bg_school_urbansound8k_01588,school,urbansound8k,143651-2-0-59.wav,freesound_143651,data/raw/urbansound8k/UrbanSound8K/audio/fold1/143651-2-0-59.wav,4.0,running_footsteps,0.0189,clean
bg_school_urbansound8k_01589,school,urbansound8k,143651-2-0-63.wav,freesound_143651,data/raw/urbansound8k/UrbanSound8K/audio/fold1/143651-2-0-63.wav,4.0,running_footsteps,0.066,clean
bg_school_urbansound8k_01628,school,urbansound8k,151149-2-0-11.wav,freesound_151149,data/raw/urbansound8k/UrbanSound8K/audio/fold3/151149-2-0-11.wav,4.0,running_footsteps,0.0304,clean
bg_school_urbansound8k_01629,school,urbansound8k,151149-2-0-12.wav,freesound_151149,data/raw/urbansound8k/UrbanSound8K/audio/fold3/151149-2-0-12.wav,4.0,running_footsteps,0.023,clean
bg_school_urbansound8k_01630,school,urbansound8k,151149-2-0-15.wav,freesound_151149,data/raw/urbansound8k/UrbanSound8K/audio/fold3/151149-2-0-15.wav,4.0,running_footsteps,0.0457,clean
bg_school_urbansound8k_01631,school,urbansound8k,151149-2-0-22.wav,freesound_151149,data/raw/urbansound8k/UrbanSound8K/audio/fold3/151149-2-0-22.wav,4.0,door_slam,0.0227,clean
bg_school_urbansound8k_01632,school,urbansound8k,151149-2-0-3.wav,freesound_151149,data/raw/urbansound8k/UrbanSound8K/audio/fold3/151149-2-0-3.wav,4.0,running_footsteps,0.0164,clean
bg_school_urbansound8k_01633,school,urbansound8k,151149-2-0-4.wav,freesound_151149,data/raw/urbansound8k/UrbanSound8K/audio/fold3/151149-2-0-4.wav,4.0,running_footsteps,0.0193,clean
bg_school_urbansound8k_01634,school,urbansound8k,151149-2-0-54.wav,freesound_151149,data/raw/urbansound8k/UrbanSound8K/audio/fold3/151149-2-0-54.wav,4.0,door_slam,0.2659,flagged
bg_school_urbansound8k_01635,school,urbansound8k,151149-2-0-56.wav,freesound_151149,data/raw/urbansound8k/UrbanSound8K/audio/fold3/151149-2-0-56.wav,4.0,running_footsteps,0.0097,clean
bg_school_urbansound8k_01636,school,urbansound8k,155219-2-0-0.wav,freesound_155219,data/raw/urbansound8k/UrbanSound8K/audio/fold2/155219-2-0-0.wav,4.0,running_footsteps,0.0389,clean
bg_school_urbansound8k_01637,school,urbansound8k,155219-2-0-1.wav,freesound_155219,data/raw/urbansound8k/UrbanSound8K/audio/fold2/155219-2-0-1.wav,4.0,running_footsteps,0.0269,clean
bg_school_urbansound8k_01638,school,urbansound8k,155219-2-0-22.wav,freesound_155219,data/raw/urbansound8k/UrbanSound8K/audio/fold2/155219-2-0-22.wav,4.0,running_footsteps,0.4863,flagged
bg_school_urbansound8k_01639,school,urbansound8k,155219-2-0-24.wav,freesound_155219,data/raw/urbansound8k/UrbanSound8K/audio/fold2/155219-2-0-24.wav,4.0,siren,0.4089,flagged
bg_school_urbansound8k_01640,school,urbansound8k,155219-2-0-25.wav,freesound_155219,data/raw/urbansound8k/UrbanSound8K/audio/fold2/155219-2-0-25.wav,4.0,running_footsteps,0.0456,clean
bg_school_urbansound8k_01641,school,urbansound8k,155219-2-0-26.wav,freesound_155219,data/raw/urbansound8k/UrbanSound8K/audio/fold2/155219-2-0-26.wav,4.0,running_footsteps,0.0283,clean
bg_school_urbansound8k_01642,school,urbansound8k,155219-2-0-51.wav,freesound_155219,data/raw/urbansound8k/UrbanSound8K/audio/fold2/155219-2-0-51.wav,4.0,running_footsteps,0.0708,clean
bg_school_urbansound8k_01643,school,urbansound8k,155219-2-0-57.wav,freesound_155219,data/raw/urbansound8k/UrbanSound8K/audio/fold2/155219-2-0-57.wav,4.0,running_footsteps,0.029,clean
bg_school_urbansound8k_01644,school,urbansound8k,155238-2-0-17.wav,freesound_155238,data/raw/urbansound8k/UrbanSound8K/audio/fold7/155238-2-0-17.wav,4.0,door_slam,0.1617,flagged
bg_school_urbansound8k_01645,school,urbansound8k,155238-2-0-3.wav,freesound_155238,data/raw/urbansound8k/UrbanSound8K/audio/fold7/155238-2-0-3.wav,4.0,running_footsteps,0.0184,clean
bg_school_urbansound8k_01646,school,urbansound8k,155238-2-0-31.wav,freesound_155238,data/raw/urbansound8k/UrbanSound8K/audio/fold7/155238-2-0-31.wav,4.0,running_footsteps,0.0477,clean
bg_school_urbansound8k_01647,school,urbansound8k,155238-2-0-36.wav,freesound_155238,data/raw/urbansound8k/UrbanSound8K/audio/fold7/155238-2-0-36.wav,4.0,running_footsteps,0.0436,clean
bg_school_urbansound8k_01648,school,urbansound8k,155238-2-0-47.wav,freesound_155238,data/raw/urbansound8k/UrbanSound8K/audio/fold7/155238-2-0-47.wav,4.0,door_slam,0.0128,clean
bg_school_urbansound8k_01649,school,urbansound8k,155238-2-0-67.wav,freesound_155238,data/raw/urbansound8k/UrbanSound8K/audio/fold7/155238-2-0-67.wav,4.0,running_footsteps,0.0151,clean
bg_school_urbansound8k_01650,school,urbansound8k,155238-2-0-75.wav,freesound_155238,data/raw/urbansound8k/UrbanSound8K/audio/fold7/155238-2-0-75.wav,4.0,running_footsteps,0.054,clean
bg_school_urbansound8k_01651,school,urbansound8k,155238-2-0-97.wav,freesound_155238,data/raw/urbansound8k/UrbanSound8K/audio/fold7/155238-2-0-97.wav,4.0,running_footsteps,0.0119,clean
bg_school_urbansound8k_01652,school,urbansound8k,155262-2-0-101.wav,freesound_155262,data/raw/urbansound8k/UrbanSound8K/audio/fold10/155262-2-0-101.wav,4.0,running_footsteps,0.0275,clean
bg_school_urbansound8k_01653,school,urbansound8k,155262-2-0-11.wav,freesound_155262,data/raw/urbansound8k/UrbanSound8K/audio/fold10/155262-2-0-11.wav,4.0,running_footsteps,0.3152,flagged
bg_school_urbansound8k_01654,school,urbansound8k,155262-2-0-15.wav,freesound_155262,data/raw/urbansound8k/UrbanSound8K/audio/fold10/155262-2-0-15.wav,4.0,running_footsteps,0.1342,clean
bg_school_urbansound8k_01655,school,urbansound8k,155262-2-0-2.wav,freesound_155262,data/raw/urbansound8k/UrbanSound8K/audio/fold10/155262-2-0-2.wav,4.0,running_footsteps,0.3984,flagged
bg_school_urbansound8k_01656,school,urbansound8k,155262-2-0-21.wav,freesound_155262,data/raw/urbansound8k/UrbanSound8K/audio/fold10/155262-2-0-21.wav,4.0,running_footsteps,0.017,clean
bg_school_urbansound8k_01657,school,urbansound8k,155262-2-0-48.wav,freesound_155262,data/raw/urbansound8k/UrbanSound8K/audio/fold10/155262-2-0-48.wav,4.0,running_footsteps,0.0334,clean
bg_school_urbansound8k_01658,school,urbansound8k,155262-2-0-58.wav,freesound_155262,data/raw/urbansound8k/UrbanSound8K/audio/fold10/155262-2-0-58.wav,4.0,running_footsteps,0.0621,clean
bg_school_urbansound8k_01659,school,urbansound8k,155262-2-0-63.wav,freesound_155262,data/raw/urbansound8k/UrbanSound8K/audio/fold10/155262-2-0-63.wav,4.0,running_footsteps,0.0353,clean
bg_school_urbansound8k_01660,school,urbansound8k,155263-2-0-12.wav,freesound_155263,data/raw/urbansound8k/UrbanSound8K/audio/fold3/155263-2-0-12.wav,4.0,running_footsteps,0.0154,clean
bg_school_urbansound8k_01661,school,urbansound8k,155263-2-0-22.wav,freesound_155263,data/raw/urbansound8k/UrbanSound8K/audio/fold3/155263-2-0-22.wav,4.0,running_footsteps,0.6656,flagged
bg_school_urbansound8k_01662,school,urbansound8k,155263-2-0-23.wav,freesound_155263,data/raw/urbansound8k/UrbanSound8K/audio/fold3/155263-2-0-23.wav,4.0,running_footsteps,0.6543,flagged
bg_school_urbansound8k_01663,school,urbansound8k,155263-2-0-34.wav,freesound_155263,data/raw/urbansound8k/UrbanSound8K/audio/fold3/155263-2-0-34.wav,4.0,running_footsteps,0.0168,clean
bg_school_urbansound8k_01664,school,urbansound8k,155263-2-0-43.wav,freesound_155263,data/raw/urbansound8k/UrbanSound8K/audio/fold3/155263-2-0-43.wav,4.0,running_footsteps,0.1811,flagged
bg_school_urbansound8k_01665,school,urbansound8k,155263-2-0-50.wav,freesound_155263,data/raw/urbansound8k/UrbanSound8K/audio/fold3/155263-2-0-50.wav,4.0,running_footsteps,0.0363,clean
bg_school_urbansound8k_01666,school,urbansound8k,155263-2-0-57.wav,freesound_155263,data/raw/urbansound8k/UrbanSound8K/audio/fold3/155263-2-0-57.wav,4.0,running_footsteps,0.1362,clean
bg_school_urbansound8k_01667,school,urbansound8k,155263-2-0-61.wav,freesound_155263,data/raw/urbansound8k/UrbanSound8K/audio/fold3/155263-2-0-61.wav,4.0,running_footsteps,0.0391,clean
bg_school_urbansound8k_01668,school,urbansound8k,155280-2-0-10.wav,freesound_155280,data/raw/urbansound8k/UrbanSound8K/audio/fold10/155280-2-0-10.wav,4.0,running_footsteps,0.0138,clean
bg_school_urbansound8k_01669,school,urbansound8k,155280-2-0-11.wav,freesound_155280,data/raw/urbansound8k/UrbanSound8K/audio/fold10/155280-2-0-11.wav,4.0,running_footsteps,0.3807,flagged
bg_school_urbansound8k_01670,school,urbansound8k,155280-2-0-13.wav,freesound_155280,data/raw/urbansound8k/UrbanSound8K/audio/fold10/155280-2-0-13.wav,4.0,running_footsteps,0.2687,flagged
bg_school_urbansound8k_01671,school,urbansound8k,155280-2-0-15.wav,freesound_155280,data/raw/urbansound8k/UrbanSound8K/audio/fold10/155280-2-0-15.wav,4.0,running_footsteps,0.053,clean
bg_school_urbansound8k_01672,school,urbansound8k,155280-2-0-3.wav,freesound_155280,data/raw/urbansound8k/UrbanSound8K/audio/fold10/155280-2-0-3.wav,4.0,running_footsteps,0.0268,clean
bg_school_urbansound8k_01673,school,urbansound8k,155280-2-0-5.wav,freesound_155280,data/raw/urbansound8k/UrbanSound8K/audio/fold10/155280-2-0-5.wav,4.0,running_footsteps,0.0224,clean
bg_school_urbansound8k_01674,school,urbansound8k,155280-2-0-6.wav,freesound_155280,data/raw/urbansound8k/UrbanSound8K/audio/fold10/155280-2-0-6.wav,4.0,running_footsteps,0.0207,clean
bg_school_urbansound8k_01675,school,urbansound8k,155280-2-0-7.wav,freesound_155280,data/raw/urbansound8k/UrbanSound8K/audio/fold10/155280-2-0-7.wav,4.0,running_footsteps,0.0552,clean
bg_school_urbansound8k_01704,school,urbansound8k,158593-2-0-0.wav,freesound_158593,data/raw/urbansound8k/UrbanSound8K/audio/fold7/158593-2-0-0.wav,4.0,running_footsteps,0.0366,clean
bg_school_urbansound8k_01705,school,urbansound8k,158593-2-0-31.wav,freesound_158593,data/raw/urbansound8k/UrbanSound8K/audio/fold7/158593-2-0-31.wav,4.0,running_footsteps,0.0375,clean
bg_school_urbansound8k_01706,school,urbansound8k,158593-2-0-43.wav,freesound_158593,data/raw/urbansound8k/UrbanSound8K/audio/fold7/158593-2-0-43.wav,4.0,running_footsteps,0.016,clean
bg_school_urbansound8k_01707,school,urbansound8k,158593-2-0-47.wav,freesound_158593,data/raw/urbansound8k/UrbanSound8K/audio/fold7/158593-2-0-47.wav,4.0,running_footsteps,0.1708,flagged
bg_school_urbansound8k_01708,school,urbansound8k,158593-2-0-52.wav,freesound_158593,data/raw/urbansound8k/UrbanSound8K/audio/fold7/158593-2-0-52.wav,4.0,running_footsteps,0.0131,clean
bg_school_urbansound8k_01709,school,urbansound8k,158593-2-0-54.wav,freesound_158593,data/raw/urbansound8k/UrbanSound8K/audio/fold7/158593-2-0-54.wav,4.0,running_footsteps,0.1606,flagged
bg_school_urbansound8k_01710,school,urbansound8k,158593-2-0-8.wav,freesound_158593,data/raw/urbansound8k/UrbanSound8K/audio/fold7/158593-2-0-8.wav,4.0,running_footsteps,0.0791,clean
bg_school_urbansound8k_01711,school,urbansound8k,158597-2-0-16.wav,freesound_158597,data/raw/urbansound8k/UrbanSound8K/audio/fold2/158597-2-0-16.wav,4.0,running_footsteps,0.0241,clean
bg_school_urbansound8k_01712,school,urbansound8k,158597-2-0-2.wav,freesound_158597,data/raw/urbansound8k/UrbanSound8K/audio/fold2/158597-2-0-2.wav,4.0,running_footsteps,0.0416,clean
bg_school_urbansound8k_01713,school,urbansound8k,158597-2-0-3.wav,freesound_158597,data/raw/urbansound8k/UrbanSound8K/audio/fold2/158597-2-0-3.wav,4.0,running_footsteps,0.0391,clean
bg_school_urbansound8k_01714,school,urbansound8k,158597-2-0-30.wav,freesound_158597,data/raw/urbansound8k/UrbanSound8K/audio/fold2/158597-2-0-30.wav,4.0,vehicle_crash,0.0615,clean
bg_school_urbansound8k_01715,school,urbansound8k,158597-2-0-33.wav,freesound_158597,data/raw/urbansound8k/UrbanSound8K/audio/fold2/158597-2-0-33.wav,4.0,running_footsteps,0.0413,clean
bg_school_urbansound8k_01716,school,urbansound8k,158597-2-0-41.wav,freesound_158597,data/raw/urbansound8k/UrbanSound8K/audio/fold2/158597-2-0-41.wav,4.0,running_footsteps,0.0316,clean
bg_school_urbansound8k_01717,school,urbansound8k,158597-2-0-57.wav,freesound_158597,data/raw/urbansound8k/UrbanSound8K/audio/fold2/158597-2-0-57.wav,4.0,running_footsteps,0.3226,flagged
bg_school_urbansound8k_01718,school,urbansound8k,158597-2-0-85.wav,freesound_158597,data/raw/urbansound8k/UrbanSound8K/audio/fold2/158597-2-0-85.wav,4.0,running_footsteps,0.1229,clean
bg_school_urbansound8k_01728,school,urbansound8k,160011-2-0-0.wav,freesound_160011,data/raw/urbansound8k/UrbanSound8K/audio/fold2/160011-2-0-0.wav,4.0,running_footsteps,0.0172,clean
bg_school_urbansound8k_01729,school,urbansound8k,160011-2-0-1.wav,freesound_160011,data/raw/urbansound8k/UrbanSound8K/audio/fold2/160011-2-0-1.wav,4.0,running_footsteps,0.0332,clean
bg_school_urbansound8k_01730,school,urbansound8k,160011-2-0-12.wav,freesound_160011,data/raw/urbansound8k/UrbanSound8K/audio/fold2/160011-2-0-12.wav,4.0,running_footsteps,0.0173,clean
bg_school_urbansound8k_01731,school,urbansound8k,160011-2-0-3.wav,freesound_160011,data/raw/urbansound8k/UrbanSound8K/audio/fold2/160011-2-0-3.wav,4.0,running_footsteps,0.0083,clean
bg_school_urbansound8k_01732,school,urbansound8k,160011-2-0-34.wav,freesound_160011,data/raw/urbansound8k/UrbanSound8K/audio/fold2/160011-2-0-34.wav,4.0,running_footsteps,0.0224,clean
bg_school_urbansound8k_01733,school,urbansound8k,160011-2-0-5.wav,freesound_160011,data/raw/urbansound8k/UrbanSound8K/audio/fold2/160011-2-0-5.wav,4.0,running_footsteps,0.0836,clean
bg_school_urbansound8k_01734,school,urbansound8k,160011-2-0-7.wav,freesound_160011,data/raw/urbansound8k/UrbanSound8K/audio/fold2/160011-2-0-7.wav,4.0,running_footsteps,0.0128,clean
bg_school_urbansound8k_01735,school,urbansound8k,160011-2-0-9.wav,freesound_160011,data/raw/urbansound8k/UrbanSound8K/audio/fold2/160011-2-0-9.wav,4.0,running_footsteps,0.0132,clean
bg_school_urbansound8k_01736,school,urbansound8k,160016-2-0-13.wav,freesound_160016,data/raw/urbansound8k/UrbanSound8K/audio/fold8/160016-2-0-13.wav,4.0,running_footsteps,0.0579,clean
bg_school_urbansound8k_01737,school,urbansound8k,160016-2-0-25.wav,freesound_160016,data/raw/urbansound8k/UrbanSound8K/audio/fold8/160016-2-0-25.wav,4.0,running_footsteps,0.0166,clean
bg_school_urbansound8k_01738,school,urbansound8k,160016-2-0-26.wav,freesound_160016,data/raw/urbansound8k/UrbanSound8K/audio/fold8/160016-2-0-26.wav,4.0,running_footsteps,0.0179,clean
bg_school_urbansound8k_01739,school,urbansound8k,160016-2-0-37.wav,freesound_160016,data/raw/urbansound8k/UrbanSound8K/audio/fold8/160016-2-0-37.wav,4.0,running_footsteps,0.0248,clean
bg_school_urbansound8k_01740,school,urbansound8k,160016-2-0-40.wav,freesound_160016,data/raw/urbansound8k/UrbanSound8K/audio/fold8/160016-2-0-40.wav,4.0,running_footsteps,0.0315,clean
bg_school_urbansound8k_01741,school,urbansound8k,160016-2-0-5.wav,freesound_160016,data/raw/urbansound8k/UrbanSound8K/audio/fold8/160016-2-0-5.wav,4.0,running_footsteps,0.0064,clean
bg_school_urbansound8k_01742,school,urbansound8k,160016-2-0-8.wav,freesound_160016,data/raw/urbansound8k/UrbanSound8K/audio/fold8/160016-2-0-8.wav,4.0,running_footsteps,0.013,clean
bg_school_urbansound8k_01743,school,urbansound8k,161005-2-0-0.wav,freesound_161005,data/raw/urbansound8k/UrbanSound8K/audio/fold9/161005-2-0-0.wav,4.0,running_footsteps,0.033,clean
bg_school_urbansound8k_01744,school,urbansound8k,161005-2-0-12.wav,freesound_161005,data/raw/urbansound8k/UrbanSound8K/audio/fold9/161005-2-0-12.wav,4.0,running_footsteps,0.0418,clean
bg_school_urbansound8k_01745,school,urbansound8k,161005-2-0-14.wav,freesound_161005,data/raw/urbansound8k/UrbanSound8K/audio/fold9/161005-2-0-14.wav,4.0,running_footsteps,0.0222,clean
bg_school_urbansound8k_01746,school,urbansound8k,161005-2-0-19.wav,freesound_161005,data/raw/urbansound8k/UrbanSound8K/audio/fold9/161005-2-0-19.wav,4.0,running_footsteps,0.058,clean
bg_school_urbansound8k_01747,school,urbansound8k,161005-2-0-27.wav,freesound_161005,data/raw/urbansound8k/UrbanSound8K/audio/fold9/161005-2-0-27.wav,4.0,running_footsteps,0.0424,clean
bg_school_urbansound8k_01748,school,urbansound8k,161005-2-0-28.wav,freesound_161005,data/raw/urbansound8k/UrbanSound8K/audio/fold9/161005-2-0-28.wav,4.0,running_footsteps,0.0373,clean
bg_school_urbansound8k_01749,school,urbansound8k,161005-2-0-4.wav,freesound_161005,data/raw/urbansound8k/UrbanSound8K/audio/fold9/161005-2-0-4.wav,4.0,running_footsteps,0.0778,clean
bg_school_urbansound8k_01750,school,urbansound8k,161005-2-0-6.wav,freesound_161005,data/raw/urbansound8k/UrbanSound8K/audio/fold9/161005-2-0-6.wav,4.0,siren,0.1287,clean
bg_school_urbansound8k_01751,school,urbansound8k,164797-2-0-16.wav,freesound_164797,data/raw/urbansound8k/UrbanSound8K/audio/fold7/164797-2-0-16.wav,4.0,siren,0.3498,flagged
bg_school_urbansound8k_01752,school,urbansound8k,164797-2-0-29.wav,freesound_164797,data/raw/urbansound8k/UrbanSound8K/audio/fold7/164797-2-0-29.wav,4.0,running_footsteps,0.0098,clean
bg_school_urbansound8k_01753,school,urbansound8k,164797-2-0-32.wav,freesound_164797,data/raw/urbansound8k/UrbanSound8K/audio/fold7/164797-2-0-32.wav,4.0,running_footsteps,0.0104,clean
bg_school_urbansound8k_01754,school,urbansound8k,164797-2-0-44.wav,freesound_164797,data/raw/urbansound8k/UrbanSound8K/audio/fold7/164797-2-0-44.wav,4.0,running_footsteps,0.0127,clean
bg_school_urbansound8k_01755,school,urbansound8k,164797-2-0-47.wav,freesound_164797,data/raw/urbansound8k/UrbanSound8K/audio/fold7/164797-2-0-47.wav,4.0,running_footsteps,0.0081,clean
bg_school_urbansound8k_01756,school,urbansound8k,164797-2-0-50.wav,freesound_164797,data/raw/urbansound8k/UrbanSound8K/audio/fold7/164797-2-0-50.wav,4.0,running_footsteps,0.0187,clean
bg_school_urbansound8k_01757,school,urbansound8k,164797-2-0-8.wav,freesound_164797,data/raw/urbansound8k/UrbanSound8K/audio/fold7/164797-2-0-8.wav,4.0,siren,0.5381,flagged
bg_school_urbansound8k_01758,school,urbansound8k,165067-2-0-111.wav,freesound_165067,data/raw/urbansound8k/UrbanSound8K/audio/fold1/165067-2-0-111.wav,4.0,running_footsteps,0.0048,clean
bg_school_urbansound8k_01759,school,urbansound8k,165067-2-0-112.wav,freesound_165067,data/raw/urbansound8k/UrbanSound8K/audio/fold1/165067-2-0-112.wav,4.0,explosion,0.0154,clean
bg_school_urbansound8k_01760,school,urbansound8k,165067-2-0-35.wav,freesound_165067,data/raw/urbansound8k/UrbanSound8K/audio/fold1/165067-2-0-35.wav,4.0,running_footsteps,0.018,clean
bg_school_urbansound8k_01761,school,urbansound8k,165067-2-0-56.wav,freesound_165067,data/raw/urbansound8k/UrbanSound8K/audio/fold1/165067-2-0-56.wav,4.0,running_footsteps,0.0201,clean
bg_school_urbansound8k_01762,school,urbansound8k,165067-2-0-72.wav,freesound_165067,data/raw/urbansound8k/UrbanSound8K/audio/fold1/165067-2-0-72.wav,4.0,running_footsteps,0.0122,clean
bg_school_urbansound8k_01763,school,urbansound8k,165067-2-0-9.wav,freesound_165067,data/raw/urbansound8k/UrbanSound8K/audio/fold1/165067-2-0-9.wav,4.0,explosion,0.0045,clean
bg_school_urbansound8k_01764,school,urbansound8k,165067-2-0-91.wav,freesound_165067,data/raw/urbansound8k/UrbanSound8K/audio/fold1/165067-2-0-91.wav,4.0,running_footsteps,0.0151,clean
bg_school_urbansound8k_01765,school,urbansound8k,165529-2-0-18.wav,freesound_165529,data/raw/urbansound8k/UrbanSound8K/audio/fold7/165529-2-0-18.wav,4.0,running_footsteps,0.032,clean
bg_school_urbansound8k_01766,school,urbansound8k,165529-2-0-3.wav,freesound_165529,data/raw/urbansound8k/UrbanSound8K/audio/fold7/165529-2-0-3.wav,4.0,running_footsteps,0.036,clean
bg_school_urbansound8k_01767,school,urbansound8k,165529-2-0-6.wav,freesound_165529,data/raw/urbansound8k/UrbanSound8K/audio/fold7/165529-2-0-6.wav,4.0,siren,0.0293,clean
bg_school_urbansound8k_01768,school,urbansound8k,165529-2-0-70.wav,freesound_165529,data/raw/urbansound8k/UrbanSound8K/audio/fold7/165529-2-0-70.wav,4.0,running_footsteps,0.0154,clean
bg_school_urbansound8k_01769,school,urbansound8k,165529-2-0-73.wav,freesound_165529,data/raw/urbansound8k/UrbanSound8K/audio/fold7/165529-2-0-73.wav,4.0,running_footsteps,0.0283,clean
bg_school_urbansound8k_01770,school,urbansound8k,165529-2-0-8.wav,freesound_165529,data/raw/urbansound8k/UrbanSound8K/audio/fold7/165529-2-0-8.wav,4.0,scream,0.0169,clean
bg_school_urbansound8k_01771,school,urbansound8k,165529-2-0-90.wav,freesound_165529,data/raw/urbansound8k/UrbanSound8K/audio/fold7/165529-2-0-90.wav,4.0,running_footsteps,0.0199,clean
bg_school_urbansound8k_01861,school,urbansound8k,170564-2-0-0.wav,freesound_170564,data/raw/urbansound8k/UrbanSound8K/audio/fold4/170564-2-0-0.wav,4.0,running_footsteps,0.0217,clean
bg_school_urbansound8k_01862,school,urbansound8k,170564-2-0-3.wav,freesound_170564,data/raw/urbansound8k/UrbanSound8K/audio/fold4/170564-2-0-3.wav,4.0,running_footsteps,0.0098,clean
bg_school_urbansound8k_01863,school,urbansound8k,170564-2-1-22.wav,freesound_170564,data/raw/urbansound8k/UrbanSound8K/audio/fold4/170564-2-1-22.wav,4.0,running_footsteps,0.0171,clean
bg_school_urbansound8k_01864,school,urbansound8k,170564-2-1-27.wav,freesound_170564,data/raw/urbansound8k/UrbanSound8K/audio/fold4/170564-2-1-27.wav,4.0,running_footsteps,0.0273,clean
bg_school_urbansound8k_01865,school,urbansound8k,170564-2-1-31.wav,freesound_170564,data/raw/urbansound8k/UrbanSound8K/audio/fold4/170564-2-1-31.wav,4.0,running_footsteps,0.0156,clean
bg_school_urbansound8k_01866,school,urbansound8k,170564-2-1-32.wav,freesound_170564,data/raw/urbansound8k/UrbanSound8K/audio/fold4/170564-2-1-32.wav,4.0,running_footsteps,0.0117,clean
bg_school_urbansound8k_01867,school,urbansound8k,170564-2-1-34.wav,freesound_170564,data/raw/urbansound8k/UrbanSound8K/audio/fold4/170564-2-1-34.wav,4.0,running_footsteps,0.0104,clean
bg_school_urbansound8k_01868,school,urbansound8k,170564-2-1-9.wav,freesound_170564,data/raw/urbansound8k/UrbanSound8K/audio/fold4/170564-2-1-9.wav,4.0,running_footsteps,0.0157,clean
bg_school_urbansound8k_01869,school,urbansound8k,17480-2-0-11.wav,freesound_17480,data/raw/urbansound8k/UrbanSound8K/audio/fold4/17480-2-0-11.wav,4.0,running_footsteps,0.028,clean
bg_school_urbansound8k_01870,school,urbansound8k,17480-2-0-24.wav,freesound_17480,data/raw/urbansound8k/UrbanSound8K/audio/fold4/17480-2-0-24.wav,4.0,running_footsteps,0.0163,clean
bg_school_urbansound8k_01871,school,urbansound8k,17480-2-0-25.wav,freesound_17480,data/raw/urbansound8k/UrbanSound8K/audio/fold4/17480-2-0-25.wav,4.0,running_footsteps,0.021,clean
bg_school_urbansound8k_01872,school,urbansound8k,17480-2-0-30.wav,freesound_17480,data/raw/urbansound8k/UrbanSound8K/audio/fold4/17480-2-0-30.wav,4.0,running_footsteps,0.0516,clean
bg_school_urbansound8k_01873,school,urbansound8k,17480-2-0-35.wav,freesound_17480,data/raw/urbansound8k/UrbanSound8K/audio/fold4/17480-2-0-35.wav,4.0,running_footsteps,0.1102,clean
bg_school_urbansound8k_01874,school,urbansound8k,17480-2-0-5.wav,freesound_17480,data/raw/urbansound8k/UrbanSound8K/audio/fold4/17480-2-0-5.wav,4.0,running_footsteps,0.0739,clean
bg_school_urbansound8k_01875,school,urbansound8k,17480-2-0-6.wav,freesound_17480,data/raw/urbansound8k/UrbanSound8K/audio/fold4/17480-2-0-6.wav,4.0,running_footsteps,0.0357,clean
bg_school_urbansound8k_01876,school,urbansound8k,17480-2-0-9.wav,freesound_17480,data/raw/urbansound8k/UrbanSound8K/audio/fold4/17480-2-0-9.wav,4.0,siren,0.0459,clean
bg_school_urbansound8k_01877,school,urbansound8k,174906-2-0-10.wav,freesound_174906,data/raw/urbansound8k/UrbanSound8K/audio/fold2/174906-2-0-10.wav,4.0,running_footsteps,0.113,clean
bg_school_urbansound8k_01878,school,urbansound8k,174906-2-0-11.wav,freesound_174906,data/raw/urbansound8k/UrbanSound8K/audio/fold2/174906-2-0-11.wav,4.0,running_footsteps,0.1465,clean
bg_school_urbansound8k_01879,school,urbansound8k,174906-2-0-14.wav,freesound_174906,data/raw/urbansound8k/UrbanSound8K/audio/fold2/174906-2-0-14.wav,4.0,running_footsteps,0.2874,flagged
bg_school_urbansound8k_01880,school,urbansound8k,174906-2-0-18.wav,freesound_174906,data/raw/urbansound8k/UrbanSound8K/audio/fold2/174906-2-0-18.wav,4.0,running_footsteps,0.0237,clean
bg_school_urbansound8k_01881,school,urbansound8k,174906-2-0-20.wav,freesound_174906,data/raw/urbansound8k/UrbanSound8K/audio/fold2/174906-2-0-20.wav,4.0,running_footsteps,0.0801,clean
bg_school_urbansound8k_01882,school,urbansound8k,174906-2-0-21.wav,freesound_174906,data/raw/urbansound8k/UrbanSound8K/audio/fold2/174906-2-0-21.wav,4.0,running_footsteps,0.1669,flagged
bg_school_urbansound8k_01883,school,urbansound8k,174906-2-0-6.wav,freesound_174906,data/raw/urbansound8k/UrbanSound8K/audio/fold2/174906-2-0-6.wav,4.0,running_footsteps,0.3212,flagged
bg_school_urbansound8k_01884,school,urbansound8k,174906-2-0-8.wav,freesound_174906,data/raw/urbansound8k/UrbanSound8K/audio/fold2/174906-2-0-8.wav,4.0,running_footsteps,0.1884,flagged
bg_school_urbansound8k_02216,school,urbansound8k,193697-2-0-103.wav,freesound_193697,data/raw/urbansound8k/UrbanSound8K/audio/fold6/193697-2-0-103.wav,4.0,running_footsteps,0.0359,clean
bg_school_urbansound8k_02217,school,urbansound8k,193697-2-0-107.wav,freesound_193697,data/raw/urbansound8k/UrbanSound8K/audio/fold6/193697-2-0-107.wav,4.0,running_footsteps,0.0248,clean
bg_school_urbansound8k_02218,school,urbansound8k,193697-2-0-110.wav,freesound_193697,data/raw/urbansound8k/UrbanSound8K/audio/fold6/193697-2-0-110.wav,4.0,running_footsteps,0.2746,flagged
bg_school_urbansound8k_02219,school,urbansound8k,193697-2-0-135.wav,freesound_193697,data/raw/urbansound8k/UrbanSound8K/audio/fold6/193697-2-0-135.wav,4.0,running_footsteps,0.1022,clean
bg_school_urbansound8k_02220,school,urbansound8k,193697-2-0-5.wav,freesound_193697,data/raw/urbansound8k/UrbanSound8K/audio/fold6/193697-2-0-5.wav,4.0,siren,0.0879,clean
bg_school_urbansound8k_02221,school,urbansound8k,193697-2-0-90.wav,freesound_193697,data/raw/urbansound8k/UrbanSound8K/audio/fold6/193697-2-0-90.wav,4.0,running_footsteps,0.025,clean
bg_school_urbansound8k_02222,school,urbansound8k,193697-2-0-99.wav,freesound_193697,data/raw/urbansound8k/UrbanSound8K/audio/fold6/193697-2-0-99.wav,4.0,siren,0.015,clean
bg_school_urbansound8k_02223,school,urbansound8k,193698-2-0-112.wav,freesound_193698,data/raw/urbansound8k/UrbanSound8K/audio/fold1/193698-2-0-112.wav,4.0,running_footsteps,0.0174,clean
bg_school_urbansound8k_02224,school,urbansound8k,193698-2-0-113.wav,freesound_193698,data/raw/urbansound8k/UrbanSound8K/audio/fold1/193698-2-0-113.wav,4.0,running_footsteps,0.0227,clean
bg_school_urbansound8k_02225,school,urbansound8k,193698-2-0-114.wav,freesound_193698,data/raw/urbansound8k/UrbanSound8K/audio/fold1/193698-2-0-114.wav,4.0,running_footsteps,0.0463,clean
bg_school_urbansound8k_02226,school,urbansound8k,193698-2-0-140.wav,freesound_193698,data/raw/urbansound8k/UrbanSound8K/audio/fold1/193698-2-0-140.wav,4.0,running_footsteps,0.0579,clean
bg_school_urbansound8k_02227,school,urbansound8k,193698-2-0-42.wav,freesound_193698,data/raw/urbansound8k/UrbanSound8K/audio/fold1/193698-2-0-42.wav,4.0,running_footsteps,0.0416,clean
bg_school_urbansound8k_02228,school,urbansound8k,193698-2-0-58.wav,freesound_193698,data/raw/urbansound8k/UrbanSound8K/audio/fold1/193698-2-0-58.wav,4.0,running_footsteps,0.0531,clean
bg_school_urbansound8k_02229,school,urbansound8k,193698-2-0-64.wav,freesound_193698,data/raw/urbansound8k/UrbanSound8K/audio/fold1/193698-2-0-64.wav,4.0,running_footsteps,0.0154,clean
bg_school_urbansound8k_02230,school,urbansound8k,193698-2-0-89.wav,freesound_193698,data/raw/urbansound8k/UrbanSound8K/audio/fold1/193698-2-0-89.wav,4.0,running_footsteps,0.0903,clean
bg_school_urbansound8k_02231,school,urbansound8k,193699-2-0-109.wav,freesound_193699,data/raw/urbansound8k/UrbanSound8K/audio/fold8/193699-2-0-109.wav,4.0,running_footsteps,0.0628,clean
bg_school_urbansound8k_02232,school,urbansound8k,193699-2-0-3.wav,freesound_193699,data/raw/urbansound8k/UrbanSound8K/audio/fold8/193699-2-0-3.wav,4.0,running_footsteps,0.0206,clean
bg_school_urbansound8k_02233,school,urbansound8k,193699-2-0-32.wav,freesound_193699,data/raw/urbansound8k/UrbanSound8K/audio/fold8/193699-2-0-32.wav,4.0,running_footsteps,0.0176,clean
bg_school_urbansound8k_02234,school,urbansound8k,193699-2-0-33.wav,freesound_193699,data/raw/urbansound8k/UrbanSound8K/audio/fold8/193699-2-0-33.wav,4.0,running_footsteps,0.0168,clean
bg_school_urbansound8k_02235,school,urbansound8k,193699-2-0-46.wav,freesound_193699,data/raw/urbansound8k/UrbanSound8K/audio/fold8/193699-2-0-46.wav,4.0,running_footsteps,0.0516,clean
bg_school_urbansound8k_02236,school,urbansound8k,193699-2-0-54.wav,freesound_193699,data/raw/urbansound8k/UrbanSound8K/audio/fold8/193699-2-0-54.wav,4.0,running_footsteps,0.0739,clean
bg_school_urbansound8k_02237,school,urbansound8k,193699-2-0-62.wav,freesound_193699,data/raw/urbansound8k/UrbanSound8K/audio/fold8/193699-2-0-62.wav,4.0,running_footsteps,0.1273,clean
bg_school_urbansound8k_02238,school,urbansound8k,193699-2-0-69.wav,freesound_193699,data/raw/urbansound8k/UrbanSound8K/audio/fold8/193699-2-0-69.wav,4.0,running_footsteps,0.2803,flagged
bg_school_urbansound8k_02334,school,urbansound8k,204408-2-0-19.wav,freesound_204408,data/raw/urbansound8k/UrbanSound8K/audio/fold5/204408-2-0-19.wav,4.0,running_footsteps,0.0547,clean
bg_school_urbansound8k_02335,school,urbansound8k,204408-2-0-2.wav,freesound_204408,data/raw/urbansound8k/UrbanSound8K/audio/fold5/204408-2-0-2.wav,4.0,running_footsteps,0.0098,clean
bg_school_urbansound8k_02336,school,urbansound8k,204408-2-0-21.wav,freesound_204408,data/raw/urbansound8k/UrbanSound8K/audio/fold5/204408-2-0-21.wav,4.0,running_footsteps,0.0725,clean
bg_school_urbansound8k_02337,school,urbansound8k,204408-2-0-36.wav,freesound_204408,data/raw/urbansound8k/UrbanSound8K/audio/fold5/204408-2-0-36.wav,4.0,running_footsteps,0.1697,flagged
bg_school_urbansound8k_02338,school,urbansound8k,204408-2-0-54.wav,freesound_204408,data/raw/urbansound8k/UrbanSound8K/audio/fold5/204408-2-0-54.wav,4.0,running_footsteps,0.0195,clean
bg_school_urbansound8k_02339,school,urbansound8k,204408-2-0-8.wav,freesound_204408,data/raw/urbansound8k/UrbanSound8K/audio/fold5/204408-2-0-8.wav,4.0,running_footsteps,0.0217,clean
bg_school_urbansound8k_02340,school,urbansound8k,204408-2-0-83.wav,freesound_204408,data/raw/urbansound8k/UrbanSound8K/audio/fold5/204408-2-0-83.wav,4.0,running_footsteps,0.0341,clean
bg_school_urbansound8k_02341,school,urbansound8k,204408-2-0-9.wav,freesound_204408,data/raw/urbansound8k/UrbanSound8K/audio/fold5/204408-2-0-9.wav,4.0,running_footsteps,0.0422,clean
bg_school_urbansound8k_02342,school,urbansound8k,206037-2-0-11.wav,freesound_206037,data/raw/urbansound8k/UrbanSound8K/audio/fold4/206037-2-0-11.wav,4.0,running_footsteps,0.0579,clean
bg_school_urbansound8k_02343,school,urbansound8k,206037-2-0-21.wav,freesound_206037,data/raw/urbansound8k/UrbanSound8K/audio/fold4/206037-2-0-21.wav,4.0,running_footsteps,0.0244,clean
bg_school_urbansound8k_02344,school,urbansound8k,206037-2-0-22.wav,freesound_206037,data/raw/urbansound8k/UrbanSound8K/audio/fold4/206037-2-0-22.wav,4.0,running_footsteps,0.1132,clean
bg_school_urbansound8k_02345,school,urbansound8k,206037-2-0-25.wav,freesound_206037,data/raw/urbansound8k/UrbanSound8K/audio/fold4/206037-2-0-25.wav,4.0,running_footsteps,0.0547,clean
bg_school_urbansound8k_02346,school,urbansound8k,206037-2-0-3.wav,freesound_206037,data/raw/urbansound8k/UrbanSound8K/audio/fold4/206037-2-0-3.wav,4.0,running_footsteps,0.0261,clean
bg_school_urbansound8k_02347,school,urbansound8k,206037-2-0-38.wav,freesound_206037,data/raw/urbansound8k/UrbanSound8K/audio/fold4/206037-2-0-38.wav,4.0,running_footsteps,0.0439,clean
bg_school_urbansound8k_02348,school,urbansound8k,206037-2-0-4.wav,freesound_206037,data/raw/urbansound8k/UrbanSound8K/audio/fold4/206037-2-0-4.wav,4.0,running_footsteps,0.0392,clean
bg_school_urbansound8k_02349,school,urbansound8k,206037-2-0-40.wav,freesound_206037,data/raw/urbansound8k/UrbanSound8K/audio/fold4/206037-2-0-40.wav,4.0,running_footsteps,0.0431,clean
bg_school_urbansound8k_02350,school,urbansound8k,207213-2-0-109.wav,freesound_207213,data/raw/urbansound8k/UrbanSound8K/audio/fold10/207213-2-0-109.wav,4.0,running_footsteps,0.0082,clean
bg_school_urbansound8k_02351,school,urbansound8k,207213-2-0-130.wav,freesound_207213,data/raw/urbansound8k/UrbanSound8K/audio/fold10/207213-2-0-130.wav,4.0,running_footsteps,0.0231,clean
bg_school_urbansound8k_02352,school,urbansound8k,207213-2-0-134.wav,freesound_207213,data/raw/urbansound8k/UrbanSound8K/audio/fold10/207213-2-0-134.wav,4.0,scream,0.0777,clean
bg_school_urbansound8k_02353,school,urbansound8k,207213-2-0-41.wav,freesound_207213,data/raw/urbansound8k/UrbanSound8K/audio/fold10/207213-2-0-41.wav,4.0,running_footsteps,0.1096,clean
bg_school_urbansound8k_02354,school,urbansound8k,207213-2-0-52.wav,freesound_207213,data/raw/urbansound8k/UrbanSound8K/audio/fold10/207213-2-0-52.wav,4.0,scream,0.0225,clean
bg_school_urbansound8k_02355,school,urbansound8k,207213-2-0-73.wav,freesound_207213,data/raw/urbansound8k/UrbanSound8K/audio/fold10/207213-2-0-73.wav,4.0,running_footsteps,0.0193,clean
bg_school_urbansound8k_02356,school,urbansound8k,207213-2-0-81.wav,freesound_207213,data/raw/urbansound8k/UrbanSound8K/audio/fold10/207213-2-0-81.wav,4.0,running_footsteps,0.0187,clean
bg_school_urbansound8k_02357,school,urbansound8k,207213-2-0-85.wav,freesound_207213,data/raw/urbansound8k/UrbanSound8K/audio/fold10/207213-2-0-85.wav,4.0,running_footsteps,0.0148,clean
bg_school_urbansound8k_02358,school,urbansound8k,207214-2-0-126.wav,freesound_207214,data/raw/urbansound8k/UrbanSound8K/audio/fold8/207214-2-0-126.wav,4.0,running_footsteps,0.3221,flagged
bg_school_urbansound8k_02359,school,urbansound8k,207214-2-0-26.wav,freesound_207214,data/raw/urbansound8k/UrbanSound8K/audio/fold8/207214-2-0-26.wav,4.0,running_footsteps,0.2901,flagged
bg_school_urbansound8k_02360,school,urbansound8k,207214-2-0-3.wav,freesound_207214,data/raw/urbansound8k/UrbanSound8K/audio/fold8/207214-2-0-3.wav,4.0,running_footsteps,0.1252,clean
bg_school_urbansound8k_02361,school,urbansound8k,207214-2-0-31.wav,freesound_207214,data/raw/urbansound8k/UrbanSound8K/audio/fold8/207214-2-0-31.wav,4.0,running_footsteps,0.0784,clean
bg_school_urbansound8k_02362,school,urbansound8k,207214-2-0-54.wav,freesound_207214,data/raw/urbansound8k/UrbanSound8K/audio/fold8/207214-2-0-54.wav,4.0,running_footsteps,0.7445,flagged
bg_school_urbansound8k_02363,school,urbansound8k,207214-2-0-62.wav,freesound_207214,data/raw/urbansound8k/UrbanSound8K/audio/fold8/207214-2-0-62.wav,4.0,running_footsteps,0.0613,clean
bg_school_urbansound8k_02364,school,urbansound8k,207214-2-0-63.wav,freesound_207214,data/raw/urbansound8k/UrbanSound8K/audio/fold8/207214-2-0-63.wav,4.0,running_footsteps,0.0745,clean
bg_school_urbansound8k_02365,school,urbansound8k,207214-2-0-68.wav,freesound_207214,data/raw/urbansound8k/UrbanSound8K/audio/fold8/207214-2-0-68.wav,4.0,running_footsteps,0.4825,flagged
bg_school_urbansound8k_02366,school,urbansound8k,207216-2-0-112.wav,freesound_207216,data/raw/urbansound8k/UrbanSound8K/audio/fold7/207216-2-0-112.wav,4.0,running_footsteps,0.2853,flagged
bg_school_urbansound8k_02367,school,urbansound8k,207216-2-0-119.wav,freesound_207216,data/raw/urbansound8k/UrbanSound8K/audio/fold7/207216-2-0-119.wav,4.0,running_footsteps,0.7387,flagged
bg_school_urbansound8k_02368,school,urbansound8k,207216-2-0-128.wav,freesound_207216,data/raw/urbansound8k/UrbanSound8K/audio/fold7/207216-2-0-128.wav,4.0,running_footsteps,0.1987,flagged
bg_school_urbansound8k_02369,school,urbansound8k,207216-2-0-130.wav,freesound_207216,data/raw/urbansound8k/UrbanSound8K/audio/fold7/207216-2-0-130.wav,4.0,running_footsteps,0.0377,clean
bg_school_urbansound8k_02370,school,urbansound8k,207216-2-0-137.wav,freesound_207216,data/raw/urbansound8k/UrbanSound8K/audio/fold7/207216-2-0-137.wav,4.0,running_footsteps,0.0323,clean
bg_school_urbansound8k_02371,school,urbansound8k,207216-2-0-22.wav,freesound_207216,data/raw/urbansound8k/UrbanSound8K/audio/fold7/207216-2-0-22.wav,4.0,running_footsteps,0.0636,clean
bg_school_urbansound8k_02372,school,urbansound8k,207216-2-0-43.wav,freesound_207216,data/raw/urbansound8k/UrbanSound8K/audio/fold7/207216-2-0-43.wav,4.0,running_footsteps,0.1531,flagged
bg_school_urbansound8k_02373,school,urbansound8k,207216-2-0-66.wav,freesound_207216,data/raw/urbansound8k/UrbanSound8K/audio/fold7/207216-2-0-66.wav,4.0,running_footsteps,0.0456,clean
bg_school_urbansound8k_02382,school,urbansound8k,27070-2-0-0.wav,freesound_27070,data/raw/urbansound8k/UrbanSound8K/audio/fold10/27070-2-0-0.wav,4.0,shout_yell,0.03,clean
bg_school_urbansound8k_02383,school,urbansound8k,27070-2-0-2.wav,freesound_27070,data/raw/urbansound8k/UrbanSound8K/audio/fold10/27070-2-0-2.wav,4.0,door_slam,0.0371,clean
bg_school_urbansound8k_02384,school,urbansound8k,27070-2-0-3.wav,freesound_27070,data/raw/urbansound8k/UrbanSound8K/audio/fold10/27070-2-0-3.wav,4.0,door_slam,0.0358,clean
bg_school_urbansound8k_02385,school,urbansound8k,27070-2-0-4.wav,freesound_27070,data/raw/urbansound8k/UrbanSound8K/audio/fold10/27070-2-0-4.wav,4.0,door_slam,0.0222,clean
bg_school_urbansound8k_02386,school,urbansound8k,27070-2-0-5.wav,freesound_27070,data/raw/urbansound8k/UrbanSound8K/audio/fold10/27070-2-0-5.wav,4.0,shout_yell,0.0207,clean
bg_school_urbansound8k_02387,school,urbansound8k,27070-2-0-7.wav,freesound_27070,data/raw/urbansound8k/UrbanSound8K/audio/fold10/27070-2-0-7.wav,4.0,door_slam,0.0179,clean
bg_school_urbansound8k_02388,school,urbansound8k,27070-2-0-8.wav,freesound_27070,data/raw/urbansound8k/UrbanSound8K/audio/fold10/27070-2-0-8.wav,4.0,running_footsteps,0.0269,clean
bg_school_urbansound8k_02389,school,urbansound8k,31150-2-0-1.wav,freesound_31150,data/raw/urbansound8k/UrbanSound8K/audio/fold5/31150-2-0-1.wav,4.0,running_footsteps,0.1231,clean
bg_school_urbansound8k_02390,school,urbansound8k,31150-2-0-14.wav,freesound_31150,data/raw/urbansound8k/UrbanSound8K/audio/fold5/31150-2-0-14.wav,4.0,running_footsteps,0.0742,clean
bg_school_urbansound8k_02391,school,urbansound8k,31150-2-0-17.wav,freesound_31150,data/raw/urbansound8k/UrbanSound8K/audio/fold5/31150-2-0-17.wav,4.0,running_footsteps,0.0924,clean
bg_school_urbansound8k_02392,school,urbansound8k,31150-2-0-2.wav,freesound_31150,data/raw/urbansound8k/UrbanSound8K/audio/fold5/31150-2-0-2.wav,4.0,running_footsteps,0.1211,clean
bg_school_urbansound8k_02393,school,urbansound8k,31150-2-0-24.wav,freesound_31150,data/raw/urbansound8k/UrbanSound8K/audio/fold5/31150-2-0-24.wav,4.0,running_footsteps,0.0668,clean
bg_school_urbansound8k_02394,school,urbansound8k,31150-2-0-34.wav,freesound_31150,data/raw/urbansound8k/UrbanSound8K/audio/fold5/31150-2-0-34.wav,4.0,running_footsteps,0.0681,clean
bg_school_urbansound8k_02395,school,urbansound8k,31150-2-0-6.wav,freesound_31150,data/raw/urbansound8k/UrbanSound8K/audio/fold5/31150-2-0-6.wav,4.0,scream,0.0945,clean
bg_school_urbansound8k_02403,school,urbansound8k,34056-2-0-2.wav,freesound_34056,data/raw/urbansound8k/UrbanSound8K/audio/fold4/34056-2-0-2.wav,4.0,running_footsteps,0.0219,clean
bg_school_urbansound8k_02404,school,urbansound8k,34056-2-0-22.wav,freesound_34056,data/raw/urbansound8k/UrbanSound8K/audio/fold4/34056-2-0-22.wav,4.0,running_footsteps,0.068,clean
bg_school_urbansound8k_02405,school,urbansound8k,34056-2-0-40.wav,freesound_34056,data/raw/urbansound8k/UrbanSound8K/audio/fold4/34056-2-0-40.wav,4.0,running_footsteps,0.038,clean
bg_school_urbansound8k_02406,school,urbansound8k,34056-2-0-42.wav,freesound_34056,data/raw/urbansound8k/UrbanSound8K/audio/fold4/34056-2-0-42.wav,4.0,running_footsteps,0.0165,clean
bg_school_urbansound8k_02407,school,urbansound8k,34056-2-0-48.wav,freesound_34056,data/raw/urbansound8k/UrbanSound8K/audio/fold4/34056-2-0-48.wav,4.0,running_footsteps,0.0068,clean
bg_school_urbansound8k_02408,school,urbansound8k,34056-2-0-61.wav,freesound_34056,data/raw/urbansound8k/UrbanSound8K/audio/fold4/34056-2-0-61.wav,4.0,running_footsteps,0.016,clean
bg_school_urbansound8k_02409,school,urbansound8k,34056-2-0-80.wav,freesound_34056,data/raw/urbansound8k/UrbanSound8K/audio/fold4/34056-2-0-80.wav,4.0,running_footsteps,0.0124,clean
bg_school_urbansound8k_02417,school,urbansound8k,46299-2-0-0.wav,freesound_46299,data/raw/urbansound8k/UrbanSound8K/audio/fold6/46299-2-0-0.wav,4.0,running_footsteps,0.0669,clean
bg_school_urbansound8k_02418,school,urbansound8k,46299-2-0-16.wav,freesound_46299,data/raw/urbansound8k/UrbanSound8K/audio/fold6/46299-2-0-16.wav,4.0,running_footsteps,0.0429,clean
bg_school_urbansound8k_02419,school,urbansound8k,46299-2-0-21.wav,freesound_46299,data/raw/urbansound8k/UrbanSound8K/audio/fold6/46299-2-0-21.wav,4.0,running_footsteps,0.1568,flagged
bg_school_urbansound8k_02420,school,urbansound8k,46299-2-0-22.wav,freesound_46299,data/raw/urbansound8k/UrbanSound8K/audio/fold6/46299-2-0-22.wav,4.0,running_footsteps,0.0458,clean
bg_school_urbansound8k_02421,school,urbansound8k,46299-2-0-36.wav,freesound_46299,data/raw/urbansound8k/UrbanSound8K/audio/fold6/46299-2-0-36.wav,4.0,running_footsteps,0.3721,flagged
bg_school_urbansound8k_02422,school,urbansound8k,46299-2-0-48.wav,freesound_46299,data/raw/urbansound8k/UrbanSound8K/audio/fold6/46299-2-0-48.wav,4.0,running_footsteps,0.0156,clean
bg_school_urbansound8k_02423,school,urbansound8k,46299-2-0-8.wav,freesound_46299,data/raw/urbansound8k/UrbanSound8K/audio/fold6/46299-2-0-8.wav,4.0,running_footsteps,0.0772,clean
bg_school_urbansound8k_02424,school,urbansound8k,46299-2-0-9.wav,freesound_46299,data/raw/urbansound8k/UrbanSound8K/audio/fold6/46299-2-0-9.wav,4.0,running_footsteps,0.1161,clean
bg_school_urbansound8k_02428,school,urbansound8k,54173-2-0-18.wav,freesound_54173,data/raw/urbansound8k/UrbanSound8K/audio/fold4/54173-2-0-18.wav,4.0,running_footsteps,0.3368,flagged
bg_school_urbansound8k_02429,school,urbansound8k,54173-2-0-2.wav,freesound_54173,data/raw/urbansound8k/UrbanSound8K/audio/fold4/54173-2-0-2.wav,4.0,running_footsteps,0.0235,clean
bg_school_urbansound8k_02430,school,urbansound8k,54173-2-0-21.wav,freesound_54173,data/raw/urbansound8k/UrbanSound8K/audio/fold4/54173-2-0-21.wav,4.0,running_footsteps,0.0484,clean
bg_school_urbansound8k_02431,school,urbansound8k,54173-2-0-26.wav,freesound_54173,data/raw/urbansound8k/UrbanSound8K/audio/fold4/54173-2-0-26.wav,4.0,vehicle_crash,0.0539,clean
bg_school_urbansound8k_02432,school,urbansound8k,54173-2-0-28.wav,freesound_54173,data/raw/urbansound8k/UrbanSound8K/audio/fold4/54173-2-0-28.wav,4.0,running_footsteps,0.024,clean
bg_school_urbansound8k_02433,school,urbansound8k,54173-2-0-4.wav,freesound_54173,data/raw/urbansound8k/UrbanSound8K/audio/fold4/54173-2-0-4.wav,4.0,running_footsteps,0.0182,clean
bg_school_urbansound8k_02434,school,urbansound8k,54173-2-0-5.wav,freesound_54173,data/raw/urbansound8k/UrbanSound8K/audio/fold4/54173-2-0-5.wav,4.0,running_footsteps,0.0199,clean
bg_school_urbansound8k_02435,school,urbansound8k,54173-2-0-9.wav,freesound_54173,data/raw/urbansound8k/UrbanSound8K/audio/fold4/54173-2-0-9.wav,4.0,running_footsteps,0.0699,clean
bg_school_urbansound8k_02436,school,urbansound8k,54914-2-0-23.wav,freesound_54914,data/raw/urbansound8k/UrbanSound8K/audio/fold8/54914-2-0-23.wav,4.0,running_footsteps,0.029,clean
bg_school_urbansound8k_02437,school,urbansound8k,54914-2-0-26.wav,freesound_54914,data/raw/urbansound8k/UrbanSound8K/audio/fold8/54914-2-0-26.wav,4.0,siren,0.0948,clean
bg_school_urbansound8k_02438,school,urbansound8k,54914-2-0-27.wav,freesound_54914,data/raw/urbansound8k/UrbanSound8K/audio/fold8/54914-2-0-27.wav,4.0,siren,0.0503,clean
bg_school_urbansound8k_02439,school,urbansound8k,54914-2-0-3.wav,freesound_54914,data/raw/urbansound8k/UrbanSound8K/audio/fold8/54914-2-0-3.wav,4.0,running_footsteps,0.0196,clean
bg_school_urbansound8k_02440,school,urbansound8k,54914-2-0-34.wav,freesound_54914,data/raw/urbansound8k/UrbanSound8K/audio/fold8/54914-2-0-34.wav,4.0,running_footsteps,0.016,clean
bg_school_urbansound8k_02441,school,urbansound8k,54914-2-0-35.wav,freesound_54914,data/raw/urbansound8k/UrbanSound8K/audio/fold8/54914-2-0-35.wav,4.0,running_footsteps,0.0156,clean
bg_school_urbansound8k_02442,school,urbansound8k,54914-2-0-48.wav,freesound_54914,data/raw/urbansound8k/UrbanSound8K/audio/fold8/54914-2-0-48.wav,4.0,siren,0.2617,flagged
bg_school_urbansound8k_02479,school,urbansound8k,58857-2-0-10.wav,freesound_58857,data/raw/urbansound8k/UrbanSound8K/audio/fold3/58857-2-0-10.wav,4.0,running_footsteps,0.0298,clean
bg_school_urbansound8k_02480,school,urbansound8k,58857-2-0-12.wav,freesound_58857,data/raw/urbansound8k/UrbanSound8K/audio/fold3/58857-2-0-12.wav,4.0,running_footsteps,0.0291,clean
bg_school_urbansound8k_02481,school,urbansound8k,58857-2-0-13.wav,freesound_58857,data/raw/urbansound8k/UrbanSound8K/audio/fold3/58857-2-0-13.wav,4.0,running_footsteps,0.068,clean
bg_school_urbansound8k_02482,school,urbansound8k,58857-2-0-14.wav,freesound_58857,data/raw/urbansound8k/UrbanSound8K/audio/fold3/58857-2-0-14.wav,4.0,running_footsteps,0.0631,clean
bg_school_urbansound8k_02483,school,urbansound8k,58857-2-0-16.wav,freesound_58857,data/raw/urbansound8k/UrbanSound8K/audio/fold3/58857-2-0-16.wav,4.0,running_footsteps,0.08,clean
bg_school_urbansound8k_02484,school,urbansound8k,58857-2-0-25.wav,freesound_58857,data/raw/urbansound8k/UrbanSound8K/audio/fold3/58857-2-0-25.wav,4.0,running_footsteps,0.0406,clean
bg_school_urbansound8k_02485,school,urbansound8k,58857-2-0-7.wav,freesound_58857,data/raw/urbansound8k/UrbanSound8K/audio/fold3/58857-2-0-7.wav,4.0,running_footsteps,0.0275,clean
bg_school_urbansound8k_02486,school,urbansound8k,58857-2-0-8.wav,freesound_58857,data/raw/urbansound8k/UrbanSound8K/audio/fold3/58857-2-0-8.wav,4.0,running_footsteps,0.0118,clean
bg_school_urbansound8k_02487,school,urbansound8k,59037-2-0-6.wav,freesound_59037,data/raw/urbansound8k/UrbanSound8K/audio/fold9/59037-2-0-6.wav,4.0,scream,0.0479,clean
bg_school_urbansound8k_02488,school,urbansound8k,59037-2-1-2.wav,freesound_59037,data/raw/urbansound8k/UrbanSound8K/audio/fold9/59037-2-1-2.wav,4.0,running_footsteps,0.013,clean
bg_school_urbansound8k_02489,school,urbansound8k,59037-2-1-3.wav,freesound_59037,data/raw/urbansound8k/UrbanSound8K/audio/fold9/59037-2-1-3.wav,4.0,running_footsteps,0.0153,clean
bg_school_urbansound8k_02490,school,urbansound8k,59037-2-2-0.wav,freesound_59037,data/raw/urbansound8k/UrbanSound8K/audio/fold9/59037-2-2-0.wav,2.54,running_footsteps,0.0157,clean
bg_school_urbansound8k_02491,school,urbansound8k,59037-2-3-0.wav,freesound_59037,data/raw/urbansound8k/UrbanSound8K/audio/fold9/59037-2-3-0.wav,2.73,door_slam,0.0266,clean
bg_school_urbansound8k_02492,school,urbansound8k,59037-2-4-3.wav,freesound_59037,data/raw/urbansound8k/UrbanSound8K/audio/fold9/59037-2-4-3.wav,4.0,siren,0.2824,flagged
bg_school_urbansound8k_02493,school,urbansound8k,59037-2-4-5.wav,freesound_59037,data/raw/urbansound8k/UrbanSound8K/audio/fold9/59037-2-4-5.wav,4.0,running_footsteps,0.0091,clean
bg_school_urbansound8k_02494,school,urbansound8k,59037-2-4-8.wav,freesound_59037,data/raw/urbansound8k/UrbanSound8K/audio/fold9/59037-2-4-8.wav,4.0,running_footsteps,0.011,clean
bg_school_urbansound8k_02519,school,urbansound8k,66619-2-0-0.wav,freesound_66619,data/raw/urbansound8k/UrbanSound8K/audio/fold7/66619-2-0-0.wav,4.0,running_footsteps,0.0474,clean
bg_school_urbansound8k_02520,school,urbansound8k,66619-2-0-1.wav,freesound_66619,data/raw/urbansound8k/UrbanSound8K/audio/fold7/66619-2-0-1.wav,4.0,running_footsteps,0.0446,clean
bg_school_urbansound8k_02521,school,urbansound8k,66619-2-0-11.wav,freesound_66619,data/raw/urbansound8k/UrbanSound8K/audio/fold7/66619-2-0-11.wav,4.0,running_footsteps,0.0366,clean
bg_school_urbansound8k_02522,school,urbansound8k,66619-2-0-18.wav,freesound_66619,data/raw/urbansound8k/UrbanSound8K/audio/fold7/66619-2-0-18.wav,4.0,running_footsteps,0.0096,clean
bg_school_urbansound8k_02523,school,urbansound8k,66619-2-0-22.wav,freesound_66619,data/raw/urbansound8k/UrbanSound8K/audio/fold7/66619-2-0-22.wav,4.0,running_footsteps,0.0166,clean
bg_school_urbansound8k_02524,school,urbansound8k,66619-2-0-5.wav,freesound_66619,data/raw/urbansound8k/UrbanSound8K/audio/fold7/66619-2-0-5.wav,4.0,running_footsteps,0.031,clean
bg_school_urbansound8k_02525,school,urbansound8k,66619-2-0-6.wav,freesound_66619,data/raw/urbansound8k/UrbanSound8K/audio/fold7/66619-2-0-6.wav,4.0,running_footsteps,0.0282,clean
bg_school_urbansound8k_02526,school,urbansound8k,66619-2-0-7.wav,freesound_66619,data/raw/urbansound8k/UrbanSound8K/audio/fold7/66619-2-0-7.wav,4.0,running_footsteps,0.0217,clean
bg_school_urbansound8k_02532,school,urbansound8k,71173-2-0-103.wav,freesound_71173,data/raw/urbansound8k/UrbanSound8K/audio/fold5/71173-2-0-103.wav,4.0,running_footsteps,0.0222,clean
bg_school_urbansound8k_02533,school,urbansound8k,71173-2-0-13.wav,freesound_71173,data/raw/urbansound8k/UrbanSound8K/audio/fold5/71173-2-0-13.wav,4.0,running_footsteps,0.2138,flagged
bg_school_urbansound8k_02534,school,urbansound8k,71173-2-0-17.wav,freesound_71173,data/raw/urbansound8k/UrbanSound8K/audio/fold5/71173-2-0-17.wav,4.0,running_footsteps,0.2916,flagged
bg_school_urbansound8k_02535,school,urbansound8k,71173-2-0-21.wav,freesound_71173,data/raw/urbansound8k/UrbanSound8K/audio/fold5/71173-2-0-21.wav,4.0,running_footsteps,0.1363,clean
bg_school_urbansound8k_02536,school,urbansound8k,71173-2-0-24.wav,freesound_71173,data/raw/urbansound8k/UrbanSound8K/audio/fold5/71173-2-0-24.wav,4.0,running_footsteps,0.1116,clean
bg_school_urbansound8k_02537,school,urbansound8k,71173-2-0-69.wav,freesound_71173,data/raw/urbansound8k/UrbanSound8K/audio/fold5/71173-2-0-69.wav,4.0,running_footsteps,0.0526,clean
bg_school_urbansound8k_02538,school,urbansound8k,71173-2-0-71.wav,freesound_71173,data/raw/urbansound8k/UrbanSound8K/audio/fold5/71173-2-0-71.wav,4.0,glass_breaking,0.0185,clean
bg_school_urbansound8k_02539,school,urbansound8k,71173-2-0-88.wav,freesound_71173,data/raw/urbansound8k/UrbanSound8K/audio/fold5/71173-2-0-88.wav,4.0,running_footsteps,0.0721,clean
bg_school_urbansound8k_02540,school,urbansound8k,72015-2-0-0.wav,freesound_72015,data/raw/urbansound8k/UrbanSound8K/audio/fold8/72015-2-0-0.wav,4.0,door_slam,0.0932,clean
bg_school_urbansound8k_02541,school,urbansound8k,72015-2-0-1.wav,freesound_72015,data/raw/urbansound8k/UrbanSound8K/audio/fold8/72015-2-0-1.wav,4.0,door_slam,0.0512,clean
bg_school_urbansound8k_02542,school,urbansound8k,72015-2-0-2.wav,freesound_72015,data/raw/urbansound8k/UrbanSound8K/audio/fold8/72015-2-0-2.wav,4.0,door_slam,0.0473,clean
bg_school_urbansound8k_02543,school,urbansound8k,72015-2-0-3.wav,freesound_72015,data/raw/urbansound8k/UrbanSound8K/audio/fold8/72015-2-0-3.wav,4.0,explosion,0.0544,clean
bg_school_urbansound8k_02544,school,urbansound8k,72015-2-0-4.wav,freesound_72015,data/raw/urbansound8k/UrbanSound8K/audio/fold8/72015-2-0-4.wav,4.0,running_footsteps,0.1133,clean
bg_school_urbansound8k_02545,school,urbansound8k,72015-2-0-5.wav,freesound_72015,data/raw/urbansound8k/UrbanSound8K/audio/fold8/72015-2-0-5.wav,4.0,running_footsteps,0.0913,clean
bg_school_urbansound8k_02601,school,urbansound8k,76266-2-0-40.wav,freesound_76266,data/raw/urbansound8k/UrbanSound8K/audio/fold8/76266-2-0-40.wav,4.0,running_footsteps,0.0303,clean
bg_school_urbansound8k_02602,school,urbansound8k,76266-2-0-46.wav,freesound_76266,data/raw/urbansound8k/UrbanSound8K/audio/fold8/76266-2-0-46.wav,4.0,running_footsteps,0.0291,clean
bg_school_urbansound8k_02603,school,urbansound8k,76266-2-0-50.wav,freesound_76266,data/raw/urbansound8k/UrbanSound8K/audio/fold8/76266-2-0-50.wav,4.0,running_footsteps,0.0137,clean
bg_school_urbansound8k_02604,school,urbansound8k,76266-2-0-55.wav,freesound_76266,data/raw/urbansound8k/UrbanSound8K/audio/fold8/76266-2-0-55.wav,4.0,running_footsteps,0.0141,clean
bg_school_urbansound8k_02605,school,urbansound8k,76266-2-0-7.wav,freesound_76266,data/raw/urbansound8k/UrbanSound8K/audio/fold8/76266-2-0-7.wav,4.0,running_footsteps,0.0211,clean
bg_school_urbansound8k_02606,school,urbansound8k,76266-2-0-76.wav,freesound_76266,data/raw/urbansound8k/UrbanSound8K/audio/fold8/76266-2-0-76.wav,4.0,running_footsteps,0.0681,clean
bg_school_urbansound8k_02607,school,urbansound8k,76266-2-0-80.wav,freesound_76266,data/raw/urbansound8k/UrbanSound8K/audio/fold8/76266-2-0-80.wav,4.0,running_footsteps,0.0537,clean
bg_school_urbansound8k_02608,school,urbansound8k,76266-2-0-91.wav,freesound_76266,data/raw/urbansound8k/UrbanSound8K/audio/fold8/76266-2-0-91.wav,4.0,running_footsteps,0.0228,clean
bg_school_urbansound8k_02636,school,urbansound8k,80806-2-0-0.wav,freesound_80806,data/raw/urbansound8k/UrbanSound8K/audio/fold5/80806-2-0-0.wav,4.0,running_footsteps,0.0284,clean
bg_school_urbansound8k_02637,school,urbansound8k,80806-2-0-1.wav,freesound_80806,data/raw/urbansound8k/UrbanSound8K/audio/fold5/80806-2-0-1.wav,4.0,running_footsteps,0.0538,clean
bg_school_urbansound8k_02638,school,urbansound8k,80806-2-0-10.wav,freesound_80806,data/raw/urbansound8k/UrbanSound8K/audio/fold5/80806-2-0-10.wav,4.0,running_footsteps,0.0154,clean
bg_school_urbansound8k_02639,school,urbansound8k,80806-2-0-2.wav,freesound_80806,data/raw/urbansound8k/UrbanSound8K/audio/fold5/80806-2-0-2.wav,4.0,running_footsteps,0.0875,clean
bg_school_urbansound8k_02640,school,urbansound8k,80806-2-0-3.wav,freesound_80806,data/raw/urbansound8k/UrbanSound8K/audio/fold5/80806-2-0-3.wav,4.0,running_footsteps,0.1155,clean
bg_school_urbansound8k_02641,school,urbansound8k,80806-2-0-4.wav,freesound_80806,data/raw/urbansound8k/UrbanSound8K/audio/fold5/80806-2-0-4.wav,4.0,running_footsteps,0.0237,clean
bg_school_urbansound8k_02642,school,urbansound8k,80806-2-0-5.wav,freesound_80806,data/raw/urbansound8k/UrbanSound8K/audio/fold5/80806-2-0-5.wav,4.0,running_footsteps,0.0101,clean
bg_school_urbansound8k_02643,school,urbansound8k,80806-2-0-7.wav,freesound_80806,data/raw/urbansound8k/UrbanSound8K/audio/fold5/80806-2-0-7.wav,4.0,running_footsteps,0.0075,clean
bg_school_urbansound8k_02644,school,urbansound8k,81787-2-0-0.wav,freesound_81787,data/raw/urbansound8k/UrbanSound8K/audio/fold8/81787-2-0-0.wav,4.0,running_footsteps,0.0021,clean
bg_school_urbansound8k_02645,school,urbansound8k,81787-2-0-14.wav,freesound_81787,data/raw/urbansound8k/UrbanSound8K/audio/fold8/81787-2-0-14.wav,4.0,running_footsteps,0.0047,clean
bg_school_urbansound8k_02646,school,urbansound8k,81787-2-0-23.wav,freesound_81787,data/raw/urbansound8k/UrbanSound8K/audio/fold8/81787-2-0-23.wav,4.0,running_footsteps,0.0065,clean
bg_school_urbansound8k_02647,school,urbansound8k,81787-2-0-35.wav,freesound_81787,data/raw/urbansound8k/UrbanSound8K/audio/fold8/81787-2-0-35.wav,4.0,running_footsteps,0.005,clean
bg_school_urbansound8k_02648,school,urbansound8k,81787-2-0-39.wav,freesound_81787,data/raw/urbansound8k/UrbanSound8K/audio/fold8/81787-2-0-39.wav,4.0,explosion,0.0041,clean
bg_school_urbansound8k_02649,school,urbansound8k,81787-2-0-4.wav,freesound_81787,data/raw/urbansound8k/UrbanSound8K/audio/fold8/81787-2-0-4.wav,4.0,running_footsteps,0.0035,clean
bg_school_urbansound8k_02650,school,urbansound8k,81787-2-0-48.wav,freesound_81787,data/raw/urbansound8k/UrbanSound8K/audio/fold8/81787-2-0-48.wav,4.0,running_footsteps,0.0036,clean
bg_school_urbansound8k_02651,school,urbansound8k,81787-2-0-49.wav,freesound_81787,data/raw/urbansound8k/UrbanSound8K/audio/fold8/81787-2-0-49.wav,4.0,running_footsteps,0.0052,clean
bg_school_urbansound8k_02652,school,urbansound8k,81788-2-0-12.wav,freesound_81788,data/raw/urbansound8k/UrbanSound8K/audio/fold7/81788-2-0-12.wav,4.0,running_footsteps,0.0066,clean
bg_school_urbansound8k_02653,school,urbansound8k,81788-2-0-14.wav,freesound_81788,data/raw/urbansound8k/UrbanSound8K/audio/fold7/81788-2-0-14.wav,4.0,running_footsteps,0.0088,clean
bg_school_urbansound8k_02654,school,urbansound8k,81788-2-0-16.wav,freesound_81788,data/raw/urbansound8k/UrbanSound8K/audio/fold7/81788-2-0-16.wav,4.0,running_footsteps,0.0073,clean
bg_school_urbansound8k_02655,school,urbansound8k,81788-2-0-35.wav,freesound_81788,data/raw/urbansound8k/UrbanSound8K/audio/fold7/81788-2-0-35.wav,4.0,running_footsteps,0.0156,clean
bg_school_urbansound8k_02656,school,urbansound8k,81788-2-0-44.wav,freesound_81788,data/raw/urbansound8k/UrbanSound8K/audio/fold7/81788-2-0-44.wav,4.0,running_footsteps,0.0052,clean
bg_school_urbansound8k_02657,school,urbansound8k,81788-2-0-51.wav,freesound_81788,data/raw/urbansound8k/UrbanSound8K/audio/fold7/81788-2-0-51.wav,4.0,running_footsteps,0.0042,clean
bg_school_urbansound8k_02658,school,urbansound8k,81788-2-0-69.wav,freesound_81788,data/raw/urbansound8k/UrbanSound8K/audio/fold7/81788-2-0-69.wav,4.0,running_footsteps,0.0103,clean
bg_school_urbansound8k_02673,school,urbansound8k,84143-2-0-10.wav,freesound_84143,data/raw/urbansound8k/UrbanSound8K/audio/fold7/84143-2-0-10.wav,4.0,running_footsteps,0.3316,flagged
bg_school_urbansound8k_02674,school,urbansound8k,84143-2-0-12.wav,freesound_84143,data/raw/urbansound8k/UrbanSound8K/audio/fold7/84143-2-0-12.wav,4.0,running_footsteps,0.1609,flagged
bg_school_urbansound8k_02675,school,urbansound8k,84143-2-0-13.wav,freesound_84143,data/raw/urbansound8k/UrbanSound8K/audio/fold7/84143-2-0-13.wav,4.0,running_footsteps,0.2388,flagged
bg_school_urbansound8k_02676,school,urbansound8k,84143-2-0-14.wav,freesound_84143,data/raw/urbansound8k/UrbanSound8K/audio/fold7/84143-2-0-14.wav,4.0,running_footsteps,0.2591,flagged
bg_school_urbansound8k_02677,school,urbansound8k,84143-2-0-15.wav,freesound_84143,data/raw/urbansound8k/UrbanSound8K/audio/fold7/84143-2-0-15.wav,4.0,running_footsteps,0.3563,flagged
bg_school_urbansound8k_02678,school,urbansound8k,84143-2-0-32.wav,freesound_84143,data/raw/urbansound8k/UrbanSound8K/audio/fold7/84143-2-0-32.wav,4.0,running_footsteps,0.5933,flagged
bg_school_urbansound8k_02679,school,urbansound8k,84143-2-0-38.wav,freesound_84143,data/raw/urbansound8k/UrbanSound8K/audio/fold7/84143-2-0-38.wav,4.0,running_footsteps,0.101,clean
bg_school_urbansound8k_02680,school,urbansound8k,84143-2-0-7.wav,freesound_84143,data/raw/urbansound8k/UrbanSound8K/audio/fold7/84143-2-0-7.wav,4.0,running_footsteps,0.5793,flagged
bg_school_urbansound8k_02681,school,urbansound8k,84359-2-0-0.wav,freesound_84359,data/raw/urbansound8k/UrbanSound8K/audio/fold2/84359-2-0-0.wav,4.0,running_footsteps,0.0114,clean
bg_school_urbansound8k_02682,school,urbansound8k,84359-2-0-1.wav,freesound_84359,data/raw/urbansound8k/UrbanSound8K/audio/fold2/84359-2-0-1.wav,4.0,running_footsteps,0.0224,clean
bg_school_urbansound8k_02683,school,urbansound8k,84359-2-0-2.wav,freesound_84359,data/raw/urbansound8k/UrbanSound8K/audio/fold2/84359-2-0-2.wav,4.0,running_footsteps,0.019,clean
bg_school_urbansound8k_02684,school,urbansound8k,84359-2-0-5.wav,freesound_84359,data/raw/urbansound8k/UrbanSound8K/audio/fold2/84359-2-0-5.wav,4.0,running_footsteps,0.0283,clean
bg_school_urbansound8k_02685,school,urbansound8k,84359-2-0-6.wav,freesound_84359,data/raw/urbansound8k/UrbanSound8K/audio/fold2/84359-2-0-6.wav,4.0,running_footsteps,0.0264,clean
bg_school_urbansound8k_02686,school,urbansound8k,84359-2-0-8.wav,freesound_84359,data/raw/urbansound8k/UrbanSound8K/audio/fold2/84359-2-0-8.wav,4.0,running_footsteps,0.0267,clean
bg_school_urbansound8k_02687,school,urbansound8k,84359-2-0-9.wav,freesound_84359,data/raw/urbansound8k/UrbanSound8K/audio/fold2/84359-2-0-9.wav,4.0,running_footsteps,0.0713,clean
bg_school_urbansound8k_02688,school,urbansound8k,88569-2-0-14.wav,freesound_88569,data/raw/urbansound8k/UrbanSound8K/audio/fold3/88569-2-0-14.wav,4.0,running_footsteps,0.0048,clean
bg_school_urbansound8k_02689,school,urbansound8k,88569-2-0-21.wav,freesound_88569,data/raw/urbansound8k/UrbanSound8K/audio/fold3/88569-2-0-21.wav,4.0,explosion,0.0154,clean
bg_school_urbansound8k_02690,school,urbansound8k,88569-2-0-36.wav,freesound_88569,data/raw/urbansound8k/UrbanSound8K/audio/fold3/88569-2-0-36.wav,4.0,running_footsteps,0.0065,clean
bg_school_urbansound8k_02691,school,urbansound8k,88569-2-0-54.wav,freesound_88569,data/raw/urbansound8k/UrbanSound8K/audio/fold3/88569-2-0-54.wav,4.0,running_footsteps,0.0138,clean
bg_school_urbansound8k_02692,school,urbansound8k,88569-2-0-67.wav,freesound_88569,data/raw/urbansound8k/UrbanSound8K/audio/fold3/88569-2-0-67.wav,4.0,explosion,0.0208,clean
bg_school_urbansound8k_02693,school,urbansound8k,88569-2-0-77.wav,freesound_88569,data/raw/urbansound8k/UrbanSound8K/audio/fold3/88569-2-0-77.wav,4.0,explosion,0.0287,clean
bg_school_urbansound8k_02694,school,urbansound8k,88569-2-0-85.wav,freesound_88569,data/raw/urbansound8k/UrbanSound8K/audio/fold3/88569-2-0-85.wav,4.0,explosion,0.031,clean
bg_school_urbansound8k_02726,school,urbansound8k,99500-2-0-1.wav,freesound_99500,data/raw/urbansound8k/UrbanSound8K/audio/fold9/99500-2-0-1.wav,4.0,running_footsteps,0.0079,clean
bg_school_urbansound8k_02727,school,urbansound8k,99500-2-0-11.wav,freesound_99500,data/raw/urbansound8k/UrbanSound8K/audio/fold9/99500-2-0-11.wav,4.0,siren,0.0367,clean
bg_school_urbansound8k_02728,school,urbansound8k,99500-2-0-2.wav,freesound_99500,data/raw/urbansound8k/UrbanSound8K/audio/fold9/99500-2-0-2.wav,4.0,running_footsteps,0.0044,clean
bg_school_urbansound8k_02729,school,urbansound8k,99500-2-0-23.wav,freesound_99500,data/raw/urbansound8k/UrbanSound8K/audio/fold9/99500-2-0-23.wav,4.0,running_footsteps,0.0411,clean
bg_school_urbansound8k_02730,school,urbansound8k,99500-2-0-29.wav,freesound_99500,data/raw/urbansound8k/UrbanSound8K/audio/fold9/99500-2-0-29.wav,4.0,running_footsteps,0.0955,clean
bg_school_urbansound8k_02731,school,urbansound8k,99500-2-0-39.wav,freesound_99500,data/raw/urbansound8k/UrbanSound8K/audio/fold9/99500-2-0-39.wav,4.0,running_footsteps,0.0916,clean
bg_school_urbansound8k_02732,school,urbansound8k,99500-2-0-41.wav,freesound_99500,data/raw/urbansound8k/UrbanSound8K/audio/fold9/99500-2-0-41.wav,4.0,running_footsteps,0.107,clean
bg_school_urbansound8k_02733,school,urbansound8k,99500-2-0-50.wav,freesound_99500,data/raw/urbansound8k/UrbanSound8K/audio/fold9/99500-2-0-50.wav,4.0,running_footsteps,0.0447,clean
