file_id,class_id,path,dur,eff,lead,trail,rms_db,peak,loi
desed_alarm_bell_016586c4,alarm_bell,data/banks/foreground/alarm_bell/desed_alarm_bell_016586c4.wav,0.2416,0.2416,0.0,0.0,-9.99,0.8381,
desed_alarm_bell_03c25915,alarm_bell,data/banks/foreground/alarm_bell/desed_alarm_bell_03c25915.wav,0.3177,0.3177,0.0,0.0,-21.58,0.2661,
desed_alarm_bell_03ca7e85,alarm_bell,data/banks/foreground/alarm_bell/desed_alarm_bell_03ca7e85.wav,0.3162,0.3162,0.0,0.0,-12.21,0.6143,
desed_alarm_bell_0576aaa3,alarm_bell,data/banks/foreground/alarm_bell/desed_alarm_bell_0576aaa3.wav,2.02,2.02,0.0,0.0,-25.3,0.2632,
desed_alarm_bell_084220bd,alarm_bell,data/banks/foreground/alarm_bell/desed_alarm_bell_084220bd.wav,1.38,1.38,0.0,0.0,-20.61,0.8913,
desed_alarm_bell_08817a4e,alarm_bell,data/banks/foreground/alarm_bell/desed_alarm_bell_08817a4e.wav,0.5722,0.5722,0.0,0.0,-25.38,0.1694,
desed_alarm_bell_08dea298,alarm_bell,data/banks/foreground/alarm_bell/desed_alarm_bell_08dea298.wav,0.2416,0.2416,0.0,0.0,-9.99,0.8381,
desed_alarm_bell_08e0991d,alarm_bell,data/banks/foreground/alarm_bell/desed_alarm_bell_08e0991d.wav,0.5337,0.5337,0.0,0.0,-25.63,0.1723,
desed_alarm_bell_097d4455,alarm_bell,data/banks/foreground/alarm_bell/desed_alarm_bell_097d4455.wav,1.478,1.478,0.0,0.0,-26.93,0.2771,
desed_alarm_bell_09b865ef,alarm_bell,data/banks/foreground/alarm_bell/desed_alarm_bell_09b865ef.wav,1.4781,1.4781,0.0,0.0,-26.05,0.2956,
desed_alarm_bell_0f458a63,alarm_bell,data/banks/foreground/alarm_bell/desed_alarm_bell_0f458a63.wav,0.2416,0.2416,0.0,0.0,-9.99,0.8381,
desed_alarm_bell_0feed5f4,alarm_bell,data/banks/foreground/alarm_bell/desed_alarm_bell_0feed5f4.wav,0.5971,0.5971,0.0,0.0,-25.57,0.1625,
desed_alarm_bell_10ae73de,alarm_bell,data/banks/foreground/alarm_bell/desed_alarm_bell_10ae73de.wav,0.5593,0.5593,0.0,0.0,-25.34,0.1568,
desed_alarm_bell_10af084e,alarm_bell,data/banks/foreground/alarm_bell/desed_alarm_bell_10af084e.wav,0.3151,0.3151,0.0,0.0,-47.57,0.0128,
desed_alarm_bell_1421b4bb,alarm_bell,data/banks/foreground/alarm_bell/desed_alarm_bell_1421b4bb.wav,1.0077,1.0077,0.0,0.0,-26.23,0.147,
desed_alarm_bell_1508a031,alarm_bell,data/banks/foreground/alarm_bell/desed_alarm_bell_1508a031.wav,1.008,1.008,0.0,0.0,-26.16,0.1579,
desed_alarm_bell_155a401b,alarm_bell,data/banks/foreground/alarm_bell/desed_alarm_bell_155a401b.wav,0.3112,0.3112,0.0,0.0,-7.2,0.857,
desed_alarm_bell_182ba4c4,alarm_bell,data/banks/foreground/alarm_bell/desed_alarm_bell_182ba4c4.wav,0.3203,0.3203,0.0,0.0,-14.13,0.7001,
desed_alarm_bell_1931680c,alarm_bell,data/banks/foreground/alarm_bell/desed_alarm_bell_1931680c.wav,0.3112,0.3112,0.0,0.0,-7.2,0.857,
desed_alarm_bell_198a13ac,alarm_bell,data/banks/foreground/alarm_bell/desed_alarm_bell_198a13ac.wav,0.3112,0.3112,0.0,0.0,-7.2,0.857,
desed_alarm_bell_1a188021,alarm_bell,data/banks/foreground/alarm_bell/desed_alarm_bell_1a188021.wav,0.5191,0.5191,0.0,0.0,-26.28,0.1145,
desed_alarm_bell_1b0d3a4d,alarm_bell,data/banks/foreground/alarm_bell/desed_alarm_bell_1b0d3a4d.wav,0.1194,0.1194,0.0,0.0,-22.37,0.2095,
desed_alarm_bell_1d312407,alarm_bell,data/banks/foreground/alarm_bell/desed_alarm_bell_1d312407.wav,0.3112,0.3112,0.0,0.0,-7.2,0.857,
desed_alarm_bell_20191b46,alarm_bell,data/banks/foreground/alarm_bell/desed_alarm_bell_20191b46.wav,0.2416,0.2416,0.0,0.0,-9.99,0.8381,
desed_alarm_bell_20245f39,alarm_bell,data/banks/foreground/alarm_bell/desed_alarm_bell_20245f39.wav,0.4814,0.4814,0.0,0.0,-25.99,0.122,
desed_alarm_bell_207ac269,alarm_bell,data/banks/foreground/alarm_bell/desed_alarm_bell_207ac269.wav,0.483,0.483,0.0,0.0,-26.0,0.129,
desed_alarm_bell_212036cc,alarm_bell,data/banks/foreground/alarm_bell/desed_alarm_bell_212036cc.wav,0.4848,0.4848,0.0,0.0,-25.99,0.1422,
desed_alarm_bell_21bea9cc,alarm_bell,data/banks/foreground/alarm_bell/desed_alarm_bell_21bea9cc.wav,0.738,0.738,0.0,0.0,-23.04,0.4776,
desed_alarm_bell_22000d5c,alarm_bell,data/banks/foreground/alarm_bell/desed_alarm_bell_22000d5c.wav,0.3112,0.3112,0.0,0.0,-7.2,0.857,
desed_alarm_bell_248cb8a7,alarm_bell,data/banks/foreground/alarm_bell/desed_alarm_bell_248cb8a7.wav,23.139,23.139,0.0,0.0,-25.92,0.2869,
desed_alarm_bell_26315eee,alarm_bell,data/banks/foreground/alarm_bell/desed_alarm_bell_26315eee.wav,0.5645,0.5645,0.0,0.0,-25.37,0.1669,
desed_alarm_bell_279220b2,alarm_bell,data/banks/foreground/alarm_bell/desed_alarm_bell_279220b2.wav,0.3164,0.3164,0.0,0.0,-10.12,0.8376,
desed_alarm_bell_2888c09d,alarm_bell,data/banks/foreground/alarm_bell/desed_alarm_bell_2888c09d.wav,0.3112,0.3112,0.0,0.0,-7.2,0.857,
desed_alarm_bell_2c424415,alarm_bell,data/banks/foreground/alarm_bell/desed_alarm_bell_2c424415.wav,0.3197,0.3197,0.0,0.0,-22.8,0.2574,
desed_alarm_bell_2f675ca9,alarm_bell,data/banks/foreground/alarm_bell/desed_alarm_bell_2f675ca9.wav,0.739,0.739,0.0,0.0,-20.17,0.4965,
desed_alarm_bell_313321fb,alarm_bell,data/banks/foreground/alarm_bell/desed_alarm_bell_313321fb.wav,0.3056,0.3056,0.0,0.0,-7.12,0.8522,
desed_alarm_bell_3134eda0,alarm_bell,data/banks/foreground/alarm_bell/desed_alarm_bell_3134eda0.wav,1.058,1.058,0.0,0.0,-23.54,0.4475,
desed_alarm_bell_319b8e25,alarm_bell,data/banks/foreground/alarm_bell/desed_alarm_bell_319b8e25.wav,0.4894,0.4894,0.0,0.0,-26.07,0.1429,
desed_alarm_bell_3530a9cb,alarm_bell,data/banks/foreground/alarm_bell/desed_alarm_bell_3530a9cb.wav,0.32,0.32,0.0,0.0,-22.8,0.2435,
desed_alarm_bell_355fa571,alarm_bell,data/banks/foreground/alarm_bell/desed_alarm_bell_355fa571.wav,0.3203,0.3203,0.0,0.0,-47.55,0.0146,
desed_alarm_bell_36e46582,alarm_bell,data/banks/foreground/alarm_bell/desed_alarm_bell_36e46582.wav,0.5624,0.5624,0.0,0.0,-25.33,0.1627,
desed_alarm_bell_3747d982,alarm_bell,data/banks/foreground/alarm_bell/desed_alarm_bell_3747d982.wav,0.6104,0.6104,0.0,0.0,-25.45,0.3511,
desed_alarm_bell_3787c6c4,alarm_bell,data/banks/foreground/alarm_bell/desed_alarm_bell_3787c6c4.wav,0.3164,0.3164,0.0,0.0,-22.77,0.2458,
desed_alarm_bell_37a1f4a3,alarm_bell,data/banks/foreground/alarm_bell/desed_alarm_bell_37a1f4a3.wav,0.5722,0.5722,0.0,0.0,-25.39,0.1641,
desed_alarm_bell_38ceec78,alarm_bell,data/banks/foreground/alarm_bell/desed_alarm_bell_38ceec78.wav,0.2349,0.2349,0.0,0.0,-10.84,0.6928,
desed_alarm_bell_39790714,alarm_bell,data/banks/foreground/alarm_bell/desed_alarm_bell_39790714.wav,0.5142,0.5142,0.0,0.0,-26.28,0.1154,
desed_alarm_bell_399b7f76,alarm_bell,data/banks/foreground/alarm_bell/desed_alarm_bell_399b7f76.wav,0.3201,0.3201,0.0,0.0,-14.11,0.6635,
desed_alarm_bell_39aad88b,alarm_bell,data/banks/foreground/alarm_bell/desed_alarm_bell_39aad88b.wav,0.5555,0.5555,0.0,0.0,-25.26,0.1838,
desed_alarm_bell_3ab4ee0b,alarm_bell,data/banks/foreground/alarm_bell/desed_alarm_bell_3ab4ee0b.wav,0.2352,0.2352,0.0,0.0,-10.84,0.714,
desed_alarm_bell_3c701262,alarm_bell,data/banks/foreground/alarm_bell/desed_alarm_bell_3c701262.wav,1.698,1.698,0.0,0.0,-26.63,0.1967,
desed_alarm_bell_3d9c81a5,alarm_bell,data/banks/foreground/alarm_bell/desed_alarm_bell_3d9c81a5.wav,0.5376,0.5376,0.0,0.0,-25.73,0.1451,
desed_alarm_bell_3f9d5aa3,alarm_bell,data/banks/foreground/alarm_bell/desed_alarm_bell_3f9d5aa3.wav,0.3112,0.3112,0.0,0.0,-7.2,0.857,
desed_alarm_bell_4028a3da,alarm_bell,data/banks/foreground/alarm_bell/desed_alarm_bell_4028a3da.wav,3.614,3.614,0.0,0.0,-25.15,0.5851,
desed_alarm_bell_4048080c,alarm_bell,data/banks/foreground/alarm_bell/desed_alarm_bell_4048080c.wav,0.1037,0.1037,0.0,0.0,-22.38,0.198,
desed_alarm_bell_42a59b74,alarm_bell,data/banks/foreground/alarm_bell/desed_alarm_bell_42a59b74.wav,0.5699,0.5699,0.0,0.0,-25.42,0.1637,
desed_alarm_bell_42ad3bf9,alarm_bell,data/banks/foreground/alarm_bell/desed_alarm_bell_42ad3bf9.wav,0.2294,0.2294,0.0,0.0,-11.16,0.6862,
desed_alarm_bell_42f68488,alarm_bell,data/banks/foreground/alarm_bell/desed_alarm_bell_42f68488.wav,0.3129,0.3129,0.0,0.0,-14.04,0.6844,
desed_alarm_bell_47161f23,alarm_bell,data/banks/foreground/alarm_bell/desed_alarm_bell_47161f23.wav,0.5342,0.5342,0.0,0.0,-25.71,0.1465,
desed_alarm_bell_475854b8,alarm_bell,data/banks/foreground/alarm_bell/desed_alarm_bell_475854b8.wav,0.4923,0.4923,0.0,0.0,-26.0,0.1639,
desed_alarm_bell_49d0ae15,alarm_bell,data/banks/foreground/alarm_bell/desed_alarm_bell_49d0ae15.wav,0.2369,0.2369,0.0,0.0,-11.01,0.7116,
desed_alarm_bell_4a8f8fe2,alarm_bell,data/banks/foreground/alarm_bell/desed_alarm_bell_4a8f8fe2.wav,0.5904,0.5904,0.0,0.0,-25.9,0.1651,
desed_alarm_bell_4acef7b3,alarm_bell,data/banks/foreground/alarm_bell/desed_alarm_bell_4acef7b3.wav,0.3112,0.3112,0.0,0.0,-7.2,0.857,
desed_alarm_bell_4c60bea6,alarm_bell,data/banks/foreground/alarm_bell/desed_alarm_bell_4c60bea6.wav,1.059,1.059,0.0,0.0,-17.68,0.6751,
desed_alarm_bell_4dcf1840,alarm_bell,data/banks/foreground/alarm_bell/desed_alarm_bell_4dcf1840.wav,1.0124,1.0124,0.0,0.0,-26.59,0.1511,
desed_alarm_bell_4f72d71e,alarm_bell,data/banks/foreground/alarm_bell/desed_alarm_bell_4f72d71e.wav,0.3112,0.3112,0.0,0.0,-7.2,0.857,
desed_alarm_bell_53935871,alarm_bell,data/banks/foreground/alarm_bell/desed_alarm_bell_53935871.wav,0.4846,0.4846,0.0,0.0,-26.02,0.1292,
desed_alarm_bell_5620a7d9,alarm_bell,data/banks/foreground/alarm_bell/desed_alarm_bell_5620a7d9.wav,1.0006,1.0006,0.0,0.0,-25.53,0.1996,
desed_alarm_bell_56a3938e,alarm_bell,data/banks/foreground/alarm_bell/desed_alarm_bell_56a3938e.wav,0.2416,0.2416,0.0,0.0,-9.99,0.8381,
desed_alarm_bell_56bca464,alarm_bell,data/banks/foreground/alarm_bell/desed_alarm_bell_56bca464.wav,0.4816,0.4816,0.0,0.0,-26.0,0.1339,
desed_alarm_bell_5789beb0,alarm_bell,data/banks/foreground/alarm_bell/desed_alarm_bell_5789beb0.wav,0.4857,0.4857,0.0,0.0,-26.0,0.1814,
desed_alarm_bell_589d76f9,alarm_bell,data/banks/foreground/alarm_bell/desed_alarm_bell_589d76f9.wav,2.655,2.655,0.0,0.0,-26.11,0.2285,
desed_alarm_bell_58e96ac2,alarm_bell,data/banks/foreground/alarm_bell/desed_alarm_bell_58e96ac2.wav,1.38,1.38,0.0,0.0,-20.45,0.2485,
desed_alarm_bell_5b9ce681,alarm_bell,data/banks/foreground/alarm_bell/desed_alarm_bell_5b9ce681.wav,1.698,1.698,0.0,0.0,-21.44,0.5923,
desed_alarm_bell_5b9e6bd8,alarm_bell,data/banks/foreground/alarm_bell/desed_alarm_bell_5b9e6bd8.wav,0.3149,0.3149,0.0,0.0,-47.47,0.0126,
desed_alarm_bell_5d6ca0a1,alarm_bell,data/banks/foreground/alarm_bell/desed_alarm_bell_5d6ca0a1.wav,0.5183,0.5183,0.0,0.0,-26.28,0.112,
desed_alarm_bell_5dbbdf69,alarm_bell,data/banks/foreground/alarm_bell/desed_alarm_bell_5dbbdf69.wav,0.3125,0.3125,0.0,0.0,-47.56,0.0142,
desed_alarm_bell_60367f06,alarm_bell,data/banks/foreground/alarm_bell/desed_alarm_bell_60367f06.wav,0.3593,0.3593,0.0,0.0,-10.38,0.7905,
desed_alarm_bell_6157608c,alarm_bell,data/banks/foreground/alarm_bell/desed_alarm_bell_6157608c.wav,0.4946,0.4946,0.0,0.0,-26.04,0.1671,
desed_alarm_bell_61becda7,alarm_bell,data/banks/foreground/alarm_bell/desed_alarm_bell_61becda7.wav,0.3112,0.3112,0.0,0.0,-7.2,0.857,
desed_alarm_bell_6261dc0a,alarm_bell,data/banks/foreground/alarm_bell/desed_alarm_bell_6261dc0a.wav,0.6721,0.6721,0.0,0.0,-25.62,0.1934,
desed_alarm_bell_62ed06e7,alarm_bell,data/banks/foreground/alarm_bell/desed_alarm_bell_62ed06e7.wav,0.3327,0.3327,0.0,0.0,-10.32,0.8378,
desed_alarm_bell_630dc66f,alarm_bell,data/banks/foreground/alarm_bell/desed_alarm_bell_630dc66f.wav,0.3161,0.3161,0.0,0.0,-12.23,0.6126,
desed_alarm_bell_66037bb2,alarm_bell,data/banks/foreground/alarm_bell/desed_alarm_bell_66037bb2.wav,1.0159,1.0159,0.0,0.0,-25.65,0.1993,
desed_alarm_bell_66c738d5,alarm_bell,data/banks/foreground/alarm_bell/desed_alarm_bell_66c738d5.wav,0.2416,0.2416,0.0,0.0,-9.99,0.8381,
desed_alarm_bell_6b98ee0b,alarm_bell,data/banks/foreground/alarm_bell/desed_alarm_bell_6b98ee0b.wav,1.0163,1.0163,0.0,0.0,-24.78,0.2097,
desed_alarm_bell_6d17d863,alarm_bell,data/banks/foreground/alarm_bell/desed_alarm_bell_6d17d863.wav,0.4762,0.4762,0.0,0.0,-25.41,0.1821,
desed_alarm_bell_6e8803ee,alarm_bell,data/banks/foreground/alarm_bell/desed_alarm_bell_6e8803ee.wav,1.8,1.8,0.0,0.0,-26.14,0.1627,
desed_alarm_bell_7010b150,alarm_bell,data/banks/foreground/alarm_bell/desed_alarm_bell_7010b150.wav,0.3206,0.3206,0.0,0.0,-23.14,0.2608,
desed_alarm_bell_701b77fd,alarm_bell,data/banks/foreground/alarm_bell/desed_alarm_bell_701b77fd.wav,0.3284,0.3284,0.0,0.0,-14.36,0.671,
desed_alarm_bell_70f81d45,alarm_bell,data/banks/foreground/alarm_bell/desed_alarm_bell_70f81d45.wav,0.3112,0.3112,0.0,0.0,-7.2,0.857,
desed_alarm_bell_727cfab7,alarm_bell,data/banks/foreground/alarm_bell/desed_alarm_bell_727cfab7.wav,0.5194,0.5194,0.0,0.0,-26.27,0.1129,
desed_alarm_bell_744e48bf,alarm_bell,data/banks/foreground/alarm_bell/desed_alarm_bell_744e48bf.wav,1.0074,1.0074,0.0,0.0,-26.18,0.1464,
desed_alarm_bell_74935f8d,alarm_bell,data/banks/foreground/alarm_bell/desed_alarm_bell_74935f8d.wav,1.4492,1.4492,0.0,0.0,-23.93,0.388,
desed_alarm_bell_7552527e,alarm_bell,data/banks/foreground/alarm_bell/desed_alarm_bell_7552527e.wav,0.3611,0.3611,0.0,0.0,-10.4,0.7875,
desed_alarm_bell_75735c8c,alarm_bell,data/banks/foreground/alarm_bell/desed_alarm_bell_75735c8c.wav,0.2416,0.2416,0.0,0.0,-9.99,0.8381,
desed_alarm_bell_77ea9d95,alarm_bell,data/banks/foreground/alarm_bell/desed_alarm_bell_77ea9d95.wav,0.3327,0.3327,0.0,0.0,-10.34,0.8394,
desed_alarm_bell_7866e774,alarm_bell,data/banks/foreground/alarm_bell/desed_alarm_bell_7866e774.wav,1.159,1.159,0.0,0.0,-30.6,0.205,
desed_alarm_bell_7aaad03d,alarm_bell,data/banks/foreground/alarm_bell/desed_alarm_bell_7aaad03d.wav,0.3593,0.3593,0.0,0.0,-10.28,0.8035,
desed_alarm_bell_7b54a1ea,alarm_bell,data/banks/foreground/alarm_bell/desed_alarm_bell_7b54a1ea.wav,0.3112,0.3112,0.0,0.0,-7.2,0.857,
desed_alarm_bell_7bbe1dda,alarm_bell,data/banks/foreground/alarm_bell/desed_alarm_bell_7bbe1dda.wav,0.2359,0.2359,0.0,0.0,-9.88,0.8366,
desed_alarm_bell_7e5012d0,alarm_bell,data/banks/foreground/alarm_bell/desed_alarm_bell_7e5012d0.wav,1.0054,1.0054,0.0,0.0,-26.18,0.1533,
desed_alarm_bell_7ece994a,alarm_bell,data/banks/foreground/alarm_bell/desed_alarm_bell_7ece994a.wav,0.3173,0.3173,0.0,0.0,-21.52,0.2666,
desed_alarm_bell_7f3fcf5e,alarm_bell,data/banks/foreground/alarm_bell/desed_alarm_bell_7f3fcf5e.wav,1.379,1.379,0.0,0.0,-20.81,0.565,
desed_alarm_bell_8071cb1b,alarm_bell,data/banks/foreground/alarm_bell/desed_alarm_bell_8071cb1b.wav,0.3164,0.3164,0.0,0.0,-21.51,0.2647,
desed_alarm_bell_812da415,alarm_bell,data/banks/foreground/alarm_bell/desed_alarm_bell_812da415.wav,0.9921,0.9921,0.0,0.0,-26.16,0.1472,
desed_alarm_bell_8b2a67c7,alarm_bell,data/banks/foreground/alarm_bell/desed_alarm_bell_8b2a67c7.wav,1.696,1.696,0.0,0.0,-26.88,0.2295,
desed_alarm_bell_8c2f0ef9,alarm_bell,data/banks/foreground/alarm_bell/desed_alarm_bell_8c2f0ef9.wav,1.057,1.057,0.0,0.0,-19.71,0.6414,
desed_alarm_bell_90839037,alarm_bell,data/banks/foreground/alarm_bell/desed_alarm_bell_90839037.wav,1.4791,1.4791,0.0,0.0,-27.76,0.1531,
desed_alarm_bell_91467225,alarm_bell,data/banks/foreground/alarm_bell/desed_alarm_bell_91467225.wav,0.5161,0.5161,0.0,0.0,-26.25,0.1128,
desed_alarm_bell_91cde4de,alarm_bell,data/banks/foreground/alarm_bell/desed_alarm_bell_91cde4de.wav,0.3131,0.3131,0.0,0.0,-47.48,0.0125,
desed_alarm_bell_934d5d28,alarm_bell,data/banks/foreground/alarm_bell/desed_alarm_bell_934d5d28.wav,0.3146,0.3146,0.0,0.0,-12.25,0.609,
desed_alarm_bell_9548a650,alarm_bell,data/banks/foreground/alarm_bell/desed_alarm_bell_9548a650.wav,0.3217,0.3217,0.0,0.0,-47.45,0.0138,
desed_alarm_bell_9798d0e0,alarm_bell,data/banks/foreground/alarm_bell/desed_alarm_bell_9798d0e0.wav,1.059,1.059,0.0,0.0,-19.96,0.5817,
desed_alarm_bell_984c7d8f,alarm_bell,data/banks/foreground/alarm_bell/desed_alarm_bell_984c7d8f.wav,0.572,0.572,0.0,0.0,-25.56,0.152,
desed_alarm_bell_99539dab,alarm_bell,data/banks/foreground/alarm_bell/desed_alarm_bell_99539dab.wav,0.2736,0.2736,0.0,0.0,-10.11,0.837,
desed_alarm_bell_9c98ff1f,alarm_bell,data/banks/foreground/alarm_bell/desed_alarm_bell_9c98ff1f.wav,1.8961,1.8961,0.0,0.0,-27.24,0.3415,
desed_alarm_bell_9ca1a188,alarm_bell,data/banks/foreground/alarm_bell/desed_alarm_bell_9ca1a188.wav,0.3147,0.3147,0.0,0.0,-14.37,0.6563,
desed_alarm_bell_9ce1c5d8,alarm_bell,data/banks/foreground/alarm_bell/desed_alarm_bell_9ce1c5d8.wav,2.015,2.015,0.0,0.0,-25.47,0.2241,
desed_alarm_bell_9dc444f3,alarm_bell,data/banks/foreground/alarm_bell/desed_alarm_bell_9dc444f3.wav,0.5201,0.5201,0.0,0.0,-26.27,0.1174,
desed_alarm_bell_9e2f9d5e,alarm_bell,data/banks/foreground/alarm_bell/desed_alarm_bell_9e2f9d5e.wav,0.6051,0.6051,0.0,0.0,-25.69,0.1554,
desed_alarm_bell_9fabdd47,alarm_bell,data/banks/foreground/alarm_bell/desed_alarm_bell_9fabdd47.wav,0.3172,0.3172,0.0,0.0,-21.57,0.2632,
desed_alarm_bell_a00f28b7,alarm_bell,data/banks/foreground/alarm_bell/desed_alarm_bell_a00f28b7.wav,0.3176,0.3176,0.0,0.0,-21.54,0.2683,
desed_alarm_bell_a2084b19,alarm_bell,data/banks/foreground/alarm_bell/desed_alarm_bell_a2084b19.wav,0.5676,0.5676,0.0,0.0,-25.39,0.1661,
desed_alarm_bell_a8946f3c,alarm_bell,data/banks/foreground/alarm_bell/desed_alarm_bell_a8946f3c.wav,0.3148,0.3148,0.0,0.0,-12.31,0.607,
desed_alarm_bell_aa831035,alarm_bell,data/banks/foreground/alarm_bell/desed_alarm_bell_aa831035.wav,0.3102,0.3102,0.0,0.0,-12.34,0.6001,
desed_alarm_bell_ad217d82,alarm_bell,data/banks/foreground/alarm_bell/desed_alarm_bell_ad217d82.wav,0.3202,0.3202,0.0,0.0,-14.15,0.6638,
desed_alarm_bell_ae315091,alarm_bell,data/banks/foreground/alarm_bell/desed_alarm_bell_ae315091.wav,0.624,0.624,0.0,0.0,-26.31,0.1487,
desed_alarm_bell_af29effd,alarm_bell,data/banks/foreground/alarm_bell/desed_alarm_bell_af29effd.wav,1.0355,1.0355,0.0,0.0,-25.9,0.1789,
desed_alarm_bell_af5c4ba2,alarm_bell,data/banks/foreground/alarm_bell/desed_alarm_bell_af5c4ba2.wav,1.379,1.379,0.0,0.0,-17.41,0.8756,
desed_alarm_bell_b5321f49,alarm_bell,data/banks/foreground/alarm_bell/desed_alarm_bell_b5321f49.wav,0.4914,0.4914,0.0,0.0,-26.08,0.1106,
desed_alarm_bell_b6ab58a8,alarm_bell,data/banks/foreground/alarm_bell/desed_alarm_bell_b6ab58a8.wav,1.037,1.037,0.0,0.0,-26.24,0.1533,
desed_alarm_bell_b8348a60,alarm_bell,data/banks/foreground/alarm_bell/desed_alarm_bell_b8348a60.wav,0.5476,0.5476,0.0,0.0,-25.84,0.1297,
desed_alarm_bell_b865d300,alarm_bell,data/banks/foreground/alarm_bell/desed_alarm_bell_b865d300.wav,0.3202,0.3202,0.0,0.0,-22.86,0.2475,
desed_alarm_bell_b8915b16,alarm_bell,data/banks/foreground/alarm_bell/desed_alarm_bell_b8915b16.wav,0.3112,0.3112,0.0,0.0,-7.2,0.857,
desed_alarm_bell_b92ce32e,alarm_bell,data/banks/foreground/alarm_bell/desed_alarm_bell_b92ce32e.wav,0.32,0.32,0.0,0.0,-14.11,0.6602,
desed_alarm_bell_b9bc75ff,alarm_bell,data/banks/foreground/alarm_bell/desed_alarm_bell_b9bc75ff.wav,0.5351,0.5351,0.0,0.0,-26.53,0.2106,
desed_alarm_bell_b9d2412a,alarm_bell,data/banks/foreground/alarm_bell/desed_alarm_bell_b9d2412a.wav,0.3327,0.3327,0.0,0.0,-10.32,0.8383,
desed_alarm_bell_bab1f161,alarm_bell,data/banks/foreground/alarm_bell/desed_alarm_bell_bab1f161.wav,0.3128,0.3128,0.0,0.0,-22.73,0.2491,
desed_alarm_bell_bb2f50f9,alarm_bell,data/banks/foreground/alarm_bell/desed_alarm_bell_bb2f50f9.wav,0.3284,0.3284,0.0,0.0,-23.04,0.2515,
desed_alarm_bell_bd44db60,alarm_bell,data/banks/foreground/alarm_bell/desed_alarm_bell_bd44db60.wav,0.1256,0.1256,0.0,0.0,-26.81,0.129,
desed_alarm_bell_be8ba650,alarm_bell,data/banks/foreground/alarm_bell/desed_alarm_bell_be8ba650.wav,0.5527,0.5527,0.0,0.0,-25.25,0.1561,
desed_alarm_bell_bee584ac,alarm_bell,data/banks/foreground/alarm_bell/desed_alarm_bell_bee584ac.wav,0.5713,0.5713,0.0,0.0,-25.43,0.1638,
desed_alarm_bell_bf572b6d,alarm_bell,data/banks/foreground/alarm_bell/desed_alarm_bell_bf572b6d.wav,0.8661,0.8661,0.0,0.0,-25.97,0.641,
desed_alarm_bell_bfa154e7,alarm_bell,data/banks/foreground/alarm_bell/desed_alarm_bell_bfa154e7.wav,0.3203,0.3203,0.0,0.0,-22.76,0.2596,
desed_alarm_bell_c02541d9,alarm_bell,data/banks/foreground/alarm_bell/desed_alarm_bell_c02541d9.wav,0.4866,0.4866,0.0,0.0,-26.03,0.1701,
desed_alarm_bell_c1383453,alarm_bell,data/banks/foreground/alarm_bell/desed_alarm_bell_c1383453.wav,0.3164,0.3164,0.0,0.0,-10.11,0.8387,
desed_alarm_bell_c1e32f27,alarm_bell,data/banks/foreground/alarm_bell/desed_alarm_bell_c1e32f27.wav,1.158,1.158,0.0,0.0,-26.56,0.2063,
desed_alarm_bell_c23378b2,alarm_bell,data/banks/foreground/alarm_bell/desed_alarm_bell_c23378b2.wav,0.3327,0.3327,0.0,0.0,-10.34,0.8382,
desed_alarm_bell_c2837498,alarm_bell,data/banks/foreground/alarm_bell/desed_alarm_bell_c2837498.wav,0.4836,0.4836,0.0,0.0,-26.02,0.1257,
desed_alarm_bell_c47ac082,alarm_bell,data/banks/foreground/alarm_bell/desed_alarm_bell_c47ac082.wav,0.3112,0.3112,0.0,0.0,-7.2,0.857,
desed_alarm_bell_c50cab9f,alarm_bell,data/banks/foreground/alarm_bell/desed_alarm_bell_c50cab9f.wav,0.3596,0.3596,0.0,0.0,-10.9,0.7083,
desed_alarm_bell_c7140117,alarm_bell,data/banks/foreground/alarm_bell/desed_alarm_bell_c7140117.wav,0.3043,0.3043,0.0,0.0,-47.47,0.0151,
desed_alarm_bell_c9541d57,alarm_bell,data/banks/foreground/alarm_bell/desed_alarm_bell_c9541d57.wav,0.3112,0.3112,0.0,0.0,-7.2,0.857,
desed_alarm_bell_c9677274,alarm_bell,data/banks/foreground/alarm_bell/desed_alarm_bell_c9677274.wav,1.377,1.377,0.0,0.0,-21.51,0.228,
desed_alarm_bell_cc754470,alarm_bell,data/banks/foreground/alarm_bell/desed_alarm_bell_cc754470.wav,2.34,2.34,0.0,0.0,-25.65,0.2168,
desed_alarm_bell_ccdb132e,alarm_bell,data/banks/foreground/alarm_bell/desed_alarm_bell_ccdb132e.wav,0.6159,0.6159,0.0,0.0,-26.29,0.149,
desed_alarm_bell_cdf977e0,alarm_bell,data/banks/foreground/alarm_bell/desed_alarm_bell_cdf977e0.wav,1.38,1.38,0.0,0.0,-18.57,0.5013,
desed_alarm_bell_d02f950a,alarm_bell,data/banks/foreground/alarm_bell/desed_alarm_bell_d02f950a.wav,0.3179,0.3179,0.0,0.0,-21.53,0.269,
desed_alarm_bell_d09bd9f7,alarm_bell,data/banks/foreground/alarm_bell/desed_alarm_bell_d09bd9f7.wav,0.6868,0.6868,0.0,0.0,-25.71,0.1899,
desed_alarm_bell_d258794f,alarm_bell,data/banks/foreground/alarm_bell/desed_alarm_bell_d258794f.wav,0.3327,0.3327,0.0,0.0,-10.33,0.8378,
desed_alarm_bell_d42d9967,alarm_bell,data/banks/foreground/alarm_bell/desed_alarm_bell_d42d9967.wav,1.1194,1.1194,0.0,0.0,-26.21,0.1755,
desed_alarm_bell_d4ae5400,alarm_bell,data/banks/foreground/alarm_bell/desed_alarm_bell_d4ae5400.wav,0.3204,0.3204,0.0,0.0,-22.83,0.2481,
desed_alarm_bell_d6c819cd,alarm_bell,data/banks/foreground/alarm_bell/desed_alarm_bell_d6c819cd.wav,1.378,1.378,0.0,0.0,-20.93,0.6437,
desed_alarm_bell_d7595079,alarm_bell,data/banks/foreground/alarm_bell/desed_alarm_bell_d7595079.wav,0.3202,0.3202,0.0,0.0,-22.83,0.2448,
desed_alarm_bell_d7f40860,alarm_bell,data/banks/foreground/alarm_bell/desed_alarm_bell_d7f40860.wav,0.3164,0.3164,0.0,0.0,-10.11,0.8371,
desed_alarm_bell_d8aabdb7,alarm_bell,data/banks/foreground/alarm_bell/desed_alarm_bell_d8aabdb7.wav,1.377,1.377,0.0,0.0,-21.51,0.2349,
desed_alarm_bell_dd2eafd1,alarm_bell,data/banks/foreground/alarm_bell/desed_alarm_bell_dd2eafd1.wav,0.5264,0.5264,0.0,0.0,-25.72,0.1669,
desed_alarm_bell_e2bfb294,alarm_bell,data/banks/foreground/alarm_bell/desed_alarm_bell_e2bfb294.wav,0.3201,0.3201,0.0,0.0,-22.8,0.2441,
desed_alarm_bell_e3014586,alarm_bell,data/banks/foreground/alarm_bell/desed_alarm_bell_e3014586.wav,0.1121,0.1121,0.0,0.0,-24.39,0.1664,
desed_alarm_bell_e3e31aaa,alarm_bell,data/banks/foreground/alarm_bell/desed_alarm_bell_e3e31aaa.wav,0.3159,0.3159,0.0,0.0,-12.22,0.6967,
desed_alarm_bell_e4b69fbb,alarm_bell,data/banks/foreground/alarm_bell/desed_alarm_bell_e4b69fbb.wav,0.5168,0.5168,0.0,0.0,-26.26,0.1131,
desed_alarm_bell_e545d797,alarm_bell,data/banks/foreground/alarm_bell/desed_alarm_bell_e545d797.wav,0.5689,0.5689,0.0,0.0,-25.4,0.1656,
desed_alarm_bell_e557f032,alarm_bell,data/banks/foreground/alarm_bell/desed_alarm_bell_e557f032.wav,0.2416,0.2416,0.0,0.0,-9.99,0.8381,
desed_alarm_bell_e5e328c5,alarm_bell,data/banks/foreground/alarm_bell/desed_alarm_bell_e5e328c5.wav,1.0019,1.0019,0.0,0.0,-25.23,0.2082,
desed_alarm_bell_e639f795,alarm_bell,data/banks/foreground/alarm_bell/desed_alarm_bell_e639f795.wav,0.5434,0.5434,0.0,0.0,-25.8,0.1576,
desed_alarm_bell_e7076506,alarm_bell,data/banks/foreground/alarm_bell/desed_alarm_bell_e7076506.wav,0.9948,0.9948,0.0,0.0,-26.2,0.1451,
desed_alarm_bell_e8c622e7,alarm_bell,data/banks/foreground/alarm_bell/desed_alarm_bell_e8c622e7.wav,0.3198,0.3198,0.0,0.0,-14.11,0.6832,
desed_alarm_bell_e9fb2edf,alarm_bell,data/banks/foreground/alarm_bell/desed_alarm_bell_e9fb2edf.wav,0.3174,0.3174,0.0,0.0,-21.58,0.2653,
desed_alarm_bell_eaf6d8c7,alarm_bell,data/banks/foreground/alarm_bell/desed_alarm_bell_eaf6d8c7.wav,0.3179,0.3179,0.0,0.0,-21.52,0.2682,
desed_alarm_bell_ebf46738,alarm_bell,data/banks/foreground/alarm_bell/desed_alarm_bell_ebf46738.wav,0.2416,0.2416,0.0,0.0,-9.99,0.8381,
desed_alarm_bell_ede6dc6b,alarm_bell,data/banks/foreground/alarm_bell/desed_alarm_bell_ede6dc6b.wav,0.3144,0.3144,0.0,0.0,-12.23,0.6233,
desed_alarm_bell_ee047905,alarm_bell,data/banks/foreground/alarm_bell/desed_alarm_bell_ee047905.wav,0.3169,0.3169,0.0,0.0,-21.52,0.2631,
desed_alarm_bell_ee8c0dc7,alarm_bell,data/banks/foreground/alarm_bell/desed_alarm_bell_ee8c0dc7.wav,0.4829,0.4829,0.0,0.0,-26.01,0.1316,
desed_alarm_bell_eec10006,alarm_bell,data/banks/foreground/alarm_bell/desed_alarm_bell_eec10006.wav,0.565,0.565,0.0,0.0,-25.34,0.154,
desed_alarm_bell_f2b3fc34,alarm_bell,data/banks/foreground/alarm_bell/desed_alarm_bell_f2b3fc34.wav,1.0009,1.0009,0.0,0.0,-26.19,0.1446,
desed_alarm_bell_f4af2a9c,alarm_bell,data/banks/foreground/alarm_bell/desed_alarm_bell_f4af2a9c.wav,0.5317,0.5317,0.0,0.0,-25.7,0.1392,
desed_alarm_bell_f6ec9dfc,alarm_bell,data/banks/foreground/alarm_bell/desed_alarm_bell_f6ec9dfc.wav,1.379,1.379,0.0,0.0,-20.72,0.5733,
desed_alarm_bell_f72a8416,alarm_bell,data/banks/foreground/alarm_bell/desed_alarm_bell_f72a8416.wav,0.3175,0.3175,0.0,0.0,-21.63,0.2639,
desed_alarm_bell_f815d53a,alarm_bell,data/banks/foreground/alarm_bell/desed_alarm_bell_f815d53a.wav,1.16,1.16,0.0,0.0,-25.44,0.2757,
desed_alarm_bell_f95c30bf,alarm_bell,data/banks/foreground/alarm_bell/desed_alarm_bell_f95c30bf.wav,0.3327,0.3327,0.0,0.0,-10.32,0.84,
desed_alarm_bell_f9bde753,alarm_bell,data/banks/foreground/alarm_bell/desed_alarm_bell_f9bde753.wav,0.3204,0.3204,0.0,0.0,-14.14,0.7064,
desed_alarm_bell_fb89116a,alarm_bell,data/banks/foreground/alarm_bell/desed_alarm_bell_fb89116a.wav,0.3203,0.3203,0.0,0.0,-22.82,0.2497,
desed_alarm_bell_fc42e9a7,alarm_bell,data/banks/foreground/alarm_bell/desed_alarm_bell_fc42e9a7.wav,0.5381,0.5381,0.0,0.0,-25.75,0.1413,
desed_alarm_bell_fe313670,alarm_bell,data/banks/foreground/alarm_bell/desed_alarm_bell_fe313670.wav,1.4791,1.4791,0.0,0.0,-27.76,0.1487,
desed_alarm_bell_ffb90bce,alarm_bell,data/banks/foreground/alarm_bell/desed_alarm_bell_ffb90bce.wav,1.5457,1.5457,0.0,0.0,-24.07,0.4303,
desed_alarm_bell_ffbbde52,alarm_bell,data/banks/foreground/alarm_bell/desed_alarm_bell_ffbbde52.wav,0.3164,0.3164,0.0,0.0,-14.08,0.6636,
esc50_alarm_bell_0f0e831a,alarm_bell,data/banks/foreground/alarm_bell/esc50_alarm_bell_0f0e831a.wav,5.0,5.0,0.0,0.0,-22.37,0.3799,
esc50_alarm_bell_0f99cf9a,alarm_bell,data/banks/foreground/alarm_bell/esc50_alarm_bell_0f99cf9a.wav,5.0,5.0,0.0,0.0,-25.01,0.1977,
esc50_alarm_bell_119c2783,alarm_bell,data/banks/foreground/alarm_bell/esc50_alarm_bell_119c2783.wav,5.0,5.0,0.0,0.0,-27.14,0.2008,
esc50_alarm_bell_1583d0be,alarm_bell,data/banks/foreground/alarm_bell/esc50_alarm_bell_1583d0be.wav,1.797,1.797,0.0,0.0,-23.22,0.532,
esc50_alarm_bell_1b78f0e6,alarm_bell,data/banks/foreground/alarm_bell/esc50_alarm_bell_1b78f0e6.wav,5.0,5.0,0.0,0.0,-25.78,0.2416,
esc50_alarm_bell_1c5a500b,alarm_bell,data/banks/foreground/alarm_bell/esc50_alarm_bell_1c5a500b.wav,4.352,4.352,0.0,0.0,-27.67,0.2042,
esc50_alarm_bell_1ccb7137,alarm_bell,data/banks/foreground/alarm_bell/esc50_alarm_bell_1ccb7137.wav,3.075,3.075,0.0,0.0,-22.7,0.2815,
esc50_alarm_bell_21679508,alarm_bell,data/banks/foreground/alarm_bell/esc50_alarm_bell_21679508.wav,4.571,4.571,0.0,0.0,-27.16,0.1876,
esc50_alarm_bell_218a6463,alarm_bell,data/banks/foreground/alarm_bell/esc50_alarm_bell_218a6463.wav,1.158,1.056,0.0,0.102,-23.92,0.2544,
esc50_alarm_bell_220c3d12,alarm_bell,data/banks/foreground/alarm_bell/esc50_alarm_bell_220c3d12.wav,3.613,3.613,0.0,0.0,-25.1,0.2744,
esc50_alarm_bell_2212340e,alarm_bell,data/banks/foreground/alarm_bell/esc50_alarm_bell_2212340e.wav,3.184,3.184,0.0,0.0,-23.86,0.2993,
esc50_alarm_bell_2d2ae224,alarm_bell,data/banks/foreground/alarm_bell/esc50_alarm_bell_2d2ae224.wav,5.0,5.0,0.0,0.0,-26.16,0.3367,
esc50_alarm_bell_2e28b25e,alarm_bell,data/banks/foreground/alarm_bell/esc50_alarm_bell_2e28b25e.wav,1.158,1.158,0.0,0.0,-25.1,0.278,
esc50_alarm_bell_3b2f085b,alarm_bell,data/banks/foreground/alarm_bell/esc50_alarm_bell_3b2f085b.wav,4.571,4.443,0.128,0.0,-26.3,0.126,
esc50_alarm_bell_403a522c,alarm_bell,data/banks/foreground/alarm_bell/esc50_alarm_bell_403a522c.wav,1.058,1.058,0.0,0.0,-25.48,0.2309,
esc50_alarm_bell_44316710,alarm_bell,data/banks/foreground/alarm_bell/esc50_alarm_bell_44316710.wav,5.0,5.0,0.0,0.0,-22.71,0.3902,
esc50_alarm_bell_45473028,alarm_bell,data/banks/foreground/alarm_bell/esc50_alarm_bell_45473028.wav,5.0,5.0,0.0,0.0,-23.22,0.3863,
esc50_alarm_bell_48e8337f,alarm_bell,data/banks/foreground/alarm_bell/esc50_alarm_bell_48e8337f.wav,3.613,3.613,0.0,0.0,-25.76,0.2057,
esc50_alarm_bell_49223fa4,alarm_bell,data/banks/foreground/alarm_bell/esc50_alarm_bell_49223fa4.wav,3.294,3.294,0.0,0.0,-25.08,0.2622,
esc50_alarm_bell_495ea115,alarm_bell,data/banks/foreground/alarm_bell/esc50_alarm_bell_495ea115.wav,5.0,5.0,0.0,0.0,-22.68,0.2987,
esc50_alarm_bell_5822815c,alarm_bell,data/banks/foreground/alarm_bell/esc50_alarm_bell_5822815c.wav,2.9739,2.9739,0.0,0.0,-26.21,0.1294,
esc50_alarm_bell_5e790539,alarm_bell,data/banks/foreground/alarm_bell/esc50_alarm_bell_5e790539.wav,5.0,5.0,0.0,0.0,-26.28,0.1803,
esc50_alarm_bell_796a0d89,alarm_bell,data/banks/foreground/alarm_bell/esc50_alarm_bell_796a0d89.wav,3.075,3.075,0.0,0.0,-22.7,0.4038,
esc50_alarm_bell_7b8aad41,alarm_bell,data/banks/foreground/alarm_bell/esc50_alarm_bell_7b8aad41.wav,1.478,1.478,0.0,0.0,-20.17,0.6593,
esc50_alarm_bell_7dbc0346,alarm_bell,data/banks/foreground/alarm_bell/esc50_alarm_bell_7dbc0346.wav,1.478,1.478,0.0,0.0,-21.99,0.5706,
esc50_alarm_bell_81ff3870,alarm_bell,data/banks/foreground/alarm_bell/esc50_alarm_bell_81ff3870.wav,2.545,2.545,0.0,0.0,-25.71,0.4186,
esc50_alarm_bell_82212458,alarm_bell,data/banks/foreground/alarm_bell/esc50_alarm_bell_82212458.wav,5.0,5.0,0.0,0.0,-25.76,0.2111,
esc50_alarm_bell_87c0ead3,alarm_bell,data/banks/foreground/alarm_bell/esc50_alarm_bell_87c0ead3.wav,2.9739,2.9739,0.0,0.0,-25.64,0.2386,
esc50_alarm_bell_892a04fe,alarm_bell,data/banks/foreground/alarm_bell/esc50_alarm_bell_892a04fe.wav,4.781,4.781,0.0,0.0,-26.4,0.2072,
esc50_alarm_bell_8b402796,alarm_bell,data/banks/foreground/alarm_bell/esc50_alarm_bell_8b402796.wav,2.9739,2.7819,0.192,0.0,-25.62,0.2572,
esc50_alarm_bell_8dbf786d,alarm_bell,data/banks/foreground/alarm_bell/esc50_alarm_bell_8dbf786d.wav,5.0,5.0,0.0,0.0,-22.46,0.3351,
esc50_alarm_bell_8f8f7c9c,alarm_bell,data/banks/foreground/alarm_bell/esc50_alarm_bell_8f8f7c9c.wav,4.571,4.571,0.0,0.0,-21.78,0.3036,
esc50_alarm_bell_92baf64d,alarm_bell,data/banks/foreground/alarm_bell/esc50_alarm_bell_92baf64d.wav,5.0,5.0,0.0,0.0,-22.43,0.4734,
esc50_alarm_bell_93064c31,alarm_bell,data/banks/foreground/alarm_bell/esc50_alarm_bell_93064c31.wav,5.0,5.0,0.0,0.0,-24.39,0.2487,
esc50_alarm_bell_973df7c6,alarm_bell,data/banks/foreground/alarm_bell/esc50_alarm_bell_973df7c6.wav,5.0,5.0,0.0,0.0,-23.33,0.3006,
esc50_alarm_bell_9a8b1499,alarm_bell,data/banks/foreground/alarm_bell/esc50_alarm_bell_9a8b1499.wav,5.0,5.0,0.0,0.0,-23.43,0.2334,
esc50_alarm_bell_9e45012b,alarm_bell,data/banks/foreground/alarm_bell/esc50_alarm_bell_9e45012b.wav,2.7549,2.432,0.0,0.3229,-26.41,0.1945,
esc50_alarm_bell_a0664359,alarm_bell,data/banks/foreground/alarm_bell/esc50_alarm_bell_a0664359.wav,4.571,4.571,0.0,0.0,-22.42,0.3237,
esc50_alarm_bell_a6b64ebb,alarm_bell,data/banks/foreground/alarm_bell/esc50_alarm_bell_a6b64ebb.wav,4.252,4.252,0.0,0.0,-22.21,0.3827,
esc50_alarm_bell_ae91dd8b,alarm_bell,data/banks/foreground/alarm_bell/esc50_alarm_bell_ae91dd8b.wav,1.377,1.377,0.0,0.0,-20.48,0.5024,
esc50_alarm_bell_af64f859,alarm_bell,data/banks/foreground/alarm_bell/esc50_alarm_bell_af64f859.wav,5.0,5.0,0.0,0.0,-22.29,0.2697,
esc50_alarm_bell_b13da802,alarm_bell,data/banks/foreground/alarm_bell/esc50_alarm_bell_b13da802.wav,3.294,3.294,0.0,0.0,-23.7,0.32,
esc50_alarm_bell_b6d260c3,alarm_bell,data/banks/foreground/alarm_bell/esc50_alarm_bell_b6d260c3.wav,5.0,5.0,0.0,0.0,-26.66,0.1806,
esc50_alarm_bell_b863f411,alarm_bell,data/banks/foreground/alarm_bell/esc50_alarm_bell_b863f411.wav,1.377,1.377,0.0,0.0,-25.3,0.2655,
esc50_alarm_bell_b8b67daf,alarm_bell,data/banks/foreground/alarm_bell/esc50_alarm_bell_b8b67daf.wav,1.058,1.058,0.0,0.0,-25.65,0.223,
esc50_alarm_bell_bb41577f,alarm_bell,data/banks/foreground/alarm_bell/esc50_alarm_bell_bb41577f.wav,5.0,4.928,0.032,0.04,-27.0,0.1844,
esc50_alarm_bell_be37da47,alarm_bell,data/banks/foreground/alarm_bell/esc50_alarm_bell_be37da47.wav,5.0,5.0,0.0,0.0,-23.02,0.3745,
esc50_alarm_bell_c08a0615,alarm_bell,data/banks/foreground/alarm_bell/esc50_alarm_bell_c08a0615.wav,1.797,1.765,0.032,0.0,-26.85,0.2136,
esc50_alarm_bell_c1d8172c,alarm_bell,data/banks/foreground/alarm_bell/esc50_alarm_bell_c1d8172c.wav,5.0,5.0,0.0,0.0,-25.47,0.1469,
esc50_alarm_bell_c2605d58,alarm_bell,data/banks/foreground/alarm_bell/esc50_alarm_bell_c2605d58.wav,2.226,2.226,0.0,0.0,-22.83,0.2303,
esc50_alarm_bell_c592d9af,alarm_bell,data/banks/foreground/alarm_bell/esc50_alarm_bell_c592d9af.wav,2.016,2.016,0.0,0.0,-27.55,0.3726,
esc50_alarm_bell_c6a19ee5,alarm_bell,data/banks/foreground/alarm_bell/esc50_alarm_bell_c6a19ee5.wav,5.0,5.0,0.0,0.0,-22.56,0.3246,
esc50_alarm_bell_c6a4d689,alarm_bell,data/banks/foreground/alarm_bell/esc50_alarm_bell_c6a4d689.wav,1.1579,1.1579,0.0,0.0,-21.87,0.4496,
esc50_alarm_bell_c78db93c,alarm_bell,data/banks/foreground/alarm_bell/esc50_alarm_bell_c78db93c.wav,2.655,2.655,0.0,0.0,-24.82,0.2691,
esc50_alarm_bell_c7d05248,alarm_bell,data/banks/foreground/alarm_bell/esc50_alarm_bell_c7d05248.wav,1.158,1.158,0.0,0.0,-28.23,0.1646,
esc50_alarm_bell_cb564046,alarm_bell,data/banks/foreground/alarm_bell/esc50_alarm_bell_cb564046.wav,1.477,1.477,0.0,0.0,-21.16,0.681,
esc50_alarm_bell_cf3361dd,alarm_bell,data/banks/foreground/alarm_bell/esc50_alarm_bell_cf3361dd.wav,5.0,5.0,0.0,0.0,-22.91,0.3408,
esc50_alarm_bell_d2232652,alarm_bell,data/banks/foreground/alarm_bell/esc50_alarm_bell_d2232652.wav,5.0,5.0,0.0,0.0,-27.22,0.199,
esc50_alarm_bell_d4bf2130,alarm_bell,data/banks/foreground/alarm_bell/esc50_alarm_bell_d4bf2130.wav,1.158,0.48,0.384,0.294,-24.73,0.1602,
esc50_alarm_bell_d8761cb9,alarm_bell,data/banks/foreground/alarm_bell/esc50_alarm_bell_d8761cb9.wav,2.336,2.336,0.0,0.0,-22.47,0.4355,
esc50_alarm_bell_da6a7b9e,alarm_bell,data/banks/foreground/alarm_bell/esc50_alarm_bell_da6a7b9e.wav,1.478,1.478,0.0,0.0,-23.67,0.2675,
esc50_alarm_bell_db92bfce,alarm_bell,data/banks/foreground/alarm_bell/esc50_alarm_bell_db92bfce.wav,5.0,5.0,0.0,0.0,-23.02,0.3366,
esc50_alarm_bell_e00a8c06,alarm_bell,data/banks/foreground/alarm_bell/esc50_alarm_bell_e00a8c06.wav,5.0,4.608,0.288,0.104,-27.18,0.1802,
esc50_alarm_bell_e071e9a3,alarm_bell,data/banks/foreground/alarm_bell/esc50_alarm_bell_e071e9a3.wav,4.571,4.571,0.0,0.0,-22.96,0.641,
esc50_alarm_bell_e0de072c,alarm_bell,data/banks/foreground/alarm_bell/esc50_alarm_bell_e0de072c.wav,3.184,3.184,0.0,0.0,-23.85,0.4534,
esc50_alarm_bell_e40a1b2b,alarm_bell,data/banks/foreground/alarm_bell/esc50_alarm_bell_e40a1b2b.wav,5.0,5.0,0.0,0.0,-22.42,0.3716,
esc50_alarm_bell_e7aab383,alarm_bell,data/banks/foreground/alarm_bell/esc50_alarm_bell_e7aab383.wav,5.0,4.672,0.0,0.328,-26.48,0.1559,
esc50_alarm_bell_e89e5bee,alarm_bell,data/banks/foreground/alarm_bell/esc50_alarm_bell_e89e5bee.wav,5.0,5.0,0.0,0.0,-26.25,0.177,
esc50_alarm_bell_ea7a0ee2,alarm_bell,data/banks/foreground/alarm_bell/esc50_alarm_bell_ea7a0ee2.wav,5.0,5.0,0.0,0.0,-23.65,0.3178,
esc50_alarm_bell_eb652724,alarm_bell,data/banks/foreground/alarm_bell/esc50_alarm_bell_eb652724.wav,2.336,2.336,0.0,0.0,-26.04,0.1527,
esc50_alarm_bell_ebb61152,alarm_bell,data/banks/foreground/alarm_bell/esc50_alarm_bell_ebb61152.wav,5.0,5.0,0.0,0.0,-23.58,0.2823,
esc50_alarm_bell_ebc3196b,alarm_bell,data/banks/foreground/alarm_bell/esc50_alarm_bell_ebc3196b.wav,5.0,5.0,0.0,0.0,-24.41,0.4809,
esc50_alarm_bell_ecb38a81,alarm_bell,data/banks/foreground/alarm_bell/esc50_alarm_bell_ecb38a81.wav,2.116,2.116,0.0,0.0,-23.59,0.2876,
esc50_alarm_bell_fdbfa039,alarm_bell,data/banks/foreground/alarm_bell/esc50_alarm_bell_fdbfa039.wav,3.503,3.503,0.0,0.0,-23.2,0.4955,
fsd50k_alarm_bell_02c1e0e6,alarm_bell,data/banks/foreground/alarm_bell/fsd50k_alarm_bell_02c1e0e6.wav,1.158,1.158,0.0,0.0,-20.02,0.385,
fsd50k_alarm_bell_0459e305,alarm_bell,data/banks/foreground/alarm_bell/fsd50k_alarm_bell_0459e305.wav,5.9559,5.9559,0.0,0.0,-26.88,0.2743,
fsd50k_alarm_bell_049d0f11,alarm_bell,data/banks/foreground/alarm_bell/fsd50k_alarm_bell_049d0f11.wav,0.9014,0.768,0.0,0.1334,-25.87,0.1203,
fsd50k_alarm_bell_050b9982,alarm_bell,data/banks/foreground/alarm_bell/fsd50k_alarm_bell_050b9982.wav,1.1053,1.1053,0.0,0.0,-26.45,0.2421,
fsd50k_alarm_bell_086de703,alarm_bell,data/banks/foreground/alarm_bell/fsd50k_alarm_bell_086de703.wav,1.059,1.059,0.0,0.0,-26.49,0.2924,
fsd50k_alarm_bell_08c32526,alarm_bell,data/banks/foreground/alarm_bell/fsd50k_alarm_bell_08c32526.wav,1.479,1.479,0.0,0.0,-26.95,0.2394,
fsd50k_alarm_bell_09d8215b,alarm_bell,data/banks/foreground/alarm_bell/fsd50k_alarm_bell_09d8215b.wav,2.119,2.119,0.0,0.0,-25.52,0.3776,
fsd50k_alarm_bell_0e54066c,alarm_bell,data/banks/foreground/alarm_bell/fsd50k_alarm_bell_0e54066c.wav,2.7091,2.7091,0.0,0.0,-26.42,0.2836,
fsd50k_alarm_bell_0f7a933f,alarm_bell,data/banks/foreground/alarm_bell/fsd50k_alarm_bell_0f7a933f.wav,1.8985,1.8985,0.0,0.0,-28.1,0.575,
fsd50k_alarm_bell_10e149f9,alarm_bell,data/banks/foreground/alarm_bell/fsd50k_alarm_bell_10e149f9.wav,1.06,1.06,0.0,0.0,-19.2,0.6467,
fsd50k_alarm_bell_142fa174,alarm_bell,data/banks/foreground/alarm_bell/fsd50k_alarm_bell_142fa174.wav,1.159,1.159,0.0,0.0,-26.49,0.4064,
fsd50k_alarm_bell_16de2bb9,alarm_bell,data/banks/foreground/alarm_bell/fsd50k_alarm_bell_16de2bb9.wav,1.376,1.312,0.064,0.0,-25.19,0.147,
fsd50k_alarm_bell_177d6683,alarm_bell,data/banks/foreground/alarm_bell/fsd50k_alarm_bell_177d6683.wav,1.056,0.864,0.0,0.192,-22.38,0.4712,
fsd50k_alarm_bell_19fc3d33,alarm_bell,data/banks/foreground/alarm_bell/fsd50k_alarm_bell_19fc3d33.wav,1.059,1.059,0.0,0.0,-17.92,0.3817,
fsd50k_alarm_bell_1cdd5f94,alarm_bell,data/banks/foreground/alarm_bell/fsd50k_alarm_bell_1cdd5f94.wav,1.695,1.695,0.0,0.0,-21.49,0.5631,
fsd50k_alarm_bell_1e68d9c1,alarm_bell,data/banks/foreground/alarm_bell/fsd50k_alarm_bell_1e68d9c1.wav,0.739,0.739,0.0,0.0,-19.86,0.3531,
fsd50k_alarm_bell_1e91d671,alarm_bell,data/banks/foreground/alarm_bell/fsd50k_alarm_bell_1e91d671.wav,1.059,1.059,0.0,0.0,-22.56,0.3294,
fsd50k_alarm_bell_1f1c8dd7,alarm_bell,data/banks/foreground/alarm_bell/fsd50k_alarm_bell_1f1c8dd7.wav,0.838,0.838,0.0,0.0,-29.56,0.0791,
fsd50k_alarm_bell_207a8986,alarm_bell,data/banks/foreground/alarm_bell/fsd50k_alarm_bell_207a8986.wav,1.799,1.799,0.0,0.0,-24.65,0.3464,
fsd50k_alarm_bell_21b78244,alarm_bell,data/banks/foreground/alarm_bell/fsd50k_alarm_bell_21b78244.wav,2.1179,2.1179,0.0,0.0,-51.12,0.0177,
fsd50k_alarm_bell_2229eb9b,alarm_bell,data/banks/foreground/alarm_bell/fsd50k_alarm_bell_2229eb9b.wav,1.799,1.287,0.512,0.0,-21.14,0.2843,
fsd50k_alarm_bell_22882a3a,alarm_bell,data/banks/foreground/alarm_bell/fsd50k_alarm_bell_22882a3a.wav,1.3551,1.3551,0.0,0.0,-22.8,0.2938,
fsd50k_alarm_bell_25b09159,alarm_bell,data/banks/foreground/alarm_bell/fsd50k_alarm_bell_25b09159.wav,0.7891,0.7891,0.0,0.0,-23.44,0.3221,
fsd50k_alarm_bell_2876d9eb,alarm_bell,data/banks/foreground/alarm_bell/fsd50k_alarm_bell_2876d9eb.wav,2.34,2.308,0.032,0.0,-25.74,0.6817,
fsd50k_alarm_bell_29706bba,alarm_bell,data/banks/foreground/alarm_bell/fsd50k_alarm_bell_29706bba.wav,0.738,0.738,0.0,0.0,-23.08,0.3676,
fsd50k_alarm_bell_2f41f01c,alarm_bell,data/banks/foreground/alarm_bell/fsd50k_alarm_bell_2f41f01c.wav,1.06,1.06,0.0,0.0,-26.54,0.4035,
fsd50k_alarm_bell_2f957ac7,alarm_bell,data/banks/foreground/alarm_bell/fsd50k_alarm_bell_2f957ac7.wav,1.0149,0.864,0.0,0.1509,-21.84,0.6537,
fsd50k_alarm_bell_30301586,alarm_bell,data/banks/foreground/alarm_bell/fsd50k_alarm_bell_30301586.wav,1.379,1.347,0.032,0.0,-21.75,0.3956,
fsd50k_alarm_bell_31e9a82e,alarm_bell,data/banks/foreground/alarm_bell/fsd50k_alarm_bell_31e9a82e.wav,0.738,0.738,0.0,0.0,-21.52,0.6804,
fsd50k_alarm_bell_31fdd42a,alarm_bell,data/banks/foreground/alarm_bell/fsd50k_alarm_bell_31fdd42a.wav,2.659,2.659,0.0,0.0,-22.26,0.8577,
fsd50k_alarm_bell_3351359a,alarm_bell,data/banks/foreground/alarm_bell/fsd50k_alarm_bell_3351359a.wav,3.296,3.296,0.0,0.0,-21.12,0.6849,
fsd50k_alarm_bell_33c37548,alarm_bell,data/banks/foreground/alarm_bell/fsd50k_alarm_bell_33c37548.wav,2.44,2.44,0.0,0.0,-22.47,0.4149,
fsd50k_alarm_bell_346a8e18,alarm_bell,data/banks/foreground/alarm_bell/fsd50k_alarm_bell_346a8e18.wav,0.4657,0.4657,0.0,0.0,-26.41,0.1122,
fsd50k_alarm_bell_34a16479,alarm_bell,data/banks/foreground/alarm_bell/fsd50k_alarm_bell_34a16479.wav,1.799,1.799,0.0,0.0,-23.63,0.5591,
fsd50k_alarm_bell_34bc0efc,alarm_bell,data/banks/foreground/alarm_bell/fsd50k_alarm_bell_34bc0efc.wav,3.7159,3.7159,0.0,0.0,-25.94,0.3379,
fsd50k_alarm_bell_35172106,alarm_bell,data/banks/foreground/alarm_bell/fsd50k_alarm_bell_35172106.wav,1.159,1.159,0.0,0.0,-25.01,0.1838,
fsd50k_alarm_bell_362f0ba9,alarm_bell,data/banks/foreground/alarm_bell/fsd50k_alarm_bell_362f0ba9.wav,1.479,1.479,0.0,0.0,-26.13,0.2448,
fsd50k_alarm_bell_366e4163,alarm_bell,data/banks/foreground/alarm_bell/fsd50k_alarm_bell_366e4163.wav,1.4015,1.4015,0.0,0.0,-27.24,0.665,
fsd50k_alarm_bell_36f7de3c,alarm_bell,data/banks/foreground/alarm_bell/fsd50k_alarm_bell_36f7de3c.wav,1.379,1.219,0.16,0.0,-23.07,0.236,
fsd50k_alarm_bell_3830cd9d,alarm_bell,data/banks/foreground/alarm_bell/fsd50k_alarm_bell_3830cd9d.wav,1.1589,1.1589,0.0,0.0,-27.55,0.3614,
fsd50k_alarm_bell_3a5a8661,alarm_bell,data/banks/foreground/alarm_bell/fsd50k_alarm_bell_3a5a8661.wav,12.577,12.353,0.224,0.0,-26.92,0.1433,
fsd50k_alarm_bell_3b1dba79,alarm_bell,data/banks/foreground/alarm_bell/fsd50k_alarm_bell_3b1dba79.wav,1.1581,1.1581,0.0,0.0,-24.91,0.3452,
fsd50k_alarm_bell_3b32df10,alarm_bell,data/banks/foreground/alarm_bell/fsd50k_alarm_bell_3b32df10.wav,1.16,1.16,0.0,0.0,-26.32,0.1935,
fsd50k_alarm_bell_3bc6ab9f,alarm_bell,data/banks/foreground/alarm_bell/fsd50k_alarm_bell_3bc6ab9f.wav,0.737,0.737,0.0,0.0,-25.67,0.2665,
fsd50k_alarm_bell_3bdd4c95,alarm_bell,data/banks/foreground/alarm_bell/fsd50k_alarm_bell_3bdd4c95.wav,0.8667,0.864,0.0,0.0027,-25.55,0.1567,
fsd50k_alarm_bell_3c36f091,alarm_bell,data/banks/foreground/alarm_bell/fsd50k_alarm_bell_3c36f091.wav,1.799,1.799,0.0,0.0,-25.56,0.2708,
fsd50k_alarm_bell_3cd27024,alarm_bell,data/banks/foreground/alarm_bell/fsd50k_alarm_bell_3cd27024.wav,1.06,1.06,0.0,0.0,-19.54,0.6246,
fsd50k_alarm_bell_3f2a8981,alarm_bell,data/banks/foreground/alarm_bell/fsd50k_alarm_bell_3f2a8981.wav,14.1167,14.08,0.0,0.0367,-27.17,0.165,
fsd50k_alarm_bell_41f2099a,alarm_bell,data/banks/foreground/alarm_bell/fsd50k_alarm_bell_41f2099a.wav,7.138,7.138,0.0,0.0,-24.12,0.6181,
fsd50k_alarm_bell_428f2b8e,alarm_bell,data/banks/foreground/alarm_bell/fsd50k_alarm_bell_428f2b8e.wav,2.119,2.119,0.0,0.0,-39.71,0.1068,
fsd50k_alarm_bell_44a6f795,alarm_bell,data/banks/foreground/alarm_bell/fsd50k_alarm_bell_44a6f795.wav,1.1561,1.1561,0.0,0.0,-31.88,0.2182,
fsd50k_alarm_bell_45d660fc,alarm_bell,data/banks/foreground/alarm_bell/fsd50k_alarm_bell_45d660fc.wav,0.737,0.737,0.0,0.0,-22.01,0.4653,
fsd50k_alarm_bell_4766cec0,alarm_bell,data/banks/foreground/alarm_bell/fsd50k_alarm_bell_4766cec0.wav,2.435,2.435,0.0,0.0,-26.74,0.2603,
fsd50k_alarm_bell_487da817,alarm_bell,data/banks/foreground/alarm_bell/fsd50k_alarm_bell_487da817.wav,1.059,1.059,0.0,0.0,-25.84,0.1668,
fsd50k_alarm_bell_499f0667,alarm_bell,data/banks/foreground/alarm_bell/fsd50k_alarm_bell_499f0667.wav,0.9028,0.9028,0.0,0.0,-24.02,0.2094,
fsd50k_alarm_bell_4b47e194,alarm_bell,data/banks/foreground/alarm_bell/fsd50k_alarm_bell_4b47e194.wav,0.839,0.839,0.0,0.0,-32.0,0.0949,
fsd50k_alarm_bell_4b60b645,alarm_bell,data/banks/foreground/alarm_bell/fsd50k_alarm_bell_4b60b645.wav,1.48,1.48,0.0,0.0,-25.4,0.2809,
fsd50k_alarm_bell_4b7d45e2,alarm_bell,data/banks/foreground/alarm_bell/fsd50k_alarm_bell_4b7d45e2.wav,1.378,1.09,0.288,0.0,-22.93,0.3892,
fsd50k_alarm_bell_4cf757a7,alarm_bell,data/banks/foreground/alarm_bell/fsd50k_alarm_bell_4cf757a7.wav,1.479,1.44,0.0,0.039,-25.4,0.1024,
fsd50k_alarm_bell_4cfc6a67,alarm_bell,data/banks/foreground/alarm_bell/fsd50k_alarm_bell_4cfc6a67.wav,12.3233,12.3233,0.0,0.0,-23.92,0.292,
fsd50k_alarm_bell_4ec55058,alarm_bell,data/banks/foreground/alarm_bell/fsd50k_alarm_bell_4ec55058.wav,1.16,1.16,0.0,0.0,-25.78,0.8813,
fsd50k_alarm_bell_4f063a65,alarm_bell,data/banks/foreground/alarm_bell/fsd50k_alarm_bell_4f063a65.wav,3.716,3.716,0.0,0.0,-27.41,0.3618,
fsd50k_alarm_bell_4f4e5959,alarm_bell,data/banks/foreground/alarm_bell/fsd50k_alarm_bell_4f4e5959.wav,4.9991,4.9991,0.0,0.0,-25.81,0.2353,
fsd50k_alarm_bell_50ba73c5,alarm_bell,data/banks/foreground/alarm_bell/fsd50k_alarm_bell_50ba73c5.wav,2.758,2.758,0.0,0.0,-26.29,0.5738,
fsd50k_alarm_bell_52fc31de,alarm_bell,data/banks/foreground/alarm_bell/fsd50k_alarm_bell_52fc31de.wav,0.735,0.735,0.0,0.0,-22.66,0.3844,
fsd50k_alarm_bell_539f277d,alarm_bell,data/banks/foreground/alarm_bell/fsd50k_alarm_bell_539f277d.wav,1.479,1.479,0.0,0.0,-25.23,0.2473,
fsd50k_alarm_bell_54373b2b,alarm_bell,data/banks/foreground/alarm_bell/fsd50k_alarm_bell_54373b2b.wav,1.799,1.799,0.0,0.0,-24.85,0.3669,
fsd50k_alarm_bell_572f8cd8,alarm_bell,data/banks/foreground/alarm_bell/fsd50k_alarm_bell_572f8cd8.wav,1.1601,0.928,0.0,0.2321,-32.72,0.1855,
fsd50k_alarm_bell_593ed111,alarm_bell,data/banks/foreground/alarm_bell/fsd50k_alarm_bell_593ed111.wav,3.0789,3.0789,0.0,0.0,-25.29,0.4823,
fsd50k_alarm_bell_5997efee,alarm_bell,data/banks/foreground/alarm_bell/fsd50k_alarm_bell_5997efee.wav,4.036,4.036,0.0,0.0,-15.02,0.4958,
fsd50k_alarm_bell_5a58927a,alarm_bell,data/banks/foreground/alarm_bell/fsd50k_alarm_bell_5a58927a.wav,3.3991,3.3991,0.0,0.0,-24.69,0.1818,
fsd50k_alarm_bell_5a968bc2,alarm_bell,data/banks/foreground/alarm_bell/fsd50k_alarm_bell_5a968bc2.wav,0.5191,0.5191,0.0,0.0,-36.16,0.0449,
fsd50k_alarm_bell_5cf007d7,alarm_bell,data/banks/foreground/alarm_bell/fsd50k_alarm_bell_5cf007d7.wav,1.06,0.964,0.096,0.0,-23.24,0.7051,
fsd50k_alarm_bell_5d2bb1ce,alarm_bell,data/banks/foreground/alarm_bell/fsd50k_alarm_bell_5d2bb1ce.wav,0.739,0.704,0.0,0.035,-26.08,0.495,
fsd50k_alarm_bell_5efede55,alarm_bell,data/banks/foreground/alarm_bell/fsd50k_alarm_bell_5efede55.wav,1.376,1.376,0.0,0.0,-26.09,0.2681,
fsd50k_alarm_bell_608c2114,alarm_bell,data/banks/foreground/alarm_bell/fsd50k_alarm_bell_608c2114.wav,2.117,2.117,0.0,0.0,-25.14,0.2244,
fsd50k_alarm_bell_60fd571b,alarm_bell,data/banks/foreground/alarm_bell/fsd50k_alarm_bell_60fd571b.wav,1.38,1.38,0.0,0.0,-20.33,0.8088,
fsd50k_alarm_bell_62573df3,alarm_bell,data/banks/foreground/alarm_bell/fsd50k_alarm_bell_62573df3.wav,2.758,2.758,0.0,0.0,-26.0,0.2858,
fsd50k_alarm_bell_628ab2cd,alarm_bell,data/banks/foreground/alarm_bell/fsd50k_alarm_bell_628ab2cd.wav,0.74,0.74,0.0,0.0,-20.24,0.3452,
fsd50k_alarm_bell_629f1423,alarm_bell,data/banks/foreground/alarm_bell/fsd50k_alarm_bell_629f1423.wav,1.058,1.058,0.0,0.0,-21.01,0.8912,
fsd50k_alarm_bell_646275c6,alarm_bell,data/banks/foreground/alarm_bell/fsd50k_alarm_bell_646275c6.wav,0.739,0.739,0.0,0.0,-18.53,0.5201,
fsd50k_alarm_bell_660cebb2,alarm_bell,data/banks/foreground/alarm_bell/fsd50k_alarm_bell_660cebb2.wav,1.16,1.16,0.0,0.0,-29.7,0.2444,
fsd50k_alarm_bell_663c91a8,alarm_bell,data/banks/foreground/alarm_bell/fsd50k_alarm_bell_663c91a8.wav,1.379,1.091,0.288,0.0,-27.52,0.2511,
fsd50k_alarm_bell_664f5c3a,alarm_bell,data/banks/foreground/alarm_bell/fsd50k_alarm_bell_664f5c3a.wav,1.378,1.378,0.0,0.0,-20.86,0.5626,
fsd50k_alarm_bell_669691e6,alarm_bell,data/banks/foreground/alarm_bell/fsd50k_alarm_bell_669691e6.wav,1.48,1.48,0.0,0.0,-23.64,0.2225,
fsd50k_alarm_bell_68a153ee,alarm_bell,data/banks/foreground/alarm_bell/fsd50k_alarm_bell_68a153ee.wav,1.1591,1.0951,0.064,0.0,-25.39,0.4577,
fsd50k_alarm_bell_691ddf85,alarm_bell,data/banks/foreground/alarm_bell/fsd50k_alarm_bell_691ddf85.wav,6.918,6.918,0.0,0.0,-26.18,0.3781,
fsd50k_alarm_bell_6934c633,alarm_bell,data/banks/foreground/alarm_bell/fsd50k_alarm_bell_6934c633.wav,1.059,0.963,0.096,0.0,-23.05,0.6392,
fsd50k_alarm_bell_69890917,alarm_bell,data/banks/foreground/alarm_bell/fsd50k_alarm_bell_69890917.wav,1.159,1.159,0.0,0.0,-24.1,0.2927,
fsd50k_alarm_bell_6a64206a,alarm_bell,data/banks/foreground/alarm_bell/fsd50k_alarm_bell_6a64206a.wav,1.059,1.059,0.0,0.0,-24.15,0.8913,
fsd50k_alarm_bell_6b452661,alarm_bell,data/banks/foreground/alarm_bell/fsd50k_alarm_bell_6b452661.wav,3.078,2.336,0.448,0.294,-28.82,0.0876,
fsd50k_alarm_bell_6c9aa125,alarm_bell,data/banks/foreground/alarm_bell/fsd50k_alarm_bell_6c9aa125.wav,1.058,1.058,0.0,0.0,-20.07,0.5669,
fsd50k_alarm_bell_6c9e8e61,alarm_bell,data/banks/foreground/alarm_bell/fsd50k_alarm_bell_6c9e8e61.wav,1.479,1.479,0.0,0.0,-25.24,0.2416,
fsd50k_alarm_bell_6cb9ceb5,alarm_bell,data/banks/foreground/alarm_bell/fsd50k_alarm_bell_6cb9ceb5.wav,1.799,1.472,0.0,0.327,-24.91,0.4771,
fsd50k_alarm_bell_6cd0b897,alarm_bell,data/banks/foreground/alarm_bell/fsd50k_alarm_bell_6cd0b897.wav,2.2455,2.2455,0.0,0.0,-26.69,0.2884,
fsd50k_alarm_bell_6d3351a7,alarm_bell,data/banks/foreground/alarm_bell/fsd50k_alarm_bell_6d3351a7.wav,2.758,2.758,0.0,0.0,-26.2,0.2604,
fsd50k_alarm_bell_6dae627b,alarm_bell,data/banks/foreground/alarm_bell/fsd50k_alarm_bell_6dae627b.wav,3.079,3.079,0.0,0.0,-26.76,0.5552,
fsd50k_alarm_bell_6f986339,alarm_bell,data/banks/foreground/alarm_bell/fsd50k_alarm_bell_6f986339.wav,1.378,1.378,0.0,0.0,-25.29,0.2387,
fsd50k_alarm_bell_6fd3f5ed,alarm_bell,data/banks/foreground/alarm_bell/fsd50k_alarm_bell_6fd3f5ed.wav,1.379,1.283,0.096,0.0,-26.06,0.3067,
fsd50k_alarm_bell_713f1932,alarm_bell,data/banks/foreground/alarm_bell/fsd50k_alarm_bell_713f1932.wav,1.1042,0.896,0.0,0.2082,-21.99,0.7174,
fsd50k_alarm_bell_715222c4,alarm_bell,data/banks/foreground/alarm_bell/fsd50k_alarm_bell_715222c4.wav,1.1076,0.896,0.0,0.2116,-23.63,0.6601,
fsd50k_alarm_bell_717ebe30,alarm_bell,data/banks/foreground/alarm_bell/fsd50k_alarm_bell_717ebe30.wav,1.0165,1.0165,0.0,0.0,-26.91,0.8578,
fsd50k_alarm_bell_72b9e5d4,alarm_bell,data/banks/foreground/alarm_bell/fsd50k_alarm_bell_72b9e5d4.wav,1.16,0.936,0.224,0.0,-25.05,0.2087,
fsd50k_alarm_bell_72eeba0b,alarm_bell,data/banks/foreground/alarm_bell/fsd50k_alarm_bell_72eeba0b.wav,1.698,1.634,0.064,0.0,-21.03,0.2447,
fsd50k_alarm_bell_7377b639,alarm_bell,data/banks/foreground/alarm_bell/fsd50k_alarm_bell_7377b639.wav,1.375,1.375,0.0,0.0,-20.68,0.5874,
fsd50k_alarm_bell_750016ab,alarm_bell,data/banks/foreground/alarm_bell/fsd50k_alarm_bell_750016ab.wav,1.48,0.64,0.448,0.392,-25.27,0.1287,
fsd50k_alarm_bell_75fcc459,alarm_bell,data/banks/foreground/alarm_bell/fsd50k_alarm_bell_75fcc459.wav,1.059,0.995,0.064,0.0,-19.52,0.3573,
fsd50k_alarm_bell_77dd97c5,alarm_bell,data/banks/foreground/alarm_bell/fsd50k_alarm_bell_77dd97c5.wav,0.74,0.74,0.0,0.0,-23.06,0.8912,
fsd50k_alarm_bell_77e300ec,alarm_bell,data/banks/foreground/alarm_bell/fsd50k_alarm_bell_77e300ec.wav,3.9796,3.904,0.032,0.0436,-25.23,0.2108,
fsd50k_alarm_bell_79285e4c,alarm_bell,data/banks/foreground/alarm_bell/fsd50k_alarm_bell_79285e4c.wav,1.06,1.06,0.0,0.0,-20.0,0.5766,
fsd50k_alarm_bell_7f65acc0,alarm_bell,data/banks/foreground/alarm_bell/fsd50k_alarm_bell_7f65acc0.wav,2.119,2.119,0.0,0.0,-25.29,0.5933,
fsd50k_alarm_bell_7fe0e186,alarm_bell,data/banks/foreground/alarm_bell/fsd50k_alarm_bell_7fe0e186.wav,0.8399,0.8399,0.0,0.0,-27.32,0.2207,
fsd50k_alarm_bell_80963bba,alarm_bell,data/banks/foreground/alarm_bell/fsd50k_alarm_bell_80963bba.wav,1.055,1.055,0.0,0.0,-24.47,0.2351,
fsd50k_alarm_bell_80e7242e,alarm_bell,data/banks/foreground/alarm_bell/fsd50k_alarm_bell_80e7242e.wav,2.4638,2.4638,0.0,0.0,-26.35,0.2646,
fsd50k_alarm_bell_81056970,alarm_bell,data/banks/foreground/alarm_bell/fsd50k_alarm_bell_81056970.wav,1.06,1.06,0.0,0.0,-16.89,0.5261,
fsd50k_alarm_bell_810bc4d1,alarm_bell,data/banks/foreground/alarm_bell/fsd50k_alarm_bell_810bc4d1.wav,1.059,1.059,0.0,0.0,-19.68,0.5742,
fsd50k_alarm_bell_81c84516,alarm_bell,data/banks/foreground/alarm_bell/fsd50k_alarm_bell_81c84516.wav,0.739,0.739,0.0,0.0,-24.13,0.2241,
fsd50k_alarm_bell_83547935,alarm_bell,data/banks/foreground/alarm_bell/fsd50k_alarm_bell_83547935.wav,2.44,2.024,0.416,0.0,-24.93,0.1768,
fsd50k_alarm_bell_847e2c10,alarm_bell,data/banks/foreground/alarm_bell/fsd50k_alarm_bell_847e2c10.wav,1.059,0.832,0.0,0.227,-21.36,0.6675,
fsd50k_alarm_bell_8566448c,alarm_bell,data/banks/foreground/alarm_bell/fsd50k_alarm_bell_8566448c.wav,1.38,1.38,0.0,0.0,-16.88,0.7521,
fsd50k_alarm_bell_8727ba00,alarm_bell,data/banks/foreground/alarm_bell/fsd50k_alarm_bell_8727ba00.wav,1.479,1.479,0.0,0.0,-27.3,0.2116,
fsd50k_alarm_bell_874a49c9,alarm_bell,data/banks/foreground/alarm_bell/fsd50k_alarm_bell_874a49c9.wav,1.479,1.255,0.224,0.0,-21.47,0.2779,
fsd50k_alarm_bell_87897662,alarm_bell,data/banks/foreground/alarm_bell/fsd50k_alarm_bell_87897662.wav,1.054,1.054,0.0,0.0,-22.97,0.2312,
fsd50k_alarm_bell_87e9f55c,alarm_bell,data/banks/foreground/alarm_bell/fsd50k_alarm_bell_87e9f55c.wav,1.478,1.478,0.0,0.0,-24.14,0.4995,
fsd50k_alarm_bell_8ab24cfd,alarm_bell,data/banks/foreground/alarm_bell/fsd50k_alarm_bell_8ab24cfd.wav,0.74,0.74,0.0,0.0,-23.7,0.2785,
fsd50k_alarm_bell_8af89660,alarm_bell,data/banks/foreground/alarm_bell/fsd50k_alarm_bell_8af89660.wav,2.759,2.759,0.0,0.0,-27.65,0.2833,
fsd50k_alarm_bell_8b2c33af,alarm_bell,data/banks/foreground/alarm_bell/fsd50k_alarm_bell_8b2c33af.wav,1.378,1.378,0.0,0.0,-20.68,0.5738,
fsd50k_alarm_bell_8d4de89e,alarm_bell,data/banks/foreground/alarm_bell/fsd50k_alarm_bell_8d4de89e.wav,1.06,1.06,0.0,0.0,-23.01,0.5981,
fsd50k_alarm_bell_8e2be63a,alarm_bell,data/banks/foreground/alarm_bell/fsd50k_alarm_bell_8e2be63a.wav,1.06,1.06,0.0,0.0,-24.66,0.2016,
fsd50k_alarm_bell_8f792f08,alarm_bell,data/banks/foreground/alarm_bell/fsd50k_alarm_bell_8f792f08.wav,2.4399,2.4399,0.0,0.0,-48.59,0.024,
fsd50k_alarm_bell_912d6657,alarm_bell,data/banks/foreground/alarm_bell/fsd50k_alarm_bell_912d6657.wav,0.737,0.737,0.0,0.0,-22.2,0.4489,
fsd50k_alarm_bell_9184677b,alarm_bell,data/banks/foreground/alarm_bell/fsd50k_alarm_bell_9184677b.wav,1.0227,0.736,0.256,0.0307,-24.89,0.2038,
fsd50k_alarm_bell_919fa6e1,alarm_bell,data/banks/foreground/alarm_bell/fsd50k_alarm_bell_919fa6e1.wav,1.38,1.38,0.0,0.0,-20.02,0.4583,
fsd50k_alarm_bell_92880d9f,alarm_bell,data/banks/foreground/alarm_bell/fsd50k_alarm_bell_92880d9f.wav,1.16,1.0,0.16,0.0,-24.83,0.134,
fsd50k_alarm_bell_93369369,alarm_bell,data/banks/foreground/alarm_bell/fsd50k_alarm_bell_93369369.wav,1.16,1.16,0.0,0.0,-20.02,0.7611,
fsd50k_alarm_bell_948c414c,alarm_bell,data/banks/foreground/alarm_bell/fsd50k_alarm_bell_948c414c.wav,0.8824,0.576,0.0,0.3064,-25.43,0.3079,
fsd50k_alarm_bell_949aaf58,alarm_bell,data/banks/foreground/alarm_bell/fsd50k_alarm_bell_949aaf58.wav,1.058,0.864,0.0,0.194,-22.18,0.7036,
fsd50k_alarm_bell_963cbc4f,alarm_bell,data/banks/foreground/alarm_bell/fsd50k_alarm_bell_963cbc4f.wav,2.12,2.12,0.0,0.0,-27.94,0.2564,
fsd50k_alarm_bell_974f226d,alarm_bell,data/banks/foreground/alarm_bell/fsd50k_alarm_bell_974f226d.wav,3.3348,3.3348,0.0,0.0,-26.53,0.175,
fsd50k_alarm_bell_97b32d35,alarm_bell,data/banks/foreground/alarm_bell/fsd50k_alarm_bell_97b32d35.wav,2.438,2.4,0.0,0.038,-24.22,0.2856,
fsd50k_alarm_bell_9c7b3ff9,alarm_bell,data/banks/foreground/alarm_bell/fsd50k_alarm_bell_9c7b3ff9.wav,1.055,0.768,0.0,0.287,-20.78,0.6899,
fsd50k_alarm_bell_9c8240f5,alarm_bell,data/banks/foreground/alarm_bell/fsd50k_alarm_bell_9c8240f5.wav,3.719,3.719,0.0,0.0,-27.08,0.196,
fsd50k_alarm_bell_a0fe7386,alarm_bell,data/banks/foreground/alarm_bell/fsd50k_alarm_bell_a0fe7386.wav,2.119,2.119,0.0,0.0,-25.47,0.2849,
fsd50k_alarm_bell_a52334df,alarm_bell,data/banks/foreground/alarm_bell/fsd50k_alarm_bell_a52334df.wav,1.059,1.059,0.0,0.0,-25.08,0.3922,
fsd50k_alarm_bell_a6049e55,alarm_bell,data/banks/foreground/alarm_bell/fsd50k_alarm_bell_a6049e55.wav,1.7979,1.7979,0.0,0.0,-25.86,0.1777,
fsd50k_alarm_bell_a61b98ba,alarm_bell,data/banks/foreground/alarm_bell/fsd50k_alarm_bell_a61b98ba.wav,4.039,4.039,0.0,0.0,-26.22,0.3433,
fsd50k_alarm_bell_a6a35d95,alarm_bell,data/banks/foreground/alarm_bell/fsd50k_alarm_bell_a6a35d95.wav,1.9574,1.9574,0.0,0.0,-23.8,0.1598,
fsd50k_alarm_bell_a7a040be,alarm_bell,data/banks/foreground/alarm_bell/fsd50k_alarm_bell_a7a040be.wav,1.374,1.374,0.0,0.0,-22.98,0.3045,
fsd50k_alarm_bell_a9059f83,alarm_bell,data/banks/foreground/alarm_bell/fsd50k_alarm_bell_a9059f83.wav,0.4688,0.4688,0.0,0.0,-26.27,0.1773,
fsd50k_alarm_bell_aaefbaf0,alarm_bell,data/banks/foreground/alarm_bell/fsd50k_alarm_bell_aaefbaf0.wav,1.058,1.058,0.0,0.0,-24.07,0.2067,
fsd50k_alarm_bell_b08bed87,alarm_bell,data/banks/foreground/alarm_bell/fsd50k_alarm_bell_b08bed87.wav,0.74,0.74,0.0,0.0,-20.55,0.2995,
fsd50k_alarm_bell_b099e93b,alarm_bell,data/banks/foreground/alarm_bell/fsd50k_alarm_bell_b099e93b.wav,1.379,1.379,0.0,0.0,-19.92,0.6546,
fsd50k_alarm_bell_b471f21d,alarm_bell,data/banks/foreground/alarm_bell/fsd50k_alarm_bell_b471f21d.wav,1.1591,1.1591,0.0,0.0,-30.9,0.1435,
fsd50k_alarm_bell_b4b61f97,alarm_bell,data/banks/foreground/alarm_bell/fsd50k_alarm_bell_b4b61f97.wav,1.4779,1.4779,0.0,0.0,-23.13,0.4615,
fsd50k_alarm_bell_b65eba67,alarm_bell,data/banks/foreground/alarm_bell/fsd50k_alarm_bell_b65eba67.wav,1.058,0.8,0.0,0.258,-21.09,0.5543,
fsd50k_alarm_bell_b6dc5fe0,alarm_bell,data/banks/foreground/alarm_bell/fsd50k_alarm_bell_b6dc5fe0.wav,1.798,1.798,0.0,0.0,-23.85,0.4723,
fsd50k_alarm_bell_b798e6a1,alarm_bell,data/banks/foreground/alarm_bell/fsd50k_alarm_bell_b798e6a1.wav,0.3004,0.3004,0.0,0.0,-12.6,0.9179,
fsd50k_alarm_bell_b81b73c5,alarm_bell,data/banks/foreground/alarm_bell/fsd50k_alarm_bell_b81b73c5.wav,3.932,3.932,0.0,0.0,-25.81,0.4079,
fsd50k_alarm_bell_b8791fe0,alarm_bell,data/banks/foreground/alarm_bell/fsd50k_alarm_bell_b8791fe0.wav,0.8381,0.8381,0.0,0.0,-29.49,0.1267,
fsd50k_alarm_bell_b9018f3e,alarm_bell,data/banks/foreground/alarm_bell/fsd50k_alarm_bell_b9018f3e.wav,1.1589,0.9989,0.16,0.0,-24.94,0.8913,
fsd50k_alarm_bell_b939854e,alarm_bell,data/banks/foreground/alarm_bell/fsd50k_alarm_bell_b939854e.wav,1.38,1.38,0.0,0.0,-21.76,0.6725,
fsd50k_alarm_bell_ba67269d,alarm_bell,data/banks/foreground/alarm_bell/fsd50k_alarm_bell_ba67269d.wav,1.1387,1.1387,0.0,0.0,-24.51,0.1975,
fsd50k_alarm_bell_baa7c92c,alarm_bell,data/banks/foreground/alarm_bell/fsd50k_alarm_bell_baa7c92c.wav,2.7581,2.7581,0.0,0.0,-22.75,0.1885,
fsd50k_alarm_bell_bcd804b3,alarm_bell,data/banks/foreground/alarm_bell/fsd50k_alarm_bell_bcd804b3.wav,1.1581,1.1581,0.0,0.0,-32.97,0.1337,
fsd50k_alarm_bell_bdef6b9f,alarm_bell,data/banks/foreground/alarm_bell/fsd50k_alarm_bell_bdef6b9f.wav,2.439,1.216,0.672,0.551,-30.35,0.2248,
fsd50k_alarm_bell_be9a22e2,alarm_bell,data/banks/foreground/alarm_bell/fsd50k_alarm_bell_be9a22e2.wav,4.2864,4.2864,0.0,0.0,-24.63,0.2501,
fsd50k_alarm_bell_bf438437,alarm_bell,data/banks/foreground/alarm_bell/fsd50k_alarm_bell_bf438437.wav,1.379,1.379,0.0,0.0,-21.36,0.2314,
fsd50k_alarm_bell_c0225163,alarm_bell,data/banks/foreground/alarm_bell/fsd50k_alarm_bell_c0225163.wav,1.798,1.798,0.0,0.0,-24.97,0.2751,
fsd50k_alarm_bell_c2ae1cea,alarm_bell,data/banks/foreground/alarm_bell/fsd50k_alarm_bell_c2ae1cea.wav,1.379,1.379,0.0,0.0,-23.97,0.5592,
fsd50k_alarm_bell_c3cb5ac1,alarm_bell,data/banks/foreground/alarm_bell/fsd50k_alarm_bell_c3cb5ac1.wav,1.375,1.375,0.0,0.0,-20.76,0.5904,
fsd50k_alarm_bell_c54b4725,alarm_bell,data/banks/foreground/alarm_bell/fsd50k_alarm_bell_c54b4725.wav,2.5501,2.5501,0.0,0.0,-26.1,0.7947,
fsd50k_alarm_bell_c6b95d61,alarm_bell,data/banks/foreground/alarm_bell/fsd50k_alarm_bell_c6b95d61.wav,0.8699,0.8699,0.0,0.0,-24.47,0.2481,
fsd50k_alarm_bell_c7ae4bce,alarm_bell,data/banks/foreground/alarm_bell/fsd50k_alarm_bell_c7ae4bce.wav,2.437,2.437,0.0,0.0,-25.99,0.6951,
fsd50k_alarm_bell_c80b86cb,alarm_bell,data/banks/foreground/alarm_bell/fsd50k_alarm_bell_c80b86cb.wav,1.4791,1.3831,0.096,0.0,-25.91,0.32,
fsd50k_alarm_bell_c9cc7fc3,alarm_bell,data/banks/foreground/alarm_bell/fsd50k_alarm_bell_c9cc7fc3.wav,8.095,8.095,0.0,0.0,-27.37,0.2985,
fsd50k_alarm_bell_c9e90f47,alarm_bell,data/banks/foreground/alarm_bell/fsd50k_alarm_bell_c9e90f47.wav,1.16,1.16,0.0,0.0,-26.32,0.3,
fsd50k_alarm_bell_cbd8f5f7,alarm_bell,data/banks/foreground/alarm_bell/fsd50k_alarm_bell_cbd8f5f7.wav,1.7999,1.7999,0.0,0.0,-25.91,0.2705,
fsd50k_alarm_bell_cbee8f50,alarm_bell,data/banks/foreground/alarm_bell/fsd50k_alarm_bell_cbee8f50.wav,1.058,1.058,0.0,0.0,-26.66,0.2976,
fsd50k_alarm_bell_cc50bea5,alarm_bell,data/banks/foreground/alarm_bell/fsd50k_alarm_bell_cc50bea5.wav,3.078,3.078,0.0,0.0,-25.56,0.3216,
fsd50k_alarm_bell_cc9e3a0c,alarm_bell,data/banks/foreground/alarm_bell/fsd50k_alarm_bell_cc9e3a0c.wav,3.3991,3.3991,0.0,0.0,-21.2,0.7821,
fsd50k_alarm_bell_ce90b32e,alarm_bell,data/banks/foreground/alarm_bell/fsd50k_alarm_bell_ce90b32e.wav,1.478,1.478,0.0,0.0,-26.18,0.2799,
fsd50k_alarm_bell_d07d8b7f,alarm_bell,data/banks/foreground/alarm_bell/fsd50k_alarm_bell_d07d8b7f.wav,1.373,1.373,0.0,0.0,-25.63,0.4711,
fsd50k_alarm_bell_d2e488da,alarm_bell,data/banks/foreground/alarm_bell/fsd50k_alarm_bell_d2e488da.wav,1.157,1.029,0.128,0.0,-25.73,0.3929,
fsd50k_alarm_bell_d3ded327,alarm_bell,data/banks/foreground/alarm_bell/fsd50k_alarm_bell_d3ded327.wav,1.7979,1.7659,0.032,0.0,-27.5,0.3139,
fsd50k_alarm_bell_d6458893,alarm_bell,data/banks/foreground/alarm_bell/fsd50k_alarm_bell_d6458893.wav,1.7,1.38,0.32,0.0,-21.32,0.2905,
fsd50k_alarm_bell_d755a905,alarm_bell,data/banks/foreground/alarm_bell/fsd50k_alarm_bell_d755a905.wav,1.696,1.696,0.0,0.0,-23.84,0.6443,
fsd50k_alarm_bell_d9dc3c4a,alarm_bell,data/banks/foreground/alarm_bell/fsd50k_alarm_bell_d9dc3c4a.wav,0.8391,0.8391,0.0,0.0,-31.32,0.1191,
fsd50k_alarm_bell_da075e44,alarm_bell,data/banks/foreground/alarm_bell/fsd50k_alarm_bell_da075e44.wav,1.058,0.864,0.0,0.194,-22.25,0.6339,
fsd50k_alarm_bell_dbf15c64,alarm_bell,data/banks/foreground/alarm_bell/fsd50k_alarm_bell_dbf15c64.wav,1.06,1.06,0.0,0.0,-20.33,0.5538,
fsd50k_alarm_bell_dc26a804,alarm_bell,data/banks/foreground/alarm_bell/fsd50k_alarm_bell_dc26a804.wav,1.48,1.48,0.0,0.0,-25.62,0.2442,
fsd50k_alarm_bell_dd259877,alarm_bell,data/banks/foreground/alarm_bell/fsd50k_alarm_bell_dd259877.wav,1.159,1.159,0.0,0.0,-25.86,0.5887,
fsd50k_alarm_bell_ddb9f4eb,alarm_bell,data/banks/foreground/alarm_bell/fsd50k_alarm_bell_ddb9f4eb.wav,1.057,1.057,0.0,0.0,-19.44,0.6386,
fsd50k_alarm_bell_e01cff34,alarm_bell,data/banks/foreground/alarm_bell/fsd50k_alarm_bell_e01cff34.wav,2.44,2.44,0.0,0.0,-25.71,0.2598,
fsd50k_alarm_bell_e0e3b821,alarm_bell,data/banks/foreground/alarm_bell/fsd50k_alarm_bell_e0e3b821.wav,2.1199,2.1199,0.0,0.0,-38.06,0.0427,
fsd50k_alarm_bell_e11e93c4,alarm_bell,data/banks/foreground/alarm_bell/fsd50k_alarm_bell_e11e93c4.wav,20.897,20.897,0.0,0.0,-26.47,0.416,
fsd50k_alarm_bell_e30f4b71,alarm_bell,data/banks/foreground/alarm_bell/fsd50k_alarm_bell_e30f4b71.wav,1.375,1.375,0.0,0.0,-20.76,0.5904,
fsd50k_alarm_bell_e326e931,alarm_bell,data/banks/foreground/alarm_bell/fsd50k_alarm_bell_e326e931.wav,3.719,3.719,0.0,0.0,-27.18,0.1637,
fsd50k_alarm_bell_e32905d4,alarm_bell,data/banks/foreground/alarm_bell/fsd50k_alarm_bell_e32905d4.wav,1.379,1.312,0.0,0.067,-23.26,0.8913,
fsd50k_alarm_bell_e58430de,alarm_bell,data/banks/foreground/alarm_bell/fsd50k_alarm_bell_e58430de.wav,1.059,1.027,0.032,0.0,-22.74,0.6568,
fsd50k_alarm_bell_e6a1a81e,alarm_bell,data/banks/foreground/alarm_bell/fsd50k_alarm_bell_e6a1a81e.wav,1.379,1.379,0.0,0.0,-17.26,0.8895,
fsd50k_alarm_bell_ebc0553b,alarm_bell,data/banks/foreground/alarm_bell/fsd50k_alarm_bell_ebc0553b.wav,2.1169,2.1169,0.0,0.0,-25.17,0.2972,
fsd50k_alarm_bell_ede50650,alarm_bell,data/banks/foreground/alarm_bell/fsd50k_alarm_bell_ede50650.wav,1.7991,1.7991,0.0,0.0,-24.08,0.3086,
fsd50k_alarm_bell_f1c3beee,alarm_bell,data/banks/foreground/alarm_bell/fsd50k_alarm_bell_f1c3beee.wav,1.06,1.06,0.0,0.0,-19.08,0.393,
fsd50k_alarm_bell_f378a819,alarm_bell,data/banks/foreground/alarm_bell/fsd50k_alarm_bell_f378a819.wav,1.479,1.472,0.0,0.007,-26.1,0.5016,
fsd50k_alarm_bell_f3a126bd,alarm_bell,data/banks/foreground/alarm_bell/fsd50k_alarm_bell_f3a126bd.wav,1.378,1.378,0.0,0.0,-21.01,0.5994,
fsd50k_alarm_bell_f3d4d36c,alarm_bell,data/banks/foreground/alarm_bell/fsd50k_alarm_bell_f3d4d36c.wav,2.12,2.12,0.0,0.0,-25.74,0.2805,
fsd50k_alarm_bell_f586d79f,alarm_bell,data/banks/foreground/alarm_bell/fsd50k_alarm_bell_f586d79f.wav,0.3606,0.3606,0.0,0.0,-27.11,0.1671,
fsd50k_alarm_bell_f6333590,alarm_bell,data/banks/foreground/alarm_bell/fsd50k_alarm_bell_f6333590.wav,3.72,3.712,0.0,0.008,-24.48,0.1655,
fsd50k_alarm_bell_f916efbf,alarm_bell,data/banks/foreground/alarm_bell/fsd50k_alarm_bell_f916efbf.wav,1.059,1.059,0.0,0.0,-19.55,0.5661,
fsd50k_alarm_bell_fa674cfe,alarm_bell,data/banks/foreground/alarm_bell/fsd50k_alarm_bell_fa674cfe.wav,3.716,3.716,0.0,0.0,-25.8,0.2077,
fsd50k_alarm_bell_faa7f1b7,alarm_bell,data/banks/foreground/alarm_bell/fsd50k_alarm_bell_faa7f1b7.wav,1.4771,1.4771,0.0,0.0,-27.9,0.1189,
fsd50k_alarm_bell_fb82065f,alarm_bell,data/banks/foreground/alarm_bell/fsd50k_alarm_bell_fb82065f.wav,1.059,0.8,0.0,0.259,-22.44,0.607,
fsd50k_alarm_bell_fb821064,alarm_bell,data/banks/foreground/alarm_bell/fsd50k_alarm_bell_fb821064.wav,1.1589,1.1589,0.0,0.0,-23.39,0.5438,
fsd50k_alarm_bell_fc1716fa,alarm_bell,data/banks/foreground/alarm_bell/fsd50k_alarm_bell_fc1716fa.wav,1.059,1.059,0.0,0.0,-21.14,0.3354,
fsd50k_alarm_bell_fcedff7e,alarm_bell,data/banks/foreground/alarm_bell/fsd50k_alarm_bell_fcedff7e.wav,1.4791,1.4791,0.0,0.0,-25.9,0.3678,
fsd50k_alarm_bell_ff135a24,alarm_bell,data/banks/foreground/alarm_bell/fsd50k_alarm_bell_ff135a24.wav,2.019,1.859,0.16,0.0,-22.53,0.2745,
fsd50k_alarm_bell_ffa18004,alarm_bell,data/banks/foreground/alarm_bell/fsd50k_alarm_bell_ffa18004.wav,1.1579,1.1579,0.0,0.0,-27.88,0.2768,
esc50_applause_cheering_0dd59218,applause_cheering,data/banks/foreground/applause_cheering/esc50_applause_cheering_0dd59218.wav,2.336,2.336,0.0,0.0,-23.62,0.4517,
esc50_applause_cheering_127724ca,applause_cheering,data/banks/foreground/applause_cheering/esc50_applause_cheering_127724ca.wav,5.0,5.0,0.0,0.0,-24.4,0.5399,
esc50_applause_cheering_13a9c47c,applause_cheering,data/banks/foreground/applause_cheering/esc50_applause_cheering_13a9c47c.wav,5.0,5.0,0.0,0.0,-24.57,0.5528,
esc50_applause_cheering_1674d1ae,applause_cheering,data/banks/foreground/applause_cheering/esc50_applause_cheering_1674d1ae.wav,2.435,2.435,0.0,0.0,-27.92,0.6865,
esc50_applause_cheering_18ae26ef,applause_cheering,data/banks/foreground/applause_cheering/esc50_applause_cheering_18ae26ef.wav,5.0,5.0,0.0,0.0,-24.53,0.4752,
esc50_applause_cheering_20993c74,applause_cheering,data/banks/foreground/applause_cheering/esc50_applause_cheering_20993c74.wav,5.0,5.0,0.0,0.0,-24.41,0.5169,
esc50_applause_cheering_277d2039,applause_cheering,data/banks/foreground/applause_cheering/esc50_applause_cheering_277d2039.wav,1.058,1.058,0.0,0.0,-22.01,0.7634,
esc50_applause_cheering_2b6ec14a,applause_cheering,data/banks/foreground/applause_cheering/esc50_applause_cheering_2b6ec14a.wav,3.0741,3.0741,0.0,0.0,-24.35,0.7454,
esc50_applause_cheering_33c1225c,applause_cheering,data/banks/foreground/applause_cheering/esc50_applause_cheering_33c1225c.wav,4.571,4.571,0.0,0.0,-24.79,0.7036,
esc50_applause_cheering_3addc067,applause_cheering,data/banks/foreground/applause_cheering/esc50_applause_cheering_3addc067.wav,1.797,1.797,0.0,0.0,-36.05,0.4568,
esc50_applause_cheering_481d063f,applause_cheering,data/banks/foreground/applause_cheering/esc50_applause_cheering_481d063f.wav,1.7971,1.7971,0.0,0.0,-21.81,0.6695,
esc50_applause_cheering_521fe28d,applause_cheering,data/banks/foreground/applause_cheering/esc50_applause_cheering_521fe28d.wav,2.336,2.336,0.0,0.0,-25.17,0.8252,
esc50_applause_cheering_541bf9f0,applause_cheering,data/banks/foreground/applause_cheering/esc50_applause_cheering_541bf9f0.wav,1.4769,1.4769,0.0,0.0,-28.74,0.5587,
esc50_applause_cheering_61adeef1,applause_cheering,data/banks/foreground/applause_cheering/esc50_applause_cheering_61adeef1.wav,1.058,1.058,0.0,0.0,-23.05,0.7192,
esc50_applause_cheering_6e1e23f2,applause_cheering,data/banks/foreground/applause_cheering/esc50_applause_cheering_6e1e23f2.wav,5.0,5.0,0.0,0.0,-24.48,0.5135,
esc50_applause_cheering_73d5f7a9,applause_cheering,data/banks/foreground/applause_cheering/esc50_applause_cheering_73d5f7a9.wav,4.571,4.571,0.0,0.0,-24.21,0.6437,
esc50_applause_cheering_868e46e5,applause_cheering,data/banks/foreground/applause_cheering/esc50_applause_cheering_868e46e5.wav,4.252,4.252,0.0,0.0,-23.67,0.5895,
esc50_applause_cheering_8ed0886b,applause_cheering,data/banks/foreground/applause_cheering/esc50_applause_cheering_8ed0886b.wav,1.906,1.906,0.0,0.0,-24.18,0.8912,
esc50_applause_cheering_97e2141a,applause_cheering,data/banks/foreground/applause_cheering/esc50_applause_cheering_97e2141a.wav,2.9739,2.9739,0.0,0.0,-27.14,0.8913,
esc50_applause_cheering_a34f340f,applause_cheering,data/banks/foreground/applause_cheering/esc50_applause_cheering_a34f340f.wav,3.394,3.394,0.0,0.0,-24.16,0.2283,
esc50_applause_cheering_a91622b0,applause_cheering,data/banks/foreground/applause_cheering/esc50_applause_cheering_a91622b0.wav,4.571,4.571,0.0,0.0,-23.89,0.3184,
esc50_applause_cheering_af85ee4f,applause_cheering,data/banks/foreground/applause_cheering/esc50_applause_cheering_af85ee4f.wav,2.016,2.016,0.0,0.0,-22.49,0.8913,
esc50_applause_cheering_b81b94db,applause_cheering,data/banks/foreground/applause_cheering/esc50_applause_cheering_b81b94db.wav,2.9739,2.9739,0.0,0.0,-21.09,0.6239,
esc50_applause_cheering_b87d3085,applause_cheering,data/banks/foreground/applause_cheering/esc50_applause_cheering_b87d3085.wav,1.477,1.477,0.0,0.0,-21.08,0.743,
esc50_applause_cheering_c8641fdb,applause_cheering,data/banks/foreground/applause_cheering/esc50_applause_cheering_c8641fdb.wav,1.697,1.697,0.0,0.0,-22.94,0.4883,
esc50_applause_cheering_c8ddf769,applause_cheering,data/banks/foreground/applause_cheering/esc50_applause_cheering_c8ddf769.wav,0.739,0.739,0.0,0.0,-23.18,0.5008,
esc50_applause_cheering_d195bb2e,applause_cheering,data/banks/foreground/applause_cheering/esc50_applause_cheering_d195bb2e.wav,3.713,3.713,0.0,0.0,-27.17,0.8912,
esc50_applause_cheering_ecaafbc5,applause_cheering,data/banks/foreground/applause_cheering/esc50_applause_cheering_ecaafbc5.wav,1.7971,1.7971,0.0,0.0,-22.96,0.5387,
esc50_applause_cheering_ee4fb4e2,applause_cheering,data/banks/foreground/applause_cheering/esc50_applause_cheering_ee4fb4e2.wav,1.058,1.058,0.0,0.0,-22.33,0.7542,
esc50_applause_cheering_f385093d,applause_cheering,data/banks/foreground/applause_cheering/esc50_applause_cheering_f385093d.wav,2.1159,2.1159,0.0,0.0,-24.27,0.2889,
esc50_applause_cheering_feac8206,applause_cheering,data/banks/foreground/applause_cheering/esc50_applause_cheering_feac8206.wav,2.655,2.655,0.0,0.0,-22.87,0.3799,
fsd50k_applause_cheering_07bf90fb,applause_cheering,data/banks/foreground/applause_cheering/fsd50k_applause_cheering_07bf90fb.wav,3.715,3.715,0.0,0.0,-24.98,0.7665,
fsd50k_applause_cheering_07f7fd8c,applause_cheering,data/banks/foreground/applause_cheering/fsd50k_applause_cheering_07f7fd8c.wav,1.159,1.159,0.0,0.0,-21.97,0.2511,
fsd50k_applause_cheering_09b7b2db,applause_cheering,data/banks/foreground/applause_cheering/fsd50k_applause_cheering_09b7b2db.wav,16.2,16.2,0.0,0.0,-28.35,0.8913,
fsd50k_applause_cheering_0c53e653,applause_cheering,data/banks/foreground/applause_cheering/fsd50k_applause_cheering_0c53e653.wav,2.44,2.44,0.0,0.0,-23.63,0.5056,
fsd50k_applause_cheering_11e6a8d9,applause_cheering,data/banks/foreground/applause_cheering/fsd50k_applause_cheering_11e6a8d9.wav,1.378,1.378,0.0,0.0,-22.58,0.3578,
fsd50k_applause_cheering_15db8440,applause_cheering,data/banks/foreground/applause_cheering/fsd50k_applause_cheering_15db8440.wav,3.3959,3.3959,0.0,0.0,-25.71,0.8912,
fsd50k_applause_cheering_189b7faa,applause_cheering,data/banks/foreground/applause_cheering/fsd50k_applause_cheering_189b7faa.wav,1.38,1.22,0.16,0.0,-21.57,0.3645,
fsd50k_applause_cheering_1a953585,applause_cheering,data/banks/foreground/applause_cheering/fsd50k_applause_cheering_1a953585.wav,2.5964,2.5964,0.0,0.0,-24.99,0.3532,
fsd50k_applause_cheering_1b424aec,applause_cheering,data/banks/foreground/applause_cheering/fsd50k_applause_cheering_1b424aec.wav,5.318,5.318,0.0,0.0,-23.92,0.6663,
fsd50k_applause_cheering_1b86cbe4,applause_cheering,data/banks/foreground/applause_cheering/fsd50k_applause_cheering_1b86cbe4.wav,4.0369,4.0369,0.0,0.0,-24.3,0.5283,
fsd50k_applause_cheering_1cd3e58f,applause_cheering,data/banks/foreground/applause_cheering/fsd50k_applause_cheering_1cd3e58f.wav,4.037,4.037,0.0,0.0,-27.1,0.8913,
fsd50k_applause_cheering_1d34cbef,applause_cheering,data/banks/foreground/applause_cheering/fsd50k_applause_cheering_1d34cbef.wav,3.3949,3.3949,0.0,0.0,-27.97,0.687,
fsd50k_applause_cheering_1e1282e3,applause_cheering,data/banks/foreground/applause_cheering/fsd50k_applause_cheering_1e1282e3.wav,9.476,9.476,0.0,0.0,-23.54,0.3462,
fsd50k_applause_cheering_1e1e7522,applause_cheering,data/banks/foreground/applause_cheering/fsd50k_applause_cheering_1e1e7522.wav,5.532,5.532,0.0,0.0,-23.97,0.7645,
fsd50k_applause_cheering_1fad3e57,applause_cheering,data/banks/foreground/applause_cheering/fsd50k_applause_cheering_1fad3e57.wav,2.757,2.757,0.0,0.0,-22.43,0.5732,
fsd50k_applause_cheering_20296bd5,applause_cheering,data/banks/foreground/applause_cheering/fsd50k_applause_cheering_20296bd5.wav,4.038,4.038,0.0,0.0,-29.32,0.5838,
fsd50k_applause_cheering_2136569c,applause_cheering,data/banks/foreground/applause_cheering/fsd50k_applause_cheering_2136569c.wav,5.6321,5.6321,0.0,0.0,-24.58,0.5939,
fsd50k_applause_cheering_250784bc,applause_cheering,data/banks/foreground/applause_cheering/fsd50k_applause_cheering_250784bc.wav,2.4399,2.4399,0.0,0.0,-22.66,0.5005,
fsd50k_applause_cheering_280e491b,applause_cheering,data/banks/foreground/applause_cheering/fsd50k_applause_cheering_280e491b.wav,8.835,8.835,0.0,0.0,-23.96,0.5467,
fsd50k_applause_cheering_2868d584,applause_cheering,data/banks/foreground/applause_cheering/fsd50k_applause_cheering_2868d584.wav,1.378,1.314,0.064,0.0,-25.57,0.7805,
fsd50k_applause_cheering_2abc5a36,applause_cheering,data/banks/foreground/applause_cheering/fsd50k_applause_cheering_2abc5a36.wav,2.439,2.439,0.0,0.0,-22.8,0.7084,
fsd50k_applause_cheering_2bc0324b,applause_cheering,data/banks/foreground/applause_cheering/fsd50k_applause_cheering_2bc0324b.wav,15.8751,15.8751,0.0,0.0,-26.37,0.8913,
fsd50k_applause_cheering_2d5048fd,applause_cheering,data/banks/foreground/applause_cheering/fsd50k_applause_cheering_2d5048fd.wav,13.636,13.636,0.0,0.0,-28.79,0.8912,
fsd50k_applause_cheering_2f9c9d72,applause_cheering,data/banks/foreground/applause_cheering/fsd50k_applause_cheering_2f9c9d72.wav,5.959,5.959,0.0,0.0,-24.18,0.7642,
fsd50k_applause_cheering_317ebcc5,applause_cheering,data/banks/foreground/applause_cheering/fsd50k_applause_cheering_317ebcc5.wav,5.316,5.316,0.0,0.0,-23.04,0.4759,
fsd50k_applause_cheering_31b27573,applause_cheering,data/banks/foreground/applause_cheering/fsd50k_applause_cheering_31b27573.wav,1.7979,1.7979,0.0,0.0,-24.73,0.7468,
fsd50k_applause_cheering_3346afa8,applause_cheering,data/banks/foreground/applause_cheering/fsd50k_applause_cheering_3346afa8.wav,4.895,4.895,0.0,0.0,-23.58,0.7513,
fsd50k_applause_cheering_33afc258,applause_cheering,data/banks/foreground/applause_cheering/fsd50k_applause_cheering_33afc258.wav,15.8791,15.8791,0.0,0.0,-24.84,0.6486,
fsd50k_applause_cheering_3b20bc01,applause_cheering,data/banks/foreground/applause_cheering/fsd50k_applause_cheering_3b20bc01.wav,2.119,2.119,0.0,0.0,-23.38,0.8913,
fsd50k_applause_cheering_3b4cb3dd,applause_cheering,data/banks/foreground/applause_cheering/fsd50k_applause_cheering_3b4cb3dd.wav,11.0711,11.0711,0.0,0.0,-24.68,0.5117,
fsd50k_applause_cheering_3e7c8403,applause_cheering,data/banks/foreground/applause_cheering/fsd50k_applause_cheering_3e7c8403.wav,2.1189,2.1189,0.0,0.0,-22.47,0.3253,
fsd50k_applause_cheering_463acc5e,applause_cheering,data/banks/foreground/applause_cheering/fsd50k_applause_cheering_463acc5e.wav,6.5961,6.5961,0.0,0.0,-23.97,0.3738,
fsd50k_applause_cheering_4ba5e1a1,applause_cheering,data/banks/foreground/applause_cheering/fsd50k_applause_cheering_4ba5e1a1.wav,6.818,6.786,0.032,0.0,-23.89,0.3334,
fsd50k_applause_cheering_4c695089,applause_cheering,data/banks/foreground/applause_cheering/fsd50k_applause_cheering_4c695089.wav,5.6349,5.6349,0.0,0.0,-25.47,0.6804,
fsd50k_applause_cheering_50c7af52,applause_cheering,data/banks/foreground/applause_cheering/fsd50k_applause_cheering_50c7af52.wav,10.436,10.436,0.0,0.0,-24.71,0.8849,
fsd50k_applause_cheering_5451d825,applause_cheering,data/banks/foreground/applause_cheering/fsd50k_applause_cheering_5451d825.wav,2.9789,2.9789,0.0,0.0,-24.43,0.8912,
fsd50k_applause_cheering_553a8aab,applause_cheering,data/banks/foreground/applause_cheering/fsd50k_applause_cheering_553a8aab.wav,5.9589,5.9589,0.0,0.0,-24.04,0.7138,
fsd50k_applause_cheering_5949624e,applause_cheering,data/banks/foreground/applause_cheering/fsd50k_applause_cheering_5949624e.wav,6.9191,6.9191,0.0,0.0,-26.69,0.2346,
fsd50k_applause_cheering_5b009b16,applause_cheering,data/banks/foreground/applause_cheering/fsd50k_applause_cheering_5b009b16.wav,10.114,10.114,0.0,0.0,-29.38,0.8912,
fsd50k_applause_cheering_5c764adb,applause_cheering,data/banks/foreground/applause_cheering/fsd50k_applause_cheering_5c764adb.wav,10.119,10.119,0.0,0.0,-22.76,0.8649,
fsd50k_applause_cheering_5db43521,applause_cheering,data/banks/foreground/applause_cheering/fsd50k_applause_cheering_5db43521.wav,4.039,4.039,0.0,0.0,-24.25,0.6751,
fsd50k_applause_cheering_5feafcc2,applause_cheering,data/banks/foreground/applause_cheering/fsd50k_applause_cheering_5feafcc2.wav,6.276,6.276,0.0,0.0,-23.73,0.7823,
fsd50k_applause_cheering_61d37f2f,applause_cheering,data/banks/foreground/applause_cheering/fsd50k_applause_cheering_61d37f2f.wav,1.8,1.8,0.0,0.0,-26.44,0.888,
fsd50k_applause_cheering_61fa9c7e,applause_cheering,data/banks/foreground/applause_cheering/fsd50k_applause_cheering_61fa9c7e.wav,7.2329,7.2329,0.0,0.0,-27.54,0.8912,
fsd50k_applause_cheering_62d701cb,applause_cheering,data/banks/foreground/applause_cheering/fsd50k_applause_cheering_62d701cb.wav,5.316,5.316,0.0,0.0,-24.0,0.6312,
fsd50k_applause_cheering_678317d4,applause_cheering,data/banks/foreground/applause_cheering/fsd50k_applause_cheering_678317d4.wav,4.998,4.998,0.0,0.0,-24.14,0.5383,
fsd50k_applause_cheering_6a522cbf,applause_cheering,data/banks/foreground/applause_cheering/fsd50k_applause_cheering_6a522cbf.wav,4.676,4.676,0.0,0.0,-24.89,0.6719,
fsd50k_applause_cheering_6c08ee87,applause_cheering,data/banks/foreground/applause_cheering/fsd50k_applause_cheering_6c08ee87.wav,1.8,1.8,0.0,0.0,-26.71,0.5049,
fsd50k_applause_cheering_6c8cecee,applause_cheering,data/banks/foreground/applause_cheering/fsd50k_applause_cheering_6c8cecee.wav,1.4799,1.4799,0.0,0.0,-19.51,0.8316,
fsd50k_applause_cheering_6d2086fc,applause_cheering,data/banks/foreground/applause_cheering/fsd50k_applause_cheering_6d2086fc.wav,5.959,5.959,0.0,0.0,-24.29,0.8912,
fsd50k_applause_cheering_6f16fc9f,applause_cheering,data/banks/foreground/applause_cheering/fsd50k_applause_cheering_6f16fc9f.wav,2.119,2.119,0.0,0.0,-23.38,0.8913,
fsd50k_applause_cheering_726c87ab,applause_cheering,data/banks/foreground/applause_cheering/fsd50k_applause_cheering_726c87ab.wav,4.898,4.898,0.0,0.0,-23.69,0.6406,
fsd50k_applause_cheering_73b0687b,applause_cheering,data/banks/foreground/applause_cheering/fsd50k_applause_cheering_73b0687b.wav,5.318,5.318,0.0,0.0,-29.3,0.4775,
fsd50k_applause_cheering_73eb5bec,applause_cheering,data/banks/foreground/applause_cheering/fsd50k_applause_cheering_73eb5bec.wav,2.12,2.12,0.0,0.0,-23.8,0.3656,
fsd50k_applause_cheering_74ebd122,applause_cheering,data/banks/foreground/applause_cheering/fsd50k_applause_cheering_74ebd122.wav,10.751,10.719,0.032,0.0,-24.64,0.4342,
fsd50k_applause_cheering_78883c25,applause_cheering,data/banks/foreground/applause_cheering/fsd50k_applause_cheering_78883c25.wav,6.278,6.278,0.0,0.0,-22.61,0.5843,
fsd50k_applause_cheering_78cd732c,applause_cheering,data/banks/foreground/applause_cheering/fsd50k_applause_cheering_78cd732c.wav,4.36,4.36,0.0,0.0,-23.45,0.6667,
fsd50k_applause_cheering_7a7e93a2,applause_cheering,data/banks/foreground/applause_cheering/fsd50k_applause_cheering_7a7e93a2.wav,7.56,7.56,0.0,0.0,-26.56,0.8912,
fsd50k_applause_cheering_7ba98a42,applause_cheering,data/banks/foreground/applause_cheering/fsd50k_applause_cheering_7ba98a42.wav,1.1601,1.1281,0.032,0.0,-22.39,0.3136,
fsd50k_applause_cheering_7cca6cce,applause_cheering,data/banks/foreground/applause_cheering/fsd50k_applause_cheering_7cca6cce.wav,15.558,15.558,0.0,0.0,-23.59,0.3487,
fsd50k_applause_cheering_7e7c8475,applause_cheering,data/banks/foreground/applause_cheering/fsd50k_applause_cheering_7e7c8475.wav,6.276,6.276,0.0,0.0,-24.73,0.8596,
fsd50k_applause_cheering_824bd1fb,applause_cheering,data/banks/foreground/applause_cheering/fsd50k_applause_cheering_824bd1fb.wav,4.038,4.038,0.0,0.0,-26.12,0.8913,
fsd50k_applause_cheering_82a1d0a9,applause_cheering,data/banks/foreground/applause_cheering/fsd50k_applause_cheering_82a1d0a9.wav,4.357,4.357,0.0,0.0,-23.81,0.8818,
fsd50k_applause_cheering_8585fbf9,applause_cheering,data/banks/foreground/applause_cheering/fsd50k_applause_cheering_8585fbf9.wav,1.48,1.48,0.0,0.0,-29.26,0.8042,
fsd50k_applause_cheering_86e36a38,applause_cheering,data/banks/foreground/applause_cheering/fsd50k_applause_cheering_86e36a38.wav,2.6559,2.6239,0.032,0.0,-23.37,0.3112,
fsd50k_applause_cheering_871d9482,applause_cheering,data/banks/foreground/applause_cheering/fsd50k_applause_cheering_871d9482.wav,5.312,5.312,0.0,0.0,-24.35,0.8913,
fsd50k_applause_cheering_8985a87a,applause_cheering,data/banks/foreground/applause_cheering/fsd50k_applause_cheering_8985a87a.wav,5.959,5.959,0.0,0.0,-24.18,0.7642,
fsd50k_applause_cheering_8a08d418,applause_cheering,data/banks/foreground/applause_cheering/fsd50k_applause_cheering_8a08d418.wav,2.758,2.758,0.0,0.0,-31.74,0.5055,
fsd50k_applause_cheering_8cda7fce,applause_cheering,data/banks/foreground/applause_cheering/fsd50k_applause_cheering_8cda7fce.wav,11.0761,11.0761,0.0,0.0,-25.0,0.8912,
fsd50k_applause_cheering_8e0b1a64,applause_cheering,data/banks/foreground/applause_cheering/fsd50k_applause_cheering_8e0b1a64.wav,6.9171,6.9171,0.0,0.0,-23.7,0.4154,
fsd50k_applause_cheering_91344410,applause_cheering,data/banks/foreground/applause_cheering/fsd50k_applause_cheering_91344410.wav,2.12,2.12,0.0,0.0,-31.07,0.5207,
fsd50k_applause_cheering_95f63606,applause_cheering,data/banks/foreground/applause_cheering/fsd50k_applause_cheering_95f63606.wav,3.717,3.717,0.0,0.0,-23.66,0.5795,
fsd50k_applause_cheering_966dc69e,applause_cheering,data/banks/foreground/applause_cheering/fsd50k_applause_cheering_966dc69e.wav,2.12,2.12,0.0,0.0,-26.58,0.4314,
fsd50k_applause_cheering_9857f8a3,applause_cheering,data/banks/foreground/applause_cheering/fsd50k_applause_cheering_9857f8a3.wav,10.653,10.653,0.0,0.0,-23.87,0.3601,
fsd50k_applause_cheering_9a148e25,applause_cheering,data/banks/foreground/applause_cheering/fsd50k_applause_cheering_9a148e25.wav,7.5911,7.552,0.0,0.0391,-24.41,0.6855,
fsd50k_applause_cheering_9b37ee40,applause_cheering,data/banks/foreground/applause_cheering/fsd50k_applause_cheering_9b37ee40.wav,3.718,3.718,0.0,0.0,-25.46,0.7695,
fsd50k_applause_cheering_9c60fef2,applause_cheering,data/banks/foreground/applause_cheering/fsd50k_applause_cheering_9c60fef2.wav,16.514,16.514,0.0,0.0,-24.37,0.8912,
fsd50k_applause_cheering_9d96225d,applause_cheering,data/banks/foreground/applause_cheering/fsd50k_applause_cheering_9d96225d.wav,3.7169,3.7169,0.0,0.0,-30.05,0.8913,
fsd50k_applause_cheering_a1bde5ad,applause_cheering,data/banks/foreground/applause_cheering/fsd50k_applause_cheering_a1bde5ad.wav,2.118,2.118,0.0,0.0,-29.19,0.8912,
fsd50k_applause_cheering_a34396d6,applause_cheering,data/banks/foreground/applause_cheering/fsd50k_applause_cheering_a34396d6.wav,0.737,0.737,0.0,0.0,-22.55,0.2356,
fsd50k_applause_cheering_a4d84dd2,applause_cheering,data/banks/foreground/applause_cheering/fsd50k_applause_cheering_a4d84dd2.wav,11.3911,11.3911,0.0,0.0,-24.83,0.7631,
fsd50k_applause_cheering_a87f1954,applause_cheering,data/banks/foreground/applause_cheering/fsd50k_applause_cheering_a87f1954.wav,3.399,3.399,0.0,0.0,-23.43,0.8913,
fsd50k_applause_cheering_aa659a6d,applause_cheering,data/banks/foreground/applause_cheering/fsd50k_applause_cheering_aa659a6d.wav,15.557,15.557,0.0,0.0,-28.21,0.8913,
fsd50k_applause_cheering_aa93d0b2,applause_cheering,data/banks/foreground/applause_cheering/fsd50k_applause_cheering_aa93d0b2.wav,3.7189,3.7189,0.0,0.0,-24.36,0.6652,
fsd50k_applause_cheering_aa974667,applause_cheering,data/banks/foreground/applause_cheering/fsd50k_applause_cheering_aa974667.wav,4.356,4.356,0.0,0.0,-28.4,0.5904,
fsd50k_applause_cheering_abcb7bec,applause_cheering,data/banks/foreground/applause_cheering/fsd50k_applause_cheering_abcb7bec.wav,13.636,13.636,0.0,0.0,-27.31,0.8913,
fsd50k_applause_cheering_ae0056b4,applause_cheering,data/banks/foreground/applause_cheering/fsd50k_applause_cheering_ae0056b4.wav,7.236,7.236,0.0,0.0,-24.07,0.7879,
fsd50k_applause_cheering_aef16fc3,applause_cheering,data/banks/foreground/applause_cheering/fsd50k_applause_cheering_aef16fc3.wav,11.716,11.716,0.0,0.0,-26.04,0.6184,
fsd50k_applause_cheering_afc7e27a,applause_cheering,data/banks/foreground/applause_cheering/fsd50k_applause_cheering_afc7e27a.wav,4.356,4.356,0.0,0.0,-24.99,0.8478,
fsd50k_applause_cheering_b02c8825,applause_cheering,data/banks/foreground/applause_cheering/fsd50k_applause_cheering_b02c8825.wav,11.712,11.712,0.0,0.0,-24.46,0.6726,
fsd50k_applause_cheering_b35efad9,applause_cheering,data/banks/foreground/applause_cheering/fsd50k_applause_cheering_b35efad9.wav,3.718,3.718,0.0,0.0,-25.85,0.8127,
fsd50k_applause_cheering_b40355ee,applause_cheering,data/banks/foreground/applause_cheering/fsd50k_applause_cheering_b40355ee.wav,2.438,2.438,0.0,0.0,-25.09,0.6692,
fsd50k_applause_cheering_b45bfd03,applause_cheering,data/banks/foreground/applause_cheering/fsd50k_applause_cheering_b45bfd03.wav,4.998,4.998,0.0,0.0,-23.68,0.5587,
fsd50k_applause_cheering_b47774bd,applause_cheering,data/banks/foreground/applause_cheering/fsd50k_applause_cheering_b47774bd.wav,14.595,14.595,0.0,0.0,-26.48,0.8913,
fsd50k_applause_cheering_b640fc13,applause_cheering,data/banks/foreground/applause_cheering/fsd50k_applause_cheering_b640fc13.wav,6.279,6.279,0.0,0.0,-23.7,0.388,
fsd50k_applause_cheering_b70e0585,applause_cheering,data/banks/foreground/applause_cheering/fsd50k_applause_cheering_b70e0585.wav,1.479,1.479,0.0,0.0,-23.01,0.7979,
fsd50k_applause_cheering_bc3b1cb4,applause_cheering,data/banks/foreground/applause_cheering/fsd50k_applause_cheering_bc3b1cb4.wav,2.439,2.439,0.0,0.0,-23.75,0.6761,
fsd50k_applause_cheering_bc5ee92b,applause_cheering,data/banks/foreground/applause_cheering/fsd50k_applause_cheering_bc5ee92b.wav,2.7589,2.7589,0.0,0.0,-24.84,0.8912,
fsd50k_applause_cheering_bcfc25bd,applause_cheering,data/banks/foreground/applause_cheering/fsd50k_applause_cheering_bcfc25bd.wav,7.879,7.879,0.0,0.0,-26.37,0.2593,
fsd50k_applause_cheering_c32ed528,applause_cheering,data/banks/foreground/applause_cheering/fsd50k_applause_cheering_c32ed528.wav,4.675,4.675,0.0,0.0,-25.34,0.8908,
fsd50k_applause_cheering_c65c322e,applause_cheering,data/banks/foreground/applause_cheering/fsd50k_applause_cheering_c65c322e.wav,12.999,12.999,0.0,0.0,-23.54,0.3686,
fsd50k_applause_cheering_c6b392b6,applause_cheering,data/banks/foreground/applause_cheering/fsd50k_applause_cheering_c6b392b6.wav,1.159,1.159,0.0,0.0,-31.23,0.8913,
fsd50k_applause_cheering_c730d7f1,applause_cheering,data/banks/foreground/applause_cheering/fsd50k_applause_cheering_c730d7f1.wav,8.8371,8.8371,0.0,0.0,-21.83,0.7181,
fsd50k_applause_cheering_c87e5f31,applause_cheering,data/banks/foreground/applause_cheering/fsd50k_applause_cheering_c87e5f31.wav,11.719,11.719,0.0,0.0,-27.79,0.8912,
fsd50k_applause_cheering_d0a5af4d,applause_cheering,data/banks/foreground/applause_cheering/fsd50k_applause_cheering_d0a5af4d.wav,3.717,3.717,0.0,0.0,-21.64,0.399,
fsd50k_applause_cheering_d12fbe93,applause_cheering,data/banks/foreground/applause_cheering/fsd50k_applause_cheering_d12fbe93.wav,3.075,3.075,0.0,0.0,-27.15,0.6874,
fsd50k_applause_cheering_d1564033,applause_cheering,data/banks/foreground/applause_cheering/fsd50k_applause_cheering_d1564033.wav,24.5161,24.5161,0.0,0.0,-24.57,0.5435,
fsd50k_applause_cheering_d300ea48,applause_cheering,data/banks/foreground/applause_cheering/fsd50k_applause_cheering_d300ea48.wav,1.797,1.797,0.0,0.0,-22.79,0.8913,
fsd50k_applause_cheering_d46a46a9,applause_cheering,data/banks/foreground/applause_cheering/fsd50k_applause_cheering_d46a46a9.wav,20.356,20.356,0.0,0.0,-24.73,0.8913,
fsd50k_applause_cheering_d4a6721a,applause_cheering,data/banks/foreground/applause_cheering/fsd50k_applause_cheering_d4a6721a.wav,5.32,5.32,0.0,0.0,-23.74,0.8912,
fsd50k_applause_cheering_d8c7c4b4,applause_cheering,data/banks/foreground/applause_cheering/fsd50k_applause_cheering_d8c7c4b4.wav,6.278,6.278,0.0,0.0,-25.59,0.578,
fsd50k_applause_cheering_d8dc9711,applause_cheering,data/banks/foreground/applause_cheering/fsd50k_applause_cheering_d8dc9711.wav,5.539,5.539,0.0,0.0,-25.84,0.8912,
fsd50k_applause_cheering_d90c9345,applause_cheering,data/banks/foreground/applause_cheering/fsd50k_applause_cheering_d90c9345.wav,8.832,8.832,0.0,0.0,-24.75,0.524,
fsd50k_applause_cheering_dbf89a9c,applause_cheering,data/banks/foreground/applause_cheering/fsd50k_applause_cheering_dbf89a9c.wav,1.158,1.158,0.0,0.0,-29.36,0.2098,
fsd50k_applause_cheering_de33dfe6,applause_cheering,data/banks/foreground/applause_cheering/fsd50k_applause_cheering_de33dfe6.wav,14.499,14.499,0.0,0.0,-24.04,0.3748,
fsd50k_applause_cheering_df99888c,applause_cheering,data/banks/foreground/applause_cheering/fsd50k_applause_cheering_df99888c.wav,9.476,9.476,0.0,0.0,-25.49,0.4876,
fsd50k_applause_cheering_e13f197f,applause_cheering,data/banks/foreground/applause_cheering/fsd50k_applause_cheering_e13f197f.wav,1.4789,1.4789,0.0,0.0,-28.8,0.8849,
fsd50k_applause_cheering_e15b27e8,applause_cheering,data/banks/foreground/applause_cheering/fsd50k_applause_cheering_e15b27e8.wav,3.396,3.396,0.0,0.0,-24.69,0.6998,
fsd50k_applause_cheering_e2b5c76f,applause_cheering,data/banks/foreground/applause_cheering/fsd50k_applause_cheering_e2b5c76f.wav,4.899,4.899,0.0,0.0,-24.57,0.8912,
fsd50k_applause_cheering_e2dbd51b,applause_cheering,data/banks/foreground/applause_cheering/fsd50k_applause_cheering_e2dbd51b.wav,5.3121,5.3121,0.0,0.0,-24.27,0.5977,
fsd50k_applause_cheering_e3064d65,applause_cheering,data/banks/foreground/applause_cheering/fsd50k_applause_cheering_e3064d65.wav,7.2329,7.2009,0.032,0.0,-24.69,0.4671,
fsd50k_applause_cheering_e3763711,applause_cheering,data/banks/foreground/applause_cheering/fsd50k_applause_cheering_e3763711.wav,9.796,9.796,0.0,0.0,-24.49,0.6954,
fsd50k_applause_cheering_e9759a04,applause_cheering,data/banks/foreground/applause_cheering/fsd50k_applause_cheering_e9759a04.wav,6.278,6.278,0.0,0.0,-28.33,0.4855,
fsd50k_applause_cheering_eea8a3ec,applause_cheering,data/banks/foreground/applause_cheering/fsd50k_applause_cheering_eea8a3ec.wav,5.6841,5.6841,0.0,0.0,-24.02,0.3441,
fsd50k_applause_cheering_f16830c8,applause_cheering,data/banks/foreground/applause_cheering/fsd50k_applause_cheering_f16830c8.wav,7.873,7.873,0.0,0.0,-26.78,0.8912,
fsd50k_applause_cheering_f31ab0b5,applause_cheering,data/banks/foreground/applause_cheering/fsd50k_applause_cheering_f31ab0b5.wav,17.152,17.152,0.0,0.0,-24.64,0.6174,
fsd50k_applause_cheering_f4d6320b,applause_cheering,data/banks/foreground/applause_cheering/fsd50k_applause_cheering_f4d6320b.wav,11.718,11.718,0.0,0.0,-27.53,0.8141,
fsd50k_applause_cheering_f764db34,applause_cheering,data/banks/foreground/applause_cheering/fsd50k_applause_cheering_f764db34.wav,3.08,3.08,0.0,0.0,-24.17,0.8913,
fsd50k_applause_cheering_f87a9898,applause_cheering,data/banks/foreground/applause_cheering/fsd50k_applause_cheering_f87a9898.wav,2.977,2.977,0.0,0.0,-23.14,0.3856,
fsd50k_applause_cheering_fd7e82ff,applause_cheering,data/banks/foreground/applause_cheering/fsd50k_applause_cheering_fd7e82ff.wav,4.999,4.999,0.0,0.0,-25.32,0.684,
fsd50k_applause_cheering_fde1b8d3,applause_cheering,data/banks/foreground/applause_cheering/fsd50k_applause_cheering_fde1b8d3.wav,1.48,1.48,0.0,0.0,-22.98,0.2034,
fsd50k_door_slam_007f2c5b,door_slam,data/banks/foreground/door_slam/fsd50k_door_slam_007f2c5b.wav,1.159,0.615,0.544,0.0,-20.5,0.4219,
fsd50k_door_slam_0296ab18,door_slam,data/banks/foreground/door_slam/fsd50k_door_slam_0296ab18.wav,0.8184,0.8184,0.0,0.0,-21.91,0.8913,
fsd50k_door_slam_0538ff75,door_slam,data/banks/foreground/door_slam/fsd50k_door_slam_0538ff75.wav,0.7044,0.704,0.0,0.0004,-22.19,0.8309,
fsd50k_door_slam_05c43189,door_slam,data/banks/foreground/door_slam/fsd50k_door_slam_05c43189.wav,0.4677,0.4677,0.0,0.0,-23.31,0.5551,
fsd50k_door_slam_0661ba9a,door_slam,data/banks/foreground/door_slam/fsd50k_door_slam_0661ba9a.wav,1.156,1.092,0.064,0.0,-23.48,0.8528,
fsd50k_door_slam_067d6269,door_slam,data/banks/foreground/door_slam/fsd50k_door_slam_067d6269.wav,0.5316,0.48,0.032,0.0196,-23.15,0.7769,
fsd50k_door_slam_078e0a7d,door_slam,data/banks/foreground/door_slam/fsd50k_door_slam_078e0a7d.wav,1.1591,0.416,0.576,0.1671,-21.97,0.8019,
fsd50k_door_slam_083320cf,door_slam,data/banks/foreground/door_slam/fsd50k_door_slam_083320cf.wav,1.059,1.059,0.0,0.0,-24.14,0.4301,
fsd50k_door_slam_0cb23856,door_slam,data/banks/foreground/door_slam/fsd50k_door_slam_0cb23856.wav,1.158,1.158,0.0,0.0,-25.22,0.8912,
fsd50k_door_slam_0dabf3bc,door_slam,data/banks/foreground/door_slam/fsd50k_door_slam_0dabf3bc.wav,0.738,0.61,0.128,0.0,-20.54,0.252,
fsd50k_door_slam_11b45099,door_slam,data/banks/foreground/door_slam/fsd50k_door_slam_11b45099.wav,0.739,0.608,0.0,0.131,-25.48,0.8912,
fsd50k_door_slam_12304f58,door_slam,data/banks/foreground/door_slam/fsd50k_door_slam_12304f58.wav,0.6556,0.512,0.0,0.1436,-26.59,0.8913,
fsd50k_door_slam_153ee304,door_slam,data/banks/foreground/door_slam/fsd50k_door_slam_153ee304.wav,1.053,0.704,0.064,0.285,-20.77,0.673,
fsd50k_door_slam_1a9890c1,door_slam,data/banks/foreground/door_slam/fsd50k_door_slam_1a9890c1.wav,0.839,0.839,0.0,0.0,-15.79,0.8912,
fsd50k_door_slam_1ed145d4,door_slam,data/banks/foreground/door_slam/fsd50k_door_slam_1ed145d4.wav,0.8113,0.704,0.032,0.0752,-21.52,0.6312,
fsd50k_door_slam_1f94756e,door_slam,data/banks/foreground/door_slam/fsd50k_door_slam_1f94756e.wav,0.738,0.736,0.0,0.002,-23.9,0.8913,
fsd50k_door_slam_225e40ad,door_slam,data/banks/foreground/door_slam/fsd50k_door_slam_225e40ad.wav,1.477,1.477,0.0,0.0,-24.59,0.8912,
fsd50k_door_slam_253eca3d,door_slam,data/banks/foreground/door_slam/fsd50k_door_slam_253eca3d.wav,1.1579,0.6779,0.48,0.0,-25.35,0.8913,
fsd50k_door_slam_25a04a34,door_slam,data/banks/foreground/door_slam/fsd50k_door_slam_25a04a34.wav,1.0463,1.0463,0.0,0.0,-27.98,0.8913,
fsd50k_door_slam_26061e18,door_slam,data/banks/foreground/door_slam/fsd50k_door_slam_26061e18.wav,0.738,0.738,0.0,0.0,-22.41,0.6865,
fsd50k_door_slam_26145e25,door_slam,data/banks/foreground/door_slam/fsd50k_door_slam_26145e25.wav,1.479,1.408,0.064,0.007,-30.14,0.8913,
fsd50k_door_slam_27b21f1c,door_slam,data/banks/foreground/door_slam/fsd50k_door_slam_27b21f1c.wav,0.839,0.839,0.0,0.0,-25.87,0.3416,
fsd50k_door_slam_27f77354,door_slam,data/banks/foreground/door_slam/fsd50k_door_slam_27f77354.wav,1.0566,0.768,0.256,0.0326,-20.76,0.6414,
fsd50k_door_slam_2cff4391,door_slam,data/banks/foreground/door_slam/fsd50k_door_slam_2cff4391.wav,1.1581,0.736,0.192,0.2301,-28.16,0.8913,
fsd50k_door_slam_2d8413c5,door_slam,data/banks/foreground/door_slam/fsd50k_door_slam_2d8413c5.wav,0.4896,0.4896,0.0,0.0,-22.83,0.8444,
fsd50k_door_slam_3201310e,door_slam,data/banks/foreground/door_slam/fsd50k_door_slam_3201310e.wav,1.1571,0.7091,0.448,0.0,-20.48,0.7968,
fsd50k_door_slam_356fd180,door_slam,data/banks/foreground/door_slam/fsd50k_door_slam_356fd180.wav,1.158,0.608,0.48,0.07,-22.79,0.4192,
fsd50k_door_slam_357ede8c,door_slam,data/banks/foreground/door_slam/fsd50k_door_slam_357ede8c.wav,1.2533,0.704,0.096,0.4533,-20.96,0.8913,
fsd50k_door_slam_35914a2e,door_slam,data/banks/foreground/door_slam/fsd50k_door_slam_35914a2e.wav,1.159,1.159,0.0,0.0,-23.01,0.6131,
fsd50k_door_slam_35ee109c,door_slam,data/banks/foreground/door_slam/fsd50k_door_slam_35ee109c.wav,1.1599,0.8719,0.288,0.0,-23.43,0.6855,
fsd50k_door_slam_36328495,door_slam,data/banks/foreground/door_slam/fsd50k_door_slam_36328495.wav,0.4864,0.448,0.0,0.0384,-38.73,0.0555,
fsd50k_door_slam_365d7796,door_slam,data/banks/foreground/door_slam/fsd50k_door_slam_365d7796.wav,0.7225,0.608,0.0,0.1145,-21.85,0.6287,
fsd50k_door_slam_38f6b608,door_slam,data/banks/foreground/door_slam/fsd50k_door_slam_38f6b608.wav,1.1334,0.704,0.16,0.2694,-24.14,0.663,
fsd50k_door_slam_3922c569,door_slam,data/banks/foreground/door_slam/fsd50k_door_slam_3922c569.wav,1.2698,1.216,0.032,0.0218,-25.46,0.8913,
fsd50k_door_slam_394a76b5,door_slam,data/banks/foreground/door_slam/fsd50k_door_slam_394a76b5.wav,1.059,1.059,0.0,0.0,-29.7,0.8912,
fsd50k_door_slam_3a8f2549,door_slam,data/banks/foreground/door_slam/fsd50k_door_slam_3a8f2549.wav,0.8534,0.736,0.064,0.0534,-22.93,0.8251,
fsd50k_door_slam_40f73441,door_slam,data/banks/foreground/door_slam/fsd50k_door_slam_40f73441.wav,1.1589,0.9029,0.256,0.0,-22.75,0.7462,
fsd50k_door_slam_41131ee2,door_slam,data/banks/foreground/door_slam/fsd50k_door_slam_41131ee2.wav,1.158,0.998,0.16,0.0,-22.3,0.8309,
fsd50k_door_slam_44988a2f,door_slam,data/banks/foreground/door_slam/fsd50k_door_slam_44988a2f.wav,1.159,1.159,0.0,0.0,-20.13,0.4462,
fsd50k_door_slam_461a1fc3,door_slam,data/banks/foreground/door_slam/fsd50k_door_slam_461a1fc3.wav,1.478,1.446,0.032,0.0,-26.39,0.8912,
fsd50k_door_slam_4627373d,door_slam,data/banks/foreground/door_slam/fsd50k_door_slam_4627373d.wav,0.7681,0.448,0.256,0.0641,-15.64,0.8389,
fsd50k_door_slam_48108482,door_slam,data/banks/foreground/door_slam/fsd50k_door_slam_48108482.wav,0.838,0.838,0.0,0.0,-23.51,0.8913,
fsd50k_door_slam_481ea788,door_slam,data/banks/foreground/door_slam/fsd50k_door_slam_481ea788.wav,1.059,1.056,0.0,0.003,-21.49,0.7995,
fsd50k_door_slam_487b43d0,door_slam,data/banks/foreground/door_slam/fsd50k_door_slam_487b43d0.wav,1.159,1.159,0.0,0.0,-33.74,0.326,
fsd50k_door_slam_489a863a,door_slam,data/banks/foreground/door_slam/fsd50k_door_slam_489a863a.wav,1.476,1.476,0.0,0.0,-25.8,0.7955,
fsd50k_door_slam_4b3bc73b,door_slam,data/banks/foreground/door_slam/fsd50k_door_slam_4b3bc73b.wav,0.736,0.736,0.0,0.0,-19.35,0.5471,
fsd50k_door_slam_4cc9da40,door_slam,data/banks/foreground/door_slam/fsd50k_door_slam_4cc9da40.wav,0.739,0.739,0.0,0.0,-17.99,0.5764,
fsd50k_door_slam_4e08af2a,door_slam,data/banks/foreground/door_slam/fsd50k_door_slam_4e08af2a.wav,1.159,1.159,0.0,0.0,-22.37,0.8913,
fsd50k_door_slam_50d0667d,door_slam,data/banks/foreground/door_slam/fsd50k_door_slam_50d0667d.wav,0.519,0.519,0.0,0.0,-23.46,0.2702,
fsd50k_door_slam_52b3f878,door_slam,data/banks/foreground/door_slam/fsd50k_door_slam_52b3f878.wav,1.156,0.74,0.416,0.0,-22.49,0.6122,
fsd50k_door_slam_53760c89,door_slam,data/banks/foreground/door_slam/fsd50k_door_slam_53760c89.wav,0.5191,0.5191,0.0,0.0,-27.75,0.174,
fsd50k_door_slam_57e4cd75,door_slam,data/banks/foreground/door_slam/fsd50k_door_slam_57e4cd75.wav,0.734,0.734,0.0,0.0,-20.23,0.8912,
fsd50k_door_slam_5c872487,door_slam,data/banks/foreground/door_slam/fsd50k_door_slam_5c872487.wav,0.737,0.737,0.0,0.0,-19.87,0.6904,
fsd50k_door_slam_5e45d3af,door_slam,data/banks/foreground/door_slam/fsd50k_door_slam_5e45d3af.wav,0.8389,0.8389,0.0,0.0,-23.95,0.378,
fsd50k_door_slam_5f09e193,door_slam,data/banks/foreground/door_slam/fsd50k_door_slam_5f09e193.wav,0.9948,0.896,0.032,0.0668,-20.88,0.8912,
fsd50k_door_slam_617d7f72,door_slam,data/banks/foreground/door_slam/fsd50k_door_slam_617d7f72.wav,1.373,1.344,0.0,0.029,-24.56,0.7581,
fsd50k_door_slam_62e5d19d,door_slam,data/banks/foreground/door_slam/fsd50k_door_slam_62e5d19d.wav,0.736,0.576,0.16,0.0,-17.76,0.4818,
fsd50k_door_slam_64576922,door_slam,data/banks/foreground/door_slam/fsd50k_door_slam_64576922.wav,0.9282,0.8,0.0,0.1282,-24.87,0.8139,
fsd50k_door_slam_67016da9,door_slam,data/banks/foreground/door_slam/fsd50k_door_slam_67016da9.wav,1.057,0.769,0.288,0.0,-21.89,0.2931,
fsd50k_door_slam_67fb65d6,door_slam,data/banks/foreground/door_slam/fsd50k_door_slam_67fb65d6.wav,0.5337,0.5337,0.0,0.0,-20.71,0.42,
fsd50k_door_slam_6946bab0,door_slam,data/banks/foreground/door_slam/fsd50k_door_slam_6946bab0.wav,1.4963,1.312,0.0,0.1843,-30.12,0.8912,
fsd50k_door_slam_6bb99db1,door_slam,data/banks/foreground/door_slam/fsd50k_door_slam_6bb99db1.wav,1.376,1.344,0.032,0.0,-21.66,0.8913,
fsd50k_door_slam_6c0cc806,door_slam,data/banks/foreground/door_slam/fsd50k_door_slam_6c0cc806.wav,1.2027,1.184,0.0,0.0187,-21.29,0.5816,
fsd50k_door_slam_6d3a2366,door_slam,data/banks/foreground/door_slam/fsd50k_door_slam_6d3a2366.wav,1.376,1.376,0.0,0.0,-25.72,0.4568,
fsd50k_door_slam_6dccf42e,door_slam,data/banks/foreground/door_slam/fsd50k_door_slam_6dccf42e.wav,1.159,0.768,0.192,0.199,-27.22,0.8912,
fsd50k_door_slam_70cf7f38,door_slam,data/banks/foreground/door_slam/fsd50k_door_slam_70cf7f38.wav,1.247,1.247,0.0,0.0,-24.78,0.8041,
fsd50k_door_slam_7123dec7,door_slam,data/banks/foreground/door_slam/fsd50k_door_slam_7123dec7.wav,1.055,1.055,0.0,0.0,-24.54,0.444,
fsd50k_door_slam_713cb396,door_slam,data/banks/foreground/door_slam/fsd50k_door_slam_713cb396.wav,0.738,0.608,0.0,0.13,-22.84,0.8912,
fsd50k_door_slam_71fb07f4,door_slam,data/banks/foreground/door_slam/fsd50k_door_slam_71fb07f4.wav,0.4554,0.4554,0.0,0.0,-20.93,0.5977,
fsd50k_door_slam_75c51ae5,door_slam,data/banks/foreground/door_slam/fsd50k_door_slam_75c51ae5.wav,0.7052,0.704,0.0,0.0012,-24.82,0.5213,
fsd50k_door_slam_78f606a5,door_slam,data/banks/foreground/door_slam/fsd50k_door_slam_78f606a5.wav,1.1581,0.7421,0.416,0.0,-23.4,0.519,
fsd50k_door_slam_7aca341b,door_slam,data/banks/foreground/door_slam/fsd50k_door_slam_7aca341b.wav,1.4769,1.4769,0.0,0.0,-22.36,0.8913,
fsd50k_door_slam_7b491ad1,door_slam,data/banks/foreground/door_slam/fsd50k_door_slam_7b491ad1.wav,0.5223,0.512,0.0,0.0103,-25.26,0.8913,
fsd50k_door_slam_7ec63f4e,door_slam,data/banks/foreground/door_slam/fsd50k_door_slam_7ec63f4e.wav,1.055,1.023,0.032,0.0,-24.93,0.7892,
fsd50k_door_slam_7f43d4d1,door_slam,data/banks/foreground/door_slam/fsd50k_door_slam_7f43d4d1.wav,0.735,0.735,0.0,0.0,-23.11,0.8387,
fsd50k_door_slam_7fe46e78,door_slam,data/banks/foreground/door_slam/fsd50k_door_slam_7fe46e78.wav,1.055,1.023,0.032,0.0,-23.77,0.4962,
fsd50k_door_slam_809260b5,door_slam,data/banks/foreground/door_slam/fsd50k_door_slam_809260b5.wav,1.0593,0.896,0.0,0.1633,-22.12,0.7718,
fsd50k_door_slam_81f090ee,door_slam,data/banks/foreground/door_slam/fsd50k_door_slam_81f090ee.wav,1.059,1.059,0.0,0.0,-24.73,0.584,
fsd50k_door_slam_82955d7b,door_slam,data/banks/foreground/door_slam/fsd50k_door_slam_82955d7b.wav,0.417,0.417,0.0,0.0,-20.72,0.606,
fsd50k_door_slam_83a597f5,door_slam,data/banks/foreground/door_slam/fsd50k_door_slam_83a597f5.wav,1.159,1.159,0.0,0.0,-27.2,0.6663,
fsd50k_door_slam_83a8fc5d,door_slam,data/banks/foreground/door_slam/fsd50k_door_slam_83a8fc5d.wav,1.2197,0.704,0.256,0.2597,-25.64,0.7145,
fsd50k_door_slam_8467845f,door_slam,data/banks/foreground/door_slam/fsd50k_door_slam_8467845f.wav,1.1579,1.1579,0.0,0.0,-19.29,0.8912,
fsd50k_door_slam_84816f6a,door_slam,data/banks/foreground/door_slam/fsd50k_door_slam_84816f6a.wav,1.1033,0.992,0.0,0.1113,-21.09,0.5054,
fsd50k_door_slam_84bdd0aa,door_slam,data/banks/foreground/door_slam/fsd50k_door_slam_84bdd0aa.wav,1.282,1.12,0.0,0.162,-20.88,0.5279,
fsd50k_door_slam_855b6270,door_slam,data/banks/foreground/door_slam/fsd50k_door_slam_855b6270.wav,0.74,0.74,0.0,0.0,-18.53,0.6719,
fsd50k_door_slam_85a7ed1a,door_slam,data/banks/foreground/door_slam/fsd50k_door_slam_85a7ed1a.wav,1.1581,0.96,0.0,0.1981,-20.84,0.7039,
fsd50k_door_slam_8e799573,door_slam,data/banks/foreground/door_slam/fsd50k_door_slam_8e799573.wav,1.16,0.992,0.0,0.168,-23.36,0.7086,
fsd50k_door_slam_8fbf8993,door_slam,data/banks/foreground/door_slam/fsd50k_door_slam_8fbf8993.wav,1.4436,0.8,0.064,0.5796,-23.42,0.8912,
fsd50k_door_slam_92878f93,door_slam,data/banks/foreground/door_slam/fsd50k_door_slam_92878f93.wav,1.057,1.057,0.0,0.0,-23.7,0.8824,
fsd50k_door_slam_93a32130,door_slam,data/banks/foreground/door_slam/fsd50k_door_slam_93a32130.wav,0.4747,0.4747,0.0,0.0,-27.05,0.8912,
fsd50k_door_slam_94b6f1c3,door_slam,data/banks/foreground/door_slam/fsd50k_door_slam_94b6f1c3.wav,1.0241,0.448,0.384,0.1921,-24.84,0.6318,
fsd50k_door_slam_96a31e45,door_slam,data/banks/foreground/door_slam/fsd50k_door_slam_96a31e45.wav,1.478,1.478,0.0,0.0,-26.65,0.8913,
fsd50k_door_slam_98392fda,door_slam,data/banks/foreground/door_slam/fsd50k_door_slam_98392fda.wav,0.5091,0.5091,0.0,0.0,-24.52,0.8912,
fsd50k_door_slam_9cfa1417,door_slam,data/banks/foreground/door_slam/fsd50k_door_slam_9cfa1417.wav,1.06,1.06,0.0,0.0,-20.56,0.8912,
fsd50k_door_slam_9d764d7a,door_slam,data/banks/foreground/door_slam/fsd50k_door_slam_9d764d7a.wav,0.734,0.608,0.064,0.062,-22.93,0.659,
fsd50k_door_slam_a3e33185,door_slam,data/banks/foreground/door_slam/fsd50k_door_slam_a3e33185.wav,1.1561,0.64,0.384,0.1321,-25.13,0.8913,
fsd50k_door_slam_a4bc57d2,door_slam,data/banks/foreground/door_slam/fsd50k_door_slam_a4bc57d2.wav,0.738,0.738,0.0,0.0,-25.25,0.8912,
fsd50k_door_slam_a8900a67,door_slam,data/banks/foreground/door_slam/fsd50k_door_slam_a8900a67.wav,0.839,0.839,0.0,0.0,-25.54,0.2724,
fsd50k_door_slam_a9bbb038,door_slam,data/banks/foreground/door_slam/fsd50k_door_slam_a9bbb038.wav,0.839,0.839,0.0,0.0,-23.46,0.8912,
fsd50k_door_slam_a9fc76d5,door_slam,data/banks/foreground/door_slam/fsd50k_door_slam_a9fc76d5.wav,1.055,0.831,0.224,0.0,-22.77,0.6307,
fsd50k_door_slam_ae564da3,door_slam,data/banks/foreground/door_slam/fsd50k_door_slam_ae564da3.wav,0.737,0.737,0.0,0.0,-22.92,0.8831,
fsd50k_door_slam_ae914302,door_slam,data/banks/foreground/door_slam/fsd50k_door_slam_ae914302.wav,0.5081,0.5081,0.0,0.0,-24.12,0.4707,
fsd50k_door_slam_af7e2665,door_slam,data/banks/foreground/door_slam/fsd50k_door_slam_af7e2665.wav,1.16,1.16,0.0,0.0,-17.83,0.8913,
fsd50k_door_slam_b0dc66c9,door_slam,data/banks/foreground/door_slam/fsd50k_door_slam_b0dc66c9.wav,1.479,1.479,0.0,0.0,-25.22,0.8445,
fsd50k_door_slam_b30eac7f,door_slam,data/banks/foreground/door_slam/fsd50k_door_slam_b30eac7f.wav,1.057,0.833,0.224,0.0,-15.21,0.8913,
fsd50k_door_slam_b6229eba,door_slam,data/banks/foreground/door_slam/fsd50k_door_slam_b6229eba.wav,1.057,1.057,0.0,0.0,-18.7,0.8912,
fsd50k_door_slam_b7538b23,door_slam,data/banks/foreground/door_slam/fsd50k_door_slam_b7538b23.wav,1.0199,0.8919,0.128,0.0,-23.83,0.4858,
fsd50k_door_slam_bac31e5f,door_slam,data/banks/foreground/door_slam/fsd50k_door_slam_bac31e5f.wav,0.4283,0.4283,0.0,0.0,-23.64,0.6317,
fsd50k_door_slam_bbf20f12,door_slam,data/banks/foreground/door_slam/fsd50k_door_slam_bbf20f12.wav,1.054,0.576,0.128,0.35,-22.68,0.565,
fsd50k_door_slam_bc113e45,door_slam,data/banks/foreground/door_slam/fsd50k_door_slam_bc113e45.wav,1.1009,0.384,0.096,0.6209,-20.22,0.8376,
fsd50k_door_slam_bd68659a,door_slam,data/banks/foreground/door_slam/fsd50k_door_slam_bd68659a.wav,1.2334,0.768,0.288,0.1774,-26.6,0.8913,
fsd50k_door_slam_bf20914c,door_slam,data/banks/foreground/door_slam/fsd50k_door_slam_bf20914c.wav,1.157,1.157,0.0,0.0,-30.47,0.8913,
fsd50k_door_slam_c043101d,door_slam,data/banks/foreground/door_slam/fsd50k_door_slam_c043101d.wav,0.4686,0.4686,0.0,0.0,-38.85,0.0745,
fsd50k_door_slam_c139fc17,door_slam,data/banks/foreground/door_slam/fsd50k_door_slam_c139fc17.wav,1.5574,1.344,0.16,0.0534,-27.36,0.6614,
fsd50k_door_slam_c59d1731,door_slam,data/banks/foreground/door_slam/fsd50k_door_slam_c59d1731.wav,1.059,1.059,0.0,0.0,-20.36,0.2229,
fsd50k_door_slam_c62137e7,door_slam,data/banks/foreground/door_slam/fsd50k_door_slam_c62137e7.wav,0.734,0.734,0.0,0.0,-22.62,0.5265,
fsd50k_door_slam_c915b6a4,door_slam,data/banks/foreground/door_slam/fsd50k_door_slam_c915b6a4.wav,0.731,0.731,0.0,0.0,-22.7,0.6815,
fsd50k_door_slam_c940c64e,door_slam,data/banks/foreground/door_slam/fsd50k_door_slam_c940c64e.wav,0.7422,0.6783,0.064,0.0,-20.18,0.8912,
fsd50k_door_slam_cac0590b,door_slam,data/banks/foreground/door_slam/fsd50k_door_slam_cac0590b.wav,0.735,0.672,0.0,0.063,-18.58,0.8912,
fsd50k_door_slam_cb188509,door_slam,data/banks/foreground/door_slam/fsd50k_door_slam_cb188509.wav,1.103,1.103,0.0,0.0,-25.36,0.5111,
fsd50k_door_slam_ced26757,door_slam,data/banks/foreground/door_slam/fsd50k_door_slam_ced26757.wav,1.2,1.12,0.032,0.048,-28.94,0.8913,
fsd50k_door_slam_d0576e6d,door_slam,data/banks/foreground/door_slam/fsd50k_door_slam_d0576e6d.wav,1.058,0.706,0.352,0.0,-23.3,0.6603,
fsd50k_door_slam_d0989e56,door_slam,data/banks/foreground/door_slam/fsd50k_door_slam_d0989e56.wav,1.1,1.1,0.0,0.0,-26.17,0.8912,
fsd50k_door_slam_d54dd4e5,door_slam,data/banks/foreground/door_slam/fsd50k_door_slam_d54dd4e5.wav,1.0914,0.416,0.32,0.3554,-21.16,0.7566,
fsd50k_door_slam_d858cd3b,door_slam,data/banks/foreground/door_slam/fsd50k_door_slam_d858cd3b.wav,1.159,0.64,0.384,0.135,-24.43,0.6564,
fsd50k_door_slam_d87823f9,door_slam,data/banks/foreground/door_slam/fsd50k_door_slam_d87823f9.wav,0.6856,0.6536,0.032,0.0,-22.82,0.8529,
fsd50k_door_slam_db30e39f,door_slam,data/banks/foreground/door_slam/fsd50k_door_slam_db30e39f.wav,1.0584,0.704,0.096,0.2584,-22.6,0.8743,
fsd50k_door_slam_db5fddcb,door_slam,data/banks/foreground/door_slam/fsd50k_door_slam_db5fddcb.wav,0.5062,0.5062,0.0,0.0,-23.96,0.4829,
fsd50k_door_slam_dbd678ac,door_slam,data/banks/foreground/door_slam/fsd50k_door_slam_dbd678ac.wav,0.739,0.739,0.0,0.0,-24.78,0.748,
fsd50k_door_slam_de92e8d5,door_slam,data/banks/foreground/door_slam/fsd50k_door_slam_de92e8d5.wav,1.057,0.577,0.48,0.0,-24.28,0.8912,
fsd50k_door_slam_de9930c5,door_slam,data/banks/foreground/door_slam/fsd50k_door_slam_de9930c5.wav,1.2773,1.12,0.0,0.1573,-23.1,0.357,
fsd50k_door_slam_dec3f61e,door_slam,data/banks/foreground/door_slam/fsd50k_door_slam_dec3f61e.wav,1.058,0.834,0.224,0.0,-24.67,0.8913,
fsd50k_door_slam_e043be21,door_slam,data/banks/foreground/door_slam/fsd50k_door_slam_e043be21.wav,1.057,0.8,0.032,0.225,-17.47,0.8874,
fsd50k_door_slam_e18e5c61,door_slam,data/banks/foreground/door_slam/fsd50k_door_slam_e18e5c61.wav,1.157,0.768,0.16,0.229,-19.48,0.3466,
fsd50k_door_slam_e300611e,door_slam,data/banks/foreground/door_slam/fsd50k_door_slam_e300611e.wav,1.2399,0.768,0.096,0.3759,-25.56,0.8912,
fsd50k_door_slam_e3950ff2,door_slam,data/banks/foreground/door_slam/fsd50k_door_slam_e3950ff2.wav,1.056,0.736,0.032,0.288,-21.47,0.3139,
fsd50k_door_slam_e44a7390,door_slam,data/banks/foreground/door_slam/fsd50k_door_slam_e44a7390.wav,0.74,0.576,0.064,0.1,-23.79,0.4008,
fsd50k_door_slam_ebda5c49,door_slam,data/banks/foreground/door_slam/fsd50k_door_slam_ebda5c49.wav,1.059,1.027,0.032,0.0,-23.25,0.787,
fsd50k_door_slam_edd6889a,door_slam,data/banks/foreground/door_slam/fsd50k_door_slam_edd6889a.wav,1.058,0.962,0.096,0.0,-25.3,0.8912,
fsd50k_door_slam_efd73a82,door_slam,data/banks/foreground/door_slam/fsd50k_door_slam_efd73a82.wav,1.2346,1.2346,0.0,0.0,-22.99,0.7079,
fsd50k_door_slam_f0ac98a1,door_slam,data/banks/foreground/door_slam/fsd50k_door_slam_f0ac98a1.wav,1.16,0.968,0.192,0.0,-25.09,0.472,
fsd50k_door_slam_f1b19f13,door_slam,data/banks/foreground/door_slam/fsd50k_door_slam_f1b19f13.wav,1.057,0.8,0.0,0.257,-20.71,0.576,
fsd50k_door_slam_f2479fff,door_slam,data/banks/foreground/door_slam/fsd50k_door_slam_f2479fff.wav,1.8576,1.8256,0.032,0.0,-23.59,0.5463,
fsd50k_door_slam_f50d4a80,door_slam,data/banks/foreground/door_slam/fsd50k_door_slam_f50d4a80.wav,1.1087,0.608,0.32,0.1807,-17.95,0.8912,
fsd50k_door_slam_f5948c4c,door_slam,data/banks/foreground/door_slam/fsd50k_door_slam_f5948c4c.wav,1.377,1.377,0.0,0.0,-28.08,0.8913,
fsd50k_door_slam_f685d85d,door_slam,data/banks/foreground/door_slam/fsd50k_door_slam_f685d85d.wav,1.374,0.8,0.416,0.158,-21.99,0.6083,
fsd50k_door_slam_fa405ba3,door_slam,data/banks/foreground/door_slam/fsd50k_door_slam_fa405ba3.wav,0.739,0.739,0.0,0.0,-22.5,0.4325,
fsd50k_door_slam_fa6c08fe,door_slam,data/banks/foreground/door_slam/fsd50k_door_slam_fa6c08fe.wav,1.479,1.12,0.32,0.039,-22.18,0.8912,
fsd50k_door_slam_fc5189b8,door_slam,data/banks/foreground/door_slam/fsd50k_door_slam_fc5189b8.wav,1.057,1.057,0.0,0.0,-22.32,0.3768,
fsd50k_door_slam_fe4b6f56,door_slam,data/banks/foreground/door_slam/fsd50k_door_slam_fe4b6f56.wav,1.059,1.059,0.0,0.0,-41.99,0.0904,
fsd50k_door_slam_ff58e43f,door_slam,data/banks/foreground/door_slam/fsd50k_door_slam_ff58e43f.wav,0.5306,0.4986,0.032,0.0,-21.37,0.7563,
fsd50k_explosion_01f164d0,explosion,data/banks/foreground/explosion/fsd50k_explosion_01f164d0.wav,2.3379,2.3379,0.0,0.0,-18.84,0.3733,
fsd50k_explosion_03e699d1,explosion,data/banks/foreground/explosion/fsd50k_explosion_03e699d1.wav,1.059,1.059,0.0,0.0,-23.04,0.8912,
fsd50k_explosion_0516aca8,explosion,data/banks/foreground/explosion/fsd50k_explosion_0516aca8.wav,2.6599,2.6279,0.032,0.0,-19.88,0.4415,
fsd50k_explosion_0649f349,explosion,data/banks/foreground/explosion/fsd50k_explosion_0649f349.wav,0.739,0.739,0.0,0.0,-18.99,0.4446,
fsd50k_explosion_092afa93,explosion,data/banks/foreground/explosion/fsd50k_explosion_092afa93.wav,1.378,1.378,0.0,0.0,-20.08,0.638,
fsd50k_explosion_09491395,explosion,data/banks/foreground/explosion/fsd50k_explosion_09491395.wav,1.379,1.379,0.0,0.0,-19.88,0.3883,
fsd50k_explosion_0d232f96,explosion,data/banks/foreground/explosion/fsd50k_explosion_0d232f96.wav,1.695,1.695,0.0,0.0,-19.75,0.1978,
fsd50k_explosion_13d3c969,explosion,data/banks/foreground/explosion/fsd50k_explosion_13d3c969.wav,1.378,1.378,0.0,0.0,-17.8,0.497,
fsd50k_explosion_1dfaa0f2,explosion,data/banks/foreground/explosion/fsd50k_explosion_1dfaa0f2.wav,1.059,1.059,0.0,0.0,-18.38,0.5231,
fsd50k_explosion_1fe77bbb,explosion,data/banks/foreground/explosion/fsd50k_explosion_1fe77bbb.wav,1.057,1.057,0.0,0.0,-20.59,0.1834,
fsd50k_explosion_229abb57,explosion,data/banks/foreground/explosion/fsd50k_explosion_229abb57.wav,2.1189,2.1189,0.0,0.0,-20.13,0.3562,
fsd50k_explosion_2c47bc16,explosion,data/banks/foreground/explosion/fsd50k_explosion_2c47bc16.wav,4.254,4.254,0.0,0.0,-20.92,0.3231,
fsd50k_explosion_2e34314f,explosion,data/banks/foreground/explosion/fsd50k_explosion_2e34314f.wav,1.057,1.057,0.0,0.0,-17.43,0.4518,
fsd50k_explosion_3a6e08d6,explosion,data/banks/foreground/explosion/fsd50k_explosion_3a6e08d6.wav,1.7,1.7,0.0,0.0,-18.82,0.3237,
fsd50k_explosion_3c1cc8bc,explosion,data/banks/foreground/explosion/fsd50k_explosion_3c1cc8bc.wav,1.4324,1.4324,0.0,0.0,-20.46,0.3833,
fsd50k_explosion_422de6f6,explosion,data/banks/foreground/explosion/fsd50k_explosion_422de6f6.wav,1.159,1.159,0.0,0.0,-25.82,0.2437,
fsd50k_explosion_4a78cb96,explosion,data/banks/foreground/explosion/fsd50k_explosion_4a78cb96.wav,2.44,2.44,0.0,0.0,-19.17,0.5877,
fsd50k_explosion_4b08710f,explosion,data/banks/foreground/explosion/fsd50k_explosion_4b08710f.wav,1.376,1.376,0.0,0.0,-18.76,0.2105,
fsd50k_explosion_4c051381,explosion,data/banks/foreground/explosion/fsd50k_explosion_4c051381.wav,1.38,1.38,0.0,0.0,-23.92,0.3827,
fsd50k_explosion_4d1d9740,explosion,data/banks/foreground/explosion/fsd50k_explosion_4d1d9740.wav,1.056,1.056,0.0,0.0,-19.23,0.2032,
fsd50k_explosion_4d9d0e4e,explosion,data/banks/foreground/explosion/fsd50k_explosion_4d9d0e4e.wav,3.298,3.298,0.0,0.0,-21.72,0.4214,
fsd50k_explosion_508dd7c8,explosion,data/banks/foreground/explosion/fsd50k_explosion_508dd7c8.wav,2.12,1.96,0.16,0.0,-18.15,0.4634,
fsd50k_explosion_51c20a2d,explosion,data/banks/foreground/explosion/fsd50k_explosion_51c20a2d.wav,1.48,1.096,0.384,0.0,-18.93,0.7129,
fsd50k_explosion_524ddf5a,explosion,data/banks/foreground/explosion/fsd50k_explosion_524ddf5a.wav,0.3977,0.3977,0.0,0.0,-19.85,0.377,
fsd50k_explosion_57f90970,explosion,data/banks/foreground/explosion/fsd50k_explosion_57f90970.wav,0.415,0.415,0.0,0.0,-18.29,0.4209,
fsd50k_explosion_60ebe589,explosion,data/banks/foreground/explosion/fsd50k_explosion_60ebe589.wav,1.057,1.057,0.0,0.0,-24.62,0.3615,
fsd50k_explosion_65eab0fc,explosion,data/banks/foreground/explosion/fsd50k_explosion_65eab0fc.wav,1.059,1.059,0.0,0.0,-19.41,0.3951,
fsd50k_explosion_6cab6f55,explosion,data/banks/foreground/explosion/fsd50k_explosion_6cab6f55.wav,3.3,3.108,0.192,0.0,-21.08,0.3208,
fsd50k_explosion_6da3f802,explosion,data/banks/foreground/explosion/fsd50k_explosion_6da3f802.wav,1.479,1.319,0.16,0.0,-23.59,0.3638,
fsd50k_explosion_7803697b,explosion,data/banks/foreground/explosion/fsd50k_explosion_7803697b.wav,0.5976,0.5976,0.0,0.0,-22.22,0.3861,
fsd50k_explosion_83343688,explosion,data/banks/foreground/explosion/fsd50k_explosion_83343688.wav,1.06,1.06,0.0,0.0,-18.7,0.2907,
fsd50k_explosion_8444f03f,explosion,data/banks/foreground/explosion/fsd50k_explosion_8444f03f.wav,1.379,1.187,0.192,0.0,-20.22,0.3445,
fsd50k_explosion_8bff52d5,explosion,data/banks/foreground/explosion/fsd50k_explosion_8bff52d5.wav,0.3465,0.3465,0.0,0.0,-6.9,1.0,
fsd50k_explosion_9152a677,explosion,data/banks/foreground/explosion/fsd50k_explosion_9152a677.wav,1.059,1.059,0.0,0.0,-24.07,0.8912,
fsd50k_explosion_93037d76,explosion,data/banks/foreground/explosion/fsd50k_explosion_93037d76.wav,0.74,0.74,0.0,0.0,-12.77,0.5989,
fsd50k_explosion_9a463f63,explosion,data/banks/foreground/explosion/fsd50k_explosion_9a463f63.wav,1.059,1.059,0.0,0.0,-23.61,0.3801,
fsd50k_explosion_a122e2f5,explosion,data/banks/foreground/explosion/fsd50k_explosion_a122e2f5.wav,1.057,1.057,0.0,0.0,-20.59,0.24,
fsd50k_explosion_a1c30530,explosion,data/banks/foreground/explosion/fsd50k_explosion_a1c30530.wav,1.38,1.38,0.0,0.0,-19.18,0.2875,
fsd50k_explosion_a5bc134a,explosion,data/banks/foreground/explosion/fsd50k_explosion_a5bc134a.wav,2.34,2.34,0.0,0.0,-18.08,0.7938,
fsd50k_explosion_aaec3c21,explosion,data/banks/foreground/explosion/fsd50k_explosion_aaec3c21.wav,1.159,1.095,0.064,0.0,-13.93,0.6739,
fsd50k_explosion_ae3d3bea,explosion,data/banks/foreground/explosion/fsd50k_explosion_ae3d3bea.wav,1.06,1.06,0.0,0.0,-17.99,0.3169,
fsd50k_explosion_b01ad101,explosion,data/banks/foreground/explosion/fsd50k_explosion_b01ad101.wav,0.74,0.74,0.0,0.0,-17.56,0.8913,
fsd50k_explosion_b3c54f0f,explosion,data/banks/foreground/explosion/fsd50k_explosion_b3c54f0f.wav,1.159,1.159,0.0,0.0,-27.19,0.1958,
fsd50k_explosion_b4359562,explosion,data/banks/foreground/explosion/fsd50k_explosion_b4359562.wav,1.377,1.377,0.0,0.0,-19.78,0.4977,
fsd50k_explosion_b98a875f,explosion,data/banks/foreground/explosion/fsd50k_explosion_b98a875f.wav,1.478,1.414,0.064,0.0,-24.24,0.8913,
fsd50k_explosion_beb1f389,explosion,data/banks/foreground/explosion/fsd50k_explosion_beb1f389.wav,0.736,0.736,0.0,0.0,-20.38,0.3517,
fsd50k_explosion_bfd38bb5,explosion,data/banks/foreground/explosion/fsd50k_explosion_bfd38bb5.wav,1.057,1.057,0.0,0.0,-15.21,0.4896,
fsd50k_explosion_c7535059,explosion,data/banks/foreground/explosion/fsd50k_explosion_c7535059.wav,1.16,1.096,0.064,0.0,-16.23,0.6728,
fsd50k_explosion_cbf03c36,explosion,data/banks/foreground/explosion/fsd50k_explosion_cbf03c36.wav,1.159,1.063,0.096,0.0,-15.8,0.2969,
fsd50k_explosion_cc809249,explosion,data/banks/foreground/explosion/fsd50k_explosion_cc809249.wav,1.5039,1.5039,0.0,0.0,-23.74,0.289,
fsd50k_explosion_d271c686,explosion,data/banks/foreground/explosion/fsd50k_explosion_d271c686.wav,1.379,1.379,0.0,0.0,-19.64,0.2098,
fsd50k_explosion_d8195358,explosion,data/banks/foreground/explosion/fsd50k_explosion_d8195358.wav,1.695,1.695,0.0,0.0,-16.75,0.6643,
fsd50k_explosion_d8aa447b,explosion,data/banks/foreground/explosion/fsd50k_explosion_d8aa447b.wav,1.377,1.377,0.0,0.0,-18.1,0.4836,
fsd50k_explosion_db5526a1,explosion,data/banks/foreground/explosion/fsd50k_explosion_db5526a1.wav,1.06,1.06,0.0,0.0,-19.21,0.4714,
fsd50k_explosion_ea68b988,explosion,data/banks/foreground/explosion/fsd50k_explosion_ea68b988.wav,1.159,1.159,0.0,0.0,-29.69,0.1576,
fsd50k_explosion_ea9e2c32,explosion,data/banks/foreground/explosion/fsd50k_explosion_ea9e2c32.wav,1.38,1.284,0.096,0.0,-19.48,0.6534,
fsd50k_explosion_ef787e43,explosion,data/banks/foreground/explosion/fsd50k_explosion_ef787e43.wav,0.739,0.739,0.0,0.0,-19.74,0.4516,
fsd50k_explosion_f2a9007f,explosion,data/banks/foreground/explosion/fsd50k_explosion_f2a9007f.wav,1.379,1.379,0.0,0.0,-18.56,0.4847,
fsd50k_explosion_f3042fd7,explosion,data/banks/foreground/explosion/fsd50k_explosion_f3042fd7.wav,0.74,0.74,0.0,0.0,-21.26,0.3754,
fsd50k_explosion_f4862d09,explosion,data/banks/foreground/explosion/fsd50k_explosion_f4862d09.wav,2.6559,2.6559,0.0,0.0,-18.71,0.3783,
fsd50k_explosion_fb252c39,explosion,data/banks/foreground/explosion/fsd50k_explosion_fb252c39.wav,0.737,0.737,0.0,0.0,-18.5,0.68,
fsd50k_explosion_fc41cfa6,explosion,data/banks/foreground/explosion/fsd50k_explosion_fc41cfa6.wav,0.739,0.739,0.0,0.0,-19.19,0.43,
fsd50k_explosion_fc9977b4,explosion,data/banks/foreground/explosion/fsd50k_explosion_fc9977b4.wav,1.055,1.055,0.0,0.0,-23.05,0.3835,
fsd50k_explosion_fef926c2,explosion,data/banks/foreground/explosion/fsd50k_explosion_fef926c2.wav,0.8142,0.8142,0.0,0.0,-22.93,0.2615,
esc50_fireworks_04745e57,fireworks,data/banks/foreground/fireworks/esc50_fireworks_04745e57.wav,4.781,4.781,0.0,0.0,-24.61,0.8912,
esc50_fireworks_0b196e12,fireworks,data/banks/foreground/fireworks/esc50_fireworks_0b196e12.wav,3.3931,3.3931,0.0,0.0,-30.66,0.8913,
esc50_fireworks_0ee8c78b,fireworks,data/banks/foreground/fireworks/esc50_fireworks_0ee8c78b.wav,1.159,1.159,0.0,0.0,-28.68,0.7655,
esc50_fireworks_1b7a55d6,fireworks,data/banks/foreground/fireworks/esc50_fireworks_1b7a55d6.wav,2.435,2.339,0.096,0.0,-27.75,0.8912,
esc50_fireworks_1d6a5f08,fireworks,data/banks/foreground/fireworks/esc50_fireworks_1d6a5f08.wav,4.781,4.333,0.448,0.0,-29.64,0.8913,
esc50_fireworks_1da86942,fireworks,data/banks/foreground/fireworks/esc50_fireworks_1da86942.wav,1.797,1.701,0.096,0.0,-29.32,0.8912,
esc50_fireworks_1dfdaa1f,fireworks,data/banks/foreground/fireworks/esc50_fireworks_1dfdaa1f.wav,2.655,2.655,0.0,0.0,-29.22,0.8913,
esc50_fireworks_214ffae3,fireworks,data/banks/foreground/fireworks/esc50_fireworks_214ffae3.wav,0.948,0.948,0.0,0.0,-32.52,0.6497,
esc50_fireworks_272ece9c,fireworks,data/banks/foreground/fireworks/esc50_fireworks_272ece9c.wav,1.478,0.934,0.544,0.0,-23.65,0.8882,
esc50_fireworks_28df9b3d,fireworks,data/banks/foreground/fireworks/esc50_fireworks_28df9b3d.wav,5.0,5.0,0.0,0.0,-29.76,0.8912,
esc50_fireworks_319fb7db,fireworks,data/banks/foreground/fireworks/esc50_fireworks_319fb7db.wav,1.587,1.587,0.0,0.0,-34.66,0.833,
esc50_fireworks_3ac50abf,fireworks,data/banks/foreground/fireworks/esc50_fireworks_3ac50abf.wav,1.478,1.478,0.0,0.0,-28.76,0.2656,
esc50_fireworks_3dbb9798,fireworks,data/banks/foreground/fireworks/esc50_fireworks_3dbb9798.wav,0.739,0.739,0.0,0.0,-28.2,0.8912,
esc50_fireworks_53e46153,fireworks,data/banks/foreground/fireworks/esc50_fireworks_53e46153.wav,1.058,0.898,0.16,0.0,-24.71,0.714,
esc50_fireworks_57496037,fireworks,data/banks/foreground/fireworks/esc50_fireworks_57496037.wav,1.478,1.478,0.0,0.0,-32.4,0.7479,
esc50_fireworks_5f0f6888,fireworks,data/banks/foreground/fireworks/esc50_fireworks_5f0f6888.wav,1.058,1.026,0.032,0.0,-24.08,0.8913,
esc50_fireworks_7565850a,fireworks,data/banks/foreground/fireworks/esc50_fireworks_7565850a.wav,1.058,0.898,0.16,0.0,-26.35,0.8912,
esc50_fireworks_767834d6,fireworks,data/banks/foreground/fireworks/esc50_fireworks_767834d6.wav,3.503,3.503,0.0,0.0,-25.73,0.8913,
esc50_fireworks_7a3a19a4,fireworks,data/banks/foreground/fireworks/esc50_fireworks_7a3a19a4.wav,1.478,1.478,0.0,0.0,-31.66,0.8913,
esc50_fireworks_7fcd04a7,fireworks,data/banks/foreground/fireworks/esc50_fireworks_7fcd04a7.wav,1.477,1.477,0.0,0.0,-24.38,0.8912,
esc50_fireworks_810d1ca9,fireworks,data/banks/foreground/fireworks/esc50_fireworks_810d1ca9.wav,5.0,5.0,0.0,0.0,-35.02,0.8913,
esc50_fireworks_83e988d6,fireworks,data/banks/foreground/fireworks/esc50_fireworks_83e988d6.wav,5.0,5.0,0.0,0.0,-27.22,0.8912,
esc50_fireworks_853c5cea,fireworks,data/banks/foreground/fireworks/esc50_fireworks_853c5cea.wav,3.0741,3.0741,0.0,0.0,-32.44,0.8913,
esc50_fireworks_8f377a0e,fireworks,data/banks/foreground/fireworks/esc50_fireworks_8f377a0e.wav,1.377,0.897,0.48,0.0,-22.54,0.8913,
esc50_fireworks_90fcd379,fireworks,data/banks/foreground/fireworks/esc50_fireworks_90fcd379.wav,0.839,0.839,0.0,0.0,-27.07,0.4765,
esc50_fireworks_9d1b69c0,fireworks,data/banks/foreground/fireworks/esc50_fireworks_9d1b69c0.wav,2.226,2.226,0.0,0.0,-28.86,0.7607,
esc50_fireworks_a0745691,fireworks,data/banks/foreground/fireworks/esc50_fireworks_a0745691.wav,1.906,1.906,0.0,0.0,-25.98,0.7992,
esc50_fireworks_abb7aaa5,fireworks,data/banks/foreground/fireworks/esc50_fireworks_abb7aaa5.wav,1.697,1.697,0.0,0.0,-27.62,0.8913,
esc50_fireworks_aefb7915,fireworks,data/banks/foreground/fireworks/esc50_fireworks_aefb7915.wav,2.755,2.755,0.0,0.0,-34.4,0.8913,
esc50_fireworks_b8e4b741,fireworks,data/banks/foreground/fireworks/esc50_fireworks_b8e4b741.wav,2.435,2.435,0.0,0.0,-36.29,0.8913,
esc50_fireworks_baad57c9,fireworks,data/banks/foreground/fireworks/esc50_fireworks_baad57c9.wav,1.697,1.569,0.128,0.0,-26.34,0.8912,
esc50_fireworks_bbc06aa3,fireworks,data/banks/foreground/fireworks/esc50_fireworks_bbc06aa3.wav,1.1581,1.1581,0.0,0.0,-24.53,0.6936,
esc50_fireworks_c02bc79e,fireworks,data/banks/foreground/fireworks/esc50_fireworks_c02bc79e.wav,1.477,1.477,0.0,0.0,-27.17,0.5993,
esc50_fireworks_c205760c,fireworks,data/banks/foreground/fireworks/esc50_fireworks_c205760c.wav,3.184,3.184,0.0,0.0,-24.43,0.8912,
esc50_fireworks_c5489d2c,fireworks,data/banks/foreground/fireworks/esc50_fireworks_c5489d2c.wav,2.1159,2.1159,0.0,0.0,-28.7,0.8912,
esc50_fireworks_d055eb62,fireworks,data/banks/foreground/fireworks/esc50_fireworks_d055eb62.wav,1.058,1.058,0.0,0.0,-28.88,0.7689,
esc50_fireworks_e5a9aead,fireworks,data/banks/foreground/fireworks/esc50_fireworks_e5a9aead.wav,1.158,0.934,0.224,0.0,-21.66,0.6803,
esc50_fireworks_e6aecd59,fireworks,data/banks/foreground/fireworks/esc50_fireworks_e6aecd59.wav,1.797,1.797,0.0,0.0,-32.55,0.8913,
fsd50k_fireworks_01947c6f,fireworks,data/banks/foreground/fireworks/fsd50k_fireworks_01947c6f.wav,0.739,0.739,0.0,0.0,-16.77,0.8147,
fsd50k_fireworks_02044952,fireworks,data/banks/foreground/fireworks/fsd50k_fireworks_02044952.wav,1.1561,1.1561,0.0,0.0,-35.99,0.8912,
fsd50k_fireworks_03a52b6f,fireworks,data/banks/foreground/fireworks/fsd50k_fireworks_03a52b6f.wav,7.556,7.556,0.0,0.0,-30.66,0.8913,
fsd50k_fireworks_08f39bde,fireworks,data/banks/foreground/fireworks/fsd50k_fireworks_08f39bde.wav,1.058,0.962,0.096,0.0,-27.81,0.8912,
fsd50k_fireworks_09553f5d,fireworks,data/banks/foreground/fireworks/fsd50k_fireworks_09553f5d.wav,1.48,1.376,0.0,0.104,-33.54,0.8394,
fsd50k_fireworks_0ee0d74e,fireworks,data/banks/foreground/fireworks/fsd50k_fireworks_0ee0d74e.wav,2.9789,2.9789,0.0,0.0,-26.49,0.8788,
fsd50k_fireworks_0f71a525,fireworks,data/banks/foreground/fireworks/fsd50k_fireworks_0f71a525.wav,1.8,1.192,0.608,0.0,-32.74,0.58,
fsd50k_fireworks_11e00452,fireworks,data/banks/foreground/fireworks/fsd50k_fireworks_11e00452.wav,2.438,2.438,0.0,0.0,-22.51,0.8913,
fsd50k_fireworks_1269da1e,fireworks,data/banks/foreground/fireworks/fsd50k_fireworks_1269da1e.wav,23.6427,23.6427,0.0,0.0,-28.99,0.8913,
fsd50k_fireworks_13458ede,fireworks,data/banks/foreground/fireworks/fsd50k_fireworks_13458ede.wav,1.158,1.158,0.0,0.0,-27.02,0.8912,
fsd50k_fireworks_14922763,fireworks,data/banks/foreground/fireworks/fsd50k_fireworks_14922763.wav,1.4789,1.4789,0.0,0.0,-23.43,0.4777,
fsd50k_fireworks_16336691,fireworks,data/banks/foreground/fireworks/fsd50k_fireworks_16336691.wav,5.215,5.215,0.0,0.0,-29.8,0.8581,
fsd50k_fireworks_1780ae71,fireworks,data/banks/foreground/fireworks/fsd50k_fireworks_1780ae71.wav,1.057,0.576,0.064,0.417,-25.18,0.8913,
fsd50k_fireworks_197604b5,fireworks,data/banks/foreground/fireworks/fsd50k_fireworks_197604b5.wav,10.014,10.014,0.0,0.0,-21.93,0.4934,
fsd50k_fireworks_1a65d732,fireworks,data/banks/foreground/fireworks/fsd50k_fireworks_1a65d732.wav,1.059,0.992,0.064,0.003,-29.01,0.8912,
fsd50k_fireworks_1bc039c9,fireworks,data/banks/foreground/fireworks/fsd50k_fireworks_1bc039c9.wav,12.358,12.358,0.0,0.0,-22.27,0.8913,
fsd50k_fireworks_1cb60b51,fireworks,data/banks/foreground/fireworks/fsd50k_fireworks_1cb60b51.wav,1.4781,1.4781,0.0,0.0,-20.02,0.6952,
fsd50k_fireworks_1f502816,fireworks,data/banks/foreground/fireworks/fsd50k_fireworks_1f502816.wav,1.7999,1.7999,0.0,0.0,-22.94,0.2072,
fsd50k_fireworks_20d724cc,fireworks,data/banks/foreground/fireworks/fsd50k_fireworks_20d724cc.wav,6.915,6.915,0.0,0.0,-24.57,0.8913,
fsd50k_fireworks_224f7a77,fireworks,data/banks/foreground/fireworks/fsd50k_fireworks_224f7a77.wav,1.8,1.8,0.0,0.0,-25.84,0.8912,
fsd50k_fireworks_23184bb4,fireworks,data/banks/foreground/fireworks/fsd50k_fireworks_23184bb4.wav,1.1599,1.1599,0.0,0.0,-27.12,0.8913,
fsd50k_fireworks_2609b995,fireworks,data/banks/foreground/fireworks/fsd50k_fireworks_2609b995.wav,0.9497,0.9497,0.0,0.0,-43.38,0.4702,
fsd50k_fireworks_28a628f5,fireworks,data/banks/foreground/fireworks/fsd50k_fireworks_28a628f5.wav,5.317,5.253,0.064,0.0,-22.6,0.7614,
fsd50k_fireworks_29d7170a,fireworks,data/banks/foreground/fireworks/fsd50k_fireworks_29d7170a.wav,1.057,1.057,0.0,0.0,-34.14,0.8912,
fsd50k_fireworks_2b7ae166,fireworks,data/banks/foreground/fireworks/fsd50k_fireworks_2b7ae166.wav,0.737,0.737,0.0,0.0,-19.52,0.7848,
fsd50k_fireworks_2bd90c74,fireworks,data/banks/foreground/fireworks/fsd50k_fireworks_2bd90c74.wav,0.738,0.706,0.032,0.0,-25.09,0.8912,
fsd50k_fireworks_2dc71391,fireworks,data/banks/foreground/fireworks/fsd50k_fireworks_2dc71391.wav,1.059,0.992,0.064,0.003,-28.78,0.8912,
fsd50k_fireworks_2e73845c,fireworks,data/banks/foreground/fireworks/fsd50k_fireworks_2e73845c.wav,1.479,1.479,0.0,0.0,-32.97,0.7318,
fsd50k_fireworks_2ff66be2,fireworks,data/banks/foreground/fireworks/fsd50k_fireworks_2ff66be2.wav,1.4789,1.248,0.0,0.2309,-29.87,0.8912,
fsd50k_fireworks_33603105,fireworks,data/banks/foreground/fireworks/fsd50k_fireworks_33603105.wav,4.0401,4.0401,0.0,0.0,-21.85,0.6992,
fsd50k_fireworks_34ba8a2e,fireworks,data/banks/foreground/fireworks/fsd50k_fireworks_34ba8a2e.wav,1.058,1.056,0.0,0.002,-19.96,0.8913,
fsd50k_fireworks_368ac345,fireworks,data/banks/foreground/fireworks/fsd50k_fireworks_368ac345.wav,3.717,3.717,0.0,0.0,-31.45,0.8504,
fsd50k_fireworks_36ac682a,fireworks,data/banks/foreground/fireworks/fsd50k_fireworks_36ac682a.wav,1.1591,1.1591,0.0,0.0,-24.69,0.3611,
fsd50k_fireworks_3ac51983,fireworks,data/banks/foreground/fireworks/fsd50k_fireworks_3ac51983.wav,0.738,0.738,0.0,0.0,-23.77,0.8912,
fsd50k_fireworks_3c47952f,fireworks,data/banks/foreground/fireworks/fsd50k_fireworks_3c47952f.wav,1.48,0.872,0.608,0.0,-30.88,0.4777,
fsd50k_fireworks_3da6691d,fireworks,data/banks/foreground/fireworks/fsd50k_fireworks_3da6691d.wav,1.479,1.479,0.0,0.0,-38.27,0.1398,
fsd50k_fireworks_47a6d96d,fireworks,data/banks/foreground/fireworks/fsd50k_fireworks_47a6d96d.wav,4.038,4.038,0.0,0.0,-22.82,0.8913,
fsd50k_fireworks_48205dec,fireworks,data/banks/foreground/fireworks/fsd50k_fireworks_48205dec.wav,1.056,1.056,0.0,0.0,-31.73,0.8912,
fsd50k_fireworks_48daa949,fireworks,data/banks/foreground/fireworks/fsd50k_fireworks_48daa949.wav,8.417,8.417,0.0,0.0,-22.84,0.382,
fsd50k_fireworks_4ab70b37,fireworks,data/banks/foreground/fireworks/fsd50k_fireworks_4ab70b37.wav,1.058,0.672,0.128,0.258,-25.03,0.8912,
fsd50k_fireworks_4dfda424,fireworks,data/banks/foreground/fireworks/fsd50k_fireworks_4dfda424.wav,1.057,1.057,0.0,0.0,-30.75,0.8912,
fsd50k_fireworks_4f1c3691,fireworks,data/banks/foreground/fireworks/fsd50k_fireworks_4f1c3691.wav,1.797,1.797,0.0,0.0,-30.36,0.7079,
fsd50k_fireworks_5015affa,fireworks,data/banks/foreground/fireworks/fsd50k_fireworks_5015affa.wav,1.7991,1.7991,0.0,0.0,-24.02,0.4994,
fsd50k_fireworks_5295dcf1,fireworks,data/banks/foreground/fireworks/fsd50k_fireworks_5295dcf1.wav,2.9789,2.9789,0.0,0.0,-30.07,0.8912,
fsd50k_fireworks_536e401c,fireworks,data/banks/foreground/fireworks/fsd50k_fireworks_536e401c.wav,1.058,0.832,0.032,0.194,-28.22,0.8912,
fsd50k_fireworks_5371e71f,fireworks,data/banks/foreground/fireworks/fsd50k_fireworks_5371e71f.wav,1.1579,1.1259,0.032,0.0,-39.28,0.3499,
fsd50k_fireworks_53724e38,fireworks,data/banks/foreground/fireworks/fsd50k_fireworks_53724e38.wav,0.739,0.739,0.0,0.0,-27.65,0.8913,
fsd50k_fireworks_54d359d0,fireworks,data/banks/foreground/fireworks/fsd50k_fireworks_54d359d0.wav,1.1589,1.1589,0.0,0.0,-25.05,0.5496,
fsd50k_fireworks_565db7b8,fireworks,data/banks/foreground/fireworks/fsd50k_fireworks_565db7b8.wav,1.06,1.06,0.0,0.0,-21.11,0.5472,
fsd50k_fireworks_573d2c42,fireworks,data/banks/foreground/fireworks/fsd50k_fireworks_573d2c42.wav,0.739,0.608,0.0,0.131,-24.46,0.8913,
fsd50k_fireworks_57be4252,fireworks,data/banks/foreground/fireworks/fsd50k_fireworks_57be4252.wav,0.739,0.739,0.0,0.0,-25.58,0.8913,
fsd50k_fireworks_5bd94296,fireworks,data/banks/foreground/fireworks/fsd50k_fireworks_5bd94296.wav,3.078,3.078,0.0,0.0,-22.36,0.7635,
fsd50k_fireworks_5c10868f,fireworks,data/banks/foreground/fireworks/fsd50k_fireworks_5c10868f.wav,0.733,0.733,0.0,0.0,-30.95,0.8912,
fsd50k_fireworks_5c6f925e,fireworks,data/banks/foreground/fireworks/fsd50k_fireworks_5c6f925e.wav,1.057,0.992,0.064,0.001,-27.78,0.8913,
fsd50k_fireworks_5c9c18ad,fireworks,data/banks/foreground/fireworks/fsd50k_fireworks_5c9c18ad.wav,1.159,1.159,0.0,0.0,-19.99,0.6472,
fsd50k_fireworks_5cb86aa4,fireworks,data/banks/foreground/fireworks/fsd50k_fireworks_5cb86aa4.wav,1.056,1.056,0.0,0.0,-30.89,0.8912,
fsd50k_fireworks_5db29738,fireworks,data/banks/foreground/fireworks/fsd50k_fireworks_5db29738.wav,1.058,1.058,0.0,0.0,-30.72,0.8912,
fsd50k_fireworks_60f2b4d0,fireworks,data/banks/foreground/fireworks/fsd50k_fireworks_60f2b4d0.wav,1.5086,1.5086,0.0,0.0,-25.04,0.8913,
fsd50k_fireworks_6303db5d,fireworks,data/banks/foreground/fireworks/fsd50k_fireworks_6303db5d.wav,0.839,0.839,0.0,0.0,-21.93,0.3165,
fsd50k_fireworks_65837826,fireworks,data/banks/foreground/fireworks/fsd50k_fireworks_65837826.wav,1.059,0.768,0.096,0.195,-27.23,0.8912,
fsd50k_fireworks_65b5b11f,fireworks,data/banks/foreground/fireworks/fsd50k_fireworks_65b5b11f.wav,1.058,1.058,0.0,0.0,-25.33,0.8912,
fsd50k_fireworks_6603da19,fireworks,data/banks/foreground/fireworks/fsd50k_fireworks_6603da19.wav,1.479,1.479,0.0,0.0,-30.95,0.8913,
fsd50k_fireworks_6800c878,fireworks,data/banks/foreground/fireworks/fsd50k_fireworks_6800c878.wav,0.739,0.739,0.0,0.0,-16.12,0.8913,
fsd50k_fireworks_683f5f4d,fireworks,data/banks/foreground/fireworks/fsd50k_fireworks_683f5f4d.wav,1.478,0.608,0.448,0.422,-24.09,0.8913,
fsd50k_fireworks_72bcb3cc,fireworks,data/banks/foreground/fireworks/fsd50k_fireworks_72bcb3cc.wav,1.058,1.058,0.0,0.0,-25.95,0.8912,
fsd50k_fireworks_7341fcf2,fireworks,data/banks/foreground/fireworks/fsd50k_fireworks_7341fcf2.wav,0.739,0.704,0.032,0.003,-24.38,0.8913,
fsd50k_fireworks_739172df,fireworks,data/banks/foreground/fireworks/fsd50k_fireworks_739172df.wav,1.698,1.698,0.0,0.0,-22.05,0.3952,
fsd50k_fireworks_7467afc7,fireworks,data/banks/foreground/fireworks/fsd50k_fireworks_7467afc7.wav,1.479,1.479,0.0,0.0,-26.83,0.7377,
fsd50k_fireworks_75207ba0,fireworks,data/banks/foreground/fireworks/fsd50k_fireworks_75207ba0.wav,2.12,1.704,0.416,0.0,-34.78,0.8913,
fsd50k_fireworks_76a6feeb,fireworks,data/banks/foreground/fireworks/fsd50k_fireworks_76a6feeb.wav,1.1599,1.1599,0.0,0.0,-36.61,0.5191,
fsd50k_fireworks_7831cf78,fireworks,data/banks/foreground/fireworks/fsd50k_fireworks_7831cf78.wav,15.558,15.558,0.0,0.0,-24.1,0.4128,
fsd50k_fireworks_79a2d496,fireworks,data/banks/foreground/fireworks/fsd50k_fireworks_79a2d496.wav,0.735,0.735,0.0,0.0,-21.16,0.7936,
fsd50k_fireworks_79e20679,fireworks,data/banks/foreground/fireworks/fsd50k_fireworks_79e20679.wav,1.477,1.477,0.0,0.0,-25.35,0.8912,
fsd50k_fireworks_7b39efde,fireworks,data/banks/foreground/fireworks/fsd50k_fireworks_7b39efde.wav,1.476,1.184,0.0,0.292,-29.89,0.8912,
fsd50k_fireworks_7b3bef64,fireworks,data/banks/foreground/fireworks/fsd50k_fireworks_7b3bef64.wav,1.4789,1.4789,0.0,0.0,-36.35,0.3105,
fsd50k_fireworks_7dce3d17,fireworks,data/banks/foreground/fireworks/fsd50k_fireworks_7dce3d17.wav,1.7979,1.312,0.352,0.1339,-28.06,0.8912,
fsd50k_fireworks_7de32258,fireworks,data/banks/foreground/fireworks/fsd50k_fireworks_7de32258.wav,1.058,1.058,0.0,0.0,-23.47,0.501,
fsd50k_fireworks_7fce4aeb,fireworks,data/banks/foreground/fireworks/fsd50k_fireworks_7fce4aeb.wav,2.12,2.12,0.0,0.0,-30.26,0.8396,
fsd50k_fireworks_7ff9efbe,fireworks,data/banks/foreground/fireworks/fsd50k_fireworks_7ff9efbe.wav,1.7979,1.632,0.16,0.0059,-32.23,0.8913,
fsd50k_fireworks_82f03158,fireworks,data/banks/foreground/fireworks/fsd50k_fireworks_82f03158.wav,1.057,1.057,0.0,0.0,-19.54,0.7189,
fsd50k_fireworks_850c5a8e,fireworks,data/banks/foreground/fireworks/fsd50k_fireworks_850c5a8e.wav,4.679,4.679,0.0,0.0,-26.5,0.2721,
fsd50k_fireworks_855982dd,fireworks,data/banks/foreground/fireworks/fsd50k_fireworks_855982dd.wav,1.379,1.379,0.0,0.0,-29.92,0.8912,
fsd50k_fireworks_871c30d7,fireworks,data/banks/foreground/fireworks/fsd50k_fireworks_871c30d7.wav,8.834,8.834,0.0,0.0,-25.85,0.8912,
fsd50k_fireworks_874c0076,fireworks,data/banks/foreground/fireworks/fsd50k_fireworks_874c0076.wav,1.06,0.672,0.224,0.164,-24.24,0.8912,
fsd50k_fireworks_8b1c3250,fireworks,data/banks/foreground/fireworks/fsd50k_fireworks_8b1c3250.wav,1.8,1.8,0.0,0.0,-33.44,0.8662,
fsd50k_fireworks_8b8c838f,fireworks,data/banks/foreground/fireworks/fsd50k_fireworks_8b8c838f.wav,1.379,0.608,0.256,0.515,-23.52,0.8912,
fsd50k_fireworks_8e98e512,fireworks,data/banks/foreground/fireworks/fsd50k_fireworks_8e98e512.wav,1.4799,1.4479,0.032,0.0,-36.92,0.8099,
fsd50k_fireworks_8ef7c184,fireworks,data/banks/foreground/fireworks/fsd50k_fireworks_8ef7c184.wav,1.799,1.792,0.0,0.007,-38.34,0.6,
fsd50k_fireworks_9985cdbf,fireworks,data/banks/foreground/fireworks/fsd50k_fireworks_9985cdbf.wav,1.059,1.059,0.0,0.0,-29.13,0.8913,
fsd50k_fireworks_9b44f207,fireworks,data/banks/foreground/fireworks/fsd50k_fireworks_9b44f207.wav,3.619,3.619,0.0,0.0,-40.5,0.4552,
fsd50k_fireworks_9c0a8820,fireworks,data/banks/foreground/fireworks/fsd50k_fireworks_9c0a8820.wav,0.739,0.739,0.0,0.0,-16.29,0.7001,
fsd50k_fireworks_9c204dd0,fireworks,data/banks/foreground/fireworks/fsd50k_fireworks_9c204dd0.wav,0.6481,0.6161,0.032,0.0,-25.24,0.8913,
fsd50k_fireworks_9d8dee97,fireworks,data/banks/foreground/fireworks/fsd50k_fireworks_9d8dee97.wav,5.3191,5.3191,0.0,0.0,-29.87,0.8913,
fsd50k_fireworks_9eef1db2,fireworks,data/banks/foreground/fireworks/fsd50k_fireworks_9eef1db2.wav,0.9667,0.9028,0.064,0.0,-39.0,0.6975,
fsd50k_fireworks_9fcdeefb,fireworks,data/banks/foreground/fireworks/fsd50k_fireworks_9fcdeefb.wav,2.1199,2.1199,0.0,0.0,-31.48,0.851,
fsd50k_fireworks_a0b4e40d,fireworks,data/banks/foreground/fireworks/fsd50k_fireworks_a0b4e40d.wav,1.377,1.121,0.256,0.0,-29.45,0.8912,
fsd50k_fireworks_a115b8ea,fireworks,data/banks/foreground/fireworks/fsd50k_fireworks_a115b8ea.wav,1.476,1.152,0.32,0.004,-29.87,0.8912,
fsd50k_fireworks_a69a207f,fireworks,data/banks/foreground/fireworks/fsd50k_fireworks_a69a207f.wav,1.377,1.377,0.0,0.0,-31.48,0.8912,
fsd50k_fireworks_a981ba6c,fireworks,data/banks/foreground/fireworks/fsd50k_fireworks_a981ba6c.wav,1.059,0.739,0.32,0.0,-22.97,0.8806,
fsd50k_fireworks_aa1a6b5f,fireworks,data/banks/foreground/fireworks/fsd50k_fireworks_aa1a6b5f.wav,0.74,0.74,0.0,0.0,-29.54,0.8912,
fsd50k_fireworks_aa755350,fireworks,data/banks/foreground/fireworks/fsd50k_fireworks_aa755350.wav,1.7969,1.7969,0.0,0.0,-25.82,0.8657,
fsd50k_fireworks_aa87ad25,fireworks,data/banks/foreground/fireworks/fsd50k_fireworks_aa87ad25.wav,1.159,0.743,0.416,0.0,-29.56,0.8913,
fsd50k_fireworks_ae3ed965,fireworks,data/banks/foreground/fireworks/fsd50k_fireworks_ae3ed965.wav,2.439,2.439,0.0,0.0,-24.56,0.2959,
fsd50k_fireworks_ae6b7ca5,fireworks,data/banks/foreground/fireworks/fsd50k_fireworks_ae6b7ca5.wav,2.119,1.632,0.48,0.007,-23.06,0.8508,
fsd50k_fireworks_b05f431b,fireworks,data/banks/foreground/fireworks/fsd50k_fireworks_b05f431b.wav,0.739,0.739,0.0,0.0,-26.04,0.8913,
fsd50k_fireworks_b154b770,fireworks,data/banks/foreground/fireworks/fsd50k_fireworks_b154b770.wav,0.739,0.672,0.0,0.067,-24.41,0.8913,
fsd50k_fireworks_b36d95e7,fireworks,data/banks/foreground/fireworks/fsd50k_fireworks_b36d95e7.wav,1.479,1.479,0.0,0.0,-29.75,0.7085,
fsd50k_fireworks_b3caed78,fireworks,data/banks/foreground/fireworks/fsd50k_fireworks_b3caed78.wav,1.06,1.06,0.0,0.0,-31.94,0.8912,
fsd50k_fireworks_b549d1c1,fireworks,data/banks/foreground/fireworks/fsd50k_fireworks_b549d1c1.wav,1.16,1.16,0.0,0.0,-38.92,0.8913,
fsd50k_fireworks_b661af01,fireworks,data/banks/foreground/fireworks/fsd50k_fireworks_b661af01.wav,1.159,0.935,0.224,0.0,-23.04,0.7146,
fsd50k_fireworks_b73dcb9d,fireworks,data/banks/foreground/fireworks/fsd50k_fireworks_b73dcb9d.wav,3.7179,3.7179,0.0,0.0,-24.86,0.8717,
fsd50k_fireworks_bb25dcfa,fireworks,data/banks/foreground/fireworks/fsd50k_fireworks_bb25dcfa.wav,4.679,4.679,0.0,0.0,-25.11,0.3827,
fsd50k_fireworks_bceb1f31,fireworks,data/banks/foreground/fireworks/fsd50k_fireworks_bceb1f31.wav,3.4186,3.4186,0.0,0.0,-29.88,0.4905,
fsd50k_fireworks_bcf2de10,fireworks,data/banks/foreground/fireworks/fsd50k_fireworks_bcf2de10.wav,1.06,0.8,0.128,0.132,-31.97,0.8912,
fsd50k_fireworks_bda7d52f,fireworks,data/banks/foreground/fireworks/fsd50k_fireworks_bda7d52f.wav,4.359,4.359,0.0,0.0,-33.97,0.8912,
fsd50k_fireworks_beb85f52,fireworks,data/banks/foreground/fireworks/fsd50k_fireworks_beb85f52.wav,1.16,1.16,0.0,0.0,-29.23,0.8912,
fsd50k_fireworks_bfc44e0c,fireworks,data/banks/foreground/fireworks/fsd50k_fireworks_bfc44e0c.wav,3.72,3.72,0.0,0.0,-29.1,0.8904,
fsd50k_fireworks_bffde590,fireworks,data/banks/foreground/fireworks/fsd50k_fireworks_bffde590.wav,0.84,0.768,0.0,0.072,-26.32,0.3106,
fsd50k_fireworks_c0d08237,fireworks,data/banks/foreground/fireworks/fsd50k_fireworks_c0d08237.wav,0.8401,0.8401,0.0,0.0,-27.65,0.6397,
fsd50k_fireworks_c41e4f94,fireworks,data/banks/foreground/fireworks/fsd50k_fireworks_c41e4f94.wav,1.16,1.16,0.0,0.0,-17.56,0.8865,
fsd50k_fireworks_c59e9f80,fireworks,data/banks/foreground/fireworks/fsd50k_fireworks_c59e9f80.wav,1.057,1.056,0.0,0.001,-28.9,0.8912,
fsd50k_fireworks_c6f6eaac,fireworks,data/banks/foreground/fireworks/fsd50k_fireworks_c6f6eaac.wav,1.48,1.48,0.0,0.0,-22.27,0.4019,
fsd50k_fireworks_c7edd2d0,fireworks,data/banks/foreground/fireworks/fsd50k_fireworks_c7edd2d0.wav,0.739,0.736,0.0,0.003,-27.17,0.8912,
fsd50k_fireworks_c8d6eccd,fireworks,data/banks/foreground/fireworks/fsd50k_fireworks_c8d6eccd.wav,1.057,1.057,0.0,0.0,-27.2,0.8912,
fsd50k_fireworks_c8f4503c,fireworks,data/banks/foreground/fireworks/fsd50k_fireworks_c8f4503c.wav,1.3291,1.3291,0.0,0.0,-30.13,0.8838,
fsd50k_fireworks_c917e2e1,fireworks,data/banks/foreground/fireworks/fsd50k_fireworks_c917e2e1.wav,1.16,0.648,0.512,0.0,-21.45,0.6289,
fsd50k_fireworks_c935f1c4,fireworks,data/banks/foreground/fireworks/fsd50k_fireworks_c935f1c4.wav,13.637,13.637,0.0,0.0,-21.81,0.6933,
fsd50k_fireworks_c944fa02,fireworks,data/banks/foreground/fireworks/fsd50k_fireworks_c944fa02.wav,5.536,5.536,0.0,0.0,-26.14,0.8912,
fsd50k_fireworks_c9716978,fireworks,data/banks/foreground/fireworks/fsd50k_fireworks_c9716978.wav,1.059,1.059,0.0,0.0,-28.99,0.8912,
fsd50k_fireworks_cb1141a7,fireworks,data/banks/foreground/fireworks/fsd50k_fireworks_cb1141a7.wav,0.74,0.74,0.0,0.0,-32.13,0.8912,
fsd50k_fireworks_cbc90ef6,fireworks,data/banks/foreground/fireworks/fsd50k_fireworks_cbc90ef6.wav,1.058,1.058,0.0,0.0,-25.59,0.8912,
fsd50k_fireworks_cd9478d0,fireworks,data/banks/foreground/fireworks/fsd50k_fireworks_cd9478d0.wav,0.74,0.672,0.0,0.068,-22.24,0.8913,
fsd50k_fireworks_cdc9172d,fireworks,data/banks/foreground/fireworks/fsd50k_fireworks_cdc9172d.wav,1.059,0.963,0.096,0.0,-19.15,0.8346,
fsd50k_fireworks_d0089087,fireworks,data/banks/foreground/fireworks/fsd50k_fireworks_d0089087.wav,3.3979,3.3979,0.0,0.0,-23.45,0.864,
fsd50k_fireworks_d3663917,fireworks,data/banks/foreground/fireworks/fsd50k_fireworks_d3663917.wav,1.1589,0.576,0.384,0.1989,-22.69,0.8912,
fsd50k_fireworks_d75b66d7,fireworks,data/banks/foreground/fireworks/fsd50k_fireworks_d75b66d7.wav,2.3661,2.3661,0.0,0.0,-33.01,0.8913,
fsd50k_fireworks_d9f9c5df,fireworks,data/banks/foreground/fireworks/fsd50k_fireworks_d9f9c5df.wav,1.48,1.48,0.0,0.0,-30.23,0.8913,
fsd50k_fireworks_da6a5bc2,fireworks,data/banks/foreground/fireworks/fsd50k_fireworks_da6a5bc2.wav,1.06,1.06,0.0,0.0,-33.25,0.8912,
fsd50k_fireworks_dab35990,fireworks,data/banks/foreground/fireworks/fsd50k_fireworks_dab35990.wav,2.436,1.664,0.512,0.26,-30.14,0.8913,
fsd50k_fireworks_df11ba47,fireworks,data/banks/foreground/fireworks/fsd50k_fireworks_df11ba47.wav,1.06,1.06,0.0,0.0,-25.53,0.8912,
fsd50k_fireworks_e07dee42,fireworks,data/banks/foreground/fireworks/fsd50k_fireworks_e07dee42.wav,1.696,1.696,0.0,0.0,-24.73,0.8913,
fsd50k_fireworks_e0d7e87d,fireworks,data/banks/foreground/fireworks/fsd50k_fireworks_e0d7e87d.wav,1.06,0.896,0.128,0.036,-33.14,0.8912,
fsd50k_fireworks_e1806ace,fireworks,data/banks/foreground/fireworks/fsd50k_fireworks_e1806ace.wav,2.02,2.02,0.0,0.0,-32.07,0.882,
fsd50k_fireworks_e1a5b210,fireworks,data/banks/foreground/fireworks/fsd50k_fireworks_e1a5b210.wav,3.7386,3.7386,0.0,0.0,-22.54,0.8171,
fsd50k_fireworks_e300fa40,fireworks,data/banks/foreground/fireworks/fsd50k_fireworks_e300fa40.wav,0.739,0.739,0.0,0.0,-23.78,0.8913,
fsd50k_fireworks_e40a0355,fireworks,data/banks/foreground/fireworks/fsd50k_fireworks_e40a0355.wav,1.8674,1.8674,0.0,0.0,-32.75,0.8912,
fsd50k_fireworks_e48242bb,fireworks,data/banks/foreground/fireworks/fsd50k_fireworks_e48242bb.wav,1.057,1.057,0.0,0.0,-30.01,0.8912,
fsd50k_fireworks_e49b541d,fireworks,data/banks/foreground/fireworks/fsd50k_fireworks_e49b541d.wav,2.017,2.017,0.0,0.0,-21.05,0.3449,
fsd50k_fireworks_e8d68586,fireworks,data/banks/foreground/fireworks/fsd50k_fireworks_e8d68586.wav,1.059,1.059,0.0,0.0,-18.66,0.5579,
fsd50k_fireworks_e9eb95a0,fireworks,data/banks/foreground/fireworks/fsd50k_fireworks_e9eb95a0.wav,0.739,0.704,0.0,0.035,-28.05,0.8912,
fsd50k_fireworks_ea11ee26,fireworks,data/banks/foreground/fireworks/fsd50k_fireworks_ea11ee26.wav,1.058,0.64,0.064,0.354,-25.58,0.8913,
fsd50k_fireworks_ec52af56,fireworks,data/banks/foreground/fireworks/fsd50k_fireworks_ec52af56.wav,2.7559,1.632,0.576,0.5479,-20.44,0.8913,
fsd50k_fireworks_ecbed2e9,fireworks,data/banks/foreground/fireworks/fsd50k_fireworks_ecbed2e9.wav,1.2884,1.2884,0.0,0.0,-16.37,0.7565,
fsd50k_fireworks_edbcd5ad,fireworks,data/banks/foreground/fireworks/fsd50k_fireworks_edbcd5ad.wav,1.059,1.059,0.0,0.0,-25.99,0.8912,
fsd50k_fireworks_edfa5e4b,fireworks,data/banks/foreground/fireworks/fsd50k_fireworks_edfa5e4b.wav,2.12,2.12,0.0,0.0,-23.23,0.5105,
fsd50k_fireworks_f4fc7031,fireworks,data/banks/foreground/fireworks/fsd50k_fireworks_f4fc7031.wav,1.2765,1.2765,0.0,0.0,-29.88,0.8912,
fsd50k_fireworks_f636fe73,fireworks,data/banks/foreground/fireworks/fsd50k_fireworks_f636fe73.wav,1.48,0.864,0.48,0.136,-23.12,0.8912,
fsd50k_fireworks_f8acb182,fireworks,data/banks/foreground/fireworks/fsd50k_fireworks_f8acb182.wav,1.4791,1.4791,0.0,0.0,-30.35,0.8912,
fsd50k_fireworks_fa766ae0,fireworks,data/banks/foreground/fireworks/fsd50k_fireworks_fa766ae0.wav,1.6468,1.6148,0.032,0.0,-31.07,0.8912,
fsd50k_fireworks_fe47982f,fireworks,data/banks/foreground/fireworks/fsd50k_fireworks_fe47982f.wav,1.054,1.054,0.0,0.0,-32.96,0.8912,
fsd50k_fireworks_ff3e1f61,fireworks,data/banks/foreground/fireworks/fsd50k_fireworks_ff3e1f61.wav,1.0279,0.96,0.0,0.0679,-26.87,0.7973,
esc50_glass_breaking_08fcf5a7,glass_breaking,data/banks/foreground/glass_breaking/esc50_glass_breaking_08fcf5a7.wav,1.058,1.024,0.0,0.034,-24.34,0.8912,
esc50_glass_breaking_2ff2076e,glass_breaking,data/banks/foreground/glass_breaking/esc50_glass_breaking_2ff2076e.wav,0.739,0.48,0.256,0.003,-26.93,0.6107,
esc50_glass_breaking_3863f509,glass_breaking,data/banks/foreground/glass_breaking/esc50_glass_breaking_3863f509.wav,1.158,1.024,0.0,0.134,-28.08,0.4618,
esc50_glass_breaking_3d4a5201,glass_breaking,data/banks/foreground/glass_breaking/esc50_glass_breaking_3d4a5201.wav,0.419,0.419,0.0,0.0,-19.28,0.821,
esc50_glass_breaking_3ef4dae6,glass_breaking,data/banks/foreground/glass_breaking/esc50_glass_breaking_3ef4dae6.wav,0.52,0.52,0.0,0.0,-24.05,0.3016,
esc50_glass_breaking_4491d08b,glass_breaking,data/banks/foreground/glass_breaking/esc50_glass_breaking_4491d08b.wav,0.8381,0.8381,0.0,0.0,-41.22,0.1689,
esc50_glass_breaking_55cc0786,glass_breaking,data/banks/foreground/glass_breaking/esc50_glass_breaking_55cc0786.wav,1.058,1.058,0.0,0.0,-21.22,0.8912,
esc50_glass_breaking_60a600ff,glass_breaking,data/banks/foreground/glass_breaking/esc50_glass_breaking_60a600ff.wav,1.058,1.058,0.0,0.0,-23.32,0.5167,
esc50_glass_breaking_66c6c338,glass_breaking,data/banks/foreground/glass_breaking/esc50_glass_breaking_66c6c338.wav,0.739,0.739,0.0,0.0,-24.3,0.8912,
esc50_glass_breaking_67c88e07,glass_breaking,data/banks/foreground/glass_breaking/esc50_glass_breaking_67c88e07.wav,1.058,0.48,0.0,0.578,-22.13,0.8913,
esc50_glass_breaking_79efba4c,glass_breaking,data/banks/foreground/glass_breaking/esc50_glass_breaking_79efba4c.wav,1.797,1.701,0.096,0.0,-26.48,0.3418,
esc50_glass_breaking_9170ecdc,glass_breaking,data/banks/foreground/glass_breaking/esc50_glass_breaking_9170ecdc.wav,2.016,2.016,0.0,0.0,-23.93,0.3968,
esc50_glass_breaking_92d7ac3d,glass_breaking,data/banks/foreground/glass_breaking/esc50_glass_breaking_92d7ac3d.wav,0.739,0.739,0.0,0.0,-23.91,0.7482,
esc50_glass_breaking_a35fd222,glass_breaking,data/banks/foreground/glass_breaking/esc50_glass_breaking_a35fd222.wav,0.52,0.52,0.0,0.0,-30.78,0.145,
esc50_glass_breaking_a6b60fb2,glass_breaking,data/banks/foreground/glass_breaking/esc50_glass_breaking_a6b60fb2.wav,4.033,3.745,0.288,0.0,-25.93,0.4605,
esc50_glass_breaking_a9374792,glass_breaking,data/banks/foreground/glass_breaking/esc50_glass_breaking_a9374792.wav,1.058,0.704,0.32,0.034,-27.33,0.2838,
esc50_glass_breaking_ad42b3c9,glass_breaking,data/banks/foreground/glass_breaking/esc50_glass_breaking_ad42b3c9.wav,1.058,1.058,0.0,0.0,-25.03,0.6038,
esc50_glass_breaking_b6a987fe,glass_breaking,data/banks/foreground/glass_breaking/esc50_glass_breaking_b6a987fe.wav,1.058,0.896,0.0,0.162,-23.92,0.5368,
esc50_glass_breaking_beb06055,glass_breaking,data/banks/foreground/glass_breaking/esc50_glass_breaking_beb06055.wav,0.739,0.704,0.0,0.035,-25.38,0.4778,
esc50_glass_breaking_c2988d2e,glass_breaking,data/banks/foreground/glass_breaking/esc50_glass_breaking_c2988d2e.wav,0.739,0.64,0.096,0.003,-26.65,0.2621,
esc50_glass_breaking_c3e1abf0,glass_breaking,data/banks/foreground/glass_breaking/esc50_glass_breaking_c3e1abf0.wav,1.377,1.152,0.064,0.161,-24.65,0.5697,
esc50_glass_breaking_ca0b7286,glass_breaking,data/banks/foreground/glass_breaking/esc50_glass_breaking_ca0b7286.wav,1.158,1.03,0.128,0.0,-26.19,0.5406,
esc50_glass_breaking_d1d70553,glass_breaking,data/banks/foreground/glass_breaking/esc50_glass_breaking_d1d70553.wav,2.336,2.336,0.0,0.0,-26.69,0.4185,
esc50_glass_breaking_d2d0b97a,glass_breaking,data/banks/foreground/glass_breaking/esc50_glass_breaking_d2d0b97a.wav,0.739,0.739,0.0,0.0,-22.73,0.7691,
esc50_glass_breaking_db694613,glass_breaking,data/banks/foreground/glass_breaking/esc50_glass_breaking_db694613.wav,1.697,1.697,0.0,0.0,-25.23,0.2345,
esc50_glass_breaking_e1da0f73,glass_breaking,data/banks/foreground/glass_breaking/esc50_glass_breaking_e1da0f73.wav,0.739,0.672,0.0,0.067,-28.84,0.8912,
esc50_glass_breaking_e54a661c,glass_breaking,data/banks/foreground/glass_breaking/esc50_glass_breaking_e54a661c.wav,0.739,0.675,0.064,0.0,-22.78,0.8913,
esc50_glass_breaking_e5c36817,glass_breaking,data/banks/foreground/glass_breaking/esc50_glass_breaking_e5c36817.wav,1.158,1.158,0.0,0.0,-25.45,0.5635,
esc50_glass_breaking_e60d74d1,glass_breaking,data/banks/foreground/glass_breaking/esc50_glass_breaking_e60d74d1.wav,1.377,1.281,0.096,0.0,-21.93,0.8808,
esc50_glass_breaking_f4796e4e,glass_breaking,data/banks/foreground/glass_breaking/esc50_glass_breaking_f4796e4e.wav,1.377,0.608,0.288,0.481,-25.76,0.5656,
fsd50k_glass_breaking_032a2145,glass_breaking,data/banks/foreground/glass_breaking/fsd50k_glass_breaking_032a2145.wav,2.339,2.016,0.128,0.195,-29.62,0.8913,
fsd50k_glass_breaking_037a78f9,glass_breaking,data/banks/foreground/glass_breaking/fsd50k_glass_breaking_037a78f9.wav,0.52,0.232,0.288,0.0,-20.06,0.4026,
fsd50k_glass_breaking_05bb74a8,glass_breaking,data/banks/foreground/glass_breaking/fsd50k_glass_breaking_05bb74a8.wav,1.692,1.248,0.0,0.444,-25.79,0.6205,
fsd50k_glass_breaking_05c0d0a2,glass_breaking,data/banks/foreground/glass_breaking/fsd50k_glass_breaking_05c0d0a2.wav,1.38,1.38,0.0,0.0,-22.29,0.8913,
fsd50k_glass_breaking_05ccc704,glass_breaking,data/banks/foreground/glass_breaking/fsd50k_glass_breaking_05ccc704.wav,1.378,1.378,0.0,0.0,-25.46,0.5438,
fsd50k_glass_breaking_05faac68,glass_breaking,data/banks/foreground/glass_breaking/fsd50k_glass_breaking_05faac68.wav,1.38,1.188,0.192,0.0,-26.73,0.3987,
fsd50k_glass_breaking_068a80da,glass_breaking,data/banks/foreground/glass_breaking/fsd50k_glass_breaking_068a80da.wav,1.157,1.157,0.0,0.0,-32.16,0.2386,
fsd50k_glass_breaking_081fb32e,glass_breaking,data/banks/foreground/glass_breaking/fsd50k_glass_breaking_081fb32e.wav,1.158,0.96,0.0,0.198,-32.56,0.1941,
fsd50k_glass_breaking_084643ab,glass_breaking,data/banks/foreground/glass_breaking/fsd50k_glass_breaking_084643ab.wav,1.059,1.059,0.0,0.0,-21.77,0.7071,
fsd50k_glass_breaking_09b31977,glass_breaking,data/banks/foreground/glass_breaking/fsd50k_glass_breaking_09b31977.wav,1.48,0.96,0.32,0.2,-32.44,0.8912,
fsd50k_glass_breaking_0bb27b73,glass_breaking,data/banks/foreground/glass_breaking/fsd50k_glass_breaking_0bb27b73.wav,0.5167,0.512,0.0,0.0047,-24.49,0.6666,
fsd50k_glass_breaking_0d104b59,glass_breaking,data/banks/foreground/glass_breaking/fsd50k_glass_breaking_0d104b59.wav,1.0334,1.0334,0.0,0.0,-26.16,0.8913,
fsd50k_glass_breaking_0e1619d8,glass_breaking,data/banks/foreground/glass_breaking/fsd50k_glass_breaking_0e1619d8.wav,0.7439,0.672,0.0,0.0719,-25.01,0.4074,
fsd50k_glass_breaking_0f1e2cc4,glass_breaking,data/banks/foreground/glass_breaking/fsd50k_glass_breaking_0f1e2cc4.wav,0.739,0.384,0.0,0.355,-32.63,0.8913,
fsd50k_glass_breaking_1122f631,glass_breaking,data/banks/foreground/glass_breaking/fsd50k_glass_breaking_1122f631.wav,0.839,0.839,0.0,0.0,-23.76,0.7797,
fsd50k_glass_breaking_11c33713,glass_breaking,data/banks/foreground/glass_breaking/fsd50k_glass_breaking_11c33713.wav,0.6733,0.48,0.0,0.1933,-32.48,0.8912,
fsd50k_glass_breaking_11e9731f,glass_breaking,data/banks/foreground/glass_breaking/fsd50k_glass_breaking_11e9731f.wav,1.1589,1.1589,0.0,0.0,-28.42,0.5205,
fsd50k_glass_breaking_13777cb5,glass_breaking,data/banks/foreground/glass_breaking/fsd50k_glass_breaking_13777cb5.wav,1.059,0.672,0.0,0.387,-25.12,0.8913,
fsd50k_glass_breaking_143b75f4,glass_breaking,data/banks/foreground/glass_breaking/fsd50k_glass_breaking_143b75f4.wav,1.479,1.319,0.16,0.0,-32.06,0.8913,
fsd50k_glass_breaking_145610fe,glass_breaking,data/banks/foreground/glass_breaking/fsd50k_glass_breaking_145610fe.wav,3.7191,2.88,0.352,0.4871,-27.74,0.8913,
fsd50k_glass_breaking_14c7cd8a,glass_breaking,data/banks/foreground/glass_breaking/fsd50k_glass_breaking_14c7cd8a.wav,2.02,1.796,0.224,0.0,-25.57,0.386,
fsd50k_glass_breaking_14e8e350,glass_breaking,data/banks/foreground/glass_breaking/fsd50k_glass_breaking_14e8e350.wav,1.158,0.704,0.192,0.262,-26.32,0.7592,
fsd50k_glass_breaking_16800c95,glass_breaking,data/banks/foreground/glass_breaking/fsd50k_glass_breaking_16800c95.wav,1.059,1.024,0.0,0.035,-24.98,0.8913,
fsd50k_glass_breaking_16dddc6d,glass_breaking,data/banks/foreground/glass_breaking/fsd50k_glass_breaking_16dddc6d.wav,0.738,0.738,0.0,0.0,-31.26,0.8178,
fsd50k_glass_breaking_16feccd6,glass_breaking,data/banks/foreground/glass_breaking/fsd50k_glass_breaking_16feccd6.wav,1.374,1.374,0.0,0.0,-26.03,0.5785,
fsd50k_glass_breaking_17beced9,glass_breaking,data/banks/foreground/glass_breaking/fsd50k_glass_breaking_17beced9.wav,0.738,0.738,0.0,0.0,-23.58,0.7737,
fsd50k_glass_breaking_18425eb2,glass_breaking,data/banks/foreground/glass_breaking/fsd50k_glass_breaking_18425eb2.wav,1.38,1.188,0.192,0.0,-29.13,0.8913,
fsd50k_glass_breaking_18f95f99,glass_breaking,data/banks/foreground/glass_breaking/fsd50k_glass_breaking_18f95f99.wav,1.16,0.512,0.0,0.648,-27.06,0.5844,
fsd50k_glass_breaking_194d6f4d,glass_breaking,data/banks/foreground/glass_breaking/fsd50k_glass_breaking_194d6f4d.wav,0.4145,0.256,0.0,0.1585,-31.33,0.8913,
fsd50k_glass_breaking_199c9132,glass_breaking,data/banks/foreground/glass_breaking/fsd50k_glass_breaking_199c9132.wav,1.7989,1.7669,0.032,0.0,-23.16,0.6657,
fsd50k_glass_breaking_1ac16fe4,glass_breaking,data/banks/foreground/glass_breaking/fsd50k_glass_breaking_1ac16fe4.wav,0.8113,0.8113,0.0,0.0,-25.34,0.8912,
fsd50k_glass_breaking_1af3fbb8,glass_breaking,data/banks/foreground/glass_breaking/fsd50k_glass_breaking_1af3fbb8.wav,0.4891,0.448,0.0,0.0411,-24.98,0.8912,
fsd50k_glass_breaking_1c01aca9,glass_breaking,data/banks/foreground/glass_breaking/fsd50k_glass_breaking_1c01aca9.wav,1.158,0.576,0.096,0.486,-27.35,0.8039,
fsd50k_glass_breaking_1c35afba,glass_breaking,data/banks/foreground/glass_breaking/fsd50k_glass_breaking_1c35afba.wav,1.8,1.352,0.448,0.0,-30.36,0.408,
fsd50k_glass_breaking_1c5befa0,glass_breaking,data/banks/foreground/glass_breaking/fsd50k_glass_breaking_1c5befa0.wav,1.057,0.896,0.0,0.161,-23.91,0.5865,
fsd50k_glass_breaking_1d4a8966,glass_breaking,data/banks/foreground/glass_breaking/fsd50k_glass_breaking_1d4a8966.wav,2.113,2.081,0.032,0.0,-29.71,0.8913,
fsd50k_glass_breaking_1d56097d,glass_breaking,data/banks/foreground/glass_breaking/fsd50k_glass_breaking_1d56097d.wav,1.056,0.896,0.0,0.16,-29.92,0.8912,
fsd50k_glass_breaking_1df59579,glass_breaking,data/banks/foreground/glass_breaking/fsd50k_glass_breaking_1df59579.wav,1.798,1.702,0.096,0.0,-26.54,0.3827,
fsd50k_glass_breaking_1ff658c6,glass_breaking,data/banks/foreground/glass_breaking/fsd50k_glass_breaking_1ff658c6.wav,0.74,0.74,0.0,0.0,-23.59,0.4339,
fsd50k_glass_breaking_210aafd7,glass_breaking,data/banks/foreground/glass_breaking/fsd50k_glass_breaking_210aafd7.wav,1.478,1.478,0.0,0.0,-26.98,0.3694,
fsd50k_glass_breaking_21e9a8c5,glass_breaking,data/banks/foreground/glass_breaking/fsd50k_glass_breaking_21e9a8c5.wav,1.1334,0.832,0.0,0.3014,-23.95,0.5736,
fsd50k_glass_breaking_222f37d5,glass_breaking,data/banks/foreground/glass_breaking/fsd50k_glass_breaking_222f37d5.wav,1.059,1.059,0.0,0.0,-21.64,0.716,
fsd50k_glass_breaking_22e2a6a3,glass_breaking,data/banks/foreground/glass_breaking/fsd50k_glass_breaking_22e2a6a3.wav,0.7619,0.704,0.0,0.0579,-25.33,0.5191,
fsd50k_glass_breaking_24334da6,glass_breaking,data/banks/foreground/glass_breaking/fsd50k_glass_breaking_24334da6.wav,0.5131,0.512,0.0,0.0011,-25.58,0.3713,
fsd50k_glass_breaking_24f8e7e5,glass_breaking,data/banks/foreground/glass_breaking/fsd50k_glass_breaking_24f8e7e5.wav,1.057,0.96,0.0,0.097,-24.18,0.5247,
fsd50k_glass_breaking_2518a463,glass_breaking,data/banks/foreground/glass_breaking/fsd50k_glass_breaking_2518a463.wav,2.5026,2.4066,0.096,0.0,-26.8,0.8912,
fsd50k_glass_breaking_25247a8f,glass_breaking,data/banks/foreground/glass_breaking/fsd50k_glass_breaking_25247a8f.wav,1.7949,1.7949,0.0,0.0,-24.64,0.3536,
fsd50k_glass_breaking_263251a8,glass_breaking,data/banks/foreground/glass_breaking/fsd50k_glass_breaking_263251a8.wav,0.799,0.672,0.0,0.127,-26.86,0.2917,
fsd50k_glass_breaking_28a3b2f1,glass_breaking,data/banks/foreground/glass_breaking/fsd50k_glass_breaking_28a3b2f1.wav,1.1601,0.544,0.128,0.4881,-27.32,0.8353,
fsd50k_glass_breaking_2b3d3b19,glass_breaking,data/banks/foreground/glass_breaking/fsd50k_glass_breaking_2b3d3b19.wav,0.5619,0.416,0.0,0.1459,-26.23,0.5556,
fsd50k_glass_breaking_2ba56e3e,glass_breaking,data/banks/foreground/glass_breaking/fsd50k_glass_breaking_2ba56e3e.wav,1.059,0.995,0.064,0.0,-24.63,0.332,
fsd50k_glass_breaking_2e1c2428,glass_breaking,data/banks/foreground/glass_breaking/fsd50k_glass_breaking_2e1c2428.wav,0.606,0.512,0.0,0.094,-24.4,0.6675,
fsd50k_glass_breaking_2e38efa1,glass_breaking,data/banks/foreground/glass_breaking/fsd50k_glass_breaking_2e38efa1.wav,0.8391,0.832,0.0,0.0071,-31.12,0.3873,
fsd50k_glass_breaking_2e9985c0,glass_breaking,data/banks/foreground/glass_breaking/fsd50k_glass_breaking_2e9985c0.wav,1.16,1.16,0.0,0.0,-35.84,0.6147,
fsd50k_glass_breaking_2ee0e277,glass_breaking,data/banks/foreground/glass_breaking/fsd50k_glass_breaking_2ee0e277.wav,0.7957,0.736,0.0,0.0597,-24.9,0.4715,
fsd50k_glass_breaking_2f10a03a,glass_breaking,data/banks/foreground/glass_breaking/fsd50k_glass_breaking_2f10a03a.wav,0.4557,0.32,0.0,0.1358,-24.93,0.6539,
fsd50k_glass_breaking_2fd53723,glass_breaking,data/banks/foreground/glass_breaking/fsd50k_glass_breaking_2fd53723.wav,1.057,1.057,0.0,0.0,-25.75,0.2606,
fsd50k_glass_breaking_30849bcb,glass_breaking,data/banks/foreground/glass_breaking/fsd50k_glass_breaking_30849bcb.wav,1.479,1.415,0.064,0.0,-26.72,0.7773,
fsd50k_glass_breaking_30b3d60c,glass_breaking,data/banks/foreground/glass_breaking/fsd50k_glass_breaking_30b3d60c.wav,0.74,0.74,0.0,0.0,-24.11,0.5536,
fsd50k_glass_breaking_30c6bbe6,glass_breaking,data/banks/foreground/glass_breaking/fsd50k_glass_breaking_30c6bbe6.wav,1.798,1.12,0.576,0.102,-30.48,0.8613,
fsd50k_glass_breaking_312186e4,glass_breaking,data/banks/foreground/glass_breaking/fsd50k_glass_breaking_312186e4.wav,1.378,0.866,0.512,0.0,-25.07,0.3357,
fsd50k_glass_breaking_3369b5e2,glass_breaking,data/banks/foreground/glass_breaking/fsd50k_glass_breaking_3369b5e2.wav,1.479,0.608,0.576,0.295,-27.63,0.8912,
fsd50k_glass_breaking_341a6dbf,glass_breaking,data/banks/foreground/glass_breaking/fsd50k_glass_breaking_341a6dbf.wav,1.378,1.378,0.0,0.0,-24.96,0.4645,
fsd50k_glass_breaking_355e7802,glass_breaking,data/banks/foreground/glass_breaking/fsd50k_glass_breaking_355e7802.wav,1.055,0.991,0.064,0.0,-25.86,0.5952,
fsd50k_glass_breaking_367ee945,glass_breaking,data/banks/foreground/glass_breaking/fsd50k_glass_breaking_367ee945.wav,2.118,1.536,0.224,0.358,-25.62,0.5476,
fsd50k_glass_breaking_386c18ba,glass_breaking,data/banks/foreground/glass_breaking/fsd50k_glass_breaking_386c18ba.wav,1.058,0.576,0.288,0.194,-23.79,0.802,
fsd50k_glass_breaking_38b39575,glass_breaking,data/banks/foreground/glass_breaking/fsd50k_glass_breaking_38b39575.wav,0.6682,0.6682,0.0,0.0,-25.66,0.8912,
fsd50k_glass_breaking_38e38f9d,glass_breaking,data/banks/foreground/glass_breaking/fsd50k_glass_breaking_38e38f9d.wav,1.48,1.48,0.0,0.0,-23.65,0.3624,
fsd50k_glass_breaking_39f96c9f,glass_breaking,data/banks/foreground/glass_breaking/fsd50k_glass_breaking_39f96c9f.wav,1.4789,1.4789,0.0,0.0,-41.17,0.0685,
fsd50k_glass_breaking_3a35f7ba,glass_breaking,data/banks/foreground/glass_breaking/fsd50k_glass_breaking_3a35f7ba.wav,0.732,0.608,0.0,0.124,-22.55,0.5428,
fsd50k_glass_breaking_3b6befc5,glass_breaking,data/banks/foreground/glass_breaking/fsd50k_glass_breaking_3b6befc5.wav,1.159,0.999,0.16,0.0,-24.54,0.5675,
fsd50k_glass_breaking_3d7efb0e,glass_breaking,data/banks/foreground/glass_breaking/fsd50k_glass_breaking_3d7efb0e.wav,0.734,0.478,0.256,0.0,-25.12,0.304,
fsd50k_glass_breaking_3dd286a9,glass_breaking,data/banks/foreground/glass_breaking/fsd50k_glass_breaking_3dd286a9.wav,1.376,1.376,0.0,0.0,-23.8,0.8912,
fsd50k_glass_breaking_3e5c40c3,glass_breaking,data/banks/foreground/glass_breaking/fsd50k_glass_breaking_3e5c40c3.wav,1.4759,1.4759,0.0,0.0,-34.62,0.8912,
fsd50k_glass_breaking_3f4a7f6d,glass_breaking,data/banks/foreground/glass_breaking/fsd50k_glass_breaking_3f4a7f6d.wav,1.1601,1.152,0.0,0.0081,-24.35,0.8652,
fsd50k_glass_breaking_41803d4f,glass_breaking,data/banks/foreground/glass_breaking/fsd50k_glass_breaking_41803d4f.wav,1.057,0.96,0.0,0.097,-22.72,0.8477,
fsd50k_glass_breaking_41931382,glass_breaking,data/banks/foreground/glass_breaking/fsd50k_glass_breaking_41931382.wav,1.057,1.024,0.0,0.033,-23.79,0.8913,
fsd50k_glass_breaking_41ac7cf2,glass_breaking,data/banks/foreground/glass_breaking/fsd50k_glass_breaking_41ac7cf2.wav,1.058,0.77,0.288,0.0,-23.21,0.2561,
fsd50k_glass_breaking_440c6ce1,glass_breaking,data/banks/foreground/glass_breaking/fsd50k_glass_breaking_440c6ce1.wav,0.6451,0.48,0.0,0.1651,-24.52,0.6818,
fsd50k_glass_breaking_44e6f99e,glass_breaking,data/banks/foreground/glass_breaking/fsd50k_glass_breaking_44e6f99e.wav,0.8598,0.8598,0.0,0.0,-31.49,0.2073,
fsd50k_glass_breaking_45c6f62e,glass_breaking,data/banks/foreground/glass_breaking/fsd50k_glass_breaking_45c6f62e.wav,1.1479,1.088,0.0,0.0599,-25.67,0.7006,
fsd50k_glass_breaking_45f7518f,glass_breaking,data/banks/foreground/glass_breaking/fsd50k_glass_breaking_45f7518f.wav,0.8376,0.832,0.0,0.0056,-33.49,0.1342,
fsd50k_glass_breaking_465c57ba,glass_breaking,data/banks/foreground/glass_breaking/fsd50k_glass_breaking_465c57ba.wav,1.058,1.058,0.0,0.0,-21.49,0.7212,
fsd50k_glass_breaking_46934261,glass_breaking,data/banks/foreground/glass_breaking/fsd50k_glass_breaking_46934261.wav,2.117,2.117,0.0,0.0,-25.8,0.3504,
fsd50k_glass_breaking_474a38a6,glass_breaking,data/banks/foreground/glass_breaking/fsd50k_glass_breaking_474a38a6.wav,1.158,0.992,0.032,0.134,-26.34,0.3558,
fsd50k_glass_breaking_477db523,glass_breaking,data/banks/foreground/glass_breaking/fsd50k_glass_breaking_477db523.wav,1.4781,1.4781,0.0,0.0,-30.98,0.2369,
fsd50k_glass_breaking_48b57444,glass_breaking,data/banks/foreground/glass_breaking/fsd50k_glass_breaking_48b57444.wav,0.6901,0.64,0.0,0.0501,-49.77,0.029,
fsd50k_glass_breaking_49808ae5,glass_breaking,data/banks/foreground/glass_breaking/fsd50k_glass_breaking_49808ae5.wav,1.476,1.476,0.0,0.0,-32.01,0.8002,
fsd50k_glass_breaking_49cf00e5,glass_breaking,data/banks/foreground/glass_breaking/fsd50k_glass_breaking_49cf00e5.wav,1.479,0.768,0.416,0.295,-33.59,0.6564,
fsd50k_glass_breaking_4a106219,glass_breaking,data/banks/foreground/glass_breaking/fsd50k_glass_breaking_4a106219.wav,1.379,1.184,0.16,0.035,-26.85,0.6969,
fsd50k_glass_breaking_4b608566,glass_breaking,data/banks/foreground/glass_breaking/fsd50k_glass_breaking_4b608566.wav,0.739,0.675,0.064,0.0,-26.33,0.6401,
fsd50k_glass_breaking_4bfc9c83,glass_breaking,data/banks/foreground/glass_breaking/fsd50k_glass_breaking_4bfc9c83.wav,0.732,0.576,0.0,0.156,-23.84,0.6184,
fsd50k_glass_breaking_4d0953cf,glass_breaking,data/banks/foreground/glass_breaking/fsd50k_glass_breaking_4d0953cf.wav,1.058,0.994,0.064,0.0,-25.83,0.5721,
fsd50k_glass_breaking_4dc0e24f,glass_breaking,data/banks/foreground/glass_breaking/fsd50k_glass_breaking_4dc0e24f.wav,1.1589,1.1589,0.0,0.0,-30.93,0.8912,
fsd50k_glass_breaking_4e28b25b,glass_breaking,data/banks/foreground/glass_breaking/fsd50k_glass_breaking_4e28b25b.wav,1.478,0.896,0.48,0.102,-26.24,0.8098,
fsd50k_glass_breaking_4f6c6525,glass_breaking,data/banks/foreground/glass_breaking/fsd50k_glass_breaking_4f6c6525.wav,1.561,1.536,0.0,0.025,-25.8,0.344,
fsd50k_glass_breaking_4fa400d1,glass_breaking,data/banks/foreground/glass_breaking/fsd50k_glass_breaking_4fa400d1.wav,1.16,0.928,0.224,0.008,-40.36,0.1615,
fsd50k_glass_breaking_515eff81,glass_breaking,data/banks/foreground/glass_breaking/fsd50k_glass_breaking_515eff81.wav,1.4791,1.4791,0.0,0.0,-28.64,0.8912,
fsd50k_glass_breaking_519339be,glass_breaking,data/banks/foreground/glass_breaking/fsd50k_glass_breaking_519339be.wav,1.378,0.994,0.384,0.0,-29.51,0.8912,
fsd50k_glass_breaking_52354f21,glass_breaking,data/banks/foreground/glass_breaking/fsd50k_glass_breaking_52354f21.wav,0.4239,0.4239,0.0,0.0,-26.31,0.2979,
fsd50k_glass_breaking_5243659c,glass_breaking,data/banks/foreground/glass_breaking/fsd50k_glass_breaking_5243659c.wav,1.1667,0.864,0.096,0.2067,-24.77,0.6609,
fsd50k_glass_breaking_53a93f41,glass_breaking,data/banks/foreground/glass_breaking/fsd50k_glass_breaking_53a93f41.wav,1.008,0.672,0.096,0.24,-27.55,0.662,
fsd50k_glass_breaking_579a79a1,glass_breaking,data/banks/foreground/glass_breaking/fsd50k_glass_breaking_579a79a1.wav,1.378,1.378,0.0,0.0,-22.86,0.8223,
fsd50k_glass_breaking_57effb69,glass_breaking,data/banks/foreground/glass_breaking/fsd50k_glass_breaking_57effb69.wav,1.7979,1.7979,0.0,0.0,-34.07,0.6548,
fsd50k_glass_breaking_58c4180d,glass_breaking,data/banks/foreground/glass_breaking/fsd50k_glass_breaking_58c4180d.wav,0.737,0.512,0.128,0.097,-24.49,0.4335,
fsd50k_glass_breaking_5b2af414,glass_breaking,data/banks/foreground/glass_breaking/fsd50k_glass_breaking_5b2af414.wav,1.48,1.472,0.0,0.008,-28.34,0.439,
fsd50k_glass_breaking_5b9408d7,glass_breaking,data/banks/foreground/glass_breaking/fsd50k_glass_breaking_5b9408d7.wav,0.611,0.352,0.0,0.259,-32.58,0.8913,
fsd50k_glass_breaking_5c0a39c7,glass_breaking,data/banks/foreground/glass_breaking/fsd50k_glass_breaking_5c0a39c7.wav,1.059,1.059,0.0,0.0,-22.38,0.4518,
fsd50k_glass_breaking_5c825d3c,glass_breaking,data/banks/foreground/glass_breaking/fsd50k_glass_breaking_5c825d3c.wav,1.4801,1.4801,0.0,0.0,-29.01,0.8913,
fsd50k_glass_breaking_5d1324f0,glass_breaking,data/banks/foreground/glass_breaking/fsd50k_glass_breaking_5d1324f0.wav,1.1027,0.896,0.0,0.2067,-23.89,0.4873,
fsd50k_glass_breaking_5d746713,glass_breaking,data/banks/foreground/glass_breaking/fsd50k_glass_breaking_5d746713.wav,1.059,1.059,0.0,0.0,-35.18,0.5664,
fsd50k_glass_breaking_5db8600e,glass_breaking,data/banks/foreground/glass_breaking/fsd50k_glass_breaking_5db8600e.wav,1.4771,1.4771,0.0,0.0,-26.77,0.7448,
fsd50k_glass_breaking_61464e63,glass_breaking,data/banks/foreground/glass_breaking/fsd50k_glass_breaking_61464e63.wav,1.058,1.058,0.0,0.0,-19.14,0.644,
fsd50k_glass_breaking_61941be0,glass_breaking,data/banks/foreground/glass_breaking/fsd50k_glass_breaking_61941be0.wav,1.055,0.288,0.256,0.511,-26.92,0.8912,
fsd50k_glass_breaking_6195c573,glass_breaking,data/banks/foreground/glass_breaking/fsd50k_glass_breaking_6195c573.wav,0.5873,0.5873,0.0,0.0,-25.38,0.2661,
fsd50k_glass_breaking_62079d22,glass_breaking,data/banks/foreground/glass_breaking/fsd50k_glass_breaking_62079d22.wav,1.4799,0.608,0.576,0.2959,-21.87,0.6029,
fsd50k_glass_breaking_632d9dec,glass_breaking,data/banks/foreground/glass_breaking/fsd50k_glass_breaking_632d9dec.wav,1.376,1.376,0.0,0.0,-23.5,0.5941,
fsd50k_glass_breaking_63e17c26,glass_breaking,data/banks/foreground/glass_breaking/fsd50k_glass_breaking_63e17c26.wav,1.4789,1.312,0.0,0.1669,-31.69,0.7031,
fsd50k_glass_breaking_656f75a2,glass_breaking,data/banks/foreground/glass_breaking/fsd50k_glass_breaking_656f75a2.wav,0.5886,0.576,0.0,0.0126,-25.67,0.3548,
fsd50k_glass_breaking_66822934,glass_breaking,data/banks/foreground/glass_breaking/fsd50k_glass_breaking_66822934.wav,0.74,0.64,0.0,0.1,-28.27,0.8912,
fsd50k_glass_breaking_679137f8,glass_breaking,data/banks/foreground/glass_breaking/fsd50k_glass_breaking_679137f8.wav,1.156,0.672,0.416,0.068,-26.5,0.3745,
fsd50k_glass_breaking_687581e0,glass_breaking,data/banks/foreground/glass_breaking/fsd50k_glass_breaking_687581e0.wav,0.3619,0.32,0.0,0.0419,-24.58,0.704,
fsd50k_glass_breaking_68b11879,glass_breaking,data/banks/foreground/glass_breaking/fsd50k_glass_breaking_68b11879.wav,1.1947,0.704,0.0,0.4907,-32.36,0.8913,
fsd50k_glass_breaking_68fd1ca0,glass_breaking,data/banks/foreground/glass_breaking/fsd50k_glass_breaking_68fd1ca0.wav,1.056,0.96,0.096,0.0,-24.56,0.4042,
fsd50k_glass_breaking_691277ea,glass_breaking,data/banks/foreground/glass_breaking/fsd50k_glass_breaking_691277ea.wav,3.079,3.079,0.0,0.0,-38.27,0.0706,
fsd50k_glass_breaking_693cd96d,glass_breaking,data/banks/foreground/glass_breaking/fsd50k_glass_breaking_693cd96d.wav,0.9628,0.896,0.0,0.0668,-24.58,0.6795,
fsd50k_glass_breaking_6c1ffa0c,glass_breaking,data/banks/foreground/glass_breaking/fsd50k_glass_breaking_6c1ffa0c.wav,1.059,1.059,0.0,0.0,-21.04,0.3697,
fsd50k_glass_breaking_6d5c7c6d,glass_breaking,data/banks/foreground/glass_breaking/fsd50k_glass_breaking_6d5c7c6d.wav,1.697,1.697,0.0,0.0,-25.98,0.3132,
fsd50k_glass_breaking_6f54e4a9,glass_breaking,data/banks/foreground/glass_breaking/fsd50k_glass_breaking_6f54e4a9.wav,1.057,0.864,0.0,0.193,-24.1,0.8912,
fsd50k_glass_breaking_6fc2b06c,glass_breaking,data/banks/foreground/glass_breaking/fsd50k_glass_breaking_6fc2b06c.wav,1.48,1.088,0.32,0.072,-26.93,0.549,
fsd50k_glass_breaking_705203f2,glass_breaking,data/banks/foreground/glass_breaking/fsd50k_glass_breaking_705203f2.wav,1.06,1.06,0.0,0.0,-21.93,0.757,
fsd50k_glass_breaking_7149bc90,glass_breaking,data/banks/foreground/glass_breaking/fsd50k_glass_breaking_7149bc90.wav,0.9193,0.9193,0.0,0.0,-23.59,0.8912,
fsd50k_glass_breaking_724552ce,glass_breaking,data/banks/foreground/glass_breaking/fsd50k_glass_breaking_724552ce.wav,5.957,5.957,0.0,0.0,-28.14,0.2395,
fsd50k_glass_breaking_7417a7e8,glass_breaking,data/banks/foreground/glass_breaking/fsd50k_glass_breaking_7417a7e8.wav,1.479,1.479,0.0,0.0,-37.14,0.0569,
fsd50k_glass_breaking_7426c80b,glass_breaking,data/banks/foreground/glass_breaking/fsd50k_glass_breaking_7426c80b.wav,1.1076,0.896,0.064,0.1476,-24.3,0.53,
fsd50k_glass_breaking_74403558,glass_breaking,data/banks/foreground/glass_breaking/fsd50k_glass_breaking_74403558.wav,1.4629,1.3989,0.064,0.0,-25.44,0.6222,
fsd50k_glass_breaking_7507c93e,glass_breaking,data/banks/foreground/glass_breaking/fsd50k_glass_breaking_7507c93e.wav,1.478,0.704,0.576,0.198,-25.71,0.5028,
fsd50k_glass_breaking_75ec52f0,glass_breaking,data/banks/foreground/glass_breaking/fsd50k_glass_breaking_75ec52f0.wav,1.7991,1.7991,0.0,0.0,-19.59,0.6339,
fsd50k_glass_breaking_777c8aa0,glass_breaking,data/banks/foreground/glass_breaking/fsd50k_glass_breaking_777c8aa0.wav,1.478,1.152,0.256,0.07,-25.87,0.4736,
fsd50k_glass_breaking_77a1ec8b,glass_breaking,data/banks/foreground/glass_breaking/fsd50k_glass_breaking_77a1ec8b.wav,0.4789,0.4789,0.0,0.0,-26.16,0.3376,
fsd50k_glass_breaking_78583439,glass_breaking,data/banks/foreground/glass_breaking/fsd50k_glass_breaking_78583439.wav,2.759,2.631,0.128,0.0,-23.95,0.6222,
fsd50k_glass_breaking_786f0e77,glass_breaking,data/banks/foreground/glass_breaking/fsd50k_glass_breaking_786f0e77.wav,1.06,0.9,0.16,0.0,-22.69,0.8202,
fsd50k_glass_breaking_78f2b553,glass_breaking,data/banks/foreground/glass_breaking/fsd50k_glass_breaking_78f2b553.wav,1.479,1.159,0.32,0.0,-32.61,0.8912,
fsd50k_glass_breaking_79fa04c4,glass_breaking,data/banks/foreground/glass_breaking/fsd50k_glass_breaking_79fa04c4.wav,1.06,0.864,0.032,0.164,-30.75,0.8913,
fsd50k_glass_breaking_7a58a983,glass_breaking,data/banks/foreground/glass_breaking/fsd50k_glass_breaking_7a58a983.wav,0.737,0.737,0.0,0.0,-23.37,0.5036,
fsd50k_glass_breaking_7a823391,glass_breaking,data/banks/foreground/glass_breaking/fsd50k_glass_breaking_7a823391.wav,0.839,0.839,0.0,0.0,-28.87,0.8649,
fsd50k_glass_breaking_7aa35ed2,glass_breaking,data/banks/foreground/glass_breaking/fsd50k_glass_breaking_7aa35ed2.wav,1.798,1.344,0.224,0.23,-26.07,0.7893,
fsd50k_glass_breaking_7cd53752,glass_breaking,data/banks/foreground/glass_breaking/fsd50k_glass_breaking_7cd53752.wav,1.7979,1.7979,0.0,0.0,-26.84,0.5202,
fsd50k_glass_breaking_7ddcca95,glass_breaking,data/banks/foreground/glass_breaking/fsd50k_glass_breaking_7ddcca95.wav,1.16,1.16,0.0,0.0,-30.71,0.8913,
fsd50k_glass_breaking_7e7796d8,glass_breaking,data/banks/foreground/glass_breaking/fsd50k_glass_breaking_7e7796d8.wav,2.016,2.016,0.0,0.0,-25.87,0.6288,
fsd50k_glass_breaking_7ea5d228,glass_breaking,data/banks/foreground/glass_breaking/fsd50k_glass_breaking_7ea5d228.wav,1.057,0.96,0.096,0.001,-27.29,0.2815,
fsd50k_glass_breaking_7f418359,glass_breaking,data/banks/foreground/glass_breaking/fsd50k_glass_breaking_7f418359.wav,0.519,0.519,0.0,0.0,-37.15,0.2904,
fsd50k_glass_breaking_7fa083ea,glass_breaking,data/banks/foreground/glass_breaking/fsd50k_glass_breaking_7fa083ea.wav,1.699,1.28,0.288,0.131,-27.58,0.8912,
fsd50k_glass_breaking_816df303,glass_breaking,data/banks/foreground/glass_breaking/fsd50k_glass_breaking_816df303.wav,1.5347,0.992,0.192,0.3507,-26.77,0.285,
fsd50k_glass_breaking_81cb0a86,glass_breaking,data/banks/foreground/glass_breaking/fsd50k_glass_breaking_81cb0a86.wav,1.057,1.057,0.0,0.0,-24.21,0.5975,
fsd50k_glass_breaking_81d27b89,glass_breaking,data/banks/foreground/glass_breaking/fsd50k_glass_breaking_81d27b89.wav,1.376,1.248,0.128,0.0,-26.3,0.8913,
fsd50k_glass_breaking_82621d84,glass_breaking,data/banks/foreground/glass_breaking/fsd50k_glass_breaking_82621d84.wav,1.2077,0.704,0.352,0.1517,-22.47,0.4872,
fsd50k_glass_breaking_82e79c1a,glass_breaking,data/banks/foreground/glass_breaking/fsd50k_glass_breaking_82e79c1a.wav,0.3997,0.3997,0.0,0.0,-25.33,0.3997,
fsd50k_glass_breaking_82ebf851,glass_breaking,data/banks/foreground/glass_breaking/fsd50k_glass_breaking_82ebf851.wav,1.38,1.284,0.096,0.0,-21.94,0.8763,
fsd50k_glass_breaking_82f9beb7,glass_breaking,data/banks/foreground/glass_breaking/fsd50k_glass_breaking_82f9beb7.wav,1.479,0.864,0.48,0.135,-30.79,0.8913,
fsd50k_glass_breaking_830be8b8,glass_breaking,data/banks/foreground/glass_breaking/fsd50k_glass_breaking_830be8b8.wav,1.059,1.059,0.0,0.0,-23.4,0.783,
fsd50k_glass_breaking_84a6d3b1,glass_breaking,data/banks/foreground/glass_breaking/fsd50k_glass_breaking_84a6d3b1.wav,1.1233,0.992,0.032,0.0993,-23.71,0.5064,
fsd50k_glass_breaking_8820c311,glass_breaking,data/banks/foreground/glass_breaking/fsd50k_glass_breaking_8820c311.wav,0.3396,0.3396,0.0,0.0,-26.66,0.6608,
fsd50k_glass_breaking_883c1701,glass_breaking,data/banks/foreground/glass_breaking/fsd50k_glass_breaking_883c1701.wav,0.733,0.733,0.0,0.0,-25.27,0.7224,
fsd50k_glass_breaking_8b523c63,glass_breaking,data/banks/foreground/glass_breaking/fsd50k_glass_breaking_8b523c63.wav,0.8098,0.704,0.064,0.0418,-26.05,0.7041,
fsd50k_glass_breaking_8c0016e4,glass_breaking,data/banks/foreground/glass_breaking/fsd50k_glass_breaking_8c0016e4.wav,1.378,1.378,0.0,0.0,-23.46,0.2649,
fsd50k_glass_breaking_8c470911,glass_breaking,data/banks/foreground/glass_breaking/fsd50k_glass_breaking_8c470911.wav,1.4779,1.4779,0.0,0.0,-33.81,0.8913,
fsd50k_glass_breaking_8d494935,glass_breaking,data/banks/foreground/glass_breaking/fsd50k_glass_breaking_8d494935.wav,1.0613,0.832,0.0,0.2293,-31.47,0.8912,
fsd50k_glass_breaking_8d552fc1,glass_breaking,data/banks/foreground/glass_breaking/fsd50k_glass_breaking_8d552fc1.wav,1.796,1.796,0.0,0.0,-27.38,0.8912,
fsd50k_glass_breaking_8d98e597,glass_breaking,data/banks/foreground/glass_breaking/fsd50k_glass_breaking_8d98e597.wav,0.8598,0.8598,0.0,0.0,-31.49,0.2073,
fsd50k_glass_breaking_8ef7bb91,glass_breaking,data/banks/foreground/glass_breaking/fsd50k_glass_breaking_8ef7bb91.wav,0.5927,0.5927,0.0,0.0,-24.94,0.5312,
fsd50k_glass_breaking_8f88939e,glass_breaking,data/banks/foreground/glass_breaking/fsd50k_glass_breaking_8f88939e.wav,0.5191,0.5191,0.0,0.0,-49.11,0.0276,
fsd50k_glass_breaking_8f989119,glass_breaking,data/banks/foreground/glass_breaking/fsd50k_glass_breaking_8f989119.wav,2.019,2.019,0.0,0.0,-22.16,0.4887,
fsd50k_glass_breaking_8fb847df,glass_breaking,data/banks/foreground/glass_breaking/fsd50k_glass_breaking_8fb847df.wav,0.735,0.735,0.0,0.0,-24.83,0.8912,
fsd50k_glass_breaking_8fbe097a,glass_breaking,data/banks/foreground/glass_breaking/fsd50k_glass_breaking_8fbe097a.wav,1.796,1.796,0.0,0.0,-26.2,0.3839,
fsd50k_glass_breaking_905249a0,glass_breaking,data/banks/foreground/glass_breaking/fsd50k_glass_breaking_905249a0.wav,0.737,0.737,0.0,0.0,-22.76,0.8847,
fsd50k_glass_breaking_9118f5df,glass_breaking,data/banks/foreground/glass_breaking/fsd50k_glass_breaking_9118f5df.wav,1.476,1.476,0.0,0.0,-30.74,0.8913,
fsd50k_glass_breaking_923385d5,glass_breaking,data/banks/foreground/glass_breaking/fsd50k_glass_breaking_923385d5.wav,1.0,0.64,0.096,0.264,-26.53,0.3694,
fsd50k_glass_breaking_94271727,glass_breaking,data/banks/foreground/glass_breaking/fsd50k_glass_breaking_94271727.wav,1.4801,1.4801,0.0,0.0,-23.13,0.2019,
fsd50k_glass_breaking_9795773f,glass_breaking,data/banks/foreground/glass_breaking/fsd50k_glass_breaking_9795773f.wav,1.479,1.479,0.0,0.0,-30.16,0.4369,
fsd50k_glass_breaking_97f0b2d9,glass_breaking,data/banks/foreground/glass_breaking/fsd50k_glass_breaking_97f0b2d9.wav,1.376,1.376,0.0,0.0,-22.29,0.8649,
fsd50k_glass_breaking_981e4e66,glass_breaking,data/banks/foreground/glass_breaking/fsd50k_glass_breaking_981e4e66.wav,1.159,1.159,0.0,0.0,-23.6,0.5978,
fsd50k_glass_breaking_986e4bdc,glass_breaking,data/banks/foreground/glass_breaking/fsd50k_glass_breaking_986e4bdc.wav,1.159,0.768,0.288,0.103,-31.07,0.8912,
fsd50k_glass_breaking_98db263c,glass_breaking,data/banks/foreground/glass_breaking/fsd50k_glass_breaking_98db263c.wav,0.6475,0.256,0.0,0.3915,-30.47,0.8913,
fsd50k_glass_breaking_992e3d23,glass_breaking,data/banks/foreground/glass_breaking/fsd50k_glass_breaking_992e3d23.wav,1.156,1.156,0.0,0.0,-25.46,0.6465,
fsd50k_glass_breaking_99ab1989,glass_breaking,data/banks/foreground/glass_breaking/fsd50k_glass_breaking_99ab1989.wav,0.6769,0.576,0.0,0.1009,-24.48,0.7349,
fsd50k_glass_breaking_99cc9bd8,glass_breaking,data/banks/foreground/glass_breaking/fsd50k_glass_breaking_99cc9bd8.wav,0.8287,0.8287,0.0,0.0,-23.59,0.856,
fsd50k_glass_breaking_9ba866f6,glass_breaking,data/banks/foreground/glass_breaking/fsd50k_glass_breaking_9ba866f6.wav,3.077,2.917,0.16,0.0,-27.45,0.8912,
fsd50k_glass_breaking_9e330f1e,glass_breaking,data/banks/foreground/glass_breaking/fsd50k_glass_breaking_9e330f1e.wav,1.7971,1.7971,0.0,0.0,-26.03,0.2589,
fsd50k_glass_breaking_9e70cad3,glass_breaking,data/banks/foreground/glass_breaking/fsd50k_glass_breaking_9e70cad3.wav,0.4761,0.416,0.0,0.0601,-24.69,0.4402,
fsd50k_glass_breaking_9eb3f2eb,glass_breaking,data/banks/foreground/glass_breaking/fsd50k_glass_breaking_9eb3f2eb.wav,1.0857,0.704,0.0,0.3817,-26.42,0.6959,
fsd50k_glass_breaking_9ebdc3d3,glass_breaking,data/banks/foreground/glass_breaking/fsd50k_glass_breaking_9ebdc3d3.wav,0.793,0.64,0.096,0.057,-28.16,0.8913,
fsd50k_glass_breaking_9f19f489,glass_breaking,data/banks/foreground/glass_breaking/fsd50k_glass_breaking_9f19f489.wav,1.058,1.058,0.0,0.0,-21.26,0.8912,
fsd50k_glass_breaking_9f606e48,glass_breaking,data/banks/foreground/glass_breaking/fsd50k_glass_breaking_9f606e48.wav,0.4737,0.4737,0.0,0.0,-25.1,0.6643,
fsd50k_glass_breaking_a1090c31,glass_breaking,data/banks/foreground/glass_breaking/fsd50k_glass_breaking_a1090c31.wav,1.1599,1.1599,0.0,0.0,-37.91,0.3067,
fsd50k_glass_breaking_a1371bc4,glass_breaking,data/banks/foreground/glass_breaking/fsd50k_glass_breaking_a1371bc4.wav,1.4771,1.4771,0.0,0.0,-31.16,0.8913,
fsd50k_glass_breaking_a19d9ef9,glass_breaking,data/banks/foreground/glass_breaking/fsd50k_glass_breaking_a19d9ef9.wav,1.059,1.059,0.0,0.0,-23.98,0.8913,
fsd50k_glass_breaking_a1c17905,glass_breaking,data/banks/foreground/glass_breaking/fsd50k_glass_breaking_a1c17905.wav,1.054,0.448,0.0,0.606,-32.57,0.8913,
fsd50k_glass_breaking_a7ef01c6,glass_breaking,data/banks/foreground/glass_breaking/fsd50k_glass_breaking_a7ef01c6.wav,1.16,1.096,0.064,0.0,-24.8,0.4969,
fsd50k_glass_breaking_a9f79313,glass_breaking,data/banks/foreground/glass_breaking/fsd50k_glass_breaking_a9f79313.wav,1.48,0.928,0.544,0.008,-26.47,0.6026,
fsd50k_glass_breaking_aa0f6be1,glass_breaking,data/banks/foreground/glass_breaking/fsd50k_glass_breaking_aa0f6be1.wav,0.736,0.256,0.0,0.48,-27.45,0.8912,
fsd50k_glass_breaking_aa9e7840,glass_breaking,data/banks/foreground/glass_breaking/fsd50k_glass_breaking_aa9e7840.wav,2.3379,2.3379,0.0,0.0,-22.92,0.8913,
fsd50k_glass_breaking_ab600b92,glass_breaking,data/banks/foreground/glass_breaking/fsd50k_glass_breaking_ab600b92.wav,1.2012,1.2012,0.0,0.0,-24.33,0.3274,
fsd50k_glass_breaking_ad919cef,glass_breaking,data/banks/foreground/glass_breaking/fsd50k_glass_breaking_ad919cef.wav,1.055,0.672,0.16,0.223,-25.61,0.3231,
fsd50k_glass_breaking_ae71af79,glass_breaking,data/banks/foreground/glass_breaking/fsd50k_glass_breaking_ae71af79.wav,1.058,1.058,0.0,0.0,-28.11,0.8912,
fsd50k_glass_breaking_b295928e,glass_breaking,data/banks/foreground/glass_breaking/fsd50k_glass_breaking_b295928e.wav,0.736,0.608,0.0,0.128,-26.12,0.8913,
fsd50k_glass_breaking_b2f39c91,glass_breaking,data/banks/foreground/glass_breaking/fsd50k_glass_breaking_b2f39c91.wav,0.4116,0.4116,0.0,0.0,-26.25,0.3199,
fsd50k_glass_breaking_b2fce049,glass_breaking,data/banks/foreground/glass_breaking/fsd50k_glass_breaking_b2fce049.wav,0.735,0.735,0.0,0.0,-22.22,0.7997,
fsd50k_glass_breaking_b3e081ab,glass_breaking,data/banks/foreground/glass_breaking/fsd50k_glass_breaking_b3e081ab.wav,1.158,1.158,0.0,0.0,-30.65,0.3153,
fsd50k_glass_breaking_b3f1e29f,glass_breaking,data/banks/foreground/glass_breaking/fsd50k_glass_breaking_b3f1e29f.wav,1.159,0.839,0.32,0.0,-34.62,0.8913,
fsd50k_glass_breaking_b3fe7c89,glass_breaking,data/banks/foreground/glass_breaking/fsd50k_glass_breaking_b3fe7c89.wav,1.059,1.027,0.032,0.0,-25.09,0.5418,
fsd50k_glass_breaking_b4556695,glass_breaking,data/banks/foreground/glass_breaking/fsd50k_glass_breaking_b4556695.wav,0.734,0.672,0.0,0.062,-28.9,0.8912,
fsd50k_glass_breaking_b67a6864,glass_breaking,data/banks/foreground/glass_breaking/fsd50k_glass_breaking_b67a6864.wav,0.737,0.48,0.0,0.257,-32.98,0.8912,
fsd50k_glass_breaking_b6fdc547,glass_breaking,data/banks/foreground/glass_breaking/fsd50k_glass_breaking_b6fdc547.wav,0.8374,0.8,0.0,0.0374,-24.25,0.751,
fsd50k_glass_breaking_b8b2303c,glass_breaking,data/banks/foreground/glass_breaking/fsd50k_glass_breaking_b8b2303c.wav,0.6239,0.6239,0.0,0.0,-24.7,0.5726,
fsd50k_glass_breaking_b900bc1f,glass_breaking,data/banks/foreground/glass_breaking/fsd50k_glass_breaking_b900bc1f.wav,1.378,1.282,0.096,0.0,-27.25,0.4716,
fsd50k_glass_breaking_b96b1711,glass_breaking,data/banks/foreground/glass_breaking/fsd50k_glass_breaking_b96b1711.wav,0.4078,0.4078,0.0,0.0,-25.84,0.4312,
fsd50k_glass_breaking_ba3b391a,glass_breaking,data/banks/foreground/glass_breaking/fsd50k_glass_breaking_ba3b391a.wav,1.16,0.896,0.192,0.072,-25.83,0.6062,
fsd50k_glass_breaking_ba52a822,glass_breaking,data/banks/foreground/glass_breaking/fsd50k_glass_breaking_ba52a822.wav,1.5151,1.312,0.064,0.1391,-25.59,0.4136,
fsd50k_glass_breaking_ba99bc78,glass_breaking,data/banks/foreground/glass_breaking/fsd50k_glass_breaking_ba99bc78.wav,1.378,1.378,0.0,0.0,-22.29,0.8195,
fsd50k_glass_breaking_bf126e85,glass_breaking,data/banks/foreground/glass_breaking/fsd50k_glass_breaking_bf126e85.wav,1.26,1.26,0.0,0.0,-27.88,0.8913,
fsd50k_glass_breaking_c08ea42d,glass_breaking,data/banks/foreground/glass_breaking/fsd50k_glass_breaking_c08ea42d.wav,1.058,0.992,0.0,0.066,-25.98,0.8912,
fsd50k_glass_breaking_c0f9dbaa,glass_breaking,data/banks/foreground/glass_breaking/fsd50k_glass_breaking_c0f9dbaa.wav,0.5031,0.352,0.0,0.1511,-30.39,0.8912,
fsd50k_glass_breaking_c1ea5490,glass_breaking,data/banks/foreground/glass_breaking/fsd50k_glass_breaking_c1ea5490.wav,0.731,0.512,0.0,0.219,-24.46,0.7258,
fsd50k_glass_breaking_c2db8bfd,glass_breaking,data/banks/foreground/glass_breaking/fsd50k_glass_breaking_c2db8bfd.wav,1.06,1.06,0.0,0.0,-22.46,0.8571,
fsd50k_glass_breaking_c4926a80,glass_breaking,data/banks/foreground/glass_breaking/fsd50k_glass_breaking_c4926a80.wav,1.4799,1.152,0.32,0.0079,-31.68,0.8913,
fsd50k_glass_breaking_c5dab96d,glass_breaking,data/banks/foreground/glass_breaking/fsd50k_glass_breaking_c5dab96d.wav,1.4769,0.96,0.32,0.1969,-26.16,0.4894,
fsd50k_glass_breaking_c6966286,glass_breaking,data/banks/foreground/glass_breaking/fsd50k_glass_breaking_c6966286.wav,1.478,0.416,0.416,0.646,-21.0,0.8501,
fsd50k_glass_breaking_c69c6280,glass_breaking,data/banks/foreground/glass_breaking/fsd50k_glass_breaking_c69c6280.wav,0.4369,0.4369,0.0,0.0,-26.6,0.4213,
fsd50k_glass_breaking_c6aa9872,glass_breaking,data/banks/foreground/glass_breaking/fsd50k_glass_breaking_c6aa9872.wav,1.1918,1.12,0.0,0.0717,-33.5,0.8913,
fsd50k_glass_breaking_c74533c4,glass_breaking,data/banks/foreground/glass_breaking/fsd50k_glass_breaking_c74533c4.wav,0.731,0.576,0.0,0.155,-23.81,0.6647,
fsd50k_glass_breaking_c912d3aa,glass_breaking,data/banks/foreground/glass_breaking/fsd50k_glass_breaking_c912d3aa.wav,1.38,1.38,0.0,0.0,-25.24,0.3987,
fsd50k_glass_breaking_c9ca6a2e,glass_breaking,data/banks/foreground/glass_breaking/fsd50k_glass_breaking_c9ca6a2e.wav,1.378,1.314,0.064,0.0,-25.24,0.3763,
fsd50k_glass_breaking_cddd9ec1,glass_breaking,data/banks/foreground/glass_breaking/fsd50k_glass_breaking_cddd9ec1.wav,1.375,1.375,0.0,0.0,-24.75,0.5263,
fsd50k_glass_breaking_d028a019,glass_breaking,data/banks/foreground/glass_breaking/fsd50k_glass_breaking_d028a019.wav,1.06,0.772,0.288,0.0,-22.69,0.4959,
fsd50k_glass_breaking_d029f243,glass_breaking,data/banks/foreground/glass_breaking/fsd50k_glass_breaking_d029f243.wav,1.1589,1.0949,0.064,0.0,-35.34,0.548,
fsd50k_glass_breaking_d02aab80,glass_breaking,data/banks/foreground/glass_breaking/fsd50k_glass_breaking_d02aab80.wav,0.8831,0.864,0.0,0.0191,-27.68,0.221,
fsd50k_glass_breaking_d1736eb3,glass_breaking,data/banks/foreground/glass_breaking/fsd50k_glass_breaking_d1736eb3.wav,1.2749,1.2749,0.0,0.0,-30.2,0.8514,
fsd50k_glass_breaking_d4aad51d,glass_breaking,data/banks/foreground/glass_breaking/fsd50k_glass_breaking_d4aad51d.wav,0.7576,0.7576,0.0,0.0,-24.58,0.8531,
fsd50k_glass_breaking_d4c1558a,glass_breaking,data/banks/foreground/glass_breaking/fsd50k_glass_breaking_d4c1558a.wav,1.378,1.376,0.0,0.002,-22.99,0.7584,
fsd50k_glass_breaking_d5ce0a25,glass_breaking,data/banks/foreground/glass_breaking/fsd50k_glass_breaking_d5ce0a25.wav,1.059,1.059,0.0,0.0,-24.28,0.3844,
fsd50k_glass_breaking_d6985599,glass_breaking,data/banks/foreground/glass_breaking/fsd50k_glass_breaking_d6985599.wav,1.3845,1.312,0.064,0.0085,-25.45,0.3613,
fsd50k_glass_breaking_d9332c59,glass_breaking,data/banks/foreground/glass_breaking/fsd50k_glass_breaking_d9332c59.wav,1.1959,0.864,0.0,0.3319,-25.07,0.8912,
fsd50k_glass_breaking_dad2386c,glass_breaking,data/banks/foreground/glass_breaking/fsd50k_glass_breaking_dad2386c.wav,0.738,0.738,0.0,0.0,-21.36,0.8912,
fsd50k_glass_breaking_db272cec,glass_breaking,data/banks/foreground/glass_breaking/fsd50k_glass_breaking_db272cec.wav,1.06,1.06,0.0,0.0,-24.69,0.7683,
fsd50k_glass_breaking_dc9a4d58,glass_breaking,data/banks/foreground/glass_breaking/fsd50k_glass_breaking_dc9a4d58.wav,0.737,0.737,0.0,0.0,-24.55,0.4634,
fsd50k_glass_breaking_de6bb061,glass_breaking,data/banks/foreground/glass_breaking/fsd50k_glass_breaking_de6bb061.wav,1.159,1.159,0.0,0.0,-32.23,0.2018,
fsd50k_glass_breaking_dec89242,glass_breaking,data/banks/foreground/glass_breaking/fsd50k_glass_breaking_dec89242.wav,0.9996,0.768,0.0,0.2316,-27.93,0.8912,
fsd50k_glass_breaking_ded589ca,glass_breaking,data/banks/foreground/glass_breaking/fsd50k_glass_breaking_ded589ca.wav,0.6286,0.48,0.0,0.1486,-25.27,0.5546,
fsd50k_glass_breaking_df851214,glass_breaking,data/banks/foreground/glass_breaking/fsd50k_glass_breaking_df851214.wav,0.4001,0.4001,0.0,0.0,-26.13,0.3349,
fsd50k_glass_breaking_e0ac552c,glass_breaking,data/banks/foreground/glass_breaking/fsd50k_glass_breaking_e0ac552c.wav,1.479,0.992,0.256,0.231,-27.41,0.669,
fsd50k_glass_breaking_e197d4d6,glass_breaking,data/banks/foreground/glass_breaking/fsd50k_glass_breaking_e197d4d6.wav,0.357,0.357,0.0,0.0,-29.15,0.3312,
fsd50k_glass_breaking_e1c0ef43,glass_breaking,data/banks/foreground/glass_breaking/fsd50k_glass_breaking_e1c0ef43.wav,0.733,0.733,0.0,0.0,-24.76,0.6973,
fsd50k_glass_breaking_e20786f6,glass_breaking,data/banks/foreground/glass_breaking/fsd50k_glass_breaking_e20786f6.wav,0.739,0.739,0.0,0.0,-21.32,0.8912,
fsd50k_glass_breaking_e214d2d0,glass_breaking,data/banks/foreground/glass_breaking/fsd50k_glass_breaking_e214d2d0.wav,1.374,1.056,0.256,0.062,-27.62,0.8912,
fsd50k_glass_breaking_e27d8714,glass_breaking,data/banks/foreground/glass_breaking/fsd50k_glass_breaking_e27d8714.wav,1.377,0.928,0.064,0.385,-25.43,0.4014,
fsd50k_glass_breaking_e2910aef,glass_breaking,data/banks/foreground/glass_breaking/fsd50k_glass_breaking_e2910aef.wav,1.476,1.152,0.032,0.292,-26.88,0.4176,
fsd50k_glass_breaking_e4b2079a,glass_breaking,data/banks/foreground/glass_breaking/fsd50k_glass_breaking_e4b2079a.wav,1.478,0.896,0.352,0.23,-26.9,0.87,
fsd50k_glass_breaking_e6106d96,glass_breaking,data/banks/foreground/glass_breaking/fsd50k_glass_breaking_e6106d96.wav,1.054,1.054,0.0,0.0,-24.56,0.8913,
fsd50k_glass_breaking_e6f0babe,glass_breaking,data/banks/foreground/glass_breaking/fsd50k_glass_breaking_e6f0babe.wav,0.4873,0.416,0.0,0.0713,-30.04,0.8912,
fsd50k_glass_breaking_e844f154,glass_breaking,data/banks/foreground/glass_breaking/fsd50k_glass_breaking_e844f154.wav,0.74,0.48,0.256,0.004,-26.94,0.543,
fsd50k_glass_breaking_eab92fe3,glass_breaking,data/banks/foreground/glass_breaking/fsd50k_glass_breaking_eab92fe3.wav,1.1601,0.672,0.128,0.3601,-28.35,0.8913,
fsd50k_glass_breaking_eaf5d0ce,glass_breaking,data/banks/foreground/glass_breaking/fsd50k_glass_breaking_eaf5d0ce.wav,1.1601,1.1601,0.0,0.0,-21.46,0.6555,
fsd50k_glass_breaking_eb3c3704,glass_breaking,data/banks/foreground/glass_breaking/fsd50k_glass_breaking_eb3c3704.wav,1.697,1.697,0.0,0.0,-25.82,0.6857,
fsd50k_glass_breaking_ecc10d14,glass_breaking,data/banks/foreground/glass_breaking/fsd50k_glass_breaking_ecc10d14.wav,1.059,0.931,0.128,0.0,-22.7,0.6273,
fsd50k_glass_breaking_edaf2320,glass_breaking,data/banks/foreground/glass_breaking/fsd50k_glass_breaking_edaf2320.wav,1.033,0.864,0.0,0.169,-23.62,0.8912,
fsd50k_glass_breaking_edc7a556,glass_breaking,data/banks/foreground/glass_breaking/fsd50k_glass_breaking_edc7a556.wav,1.696,1.376,0.256,0.064,-27.22,0.2865,
fsd50k_glass_breaking_ee0b0d1d,glass_breaking,data/banks/foreground/glass_breaking/fsd50k_glass_breaking_ee0b0d1d.wav,2.017,1.857,0.16,0.0,-25.82,0.467,
fsd50k_glass_breaking_f01bc033,glass_breaking,data/banks/foreground/glass_breaking/fsd50k_glass_breaking_f01bc033.wav,1.48,1.48,0.0,0.0,-26.73,0.4014,
fsd50k_glass_breaking_f0dcb87a,glass_breaking,data/banks/foreground/glass_breaking/fsd50k_glass_breaking_f0dcb87a.wav,1.378,1.152,0.064,0.162,-24.6,0.7173,
fsd50k_glass_breaking_f177d009,glass_breaking,data/banks/foreground/glass_breaking/fsd50k_glass_breaking_f177d009.wav,0.7678,0.7678,0.0,0.0,-22.85,0.8728,
fsd50k_glass_breaking_f18c44f2,glass_breaking,data/banks/foreground/glass_breaking/fsd50k_glass_breaking_f18c44f2.wav,1.0451,0.832,0.0,0.2131,-28.91,0.5374,
fsd50k_glass_breaking_f26e3931,glass_breaking,data/banks/foreground/glass_breaking/fsd50k_glass_breaking_f26e3931.wav,1.798,0.96,0.576,0.262,-28.84,0.8912,
fsd50k_glass_breaking_f36fde75,glass_breaking,data/banks/foreground/glass_breaking/fsd50k_glass_breaking_f36fde75.wav,1.059,0.995,0.064,0.0,-23.65,0.4355,
fsd50k_glass_breaking_f3bb5499,glass_breaking,data/banks/foreground/glass_breaking/fsd50k_glass_breaking_f3bb5499.wav,2.336,2.336,0.0,0.0,-25.21,0.3965,
fsd50k_glass_breaking_f4464966,glass_breaking,data/banks/foreground/glass_breaking/fsd50k_glass_breaking_f4464966.wav,1.799,1.607,0.192,0.0,-25.33,0.3749,
fsd50k_glass_breaking_f46a15a2,glass_breaking,data/banks/foreground/glass_breaking/fsd50k_glass_breaking_f46a15a2.wav,1.1601,0.8401,0.32,0.0,-42.96,0.1425,
fsd50k_glass_breaking_f4baad4c,glass_breaking,data/banks/foreground/glass_breaking/fsd50k_glass_breaking_f4baad4c.wav,1.4769,0.96,0.32,0.1969,-25.89,0.4986,
fsd50k_glass_breaking_f57f96e6,glass_breaking,data/banks/foreground/glass_breaking/fsd50k_glass_breaking_f57f96e6.wav,1.38,1.252,0.128,0.0,-26.17,0.3732,
fsd50k_glass_breaking_f658fff8,glass_breaking,data/banks/foreground/glass_breaking/fsd50k_glass_breaking_f658fff8.wav,0.425,0.425,0.0,0.0,-26.41,0.2905,
fsd50k_glass_breaking_f67c46af,glass_breaking,data/banks/foreground/glass_breaking/fsd50k_glass_breaking_f67c46af.wav,1.06,1.024,0.0,0.036,-25.24,0.5768,
fsd50k_glass_breaking_f817df24,glass_breaking,data/banks/foreground/glass_breaking/fsd50k_glass_breaking_f817df24.wav,1.058,0.576,0.288,0.194,-26.37,0.74,
fsd50k_glass_breaking_f83cafb4,glass_breaking,data/banks/foreground/glass_breaking/fsd50k_glass_breaking_f83cafb4.wav,0.74,0.644,0.096,0.0,-23.48,0.5446,
fsd50k_glass_breaking_f876fa63,glass_breaking,data/banks/foreground/glass_breaking/fsd50k_glass_breaking_f876fa63.wav,2.4369,2.4369,0.0,0.0,-22.49,0.3309,
fsd50k_glass_breaking_f92e57d0,glass_breaking,data/banks/foreground/glass_breaking/fsd50k_glass_breaking_f92e57d0.wav,0.4809,0.4809,0.0,0.0,-25.21,0.6959,
fsd50k_glass_breaking_f93c67ad,glass_breaking,data/banks/foreground/glass_breaking/fsd50k_glass_breaking_f93c67ad.wav,2.436,2.436,0.0,0.0,-25.57,0.2993,
fsd50k_glass_breaking_f9c1a594,glass_breaking,data/banks/foreground/glass_breaking/fsd50k_glass_breaking_f9c1a594.wav,1.158,1.158,0.0,0.0,-28.17,0.8913,
fsd50k_glass_breaking_fb142f50,glass_breaking,data/banks/foreground/glass_breaking/fsd50k_glass_breaking_fb142f50.wav,1.06,1.06,0.0,0.0,-26.94,0.8912,
fsd50k_glass_breaking_fb2de83b,glass_breaking,data/banks/foreground/glass_breaking/fsd50k_glass_breaking_fb2de83b.wav,0.4852,0.48,0.0,0.0052,-26.71,0.3524,
fsd50k_glass_breaking_fb8da0a9,glass_breaking,data/banks/foreground/glass_breaking/fsd50k_glass_breaking_fb8da0a9.wav,1.4367,1.216,0.096,0.1247,-26.69,0.5523,
fsd50k_glass_breaking_fd26b936,glass_breaking,data/banks/foreground/glass_breaking/fsd50k_glass_breaking_fd26b936.wav,4.9989,4.8709,0.128,0.0,-29.66,0.7844,
fsd50k_glass_breaking_fd71c9d0,glass_breaking,data/banks/foreground/glass_breaking/fsd50k_glass_breaking_fd71c9d0.wav,0.838,0.838,0.0,0.0,-23.84,0.7444,
fsd50k_gunshot_00473321,gunshot,data/banks/foreground/gunshot/fsd50k_gunshot_00473321.wav,0.738,0.738,0.0,0.0,-20.95,0.5524,
fsd50k_gunshot_00fa9f7a,gunshot,data/banks/foreground/gunshot/fsd50k_gunshot_00fa9f7a.wav,0.737,0.737,0.0,0.0,-20.14,0.7287,
fsd50k_gunshot_02d85695,gunshot,data/banks/foreground/gunshot/fsd50k_gunshot_02d85695.wav,2.4351,2.4351,0.0,0.0,-24.03,0.2993,
fsd50k_gunshot_040a211d,gunshot,data/banks/foreground/gunshot/fsd50k_gunshot_040a211d.wav,0.74,0.74,0.0,0.0,-20.69,0.4753,
fsd50k_gunshot_05462c09,gunshot,data/banks/foreground/gunshot/fsd50k_gunshot_05462c09.wav,1.379,1.315,0.064,0.0,-24.04,0.287,
fsd50k_gunshot_057174a3,gunshot,data/banks/foreground/gunshot/fsd50k_gunshot_057174a3.wav,1.8001,1.8001,0.0,0.0,-24.07,0.8235,
fsd50k_gunshot_06aa1291,gunshot,data/banks/foreground/gunshot/fsd50k_gunshot_06aa1291.wav,0.5094,0.5094,0.0,0.0,-22.51,0.2748,
fsd50k_gunshot_07494ea6,gunshot,data/banks/foreground/gunshot/fsd50k_gunshot_07494ea6.wav,1.057,1.057,0.0,0.0,-22.49,0.3915,
fsd50k_gunshot_08b18e64,gunshot,data/banks/foreground/gunshot/fsd50k_gunshot_08b18e64.wav,0.735,0.735,0.0,0.0,-20.19,0.6699,
fsd50k_gunshot_099f80d8,gunshot,data/banks/foreground/gunshot/fsd50k_gunshot_099f80d8.wav,0.73,0.704,0.0,0.026,-21.67,0.5454,
fsd50k_gunshot_0c6eeca9,gunshot,data/banks/foreground/gunshot/fsd50k_gunshot_0c6eeca9.wav,1.478,0.576,0.384,0.518,-24.15,0.3432,
fsd50k_gunshot_10a72796,gunshot,data/banks/foreground/gunshot/fsd50k_gunshot_10a72796.wav,0.52,0.52,0.0,0.0,-30.16,0.1505,
fsd50k_gunshot_11e13eb2,gunshot,data/banks/foreground/gunshot/fsd50k_gunshot_11e13eb2.wav,1.377,1.313,0.064,0.0,-10.56,0.8913,
fsd50k_gunshot_1530dd4d,gunshot,data/banks/foreground/gunshot/fsd50k_gunshot_1530dd4d.wav,1.698,1.538,0.16,0.0,-27.26,0.8912,
fsd50k_gunshot_1788cd96,gunshot,data/banks/foreground/gunshot/fsd50k_gunshot_1788cd96.wav,1.057,1.024,0.0,0.033,-23.99,0.7927,
fsd50k_gunshot_1bcf4058,gunshot,data/banks/foreground/gunshot/fsd50k_gunshot_1bcf4058.wav,0.3354,0.3354,0.0,0.0,-13.59,0.7685,
fsd50k_gunshot_1c25f0cf,gunshot,data/banks/foreground/gunshot/fsd50k_gunshot_1c25f0cf.wav,0.738,0.738,0.0,0.0,-23.43,0.3971,
fsd50k_gunshot_1c90cbd9,gunshot,data/banks/foreground/gunshot/fsd50k_gunshot_1c90cbd9.wav,1.262,1.184,0.064,0.014,-25.42,0.7229,
fsd50k_gunshot_1d64c020,gunshot,data/banks/foreground/gunshot/fsd50k_gunshot_1d64c020.wav,1.06,0.804,0.256,0.0,-23.18,0.2876,
fsd50k_gunshot_1f092be4,gunshot,data/banks/foreground/gunshot/fsd50k_gunshot_1f092be4.wav,0.5376,0.5376,0.0,0.0,-20.66,0.3906,
fsd50k_gunshot_20aac7be,gunshot,data/banks/foreground/gunshot/fsd50k_gunshot_20aac7be.wav,0.737,0.608,0.0,0.129,-22.37,0.2,
fsd50k_gunshot_21c74b25,gunshot,data/banks/foreground/gunshot/fsd50k_gunshot_21c74b25.wav,3.6159,3.0719,0.544,0.0,-24.7,0.3651,
fsd50k_gunshot_23acaa20,gunshot,data/banks/foreground/gunshot/fsd50k_gunshot_23acaa20.wav,1.158,0.736,0.256,0.166,-24.87,0.3897,
fsd50k_gunshot_245d4e46,gunshot,data/banks/foreground/gunshot/fsd50k_gunshot_245d4e46.wav,1.056,0.672,0.064,0.32,-26.25,0.5632,
fsd50k_gunshot_259ad471,gunshot,data/banks/foreground/gunshot/fsd50k_gunshot_259ad471.wav,1.059,1.059,0.0,0.0,-18.58,0.3296,
fsd50k_gunshot_2991012c,gunshot,data/banks/foreground/gunshot/fsd50k_gunshot_2991012c.wav,1.056,1.056,0.0,0.0,-21.85,0.4116,
fsd50k_gunshot_299d4a01,gunshot,data/banks/foreground/gunshot/fsd50k_gunshot_299d4a01.wav,1.1591,1.1591,0.0,0.0,-37.08,0.101,
fsd50k_gunshot_2bef82d3,gunshot,data/banks/foreground/gunshot/fsd50k_gunshot_2bef82d3.wav,1.479,0.903,0.576,0.0,-24.09,0.4821,
fsd50k_gunshot_2cf3fec3,gunshot,data/banks/foreground/gunshot/fsd50k_gunshot_2cf3fec3.wav,1.158,0.582,0.576,0.0,-24.12,0.4836,
fsd50k_gunshot_2dce5509,gunshot,data/banks/foreground/gunshot/fsd50k_gunshot_2dce5509.wav,0.3619,0.3619,0.0,0.0,-10.14,1.0,
fsd50k_gunshot_2dfa8d7d,gunshot,data/banks/foreground/gunshot/fsd50k_gunshot_2dfa8d7d.wav,0.4256,0.4256,0.0,0.0,-23.92,0.2148,
fsd50k_gunshot_324cc548,gunshot,data/banks/foreground/gunshot/fsd50k_gunshot_324cc548.wav,1.697,1.697,0.0,0.0,-24.92,0.3638,
fsd50k_gunshot_336471e2,gunshot,data/banks/foreground/gunshot/fsd50k_gunshot_336471e2.wav,2.437,2.405,0.032,0.0,-23.77,0.246,
fsd50k_gunshot_34438f55,gunshot,data/banks/foreground/gunshot/fsd50k_gunshot_34438f55.wav,0.4238,0.4238,0.0,0.0,-24.31,0.2545,
fsd50k_gunshot_39ccba85,gunshot,data/banks/foreground/gunshot/fsd50k_gunshot_39ccba85.wav,0.738,0.738,0.0,0.0,-22.52,0.6446,
fsd50k_gunshot_3a006056,gunshot,data/banks/foreground/gunshot/fsd50k_gunshot_3a006056.wav,3.937,3.937,0.0,0.0,-24.96,0.399,
fsd50k_gunshot_3ad92abe,gunshot,data/banks/foreground/gunshot/fsd50k_gunshot_3ad92abe.wav,0.738,0.736,0.0,0.002,-20.36,0.5801,
fsd50k_gunshot_3ba25ff3,gunshot,data/banks/foreground/gunshot/fsd50k_gunshot_3ba25ff3.wav,1.06,1.06,0.0,0.0,-18.59,0.8913,
fsd50k_gunshot_3c3a3c8e,gunshot,data/banks/foreground/gunshot/fsd50k_gunshot_3c3a3c8e.wav,1.057,1.057,0.0,0.0,-18.33,0.6714,
fsd50k_gunshot_3f21de2e,gunshot,data/banks/foreground/gunshot/fsd50k_gunshot_3f21de2e.wav,1.0972,1.056,0.0,0.0412,-24.87,0.3699,
fsd50k_gunshot_41377fbd,gunshot,data/banks/foreground/gunshot/fsd50k_gunshot_41377fbd.wav,0.736,0.736,0.0,0.0,-24.15,0.8913,
fsd50k_gunshot_42bec35a,gunshot,data/banks/foreground/gunshot/fsd50k_gunshot_42bec35a.wav,0.9666,0.9666,0.0,0.0,-23.73,0.3193,
fsd50k_gunshot_4412cc10,gunshot,data/banks/foreground/gunshot/fsd50k_gunshot_4412cc10.wav,0.731,0.672,0.0,0.059,-23.88,0.1912,
fsd50k_gunshot_4814ce35,gunshot,data/banks/foreground/gunshot/fsd50k_gunshot_4814ce35.wav,1.48,1.096,0.384,0.0,-23.11,0.4432,
fsd50k_gunshot_48619192,gunshot,data/banks/foreground/gunshot/fsd50k_gunshot_48619192.wav,0.447,0.447,0.0,0.0,-22.75,0.2652,
fsd50k_gunshot_48c1d185,gunshot,data/banks/foreground/gunshot/fsd50k_gunshot_48c1d185.wav,1.058,0.448,0.32,0.29,-21.1,0.3834,
fsd50k_gunshot_4dc43062,gunshot,data/banks/foreground/gunshot/fsd50k_gunshot_4dc43062.wav,0.7462,0.7462,0.0,0.0,-23.88,0.319,
fsd50k_gunshot_4f3518e5,gunshot,data/banks/foreground/gunshot/fsd50k_gunshot_4f3518e5.wav,1.0892,1.056,0.0,0.0332,-28.08,0.345,
fsd50k_gunshot_4fef606e,gunshot,data/banks/foreground/gunshot/fsd50k_gunshot_4fef606e.wav,0.736,0.736,0.0,0.0,-21.96,0.2792,
fsd50k_gunshot_529f7862,gunshot,data/banks/foreground/gunshot/fsd50k_gunshot_529f7862.wav,1.4791,1.4791,0.0,0.0,-16.83,0.6921,
fsd50k_gunshot_53d38c21,gunshot,data/banks/foreground/gunshot/fsd50k_gunshot_53d38c21.wav,1.058,1.058,0.0,0.0,-22.18,0.5751,
fsd50k_gunshot_560282f5,gunshot,data/banks/foreground/gunshot/fsd50k_gunshot_560282f5.wav,1.6029,1.6029,0.0,0.0,-23.27,0.3361,
fsd50k_gunshot_56665d67,gunshot,data/banks/foreground/gunshot/fsd50k_gunshot_56665d67.wav,0.732,0.732,0.0,0.0,-23.18,0.2367,
fsd50k_gunshot_58dddbf0,gunshot,data/banks/foreground/gunshot/fsd50k_gunshot_58dddbf0.wav,0.736,0.736,0.0,0.0,-18.59,0.5274,
fsd50k_gunshot_596b74f0,gunshot,data/banks/foreground/gunshot/fsd50k_gunshot_596b74f0.wav,1.479,1.024,0.384,0.071,-22.47,0.3987,
fsd50k_gunshot_5a3be124,gunshot,data/banks/foreground/gunshot/fsd50k_gunshot_5a3be124.wav,0.8379,0.8379,0.0,0.0,-24.07,0.3539,
fsd50k_gunshot_5a6e7979,gunshot,data/banks/foreground/gunshot/fsd50k_gunshot_5a6e7979.wav,0.74,0.74,0.0,0.0,-17.1,0.5762,
fsd50k_gunshot_5b0857a8,gunshot,data/banks/foreground/gunshot/fsd50k_gunshot_5b0857a8.wav,1.159,1.159,0.0,0.0,-24.43,0.503,
fsd50k_gunshot_5b5a0e33,gunshot,data/banks/foreground/gunshot/fsd50k_gunshot_5b5a0e33.wav,0.732,0.672,0.0,0.06,-23.62,0.192,
fsd50k_gunshot_5c4eabe3,gunshot,data/banks/foreground/gunshot/fsd50k_gunshot_5c4eabe3.wav,1.058,1.058,0.0,0.0,-19.74,0.3291,
fsd50k_gunshot_5d1c2aec,gunshot,data/banks/foreground/gunshot/fsd50k_gunshot_5d1c2aec.wav,0.738,0.738,0.0,0.0,-21.32,0.4069,
fsd50k_gunshot_5f3ec134,gunshot,data/banks/foreground/gunshot/fsd50k_gunshot_5f3ec134.wav,1.059,1.059,0.0,0.0,-21.52,0.2284,
fsd50k_gunshot_5fa02c21,gunshot,data/banks/foreground/gunshot/fsd50k_gunshot_5fa02c21.wav,0.738,0.738,0.0,0.0,-22.59,0.8418,
fsd50k_gunshot_60aba1f5,gunshot,data/banks/foreground/gunshot/fsd50k_gunshot_60aba1f5.wav,1.059,1.059,0.0,0.0,-19.94,0.7947,
fsd50k_gunshot_60c6021a,gunshot,data/banks/foreground/gunshot/fsd50k_gunshot_60c6021a.wav,0.736,0.736,0.0,0.0,-18.33,0.6429,
fsd50k_gunshot_60e894b9,gunshot,data/banks/foreground/gunshot/fsd50k_gunshot_60e894b9.wav,3.1294,3.1294,0.0,0.0,-24.72,0.2878,
fsd50k_gunshot_6b7b9ee8,gunshot,data/banks/foreground/gunshot/fsd50k_gunshot_6b7b9ee8.wav,0.5494,0.512,0.0,0.0374,-21.99,0.4771,
fsd50k_gunshot_6e00dd3d,gunshot,data/banks/foreground/gunshot/fsd50k_gunshot_6e00dd3d.wav,1.48,0.872,0.608,0.0,-23.99,0.4611,
fsd50k_gunshot_6efc093f,gunshot,data/banks/foreground/gunshot/fsd50k_gunshot_6efc093f.wav,1.479,1.031,0.448,0.0,-18.3,0.8533,
fsd50k_gunshot_706beb56,gunshot,data/banks/foreground/gunshot/fsd50k_gunshot_706beb56.wav,0.731,0.731,0.0,0.0,-22.23,0.317,
fsd50k_gunshot_72f3dbb1,gunshot,data/banks/foreground/gunshot/fsd50k_gunshot_72f3dbb1.wav,0.737,0.737,0.0,0.0,-20.31,0.5188,
fsd50k_gunshot_743f5d45,gunshot,data/banks/foreground/gunshot/fsd50k_gunshot_743f5d45.wav,1.377,1.377,0.0,0.0,-19.23,0.6324,
fsd50k_gunshot_74eefb4e,gunshot,data/banks/foreground/gunshot/fsd50k_gunshot_74eefb4e.wav,0.5376,0.5376,0.0,0.0,-20.87,0.5688,
fsd50k_gunshot_765603e8,gunshot,data/banks/foreground/gunshot/fsd50k_gunshot_765603e8.wav,1.8122,1.664,0.0,0.1482,-23.1,0.4392,
fsd50k_gunshot_770d2b37,gunshot,data/banks/foreground/gunshot/fsd50k_gunshot_770d2b37.wav,1.058,1.058,0.0,0.0,-19.57,0.6589,
fsd50k_gunshot_770d4c7d,gunshot,data/banks/foreground/gunshot/fsd50k_gunshot_770d4c7d.wav,3.292,3.292,0.0,0.0,-25.43,0.3506,
fsd50k_gunshot_7738e8c9,gunshot,data/banks/foreground/gunshot/fsd50k_gunshot_7738e8c9.wav,1.799,1.415,0.384,0.0,-24.24,0.5908,
fsd50k_gunshot_78a5376a,gunshot,data/banks/foreground/gunshot/fsd50k_gunshot_78a5376a.wav,1.378,1.378,0.0,0.0,-25.87,0.8913,
fsd50k_gunshot_87073300,gunshot,data/banks/foreground/gunshot/fsd50k_gunshot_87073300.wav,1.694,1.694,0.0,0.0,-23.28,0.3438,
fsd50k_gunshot_8bb0d344,gunshot,data/banks/foreground/gunshot/fsd50k_gunshot_8bb0d344.wav,1.159,0.679,0.48,0.0,-22.38,0.8497,
fsd50k_gunshot_8c8f12cc,gunshot,data/banks/foreground/gunshot/fsd50k_gunshot_8c8f12cc.wav,0.6723,0.48,0.0,0.1923,-21.73,0.4354,
fsd50k_gunshot_8cabd436,gunshot,data/banks/foreground/gunshot/fsd50k_gunshot_8cabd436.wav,1.159,1.063,0.096,0.0,-21.25,0.6242,
fsd50k_gunshot_8cea442c,gunshot,data/banks/foreground/gunshot/fsd50k_gunshot_8cea442c.wav,1.8,1.608,0.192,0.0,-21.6,0.3586,
fsd50k_gunshot_915b007c,gunshot,data/banks/foreground/gunshot/fsd50k_gunshot_915b007c.wav,1.9926,1.9926,0.0,0.0,-23.05,0.3678,
fsd50k_gunshot_962444c6,gunshot,data/banks/foreground/gunshot/fsd50k_gunshot_962444c6.wav,0.736,0.736,0.0,0.0,-20.28,0.3533,
fsd50k_gunshot_96f46e9c,gunshot,data/banks/foreground/gunshot/fsd50k_gunshot_96f46e9c.wav,1.158,0.838,0.32,0.0,-22.12,0.4709,
fsd50k_gunshot_97267944,gunshot,data/banks/foreground/gunshot/fsd50k_gunshot_97267944.wav,1.5236,0.864,0.288,0.3716,-24.0,0.1963,
fsd50k_gunshot_9ddd35ad,gunshot,data/banks/foreground/gunshot/fsd50k_gunshot_9ddd35ad.wav,0.518,0.102,0.416,0.0,-20.0,0.3367,
fsd50k_gunshot_9f37eda5,gunshot,data/banks/foreground/gunshot/fsd50k_gunshot_9f37eda5.wav,1.058,1.058,0.0,0.0,-21.11,0.5557,
fsd50k_gunshot_a188ae5e,gunshot,data/banks/foreground/gunshot/fsd50k_gunshot_a188ae5e.wav,0.739,0.739,0.0,0.0,-21.69,0.8912,
fsd50k_gunshot_a217d21f,gunshot,data/banks/foreground/gunshot/fsd50k_gunshot_a217d21f.wav,0.739,0.739,0.0,0.0,-19.35,0.553,
fsd50k_gunshot_a614a275,gunshot,data/banks/foreground/gunshot/fsd50k_gunshot_a614a275.wav,0.8416,0.8416,0.0,0.0,-23.1,0.3654,
fsd50k_gunshot_a6928570,gunshot,data/banks/foreground/gunshot/fsd50k_gunshot_a6928570.wav,1.057,1.057,0.0,0.0,-23.59,0.317,
fsd50k_gunshot_a700eafa,gunshot,data/banks/foreground/gunshot/fsd50k_gunshot_a700eafa.wav,0.736,0.704,0.032,0.0,-23.02,0.5334,
fsd50k_gunshot_a8903c9a,gunshot,data/banks/foreground/gunshot/fsd50k_gunshot_a8903c9a.wav,1.373,1.373,0.0,0.0,-24.17,0.2597,
fsd50k_gunshot_b4cb9f8c,gunshot,data/banks/foreground/gunshot/fsd50k_gunshot_b4cb9f8c.wav,1.379,1.347,0.032,0.0,-11.31,0.8913,
fsd50k_gunshot_b577e900,gunshot,data/banks/foreground/gunshot/fsd50k_gunshot_b577e900.wav,1.379,1.056,0.288,0.035,-24.78,0.4891,
fsd50k_gunshot_b82986bf,gunshot,data/banks/foreground/gunshot/fsd50k_gunshot_b82986bf.wav,1.06,0.964,0.096,0.0,-25.65,0.4675,
fsd50k_gunshot_b95a7beb,gunshot,data/banks/foreground/gunshot/fsd50k_gunshot_b95a7beb.wav,1.4789,1.4469,0.032,0.0,-25.96,0.2776,
fsd50k_gunshot_b95bfbfb,gunshot,data/banks/foreground/gunshot/fsd50k_gunshot_b95bfbfb.wav,1.378,1.088,0.0,0.29,-18.04,0.4953,
fsd50k_gunshot_ba6a8260,gunshot,data/banks/foreground/gunshot/fsd50k_gunshot_ba6a8260.wav,0.739,0.64,0.032,0.067,-25.22,0.8912,
fsd50k_gunshot_bbd2f09a,gunshot,data/banks/foreground/gunshot/fsd50k_gunshot_bbd2f09a.wav,1.378,1.28,0.0,0.098,-21.5,0.5187,
fsd50k_gunshot_bc23f2a4,gunshot,data/banks/foreground/gunshot/fsd50k_gunshot_bc23f2a4.wav,1.056,1.024,0.0,0.032,-24.58,0.3208,
fsd50k_gunshot_bdf7dd38,gunshot,data/banks/foreground/gunshot/fsd50k_gunshot_bdf7dd38.wav,1.159,0.583,0.576,0.0,-23.27,0.527,
fsd50k_gunshot_c0e06869,gunshot,data/banks/foreground/gunshot/fsd50k_gunshot_c0e06869.wav,0.5226,0.5226,0.0,0.0,-22.54,0.2817,
fsd50k_gunshot_c1c887c6,gunshot,data/banks/foreground/gunshot/fsd50k_gunshot_c1c887c6.wav,1.06,1.056,0.0,0.004,-21.36,0.7697,
fsd50k_gunshot_c2c90576,gunshot,data/banks/foreground/gunshot/fsd50k_gunshot_c2c90576.wav,0.738,0.738,0.0,0.0,-19.07,0.8913,
fsd50k_gunshot_c3b2af8e,gunshot,data/banks/foreground/gunshot/fsd50k_gunshot_c3b2af8e.wav,0.6858,0.512,0.0,0.1738,-19.18,0.54,
fsd50k_gunshot_c424933b,gunshot,data/banks/foreground/gunshot/fsd50k_gunshot_c424933b.wav,0.739,0.576,0.0,0.163,-22.73,0.6159,
fsd50k_gunshot_c4b4c796,gunshot,data/banks/foreground/gunshot/fsd50k_gunshot_c4b4c796.wav,1.16,1.032,0.128,0.0,-20.02,0.8555,
fsd50k_gunshot_c7e625f0,gunshot,data/banks/foreground/gunshot/fsd50k_gunshot_c7e625f0.wav,0.74,0.74,0.0,0.0,-17.73,0.8912,
fsd50k_gunshot_cc6937a6,gunshot,data/banks/foreground/gunshot/fsd50k_gunshot_cc6937a6.wav,0.732,0.732,0.0,0.0,-21.66,0.2837,
fsd50k_gunshot_cd17d071,gunshot,data/banks/foreground/gunshot/fsd50k_gunshot_cd17d071.wav,0.738,0.738,0.0,0.0,-20.41,0.7597,
fsd50k_gunshot_cd45c35f,gunshot,data/banks/foreground/gunshot/fsd50k_gunshot_cd45c35f.wav,1.9876,1.9876,0.0,0.0,-23.2,0.3372,
fsd50k_gunshot_cd540a91,gunshot,data/banks/foreground/gunshot/fsd50k_gunshot_cd540a91.wav,2.339,2.339,0.0,0.0,-25.41,0.2779,
fsd50k_gunshot_cf3ca35f,gunshot,data/banks/foreground/gunshot/fsd50k_gunshot_cf3ca35f.wav,0.5161,0.5161,0.0,0.0,-22.52,0.2712,
fsd50k_gunshot_d17bbe49,gunshot,data/banks/foreground/gunshot/fsd50k_gunshot_d17bbe49.wav,1.4789,1.3829,0.096,0.0,-23.63,0.5041,
fsd50k_gunshot_d1862669,gunshot,data/banks/foreground/gunshot/fsd50k_gunshot_d1862669.wav,0.5418,0.448,0.0,0.0938,-23.59,0.787,
fsd50k_gunshot_d199dcec,gunshot,data/banks/foreground/gunshot/fsd50k_gunshot_d199dcec.wav,0.738,0.738,0.0,0.0,-19.98,0.5031,
fsd50k_gunshot_d19ed653,gunshot,data/banks/foreground/gunshot/fsd50k_gunshot_d19ed653.wav,1.058,1.058,0.0,0.0,-20.83,0.8912,
fsd50k_gunshot_d729f23e,gunshot,data/banks/foreground/gunshot/fsd50k_gunshot_d729f23e.wav,0.737,0.737,0.0,0.0,-20.32,0.5359,
fsd50k_gunshot_d967061e,gunshot,data/banks/foreground/gunshot/fsd50k_gunshot_d967061e.wav,2.1159,1.6999,0.416,0.0,-25.78,0.244,
fsd50k_gunshot_da3999f4,gunshot,data/banks/foreground/gunshot/fsd50k_gunshot_da3999f4.wav,1.159,1.159,0.0,0.0,-26.79,0.2741,
fsd50k_gunshot_df8520aa,gunshot,data/banks/foreground/gunshot/fsd50k_gunshot_df8520aa.wav,1.699,1.699,0.0,0.0,-22.81,0.3068,
fsd50k_gunshot_e069782c,gunshot,data/banks/foreground/gunshot/fsd50k_gunshot_e069782c.wav,0.736,0.736,0.0,0.0,-20.87,0.6599,
fsd50k_gunshot_e29ad141,gunshot,data/banks/foreground/gunshot/fsd50k_gunshot_e29ad141.wav,1.156,1.156,0.0,0.0,-28.52,0.6601,
fsd50k_gunshot_e56b4f21,gunshot,data/banks/foreground/gunshot/fsd50k_gunshot_e56b4f21.wav,0.737,0.737,0.0,0.0,-8.55,0.7556,
fsd50k_gunshot_ebb7081e,gunshot,data/banks/foreground/gunshot/fsd50k_gunshot_ebb7081e.wav,1.6326,1.6326,0.0,0.0,-24.41,0.5365,
fsd50k_gunshot_f61ae707,gunshot,data/banks/foreground/gunshot/fsd50k_gunshot_f61ae707.wav,0.738,0.738,0.0,0.0,-17.5,0.344,
fsd50k_gunshot_faf95891,gunshot,data/banks/foreground/gunshot/fsd50k_gunshot_faf95891.wav,0.4608,0.384,0.0,0.0768,-23.25,0.3992,
fsd50k_gunshot_fd5502e4,gunshot,data/banks/foreground/gunshot/fsd50k_gunshot_fd5502e4.wav,1.06,0.9,0.16,0.0,-23.32,0.2182,
urbansound8k_gunshot_00515724,gunshot,data/banks/foreground/gunshot/urbansound8k_gunshot_00515724.wav,0.734,0.734,0.0,0.0,-22.45,0.403,
urbansound8k_gunshot_0096ccb0,gunshot,data/banks/foreground/gunshot/urbansound8k_gunshot_0096ccb0.wav,0.737,0.737,0.0,0.0,-23.69,0.8912,
urbansound8k_gunshot_0175b772,gunshot,data/banks/foreground/gunshot/urbansound8k_gunshot_0175b772.wav,0.74,0.74,0.0,0.0,-21.28,0.4653,
urbansound8k_gunshot_01b2844c,gunshot,data/banks/foreground/gunshot/urbansound8k_gunshot_01b2844c.wav,0.737,0.609,0.128,0.0,-24.03,0.8912,
urbansound8k_gunshot_02afa64a,gunshot,data/banks/foreground/gunshot/urbansound8k_gunshot_02afa64a.wav,0.8697,0.8697,0.0,0.0,-23.38,0.3666,
urbansound8k_gunshot_04d45e12,gunshot,data/banks/foreground/gunshot/urbansound8k_gunshot_04d45e12.wav,0.83,0.384,0.0,0.446,-19.08,0.5351,
urbansound8k_gunshot_05b7ce51,gunshot,data/banks/foreground/gunshot/urbansound8k_gunshot_05b7ce51.wav,0.4785,0.448,0.0,0.0305,-20.06,0.8913,
urbansound8k_gunshot_0709fcf4,gunshot,data/banks/foreground/gunshot/urbansound8k_gunshot_0709fcf4.wav,0.737,0.48,0.0,0.257,-19.56,0.4821,
urbansound8k_gunshot_0790162a,gunshot,data/banks/foreground/gunshot/urbansound8k_gunshot_0790162a.wav,0.648,0.648,0.0,0.0,-21.6,0.6204,
urbansound8k_gunshot_0859c2ab,gunshot,data/banks/foreground/gunshot/urbansound8k_gunshot_0859c2ab.wav,1.059,1.059,0.0,0.0,-22.7,0.4386,
urbansound8k_gunshot_0946a453,gunshot,data/banks/foreground/gunshot/urbansound8k_gunshot_0946a453.wav,0.4991,0.384,0.0,0.1151,-19.08,0.568,
urbansound8k_gunshot_09f5b069,gunshot,data/banks/foreground/gunshot/urbansound8k_gunshot_09f5b069.wav,1.0153,1.0153,0.0,0.0,-29.34,0.8912,
urbansound8k_gunshot_0ade5cc6,gunshot,data/banks/foreground/gunshot/urbansound8k_gunshot_0ade5cc6.wav,1.379,1.315,0.064,0.0,-24.27,0.3942,
urbansound8k_gunshot_0e636a66,gunshot,data/banks/foreground/gunshot/urbansound8k_gunshot_0e636a66.wav,0.74,0.676,0.064,0.0,-21.81,0.628,
urbansound8k_gunshot_0e85e5ce,gunshot,data/banks/foreground/gunshot/urbansound8k_gunshot_0e85e5ce.wav,1.19,1.088,0.0,0.102,-19.95,0.5163,
urbansound8k_gunshot_1258ae4e,gunshot,data/banks/foreground/gunshot/urbansound8k_gunshot_1258ae4e.wav,1.059,1.059,0.0,0.0,-22.18,0.3609,
urbansound8k_gunshot_13c9455c,gunshot,data/banks/foreground/gunshot/urbansound8k_gunshot_13c9455c.wav,0.61,0.61,0.0,0.0,-17.84,0.7161,
urbansound8k_gunshot_13f7f9b2,gunshot,data/banks/foreground/gunshot/urbansound8k_gunshot_13f7f9b2.wav,0.42,0.416,0.0,0.004,-19.16,0.8317,
urbansound8k_gunshot_16faaf2e,gunshot,data/banks/foreground/gunshot/urbansound8k_gunshot_16faaf2e.wav,0.737,0.737,0.0,0.0,-23.46,0.3156,
urbansound8k_gunshot_173a3cb0,gunshot,data/banks/foreground/gunshot/urbansound8k_gunshot_173a3cb0.wav,0.7867,0.64,0.0,0.1467,-25.22,0.8912,
urbansound8k_gunshot_1820f28c,gunshot,data/banks/foreground/gunshot/urbansound8k_gunshot_1820f28c.wav,1.056,1.056,0.0,0.0,-22.29,0.4429,
urbansound8k_gunshot_188cb4eb,gunshot,data/banks/foreground/gunshot/urbansound8k_gunshot_188cb4eb.wav,0.737,0.737,0.0,0.0,-18.68,0.8913,
urbansound8k_gunshot_18c9616a,gunshot,data/banks/foreground/gunshot/urbansound8k_gunshot_18c9616a.wav,0.732,0.732,0.0,0.0,-22.22,0.2812,
urbansound8k_gunshot_19e27924,gunshot,data/banks/foreground/gunshot/urbansound8k_gunshot_19e27924.wav,1.059,0.832,0.064,0.163,-25.6,0.8568,
urbansound8k_gunshot_1ac2d81a,gunshot,data/banks/foreground/gunshot/urbansound8k_gunshot_1ac2d81a.wav,0.4179,0.4179,0.0,0.0,-18.64,0.7126,
urbansound8k_gunshot_1b968d8b,gunshot,data/banks/foreground/gunshot/urbansound8k_gunshot_1b968d8b.wav,0.731,0.416,0.0,0.315,-20.56,0.4256,
urbansound8k_gunshot_1bce5cb2,gunshot,data/banks/foreground/gunshot/urbansound8k_gunshot_1bce5cb2.wav,0.735,0.416,0.032,0.287,-17.38,0.7583,
urbansound8k_gunshot_1be00f3b,gunshot,data/banks/foreground/gunshot/urbansound8k_gunshot_1be00f3b.wav,1.06,0.96,0.0,0.1,-16.73,0.8665,
urbansound8k_gunshot_1c00c6b9,gunshot,data/banks/foreground/gunshot/urbansound8k_gunshot_1c00c6b9.wav,1.058,1.058,0.0,0.0,-25.42,0.8913,
urbansound8k_gunshot_1c4eafc3,gunshot,data/banks/foreground/gunshot/urbansound8k_gunshot_1c4eafc3.wav,2.3339,2.3339,0.0,0.0,-27.06,0.7133,
urbansound8k_gunshot_1d06088a,gunshot,data/banks/foreground/gunshot/urbansound8k_gunshot_1d06088a.wav,1.054,1.054,0.0,0.0,-25.3,0.8913,
urbansound8k_gunshot_1e729155,gunshot,data/banks/foreground/gunshot/urbansound8k_gunshot_1e729155.wav,0.43,0.384,0.0,0.046,-19.05,0.6206,
urbansound8k_gunshot_1ed37a8c,gunshot,data/banks/foreground/gunshot/urbansound8k_gunshot_1ed37a8c.wav,0.733,0.733,0.0,0.0,-22.63,0.3296,
urbansound8k_gunshot_1f62f014,gunshot,data/banks/foreground/gunshot/urbansound8k_gunshot_1f62f014.wav,1.057,1.057,0.0,0.0,-20.41,0.7737,
urbansound8k_gunshot_2288c6f8,gunshot,data/banks/foreground/gunshot/urbansound8k_gunshot_2288c6f8.wav,1.058,1.058,0.0,0.0,-22.92,0.5005,
urbansound8k_gunshot_2569cdc6,gunshot,data/banks/foreground/gunshot/urbansound8k_gunshot_2569cdc6.wav,1.06,1.06,0.0,0.0,-23.97,0.4949,
urbansound8k_gunshot_27b2593e,gunshot,data/banks/foreground/gunshot/urbansound8k_gunshot_27b2593e.wav,1.059,1.059,0.0,0.0,-19.88,0.5515,
urbansound8k_gunshot_295a0e40,gunshot,data/banks/foreground/gunshot/urbansound8k_gunshot_295a0e40.wav,0.53,0.384,0.0,0.146,-19.12,0.587,
urbansound8k_gunshot_2b5f0043,gunshot,data/banks/foreground/gunshot/urbansound8k_gunshot_2b5f0043.wav,1.06,1.06,0.0,0.0,-16.66,0.7299,
urbansound8k_gunshot_2cf22cd1,gunshot,data/banks/foreground/gunshot/urbansound8k_gunshot_2cf22cd1.wav,0.5371,0.384,0.0,0.1531,-19.11,0.5811,
urbansound8k_gunshot_2da2fcc0,gunshot,data/banks/foreground/gunshot/urbansound8k_gunshot_2da2fcc0.wav,1.054,1.054,0.0,0.0,-22.34,0.7932,
urbansound8k_gunshot_2fcbe674,gunshot,data/banks/foreground/gunshot/urbansound8k_gunshot_2fcbe674.wav,0.738,0.738,0.0,0.0,-22.52,0.4182,
urbansound8k_gunshot_30d0e963,gunshot,data/banks/foreground/gunshot/urbansound8k_gunshot_30d0e963.wav,1.059,1.059,0.0,0.0,-21.8,0.3768,
urbansound8k_gunshot_33062ea2,gunshot,data/banks/foreground/gunshot/urbansound8k_gunshot_33062ea2.wav,1.055,0.832,0.064,0.159,-26.13,0.8913,
urbansound8k_gunshot_33deb881,gunshot,data/banks/foreground/gunshot/urbansound8k_gunshot_33deb881.wav,1.058,1.058,0.0,0.0,-22.7,0.4175,
urbansound8k_gunshot_354a2eca,gunshot,data/banks/foreground/gunshot/urbansound8k_gunshot_354a2eca.wav,0.74,0.74,0.0,0.0,-30.92,0.8912,
urbansound8k_gunshot_35cc3f22,gunshot,data/banks/foreground/gunshot/urbansound8k_gunshot_35cc3f22.wav,0.739,0.707,0.032,0.0,-18.65,0.5719,
urbansound8k_gunshot_3656a326,gunshot,data/banks/foreground/gunshot/urbansound8k_gunshot_3656a326.wav,1.057,0.768,0.064,0.225,-24.11,0.8912,
urbansound8k_gunshot_36b70ec2,gunshot,data/banks/foreground/gunshot/urbansound8k_gunshot_36b70ec2.wav,1.056,1.024,0.032,0.0,-31.4,0.8912,
urbansound8k_gunshot_37245103,gunshot,data/banks/foreground/gunshot/urbansound8k_gunshot_37245103.wav,0.737,0.705,0.032,0.0,-17.08,0.8912,
urbansound8k_gunshot_37d734ee,gunshot,data/banks/foreground/gunshot/urbansound8k_gunshot_37d734ee.wav,1.055,1.055,0.0,0.0,-12.45,0.8912,
urbansound8k_gunshot_380ea505,gunshot,data/banks/foreground/gunshot/urbansound8k_gunshot_380ea505.wav,1.059,1.056,0.0,0.003,-25.1,0.8912,
urbansound8k_gunshot_3965f881,gunshot,data/banks/foreground/gunshot/urbansound8k_gunshot_3965f881.wav,1.06,0.736,0.096,0.228,-23.22,0.8912,
urbansound8k_gunshot_39de7744,gunshot,data/banks/foreground/gunshot/urbansound8k_gunshot_39de7744.wav,0.737,0.64,0.096,0.001,-22.68,0.8913,
urbansound8k_gunshot_3a0eafd1,gunshot,data/banks/foreground/gunshot/urbansound8k_gunshot_3a0eafd1.wav,1.054,1.054,0.0,0.0,-22.46,0.3808,
urbansound8k_gunshot_3c635107,gunshot,data/banks/foreground/gunshot/urbansound8k_gunshot_3c635107.wav,0.739,0.704,0.0,0.035,-21.48,0.8752,
urbansound8k_gunshot_3cb0142d,gunshot,data/banks/foreground/gunshot/urbansound8k_gunshot_3cb0142d.wav,0.6651,0.6651,0.0,0.0,-23.58,0.3735,
urbansound8k_gunshot_3e486218,gunshot,data/banks/foreground/gunshot/urbansound8k_gunshot_3e486218.wav,0.732,0.732,0.0,0.0,-19.64,0.8913,
urbansound8k_gunshot_4004a5bc,gunshot,data/banks/foreground/gunshot/urbansound8k_gunshot_4004a5bc.wav,1.17,1.17,0.0,0.0,-11.94,0.8249,
urbansound8k_gunshot_40507a0c,gunshot,data/banks/foreground/gunshot/urbansound8k_gunshot_40507a0c.wav,0.74,0.74,0.0,0.0,-19.98,0.8888,
urbansound8k_gunshot_43a6a977,gunshot,data/banks/foreground/gunshot/urbansound8k_gunshot_43a6a977.wav,1.055,1.055,0.0,0.0,-14.52,0.8913,
urbansound8k_gunshot_443126d0,gunshot,data/banks/foreground/gunshot/urbansound8k_gunshot_443126d0.wav,1.227,1.216,0.0,0.011,-18.92,0.5925,
urbansound8k_gunshot_4489c122,gunshot,data/banks/foreground/gunshot/urbansound8k_gunshot_4489c122.wav,0.735,0.735,0.0,0.0,-14.89,0.8913,
urbansound8k_gunshot_468a035a,gunshot,data/banks/foreground/gunshot/urbansound8k_gunshot_468a035a.wav,0.737,0.737,0.0,0.0,-32.22,0.8912,
urbansound8k_gunshot_46f3c4f2,gunshot,data/banks/foreground/gunshot/urbansound8k_gunshot_46f3c4f2.wav,1.054,1.054,0.0,0.0,-11.38,0.8912,
urbansound8k_gunshot_47bb9cef,gunshot,data/banks/foreground/gunshot/urbansound8k_gunshot_47bb9cef.wav,1.06,1.06,0.0,0.0,-26.35,0.8913,
urbansound8k_gunshot_49264f17,gunshot,data/banks/foreground/gunshot/urbansound8k_gunshot_49264f17.wav,1.055,1.055,0.0,0.0,-18.97,0.8913,
urbansound8k_gunshot_4be31912,gunshot,data/banks/foreground/gunshot/urbansound8k_gunshot_4be31912.wav,0.732,0.668,0.064,0.0,-22.0,0.4627,
urbansound8k_gunshot_4c8ffdca,gunshot,data/banks/foreground/gunshot/urbansound8k_gunshot_4c8ffdca.wav,0.8191,0.8191,0.0,0.0,-25.08,0.5703,
urbansound8k_gunshot_4d837a1e,gunshot,data/banks/foreground/gunshot/urbansound8k_gunshot_4d837a1e.wav,0.6455,0.416,0.0,0.2295,-16.68,0.8085,
urbansound8k_gunshot_4daf6169,gunshot,data/banks/foreground/gunshot/urbansound8k_gunshot_4daf6169.wav,1.373,1.373,0.0,0.0,-19.82,0.8913,
urbansound8k_gunshot_534405a3,gunshot,data/banks/foreground/gunshot/urbansound8k_gunshot_534405a3.wav,1.057,0.8,0.128,0.129,-24.39,0.8912,
urbansound8k_gunshot_5346c270,gunshot,data/banks/foreground/gunshot/urbansound8k_gunshot_5346c270.wav,0.736,0.64,0.096,0.0,-31.28,0.8912,
urbansound8k_gunshot_534e6858,gunshot,data/banks/foreground/gunshot/urbansound8k_gunshot_534e6858.wav,1.059,1.059,0.0,0.0,-24.87,0.8912,
urbansound8k_gunshot_54024f20,gunshot,data/banks/foreground/gunshot/urbansound8k_gunshot_54024f20.wav,1.06,1.06,0.0,0.0,-21.25,0.3322,
urbansound8k_gunshot_543492e0,gunshot,data/banks/foreground/gunshot/urbansound8k_gunshot_543492e0.wav,0.733,0.733,0.0,0.0,-27.27,0.8912,
urbansound8k_gunshot_54a801d6,gunshot,data/banks/foreground/gunshot/urbansound8k_gunshot_54a801d6.wav,0.735,0.671,0.064,0.0,-22.34,0.3474,
urbansound8k_gunshot_54fa2ead,gunshot,data/banks/foreground/gunshot/urbansound8k_gunshot_54fa2ead.wav,1.38,1.38,0.0,0.0,-22.6,0.5001,
urbansound8k_gunshot_55ad9e3c,gunshot,data/banks/foreground/gunshot/urbansound8k_gunshot_55ad9e3c.wav,0.1961,0.1961,0.0,0.0,-15.54,1.0,
urbansound8k_gunshot_560e55a7,gunshot,data/banks/foreground/gunshot/urbansound8k_gunshot_560e55a7.wav,0.736,0.736,0.0,0.0,-22.99,0.3524,
urbansound8k_gunshot_56244958,gunshot,data/banks/foreground/gunshot/urbansound8k_gunshot_56244958.wav,0.74,0.74,0.0,0.0,-22.65,0.4301,
urbansound8k_gunshot_56850f1e,gunshot,data/banks/foreground/gunshot/urbansound8k_gunshot_56850f1e.wav,0.1791,0.1791,0.0,0.0,-13.38,1.0,
urbansound8k_gunshot_5778b80d,gunshot,data/banks/foreground/gunshot/urbansound8k_gunshot_5778b80d.wav,0.7161,0.352,0.0,0.3641,-16.84,0.8913,
urbansound8k_gunshot_57b2fd67,gunshot,data/banks/foreground/gunshot/urbansound8k_gunshot_57b2fd67.wav,1.057,1.057,0.0,0.0,-27.4,0.8912,
urbansound8k_gunshot_589b0373,gunshot,data/banks/foreground/gunshot/urbansound8k_gunshot_589b0373.wav,0.737,0.737,0.0,0.0,-22.59,0.5146,
urbansound8k_gunshot_5ac4230b,gunshot,data/banks/foreground/gunshot/urbansound8k_gunshot_5ac4230b.wav,0.739,0.704,0.0,0.035,-21.74,0.8039,
urbansound8k_gunshot_5d0e581f,gunshot,data/banks/foreground/gunshot/urbansound8k_gunshot_5d0e581f.wav,0.86,0.832,0.0,0.028,-22.65,0.7693,
urbansound8k_gunshot_5e0a779c,gunshot,data/banks/foreground/gunshot/urbansound8k_gunshot_5e0a779c.wav,1.0871,0.864,0.0,0.2231,-24.24,0.6689,
urbansound8k_gunshot_5efb252e,gunshot,data/banks/foreground/gunshot/urbansound8k_gunshot_5efb252e.wav,0.737,0.737,0.0,0.0,-9.95,0.8913,
urbansound8k_gunshot_5f55375c,gunshot,data/banks/foreground/gunshot/urbansound8k_gunshot_5f55375c.wav,1.054,1.054,0.0,0.0,-23.06,0.8912,
urbansound8k_gunshot_5ffcab35,gunshot,data/banks/foreground/gunshot/urbansound8k_gunshot_5ffcab35.wav,1.059,0.8,0.032,0.227,-25.66,0.8913,
urbansound8k_gunshot_60684bac,gunshot,data/banks/foreground/gunshot/urbansound8k_gunshot_60684bac.wav,0.5771,0.384,0.032,0.1611,-16.63,0.8913,
urbansound8k_gunshot_630026af,gunshot,data/banks/foreground/gunshot/urbansound8k_gunshot_630026af.wav,0.74,0.74,0.0,0.0,-20.41,0.622,
urbansound8k_gunshot_63ba8ed3,gunshot,data/banks/foreground/gunshot/urbansound8k_gunshot_63ba8ed3.wav,0.46,0.384,0.0,0.076,-19.04,0.5946,
urbansound8k_gunshot_652742c0,gunshot,data/banks/foreground/gunshot/urbansound8k_gunshot_652742c0.wav,0.5978,0.5978,0.0,0.0,-8.62,0.8913,
urbansound8k_gunshot_65e78f57,gunshot,data/banks/foreground/gunshot/urbansound8k_gunshot_65e78f57.wav,0.519,0.519,0.0,0.0,-23.51,0.2841,
urbansound8k_gunshot_678a4edf,gunshot,data/banks/foreground/gunshot/urbansound8k_gunshot_678a4edf.wav,0.7698,0.7698,0.0,0.0,-24.58,0.8848,
urbansound8k_gunshot_67cb3ef8,gunshot,data/banks/foreground/gunshot/urbansound8k_gunshot_67cb3ef8.wav,0.734,0.448,0.032,0.254,-19.54,0.7252,
urbansound8k_gunshot_67fcefa5,gunshot,data/banks/foreground/gunshot/urbansound8k_gunshot_67fcefa5.wav,0.736,0.736,0.0,0.0,-19.14,0.8195,
urbansound8k_gunshot_68796832,gunshot,data/banks/foreground/gunshot/urbansound8k_gunshot_68796832.wav,0.7461,0.608,0.0,0.1381,-23.94,0.8912,
urbansound8k_gunshot_68829893,gunshot,data/banks/foreground/gunshot/urbansound8k_gunshot_68829893.wav,0.739,0.675,0.064,0.0,-22.77,0.8913,
urbansound8k_gunshot_6a41f9ea,gunshot,data/banks/foreground/gunshot/urbansound8k_gunshot_6a41f9ea.wav,1.053,1.053,0.0,0.0,-23.07,0.377,
urbansound8k_gunshot_6a513d78,gunshot,data/banks/foreground/gunshot/urbansound8k_gunshot_6a513d78.wav,0.5769,0.416,0.0,0.1609,-23.16,0.8912,
urbansound8k_gunshot_6b250443,gunshot,data/banks/foreground/gunshot/urbansound8k_gunshot_6b250443.wav,0.734,0.734,0.0,0.0,-20.05,0.7104,
urbansound8k_gunshot_6b654d58,gunshot,data/banks/foreground/gunshot/urbansound8k_gunshot_6b654d58.wav,1.052,1.052,0.0,0.0,-25.31,0.4766,
urbansound8k_gunshot_6c07a105,gunshot,data/banks/foreground/gunshot/urbansound8k_gunshot_6c07a105.wav,0.43,0.384,0.0,0.046,-19.35,0.5744,
urbansound8k_gunshot_6f0bc71c,gunshot,data/banks/foreground/gunshot/urbansound8k_gunshot_6f0bc71c.wav,1.06,0.736,0.0,0.324,-24.66,0.8912,
urbansound8k_gunshot_6f4d0ae4,gunshot,data/banks/foreground/gunshot/urbansound8k_gunshot_6f4d0ae4.wav,1.058,1.058,0.0,0.0,-10.44,0.8913,
urbansound8k_gunshot_7332ffac,gunshot,data/banks/foreground/gunshot/urbansound8k_gunshot_7332ffac.wav,0.7,0.7,0.0,0.0,-23.34,0.5734,
urbansound8k_gunshot_740df416,gunshot,data/banks/foreground/gunshot/urbansound8k_gunshot_740df416.wav,1.055,1.055,0.0,0.0,-22.12,0.6668,
urbansound8k_gunshot_7450460a,gunshot,data/banks/foreground/gunshot/urbansound8k_gunshot_7450460a.wav,1.379,1.379,0.0,0.0,-23.2,0.4131,
urbansound8k_gunshot_7492b62e,gunshot,data/banks/foreground/gunshot/urbansound8k_gunshot_7492b62e.wav,0.739,0.739,0.0,0.0,-27.44,0.8912,
urbansound8k_gunshot_75182c54,gunshot,data/banks/foreground/gunshot/urbansound8k_gunshot_75182c54.wav,0.738,0.48,0.032,0.226,-21.01,0.6501,
urbansound8k_gunshot_7612a223,gunshot,data/banks/foreground/gunshot/urbansound8k_gunshot_7612a223.wav,1.378,1.088,0.0,0.29,-18.04,0.4953,
urbansound8k_gunshot_761e05b7,gunshot,data/banks/foreground/gunshot/urbansound8k_gunshot_761e05b7.wav,1.2194,1.2194,0.0,0.0,-22.84,0.3471,
urbansound8k_gunshot_771a26be,gunshot,data/banks/foreground/gunshot/urbansound8k_gunshot_771a26be.wav,1.05,1.05,0.0,0.0,-23.83,0.3016,
urbansound8k_gunshot_7720a358,gunshot,data/banks/foreground/gunshot/urbansound8k_gunshot_7720a358.wav,1.38,1.28,0.064,0.036,-34.55,0.8912,
urbansound8k_gunshot_77442c03,gunshot,data/banks/foreground/gunshot/urbansound8k_gunshot_77442c03.wav,1.056,1.056,0.0,0.0,-24.56,0.8912,
urbansound8k_gunshot_77f16a3c,gunshot,data/banks/foreground/gunshot/urbansound8k_gunshot_77f16a3c.wav,1.06,0.992,0.064,0.004,-31.34,0.8912,
urbansound8k_gunshot_7938f9c5,gunshot,data/banks/foreground/gunshot/urbansound8k_gunshot_7938f9c5.wav,1.058,1.058,0.0,0.0,-23.9,0.3629,
urbansound8k_gunshot_7a75c7e8,gunshot,data/banks/foreground/gunshot/urbansound8k_gunshot_7a75c7e8.wav,1.06,1.06,0.0,0.0,-30.42,0.8912,
urbansound8k_gunshot_7a99f097,gunshot,data/banks/foreground/gunshot/urbansound8k_gunshot_7a99f097.wav,0.738,0.738,0.0,0.0,-24.23,0.8913,
urbansound8k_gunshot_7b2b1c4e,gunshot,data/banks/foreground/gunshot/urbansound8k_gunshot_7b2b1c4e.wav,1.377,1.345,0.032,0.0,-24.16,0.1646,
urbansound8k_gunshot_7bd325f9,gunshot,data/banks/foreground/gunshot/urbansound8k_gunshot_7bd325f9.wav,0.83,0.416,0.032,0.382,-17.94,0.7054,
urbansound8k_gunshot_7d64f962,gunshot,data/banks/foreground/gunshot/urbansound8k_gunshot_7d64f962.wav,0.739,0.675,0.064,0.0,-18.65,0.8912,
urbansound8k_gunshot_7f6e69bc,gunshot,data/banks/foreground/gunshot/urbansound8k_gunshot_7f6e69bc.wav,0.734,0.734,0.0,0.0,-23.49,0.326,
urbansound8k_gunshot_7f76aae3,gunshot,data/banks/foreground/gunshot/urbansound8k_gunshot_7f76aae3.wav,0.733,0.448,0.0,0.285,-21.86,0.8913,
urbansound8k_gunshot_7fe6e31f,gunshot,data/banks/foreground/gunshot/urbansound8k_gunshot_7fe6e31f.wav,0.736,0.736,0.0,0.0,-22.29,0.3777,
urbansound8k_gunshot_815e4986,gunshot,data/banks/foreground/gunshot/urbansound8k_gunshot_815e4986.wav,0.6188,0.6188,0.0,0.0,-10.85,0.8461,
urbansound8k_gunshot_82a12153,gunshot,data/banks/foreground/gunshot/urbansound8k_gunshot_82a12153.wav,1.054,1.022,0.032,0.0,-22.65,0.4855,
urbansound8k_gunshot_86a27804,gunshot,data/banks/foreground/gunshot/urbansound8k_gunshot_86a27804.wav,1.057,1.057,0.0,0.0,-25.64,0.8913,
urbansound8k_gunshot_87aff86c,gunshot,data/banks/foreground/gunshot/urbansound8k_gunshot_87aff86c.wav,0.4094,0.4094,0.0,0.0,-17.04,0.7298,
urbansound8k_gunshot_89d0be4a,gunshot,data/banks/foreground/gunshot/urbansound8k_gunshot_89d0be4a.wav,0.733,0.733,0.0,0.0,-24.34,0.6406,
urbansound8k_gunshot_8a24ca67,gunshot,data/banks/foreground/gunshot/urbansound8k_gunshot_8a24ca67.wav,0.3397,0.3397,0.0,0.0,-8.63,1.0,
urbansound8k_gunshot_8a3feb96,gunshot,data/banks/foreground/gunshot/urbansound8k_gunshot_8a3feb96.wav,1.376,1.312,0.064,0.0,-24.04,0.6099,
urbansound8k_gunshot_8bda9ae0,gunshot,data/banks/foreground/gunshot/urbansound8k_gunshot_8bda9ae0.wav,1.058,1.058,0.0,0.0,-24.77,0.8913,
urbansound8k_gunshot_8c308630,gunshot,data/banks/foreground/gunshot/urbansound8k_gunshot_8c308630.wav,0.7272,0.544,0.0,0.1832,-17.93,0.5982,
urbansound8k_gunshot_8c788080,gunshot,data/banks/foreground/gunshot/urbansound8k_gunshot_8c788080.wav,0.738,0.738,0.0,0.0,-22.81,0.3844,
urbansound8k_gunshot_8cfe4765,gunshot,data/banks/foreground/gunshot/urbansound8k_gunshot_8cfe4765.wav,0.5099,0.384,0.0,0.1259,-19.11,0.5656,
urbansound8k_gunshot_8d009da4,gunshot,data/banks/foreground/gunshot/urbansound8k_gunshot_8d009da4.wav,1.1386,1.1386,0.0,0.0,-25.55,0.377,
urbansound8k_gunshot_8d0b49a7,gunshot,data/banks/foreground/gunshot/urbansound8k_gunshot_8d0b49a7.wav,0.736,0.736,0.0,0.0,-21.21,0.3041,
urbansound8k_gunshot_8d771a62,gunshot,data/banks/foreground/gunshot/urbansound8k_gunshot_8d771a62.wav,0.739,0.739,0.0,0.0,-29.31,0.8912,
urbansound8k_gunshot_8ef34fac,gunshot,data/banks/foreground/gunshot/urbansound8k_gunshot_8ef34fac.wav,1.056,1.056,0.0,0.0,-22.69,0.5553,
urbansound8k_gunshot_8fea0630,gunshot,data/banks/foreground/gunshot/urbansound8k_gunshot_8fea0630.wav,0.733,0.416,0.0,0.317,-16.67,0.8626,
urbansound8k_gunshot_904e8dbc,gunshot,data/banks/foreground/gunshot/urbansound8k_gunshot_904e8dbc.wav,1.057,0.993,0.064,0.0,-22.89,0.8426,
urbansound8k_gunshot_90d53305,gunshot,data/banks/foreground/gunshot/urbansound8k_gunshot_90d53305.wav,1.057,1.057,0.0,0.0,-22.28,0.3548,
urbansound8k_gunshot_91074b96,gunshot,data/banks/foreground/gunshot/urbansound8k_gunshot_91074b96.wav,1.056,1.056,0.0,0.0,-21.85,0.4116,
urbansound8k_gunshot_92ea5c33,gunshot,data/banks/foreground/gunshot/urbansound8k_gunshot_92ea5c33.wav,0.731,0.731,0.0,0.0,-27.72,0.8912,
urbansound8k_gunshot_92efdb0d,gunshot,data/banks/foreground/gunshot/urbansound8k_gunshot_92efdb0d.wav,0.3691,0.3691,0.0,0.0,-14.92,1.0,
urbansound8k_gunshot_94728d83,gunshot,data/banks/foreground/gunshot/urbansound8k_gunshot_94728d83.wav,0.839,0.839,0.0,0.0,-20.58,0.5357,
urbansound8k_gunshot_94d70a9f,gunshot,data/banks/foreground/gunshot/urbansound8k_gunshot_94d70a9f.wav,1.053,1.053,0.0,0.0,-22.86,0.334,
urbansound8k_gunshot_95515438,gunshot,data/banks/foreground/gunshot/urbansound8k_gunshot_95515438.wav,0.738,0.738,0.0,0.0,-24.4,0.5605,
urbansound8k_gunshot_95c157ec,gunshot,data/banks/foreground/gunshot/urbansound8k_gunshot_95c157ec.wav,1.056,1.056,0.0,0.0,-18.76,0.8472,
urbansound8k_gunshot_97116c01,gunshot,data/banks/foreground/gunshot/urbansound8k_gunshot_97116c01.wav,0.735,0.735,0.0,0.0,-19.36,0.4672,
urbansound8k_gunshot_975e0beb,gunshot,data/banks/foreground/gunshot/urbansound8k_gunshot_975e0beb.wav,1.379,1.379,0.0,0.0,-27.31,0.8912,
urbansound8k_gunshot_97c17525,gunshot,data/banks/foreground/gunshot/urbansound8k_gunshot_97c17525.wav,1.056,1.056,0.0,0.0,-32.74,0.8912,
urbansound8k_gunshot_98cb6960,gunshot,data/banks/foreground/gunshot/urbansound8k_gunshot_98cb6960.wav,0.738,0.448,0.0,0.29,-20.45,0.8912,
urbansound8k_gunshot_9ab17611,gunshot,data/banks/foreground/gunshot/urbansound8k_gunshot_9ab17611.wav,0.734,0.734,0.0,0.0,-22.03,0.7323,
urbansound8k_gunshot_9b8d9043,gunshot,data/banks/foreground/gunshot/urbansound8k_gunshot_9b8d9043.wav,0.738,0.738,0.0,0.0,-23.85,0.2978,
urbansound8k_gunshot_9b908837,gunshot,data/banks/foreground/gunshot/urbansound8k_gunshot_9b908837.wav,0.6363,0.6363,0.0,0.0,-18.19,0.8913,
urbansound8k_gunshot_9c9e9e67,gunshot,data/banks/foreground/gunshot/urbansound8k_gunshot_9c9e9e67.wav,0.66,0.66,0.0,0.0,-21.71,0.384,
urbansound8k_gunshot_9ddff002,gunshot,data/banks/foreground/gunshot/urbansound8k_gunshot_9ddff002.wav,1.053,0.768,0.032,0.253,-24.69,0.4017,
urbansound8k_gunshot_9de2e417,gunshot,data/banks/foreground/gunshot/urbansound8k_gunshot_9de2e417.wav,0.738,0.512,0.0,0.226,-19.85,0.4527,
urbansound8k_gunshot_9e484115,gunshot,data/banks/foreground/gunshot/urbansound8k_gunshot_9e484115.wav,0.67,0.48,0.0,0.19,-21.73,0.4354,
urbansound8k_gunshot_9ea3d9ca,gunshot,data/banks/foreground/gunshot/urbansound8k_gunshot_9ea3d9ca.wav,1.054,1.054,0.0,0.0,-25.15,0.5089,
urbansound8k_gunshot_9ee4e384,gunshot,data/banks/foreground/gunshot/urbansound8k_gunshot_9ee4e384.wav,0.739,0.739,0.0,0.0,-21.94,0.4206,
urbansound8k_gunshot_9f2082a1,gunshot,data/banks/foreground/gunshot/urbansound8k_gunshot_9f2082a1.wav,1.055,1.055,0.0,0.0,-24.76,0.8913,
urbansound8k_gunshot_9f4277cb,gunshot,data/banks/foreground/gunshot/urbansound8k_gunshot_9f4277cb.wav,0.738,0.448,0.032,0.258,-19.14,0.7383,
urbansound8k_gunshot_a003caa3,gunshot,data/banks/foreground/gunshot/urbansound8k_gunshot_a003caa3.wav,0.737,0.737,0.0,0.0,-22.96,0.4837,
urbansound8k_gunshot_a0686708,gunshot,data/banks/foreground/gunshot/urbansound8k_gunshot_a0686708.wav,0.734,0.512,0.0,0.222,-19.25,0.5024,
urbansound8k_gunshot_a08aaf35,gunshot,data/banks/foreground/gunshot/urbansound8k_gunshot_a08aaf35.wav,0.735,0.639,0.096,0.0,-25.38,0.8912,
urbansound8k_gunshot_a114d4dc,gunshot,data/banks/foreground/gunshot/urbansound8k_gunshot_a114d4dc.wav,0.734,0.384,0.064,0.286,-18.73,0.603,
urbansound8k_gunshot_a18e7b8c,gunshot,data/banks/foreground/gunshot/urbansound8k_gunshot_a18e7b8c.wav,1.059,0.96,0.032,0.067,-32.11,0.8912,
urbansound8k_gunshot_a2d83d3e,gunshot,data/banks/foreground/gunshot/urbansound8k_gunshot_a2d83d3e.wav,0.5563,0.5563,0.0,0.0,-23.49,0.2673,
urbansound8k_gunshot_a3609b38,gunshot,data/banks/foreground/gunshot/urbansound8k_gunshot_a3609b38.wav,0.7161,0.352,0.0,0.3641,-17.05,0.8913,
urbansound8k_gunshot_a612d6ff,gunshot,data/banks/foreground/gunshot/urbansound8k_gunshot_a612d6ff.wav,1.06,0.768,0.096,0.196,-24.92,0.8156,
urbansound8k_gunshot_a6794579,gunshot,data/banks/foreground/gunshot/urbansound8k_gunshot_a6794579.wav,1.059,0.768,0.064,0.227,-24.15,0.7848,
urbansound8k_gunshot_a6e0a0a7,gunshot,data/banks/foreground/gunshot/urbansound8k_gunshot_a6e0a0a7.wav,1.055,0.768,0.064,0.223,-24.82,0.8913,
urbansound8k_gunshot_a8107af0,gunshot,data/banks/foreground/gunshot/urbansound8k_gunshot_a8107af0.wav,0.8569,0.832,0.0,0.0249,-20.93,0.7504,
urbansound8k_gunshot_aa48fe10,gunshot,data/banks/foreground/gunshot/urbansound8k_gunshot_aa48fe10.wav,0.59,0.59,0.0,0.0,-19.21,0.8686,
urbansound8k_gunshot_aa801c10,gunshot,data/banks/foreground/gunshot/urbansound8k_gunshot_aa801c10.wav,1.056,0.736,0.032,0.288,-21.65,0.8912,
urbansound8k_gunshot_ab88727c,gunshot,data/banks/foreground/gunshot/urbansound8k_gunshot_ab88727c.wav,0.736,0.736,0.0,0.0,-22.21,0.39,
urbansound8k_gunshot_accb620a,gunshot,data/banks/foreground/gunshot/urbansound8k_gunshot_accb620a.wav,0.735,0.448,0.032,0.255,-19.7,0.6963,
urbansound8k_gunshot_afe02bc2,gunshot,data/banks/foreground/gunshot/urbansound8k_gunshot_afe02bc2.wav,1.058,1.058,0.0,0.0,-30.34,0.8912,
urbansound8k_gunshot_b170ec05,gunshot,data/banks/foreground/gunshot/urbansound8k_gunshot_b170ec05.wav,0.8168,0.8168,0.0,0.0,-21.16,0.5172,
urbansound8k_gunshot_b1ff5f44,gunshot,data/banks/foreground/gunshot/urbansound8k_gunshot_b1ff5f44.wav,1.059,1.059,0.0,0.0,-26.03,0.8912,
urbansound8k_gunshot_b2d3295f,gunshot,data/banks/foreground/gunshot/urbansound8k_gunshot_b2d3295f.wav,0.738,0.736,0.0,0.002,-21.57,0.466,
urbansound8k_gunshot_b2ec4edf,gunshot,data/banks/foreground/gunshot/urbansound8k_gunshot_b2ec4edf.wav,1.057,1.057,0.0,0.0,-23.78,0.8912,
urbansound8k_gunshot_b6016ae5,gunshot,data/banks/foreground/gunshot/urbansound8k_gunshot_b6016ae5.wav,0.739,0.739,0.0,0.0,-22.47,0.4457,
urbansound8k_gunshot_b6ff67bf,gunshot,data/banks/foreground/gunshot/urbansound8k_gunshot_b6ff67bf.wav,1.056,1.024,0.032,0.0,-32.86,0.8913,
urbansound8k_gunshot_b715f52b,gunshot,data/banks/foreground/gunshot/urbansound8k_gunshot_b715f52b.wav,1.058,1.024,0.032,0.002,-24.83,0.8912,
urbansound8k_gunshot_b7e77b67,gunshot,data/banks/foreground/gunshot/urbansound8k_gunshot_b7e77b67.wav,1.058,1.058,0.0,0.0,-22.92,0.4283,
urbansound8k_gunshot_b856a6b2,gunshot,data/banks/foreground/gunshot/urbansound8k_gunshot_b856a6b2.wav,0.739,0.739,0.0,0.0,-21.88,0.453,
urbansound8k_gunshot_bb69bff9,gunshot,data/banks/foreground/gunshot/urbansound8k_gunshot_bb69bff9.wav,0.736,0.736,0.0,0.0,-22.9,0.8913,
urbansound8k_gunshot_bc133e8c,gunshot,data/banks/foreground/gunshot/urbansound8k_gunshot_bc133e8c.wav,0.735,0.735,0.0,0.0,-23.62,0.2896,
urbansound8k_gunshot_bf5e7070,gunshot,data/banks/foreground/gunshot/urbansound8k_gunshot_bf5e7070.wav,0.737,0.737,0.0,0.0,-19.02,0.4158,
urbansound8k_gunshot_bf966240,gunshot,data/banks/foreground/gunshot/urbansound8k_gunshot_bf966240.wav,0.4989,0.4989,0.0,0.0,-22.54,0.4607,
urbansound8k_gunshot_c396e8c8,gunshot,data/banks/foreground/gunshot/urbansound8k_gunshot_c396e8c8.wav,1.17,1.17,0.0,0.0,-20.49,0.5019,
urbansound8k_gunshot_c426a723,gunshot,data/banks/foreground/gunshot/urbansound8k_gunshot_c426a723.wav,0.736,0.672,0.064,0.0,-32.77,0.8913,
urbansound8k_gunshot_c464af64,gunshot,data/banks/foreground/gunshot/urbansound8k_gunshot_c464af64.wav,0.737,0.737,0.0,0.0,-20.01,0.5761,
urbansound8k_gunshot_c5a12ae6,gunshot,data/banks/foreground/gunshot/urbansound8k_gunshot_c5a12ae6.wav,0.3064,0.3064,0.0,0.0,-11.96,1.0,
urbansound8k_gunshot_c82f9af6,gunshot,data/banks/foreground/gunshot/urbansound8k_gunshot_c82f9af6.wav,0.7861,0.7861,0.0,0.0,-24.69,0.8389,
urbansound8k_gunshot_c9cf64bd,gunshot,data/banks/foreground/gunshot/urbansound8k_gunshot_c9cf64bd.wav,1.056,0.768,0.032,0.256,-23.49,0.8913,
urbansound8k_gunshot_ca22d762,gunshot,data/banks/foreground/gunshot/urbansound8k_gunshot_ca22d762.wav,1.379,1.347,0.032,0.0,-24.61,0.4834,
urbansound8k_gunshot_ca783dac,gunshot,data/banks/foreground/gunshot/urbansound8k_gunshot_ca783dac.wav,0.74,0.74,0.0,0.0,-31.13,0.8912,
urbansound8k_gunshot_cd192765,gunshot,data/banks/foreground/gunshot/urbansound8k_gunshot_cd192765.wav,0.75,0.686,0.064,0.0,-23.34,0.4059,
urbansound8k_gunshot_cf53c668,gunshot,data/banks/foreground/gunshot/urbansound8k_gunshot_cf53c668.wav,1.0758,0.448,0.032,0.5958,-20.27,0.6712,
urbansound8k_gunshot_d0495522,gunshot,data/banks/foreground/gunshot/urbansound8k_gunshot_d0495522.wav,0.731,0.416,0.032,0.283,-19.02,0.618,
urbansound8k_gunshot_d0578ba6,gunshot,data/banks/foreground/gunshot/urbansound8k_gunshot_d0578ba6.wav,1.053,1.053,0.0,0.0,-23.79,0.5195,
urbansound8k_gunshot_d057c5bb,gunshot,data/banks/foreground/gunshot/urbansound8k_gunshot_d057c5bb.wav,0.739,0.739,0.0,0.0,-21.33,0.234,
urbansound8k_gunshot_d139816b,gunshot,data/banks/foreground/gunshot/urbansound8k_gunshot_d139816b.wav,0.5769,0.5769,0.0,0.0,-8.55,0.8913,
urbansound8k_gunshot_d2dd2312,gunshot,data/banks/foreground/gunshot/urbansound8k_gunshot_d2dd2312.wav,1.053,1.053,0.0,0.0,-22.5,0.3869,
urbansound8k_gunshot_d3414510,gunshot,data/banks/foreground/gunshot/urbansound8k_gunshot_d3414510.wav,1.053,1.053,0.0,0.0,-23.87,0.3686,
urbansound8k_gunshot_d38dfd13,gunshot,data/banks/foreground/gunshot/urbansound8k_gunshot_d38dfd13.wav,1.055,1.055,0.0,0.0,-22.78,0.8719,
urbansound8k_gunshot_d63965a6,gunshot,data/banks/foreground/gunshot/urbansound8k_gunshot_d63965a6.wav,1.056,1.056,0.0,0.0,-22.1,0.4385,
urbansound8k_gunshot_d6801aaf,gunshot,data/banks/foreground/gunshot/urbansound8k_gunshot_d6801aaf.wav,1.058,1.058,0.0,0.0,-23.11,0.3409,
urbansound8k_gunshot_d7689e22,gunshot,data/banks/foreground/gunshot/urbansound8k_gunshot_d7689e22.wav,1.055,1.055,0.0,0.0,-25.84,0.8913,
urbansound8k_gunshot_d783718e,gunshot,data/banks/foreground/gunshot/urbansound8k_gunshot_d783718e.wav,0.63,0.608,0.0,0.022,-22.15,0.8912,
urbansound8k_gunshot_d7e367bc,gunshot,data/banks/foreground/gunshot/urbansound8k_gunshot_d7e367bc.wav,0.736,0.736,0.0,0.0,-22.49,0.4519,
urbansound8k_gunshot_d81d3dc2,gunshot,data/banks/foreground/gunshot/urbansound8k_gunshot_d81d3dc2.wav,1.5,1.5,0.0,0.0,-24.56,0.39,
urbansound8k_gunshot_d9b93ce6,gunshot,data/banks/foreground/gunshot/urbansound8k_gunshot_d9b93ce6.wav,1.059,1.059,0.0,0.0,-21.5,0.5117,
urbansound8k_gunshot_db8335dc,gunshot,data/banks/foreground/gunshot/urbansound8k_gunshot_db8335dc.wav,1.059,1.059,0.0,0.0,-21.65,0.402,
urbansound8k_gunshot_db9b037c,gunshot,data/banks/foreground/gunshot/urbansound8k_gunshot_db9b037c.wav,1.055,1.055,0.0,0.0,-14.0,0.8913,
urbansound8k_gunshot_df3a9e95,gunshot,data/banks/foreground/gunshot/urbansound8k_gunshot_df3a9e95.wav,0.738,0.738,0.0,0.0,-20.76,0.4259,
urbansound8k_gunshot_df52846b,gunshot,data/banks/foreground/gunshot/urbansound8k_gunshot_df52846b.wav,0.739,0.739,0.0,0.0,-20.92,0.2532,
urbansound8k_gunshot_e090915e,gunshot,data/banks/foreground/gunshot/urbansound8k_gunshot_e090915e.wav,1.056,1.056,0.0,0.0,-21.66,0.4331,
urbansound8k_gunshot_e147d627,gunshot,data/banks/foreground/gunshot/urbansound8k_gunshot_e147d627.wav,0.735,0.735,0.0,0.0,-23.21,0.3311,
urbansound8k_gunshot_e18d03e8,gunshot,data/banks/foreground/gunshot/urbansound8k_gunshot_e18d03e8.wav,0.735,0.735,0.0,0.0,-22.07,0.385,
urbansound8k_gunshot_e2aece0b,gunshot,data/banks/foreground/gunshot/urbansound8k_gunshot_e2aece0b.wav,0.57,0.352,0.0,0.218,-16.96,0.8403,
urbansound8k_gunshot_e2d4fe47,gunshot,data/banks/foreground/gunshot/urbansound8k_gunshot_e2d4fe47.wav,0.73,0.384,0.0,0.346,-19.73,0.6051,
urbansound8k_gunshot_e33f3d37,gunshot,data/banks/foreground/gunshot/urbansound8k_gunshot_e33f3d37.wav,1.058,1.058,0.0,0.0,-22.54,0.4626,
urbansound8k_gunshot_e3d6c1ac,gunshot,data/banks/foreground/gunshot/urbansound8k_gunshot_e3d6c1ac.wav,0.6274,0.6274,0.0,0.0,-19.12,0.8536,
urbansound8k_gunshot_e448490f,gunshot,data/banks/foreground/gunshot/urbansound8k_gunshot_e448490f.wav,1.058,0.8,0.032,0.226,-20.07,0.8691,
urbansound8k_gunshot_e5505222,gunshot,data/banks/foreground/gunshot/urbansound8k_gunshot_e5505222.wav,0.736,0.736,0.0,0.0,-21.14,0.8889,
urbansound8k_gunshot_e5c6b744,gunshot,data/banks/foreground/gunshot/urbansound8k_gunshot_e5c6b744.wav,0.5978,0.5978,0.0,0.0,-10.62,0.8912,
urbansound8k_gunshot_e8594e61,gunshot,data/banks/foreground/gunshot/urbansound8k_gunshot_e8594e61.wav,1.057,1.057,0.0,0.0,-26.69,0.8912,
urbansound8k_gunshot_e8b169b1,gunshot,data/banks/foreground/gunshot/urbansound8k_gunshot_e8b169b1.wav,0.54,0.54,0.0,0.0,-24.0,0.5325,
urbansound8k_gunshot_ea008e93,gunshot,data/banks/foreground/gunshot/urbansound8k_gunshot_ea008e93.wav,0.87,0.704,0.0,0.166,-22.62,0.8912,
urbansound8k_gunshot_ea465dd0,gunshot,data/banks/foreground/gunshot/urbansound8k_gunshot_ea465dd0.wav,1.056,0.736,0.096,0.224,-24.81,0.7052,
urbansound8k_gunshot_ea9a3b29,gunshot,data/banks/foreground/gunshot/urbansound8k_gunshot_ea9a3b29.wav,0.6356,0.512,0.0,0.1236,-20.4,0.4334,
urbansound8k_gunshot_eb0c0fec,gunshot,data/banks/foreground/gunshot/urbansound8k_gunshot_eb0c0fec.wav,0.735,0.735,0.0,0.0,-22.1,0.4209,
urbansound8k_gunshot_eb0d292b,gunshot,data/banks/foreground/gunshot/urbansound8k_gunshot_eb0d292b.wav,1.38,1.38,0.0,0.0,-23.66,0.4651,
urbansound8k_gunshot_eea9c0be,gunshot,data/banks/foreground/gunshot/urbansound8k_gunshot_eea9c0be.wav,0.74,0.644,0.096,0.0,-19.0,0.5504,
urbansound8k_gunshot_eed4db29,gunshot,data/banks/foreground/gunshot/urbansound8k_gunshot_eed4db29.wav,0.735,0.735,0.0,0.0,-28.05,0.8912,
urbansound8k_gunshot_ef1b16c1,gunshot,data/banks/foreground/gunshot/urbansound8k_gunshot_ef1b16c1.wav,0.738,0.738,0.0,0.0,-18.07,0.5997,
urbansound8k_gunshot_efab0b29,gunshot,data/banks/foreground/gunshot/urbansound8k_gunshot_efab0b29.wav,1.059,1.059,0.0,0.0,-11.71,0.8913,
urbansound8k_gunshot_efb71585,gunshot,data/banks/foreground/gunshot/urbansound8k_gunshot_efb71585.wav,1.053,1.021,0.032,0.0,-30.83,0.8913,
urbansound8k_gunshot_f09983f4,gunshot,data/banks/foreground/gunshot/urbansound8k_gunshot_f09983f4.wav,1.06,0.996,0.064,0.0,-22.86,0.8548,
urbansound8k_gunshot_f0b08812,gunshot,data/banks/foreground/gunshot/urbansound8k_gunshot_f0b08812.wav,0.736,0.736,0.0,0.0,-26.81,0.8913,
urbansound8k_gunshot_f3113624,gunshot,data/banks/foreground/gunshot/urbansound8k_gunshot_f3113624.wav,0.737,0.737,0.0,0.0,-9.11,0.8912,
urbansound8k_gunshot_f3e7fa5a,gunshot,data/banks/foreground/gunshot/urbansound8k_gunshot_f3e7fa5a.wav,1.055,1.055,0.0,0.0,-22.09,0.3875,
urbansound8k_gunshot_f41ea459,gunshot,data/banks/foreground/gunshot/urbansound8k_gunshot_f41ea459.wav,0.737,0.737,0.0,0.0,-22.14,0.4111,
urbansound8k_gunshot_f4ede6ec,gunshot,data/banks/foreground/gunshot/urbansound8k_gunshot_f4ede6ec.wav,1.056,0.768,0.096,0.192,-24.03,0.8912,
urbansound8k_gunshot_f5147782,gunshot,data/banks/foreground/gunshot/urbansound8k_gunshot_f5147782.wav,0.737,0.737,0.0,0.0,-12.72,0.8913,
urbansound8k_gunshot_f551c8e7,gunshot,data/banks/foreground/gunshot/urbansound8k_gunshot_f551c8e7.wav,0.733,0.701,0.032,0.0,-22.56,0.4799,
urbansound8k_gunshot_f7ac4bea,gunshot,data/banks/foreground/gunshot/urbansound8k_gunshot_f7ac4bea.wav,0.737,0.609,0.128,0.0,-19.91,0.8913,
urbansound8k_gunshot_f7b72f0e,gunshot,data/banks/foreground/gunshot/urbansound8k_gunshot_f7b72f0e.wav,1.06,0.964,0.096,0.0,-22.47,0.8912,
urbansound8k_gunshot_f9ce4871,gunshot,data/banks/foreground/gunshot/urbansound8k_gunshot_f9ce4871.wav,1.2194,1.2194,0.0,0.0,-22.46,0.4099,
urbansound8k_gunshot_fa0bbed3,gunshot,data/banks/foreground/gunshot/urbansound8k_gunshot_fa0bbed3.wav,0.737,0.704,0.0,0.033,-19.21,0.8912,
urbansound8k_gunshot_fa424019,gunshot,data/banks/foreground/gunshot/urbansound8k_gunshot_fa424019.wav,1.4098,1.4098,0.0,0.0,-22.52,0.4575,
urbansound8k_gunshot_fceb4bd3,gunshot,data/banks/foreground/gunshot/urbansound8k_gunshot_fceb4bd3.wav,0.44,0.384,0.0,0.056,-19.08,0.5773,
urbansound8k_gunshot_fd44f0b6,gunshot,data/banks/foreground/gunshot/urbansound8k_gunshot_fd44f0b6.wav,0.738,0.738,0.0,0.0,-16.65,0.639,
urbansound8k_gunshot_fd5294d7,gunshot,data/banks/foreground/gunshot/urbansound8k_gunshot_fd5294d7.wav,0.739,0.739,0.0,0.0,-21.95,0.4176,
urbansound8k_gunshot_fe0eff76,gunshot,data/banks/foreground/gunshot/urbansound8k_gunshot_fe0eff76.wav,0.7679,0.7679,0.0,0.0,-23.94,0.3185,
urbansound8k_gunshot_fe7db81b,gunshot,data/banks/foreground/gunshot/urbansound8k_gunshot_fe7db81b.wav,1.054,1.054,0.0,0.0,-22.93,0.4064,
urbansound8k_gunshot_fe834b49,gunshot,data/banks/foreground/gunshot/urbansound8k_gunshot_fe834b49.wav,1.058,1.058,0.0,0.0,-14.53,0.8913,
urbansound8k_gunshot_fff33ed0,gunshot,data/banks/foreground/gunshot/urbansound8k_gunshot_fff33ed0.wav,1.01,0.864,0.0,0.146,-24.4,0.1854,
esc50_laughter_00e40dab,laughter,data/banks/foreground/laughter/esc50_laughter_00e40dab.wav,1.1581,1.152,0.0,0.0061,-27.48,0.3412,
esc50_laughter_03845830,laughter,data/banks/foreground/laughter/esc50_laughter_03845830.wav,1.058,1.058,0.0,0.0,-22.83,0.376,
esc50_laughter_157dc3eb,laughter,data/banks/foreground/laughter/esc50_laughter_157dc3eb.wav,1.697,1.697,0.0,0.0,-26.06,0.228,
esc50_laughter_160104c7,laughter,data/banks/foreground/laughter/esc50_laughter_160104c7.wav,2.435,2.435,0.0,0.0,-22.06,0.4758,
esc50_laughter_1e458a12,laughter,data/banks/foreground/laughter/esc50_laughter_1e458a12.wav,1.058,1.058,0.0,0.0,-21.5,0.6266,
esc50_laughter_1f7b0a94,laughter,data/banks/foreground/laughter/esc50_laughter_1f7b0a94.wav,2.016,2.016,0.0,0.0,-21.61,0.4896,
esc50_laughter_251c0840,laughter,data/banks/foreground/laughter/esc50_laughter_251c0840.wav,1.478,1.478,0.0,0.0,-22.66,0.5349,
esc50_laughter_252276ae,laughter,data/banks/foreground/laughter/esc50_laughter_252276ae.wav,2.336,2.336,0.0,0.0,-23.28,0.347,
esc50_laughter_3617e0ef,laughter,data/banks/foreground/laughter/esc50_laughter_3617e0ef.wav,2.655,2.655,0.0,0.0,-23.18,0.5576,
esc50_laughter_372c161a,laughter,data/banks/foreground/laughter/esc50_laughter_372c161a.wav,1.158,1.158,0.0,0.0,-22.89,0.8912,
esc50_laughter_4e108347,laughter,data/banks/foreground/laughter/esc50_laughter_4e108347.wav,3.613,3.613,0.0,0.0,-22.49,0.2574,
esc50_laughter_558345f5,laughter,data/banks/foreground/laughter/esc50_laughter_558345f5.wav,1.158,1.158,0.0,0.0,-23.15,0.4135,
esc50_laughter_8057fd39,laughter,data/banks/foreground/laughter/esc50_laughter_8057fd39.wav,2.117,2.117,0.0,0.0,-24.66,0.7536,
esc50_laughter_8ed1db17,laughter,data/banks/foreground/laughter/esc50_laughter_8ed1db17.wav,1.697,1.697,0.0,0.0,-22.81,0.4104,
esc50_laughter_91ad8339,laughter,data/banks/foreground/laughter/esc50_laughter_91ad8339.wav,1.058,1.058,0.0,0.0,-23.61,0.3639,
esc50_laughter_9368b760,laughter,data/banks/foreground/laughter/esc50_laughter_9368b760.wav,2.116,2.116,0.0,0.0,-19.25,0.3662,
esc50_laughter_9b6a405f,laughter,data/banks/foreground/laughter/esc50_laughter_9b6a405f.wav,1.377,1.377,0.0,0.0,-27.42,0.3197,
esc50_laughter_9c202168,laughter,data/banks/foreground/laughter/esc50_laughter_9c202168.wav,2.436,2.436,0.0,0.0,-24.39,0.4422,
esc50_laughter_a254709b,laughter,data/banks/foreground/laughter/esc50_laughter_a254709b.wav,1.587,1.587,0.0,0.0,-25.65,0.3562,
esc50_laughter_a7d72dd0,laughter,data/banks/foreground/laughter/esc50_laughter_a7d72dd0.wav,1.477,1.477,0.0,0.0,-24.8,0.4054,
esc50_laughter_ac22151d,laughter,data/banks/foreground/laughter/esc50_laughter_ac22151d.wav,2.336,2.336,0.0,0.0,-24.34,0.2929,
esc50_laughter_ad612364,laughter,data/banks/foreground/laughter/esc50_laughter_ad612364.wav,2.755,2.723,0.032,0.0,-22.93,0.4513,
esc50_laughter_b13e8ec2,laughter,data/banks/foreground/laughter/esc50_laughter_b13e8ec2.wav,0.739,0.739,0.0,0.0,-18.77,0.6692,
esc50_laughter_b2d5c158,laughter,data/banks/foreground/laughter/esc50_laughter_b2d5c158.wav,1.478,1.478,0.0,0.0,-25.41,0.2866,
esc50_laughter_bff4fba0,laughter,data/banks/foreground/laughter/esc50_laughter_bff4fba0.wav,0.839,0.839,0.0,0.0,-26.05,0.6241,
esc50_laughter_c24516da,laughter,data/banks/foreground/laughter/esc50_laughter_c24516da.wav,1.4769,1.4769,0.0,0.0,-35.58,0.1006,
esc50_laughter_c4ae2f70,laughter,data/banks/foreground/laughter/esc50_laughter_c4ae2f70.wav,1.158,1.158,0.0,0.0,-26.03,0.4161,
esc50_laughter_c7f7466f,laughter,data/banks/foreground/laughter/esc50_laughter_c7f7466f.wav,1.797,1.797,0.0,0.0,-24.35,0.4085,
esc50_laughter_d3165c02,laughter,data/banks/foreground/laughter/esc50_laughter_d3165c02.wav,1.797,1.797,0.0,0.0,-25.59,0.4049,
esc50_laughter_dcb1b2c6,laughter,data/banks/foreground/laughter/esc50_laughter_dcb1b2c6.wav,2.436,2.436,0.0,0.0,-25.09,0.4302,
esc50_laughter_de5e5960,laughter,data/banks/foreground/laughter/esc50_laughter_de5e5960.wav,1.697,1.697,0.0,0.0,-23.03,0.3217,
esc50_laughter_e414fc3b,laughter,data/banks/foreground/laughter/esc50_laughter_e414fc3b.wav,1.058,1.058,0.0,0.0,-18.78,0.6644,
fsd50k_laughter_0146e34d,laughter,data/banks/foreground/laughter/fsd50k_laughter_0146e34d.wav,1.379,1.28,0.096,0.003,-19.57,0.8379,
fsd50k_laughter_01d9e914,laughter,data/banks/foreground/laughter/fsd50k_laughter_01d9e914.wav,1.057,1.057,0.0,0.0,-23.22,0.2784,
fsd50k_laughter_0577f46d,laughter,data/banks/foreground/laughter/fsd50k_laughter_0577f46d.wav,1.056,1.056,0.0,0.0,-22.53,0.3683,
fsd50k_laughter_069805ca,laughter,data/banks/foreground/laughter/fsd50k_laughter_069805ca.wav,1.058,1.058,0.0,0.0,-22.59,0.3814,
fsd50k_laughter_06e6580e,laughter,data/banks/foreground/laughter/fsd50k_laughter_06e6580e.wav,1.379,1.216,0.032,0.131,-23.89,0.4289,
fsd50k_laughter_07a194ae,laughter,data/banks/foreground/laughter/fsd50k_laughter_07a194ae.wav,1.479,1.479,0.0,0.0,-21.51,0.3882,
fsd50k_laughter_07ad804d,laughter,data/banks/foreground/laughter/fsd50k_laughter_07ad804d.wav,3.2357,3.2357,0.0,0.0,-23.76,0.4782,
fsd50k_laughter_081f8b45,laughter,data/banks/foreground/laughter/fsd50k_laughter_081f8b45.wav,1.378,1.282,0.096,0.0,-23.36,0.4113,
fsd50k_laughter_08a9a3a5,laughter,data/banks/foreground/laughter/fsd50k_laughter_08a9a3a5.wav,2.7569,2.7569,0.0,0.0,-23.34,0.4286,
fsd50k_laughter_0bae4f85,laughter,data/banks/foreground/laughter/fsd50k_laughter_0bae4f85.wav,1.3146,1.312,0.0,0.0026,-22.96,0.2951,
fsd50k_laughter_0bb4144f,laughter,data/banks/foreground/laughter/fsd50k_laughter_0bb4144f.wav,0.738,0.738,0.0,0.0,-20.42,0.6202,
fsd50k_laughter_0c6e2bb6,laughter,data/banks/foreground/laughter/fsd50k_laughter_0c6e2bb6.wav,1.48,1.48,0.0,0.0,-30.38,0.1941,
fsd50k_laughter_0cd6afbf,laughter,data/banks/foreground/laughter/fsd50k_laughter_0cd6afbf.wav,1.48,1.48,0.0,0.0,-21.85,0.7991,
fsd50k_laughter_0f22b39a,laughter,data/banks/foreground/laughter/fsd50k_laughter_0f22b39a.wav,2.1179,2.1179,0.0,0.0,-24.93,0.2499,
fsd50k_laughter_0f5a60f6,laughter,data/banks/foreground/laughter/fsd50k_laughter_0f5a60f6.wav,2.1151,1.9551,0.16,0.0,-23.93,0.4871,
fsd50k_laughter_0faa8970,laughter,data/banks/foreground/laughter/fsd50k_laughter_0faa8970.wav,2.118,2.118,0.0,0.0,-31.89,0.1991,
fsd50k_laughter_0ff52151,laughter,data/banks/foreground/laughter/fsd50k_laughter_0ff52151.wav,0.7184,0.7184,0.0,0.0,-23.48,0.3999,
fsd50k_laughter_101984f5,laughter,data/banks/foreground/laughter/fsd50k_laughter_101984f5.wav,1.059,1.059,0.0,0.0,-20.97,0.4846,
fsd50k_laughter_102364b7,laughter,data/banks/foreground/laughter/fsd50k_laughter_102364b7.wav,1.1381,1.088,0.0,0.0501,-26.65,0.1653,
fsd50k_laughter_10432816,laughter,data/banks/foreground/laughter/fsd50k_laughter_10432816.wav,0.6887,0.6887,0.0,0.0,-22.05,0.3806,
fsd50k_laughter_10516052,laughter,data/banks/foreground/laughter/fsd50k_laughter_10516052.wav,1.2437,1.2437,0.0,0.0,-23.83,0.4034,
fsd50k_laughter_10e566bd,laughter,data/banks/foreground/laughter/fsd50k_laughter_10e566bd.wav,0.838,0.71,0.128,0.0,-21.73,0.4384,
fsd50k_laughter_110341e7,laughter,data/banks/foreground/laughter/fsd50k_laughter_110341e7.wav,0.5736,0.5736,0.0,0.0,-24.12,0.2907,
fsd50k_laughter_11222cce,laughter,data/banks/foreground/laughter/fsd50k_laughter_11222cce.wav,0.519,0.519,0.0,0.0,-33.69,0.1288,
fsd50k_laughter_11a3d62c,laughter,data/banks/foreground/laughter/fsd50k_laughter_11a3d62c.wav,0.739,0.736,0.0,0.003,-16.31,0.8912,
fsd50k_laughter_1208214b,laughter,data/banks/foreground/laughter/fsd50k_laughter_1208214b.wav,2.3379,2.2099,0.128,0.0,-24.5,0.1888,
fsd50k_laughter_123fcd20,laughter,data/banks/foreground/laughter/fsd50k_laughter_123fcd20.wav,1.7979,1.7979,0.0,0.0,-38.37,0.0752,
fsd50k_laughter_130d6529,laughter,data/banks/foreground/laughter/fsd50k_laughter_130d6529.wav,1.057,1.057,0.0,0.0,-23.3,0.8912,
fsd50k_laughter_13d7d5b5,laughter,data/banks/foreground/laughter/fsd50k_laughter_13d7d5b5.wav,1.057,1.057,0.0,0.0,-23.52,0.4964,
fsd50k_laughter_147cbbd1,laughter,data/banks/foreground/laughter/fsd50k_laughter_147cbbd1.wav,1.3487,1.28,0.0,0.0687,-20.89,0.6172,
fsd50k_laughter_18fbf503,laughter,data/banks/foreground/laughter/fsd50k_laughter_18fbf503.wav,1.1591,0.7751,0.384,0.0,-17.55,0.823,
fsd50k_laughter_1953d64e,laughter,data/banks/foreground/laughter/fsd50k_laughter_1953d64e.wav,0.737,0.737,0.0,0.0,-23.1,0.4042,
fsd50k_laughter_1978b77b,laughter,data/banks/foreground/laughter/fsd50k_laughter_1978b77b.wav,3.1681,3.168,0.0,0.0001,-24.88,0.4379,
fsd50k_laughter_1986e41e,laughter,data/banks/foreground/laughter/fsd50k_laughter_1986e41e.wav,2.758,2.758,0.0,0.0,-25.8,0.39,
fsd50k_laughter_19b84663,laughter,data/banks/foreground/laughter/fsd50k_laughter_19b84663.wav,1.479,1.479,0.0,0.0,-23.87,0.305,
fsd50k_laughter_1c694b02,laughter,data/banks/foreground/laughter/fsd50k_laughter_1c694b02.wav,1.2441,1.2441,0.0,0.0,-23.23,0.3887,
fsd50k_laughter_1c82da80,laughter,data/banks/foreground/laughter/fsd50k_laughter_1c82da80.wav,1.379,1.347,0.032,0.0,-24.06,0.3807,
fsd50k_laughter_1c83113f,laughter,data/banks/foreground/laughter/fsd50k_laughter_1c83113f.wav,1.16,1.152,0.0,0.008,-33.49,0.2216,
fsd50k_laughter_1c91133e,laughter,data/banks/foreground/laughter/fsd50k_laughter_1c91133e.wav,2.118,2.118,0.0,0.0,-29.38,0.3748,
fsd50k_laughter_1ce0dfc5,laughter,data/banks/foreground/laughter/fsd50k_laughter_1ce0dfc5.wav,1.1581,1.12,0.0,0.0381,-24.32,0.3692,
fsd50k_laughter_1cf91de7,laughter,data/banks/foreground/laughter/fsd50k_laughter_1cf91de7.wav,1.157,1.157,0.0,0.0,-22.52,0.409,
fsd50k_laughter_1cf92d05,laughter,data/banks/foreground/laughter/fsd50k_laughter_1cf92d05.wav,1.1589,1.1589,0.0,0.0,-23.76,0.3474,
fsd50k_laughter_1d21100f,laughter,data/banks/foreground/laughter/fsd50k_laughter_1d21100f.wav,1.059,1.059,0.0,0.0,-23.05,0.1689,
fsd50k_laughter_1dd7cbfc,laughter,data/banks/foreground/laughter/fsd50k_laughter_1dd7cbfc.wav,1.057,0.961,0.096,0.0,-21.21,0.3206,
fsd50k_laughter_1fe90c01,laughter,data/banks/foreground/laughter/fsd50k_laughter_1fe90c01.wav,0.839,0.807,0.032,0.0,-23.97,0.2124,
fsd50k_laughter_1ff949b6,laughter,data/banks/foreground/laughter/fsd50k_laughter_1ff949b6.wav,1.38,1.22,0.16,0.0,-24.11,0.525,
fsd50k_laughter_20decd2c,laughter,data/banks/foreground/laughter/fsd50k_laughter_20decd2c.wav,0.9288,0.864,0.032,0.0328,-23.98,0.4263,
fsd50k_laughter_21c0eabd,laughter,data/banks/foreground/laughter/fsd50k_laughter_21c0eabd.wav,1.055,0.992,0.032,0.031,-23.21,0.3481,
fsd50k_laughter_2422176d,laughter,data/banks/foreground/laughter/fsd50k_laughter_2422176d.wav,1.156,1.156,0.0,0.0,-22.55,0.6804,
fsd50k_laughter_24658c79,laughter,data/banks/foreground/laughter/fsd50k_laughter_24658c79.wav,1.058,0.866,0.192,0.0,-19.5,0.3942,
fsd50k_laughter_248352d6,laughter,data/banks/foreground/laughter/fsd50k_laughter_248352d6.wav,1.48,1.48,0.0,0.0,-20.01,0.4699,
fsd50k_laughter_24f7638c,laughter,data/banks/foreground/laughter/fsd50k_laughter_24f7638c.wav,1.1591,1.0311,0.128,0.0,-37.75,0.2325,
fsd50k_laughter_259fb75e,laughter,data/banks/foreground/laughter/fsd50k_laughter_259fb75e.wav,1.058,0.994,0.064,0.0,-20.89,0.4093,
fsd50k_laughter_260ca827,laughter,data/banks/foreground/laughter/fsd50k_laughter_260ca827.wav,2.1169,2.1169,0.0,0.0,-23.8,0.4511,
fsd50k_laughter_2696ed13,laughter,data/banks/foreground/laughter/fsd50k_laughter_2696ed13.wav,1.058,1.058,0.0,0.0,-23.1,0.2872,
fsd50k_laughter_26e39052,laughter,data/banks/foreground/laughter/fsd50k_laughter_26e39052.wav,3.396,3.396,0.0,0.0,-23.0,0.8497,
fsd50k_laughter_26f52d9a,laughter,data/banks/foreground/laughter/fsd50k_laughter_26f52d9a.wav,1.478,1.478,0.0,0.0,-23.41,0.4446,
fsd50k_laughter_274ab62f,laughter,data/banks/foreground/laughter/fsd50k_laughter_274ab62f.wav,0.8381,0.8381,0.0,0.0,-21.13,0.5365,
fsd50k_laughter_284df7bf,laughter,data/banks/foreground/laughter/fsd50k_laughter_284df7bf.wav,4.037,4.037,0.0,0.0,-24.2,0.6967,
fsd50k_laughter_28bb2280,laughter,data/banks/foreground/laughter/fsd50k_laughter_28bb2280.wav,1.058,1.058,0.0,0.0,-25.05,0.5186,
fsd50k_laughter_29b99e30,laughter,data/banks/foreground/laughter/fsd50k_laughter_29b99e30.wav,1.059,1.059,0.0,0.0,-21.1,0.4037,
fsd50k_laughter_29e4f335,laughter,data/banks/foreground/laughter/fsd50k_laughter_29e4f335.wav,1.058,1.058,0.0,0.0,-20.8,0.4744,
fsd50k_laughter_2abbbf32,laughter,data/banks/foreground/laughter/fsd50k_laughter_2abbbf32.wav,1.158,1.158,0.0,0.0,-25.01,0.1816,
fsd50k_laughter_2af4cb55,laughter,data/banks/foreground/laughter/fsd50k_laughter_2af4cb55.wav,1.5573,1.5573,0.0,0.0,-22.96,0.5038,
fsd50k_laughter_2c78abae,laughter,data/banks/foreground/laughter/fsd50k_laughter_2c78abae.wav,1.2175,1.2175,0.0,0.0,-23.46,0.8663,
fsd50k_laughter_2d569ca5,laughter,data/banks/foreground/laughter/fsd50k_laughter_2d569ca5.wav,1.058,1.058,0.0,0.0,-21.0,0.562,
fsd50k_laughter_2ea91842,laughter,data/banks/foreground/laughter/fsd50k_laughter_2ea91842.wav,0.8401,0.8401,0.0,0.0,-20.44,0.4097,
fsd50k_laughter_32a20234,laughter,data/banks/foreground/laughter/fsd50k_laughter_32a20234.wav,1.699,1.667,0.032,0.0,-27.35,0.5886,
fsd50k_laughter_330bbba9,laughter,data/banks/foreground/laughter/fsd50k_laughter_330bbba9.wav,1.1579,1.1579,0.0,0.0,-20.71,0.231,
fsd50k_laughter_3363f8a2,laughter,data/banks/foreground/laughter/fsd50k_laughter_3363f8a2.wav,1.375,1.375,0.0,0.0,-27.05,0.5938,
fsd50k_laughter_347d3140,laughter,data/banks/foreground/laughter/fsd50k_laughter_347d3140.wav,0.8011,0.608,0.128,0.0651,-23.68,0.3337,
fsd50k_laughter_35254290,laughter,data/banks/foreground/laughter/fsd50k_laughter_35254290.wav,2.0179,1.9539,0.064,0.0,-21.82,0.6399,
fsd50k_laughter_358ee9c3,laughter,data/banks/foreground/laughter/fsd50k_laughter_358ee9c3.wav,2.3141,2.3141,0.0,0.0,-24.52,0.4043,
fsd50k_laughter_35edbeb4,laughter,data/banks/foreground/laughter/fsd50k_laughter_35edbeb4.wav,1.058,0.802,0.256,0.0,-22.1,0.4182,
fsd50k_laughter_35fdd0c0,laughter,data/banks/foreground/laughter/fsd50k_laughter_35fdd0c0.wav,1.1581,1.152,0.0,0.0061,-21.54,0.4728,
fsd50k_laughter_3665ef99,laughter,data/banks/foreground/laughter/fsd50k_laughter_3665ef99.wav,1.838,1.838,0.0,0.0,-25.72,0.1972,
fsd50k_laughter_36857803,laughter,data/banks/foreground/laughter/fsd50k_laughter_36857803.wav,1.798,1.798,0.0,0.0,-21.82,0.4884,
fsd50k_laughter_36c5c51f,laughter,data/banks/foreground/laughter/fsd50k_laughter_36c5c51f.wav,1.0801,1.0801,0.0,0.0,-26.07,0.367,
fsd50k_laughter_389e548e,laughter,data/banks/foreground/laughter/fsd50k_laughter_389e548e.wav,1.056,0.992,0.064,0.0,-22.92,0.8913,
fsd50k_laughter_38bce097,laughter,data/banks/foreground/laughter/fsd50k_laughter_38bce097.wav,1.057,1.025,0.032,0.0,-24.57,0.3616,
fsd50k_laughter_391042ef,laughter,data/banks/foreground/laughter/fsd50k_laughter_391042ef.wav,0.738,0.674,0.064,0.0,-22.07,0.2556,
fsd50k_laughter_3a0b05f9,laughter,data/banks/foreground/laughter/fsd50k_laughter_3a0b05f9.wav,1.159,1.159,0.0,0.0,-30.76,0.223,
fsd50k_laughter_3af5bed1,laughter,data/banks/foreground/laughter/fsd50k_laughter_3af5bed1.wav,2.756,2.756,0.0,0.0,-22.73,0.4131,
fsd50k_laughter_3b0e65cb,laughter,data/banks/foreground/laughter/fsd50k_laughter_3b0e65cb.wav,2.759,2.759,0.0,0.0,-21.61,0.8692,
fsd50k_laughter_3b546e2e,laughter,data/banks/foreground/laughter/fsd50k_laughter_3b546e2e.wav,2.1181,2.016,0.0,0.1021,-26.78,0.8912,
fsd50k_laughter_3cafab77,laughter,data/banks/foreground/laughter/fsd50k_laughter_3cafab77.wav,0.839,0.839,0.0,0.0,-23.3,0.2688,
fsd50k_laughter_3cfb5eb8,laughter,data/banks/foreground/laughter/fsd50k_laughter_3cfb5eb8.wav,2.2133,2.176,0.0,0.0373,-25.26,0.1713,
fsd50k_laughter_3e14b00a,laughter,data/banks/foreground/laughter/fsd50k_laughter_3e14b00a.wav,0.839,0.839,0.0,0.0,-24.09,0.2966,
fsd50k_laughter_41106523,laughter,data/banks/foreground/laughter/fsd50k_laughter_41106523.wav,1.1581,1.1581,0.0,0.0,-22.78,0.3916,
fsd50k_laughter_41cdf621,laughter,data/banks/foreground/laughter/fsd50k_laughter_41cdf621.wav,0.7431,0.736,0.0,0.0071,-24.61,0.3679,
fsd50k_laughter_42448c83,laughter,data/banks/foreground/laughter/fsd50k_laughter_42448c83.wav,0.9173,0.832,0.032,0.0532,-23.59,0.4989,
fsd50k_laughter_42df0021,laughter,data/banks/foreground/laughter/fsd50k_laughter_42df0021.wav,1.378,1.378,0.0,0.0,-20.88,0.7832,
fsd50k_laughter_432d35c0,laughter,data/banks/foreground/laughter/fsd50k_laughter_432d35c0.wav,2.02,2.02,0.0,0.0,-20.82,0.6314,
fsd50k_laughter_4380e280,laughter,data/banks/foreground/laughter/fsd50k_laughter_4380e280.wav,1.479,1.479,0.0,0.0,-20.87,0.4723,
fsd50k_laughter_44a56267,laughter,data/banks/foreground/laughter/fsd50k_laughter_44a56267.wav,0.837,0.837,0.0,0.0,-22.35,0.549,
fsd50k_laughter_469e5b17,laughter,data/banks/foreground/laughter/fsd50k_laughter_469e5b17.wav,1.055,1.055,0.0,0.0,-22.24,0.3435,
fsd50k_laughter_46fbc33e,laughter,data/banks/foreground/laughter/fsd50k_laughter_46fbc33e.wav,1.054,0.99,0.064,0.0,-23.36,0.1875,
fsd50k_laughter_47547829,laughter,data/banks/foreground/laughter/fsd50k_laughter_47547829.wav,3.0771,3.0771,0.0,0.0,-21.66,0.4763,
fsd50k_laughter_483c87cb,laughter,data/banks/foreground/laughter/fsd50k_laughter_483c87cb.wav,1.697,1.697,0.0,0.0,-25.81,0.1878,
fsd50k_laughter_491c1f3f,laughter,data/banks/foreground/laughter/fsd50k_laughter_491c1f3f.wav,1.8,1.8,0.0,0.0,-19.95,0.5518,
fsd50k_laughter_49b89a8e,laughter,data/banks/foreground/laughter/fsd50k_laughter_49b89a8e.wav,1.379,1.283,0.096,0.0,-21.64,0.5884,
fsd50k_laughter_4b90f540,laughter,data/banks/foreground/laughter/fsd50k_laughter_4b90f540.wav,1.478,1.478,0.0,0.0,-24.21,0.6237,
fsd50k_laughter_4cef5035,laughter,data/banks/foreground/laughter/fsd50k_laughter_4cef5035.wav,0.391,0.391,0.0,0.0,-31.66,0.1349,
fsd50k_laughter_4d90b700,laughter,data/banks/foreground/laughter/fsd50k_laughter_4d90b700.wav,2.756,2.756,0.0,0.0,-24.63,0.553,
fsd50k_laughter_4d970099,laughter,data/banks/foreground/laughter/fsd50k_laughter_4d970099.wav,0.839,0.775,0.064,0.0,-23.29,0.3184,
fsd50k_laughter_4f8c0836,laughter,data/banks/foreground/laughter/fsd50k_laughter_4f8c0836.wav,1.375,1.375,0.0,0.0,-21.83,0.4769,
fsd50k_laughter_50ecc1f8,laughter,data/banks/foreground/laughter/fsd50k_laughter_50ecc1f8.wav,1.1952,1.1952,0.0,0.0,-22.3,0.4503,
fsd50k_laughter_52bc03c7,laughter,data/banks/foreground/laughter/fsd50k_laughter_52bc03c7.wav,1.4799,1.4799,0.0,0.0,-25.34,0.2966,
fsd50k_laughter_56317c25,laughter,data/banks/foreground/laughter/fsd50k_laughter_56317c25.wav,1.16,1.16,0.0,0.0,-22.42,0.3777,
fsd50k_laughter_574bb336,laughter,data/banks/foreground/laughter/fsd50k_laughter_574bb336.wav,1.158,1.094,0.064,0.0,-20.88,0.4259,
fsd50k_laughter_57f28d3a,laughter,data/banks/foreground/laughter/fsd50k_laughter_57f28d3a.wav,0.8381,0.8381,0.0,0.0,-21.85,0.6232,
fsd50k_laughter_59ec6a52,laughter,data/banks/foreground/laughter/fsd50k_laughter_59ec6a52.wav,1.1589,1.1589,0.0,0.0,-19.68,0.6399,
fsd50k_laughter_5a41d745,laughter,data/banks/foreground/laughter/fsd50k_laughter_5a41d745.wav,1.3473,1.3473,0.0,0.0,-26.13,0.2414,
fsd50k_laughter_5a6e5573,laughter,data/banks/foreground/laughter/fsd50k_laughter_5a6e5573.wav,0.736,0.736,0.0,0.0,-23.01,0.2277,
fsd50k_laughter_5ac4ed99,laughter,data/banks/foreground/laughter/fsd50k_laughter_5ac4ed99.wav,3.398,3.398,0.0,0.0,-23.21,0.477,
fsd50k_laughter_5b4439ad,laughter,data/banks/foreground/laughter/fsd50k_laughter_5b4439ad.wav,0.837,0.837,0.0,0.0,-25.94,0.3531,
fsd50k_laughter_5b901f6a,laughter,data/banks/foreground/laughter/fsd50k_laughter_5b901f6a.wav,1.156,1.156,0.0,0.0,-12.6,0.5201,
fsd50k_laughter_5b988f7c,laughter,data/banks/foreground/laughter/fsd50k_laughter_5b988f7c.wav,2.1249,2.016,0.0,0.1089,-23.21,0.2444,
fsd50k_laughter_5e06805c,laughter,data/banks/foreground/laughter/fsd50k_laughter_5e06805c.wav,1.159,1.127,0.032,0.0,-22.18,0.5841,
fsd50k_laughter_5e2692a6,laughter,data/banks/foreground/laughter/fsd50k_laughter_5e2692a6.wav,1.059,0.867,0.192,0.0,-20.09,0.4338,
fsd50k_laughter_5e995ff7,laughter,data/banks/foreground/laughter/fsd50k_laughter_5e995ff7.wav,1.6047,1.376,0.0,0.2287,-25.86,0.5063,
fsd50k_laughter_5eee72d0,laughter,data/banks/foreground/laughter/fsd50k_laughter_5eee72d0.wav,1.1591,1.1591,0.0,0.0,-21.36,0.4697,
fsd50k_laughter_5f522ac8,laughter,data/banks/foreground/laughter/fsd50k_laughter_5f522ac8.wav,1.1599,1.1599,0.0,0.0,-23.05,0.1644,
fsd50k_laughter_6070c5db,laughter,data/banks/foreground/laughter/fsd50k_laughter_6070c5db.wav,0.8391,0.672,0.0,0.1671,-18.18,0.8912,
fsd50k_laughter_609ee8ef,laughter,data/banks/foreground/laughter/fsd50k_laughter_609ee8ef.wav,1.48,1.48,0.0,0.0,-17.94,0.4648,
fsd50k_laughter_61272ece,laughter,data/banks/foreground/laughter/fsd50k_laughter_61272ece.wav,0.735,0.735,0.0,0.0,-23.81,0.1396,
fsd50k_laughter_615f0607,laughter,data/banks/foreground/laughter/fsd50k_laughter_615f0607.wav,1.059,1.027,0.032,0.0,-23.27,0.1752,
fsd50k_laughter_61e0ac27,laughter,data/banks/foreground/laughter/fsd50k_laughter_61e0ac27.wav,1.158,1.094,0.064,0.0,-22.28,0.484,
fsd50k_laughter_6285de23,laughter,data/banks/foreground/laughter/fsd50k_laughter_6285de23.wav,1.38,1.188,0.192,0.0,-21.07,0.4734,
fsd50k_laughter_63cdb164,laughter,data/banks/foreground/laughter/fsd50k_laughter_63cdb164.wav,1.158,1.158,0.0,0.0,-22.76,0.8381,
fsd50k_laughter_65537e4f,laughter,data/banks/foreground/laughter/fsd50k_laughter_65537e4f.wav,0.839,0.839,0.0,0.0,-21.01,0.3967,
fsd50k_laughter_65e2878e,laughter,data/banks/foreground/laughter/fsd50k_laughter_65e2878e.wav,1.1186,1.1186,0.0,0.0,-23.8,0.4791,
fsd50k_laughter_667e791c,laughter,data/banks/foreground/laughter/fsd50k_laughter_667e791c.wav,3.3877,3.3877,0.0,0.0,-33.24,0.3419,
fsd50k_laughter_66b84a6f,laughter,data/banks/foreground/laughter/fsd50k_laughter_66b84a6f.wav,1.3308,1.3308,0.0,0.0,-23.13,0.3451,
fsd50k_laughter_67266ded,laughter,data/banks/foreground/laughter/fsd50k_laughter_67266ded.wav,0.839,0.839,0.0,0.0,-31.61,0.1731,
fsd50k_laughter_67294cbf,laughter,data/banks/foreground/laughter/fsd50k_laughter_67294cbf.wav,0.837,0.832,0.0,0.005,-22.16,0.4758,
fsd50k_laughter_673e46e6,laughter,data/banks/foreground/laughter/fsd50k_laughter_673e46e6.wav,1.479,1.479,0.0,0.0,-20.88,0.4861,
fsd50k_laughter_68e2f53d,laughter,data/banks/foreground/laughter/fsd50k_laughter_68e2f53d.wav,1.799,1.799,0.0,0.0,-27.92,0.273,
fsd50k_laughter_6955ca24,laughter,data/banks/foreground/laughter/fsd50k_laughter_6955ca24.wav,1.06,1.06,0.0,0.0,-22.26,0.411,
fsd50k_laughter_6a0f00e6,laughter,data/banks/foreground/laughter/fsd50k_laughter_6a0f00e6.wav,1.799,1.799,0.0,0.0,-23.01,0.5481,
fsd50k_laughter_6a9a8296,laughter,data/banks/foreground/laughter/fsd50k_laughter_6a9a8296.wav,1.378,1.314,0.064,0.0,-22.09,0.545,
fsd50k_laughter_6ca9e737,laughter,data/banks/foreground/laughter/fsd50k_laughter_6ca9e737.wav,1.1589,1.1269,0.032,0.0,-19.95,0.5657,
fsd50k_laughter_6cf36db1,laughter,data/banks/foreground/laughter/fsd50k_laughter_6cf36db1.wav,1.38,1.188,0.192,0.0,-22.65,0.3529,
fsd50k_laughter_6da04b5f,laughter,data/banks/foreground/laughter/fsd50k_laughter_6da04b5f.wav,0.5632,0.5632,0.0,0.0,-23.15,0.2069,
fsd50k_laughter_6df8cd12,laughter,data/banks/foreground/laughter/fsd50k_laughter_6df8cd12.wav,0.9656,0.9656,0.0,0.0,-23.47,0.6441,
fsd50k_laughter_6e51ccf1,laughter,data/banks/foreground/laughter/fsd50k_laughter_6e51ccf1.wav,0.839,0.839,0.0,0.0,-21.96,0.8097,
fsd50k_laughter_6e8599b2,laughter,data/banks/foreground/laughter/fsd50k_laughter_6e8599b2.wav,1.059,1.059,0.0,0.0,-22.94,0.3918,
fsd50k_laughter_6f825c0b,laughter,data/banks/foreground/laughter/fsd50k_laughter_6f825c0b.wav,1.379,1.379,0.0,0.0,-22.45,0.377,
fsd50k_laughter_6f9eb9e2,laughter,data/banks/foreground/laughter/fsd50k_laughter_6f9eb9e2.wav,1.477,1.477,0.0,0.0,-21.87,0.3688,
fsd50k_laughter_707b5622,laughter,data/banks/foreground/laughter/fsd50k_laughter_707b5622.wav,1.158,1.094,0.064,0.0,-20.66,0.3668,
fsd50k_laughter_70cb1f0c,laughter,data/banks/foreground/laughter/fsd50k_laughter_70cb1f0c.wav,2.437,2.437,0.0,0.0,-24.61,0.5762,
fsd50k_laughter_721e8651,laughter,data/banks/foreground/laughter/fsd50k_laughter_721e8651.wav,1.379,1.251,0.128,0.0,-22.81,0.5946,
fsd50k_laughter_72ab9348,laughter,data/banks/foreground/laughter/fsd50k_laughter_72ab9348.wav,1.799,1.799,0.0,0.0,-23.34,0.5177,
fsd50k_laughter_73e2928a,laughter,data/banks/foreground/laughter/fsd50k_laughter_73e2928a.wav,1.7971,1.7971,0.0,0.0,-23.85,0.3652,
fsd50k_laughter_74320533,laughter,data/banks/foreground/laughter/fsd50k_laughter_74320533.wav,1.478,1.478,0.0,0.0,-25.6,0.3763,
fsd50k_laughter_75151690,laughter,data/banks/foreground/laughter/fsd50k_laughter_75151690.wav,2.439,2.439,0.0,0.0,-27.09,0.5497,
fsd50k_laughter_75ae7d2d,laughter,data/banks/foreground/laughter/fsd50k_laughter_75ae7d2d.wav,1.058,1.058,0.0,0.0,-23.01,0.4471,
fsd50k_laughter_75fe2052,laughter,data/banks/foreground/laughter/fsd50k_laughter_75fe2052.wav,0.739,0.739,0.0,0.0,-24.94,0.1549,
fsd50k_laughter_76c658fc,laughter,data/banks/foreground/laughter/fsd50k_laughter_76c658fc.wav,1.057,1.025,0.032,0.0,-24.83,0.4445,
fsd50k_laughter_7790ea54,laughter,data/banks/foreground/laughter/fsd50k_laughter_7790ea54.wav,0.9627,0.9627,0.0,0.0,-23.52,0.5697,
fsd50k_laughter_78302651,laughter,data/banks/foreground/laughter/fsd50k_laughter_78302651.wav,1.159,1.159,0.0,0.0,-26.55,0.8912,
fsd50k_laughter_7a187d3c,laughter,data/banks/foreground/laughter/fsd50k_laughter_7a187d3c.wav,1.059,1.059,0.0,0.0,-24.14,0.4056,
fsd50k_laughter_7b08c7c1,laughter,data/banks/foreground/laughter/fsd50k_laughter_7b08c7c1.wav,1.055,0.799,0.256,0.0,-22.17,0.3401,
fsd50k_laughter_7b0dce9c,laughter,data/banks/foreground/laughter/fsd50k_laughter_7b0dce9c.wav,1.159,1.159,0.0,0.0,-23.8,0.3749,
fsd50k_laughter_7bb43b06,laughter,data/banks/foreground/laughter/fsd50k_laughter_7bb43b06.wav,0.84,0.712,0.128,0.0,-21.29,0.4933,
fsd50k_laughter_7c031b4a,laughter,data/banks/foreground/laughter/fsd50k_laughter_7c031b4a.wav,1.057,1.057,0.0,0.0,-20.34,0.8161,
fsd50k_laughter_7c2ec385,laughter,data/banks/foreground/laughter/fsd50k_laughter_7c2ec385.wav,1.16,1.0,0.16,0.0,-22.91,0.421,
fsd50k_laughter_7c7d5183,laughter,data/banks/foreground/laughter/fsd50k_laughter_7c7d5183.wav,1.7999,1.7999,0.0,0.0,-23.1,0.6236,
fsd50k_laughter_7cfcc5db,laughter,data/banks/foreground/laughter/fsd50k_laughter_7cfcc5db.wav,0.74,0.74,0.0,0.0,-18.21,0.5638,
fsd50k_laughter_7d678007,laughter,data/banks/foreground/laughter/fsd50k_laughter_7d678007.wav,1.055,1.055,0.0,0.0,-23.59,0.4529,
fsd50k_laughter_7e012d31,laughter,data/banks/foreground/laughter/fsd50k_laughter_7e012d31.wav,1.059,1.027,0.032,0.0,-23.46,0.4498,
fsd50k_laughter_7e9a2a2e,laughter,data/banks/foreground/laughter/fsd50k_laughter_7e9a2a2e.wav,1.1579,1.1579,0.0,0.0,-24.22,0.6316,
fsd50k_laughter_7fb52eb1,laughter,data/banks/foreground/laughter/fsd50k_laughter_7fb52eb1.wav,1.1589,1.0949,0.064,0.0,-22.65,0.5158,
fsd50k_laughter_7ff1b62f,laughter,data/banks/foreground/laughter/fsd50k_laughter_7ff1b62f.wav,1.0948,0.96,0.064,0.0708,-22.66,0.4895,
fsd50k_laughter_80693bc6,laughter,data/banks/foreground/laughter/fsd50k_laughter_80693bc6.wav,1.4789,1.4789,0.0,0.0,-27.07,0.3381,
fsd50k_laughter_829a8ec8,laughter,data/banks/foreground/laughter/fsd50k_laughter_829a8ec8.wav,0.6096,0.6096,0.0,0.0,-23.36,0.3491,
fsd50k_laughter_829d9376,laughter,data/banks/foreground/laughter/fsd50k_laughter_829d9376.wav,0.8401,0.8401,0.0,0.0,-21.82,0.3314,
fsd50k_laughter_83814ea2,laughter,data/banks/foreground/laughter/fsd50k_laughter_83814ea2.wav,1.5035,1.472,0.0,0.0315,-25.15,0.1779,
fsd50k_laughter_83b54a35,laughter,data/banks/foreground/laughter/fsd50k_laughter_83b54a35.wav,1.054,1.022,0.032,0.0,-23.01,0.4229,
fsd50k_laughter_83e59908,laughter,data/banks/foreground/laughter/fsd50k_laughter_83e59908.wav,1.798,1.798,0.0,0.0,-19.55,0.5722,
fsd50k_laughter_84043edb,laughter,data/banks/foreground/laughter/fsd50k_laughter_84043edb.wav,1.4791,1.4791,0.0,0.0,-22.5,0.3163,
fsd50k_laughter_85a48c5d,laughter,data/banks/foreground/laughter/fsd50k_laughter_85a48c5d.wav,1.059,1.059,0.0,0.0,-21.43,0.5334,
fsd50k_laughter_85a628f2,laughter,data/banks/foreground/laughter/fsd50k_laughter_85a628f2.wav,1.5098,1.5098,0.0,0.0,-28.21,0.3379,
fsd50k_laughter_868eb91d,laughter,data/banks/foreground/laughter/fsd50k_laughter_868eb91d.wav,1.06,1.06,0.0,0.0,-23.74,0.2928,
fsd50k_laughter_87162a12,laughter,data/banks/foreground/laughter/fsd50k_laughter_87162a12.wav,1.155,1.155,0.0,0.0,-23.41,0.4837,
fsd50k_laughter_873c3817,laughter,data/banks/foreground/laughter/fsd50k_laughter_873c3817.wav,1.059,1.059,0.0,0.0,-23.92,0.2775,
fsd50k_laughter_87452156,laughter,data/banks/foreground/laughter/fsd50k_laughter_87452156.wav,3.72,3.392,0.0,0.328,-26.45,0.4248,
fsd50k_laughter_899a24e9,laughter,data/banks/foreground/laughter/fsd50k_laughter_899a24e9.wav,1.059,0.835,0.224,0.0,-21.4,0.6973,
fsd50k_laughter_8a7c8f1d,laughter,data/banks/foreground/laughter/fsd50k_laughter_8a7c8f1d.wav,1.379,1.379,0.0,0.0,-21.43,0.4381,
fsd50k_laughter_8af0214b,laughter,data/banks/foreground/laughter/fsd50k_laughter_8af0214b.wav,0.739,0.739,0.0,0.0,-22.93,0.4493,
fsd50k_laughter_8b1d8aac,laughter,data/banks/foreground/laughter/fsd50k_laughter_8b1d8aac.wav,0.4471,0.4471,0.0,0.0,-23.58,0.3048,
fsd50k_laughter_8cbb2ae6,laughter,data/banks/foreground/laughter/fsd50k_laughter_8cbb2ae6.wav,0.8399,0.8399,0.0,0.0,-33.01,0.1601,
fsd50k_laughter_8d97ca98,laughter,data/banks/foreground/laughter/fsd50k_laughter_8d97ca98.wav,2.6599,2.6599,0.0,0.0,-23.58,0.4581,
fsd50k_laughter_8de5520f,laughter,data/banks/foreground/laughter/fsd50k_laughter_8de5520f.wav,1.059,1.059,0.0,0.0,-21.41,0.4407,
fsd50k_laughter_9095ede9,laughter,data/banks/foreground/laughter/fsd50k_laughter_9095ede9.wav,0.738,0.738,0.0,0.0,-29.82,0.2726,
fsd50k_laughter_9167573c,laughter,data/banks/foreground/laughter/fsd50k_laughter_9167573c.wav,1.158,1.158,0.0,0.0,-21.8,0.6318,
fsd50k_laughter_919e65b7,laughter,data/banks/foreground/laughter/fsd50k_laughter_919e65b7.wav,3.718,3.718,0.0,0.0,-24.59,0.3818,
fsd50k_laughter_91f976cf,laughter,data/banks/foreground/laughter/fsd50k_laughter_91f976cf.wav,2.0806,2.0806,0.0,0.0,-23.65,0.4164,
fsd50k_laughter_930546bf,laughter,data/banks/foreground/laughter/fsd50k_laughter_930546bf.wav,2.119,2.119,0.0,0.0,-37.67,0.1014,
fsd50k_laughter_93b5bef1,laughter,data/banks/foreground/laughter/fsd50k_laughter_93b5bef1.wav,1.16,1.16,0.0,0.0,-20.55,0.8912,
fsd50k_laughter_9417ab93,laughter,data/banks/foreground/laughter/fsd50k_laughter_9417ab93.wav,1.378,1.378,0.0,0.0,-20.42,0.5308,
fsd50k_laughter_95a4d83d,laughter,data/banks/foreground/laughter/fsd50k_laughter_95a4d83d.wav,1.377,1.377,0.0,0.0,-21.22,0.4779,
fsd50k_laughter_95b013e1,laughter,data/banks/foreground/laughter/fsd50k_laughter_95b013e1.wav,1.379,1.379,0.0,0.0,-23.28,0.5013,
fsd50k_laughter_96109a44,laughter,data/banks/foreground/laughter/fsd50k_laughter_96109a44.wav,1.158,1.094,0.064,0.0,-18.88,0.8898,
fsd50k_laughter_9666a599,laughter,data/banks/foreground/laughter/fsd50k_laughter_9666a599.wav,1.058,1.056,0.0,0.002,-24.69,0.3671,
fsd50k_laughter_967e9c87,laughter,data/banks/foreground/laughter/fsd50k_laughter_967e9c87.wav,1.1581,1.1261,0.032,0.0,-23.42,0.4446,
fsd50k_laughter_9932d515,laughter,data/banks/foreground/laughter/fsd50k_laughter_9932d515.wav,1.1571,1.1571,0.0,0.0,-24.85,0.1676,
fsd50k_laughter_9ace26bd,laughter,data/banks/foreground/laughter/fsd50k_laughter_9ace26bd.wav,0.665,0.665,0.0,0.0,-23.2,0.5167,
fsd50k_laughter_9aec11ca,laughter,data/banks/foreground/laughter/fsd50k_laughter_9aec11ca.wav,1.1589,1.1589,0.0,0.0,-23.01,0.72,
fsd50k_laughter_9b1ea9b0,laughter,data/banks/foreground/laughter/fsd50k_laughter_9b1ea9b0.wav,1.158,1.126,0.032,0.0,-21.15,0.7259,
fsd50k_laughter_9c010213,laughter,data/banks/foreground/laughter/fsd50k_laughter_9c010213.wav,1.16,1.16,0.0,0.0,-22.01,0.5514,
fsd50k_laughter_9cb23021,laughter,data/banks/foreground/laughter/fsd50k_laughter_9cb23021.wav,1.1784,1.1784,0.0,0.0,-32.75,0.1407,
fsd50k_laughter_9da982d8,laughter,data/banks/foreground/laughter/fsd50k_laughter_9da982d8.wav,1.059,1.059,0.0,0.0,-22.87,0.6329,
fsd50k_laughter_9e05c54a,laughter,data/banks/foreground/laughter/fsd50k_laughter_9e05c54a.wav,1.054,1.054,0.0,0.0,-24.81,0.165,
fsd50k_laughter_9e85f6c7,laughter,data/banks/foreground/laughter/fsd50k_laughter_9e85f6c7.wav,1.159,1.159,0.0,0.0,-21.41,0.5759,
fsd50k_laughter_9f00a2df,laughter,data/banks/foreground/laughter/fsd50k_laughter_9f00a2df.wav,1.159,1.031,0.128,0.0,-31.11,0.1989,
fsd50k_laughter_9fd61810,laughter,data/banks/foreground/laughter/fsd50k_laughter_9fd61810.wav,0.9307,0.9307,0.0,0.0,-24.46,0.4875,
fsd50k_laughter_a0843a40,laughter,data/banks/foreground/laughter/fsd50k_laughter_a0843a40.wav,0.9658,0.9658,0.0,0.0,-22.73,0.8518,
fsd50k_laughter_a0b2f7b4,laughter,data/banks/foreground/laughter/fsd50k_laughter_a0b2f7b4.wav,0.84,0.776,0.064,0.0,-22.93,0.2865,
fsd50k_laughter_a0bad8bd,laughter,data/banks/foreground/laughter/fsd50k_laughter_a0bad8bd.wav,2.7761,2.7761,0.0,0.0,-27.1,0.3856,
fsd50k_laughter_a141ec91,laughter,data/banks/foreground/laughter/fsd50k_laughter_a141ec91.wav,1.697,1.697,0.0,0.0,-19.97,0.5769,
fsd50k_laughter_a1906a2f,laughter,data/banks/foreground/laughter/fsd50k_laughter_a1906a2f.wav,1.0948,1.0948,0.0,0.0,-24.77,0.3655,
fsd50k_laughter_a1ce1d7e,laughter,data/banks/foreground/laughter/fsd50k_laughter_a1ce1d7e.wav,0.4289,0.4289,0.0,0.0,-22.86,0.2482,
fsd50k_laughter_a46cd6ab,laughter,data/banks/foreground/laughter/fsd50k_laughter_a46cd6ab.wav,1.058,1.058,0.0,0.0,-23.2,0.4179,
fsd50k_laughter_a5a61c37,laughter,data/banks/foreground/laughter/fsd50k_laughter_a5a61c37.wav,1.799,1.799,0.0,0.0,-23.55,0.4691,
fsd50k_laughter_a5d60f94,laughter,data/banks/foreground/laughter/fsd50k_laughter_a5d60f94.wav,1.38,1.22,0.16,0.0,-19.27,0.7812,
fsd50k_laughter_a77d0445,laughter,data/banks/foreground/laughter/fsd50k_laughter_a77d0445.wav,2.017,2.017,0.0,0.0,-23.67,0.4651,
fsd50k_laughter_aabb96cd,laughter,data/banks/foreground/laughter/fsd50k_laughter_aabb96cd.wav,0.627,0.627,0.0,0.0,-26.04,0.175,
fsd50k_laughter_ab75640f,laughter,data/banks/foreground/laughter/fsd50k_laughter_ab75640f.wav,1.4512,1.4512,0.0,0.0,-23.04,0.4261,
fsd50k_laughter_acc21dce,laughter,data/banks/foreground/laughter/fsd50k_laughter_acc21dce.wav,0.8399,0.8399,0.0,0.0,-32.91,0.098,
fsd50k_laughter_acf7f739,laughter,data/banks/foreground/laughter/fsd50k_laughter_acf7f739.wav,1.058,1.058,0.0,0.0,-17.82,0.8913,
fsd50k_laughter_ae2e5922,laughter,data/banks/foreground/laughter/fsd50k_laughter_ae2e5922.wav,0.4006,0.4006,0.0,0.0,-25.71,0.375,
fsd50k_laughter_ae410d32,laughter,data/banks/foreground/laughter/fsd50k_laughter_ae410d32.wav,0.737,0.705,0.032,0.0,-23.86,0.2836,
fsd50k_laughter_ae687d18,laughter,data/banks/foreground/laughter/fsd50k_laughter_ae687d18.wav,2.12,2.12,0.0,0.0,-28.0,0.3011,
fsd50k_laughter_aeeaf38a,laughter,data/banks/foreground/laughter/fsd50k_laughter_aeeaf38a.wav,1.0333,0.896,0.096,0.0413,-24.56,0.2583,
fsd50k_laughter_af1dada7,laughter,data/banks/foreground/laughter/fsd50k_laughter_af1dada7.wav,1.056,1.024,0.032,0.0,-24.57,0.3719,
fsd50k_laughter_af8d5a54,laughter,data/banks/foreground/laughter/fsd50k_laughter_af8d5a54.wav,2.437,2.437,0.0,0.0,-27.64,0.2743,
fsd50k_laughter_af8f97c0,laughter,data/banks/foreground/laughter/fsd50k_laughter_af8f97c0.wav,1.06,1.06,0.0,0.0,-22.8,0.8913,
fsd50k_laughter_b109e0ca,laughter,data/banks/foreground/laughter/fsd50k_laughter_b109e0ca.wav,1.697,1.696,0.0,0.001,-18.8,0.8817,
fsd50k_laughter_b1894eda,laughter,data/banks/foreground/laughter/fsd50k_laughter_b1894eda.wav,0.739,0.643,0.096,0.0,-23.95,0.1682,
fsd50k_laughter_b1ebfa23,laughter,data/banks/foreground/laughter/fsd50k_laughter_b1ebfa23.wav,1.48,1.48,0.0,0.0,-21.72,0.3999,
fsd50k_laughter_b2715de4,laughter,data/banks/foreground/laughter/fsd50k_laughter_b2715de4.wav,1.158,1.158,0.0,0.0,-20.8,0.8912,
fsd50k_laughter_b2ea8b90,laughter,data/banks/foreground/laughter/fsd50k_laughter_b2ea8b90.wav,4.575,4.575,0.0,0.0,-24.32,0.2181,
fsd50k_laughter_b40ebff0,laughter,data/banks/foreground/laughter/fsd50k_laughter_b40ebff0.wav,1.16,1.16,0.0,0.0,-25.22,0.2223,
fsd50k_laughter_b4c2f9fe,laughter,data/banks/foreground/laughter/fsd50k_laughter_b4c2f9fe.wav,0.7199,0.704,0.0,0.0159,-26.1,0.247,
fsd50k_laughter_b58fa79c,laughter,data/banks/foreground/laughter/fsd50k_laughter_b58fa79c.wav,2.119,2.119,0.0,0.0,-21.45,0.3108,
fsd50k_laughter_b6419242,laughter,data/banks/foreground/laughter/fsd50k_laughter_b6419242.wav,1.0798,1.0478,0.032,0.0,-23.71,0.5829,
fsd50k_laughter_b76c772f,laughter,data/banks/foreground/laughter/fsd50k_laughter_b76c772f.wav,1.059,1.059,0.0,0.0,-22.53,0.2978,
fsd50k_laughter_b8544607,laughter,data/banks/foreground/laughter/fsd50k_laughter_b8544607.wav,1.159,1.159,0.0,0.0,-24.43,0.2292,
fsd50k_laughter_ba33ad90,laughter,data/banks/foreground/laughter/fsd50k_laughter_ba33ad90.wav,1.159,1.159,0.0,0.0,-26.0,0.4985,
fsd50k_laughter_ba43c740,laughter,data/banks/foreground/laughter/fsd50k_laughter_ba43c740.wav,1.478,1.478,0.0,0.0,-22.91,0.5318,
fsd50k_laughter_ba6fe2ae,laughter,data/banks/foreground/laughter/fsd50k_laughter_ba6fe2ae.wav,0.739,0.739,0.0,0.0,-24.51,0.308,
fsd50k_laughter_bb0dce42,laughter,data/banks/foreground/laughter/fsd50k_laughter_bb0dce42.wav,1.8,1.8,0.0,0.0,-23.99,0.4326,
fsd50k_laughter_bbe6468b,laughter,data/banks/foreground/laughter/fsd50k_laughter_bbe6468b.wav,1.797,1.797,0.0,0.0,-23.98,0.583,
fsd50k_laughter_bc65ef3e,laughter,data/banks/foreground/laughter/fsd50k_laughter_bc65ef3e.wav,0.8399,0.832,0.0,0.0079,-23.27,0.6677,
fsd50k_laughter_bd286e1b,laughter,data/banks/foreground/laughter/fsd50k_laughter_bd286e1b.wav,0.8401,0.7761,0.064,0.0,-23.4,0.352,
fsd50k_laughter_bdfababf,laughter,data/banks/foreground/laughter/fsd50k_laughter_bdfababf.wav,0.52,0.52,0.0,0.0,-19.4,0.472,
fsd50k_laughter_bea1fee7,laughter,data/banks/foreground/laughter/fsd50k_laughter_bea1fee7.wav,1.158,0.806,0.352,0.0,-21.2,0.4692,
fsd50k_laughter_bfaa687a,laughter,data/banks/foreground/laughter/fsd50k_laughter_bfaa687a.wav,0.737,0.705,0.032,0.0,-23.12,0.2196,
fsd50k_laughter_c0521d43,laughter,data/banks/foreground/laughter/fsd50k_laughter_c0521d43.wav,1.059,1.027,0.032,0.0,-20.03,0.5871,
fsd50k_laughter_c1193803,laughter,data/banks/foreground/laughter/fsd50k_laughter_c1193803.wav,1.38,1.38,0.0,0.0,-26.01,0.3543,
fsd50k_laughter_c12e4f27,laughter,data/banks/foreground/laughter/fsd50k_laughter_c12e4f27.wav,1.0357,1.0357,0.0,0.0,-22.85,0.4573,
fsd50k_laughter_c1ff2f31,laughter,data/banks/foreground/laughter/fsd50k_laughter_c1ff2f31.wav,0.739,0.739,0.0,0.0,-19.4,0.811,
fsd50k_laughter_c2998995,laughter,data/banks/foreground/laughter/fsd50k_laughter_c2998995.wav,2.12,2.12,0.0,0.0,-28.28,0.7036,
fsd50k_laughter_c2ce6f38,laughter,data/banks/foreground/laughter/fsd50k_laughter_c2ce6f38.wav,1.9512,1.8553,0.096,0.0,-24.0,0.4525,
fsd50k_laughter_c4828d97,laughter,data/banks/foreground/laughter/fsd50k_laughter_c4828d97.wav,1.1494,1.0534,0.096,0.0,-24.03,0.5536,
fsd50k_laughter_c5d0b27f,laughter,data/banks/foreground/laughter/fsd50k_laughter_c5d0b27f.wav,1.374,1.374,0.0,0.0,-25.25,0.1881,
fsd50k_laughter_c5d4e1d6,laughter,data/banks/foreground/laughter/fsd50k_laughter_c5d4e1d6.wav,4.035,4.035,0.0,0.0,-23.75,0.3095,
fsd50k_laughter_c643b260,laughter,data/banks/foreground/laughter/fsd50k_laughter_c643b260.wav,2.339,2.339,0.0,0.0,-21.0,0.5101,
fsd50k_laughter_c8a5e8ea,laughter,data/banks/foreground/laughter/fsd50k_laughter_c8a5e8ea.wav,0.736,0.736,0.0,0.0,-26.62,0.347,
fsd50k_laughter_c8c1f0a2,laughter,data/banks/foreground/laughter/fsd50k_laughter_c8c1f0a2.wav,1.7979,1.7979,0.0,0.0,-24.66,0.627,
fsd50k_laughter_c9037e75,laughter,data/banks/foreground/laughter/fsd50k_laughter_c9037e75.wav,2.6559,2.6239,0.032,0.0,-23.68,0.3751,
fsd50k_laughter_c9e032ca,laughter,data/banks/foreground/laughter/fsd50k_laughter_c9e032ca.wav,1.058,1.058,0.0,0.0,-22.36,0.3882,
fsd50k_laughter_ca0517c9,laughter,data/banks/foreground/laughter/fsd50k_laughter_ca0517c9.wav,1.48,1.48,0.0,0.0,-30.39,0.1314,
fsd50k_laughter_caf15281,laughter,data/banks/foreground/laughter/fsd50k_laughter_caf15281.wav,1.159,1.159,0.0,0.0,-24.5,0.6868,
fsd50k_laughter_cb34f9a4,laughter,data/banks/foreground/laughter/fsd50k_laughter_cb34f9a4.wav,1.06,1.028,0.032,0.0,-23.3,0.1479,
fsd50k_laughter_cb5bcb1c,laughter,data/banks/foreground/laughter/fsd50k_laughter_cb5bcb1c.wav,1.057,1.025,0.032,0.0,-23.78,0.2507,
fsd50k_laughter_cb832aba,laughter,data/banks/foreground/laughter/fsd50k_laughter_cb832aba.wav,1.0111,1.0111,0.0,0.0,-23.29,0.4962,
fsd50k_laughter_cbdccb71,laughter,data/banks/foreground/laughter/fsd50k_laughter_cbdccb71.wav,2.016,2.016,0.0,0.0,-22.89,0.3717,
fsd50k_laughter_cc281417,laughter,data/banks/foreground/laughter/fsd50k_laughter_cc281417.wav,1.054,1.022,0.032,0.0,-24.02,0.1697,
fsd50k_laughter_cd79a428,laughter,data/banks/foreground/laughter/fsd50k_laughter_cd79a428.wav,1.38,1.284,0.096,0.0,-21.4,0.4693,
fsd50k_laughter_cdd54839,laughter,data/banks/foreground/laughter/fsd50k_laughter_cdd54839.wav,1.479,1.319,0.16,0.0,-23.15,0.5443,
fsd50k_laughter_cee06bce,laughter,data/banks/foreground/laughter/fsd50k_laughter_cee06bce.wav,1.7999,1.7999,0.0,0.0,-23.14,0.5129,
fsd50k_laughter_cf0d680d,laughter,data/banks/foreground/laughter/fsd50k_laughter_cf0d680d.wav,1.055,1.055,0.0,0.0,-21.7,0.1676,
fsd50k_laughter_cfc1ce74,laughter,data/banks/foreground/laughter/fsd50k_laughter_cfc1ce74.wav,1.8,1.8,0.0,0.0,-24.5,0.2926,
fsd50k_laughter_d052a76a,laughter,data/banks/foreground/laughter/fsd50k_laughter_d052a76a.wav,1.059,0.867,0.192,0.0,-21.34,0.4646,
fsd50k_laughter_d08ebf4b,laughter,data/banks/foreground/laughter/fsd50k_laughter_d08ebf4b.wav,3.077,3.077,0.0,0.0,-23.51,0.2494,
fsd50k_laughter_d0a6e5c2,laughter,data/banks/foreground/laughter/fsd50k_laughter_d0a6e5c2.wav,1.48,1.48,0.0,0.0,-21.14,0.8164,
fsd50k_laughter_d3669d70,laughter,data/banks/foreground/laughter/fsd50k_laughter_d3669d70.wav,0.8244,0.8,0.0,0.0244,-22.2,0.4045,
fsd50k_laughter_d3a454e9,laughter,data/banks/foreground/laughter/fsd50k_laughter_d3a454e9.wav,1.3661,1.3661,0.0,0.0,-25.6,0.3036,
fsd50k_laughter_d50b690b,laughter,data/banks/foreground/laughter/fsd50k_laughter_d50b690b.wav,1.379,1.379,0.0,0.0,-24.05,0.4919,
fsd50k_laughter_d568cc9a,laughter,data/banks/foreground/laughter/fsd50k_laughter_d568cc9a.wav,2.76,2.76,0.0,0.0,-22.26,0.4073,
fsd50k_laughter_d57b8838,laughter,data/banks/foreground/laughter/fsd50k_laughter_d57b8838.wav,0.739,0.675,0.064,0.0,-23.46,0.4331,
fsd50k_laughter_d633641d,laughter,data/banks/foreground/laughter/fsd50k_laughter_d633641d.wav,1.799,1.799,0.0,0.0,-22.83,0.3828,
fsd50k_laughter_d65c9546,laughter,data/banks/foreground/laughter/fsd50k_laughter_d65c9546.wav,0.839,0.839,0.0,0.0,-20.96,0.818,
fsd50k_laughter_d7a8d6f8,laughter,data/banks/foreground/laughter/fsd50k_laughter_d7a8d6f8.wav,2.657,2.657,0.0,0.0,-23.0,0.295,
fsd50k_laughter_da25c6d3,laughter,data/banks/foreground/laughter/fsd50k_laughter_da25c6d3.wav,1.1589,1.1589,0.0,0.0,-20.23,0.7885,
fsd50k_laughter_da62bd96,laughter,data/banks/foreground/laughter/fsd50k_laughter_da62bd96.wav,1.059,0.995,0.064,0.0,-21.66,0.3499,
fsd50k_laughter_dab5ef06,laughter,data/banks/foreground/laughter/fsd50k_laughter_dab5ef06.wav,1.9647,1.9647,0.0,0.0,-24.75,0.419,
fsd50k_laughter_dbbb42f2,laughter,data/banks/foreground/laughter/fsd50k_laughter_dbbb42f2.wav,1.4979,1.4979,0.0,0.0,-24.51,0.8203,
fsd50k_laughter_dbc10ca8,laughter,data/banks/foreground/laughter/fsd50k_laughter_dbc10ca8.wav,1.1836,1.1836,0.0,0.0,-23.91,0.8913,
fsd50k_laughter_dbf6b8fa,laughter,data/banks/foreground/laughter/fsd50k_laughter_dbf6b8fa.wav,1.06,1.028,0.032,0.0,-22.34,0.8912,
fsd50k_laughter_dcadb56c,laughter,data/banks/foreground/laughter/fsd50k_laughter_dcadb56c.wav,1.2777,1.248,0.0,0.0297,-25.89,0.1936,
fsd50k_laughter_dd40d3e1,laughter,data/banks/foreground/laughter/fsd50k_laughter_dd40d3e1.wav,1.059,1.059,0.0,0.0,-21.6,0.4239,
fsd50k_laughter_dd6c11a4,laughter,data/banks/foreground/laughter/fsd50k_laughter_dd6c11a4.wav,1.059,1.059,0.0,0.0,-20.0,0.6501,
fsd50k_laughter_dff64c2e,laughter,data/banks/foreground/laughter/fsd50k_laughter_dff64c2e.wav,0.738,0.738,0.0,0.0,-23.93,0.4317,
fsd50k_laughter_e0e65a73,laughter,data/banks/foreground/laughter/fsd50k_laughter_e0e65a73.wav,1.057,1.057,0.0,0.0,-22.21,0.2277,
fsd50k_laughter_e0e987d1,laughter,data/banks/foreground/laughter/fsd50k_laughter_e0e987d1.wav,1.1574,0.96,0.096,0.1014,-23.83,0.4431,
fsd50k_laughter_e1d09248,laughter,data/banks/foreground/laughter/fsd50k_laughter_e1d09248.wav,1.8,1.8,0.0,0.0,-26.81,0.3347,
fsd50k_laughter_e1eaac6c,laughter,data/banks/foreground/laughter/fsd50k_laughter_e1eaac6c.wav,1.0308,0.96,0.032,0.0387,-25.21,0.5512,
fsd50k_laughter_e264036d,laughter,data/banks/foreground/laughter/fsd50k_laughter_e264036d.wav,1.159,1.159,0.0,0.0,-20.9,0.5294,
fsd50k_laughter_e330f7ba,laughter,data/banks/foreground/laughter/fsd50k_laughter_e330f7ba.wav,1.058,1.058,0.0,0.0,-26.58,0.1651,
fsd50k_laughter_e38b9937,laughter,data/banks/foreground/laughter/fsd50k_laughter_e38b9937.wav,1.694,1.694,0.0,0.0,-24.38,0.1709,
fsd50k_laughter_e4eddcd5,laughter,data/banks/foreground/laughter/fsd50k_laughter_e4eddcd5.wav,1.479,1.447,0.032,0.0,-26.52,0.3598,
fsd50k_laughter_e4f6c1b0,laughter,data/banks/foreground/laughter/fsd50k_laughter_e4f6c1b0.wav,1.8,1.8,0.0,0.0,-23.25,0.4376,
fsd50k_laughter_e5284885,laughter,data/banks/foreground/laughter/fsd50k_laughter_e5284885.wav,1.059,1.027,0.032,0.0,-20.04,0.533,
fsd50k_laughter_e6a5f8ff,laughter,data/banks/foreground/laughter/fsd50k_laughter_e6a5f8ff.wav,2.6559,2.4959,0.16,0.0,-22.49,0.4588,
fsd50k_laughter_e6d94673,laughter,data/banks/foreground/laughter/fsd50k_laughter_e6d94673.wav,1.06,0.996,0.064,0.0,-22.75,0.8711,
fsd50k_laughter_e81c4afa,laughter,data/banks/foreground/laughter/fsd50k_laughter_e81c4afa.wav,1.159,0.999,0.16,0.0,-20.69,0.3403,
fsd50k_laughter_e96cea2d,laughter,data/banks/foreground/laughter/fsd50k_laughter_e96cea2d.wav,0.5397,0.5397,0.0,0.0,-23.25,0.2502,
fsd50k_laughter_ea44cdc9,laughter,data/banks/foreground/laughter/fsd50k_laughter_ea44cdc9.wav,0.74,0.676,0.064,0.0,-24.4,0.1856,
fsd50k_laughter_ea97e54b,laughter,data/banks/foreground/laughter/fsd50k_laughter_ea97e54b.wav,1.478,1.478,0.0,0.0,-19.82,0.4532,
fsd50k_laughter_eb4329c2,laughter,data/banks/foreground/laughter/fsd50k_laughter_eb4329c2.wav,1.0294,1.0294,0.0,0.0,-23.4,0.4637,
fsd50k_laughter_ebdc786f,laughter,data/banks/foreground/laughter/fsd50k_laughter_ebdc786f.wav,1.4801,1.4801,0.0,0.0,-23.37,0.6511,
fsd50k_laughter_ec19e620,laughter,data/banks/foreground/laughter/fsd50k_laughter_ec19e620.wav,0.738,0.706,0.032,0.0,-19.41,0.6082,
fsd50k_laughter_ec90aa7c,laughter,data/banks/foreground/laughter/fsd50k_laughter_ec90aa7c.wav,1.06,1.06,0.0,0.0,-25.12,0.3921,
fsd50k_laughter_ed9159bc,laughter,data/banks/foreground/laughter/fsd50k_laughter_ed9159bc.wav,1.377,1.377,0.0,0.0,-25.85,0.3315,
fsd50k_laughter_ed9e7341,laughter,data/banks/foreground/laughter/fsd50k_laughter_ed9e7341.wav,1.477,1.477,0.0,0.0,-23.26,0.4196,
fsd50k_laughter_eec1ec11,laughter,data/banks/foreground/laughter/fsd50k_laughter_eec1ec11.wav,0.7111,0.7111,0.0,0.0,-24.51,0.3361,
fsd50k_laughter_ef336f47,laughter,data/banks/foreground/laughter/fsd50k_laughter_ef336f47.wav,1.055,1.023,0.032,0.0,-26.12,0.805,
fsd50k_laughter_f05918c2,laughter,data/banks/foreground/laughter/fsd50k_laughter_f05918c2.wav,1.48,1.48,0.0,0.0,-28.9,0.2773,
fsd50k_laughter_f069493d,laughter,data/banks/foreground/laughter/fsd50k_laughter_f069493d.wav,1.159,1.159,0.0,0.0,-19.2,0.3807,
fsd50k_laughter_f08f72fc,laughter,data/banks/foreground/laughter/fsd50k_laughter_f08f72fc.wav,0.739,0.707,0.032,0.0,-22.97,0.3263,
fsd50k_laughter_f0d9c6ce,laughter,data/banks/foreground/laughter/fsd50k_laughter_f0d9c6ce.wav,1.057,1.057,0.0,0.0,-20.62,0.7453,
fsd50k_laughter_f1642308,laughter,data/banks/foreground/laughter/fsd50k_laughter_f1642308.wav,1.16,1.16,0.0,0.0,-20.65,0.5787,
fsd50k_laughter_f1db875c,laughter,data/banks/foreground/laughter/fsd50k_laughter_f1db875c.wav,0.739,0.739,0.0,0.0,-21.93,0.3403,
fsd50k_laughter_f2288780,laughter,data/banks/foreground/laughter/fsd50k_laughter_f2288780.wav,1.379,1.347,0.032,0.0,-22.54,0.7144,
fsd50k_laughter_f3894edd,laughter,data/banks/foreground/laughter/fsd50k_laughter_f3894edd.wav,1.479,1.479,0.0,0.0,-26.28,0.3898,
fsd50k_laughter_f43b4828,laughter,data/banks/foreground/laughter/fsd50k_laughter_f43b4828.wav,0.839,0.743,0.096,0.0,-27.91,0.3634,
fsd50k_laughter_f5201ba6,laughter,data/banks/foreground/laughter/fsd50k_laughter_f5201ba6.wav,1.799,1.799,0.0,0.0,-21.59,0.3913,
fsd50k_laughter_f5233fbd,laughter,data/banks/foreground/laughter/fsd50k_laughter_f5233fbd.wav,2.3369,2.1449,0.192,0.0,-28.22,0.6352,
fsd50k_laughter_f6237c1e,laughter,data/banks/foreground/laughter/fsd50k_laughter_f6237c1e.wav,2.116,2.116,0.0,0.0,-27.36,0.3493,
fsd50k_laughter_f65a2f1d,laughter,data/banks/foreground/laughter/fsd50k_laughter_f65a2f1d.wav,2.2175,2.2175,0.0,0.0,-40.2,0.0621,
fsd50k_laughter_f693f04c,laughter,data/banks/foreground/laughter/fsd50k_laughter_f693f04c.wav,1.0789,1.0789,0.0,0.0,-33.03,0.1071,
fsd50k_laughter_f70d27b3,laughter,data/banks/foreground/laughter/fsd50k_laughter_f70d27b3.wav,1.1262,0.96,0.128,0.0382,-24.55,0.317,
fsd50k_laughter_f85e2250,laughter,data/banks/foreground/laughter/fsd50k_laughter_f85e2250.wav,1.059,1.027,0.032,0.0,-22.98,0.5376,
fsd50k_laughter_f88848ef,laughter,data/banks/foreground/laughter/fsd50k_laughter_f88848ef.wav,1.1599,1.1599,0.0,0.0,-20.43,0.5582,
fsd50k_laughter_f8bfe02b,laughter,data/banks/foreground/laughter/fsd50k_laughter_f8bfe02b.wav,1.056,1.024,0.032,0.0,-22.12,0.4568,
fsd50k_laughter_f92a4242,laughter,data/banks/foreground/laughter/fsd50k_laughter_f92a4242.wav,1.8409,1.8409,0.0,0.0,-24.82,0.6135,
fsd50k_laughter_f9384bd5,laughter,data/banks/foreground/laughter/fsd50k_laughter_f9384bd5.wav,1.0948,1.0308,0.064,0.0,-23.75,0.4857,
fsd50k_laughter_f964fe26,laughter,data/banks/foreground/laughter/fsd50k_laughter_f964fe26.wav,0.7663,0.672,0.032,0.0623,-23.36,0.2953,
fsd50k_laughter_f9860fa9,laughter,data/banks/foreground/laughter/fsd50k_laughter_f9860fa9.wav,1.48,1.48,0.0,0.0,-20.31,0.5869,
fsd50k_laughter_f9a0915b,laughter,data/banks/foreground/laughter/fsd50k_laughter_f9a0915b.wav,0.74,0.74,0.0,0.0,-26.04,0.474,
fsd50k_laughter_f9f96ed2,laughter,data/banks/foreground/laughter/fsd50k_laughter_f9f96ed2.wav,1.48,1.48,0.0,0.0,-29.78,0.1747,
fsd50k_laughter_fd037a5a,laughter,data/banks/foreground/laughter/fsd50k_laughter_fd037a5a.wav,1.3954,1.376,0.0,0.0194,-25.78,0.1555,
fsd50k_laughter_fd27c202,laughter,data/banks/foreground/laughter/fsd50k_laughter_fd27c202.wav,1.699,1.699,0.0,0.0,-22.81,0.3469,
fsd50k_laughter_fe0dfb43,laughter,data/banks/foreground/laughter/fsd50k_laughter_fe0dfb43.wav,2.7579,2.7579,0.0,0.0,-23.53,0.323,
fsd50k_laughter_ff629949,laughter,data/banks/foreground/laughter/fsd50k_laughter_ff629949.wav,1.3598,1.3598,0.0,0.0,-40.06,0.0757,
desed_object_drop_dishes_0064291e,object_drop_dishes,data/banks/foreground/object_drop_dishes/desed_object_drop_dishes_0064291e.wav,0.1943,0.1943,0.0,0.0,-24.15,0.7086,
desed_object_drop_dishes_0370956b,object_drop_dishes,data/banks/foreground/object_drop_dishes/desed_object_drop_dishes_0370956b.wav,0.2581,0.2581,0.0,0.0,-27.39,0.3278,
desed_object_drop_dishes_06b460d7,object_drop_dishes,data/banks/foreground/object_drop_dishes/desed_object_drop_dishes_06b460d7.wav,0.2009,0.2009,0.0,0.0,-23.28,0.5079,
desed_object_drop_dishes_0857705b,object_drop_dishes,data/banks/foreground/object_drop_dishes/desed_object_drop_dishes_0857705b.wav,0.3706,0.3706,0.0,0.0,-34.34,0.1387,
desed_object_drop_dishes_0931f2af,object_drop_dishes,data/banks/foreground/object_drop_dishes/desed_object_drop_dishes_0931f2af.wav,0.2441,0.2441,0.0,0.0,-37.55,0.4743,
desed_object_drop_dishes_0a3d0289,object_drop_dishes,data/banks/foreground/object_drop_dishes/desed_object_drop_dishes_0a3d0289.wav,0.6341,0.6341,0.0,0.0,-28.6,0.8912,
desed_object_drop_dishes_0cc28912,object_drop_dishes,data/banks/foreground/object_drop_dishes/desed_object_drop_dishes_0cc28912.wav,1.2622,1.2622,0.0,0.0,-27.71,0.2268,
desed_object_drop_dishes_142102c7,object_drop_dishes,data/banks/foreground/object_drop_dishes/desed_object_drop_dishes_142102c7.wav,0.9274,0.9274,0.0,0.0,-23.79,0.3794,
desed_object_drop_dishes_16291240,object_drop_dishes,data/banks/foreground/object_drop_dishes/desed_object_drop_dishes_16291240.wav,0.9161,0.9161,0.0,0.0,-25.29,0.8912,
desed_object_drop_dishes_1942649b,object_drop_dishes,data/banks/foreground/object_drop_dishes/desed_object_drop_dishes_1942649b.wav,0.1134,0.1134,0.0,0.0,-32.27,0.2422,
desed_object_drop_dishes_195f76e7,object_drop_dishes,data/banks/foreground/object_drop_dishes/desed_object_drop_dishes_195f76e7.wav,0.2807,0.2807,0.0,0.0,-21.24,0.7372,
desed_object_drop_dishes_19dfc39d,object_drop_dishes,data/banks/foreground/object_drop_dishes/desed_object_drop_dishes_19dfc39d.wav,1.4185,1.4185,0.0,0.0,-20.78,0.6619,
desed_object_drop_dishes_19f1f36d,object_drop_dishes,data/banks/foreground/object_drop_dishes/desed_object_drop_dishes_19f1f36d.wav,0.165,0.165,0.0,0.0,-43.83,0.0684,
desed_object_drop_dishes_1ff5a71e,object_drop_dishes,data/banks/foreground/object_drop_dishes/desed_object_drop_dishes_1ff5a71e.wav,0.8934,0.8934,0.0,0.0,-25.13,0.505,
desed_object_drop_dishes_21038e85,object_drop_dishes,data/banks/foreground/object_drop_dishes/desed_object_drop_dishes_21038e85.wav,0.2246,0.2246,0.0,0.0,-27.45,0.3578,
desed_object_drop_dishes_215d8cba,object_drop_dishes,data/banks/foreground/object_drop_dishes/desed_object_drop_dishes_215d8cba.wav,0.4095,0.4095,0.0,0.0,-24.78,0.6608,
desed_object_drop_dishes_22544b34,object_drop_dishes,data/banks/foreground/object_drop_dishes/desed_object_drop_dishes_22544b34.wav,0.2299,0.2299,0.0,0.0,-40.0,0.0969,
desed_object_drop_dishes_236f63f1,object_drop_dishes,data/banks/foreground/object_drop_dishes/desed_object_drop_dishes_236f63f1.wav,0.2503,0.2503,0.0,0.0,-39.14,0.3867,
desed_object_drop_dishes_23f796a4,object_drop_dishes,data/banks/foreground/object_drop_dishes/desed_object_drop_dishes_23f796a4.wav,0.3612,0.3612,0.0,0.0,-31.96,0.3131,
desed_object_drop_dishes_24b19e80,object_drop_dishes,data/banks/foreground/object_drop_dishes/desed_object_drop_dishes_24b19e80.wav,0.7804,0.7804,0.0,0.0,-23.49,0.5061,
desed_object_drop_dishes_2546b788,object_drop_dishes,data/banks/foreground/object_drop_dishes/desed_object_drop_dishes_2546b788.wav,0.6519,0.6519,0.0,0.0,-25.01,0.4548,
desed_object_drop_dishes_2636a50e,object_drop_dishes,data/banks/foreground/object_drop_dishes/desed_object_drop_dishes_2636a50e.wav,0.5763,0.5763,0.0,0.0,-24.2,0.746,
desed_object_drop_dishes_2890ec53,object_drop_dishes,data/banks/foreground/object_drop_dishes/desed_object_drop_dishes_2890ec53.wav,0.6128,0.6128,0.0,0.0,-25.83,0.4069,
desed_object_drop_dishes_2ac172dc,object_drop_dishes,data/banks/foreground/object_drop_dishes/desed_object_drop_dishes_2ac172dc.wav,0.2439,0.2439,0.0,0.0,-26.07,0.5121,
desed_object_drop_dishes_2fe6a14a,object_drop_dishes,data/banks/foreground/object_drop_dishes/desed_object_drop_dishes_2fe6a14a.wav,0.1604,0.1604,0.0,0.0,-20.96,0.6607,
desed_object_drop_dishes_30258c69,object_drop_dishes,data/banks/foreground/object_drop_dishes/desed_object_drop_dishes_30258c69.wav,0.2544,0.2544,0.0,0.0,-33.96,0.7867,
desed_object_drop_dishes_35b9cb2f,object_drop_dishes,data/banks/foreground/object_drop_dishes/desed_object_drop_dishes_35b9cb2f.wav,0.3627,0.3627,0.0,0.0,-42.47,0.2096,
desed_object_drop_dishes_362ce37f,object_drop_dishes,data/banks/foreground/object_drop_dishes/desed_object_drop_dishes_362ce37f.wav,0.2307,0.2307,0.0,0.0,-50.97,0.0164,
desed_object_drop_dishes_36d570d4,object_drop_dishes,data/banks/foreground/object_drop_dishes/desed_object_drop_dishes_36d570d4.wav,0.2162,0.2162,0.0,0.0,-25.13,0.5741,
desed_object_drop_dishes_3c03faf4,object_drop_dishes,data/banks/foreground/object_drop_dishes/desed_object_drop_dishes_3c03faf4.wav,0.2864,0.2864,0.0,0.0,-23.7,0.6682,
desed_object_drop_dishes_3d9309d4,object_drop_dishes,data/banks/foreground/object_drop_dishes/desed_object_drop_dishes_3d9309d4.wav,0.2066,0.2066,0.0,0.0,-38.59,0.0931,
desed_object_drop_dishes_3f706c32,object_drop_dishes,data/banks/foreground/object_drop_dishes/desed_object_drop_dishes_3f706c32.wav,0.9751,0.9751,0.0,0.0,-22.43,0.6735,
desed_object_drop_dishes_41fe53be,object_drop_dishes,data/banks/foreground/object_drop_dishes/desed_object_drop_dishes_41fe53be.wav,0.3247,0.3247,0.0,0.0,-30.21,0.2645,
desed_object_drop_dishes_43f5889b,object_drop_dishes,data/banks/foreground/object_drop_dishes/desed_object_drop_dishes_43f5889b.wav,0.2302,0.2302,0.0,0.0,-30.81,0.1735,
desed_object_drop_dishes_44cb5689,object_drop_dishes,data/banks/foreground/object_drop_dishes/desed_object_drop_dishes_44cb5689.wav,0.5284,0.5284,0.0,0.0,-25.84,0.4637,
desed_object_drop_dishes_4694d4d5,object_drop_dishes,data/banks/foreground/object_drop_dishes/desed_object_drop_dishes_4694d4d5.wav,1.9403,1.9403,0.0,0.0,-25.52,0.8713,
desed_object_drop_dishes_4812c9c9,object_drop_dishes,data/banks/foreground/object_drop_dishes/desed_object_drop_dishes_4812c9c9.wav,0.2056,0.2056,0.0,0.0,-18.93,0.8269,
desed_object_drop_dishes_4a44ca36,object_drop_dishes,data/banks/foreground/object_drop_dishes/desed_object_drop_dishes_4a44ca36.wav,0.7563,0.7563,0.0,0.0,-21.53,0.6386,
desed_object_drop_dishes_4a8c0d08,object_drop_dishes,data/banks/foreground/object_drop_dishes/desed_object_drop_dishes_4a8c0d08.wav,0.3547,0.3547,0.0,0.0,-34.02,0.1352,
desed_object_drop_dishes_4b7a604e,object_drop_dishes,data/banks/foreground/object_drop_dishes/desed_object_drop_dishes_4b7a604e.wav,0.733,0.733,0.0,0.0,-24.63,0.4102,
desed_object_drop_dishes_4bbbbb16,object_drop_dishes,data/banks/foreground/object_drop_dishes/desed_object_drop_dishes_4bbbbb16.wav,0.4174,0.4174,0.0,0.0,-25.39,0.3436,
desed_object_drop_dishes_4be4e5df,object_drop_dishes,data/banks/foreground/object_drop_dishes/desed_object_drop_dishes_4be4e5df.wav,0.9571,0.9571,0.0,0.0,-24.54,0.4503,
desed_object_drop_dishes_4c8fb8ab,object_drop_dishes,data/banks/foreground/object_drop_dishes/desed_object_drop_dishes_4c8fb8ab.wav,0.1332,0.1332,0.0,0.0,-42.39,0.0845,
desed_object_drop_dishes_4d584fa1,object_drop_dishes,data/banks/foreground/object_drop_dishes/desed_object_drop_dishes_4d584fa1.wav,1.0443,1.0443,0.0,0.0,-28.33,0.558,
desed_object_drop_dishes_4d5d30f9,object_drop_dishes,data/banks/foreground/object_drop_dishes/desed_object_drop_dishes_4d5d30f9.wav,0.1662,0.1662,0.0,0.0,-42.64,0.0686,
desed_object_drop_dishes_4d89ebdd,object_drop_dishes,data/banks/foreground/object_drop_dishes/desed_object_drop_dishes_4d89ebdd.wav,1.2087,1.2087,0.0,0.0,-38.54,0.1552,
desed_object_drop_dishes_4ed95c7a,object_drop_dishes,data/banks/foreground/object_drop_dishes/desed_object_drop_dishes_4ed95c7a.wav,1.059,1.059,0.0,0.0,-23.18,0.8913,
desed_object_drop_dishes_507798c9,object_drop_dishes,data/banks/foreground/object_drop_dishes/desed_object_drop_dishes_507798c9.wav,0.4626,0.4626,0.0,0.0,-24.84,0.1867,
desed_object_drop_dishes_51064989,object_drop_dishes,data/banks/foreground/object_drop_dishes/desed_object_drop_dishes_51064989.wav,0.6898,0.6898,0.0,0.0,-26.39,0.432,
desed_object_drop_dishes_54033c63,object_drop_dishes,data/banks/foreground/object_drop_dishes/desed_object_drop_dishes_54033c63.wav,0.6789,0.6789,0.0,0.0,-25.07,0.8913,
desed_object_drop_dishes_5628f41b,object_drop_dishes,data/banks/foreground/object_drop_dishes/desed_object_drop_dishes_5628f41b.wav,0.3043,0.3043,0.0,0.0,-39.96,0.2843,
desed_object_drop_dishes_5994b36c,object_drop_dishes,data/banks/foreground/object_drop_dishes/desed_object_drop_dishes_5994b36c.wav,0.1764,0.1764,0.0,0.0,-38.5,0.084,
desed_object_drop_dishes_5ffecb99,object_drop_dishes,data/banks/foreground/object_drop_dishes/desed_object_drop_dishes_5ffecb99.wav,1.4,1.4,0.0,0.0,-26.47,0.8913,
desed_object_drop_dishes_60bd244d,object_drop_dishes,data/banks/foreground/object_drop_dishes/desed_object_drop_dishes_60bd244d.wav,0.2947,0.2947,0.0,0.0,-42.17,0.0577,
desed_object_drop_dishes_63210c7f,object_drop_dishes,data/banks/foreground/object_drop_dishes/desed_object_drop_dishes_63210c7f.wav,0.3161,0.3161,0.0,0.0,-35.03,0.1281,
desed_object_drop_dishes_63c1e056,object_drop_dishes,data/banks/foreground/object_drop_dishes/desed_object_drop_dishes_63c1e056.wav,0.7714,0.7714,0.0,0.0,-26.47,0.3654,
desed_object_drop_dishes_63d8f1a6,object_drop_dishes,data/banks/foreground/object_drop_dishes/desed_object_drop_dishes_63d8f1a6.wav,0.2432,0.2432,0.0,0.0,-24.46,0.2302,
desed_object_drop_dishes_63f0e0ba,object_drop_dishes,data/banks/foreground/object_drop_dishes/desed_object_drop_dishes_63f0e0ba.wav,1.5437,1.5437,0.0,0.0,-25.1,0.5441,
desed_object_drop_dishes_65524b3c,object_drop_dishes,data/banks/foreground/object_drop_dishes/desed_object_drop_dishes_65524b3c.wav,0.2566,0.2566,0.0,0.0,-36.73,0.1732,
desed_object_drop_dishes_65c09025,object_drop_dishes,data/banks/foreground/object_drop_dishes/desed_object_drop_dishes_65c09025.wav,0.3534,0.3534,0.0,0.0,-21.32,0.3884,
desed_object_drop_dishes_65c30dd1,object_drop_dishes,data/banks/foreground/object_drop_dishes/desed_object_drop_dishes_65c30dd1.wav,0.3151,0.3151,0.0,0.0,-23.72,0.6598,
desed_object_drop_dishes_662b6953,object_drop_dishes,data/banks/foreground/object_drop_dishes/desed_object_drop_dishes_662b6953.wav,0.3044,0.3044,0.0,0.0,-28.5,0.3991,
desed_object_drop_dishes_6af1b8e5,object_drop_dishes,data/banks/foreground/object_drop_dishes/desed_object_drop_dishes_6af1b8e5.wav,0.1168,0.1168,0.0,0.0,-30.69,0.1922,
desed_object_drop_dishes_6afd3ab1,object_drop_dishes,data/banks/foreground/object_drop_dishes/desed_object_drop_dishes_6afd3ab1.wav,0.5965,0.5965,0.0,0.0,-26.66,0.419,
desed_object_drop_dishes_6b74f904,object_drop_dishes,data/banks/foreground/object_drop_dishes/desed_object_drop_dishes_6b74f904.wav,0.1631,0.1631,0.0,0.0,-45.4,0.0377,
desed_object_drop_dishes_6c43c880,object_drop_dishes,data/banks/foreground/object_drop_dishes/desed_object_drop_dishes_6c43c880.wav,0.2104,0.2104,0.0,0.0,-36.73,0.1216,
desed_object_drop_dishes_6d173548,object_drop_dishes,data/banks/foreground/object_drop_dishes/desed_object_drop_dishes_6d173548.wav,0.5651,0.5651,0.0,0.0,-25.17,0.6772,
desed_object_drop_dishes_6e0e0c11,object_drop_dishes,data/banks/foreground/object_drop_dishes/desed_object_drop_dishes_6e0e0c11.wav,0.4246,0.4246,0.0,0.0,-23.94,0.5801,
desed_object_drop_dishes_707e0ddf,object_drop_dishes,data/banks/foreground/object_drop_dishes/desed_object_drop_dishes_707e0ddf.wav,1.8477,1.8477,0.0,0.0,-26.12,0.7833,
desed_object_drop_dishes_72530247,object_drop_dishes,data/banks/foreground/object_drop_dishes/desed_object_drop_dishes_72530247.wav,0.4477,0.4477,0.0,0.0,-25.11,0.4581,
desed_object_drop_dishes_7651ef54,object_drop_dishes,data/banks/foreground/object_drop_dishes/desed_object_drop_dishes_7651ef54.wav,0.4592,0.4592,0.0,0.0,-26.87,0.4407,
desed_object_drop_dishes_791f7f91,object_drop_dishes,data/banks/foreground/object_drop_dishes/desed_object_drop_dishes_791f7f91.wav,0.8381,0.8381,0.0,0.0,-25.04,0.557,
desed_object_drop_dishes_7a75038b,object_drop_dishes,data/banks/foreground/object_drop_dishes/desed_object_drop_dishes_7a75038b.wav,0.565,0.565,0.0,0.0,-24.7,0.7269,
desed_object_drop_dishes_7c6e0c91,object_drop_dishes,data/banks/foreground/object_drop_dishes/desed_object_drop_dishes_7c6e0c91.wav,0.1851,0.1851,0.0,0.0,-29.65,0.2472,
desed_object_drop_dishes_7ce7866a,object_drop_dishes,data/banks/foreground/object_drop_dishes/desed_object_drop_dishes_7ce7866a.wav,0.5108,0.48,0.0,0.0308,-23.73,0.8569,
desed_object_drop_dishes_7f9a132c,object_drop_dishes,data/banks/foreground/object_drop_dishes/desed_object_drop_dishes_7f9a132c.wav,0.3667,0.3667,0.0,0.0,-31.09,0.2319,
desed_object_drop_dishes_807b6a21,object_drop_dishes,data/banks/foreground/object_drop_dishes/desed_object_drop_dishes_807b6a21.wav,0.4797,0.4797,0.0,0.0,-26.65,0.4842,
desed_object_drop_dishes_85f2a8ba,object_drop_dishes,data/banks/foreground/object_drop_dishes/desed_object_drop_dishes_85f2a8ba.wav,0.1938,0.1938,0.0,0.0,-40.18,0.1437,
desed_object_drop_dishes_877407c0,object_drop_dishes,data/banks/foreground/object_drop_dishes/desed_object_drop_dishes_877407c0.wav,0.5432,0.5432,0.0,0.0,-26.04,0.4133,
desed_object_drop_dishes_87e2de21,object_drop_dishes,data/banks/foreground/object_drop_dishes/desed_object_drop_dishes_87e2de21.wav,0.1773,0.1773,0.0,0.0,-42.42,0.0658,
desed_object_drop_dishes_87eefa3a,object_drop_dishes,data/banks/foreground/object_drop_dishes/desed_object_drop_dishes_87eefa3a.wav,2.7338,2.7338,0.0,0.0,-28.51,0.8912,
desed_object_drop_dishes_8802594f,object_drop_dishes,data/banks/foreground/object_drop_dishes/desed_object_drop_dishes_8802594f.wav,1.0964,1.0964,0.0,0.0,-26.46,0.3644,
desed_object_drop_dishes_8b5f5eb9,object_drop_dishes,data/banks/foreground/object_drop_dishes/desed_object_drop_dishes_8b5f5eb9.wav,0.2168,0.2168,0.0,0.0,-29.58,0.3005,
desed_object_drop_dishes_8b7d12d7,object_drop_dishes,data/banks/foreground/object_drop_dishes/desed_object_drop_dishes_8b7d12d7.wav,0.1612,0.1612,0.0,0.0,-18.53,0.9877,
desed_object_drop_dishes_8fd1fe72,object_drop_dishes,data/banks/foreground/object_drop_dishes/desed_object_drop_dishes_8fd1fe72.wav,0.1566,0.1566,0.0,0.0,-39.73,0.0776,
desed_object_drop_dishes_926dc52c,object_drop_dishes,data/banks/foreground/object_drop_dishes/desed_object_drop_dishes_926dc52c.wav,0.5664,0.5664,0.0,0.0,-26.05,0.6077,
desed_object_drop_dishes_9464d95f,object_drop_dishes,data/banks/foreground/object_drop_dishes/desed_object_drop_dishes_9464d95f.wav,0.436,0.436,0.0,0.0,-26.42,0.374,
desed_object_drop_dishes_9735e767,object_drop_dishes,data/banks/foreground/object_drop_dishes/desed_object_drop_dishes_9735e767.wav,0.4994,0.4994,0.0,0.0,-24.39,0.6962,
desed_object_drop_dishes_9ae10f8b,object_drop_dishes,data/banks/foreground/object_drop_dishes/desed_object_drop_dishes_9ae10f8b.wav,0.1529,0.1529,0.0,0.0,-24.09,0.4532,
desed_object_drop_dishes_9c86fd85,object_drop_dishes,data/banks/foreground/object_drop_dishes/desed_object_drop_dishes_9c86fd85.wav,0.1016,0.1016,0.0,0.0,-27.22,0.3479,
desed_object_drop_dishes_9f62685f,object_drop_dishes,data/banks/foreground/object_drop_dishes/desed_object_drop_dishes_9f62685f.wav,0.1419,0.1419,0.0,0.0,-46.49,0.0295,
desed_object_drop_dishes_a141e13c,object_drop_dishes,data/banks/foreground/object_drop_dishes/desed_object_drop_dishes_a141e13c.wav,0.8316,0.8316,0.0,0.0,-25.73,0.8913,
desed_object_drop_dishes_a2d4c4e7,object_drop_dishes,data/banks/foreground/object_drop_dishes/desed_object_drop_dishes_a2d4c4e7.wav,0.6531,0.6531,0.0,0.0,-24.9,0.8912,
desed_object_drop_dishes_a3bbf9de,object_drop_dishes,data/banks/foreground/object_drop_dishes/desed_object_drop_dishes_a3bbf9de.wav,0.2864,0.2864,0.0,0.0,-31.41,0.8756,
desed_object_drop_dishes_a3de2858,object_drop_dishes,data/banks/foreground/object_drop_dishes/desed_object_drop_dishes_a3de2858.wav,0.3558,0.3558,0.0,0.0,-37.46,0.2006,
desed_object_drop_dishes_a7e77a7d,object_drop_dishes,data/banks/foreground/object_drop_dishes/desed_object_drop_dishes_a7e77a7d.wav,0.2449,0.2449,0.0,0.0,-21.29,0.9592,
desed_object_drop_dishes_a7e8ba1b,object_drop_dishes,data/banks/foreground/object_drop_dishes/desed_object_drop_dishes_a7e8ba1b.wav,0.1344,0.1344,0.0,0.0,-34.62,0.1863,
desed_object_drop_dishes_acebad04,object_drop_dishes,data/banks/foreground/object_drop_dishes/desed_object_drop_dishes_acebad04.wav,0.8011,0.8011,0.0,0.0,-23.31,0.6826,
desed_object_drop_dishes_ad2dee57,object_drop_dishes,data/banks/foreground/object_drop_dishes/desed_object_drop_dishes_ad2dee57.wav,1.4149,1.408,0.0,0.0069,-26.48,0.4852,
desed_object_drop_dishes_b24bc78f,object_drop_dishes,data/banks/foreground/object_drop_dishes/desed_object_drop_dishes_b24bc78f.wav,0.4916,0.4916,0.0,0.0,-23.12,0.4913,
desed_object_drop_dishes_b759027b,object_drop_dishes,data/banks/foreground/object_drop_dishes/desed_object_drop_dishes_b759027b.wav,0.4231,0.4231,0.0,0.0,-25.4,0.625,
desed_object_drop_dishes_b898eb6c,object_drop_dishes,data/banks/foreground/object_drop_dishes/desed_object_drop_dishes_b898eb6c.wav,1.5224,1.5224,0.0,0.0,-26.39,0.8912,
desed_object_drop_dishes_b950dcb4,object_drop_dishes,data/banks/foreground/object_drop_dishes/desed_object_drop_dishes_b950dcb4.wav,0.1631,0.1631,0.0,0.0,-25.71,0.3464,
desed_object_drop_dishes_babea0a4,object_drop_dishes,data/banks/foreground/object_drop_dishes/desed_object_drop_dishes_babea0a4.wav,0.3706,0.3706,0.0,0.0,-23.09,0.7646,
desed_object_drop_dishes_bb4a2fa5,object_drop_dishes,data/banks/foreground/object_drop_dishes/desed_object_drop_dishes_bb4a2fa5.wav,0.5681,0.5681,0.0,0.0,-24.77,0.6164,
desed_object_drop_dishes_bbe0dbef,object_drop_dishes,data/banks/foreground/object_drop_dishes/desed_object_drop_dishes_bbe0dbef.wav,0.3238,0.3238,0.0,0.0,-26.81,0.6599,
desed_object_drop_dishes_c0555ffd,object_drop_dishes,data/banks/foreground/object_drop_dishes/desed_object_drop_dishes_c0555ffd.wav,0.2291,0.2291,0.0,0.0,-43.16,0.0442,
desed_object_drop_dishes_c3689da0,object_drop_dishes,data/banks/foreground/object_drop_dishes/desed_object_drop_dishes_c3689da0.wav,0.5032,0.5032,0.0,0.0,-24.18,0.4682,
desed_object_drop_dishes_c42d1840,object_drop_dishes,data/banks/foreground/object_drop_dishes/desed_object_drop_dishes_c42d1840.wav,0.2933,0.2933,0.0,0.0,-32.68,0.2703,
desed_object_drop_dishes_c543bb6d,object_drop_dishes,data/banks/foreground/object_drop_dishes/desed_object_drop_dishes_c543bb6d.wav,0.1434,0.1434,0.0,0.0,-35.76,0.165,
desed_object_drop_dishes_c5a0d2b9,object_drop_dishes,data/banks/foreground/object_drop_dishes/desed_object_drop_dishes_c5a0d2b9.wav,0.8764,0.8764,0.0,0.0,-26.21,0.671,
desed_object_drop_dishes_c722ee68,object_drop_dishes,data/banks/foreground/object_drop_dishes/desed_object_drop_dishes_c722ee68.wav,0.5788,0.5788,0.0,0.0,-23.71,0.6926,
desed_object_drop_dishes_c9d2e5be,object_drop_dishes,data/banks/foreground/object_drop_dishes/desed_object_drop_dishes_c9d2e5be.wav,0.237,0.237,0.0,0.0,-24.47,0.4922,
desed_object_drop_dishes_cae5fb40,object_drop_dishes,data/banks/foreground/object_drop_dishes/desed_object_drop_dishes_cae5fb40.wav,0.8094,0.8094,0.0,0.0,-25.48,0.4715,
desed_object_drop_dishes_d0a3d6e4,object_drop_dishes,data/banks/foreground/object_drop_dishes/desed_object_drop_dishes_d0a3d6e4.wav,0.2066,0.2066,0.0,0.0,-22.21,0.7291,
desed_object_drop_dishes_d2a6cdd2,object_drop_dishes,data/banks/foreground/object_drop_dishes/desed_object_drop_dishes_d2a6cdd2.wav,0.2159,0.2159,0.0,0.0,-30.44,0.365,
desed_object_drop_dishes_d50816c9,object_drop_dishes,data/banks/foreground/object_drop_dishes/desed_object_drop_dishes_d50816c9.wav,0.2575,0.2575,0.0,0.0,-51.37,0.0165,
desed_object_drop_dishes_d7220b1a,object_drop_dishes,data/banks/foreground/object_drop_dishes/desed_object_drop_dishes_d7220b1a.wav,0.7484,0.7484,0.0,0.0,-27.01,0.5406,
desed_object_drop_dishes_d7274723,object_drop_dishes,data/banks/foreground/object_drop_dishes/desed_object_drop_dishes_d7274723.wav,0.1512,0.1512,0.0,0.0,-34.04,0.1232,
desed_object_drop_dishes_da92eaf0,object_drop_dishes,data/banks/foreground/object_drop_dishes/desed_object_drop_dishes_da92eaf0.wav,0.4915,0.4915,0.0,0.0,-24.81,0.5573,
desed_object_drop_dishes_dd5802d9,object_drop_dishes,data/banks/foreground/object_drop_dishes/desed_object_drop_dishes_dd5802d9.wav,0.19,0.19,0.0,0.0,-17.7,0.7391,
desed_object_drop_dishes_e16d0bc6,object_drop_dishes,data/banks/foreground/object_drop_dishes/desed_object_drop_dishes_e16d0bc6.wav,1.7549,1.7549,0.0,0.0,-33.69,0.8913,
desed_object_drop_dishes_e2ab024f,object_drop_dishes,data/banks/foreground/object_drop_dishes/desed_object_drop_dishes_e2ab024f.wav,2.4242,2.4242,0.0,0.0,-29.74,0.8912,
desed_object_drop_dishes_e2ef3ac7,object_drop_dishes,data/banks/foreground/object_drop_dishes/desed_object_drop_dishes_e2ef3ac7.wav,2.5681,2.5681,0.0,0.0,-35.46,0.8912,
desed_object_drop_dishes_e558553d,object_drop_dishes,data/banks/foreground/object_drop_dishes/desed_object_drop_dishes_e558553d.wav,0.4345,0.4345,0.0,0.0,-25.92,0.3654,
desed_object_drop_dishes_e55e5e93,object_drop_dishes,data/banks/foreground/object_drop_dishes/desed_object_drop_dishes_e55e5e93.wav,0.1507,0.1507,0.0,0.0,-33.59,0.1375,
desed_object_drop_dishes_e6ab2350,object_drop_dishes,data/banks/foreground/object_drop_dishes/desed_object_drop_dishes_e6ab2350.wav,1.7595,1.7595,0.0,0.0,-26.3,0.3276,
desed_object_drop_dishes_f3404fb8,object_drop_dishes,data/banks/foreground/object_drop_dishes/desed_object_drop_dishes_f3404fb8.wav,0.918,0.918,0.0,0.0,-26.25,0.3449,
desed_object_drop_dishes_f6026252,object_drop_dishes,data/banks/foreground/object_drop_dishes/desed_object_drop_dishes_f6026252.wav,0.2293,0.2293,0.0,0.0,-45.09,0.0408,
desed_object_drop_dishes_f6b34129,object_drop_dishes,data/banks/foreground/object_drop_dishes/desed_object_drop_dishes_f6b34129.wav,0.2603,0.2603,0.0,0.0,-24.84,0.4757,
desed_object_drop_dishes_f72d721b,object_drop_dishes,data/banks/foreground/object_drop_dishes/desed_object_drop_dishes_f72d721b.wav,0.4129,0.4129,0.0,0.0,-25.98,0.6396,
desed_object_drop_dishes_f9e0bd76,object_drop_dishes,data/banks/foreground/object_drop_dishes/desed_object_drop_dishes_f9e0bd76.wav,0.6014,0.6014,0.0,0.0,-24.69,0.8912,
desed_object_drop_dishes_fbe96a66,object_drop_dishes,data/banks/foreground/object_drop_dishes/desed_object_drop_dishes_fbe96a66.wav,0.4366,0.4366,0.0,0.0,-26.4,0.579,
desed_object_drop_dishes_fcaa3d1c,object_drop_dishes,data/banks/foreground/object_drop_dishes/desed_object_drop_dishes_fcaa3d1c.wav,0.4528,0.448,0.0,0.0048,-23.59,0.2979,
fsd50k_object_drop_dishes_004360b2,object_drop_dishes,data/banks/foreground/object_drop_dishes/fsd50k_object_drop_dishes_004360b2.wav,1.208,0.256,0.16,0.792,-21.67,0.8912,
fsd50k_object_drop_dishes_01d0b188,object_drop_dishes,data/banks/foreground/object_drop_dishes/fsd50k_object_drop_dishes_01d0b188.wav,2.0029,0.96,0.416,0.6269,-23.37,0.8913,
fsd50k_object_drop_dishes_043495bd,object_drop_dishes,data/banks/foreground/object_drop_dishes/fsd50k_object_drop_dishes_043495bd.wav,0.4421,0.4421,0.0,0.0,-19.61,0.6599,
fsd50k_object_drop_dishes_056dd826,object_drop_dishes,data/banks/foreground/object_drop_dishes/fsd50k_object_drop_dishes_056dd826.wav,2.0,0.992,0.256,0.752,-24.35,0.6009,
fsd50k_object_drop_dishes_05ccc5a8,object_drop_dishes,data/banks/foreground/object_drop_dishes/fsd50k_object_drop_dishes_05ccc5a8.wav,2.2774,0.2934,1.984,0.0,-21.98,0.8912,
fsd50k_object_drop_dishes_06e41c67,object_drop_dishes,data/banks/foreground/object_drop_dishes/fsd50k_object_drop_dishes_06e41c67.wav,1.2588,0.672,0.0,0.5867,-20.95,0.6439,
fsd50k_object_drop_dishes_0739e6d3,object_drop_dishes,data/banks/foreground/object_drop_dishes/fsd50k_object_drop_dishes_0739e6d3.wav,1.7971,1.5731,0.224,0.0,-31.45,0.4067,
fsd50k_object_drop_dishes_07e506c8,object_drop_dishes,data/banks/foreground/object_drop_dishes/fsd50k_object_drop_dishes_07e506c8.wav,0.4438,0.4438,0.0,0.0,-20.27,0.4734,
fsd50k_object_drop_dishes_0952bd85,object_drop_dishes,data/banks/foreground/object_drop_dishes/fsd50k_object_drop_dishes_0952bd85.wav,1.5406,0.448,0.16,0.9326,-26.62,0.8913,
fsd50k_object_drop_dishes_0f3279b1,object_drop_dishes,data/banks/foreground/object_drop_dishes/fsd50k_object_drop_dishes_0f3279b1.wav,1.1569,1.0289,0.128,0.0,-25.48,0.5192,
fsd50k_object_drop_dishes_11021c0d,object_drop_dishes,data/banks/foreground/object_drop_dishes/fsd50k_object_drop_dishes_11021c0d.wav,0.8293,0.7653,0.064,0.0,-19.48,0.8913,
fsd50k_object_drop_dishes_13c48f0e,object_drop_dishes,data/banks/foreground/object_drop_dishes/fsd50k_object_drop_dishes_13c48f0e.wav,1.2884,1.2564,0.032,0.0,-23.28,0.4485,
fsd50k_object_drop_dishes_140f1c19,object_drop_dishes,data/banks/foreground/object_drop_dishes/fsd50k_object_drop_dishes_140f1c19.wav,1.0729,0.704,0.032,0.3369,-19.87,0.6821,
fsd50k_object_drop_dishes_14224e51,object_drop_dishes,data/banks/foreground/object_drop_dishes/fsd50k_object_drop_dishes_14224e51.wav,2.8854,2.208,0.0,0.6774,-22.14,0.5639,
fsd50k_object_drop_dishes_143de109,object_drop_dishes,data/banks/foreground/object_drop_dishes/fsd50k_object_drop_dishes_143de109.wav,3.7673,3.552,0.0,0.2152,-24.89,0.3805,
fsd50k_object_drop_dishes_145fe20d,object_drop_dishes,data/banks/foreground/object_drop_dishes/fsd50k_object_drop_dishes_145fe20d.wav,0.5875,0.5875,0.0,0.0,-35.62,0.1537,
fsd50k_object_drop_dishes_14781edd,object_drop_dishes,data/banks/foreground/object_drop_dishes/fsd50k_object_drop_dishes_14781edd.wav,1.2246,1.1926,0.032,0.0,-20.98,0.6701,
fsd50k_object_drop_dishes_14ac1cbd,object_drop_dishes,data/banks/foreground/object_drop_dishes/fsd50k_object_drop_dishes_14ac1cbd.wav,1.9895,1.088,0.0,0.9015,-28.49,0.8913,
fsd50k_object_drop_dishes_14fd0ef0,object_drop_dishes,data/banks/foreground/object_drop_dishes/fsd50k_object_drop_dishes_14fd0ef0.wav,0.7256,0.32,0.0,0.4056,-17.69,0.8639,
fsd50k_object_drop_dishes_15c45bf0,object_drop_dishes,data/banks/foreground/object_drop_dishes/fsd50k_object_drop_dishes_15c45bf0.wav,1.0208,0.96,0.0,0.0607,-27.07,0.5252,
fsd50k_object_drop_dishes_16b3d03b,object_drop_dishes,data/banks/foreground/object_drop_dishes/fsd50k_object_drop_dishes_16b3d03b.wav,1.1589,1.1589,0.0,0.0,-29.1,0.4916,
fsd50k_object_drop_dishes_17ea1e4c,object_drop_dishes,data/banks/foreground/object_drop_dishes/fsd50k_object_drop_dishes_17ea1e4c.wav,1.1146,0.896,0.032,0.1866,-20.35,0.6744,
fsd50k_object_drop_dishes_1927b144,object_drop_dishes,data/banks/foreground/object_drop_dishes/fsd50k_object_drop_dishes_1927b144.wav,0.5833,0.576,0.0,0.0073,-21.59,0.5449,
fsd50k_object_drop_dishes_1b00aeae,object_drop_dishes,data/banks/foreground/object_drop_dishes/fsd50k_object_drop_dishes_1b00aeae.wav,3.75,1.984,0.096,1.67,-25.83,0.8913,
fsd50k_object_drop_dishes_1b87748c,object_drop_dishes,data/banks/foreground/object_drop_dishes/fsd50k_object_drop_dishes_1b87748c.wav,1.16,1.16,0.0,0.0,-21.59,0.7622,
fsd50k_object_drop_dishes_1d037160,object_drop_dishes,data/banks/foreground/object_drop_dishes/fsd50k_object_drop_dishes_1d037160.wav,0.7555,0.32,0.0,0.4355,-20.59,0.8912,
fsd50k_object_drop_dishes_1d471f4d,object_drop_dishes,data/banks/foreground/object_drop_dishes/fsd50k_object_drop_dishes_1d471f4d.wav,17.7529,17.472,0.0,0.2809,-26.89,0.5015,
fsd50k_object_drop_dishes_1ee83b71,object_drop_dishes,data/banks/foreground/object_drop_dishes/fsd50k_object_drop_dishes_1ee83b71.wav,0.74,0.74,0.0,0.0,-31.67,0.3663,
fsd50k_object_drop_dishes_20353502,object_drop_dishes,data/banks/foreground/object_drop_dishes/fsd50k_object_drop_dishes_20353502.wav,1.2813,0.832,0.0,0.4493,-19.36,0.6679,
fsd50k_object_drop_dishes_2158aecd,object_drop_dishes,data/banks/foreground/object_drop_dishes/fsd50k_object_drop_dishes_2158aecd.wav,0.5414,0.48,0.0,0.0614,-23.6,0.4891,
fsd50k_object_drop_dishes_22d01fb7,object_drop_dishes,data/banks/foreground/object_drop_dishes/fsd50k_object_drop_dishes_22d01fb7.wav,0.9056,0.9056,0.0,0.0,-24.04,0.8912,
fsd50k_object_drop_dishes_2376cf9d,object_drop_dishes,data/banks/foreground/object_drop_dishes/fsd50k_object_drop_dishes_2376cf9d.wav,0.9992,0.416,0.0,0.5832,-19.7,0.5079,
fsd50k_object_drop_dishes_239bd312,object_drop_dishes,data/banks/foreground/object_drop_dishes/fsd50k_object_drop_dishes_239bd312.wav,0.8329,0.8329,0.0,0.0,-24.87,0.8913,
fsd50k_object_drop_dishes_242659bd,object_drop_dishes,data/banks/foreground/object_drop_dishes/fsd50k_object_drop_dishes_242659bd.wav,2.1867,1.952,0.096,0.1387,-28.14,0.714,
fsd50k_object_drop_dishes_245dec9f,object_drop_dishes,data/banks/foreground/object_drop_dishes/fsd50k_object_drop_dishes_245dec9f.wav,9.2416,9.2416,0.0,0.0,-29.18,0.7575,
fsd50k_object_drop_dishes_255b539f,object_drop_dishes,data/banks/foreground/object_drop_dishes/fsd50k_object_drop_dishes_255b539f.wav,0.875,0.512,0.192,0.171,-25.99,0.4231,
fsd50k_object_drop_dishes_25d91001,object_drop_dishes,data/banks/foreground/object_drop_dishes/fsd50k_object_drop_dishes_25d91001.wav,1.159,0.999,0.16,0.0,-22.4,0.8912,
fsd50k_object_drop_dishes_2673ca31,object_drop_dishes,data/banks/foreground/object_drop_dishes/fsd50k_object_drop_dishes_2673ca31.wav,2.6976,2.624,0.0,0.0736,-22.65,0.8812,
fsd50k_object_drop_dishes_27704cbb,object_drop_dishes,data/banks/foreground/object_drop_dishes/fsd50k_object_drop_dishes_27704cbb.wav,1.6459,1.344,0.0,0.3019,-20.99,0.5098,
fsd50k_object_drop_dishes_291a504b,object_drop_dishes,data/banks/foreground/object_drop_dishes/fsd50k_object_drop_dishes_291a504b.wav,4.1539,2.112,0.064,1.9779,-24.3,0.3618,
fsd50k_object_drop_dishes_2960880c,object_drop_dishes,data/banks/foreground/object_drop_dishes/fsd50k_object_drop_dishes_2960880c.wav,2.875,1.664,0.0,1.211,-21.58,0.4533,
fsd50k_object_drop_dishes_2a56d97c,object_drop_dishes,data/banks/foreground/object_drop_dishes/fsd50k_object_drop_dishes_2a56d97c.wav,1.8751,1.152,0.064,0.6591,-22.09,0.8442,
fsd50k_object_drop_dishes_2a9df7a6,object_drop_dishes,data/banks/foreground/object_drop_dishes/fsd50k_object_drop_dishes_2a9df7a6.wav,0.8561,0.8561,0.0,0.0,-31.64,0.8912,
fsd50k_object_drop_dishes_2b04bd10,object_drop_dishes,data/banks/foreground/object_drop_dishes/fsd50k_object_drop_dishes_2b04bd10.wav,1.4751,1.4751,0.0,0.0,-23.81,0.7417,
fsd50k_object_drop_dishes_2b3cb463,object_drop_dishes,data/banks/foreground/object_drop_dishes/fsd50k_object_drop_dishes_2b3cb463.wav,1.125,0.896,0.0,0.229,-19.54,0.7151,
fsd50k_object_drop_dishes_2b750c1a,object_drop_dishes,data/banks/foreground/object_drop_dishes/fsd50k_object_drop_dishes_2b750c1a.wav,1.418,0.608,0.32,0.49,-24.98,0.8913,
fsd50k_object_drop_dishes_2c377606,object_drop_dishes,data/banks/foreground/object_drop_dishes/fsd50k_object_drop_dishes_2c377606.wav,4.9732,4.064,0.0,0.9092,-22.96,0.6445,
fsd50k_object_drop_dishes_2d4ca118,object_drop_dishes,data/banks/foreground/object_drop_dishes/fsd50k_object_drop_dishes_2d4ca118.wav,0.3271,0.256,0.0,0.0711,-25.03,0.9267,
fsd50k_object_drop_dishes_2da01df0,object_drop_dishes,data/banks/foreground/object_drop_dishes/fsd50k_object_drop_dishes_2da01df0.wav,0.5733,0.512,0.0,0.0612,-24.31,0.7978,
fsd50k_object_drop_dishes_2e5ab973,object_drop_dishes,data/banks/foreground/object_drop_dishes/fsd50k_object_drop_dishes_2e5ab973.wav,0.4589,0.448,0.0,0.0109,-23.98,0.7625,
fsd50k_object_drop_dishes_2e9b4292,object_drop_dishes,data/banks/foreground/object_drop_dishes/fsd50k_object_drop_dishes_2e9b4292.wav,0.4354,0.4354,0.0,0.0,-25.65,0.4915,
fsd50k_object_drop_dishes_30c54341,object_drop_dishes,data/banks/foreground/object_drop_dishes/fsd50k_object_drop_dishes_30c54341.wav,0.3656,0.352,0.0,0.0136,-13.35,1.0,
fsd50k_object_drop_dishes_31e831db,object_drop_dishes,data/banks/foreground/object_drop_dishes/fsd50k_object_drop_dishes_31e831db.wav,0.3524,0.352,0.0,0.0004,-8.44,1.0,
fsd50k_object_drop_dishes_3216eb72,object_drop_dishes,data/banks/foreground/object_drop_dishes/fsd50k_object_drop_dishes_3216eb72.wav,0.7489,0.544,0.0,0.2049,-21.21,0.4963,
fsd50k_object_drop_dishes_328e4d66,object_drop_dishes,data/banks/foreground/object_drop_dishes/fsd50k_object_drop_dishes_328e4d66.wav,6.4668,6.144,0.064,0.2588,-23.05,0.4046,
fsd50k_object_drop_dishes_32b0858a,object_drop_dishes,data/banks/foreground/object_drop_dishes/fsd50k_object_drop_dishes_32b0858a.wav,1.1378,1.1378,0.0,0.0,-25.94,0.6801,
fsd50k_object_drop_dishes_338d5b77,object_drop_dishes,data/banks/foreground/object_drop_dishes/fsd50k_object_drop_dishes_338d5b77.wav,0.5116,0.416,0.0,0.0956,-22.77,0.4879,
fsd50k_object_drop_dishes_34b5e6cb,object_drop_dishes,data/banks/foreground/object_drop_dishes/fsd50k_object_drop_dishes_34b5e6cb.wav,0.7091,0.416,0.032,0.2611,-25.17,0.8912,
fsd50k_object_drop_dishes_34ff8ecf,object_drop_dishes,data/banks/foreground/object_drop_dishes/fsd50k_object_drop_dishes_34ff8ecf.wav,3.4555,1.92,0.0,1.5355,-28.31,0.8913,
fsd50k_object_drop_dishes_3559c394,object_drop_dishes,data/banks/foreground/object_drop_dishes/fsd50k_object_drop_dishes_3559c394.wav,0.7984,0.768,0.0,0.0304,-22.34,0.7077,
fsd50k_object_drop_dishes_3568a3b4,object_drop_dishes,data/banks/foreground/object_drop_dishes/fsd50k_object_drop_dishes_3568a3b4.wav,1.375,0.864,0.0,0.511,-22.34,0.8913,
fsd50k_object_drop_dishes_3579c79c,object_drop_dishes,data/banks/foreground/object_drop_dishes/fsd50k_object_drop_dishes_3579c79c.wav,0.7436,0.7436,0.0,0.0,-31.24,0.8912,
fsd50k_object_drop_dishes_365f8132,object_drop_dishes,data/banks/foreground/object_drop_dishes/fsd50k_object_drop_dishes_365f8132.wav,6.3751,4.544,0.096,1.7351,-33.74,0.8913,
fsd50k_object_drop_dishes_37a9ebb6,object_drop_dishes,data/banks/foreground/object_drop_dishes/fsd50k_object_drop_dishes_37a9ebb6.wav,1.3048,0.768,0.0,0.5367,-18.82,0.8512,
fsd50k_object_drop_dishes_380060ea,object_drop_dishes,data/banks/foreground/object_drop_dishes/fsd50k_object_drop_dishes_380060ea.wav,1.3302,0.704,0.0,0.6262,-19.37,0.6602,
fsd50k_object_drop_dishes_38387c2c,object_drop_dishes,data/banks/foreground/object_drop_dishes/fsd50k_object_drop_dishes_38387c2c.wav,1.698,1.698,0.0,0.0,-44.63,0.1442,
fsd50k_object_drop_dishes_399e26e8,object_drop_dishes,data/banks/foreground/object_drop_dishes/fsd50k_object_drop_dishes_399e26e8.wav,1.3733,0.768,0.0,0.6053,-28.35,0.8913,
fsd50k_object_drop_dishes_3ad361fc,object_drop_dishes,data/banks/foreground/object_drop_dishes/fsd50k_object_drop_dishes_3ad361fc.wav,0.74,0.74,0.0,0.0,-29.25,0.6039,
fsd50k_object_drop_dishes_3b9fc540,object_drop_dishes,data/banks/foreground/object_drop_dishes/fsd50k_object_drop_dishes_3b9fc540.wav,1.3933,1.376,0.0,0.0173,-23.43,0.6111,
fsd50k_object_drop_dishes_3bb99042,object_drop_dishes,data/banks/foreground/object_drop_dishes/fsd50k_object_drop_dishes_3bb99042.wav,0.75,0.576,0.064,0.11,-27.01,0.4915,
fsd50k_object_drop_dishes_3c9513bc,object_drop_dishes,data/banks/foreground/object_drop_dishes/fsd50k_object_drop_dishes_3c9513bc.wav,1.7391,0.864,0.0,0.8751,-20.64,0.4401,
fsd50k_object_drop_dishes_3d8d16ba,object_drop_dishes,data/banks/foreground/object_drop_dishes/fsd50k_object_drop_dishes_3d8d16ba.wav,1.059,1.059,0.0,0.0,-23.51,0.8912,
fsd50k_object_drop_dishes_3f35d026,object_drop_dishes,data/banks/foreground/object_drop_dishes/fsd50k_object_drop_dishes_3f35d026.wav,0.8316,0.8316,0.0,0.0,-25.73,0.8913,
fsd50k_object_drop_dishes_3ffded82,object_drop_dishes,data/banks/foreground/object_drop_dishes/fsd50k_object_drop_dishes_3ffded82.wav,1.1957,0.288,0.0,0.9077,-20.87,0.822,
fsd50k_object_drop_dishes_403edf14,object_drop_dishes,data/banks/foreground/object_drop_dishes/fsd50k_object_drop_dishes_403edf14.wav,13.2824,13.184,0.0,0.0984,-34.93,0.8912,
fsd50k_object_drop_dishes_44b0a04c,object_drop_dishes,data/banks/foreground/object_drop_dishes/fsd50k_object_drop_dishes_44b0a04c.wav,2.4822,2.368,0.0,0.1142,-22.74,0.8912,
fsd50k_object_drop_dishes_468c54f2,object_drop_dishes,data/banks/foreground/object_drop_dishes/fsd50k_object_drop_dishes_468c54f2.wav,2.25,1.184,0.16,0.906,-22.48,0.4002,
fsd50k_object_drop_dishes_46c9c465,object_drop_dishes,data/banks/foreground/object_drop_dishes/fsd50k_object_drop_dishes_46c9c465.wav,2.5,1.472,0.0,1.028,-20.44,0.5241,
fsd50k_object_drop_dishes_47971950,object_drop_dishes,data/banks/foreground/object_drop_dishes/fsd50k_object_drop_dishes_47971950.wav,0.582,0.582,0.0,0.0,-22.91,0.4315,
fsd50k_object_drop_dishes_47a1f1c1,object_drop_dishes,data/banks/foreground/object_drop_dishes/fsd50k_object_drop_dishes_47a1f1c1.wav,1.1685,0.512,0.0,0.6565,-26.43,0.8913,
fsd50k_object_drop_dishes_47d5391a,object_drop_dishes,data/banks/foreground/object_drop_dishes/fsd50k_object_drop_dishes_47d5391a.wav,0.8,0.8,0.0,0.0,-26.8,0.7022,
fsd50k_object_drop_dishes_48aabb6e,object_drop_dishes,data/banks/foreground/object_drop_dishes/fsd50k_object_drop_dishes_48aabb6e.wav,0.8197,0.288,0.064,0.4677,-23.59,0.8912,
fsd50k_object_drop_dishes_48af71fb,object_drop_dishes,data/banks/foreground/object_drop_dishes/fsd50k_object_drop_dishes_48af71fb.wav,0.3026,0.3026,0.0,0.0,-17.83,1.0,
fsd50k_object_drop_dishes_494891fa,object_drop_dishes,data/banks/foreground/object_drop_dishes/fsd50k_object_drop_dishes_494891fa.wav,0.7619,0.7619,0.0,0.0,-21.9,0.8913,
fsd50k_object_drop_dishes_4bb63982,object_drop_dishes,data/banks/foreground/object_drop_dishes/fsd50k_object_drop_dishes_4bb63982.wav,2.2505,2.2505,0.0,0.0,-28.53,0.7053,
fsd50k_object_drop_dishes_4cf2b2be,object_drop_dishes,data/banks/foreground/object_drop_dishes/fsd50k_object_drop_dishes_4cf2b2be.wav,0.9709,0.928,0.0,0.0429,-26.16,0.7274,
fsd50k_object_drop_dishes_4e6040ed,object_drop_dishes,data/banks/foreground/object_drop_dishes/fsd50k_object_drop_dishes_4e6040ed.wav,1.3725,0.448,0.416,0.5085,-20.48,0.5949,
fsd50k_object_drop_dishes_4f38be64,object_drop_dishes,data/banks/foreground/object_drop_dishes/fsd50k_object_drop_dishes_4f38be64.wav,3.5041,1.408,2.08,0.0161,-25.2,0.323,
fsd50k_object_drop_dishes_507e9200,object_drop_dishes,data/banks/foreground/object_drop_dishes/fsd50k_object_drop_dishes_507e9200.wav,1.8594,1.8594,0.0,0.0,-27.41,0.3684,
fsd50k_object_drop_dishes_51a2c8f1,object_drop_dishes,data/banks/foreground/object_drop_dishes/fsd50k_object_drop_dishes_51a2c8f1.wav,0.6763,0.672,0.0,0.0043,-25.38,0.5399,
fsd50k_object_drop_dishes_51c98315,object_drop_dishes,data/banks/foreground/object_drop_dishes/fsd50k_object_drop_dishes_51c98315.wav,1.379,1.379,0.0,0.0,-21.07,0.6265,
fsd50k_object_drop_dishes_547fa5e3,object_drop_dishes,data/banks/foreground/object_drop_dishes/fsd50k_object_drop_dishes_547fa5e3.wav,2.5501,2.304,0.0,0.2461,-32.93,0.8912,
fsd50k_object_drop_dishes_555f6a50,object_drop_dishes,data/banks/foreground/object_drop_dishes/fsd50k_object_drop_dishes_555f6a50.wav,1.2364,1.2044,0.032,0.0,-26.96,0.6128,
fsd50k_object_drop_dishes_55ac43bc,object_drop_dishes,data/banks/foreground/object_drop_dishes/fsd50k_object_drop_dishes_55ac43bc.wav,0.6617,0.6617,0.0,0.0,-24.76,0.8912,
fsd50k_object_drop_dishes_55c0aa12,object_drop_dishes,data/banks/foreground/object_drop_dishes/fsd50k_object_drop_dishes_55c0aa12.wav,0.4616,0.288,0.128,0.0456,-21.77,0.6893,
fsd50k_object_drop_dishes_580825a4,object_drop_dishes,data/banks/foreground/object_drop_dishes/fsd50k_object_drop_dishes_580825a4.wav,2.5,0.928,0.032,1.54,-28.53,0.6714,
fsd50k_object_drop_dishes_59dc827e,object_drop_dishes,data/banks/foreground/object_drop_dishes/fsd50k_object_drop_dishes_59dc827e.wav,1.4321,1.216,0.0,0.2161,-20.35,0.6144,
fsd50k_object_drop_dishes_5a64d664,object_drop_dishes,data/banks/foreground/object_drop_dishes/fsd50k_object_drop_dishes_5a64d664.wav,19.8069,18.208,0.224,1.3749,-25.66,0.5595,
fsd50k_object_drop_dishes_5a9fb364,object_drop_dishes,data/banks/foreground/object_drop_dishes/fsd50k_object_drop_dishes_5a9fb364.wav,2.1547,2.1227,0.032,0.0,-21.87,0.748,
fsd50k_object_drop_dishes_5b0ea5c4,object_drop_dishes,data/banks/foreground/object_drop_dishes/fsd50k_object_drop_dishes_5b0ea5c4.wav,0.7802,0.64,0.0,0.1402,-19.69,0.8702,
fsd50k_object_drop_dishes_5cc7b7a6,object_drop_dishes,data/banks/foreground/object_drop_dishes/fsd50k_object_drop_dishes_5cc7b7a6.wav,0.739,0.32,0.0,0.419,-22.48,0.6694,
fsd50k_object_drop_dishes_5ceb6fc6,object_drop_dishes,data/banks/foreground/object_drop_dishes/fsd50k_object_drop_dishes_5ceb6fc6.wav,2.7499,2.72,0.0,0.0299,-25.65,0.8913,
fsd50k_object_drop_dishes_5d3fba0a,object_drop_dishes,data/banks/foreground/object_drop_dishes/fsd50k_object_drop_dishes_5d3fba0a.wav,0.5893,0.576,0.0,0.0132,-23.08,0.6112,
fsd50k_object_drop_dishes_5e23bcea,object_drop_dishes,data/banks/foreground/object_drop_dishes/fsd50k_object_drop_dishes_5e23bcea.wav,0.733,0.64,0.032,0.061,-23.55,0.319,
fsd50k_object_drop_dishes_5f0d6ffb,object_drop_dishes,data/banks/foreground/object_drop_dishes/fsd50k_object_drop_dishes_5f0d6ffb.wav,0.738,0.738,0.0,0.0,-24.02,0.8913,
fsd50k_object_drop_dishes_5f5259b2,object_drop_dishes,data/banks/foreground/object_drop_dishes/fsd50k_object_drop_dishes_5f5259b2.wav,3.9954,2.752,0.0,1.2434,-26.49,0.8913,
fsd50k_object_drop_dishes_5fe4efa4,object_drop_dishes,data/banks/foreground/object_drop_dishes/fsd50k_object_drop_dishes_5fe4efa4.wav,1.1641,0.896,0.0,0.2681,-20.49,0.4774,
fsd50k_object_drop_dishes_5ff993a0,object_drop_dishes,data/banks/foreground/object_drop_dishes/fsd50k_object_drop_dishes_5ff993a0.wav,0.7844,0.704,0.0,0.0804,-18.58,0.7442,
fsd50k_object_drop_dishes_61168af2,object_drop_dishes,data/banks/foreground/object_drop_dishes/fsd50k_object_drop_dishes_61168af2.wav,1.1511,0.576,0.0,0.5751,-27.69,0.7094,
fsd50k_object_drop_dishes_61d2d9ab,object_drop_dishes,data/banks/foreground/object_drop_dishes/fsd50k_object_drop_dishes_61d2d9ab.wav,0.9927,0.416,0.16,0.4167,-27.58,0.8913,
fsd50k_object_drop_dishes_62093327,object_drop_dishes,data/banks/foreground/object_drop_dishes/fsd50k_object_drop_dishes_62093327.wav,0.4718,0.4718,0.0,0.0,-19.4,0.6003,
fsd50k_object_drop_dishes_62304c6d,object_drop_dishes,data/banks/foreground/object_drop_dishes/fsd50k_object_drop_dishes_62304c6d.wav,0.9889,0.736,0.0,0.2529,-22.28,0.6055,
fsd50k_object_drop_dishes_62864fd4,object_drop_dishes,data/banks/foreground/object_drop_dishes/fsd50k_object_drop_dishes_62864fd4.wav,0.5833,0.576,0.0,0.0073,-21.59,0.5449,
fsd50k_object_drop_dishes_64a20e8e,object_drop_dishes,data/banks/foreground/object_drop_dishes/fsd50k_object_drop_dishes_64a20e8e.wav,1.9463,1.9463,0.0,0.0,-25.44,0.8913,
fsd50k_object_drop_dishes_65109dfb,object_drop_dishes,data/banks/foreground/object_drop_dishes/fsd50k_object_drop_dishes_65109dfb.wav,1.059,1.059,0.0,0.0,-24.66,0.6331,
fsd50k_object_drop_dishes_66aba188,object_drop_dishes,data/banks/foreground/object_drop_dishes/fsd50k_object_drop_dishes_66aba188.wav,0.9148,0.8508,0.064,0.0,-26.92,0.6608,
fsd50k_object_drop_dishes_66f4f9bb,object_drop_dishes,data/banks/foreground/object_drop_dishes/fsd50k_object_drop_dishes_66f4f9bb.wav,0.3987,0.3987,0.0,0.0,-15.59,1.0,
fsd50k_object_drop_dishes_68c61602,object_drop_dishes,data/banks/foreground/object_drop_dishes/fsd50k_object_drop_dishes_68c61602.wav,8.4521,8.448,0.0,0.0041,-27.1,0.612,
fsd50k_object_drop_dishes_6a76a4a4,object_drop_dishes,data/banks/foreground/object_drop_dishes/fsd50k_object_drop_dishes_6a76a4a4.wav,4.0,3.648,0.0,0.352,-19.0,0.8913,
fsd50k_object_drop_dishes_6b906718,object_drop_dishes,data/banks/foreground/object_drop_dishes/fsd50k_object_drop_dishes_6b906718.wav,0.6734,0.64,0.0,0.0334,-22.66,0.4883,
fsd50k_object_drop_dishes_6b97c737,object_drop_dishes,data/banks/foreground/object_drop_dishes/fsd50k_object_drop_dishes_6b97c737.wav,0.5945,0.448,0.0,0.1465,-20.25,0.6765,
fsd50k_object_drop_dishes_6bf632a7,object_drop_dishes,data/banks/foreground/object_drop_dishes/fsd50k_object_drop_dishes_6bf632a7.wav,2.5,0.448,0.096,1.956,-21.82,0.5764,
fsd50k_object_drop_dishes_6e543a2c,object_drop_dishes,data/banks/foreground/object_drop_dishes/fsd50k_object_drop_dishes_6e543a2c.wav,1.5693,0.672,0.256,0.6412,-22.97,0.771,
fsd50k_object_drop_dishes_6e6cdae5,object_drop_dishes,data/banks/foreground/object_drop_dishes/fsd50k_object_drop_dishes_6e6cdae5.wav,1.9278,1.024,0.32,0.5837,-29.07,0.8913,
fsd50k_object_drop_dishes_6eca1116,object_drop_dishes,data/banks/foreground/object_drop_dishes/fsd50k_object_drop_dishes_6eca1116.wav,1.2596,1.2596,0.0,0.0,-34.15,0.1062,
fsd50k_object_drop_dishes_6fcde442,object_drop_dishes,data/banks/foreground/object_drop_dishes/fsd50k_object_drop_dishes_6fcde442.wav,1.4647,1.4647,0.0,0.0,-25.18,0.3404,
fsd50k_object_drop_dishes_7012b8dd,object_drop_dishes,data/banks/foreground/object_drop_dishes/fsd50k_object_drop_dishes_7012b8dd.wav,0.4166,0.352,0.0,0.0646,-21.17,0.5909,
fsd50k_object_drop_dishes_7376471a,object_drop_dishes,data/banks/foreground/object_drop_dishes/fsd50k_object_drop_dishes_7376471a.wav,7.6808,4.48,0.0,3.2008,-22.21,0.5577,
fsd50k_object_drop_dishes_74045354,object_drop_dishes,data/banks/foreground/object_drop_dishes/fsd50k_object_drop_dishes_74045354.wav,0.739,0.739,0.0,0.0,-21.42,0.6157,
fsd50k_object_drop_dishes_7453dd7f,object_drop_dishes,data/banks/foreground/object_drop_dishes/fsd50k_object_drop_dishes_7453dd7f.wav,0.5022,0.352,0.0,0.1502,-21.81,0.4778,
fsd50k_object_drop_dishes_7551f461,object_drop_dishes,data/banks/foreground/object_drop_dishes/fsd50k_object_drop_dishes_7551f461.wav,0.6304,0.608,0.0,0.0224,-26.42,0.4411,
fsd50k_object_drop_dishes_7593058a,object_drop_dishes,data/banks/foreground/object_drop_dishes/fsd50k_object_drop_dishes_7593058a.wav,1.06,1.06,0.0,0.0,-43.29,0.0926,
fsd50k_object_drop_dishes_76597ea7,object_drop_dishes,data/banks/foreground/object_drop_dishes/fsd50k_object_drop_dishes_76597ea7.wav,0.3237,0.3237,0.0,0.0,-29.03,0.4805,
fsd50k_object_drop_dishes_765fd0aa,object_drop_dishes,data/banks/foreground/object_drop_dishes/fsd50k_object_drop_dishes_765fd0aa.wav,0.739,0.739,0.0,0.0,-31.4,0.8913,
fsd50k_object_drop_dishes_7934dc92,object_drop_dishes,data/banks/foreground/object_drop_dishes/fsd50k_object_drop_dishes_7934dc92.wav,0.98,0.736,0.0,0.244,-22.51,0.4912,
fsd50k_object_drop_dishes_7b552ebe,object_drop_dishes,data/banks/foreground/object_drop_dishes/fsd50k_object_drop_dishes_7b552ebe.wav,0.4673,0.4673,0.0,0.0,-20.24,0.7764,
fsd50k_object_drop_dishes_7bc090d7,object_drop_dishes,data/banks/foreground/object_drop_dishes/fsd50k_object_drop_dishes_7bc090d7.wav,2.8781,2.56,0.0,0.3181,-26.79,0.7699,
fsd50k_object_drop_dishes_7bc3fda2,object_drop_dishes,data/banks/foreground/object_drop_dishes/fsd50k_object_drop_dishes_7bc3fda2.wav,0.7542,0.608,0.128,0.0182,-25.49,0.8913,
fsd50k_object_drop_dishes_7c68a477,object_drop_dishes,data/banks/foreground/object_drop_dishes/fsd50k_object_drop_dishes_7c68a477.wav,2.5,0.704,0.096,1.7,-30.38,0.8913,
fsd50k_object_drop_dishes_7c6b1d70,object_drop_dishes,data/banks/foreground/object_drop_dishes/fsd50k_object_drop_dishes_7c6b1d70.wav,0.7027,0.6388,0.064,0.0,-27.26,0.2793,
fsd50k_object_drop_dishes_7e6933fb,object_drop_dishes,data/banks/foreground/object_drop_dishes/fsd50k_object_drop_dishes_7e6933fb.wav,0.5686,0.5686,0.0,0.0,-24.13,0.8912,
fsd50k_object_drop_dishes_7efcc03a,object_drop_dishes,data/banks/foreground/object_drop_dishes/fsd50k_object_drop_dishes_7efcc03a.wav,0.5,0.48,0.0,0.02,-26.84,0.5186,
fsd50k_object_drop_dishes_80dd78ad,object_drop_dishes,data/banks/foreground/object_drop_dishes/fsd50k_object_drop_dishes_80dd78ad.wav,0.3519,0.32,0.0,0.0319,-18.34,1.0,
fsd50k_object_drop_dishes_81e4e59a,object_drop_dishes,data/banks/foreground/object_drop_dishes/fsd50k_object_drop_dishes_81e4e59a.wav,1.2,1.184,0.0,0.016,-26.38,0.4779,
fsd50k_object_drop_dishes_829f25c1,object_drop_dishes,data/banks/foreground/object_drop_dishes/fsd50k_object_drop_dishes_829f25c1.wav,2.1238,2.1238,0.0,0.0,-31.0,0.5533,
fsd50k_object_drop_dishes_85323be4,object_drop_dishes,data/banks/foreground/object_drop_dishes/fsd50k_object_drop_dishes_85323be4.wav,0.3464,0.256,0.0,0.0904,-28.63,0.3418,
fsd50k_object_drop_dishes_85d5c7cf,object_drop_dishes,data/banks/foreground/object_drop_dishes/fsd50k_object_drop_dishes_85d5c7cf.wav,3.2544,2.976,0.0,0.2784,-30.0,0.8913,
fsd50k_object_drop_dishes_861c55aa,object_drop_dishes,data/banks/foreground/object_drop_dishes/fsd50k_object_drop_dishes_861c55aa.wav,0.8996,0.448,0.064,0.3876,-20.75,0.4482,
fsd50k_object_drop_dishes_8674626d,object_drop_dishes,data/banks/foreground/object_drop_dishes/fsd50k_object_drop_dishes_8674626d.wav,2.6206,2.464,0.0,0.1566,-28.5,0.4029,
fsd50k_object_drop_dishes_87114697,object_drop_dishes,data/banks/foreground/object_drop_dishes/fsd50k_object_drop_dishes_87114697.wav,2.4149,1.248,0.224,0.9429,-23.72,0.4116,
fsd50k_object_drop_dishes_87c6cc8e,object_drop_dishes,data/banks/foreground/object_drop_dishes/fsd50k_object_drop_dishes_87c6cc8e.wav,0.6676,0.6676,0.0,0.0,-23.4,0.7474,
fsd50k_object_drop_dishes_87c879e6,object_drop_dishes,data/banks/foreground/object_drop_dishes/fsd50k_object_drop_dishes_87c879e6.wav,0.7442,0.544,0.0,0.2003,-25.6,0.3496,
fsd50k_object_drop_dishes_88fe02b0,object_drop_dishes,data/banks/foreground/object_drop_dishes/fsd50k_object_drop_dishes_88fe02b0.wav,0.3099,0.3099,0.0,0.0,-21.74,0.6127,
fsd50k_object_drop_dishes_89d3fc0f,object_drop_dishes,data/banks/foreground/object_drop_dishes/fsd50k_object_drop_dishes_89d3fc0f.wav,0.6082,0.6082,0.0,0.0,-23.01,0.8438,
fsd50k_object_drop_dishes_89d4286a,object_drop_dishes,data/banks/foreground/object_drop_dishes/fsd50k_object_drop_dishes_89d4286a.wav,0.7421,0.288,0.0,0.4541,-17.7,0.5754,
fsd50k_object_drop_dishes_8adfeb64,object_drop_dishes,data/banks/foreground/object_drop_dishes/fsd50k_object_drop_dishes_8adfeb64.wav,2.64,0.48,2.144,0.016,-22.35,0.8912,
fsd50k_object_drop_dishes_8d230921,object_drop_dishes,data/banks/foreground/object_drop_dishes/fsd50k_object_drop_dishes_8d230921.wav,0.5892,0.5892,0.0,0.0,-23.61,0.6294,
fsd50k_object_drop_dishes_8e6770fc,object_drop_dishes,data/banks/foreground/object_drop_dishes/fsd50k_object_drop_dishes_8e6770fc.wav,8.6334,7.552,0.0,1.0814,-24.34,0.3649,
fsd50k_object_drop_dishes_8f4276c3,object_drop_dishes,data/banks/foreground/object_drop_dishes/fsd50k_object_drop_dishes_8f4276c3.wav,1.18,0.608,0.0,0.572,-24.36,0.7069,
fsd50k_object_drop_dishes_8f96b515,object_drop_dishes,data/banks/foreground/object_drop_dishes/fsd50k_object_drop_dishes_8f96b515.wav,0.6241,0.608,0.0,0.0161,-23.05,0.3144,
fsd50k_object_drop_dishes_8fce4ad7,object_drop_dishes,data/banks/foreground/object_drop_dishes/fsd50k_object_drop_dishes_8fce4ad7.wav,0.7294,0.448,0.0,0.2814,-23.02,0.817,
fsd50k_object_drop_dishes_905d639a,object_drop_dishes,data/banks/foreground/object_drop_dishes/fsd50k_object_drop_dishes_905d639a.wav,1.9657,0.864,0.448,0.6537,-23.92,0.8161,
fsd50k_object_drop_dishes_90b0252e,object_drop_dishes,data/banks/foreground/object_drop_dishes/fsd50k_object_drop_dishes_90b0252e.wav,0.5834,0.416,0.0,0.1674,-23.35,0.5497,
fsd50k_object_drop_dishes_92e7e171,object_drop_dishes,data/banks/foreground/object_drop_dishes/fsd50k_object_drop_dishes_92e7e171.wav,0.3441,0.3441,0.0,0.0,-12.42,0.9981,
fsd50k_object_drop_dishes_94def9ec,object_drop_dishes,data/banks/foreground/object_drop_dishes/fsd50k_object_drop_dishes_94def9ec.wav,0.9324,0.416,0.032,0.4844,-24.78,0.8912,
fsd50k_object_drop_dishes_957718fc,object_drop_dishes,data/banks/foreground/object_drop_dishes/fsd50k_object_drop_dishes_957718fc.wav,1.3001,0.96,0.0,0.3401,-29.32,0.8912,
fsd50k_object_drop_dishes_96391bdf,object_drop_dishes,data/banks/foreground/object_drop_dishes/fsd50k_object_drop_dishes_96391bdf.wav,3.1871,3.1871,0.0,0.0,-30.22,0.2961,
fsd50k_object_drop_dishes_965f7fe6,object_drop_dishes,data/banks/foreground/object_drop_dishes/fsd50k_object_drop_dishes_965f7fe6.wav,0.3701,0.3701,0.0,0.0,-27.93,0.3442,
fsd50k_object_drop_dishes_9675bc16,object_drop_dishes,data/banks/foreground/object_drop_dishes/fsd50k_object_drop_dishes_9675bc16.wav,1.4475,0.416,0.288,0.7435,-22.68,0.7944,
fsd50k_object_drop_dishes_9768fa5a,object_drop_dishes,data/banks/foreground/object_drop_dishes/fsd50k_object_drop_dishes_9768fa5a.wav,0.7083,0.7083,0.0,0.0,-21.74,0.4584,
fsd50k_object_drop_dishes_9848e7a2,object_drop_dishes,data/banks/foreground/object_drop_dishes/fsd50k_object_drop_dishes_9848e7a2.wav,1.2486,1.2166,0.032,0.0,-23.93,0.8912,
fsd50k_object_drop_dishes_984ef285,object_drop_dishes,data/banks/foreground/object_drop_dishes/fsd50k_object_drop_dishes_984ef285.wav,0.7629,0.704,0.032,0.0269,-20.9,0.8913,
fsd50k_object_drop_dishes_994c72a7,object_drop_dishes,data/banks/foreground/object_drop_dishes/fsd50k_object_drop_dishes_994c72a7.wav,7.4057,7.4057,0.0,0.0,-28.34,0.8726,
fsd50k_object_drop_dishes_9c301091,object_drop_dishes,data/banks/foreground/object_drop_dishes/fsd50k_object_drop_dishes_9c301091.wav,1.8959,1.312,0.0,0.5839,-23.4,0.4302,
fsd50k_object_drop_dishes_9ca74537,object_drop_dishes,data/banks/foreground/object_drop_dishes/fsd50k_object_drop_dishes_9ca74537.wav,7.0705,7.0705,0.0,0.0,-29.13,0.7773,
fsd50k_object_drop_dishes_9cc9af1a,object_drop_dishes,data/banks/foreground/object_drop_dishes/fsd50k_object_drop_dishes_9cc9af1a.wav,1.2588,0.704,0.0,0.5547,-22.5,0.5543,
fsd50k_object_drop_dishes_9ccc28d2,object_drop_dishes,data/banks/foreground/object_drop_dishes/fsd50k_object_drop_dishes_9ccc28d2.wav,0.75,0.544,0.032,0.174,-25.06,0.6422,
fsd50k_object_drop_dishes_9cd14a8d,object_drop_dishes,data/banks/foreground/object_drop_dishes/fsd50k_object_drop_dishes_9cd14a8d.wav,4.8009,4.8,0.0,0.0009,-26.12,0.8115,
fsd50k_object_drop_dishes_9d2bf464,object_drop_dishes,data/banks/foreground/object_drop_dishes/fsd50k_object_drop_dishes_9d2bf464.wav,0.7669,0.5429,0.224,0.0,-23.26,0.8913,
fsd50k_object_drop_dishes_9e69706c,object_drop_dishes,data/banks/foreground/object_drop_dishes/fsd50k_object_drop_dishes_9e69706c.wav,1.4803,1.2243,0.256,0.0,-32.3,0.8912,
fsd50k_object_drop_dishes_9fde6b02,object_drop_dishes,data/banks/foreground/object_drop_dishes/fsd50k_object_drop_dishes_9fde6b02.wav,0.5901,0.384,0.0,0.2061,-22.42,0.4171,
fsd50k_object_drop_dishes_a02cb0a5,object_drop_dishes,data/banks/foreground/object_drop_dishes/fsd50k_object_drop_dishes_a02cb0a5.wav,8.0396,7.328,0.0,0.7116,-21.12,0.843,
fsd50k_object_drop_dishes_a323763e,object_drop_dishes,data/banks/foreground/object_drop_dishes/fsd50k_object_drop_dishes_a323763e.wav,1.4,1.4,0.0,0.0,-26.47,0.8913,
fsd50k_object_drop_dishes_a3df0532,object_drop_dishes,data/banks/foreground/object_drop_dishes/fsd50k_object_drop_dishes_a3df0532.wav,0.9634,0.7074,0.256,0.0,-23.75,0.6764,
fsd50k_object_drop_dishes_a4ba48ca,object_drop_dishes,data/banks/foreground/object_drop_dishes/fsd50k_object_drop_dishes_a4ba48ca.wav,0.9231,0.32,0.224,0.3791,-22.73,0.6361,
fsd50k_object_drop_dishes_a6015d63,object_drop_dishes,data/banks/foreground/object_drop_dishes/fsd50k_object_drop_dishes_a6015d63.wav,1.1772,1.0172,0.16,0.0,-25.35,0.5088,
fsd50k_object_drop_dishes_a942e2bc,object_drop_dishes,data/banks/foreground/object_drop_dishes/fsd50k_object_drop_dishes_a942e2bc.wav,1.0827,1.0827,0.0,0.0,-21.47,0.6243,
fsd50k_object_drop_dishes_a9dedee0,object_drop_dishes,data/banks/foreground/object_drop_dishes/fsd50k_object_drop_dishes_a9dedee0.wav,0.5143,0.288,0.0,0.2263,-15.44,0.4048,
fsd50k_object_drop_dishes_aa284f5c,object_drop_dishes,data/banks/foreground/object_drop_dishes/fsd50k_object_drop_dishes_aa284f5c.wav,0.4913,0.48,0.0,0.0112,-23.3,0.6187,
fsd50k_object_drop_dishes_aa7daf66,object_drop_dishes,data/banks/foreground/object_drop_dishes/fsd50k_object_drop_dishes_aa7daf66.wav,0.7372,0.736,0.0,0.0012,-25.35,0.5435,
fsd50k_object_drop_dishes_aa93419a,object_drop_dishes,data/banks/foreground/object_drop_dishes/fsd50k_object_drop_dishes_aa93419a.wav,9.7437,5.792,0.0,3.9517,-24.17,0.8831,
fsd50k_object_drop_dishes_aaee1a37,object_drop_dishes,data/banks/foreground/object_drop_dishes/fsd50k_object_drop_dishes_aaee1a37.wav,1.13,1.13,0.0,0.0,-27.11,0.4817,
fsd50k_object_drop_dishes_ab40eb46,object_drop_dishes,data/banks/foreground/object_drop_dishes/fsd50k_object_drop_dishes_ab40eb46.wav,0.4461,0.384,0.0,0.0621,-20.7,0.3399,
fsd50k_object_drop_dishes_abb8d8cc,object_drop_dishes,data/banks/foreground/object_drop_dishes/fsd50k_object_drop_dishes_abb8d8cc.wav,2.0717,2.0717,0.0,0.0,-23.45,0.8913,
fsd50k_object_drop_dishes_acf2f50d,object_drop_dishes,data/banks/foreground/object_drop_dishes/fsd50k_object_drop_dishes_acf2f50d.wav,1.378,1.378,0.0,0.0,-22.49,0.7611,
fsd50k_object_drop_dishes_ad527616,object_drop_dishes,data/banks/foreground/object_drop_dishes/fsd50k_object_drop_dishes_ad527616.wav,0.738,0.544,0.0,0.194,-25.37,0.6484,
fsd50k_object_drop_dishes_aded14a4,object_drop_dishes,data/banks/foreground/object_drop_dishes/fsd50k_object_drop_dishes_aded14a4.wav,0.3382,0.288,0.0,0.0502,-19.17,1.0,
fsd50k_object_drop_dishes_b04bec07,object_drop_dishes,data/banks/foreground/object_drop_dishes/fsd50k_object_drop_dishes_b04bec07.wav,4.1855,4.1855,0.0,0.0,-25.38,0.8733,
fsd50k_object_drop_dishes_b14105fb,object_drop_dishes,data/banks/foreground/object_drop_dishes/fsd50k_object_drop_dishes_b14105fb.wav,1.0899,1.0899,0.0,0.0,-20.21,0.8734,
fsd50k_object_drop_dishes_b43e3fba,object_drop_dishes,data/banks/foreground/object_drop_dishes/fsd50k_object_drop_dishes_b43e3fba.wav,2.7947,0.672,0.768,1.3547,-25.3,0.4435,
fsd50k_object_drop_dishes_b4f0e2b5,object_drop_dishes,data/banks/foreground/object_drop_dishes/fsd50k_object_drop_dishes_b4f0e2b5.wav,5.919,5.472,0.16,0.287,-24.92,0.8912,
fsd50k_object_drop_dishes_b70e8326,object_drop_dishes,data/banks/foreground/object_drop_dishes/fsd50k_object_drop_dishes_b70e8326.wav,6.0996,2.976,0.0,3.1236,-24.95,0.8912,
fsd50k_object_drop_dishes_b7bc7af5,object_drop_dishes,data/banks/foreground/object_drop_dishes/fsd50k_object_drop_dishes_b7bc7af5.wav,1.0998,1.0998,0.0,0.0,-27.82,0.5353,
fsd50k_object_drop_dishes_b873f792,object_drop_dishes,data/banks/foreground/object_drop_dishes/fsd50k_object_drop_dishes_b873f792.wav,1.3294,1.28,0.0,0.0494,-23.87,0.8913,
fsd50k_object_drop_dishes_b906fcb3,object_drop_dishes,data/banks/foreground/object_drop_dishes/fsd50k_object_drop_dishes_b906fcb3.wav,0.4032,0.4032,0.0,0.0,-24.93,0.5051,
fsd50k_object_drop_dishes_b90be3fa,object_drop_dishes,data/banks/foreground/object_drop_dishes/fsd50k_object_drop_dishes_b90be3fa.wav,1.7084,1.6444,0.064,0.0,-25.6,0.543,
fsd50k_object_drop_dishes_b9817e5c,object_drop_dishes,data/banks/foreground/object_drop_dishes/fsd50k_object_drop_dishes_b9817e5c.wav,4.5,0.256,0.0,4.244,-16.06,0.5967,
fsd50k_object_drop_dishes_b9cdb4f2,object_drop_dishes,data/banks/foreground/object_drop_dishes/fsd50k_object_drop_dishes_b9cdb4f2.wav,1.058,1.026,0.032,0.0,-22.88,0.2523,
fsd50k_object_drop_dishes_b9d4a1c9,object_drop_dishes,data/banks/foreground/object_drop_dishes/fsd50k_object_drop_dishes_b9d4a1c9.wav,1.9356,1.024,0.224,0.6876,-27.23,0.8912,
fsd50k_object_drop_dishes_ba5b7e42,object_drop_dishes,data/banks/foreground/object_drop_dishes/fsd50k_object_drop_dishes_ba5b7e42.wav,0.4167,0.352,0.0,0.0647,-23.05,0.5361,
fsd50k_object_drop_dishes_ba6a993f,object_drop_dishes,data/banks/foreground/object_drop_dishes/fsd50k_object_drop_dishes_ba6a993f.wav,1.2631,1.216,0.0,0.0471,-27.95,0.8912,
fsd50k_object_drop_dishes_bbabfda7,object_drop_dishes,data/banks/foreground/object_drop_dishes/fsd50k_object_drop_dishes_bbabfda7.wav,0.9694,0.9694,0.0,0.0,-25.38,0.8913,
fsd50k_object_drop_dishes_bbb994ca,object_drop_dishes,data/banks/foreground/object_drop_dishes/fsd50k_object_drop_dishes_bbb994ca.wav,3.4647,3.4647,0.0,0.0,-26.35,0.5759,
fsd50k_object_drop_dishes_bbcbc2c8,object_drop_dishes,data/banks/foreground/object_drop_dishes/fsd50k_object_drop_dishes_bbcbc2c8.wav,0.5239,0.5239,0.0,0.0,-25.78,0.8912,
fsd50k_object_drop_dishes_bd9ef15e,object_drop_dishes,data/banks/foreground/object_drop_dishes/fsd50k_object_drop_dishes_bd9ef15e.wav,1.0454,0.992,0.0,0.0534,-21.24,0.8912,
fsd50k_object_drop_dishes_bdd2f9b1,object_drop_dishes,data/banks/foreground/object_drop_dishes/fsd50k_object_drop_dishes_bdd2f9b1.wav,4.2058,2.272,0.0,1.9338,-21.57,0.5656,
fsd50k_object_drop_dishes_be44b67e,object_drop_dishes,data/banks/foreground/object_drop_dishes/fsd50k_object_drop_dishes_be44b67e.wav,4.1539,3.072,0.384,0.6979,-25.81,0.5666,
fsd50k_object_drop_dishes_be891fd8,object_drop_dishes,data/banks/foreground/object_drop_dishes/fsd50k_object_drop_dishes_be891fd8.wav,0.4412,0.416,0.0,0.0252,-21.82,0.4462,
fsd50k_object_drop_dishes_be8cdcfa,object_drop_dishes,data/banks/foreground/object_drop_dishes/fsd50k_object_drop_dishes_be8cdcfa.wav,1.2588,0.8,0.0,0.4587,-21.85,0.6367,
fsd50k_object_drop_dishes_becbe105,object_drop_dishes,data/banks/foreground/object_drop_dishes/fsd50k_object_drop_dishes_becbe105.wav,2.8477,2.8477,0.0,0.0,-28.83,0.4961,
fsd50k_object_drop_dishes_bf493c39,object_drop_dishes,data/banks/foreground/object_drop_dishes/fsd50k_object_drop_dishes_bf493c39.wav,0.3253,0.3253,0.0,0.0,-24.26,0.6682,
fsd50k_object_drop_dishes_c0c9b18d,object_drop_dishes,data/banks/foreground/object_drop_dishes/fsd50k_object_drop_dishes_c0c9b18d.wav,1.1088,0.768,0.0,0.3408,-21.11,0.8913,
fsd50k_object_drop_dishes_c1bb2b40,object_drop_dishes,data/banks/foreground/object_drop_dishes/fsd50k_object_drop_dishes_c1bb2b40.wav,4.875,4.747,0.128,0.0,-30.59,0.8912,
fsd50k_object_drop_dishes_c3de817a,object_drop_dishes,data/banks/foreground/object_drop_dishes/fsd50k_object_drop_dishes_c3de817a.wav,1.056,0.96,0.0,0.096,-24.04,0.439,
fsd50k_object_drop_dishes_c9d0434d,object_drop_dishes,data/banks/foreground/object_drop_dishes/fsd50k_object_drop_dishes_c9d0434d.wav,0.6952,0.6952,0.0,0.0,-21.58,0.8912,
fsd50k_object_drop_dishes_cb532cd3,object_drop_dishes,data/banks/foreground/object_drop_dishes/fsd50k_object_drop_dishes_cb532cd3.wav,1.4749,0.416,0.224,0.8349,-21.37,0.8912,
fsd50k_object_drop_dishes_d02a0deb,object_drop_dishes,data/banks/foreground/object_drop_dishes/fsd50k_object_drop_dishes_d02a0deb.wav,7.3191,7.072,0.0,0.2471,-27.83,0.8913,
fsd50k_object_drop_dishes_d087062a,object_drop_dishes,data/banks/foreground/object_drop_dishes/fsd50k_object_drop_dishes_d087062a.wav,3.0471,2.656,0.384,0.0071,-22.31,0.577,
fsd50k_object_drop_dishes_d2e3efa7,object_drop_dishes,data/banks/foreground/object_drop_dishes/fsd50k_object_drop_dishes_d2e3efa7.wav,0.5457,0.544,0.0,0.0017,-22.89,0.489,
fsd50k_object_drop_dishes_d2e7060e,object_drop_dishes,data/banks/foreground/object_drop_dishes/fsd50k_object_drop_dishes_d2e7060e.wav,0.9996,0.352,0.0,0.6476,-19.0,0.4859,
fsd50k_object_drop_dishes_d3050f51,object_drop_dishes,data/banks/foreground/object_drop_dishes/fsd50k_object_drop_dishes_d3050f51.wav,0.9583,0.64,0.032,0.2863,-22.19,0.496,
fsd50k_object_drop_dishes_d38e1876,object_drop_dishes,data/banks/foreground/object_drop_dishes/fsd50k_object_drop_dishes_d38e1876.wav,0.5006,0.48,0.0,0.0206,-23.12,0.7468,
fsd50k_object_drop_dishes_d3950789,object_drop_dishes,data/banks/foreground/object_drop_dishes/fsd50k_object_drop_dishes_d3950789.wav,1.2681,0.64,0.256,0.3721,-24.36,0.8912,
fsd50k_object_drop_dishes_d707feaa,object_drop_dishes,data/banks/foreground/object_drop_dishes/fsd50k_object_drop_dishes_d707feaa.wav,1.5184,1.5184,0.0,0.0,-27.47,0.8913,
fsd50k_object_drop_dishes_d733603c,object_drop_dishes,data/banks/foreground/object_drop_dishes/fsd50k_object_drop_dishes_d733603c.wav,0.4528,0.448,0.0,0.0048,-18.19,0.5759,
fsd50k_object_drop_dishes_d80812a7,object_drop_dishes,data/banks/foreground/object_drop_dishes/fsd50k_object_drop_dishes_d80812a7.wav,0.839,0.839,0.0,0.0,-23.03,0.8912,
fsd50k_object_drop_dishes_d94ead14,object_drop_dishes,data/banks/foreground/object_drop_dishes/fsd50k_object_drop_dishes_d94ead14.wav,0.9768,0.736,0.0,0.2407,-23.42,0.7723,
fsd50k_object_drop_dishes_db76074d,object_drop_dishes,data/banks/foreground/object_drop_dishes/fsd50k_object_drop_dishes_db76074d.wav,0.4703,0.448,0.0,0.0222,-21.93,0.4906,
fsd50k_object_drop_dishes_dc3db20a,object_drop_dishes,data/banks/foreground/object_drop_dishes/fsd50k_object_drop_dishes_dc3db20a.wav,1.069,0.96,0.0,0.109,-28.18,0.1655,
fsd50k_object_drop_dishes_dc3ec240,object_drop_dishes,data/banks/foreground/object_drop_dishes/fsd50k_object_drop_dishes_dc3ec240.wav,0.3217,0.288,0.0,0.0338,-30.77,0.5905,
fsd50k_object_drop_dishes_dc61c26a,object_drop_dishes,data/banks/foreground/object_drop_dishes/fsd50k_object_drop_dishes_dc61c26a.wav,1.9159,0.512,0.768,0.6359,-22.82,0.8913,
fsd50k_object_drop_dishes_de199d78,object_drop_dishes,data/banks/foreground/object_drop_dishes/fsd50k_object_drop_dishes_de199d78.wav,1.0209,0.736,0.0,0.2849,-17.92,0.8709,
fsd50k_object_drop_dishes_def69070,object_drop_dishes,data/banks/foreground/object_drop_dishes/fsd50k_object_drop_dishes_def69070.wav,2.5,0.64,0.032,1.828,-24.29,0.8597,
fsd50k_object_drop_dishes_df119ad1,object_drop_dishes,data/banks/foreground/object_drop_dishes/fsd50k_object_drop_dishes_df119ad1.wav,28.0,24.288,1.76,1.952,-35.84,0.8912,
fsd50k_object_drop_dishes_df349aad,object_drop_dishes,data/banks/foreground/object_drop_dishes/fsd50k_object_drop_dishes_df349aad.wav,0.8017,0.384,0.0,0.4178,-19.48,0.5652,
fsd50k_object_drop_dishes_e0302365,object_drop_dishes,data/banks/foreground/object_drop_dishes/fsd50k_object_drop_dishes_e0302365.wav,0.625,0.512,0.096,0.017,-25.52,0.5014,
fsd50k_object_drop_dishes_e0bbcd64,object_drop_dishes,data/banks/foreground/object_drop_dishes/fsd50k_object_drop_dishes_e0bbcd64.wav,1.3601,0.96,0.16,0.2401,-25.82,0.6519,
fsd50k_object_drop_dishes_e10472a7,object_drop_dishes,data/banks/foreground/object_drop_dishes/fsd50k_object_drop_dishes_e10472a7.wav,1.0922,1.0922,0.0,0.0,-26.97,0.7558,
fsd50k_object_drop_dishes_e1c42bd1,object_drop_dishes,data/banks/foreground/object_drop_dishes/fsd50k_object_drop_dishes_e1c42bd1.wav,1.2709,0.832,0.0,0.4389,-19.25,0.6255,
fsd50k_object_drop_dishes_e2c40a20,object_drop_dishes,data/banks/foreground/object_drop_dishes/fsd50k_object_drop_dishes_e2c40a20.wav,1.0377,1.0377,0.0,0.0,-24.51,0.7044,
fsd50k_object_drop_dishes_e3c161ba,object_drop_dishes,data/banks/foreground/object_drop_dishes/fsd50k_object_drop_dishes_e3c161ba.wav,0.5689,0.384,0.0,0.1849,-22.77,0.7253,
fsd50k_object_drop_dishes_e4858a83,object_drop_dishes,data/banks/foreground/object_drop_dishes/fsd50k_object_drop_dishes_e4858a83.wav,0.6931,0.32,0.0,0.3731,-25.92,0.8912,
fsd50k_object_drop_dishes_e58c1cef,object_drop_dishes,data/banks/foreground/object_drop_dishes/fsd50k_object_drop_dishes_e58c1cef.wav,3.3934,1.28,0.0,2.1134,-24.67,0.8912,
fsd50k_object_drop_dishes_e654f1b2,object_drop_dishes,data/banks/foreground/object_drop_dishes/fsd50k_object_drop_dishes_e654f1b2.wav,0.875,0.448,0.224,0.203,-25.59,0.5067,
fsd50k_object_drop_dishes_e75bb410,object_drop_dishes,data/banks/foreground/object_drop_dishes/fsd50k_object_drop_dishes_e75bb410.wav,1.026,0.48,0.224,0.322,-23.33,0.6854,
fsd50k_object_drop_dishes_e767e329,object_drop_dishes,data/banks/foreground/object_drop_dishes/fsd50k_object_drop_dishes_e767e329.wav,1.9519,1.6,0.0,0.3519,-23.83,0.8912,
fsd50k_object_drop_dishes_e77c4004,object_drop_dishes,data/banks/foreground/object_drop_dishes/fsd50k_object_drop_dishes_e77c4004.wav,1.2017,0.256,0.384,0.5617,-21.26,0.6349,
fsd50k_object_drop_dishes_e933bd84,object_drop_dishes,data/banks/foreground/object_drop_dishes/fsd50k_object_drop_dishes_e933bd84.wav,1.2336,0.896,0.0,0.3376,-21.33,0.8912,
fsd50k_object_drop_dishes_e93bec57,object_drop_dishes,data/banks/foreground/object_drop_dishes/fsd50k_object_drop_dishes_e93bec57.wav,0.5559,0.544,0.0,0.0119,-21.3,0.4498,
fsd50k_object_drop_dishes_ea001100,object_drop_dishes,data/banks/foreground/object_drop_dishes/fsd50k_object_drop_dishes_ea001100.wav,3.0,1.312,0.128,1.56,-29.21,0.668,
fsd50k_object_drop_dishes_eb67eb15,object_drop_dishes,data/banks/foreground/object_drop_dishes/fsd50k_object_drop_dishes_eb67eb15.wav,1.7999,1.44,0.0,0.3599,-21.41,0.7705,
fsd50k_object_drop_dishes_eb9cc89e,object_drop_dishes,data/banks/foreground/object_drop_dishes/fsd50k_object_drop_dishes_eb9cc89e.wav,0.3676,0.32,0.0,0.0476,-23.83,0.6131,
fsd50k_object_drop_dishes_eee68707,object_drop_dishes,data/banks/foreground/object_drop_dishes/fsd50k_object_drop_dishes_eee68707.wav,0.9014,0.512,0.0,0.3894,-20.67,0.5024,
fsd50k_object_drop_dishes_ef8ec45b,object_drop_dishes,data/banks/foreground/object_drop_dishes/fsd50k_object_drop_dishes_ef8ec45b.wav,2.6463,2.5823,0.064,0.0,-33.35,0.8912,
fsd50k_object_drop_dishes_f02e7f6c,object_drop_dishes,data/banks/foreground/object_drop_dishes/fsd50k_object_drop_dishes_f02e7f6c.wav,7.7,6.624,1.024,0.052,-23.99,0.8913,
fsd50k_object_drop_dishes_f1f56bac,object_drop_dishes,data/banks/foreground/object_drop_dishes/fsd50k_object_drop_dishes_f1f56bac.wav,0.3303,0.3303,0.0,0.0,-16.94,1.0,
fsd50k_object_drop_dishes_f2e2e655,object_drop_dishes,data/banks/foreground/object_drop_dishes/fsd50k_object_drop_dishes_f2e2e655.wav,1.1251,0.832,0.0,0.2931,-19.45,0.6568,
fsd50k_object_drop_dishes_f3dfbf0d,object_drop_dishes,data/banks/foreground/object_drop_dishes/fsd50k_object_drop_dishes_f3dfbf0d.wav,0.3302,0.256,0.0,0.0742,-18.26,1.0,
fsd50k_object_drop_dishes_f4aab00b,object_drop_dishes,data/banks/foreground/object_drop_dishes/fsd50k_object_drop_dishes_f4aab00b.wav,0.5834,0.448,0.0,0.1354,-22.06,0.5468,
fsd50k_object_drop_dishes_f4d5336e,object_drop_dishes,data/banks/foreground/object_drop_dishes/fsd50k_object_drop_dishes_f4d5336e.wav,7.3811,6.816,0.0,0.5651,-22.49,0.6374,
fsd50k_object_drop_dishes_f5355316,object_drop_dishes,data/banks/foreground/object_drop_dishes/fsd50k_object_drop_dishes_f5355316.wav,2.8,0.832,0.96,1.008,-24.83,0.856,
fsd50k_object_drop_dishes_f653538b,object_drop_dishes,data/banks/foreground/object_drop_dishes/fsd50k_object_drop_dishes_f653538b.wav,2.1029,1.728,0.0,0.3749,-26.23,0.8912,
fsd50k_object_drop_dishes_f6bd822f,object_drop_dishes,data/banks/foreground/object_drop_dishes/fsd50k_object_drop_dishes_f6bd822f.wav,3.6703,2.912,0.128,0.6303,-27.02,0.4775,
fsd50k_object_drop_dishes_f78c76e5,object_drop_dishes,data/banks/foreground/object_drop_dishes/fsd50k_object_drop_dishes_f78c76e5.wav,1.379,1.379,0.0,0.0,-25.69,0.6119,
fsd50k_object_drop_dishes_fa20241f,object_drop_dishes,data/banks/foreground/object_drop_dishes/fsd50k_object_drop_dishes_fa20241f.wav,1.7009,1.7009,0.0,0.0,-28.97,0.8913,
fsd50k_object_drop_dishes_fb53189c,object_drop_dishes,data/banks/foreground/object_drop_dishes/fsd50k_object_drop_dishes_fb53189c.wav,0.4632,0.416,0.0,0.0472,-25.23,0.5923,
fsd50k_object_drop_dishes_fb667c0a,object_drop_dishes,data/banks/foreground/object_drop_dishes/fsd50k_object_drop_dishes_fb667c0a.wav,0.3933,0.352,0.0,0.0413,-15.34,1.0,
fsd50k_object_drop_dishes_fb87d2a7,object_drop_dishes,data/banks/foreground/object_drop_dishes/fsd50k_object_drop_dishes_fb87d2a7.wav,0.8561,0.8241,0.032,0.0,-31.5,0.8912,
fsd50k_object_drop_dishes_fdee1840,object_drop_dishes,data/banks/foreground/object_drop_dishes/fsd50k_object_drop_dishes_fdee1840.wav,1.7416,1.7416,0.0,0.0,-27.18,0.8913,
fsd50k_object_drop_dishes_fe52533e,object_drop_dishes,data/banks/foreground/object_drop_dishes/fsd50k_object_drop_dishes_fe52533e.wav,0.3263,0.224,0.032,0.0703,-22.16,0.9071,
fsd50k_object_drop_dishes_febf8e48,object_drop_dishes,data/banks/foreground/object_drop_dishes/fsd50k_object_drop_dishes_febf8e48.wav,1.5424,1.536,0.0,0.0064,-26.86,0.4852,
fsd50k_object_drop_dishes_fec0a978,object_drop_dishes,data/banks/foreground/object_drop_dishes/fsd50k_object_drop_dishes_fec0a978.wav,4.1539,1.92,0.256,1.9779,-24.27,0.3131,
fsd50k_object_drop_dishes_ff532ed3,object_drop_dishes,data/banks/foreground/object_drop_dishes/fsd50k_object_drop_dishes_ff532ed3.wav,0.9,0.832,0.032,0.036,-26.26,0.3295,
fsd50k_object_drop_dishes_ffcbd944,object_drop_dishes,data/banks/foreground/object_drop_dishes/fsd50k_object_drop_dishes_ffcbd944.wav,0.9971,0.9971,0.0,0.0,-29.08,0.8912,
esc50_running_footsteps_17ba4c24,running_footsteps,data/banks/foreground/running_footsteps/esc50_running_footsteps_17ba4c24.wav,1.7971,1.7971,0.0,0.0,-27.39,0.6031,
esc50_running_footsteps_1842d2cc,running_footsteps,data/banks/foreground/running_footsteps/esc50_running_footsteps_1842d2cc.wav,3.074,3.074,0.0,0.0,-34.85,0.8912,
esc50_running_footsteps_234358f7,running_footsteps,data/banks/foreground/running_footsteps/esc50_running_footsteps_234358f7.wav,1.797,1.797,0.0,0.0,-36.68,0.5701,
esc50_running_footsteps_279e4b3e,running_footsteps,data/banks/foreground/running_footsteps/esc50_running_footsteps_279e4b3e.wav,4.781,4.781,0.0,0.0,-25.86,0.8912,
esc50_running_footsteps_36766921,running_footsteps,data/banks/foreground/running_footsteps/esc50_running_footsteps_36766921.wav,2.435,2.435,0.0,0.0,-22.94,0.8771,
esc50_running_footsteps_3cc28773,running_footsteps,data/banks/foreground/running_footsteps/esc50_running_footsteps_3cc28773.wav,1.158,1.158,0.0,0.0,-29.97,0.2686,
esc50_running_footsteps_3d54fb53,running_footsteps,data/banks/foreground/running_footsteps/esc50_running_footsteps_3d54fb53.wav,2.226,2.226,0.0,0.0,-32.02,0.8913,
esc50_running_footsteps_4479d474,running_footsteps,data/banks/foreground/running_footsteps/esc50_running_footsteps_4479d474.wav,1.158,1.158,0.0,0.0,-29.01,0.5152,
esc50_running_footsteps_47c7c305,running_footsteps,data/banks/foreground/running_footsteps/esc50_running_footsteps_47c7c305.wav,2.117,2.117,0.0,0.0,-39.99,0.3358,
esc50_running_footsteps_69512e2e,running_footsteps,data/banks/foreground/running_footsteps/esc50_running_footsteps_69512e2e.wav,1.158,1.158,0.0,0.0,-27.65,0.8913,
esc50_running_footsteps_6ee260dd,running_footsteps,data/banks/foreground/running_footsteps/esc50_running_footsteps_6ee260dd.wav,2.545,2.545,0.0,0.0,-23.93,0.8913,
esc50_running_footsteps_6f5c1eea,running_footsteps,data/banks/foreground/running_footsteps/esc50_running_footsteps_6f5c1eea.wav,4.352,4.352,0.0,0.0,-24.15,0.8912,
esc50_running_footsteps_70beb5f1,running_footsteps,data/banks/foreground/running_footsteps/esc50_running_footsteps_70beb5f1.wav,2.116,2.116,0.0,0.0,-25.3,0.1933,
esc50_running_footsteps_7d07efd2,running_footsteps,data/banks/foreground/running_footsteps/esc50_running_footsteps_7d07efd2.wav,1.797,1.797,0.0,0.0,-26.67,0.8913,
esc50_running_footsteps_975e559e,running_footsteps,data/banks/foreground/running_footsteps/esc50_running_footsteps_975e559e.wav,1.797,1.797,0.0,0.0,-16.65,0.8913,
esc50_running_footsteps_9e831ab8,running_footsteps,data/banks/foreground/running_footsteps/esc50_running_footsteps_9e831ab8.wav,2.116,2.116,0.0,0.0,-25.79,0.8912,
esc50_running_footsteps_a2fa1671,running_footsteps,data/banks/foreground/running_footsteps/esc50_running_footsteps_a2fa1671.wav,4.142,4.142,0.0,0.0,-35.14,0.8913,
esc50_running_footsteps_a8eb9f3e,running_footsteps,data/banks/foreground/running_footsteps/esc50_running_footsteps_a8eb9f3e.wav,2.7549,2.7549,0.0,0.0,-16.25,0.8913,
esc50_running_footsteps_aa5f1654,running_footsteps,data/banks/foreground/running_footsteps/esc50_running_footsteps_aa5f1654.wav,2.755,2.755,0.0,0.0,-21.08,0.5436,
esc50_running_footsteps_cb524320,running_footsteps,data/banks/foreground/running_footsteps/esc50_running_footsteps_cb524320.wav,1.797,1.797,0.0,0.0,-29.47,0.3382,
esc50_running_footsteps_cb90f52c,running_footsteps,data/banks/foreground/running_footsteps/esc50_running_footsteps_cb90f52c.wav,2.7549,2.7549,0.0,0.0,-43.92,0.2187,
esc50_running_footsteps_ced56c4d,running_footsteps,data/banks/foreground/running_footsteps/esc50_running_footsteps_ced56c4d.wav,4.033,4.033,0.0,0.0,-38.2,0.7856,
esc50_running_footsteps_d1b33538,running_footsteps,data/banks/foreground/running_footsteps/esc50_running_footsteps_d1b33538.wav,1.797,1.797,0.0,0.0,-29.13,0.8912,
esc50_running_footsteps_d2b278e3,running_footsteps,data/banks/foreground/running_footsteps/esc50_running_footsteps_d2b278e3.wav,2.7549,2.7549,0.0,0.0,-27.61,0.4696,
esc50_running_footsteps_ef46de92,running_footsteps,data/banks/foreground/running_footsteps/esc50_running_footsteps_ef46de92.wav,1.268,1.268,0.0,0.0,-23.91,0.8913,
esc50_running_footsteps_f20bcbe2,running_footsteps,data/banks/foreground/running_footsteps/esc50_running_footsteps_f20bcbe2.wav,2.545,2.545,0.0,0.0,-26.56,0.8757,
esc50_running_footsteps_fc6a08cb,running_footsteps,data/banks/foreground/running_footsteps/esc50_running_footsteps_fc6a08cb.wav,2.436,2.436,0.0,0.0,-25.74,0.5915,
fsd50k_running_footsteps_008c27f3,running_footsteps,data/banks/foreground/running_footsteps/fsd50k_running_footsteps_008c27f3.wav,3.4,3.4,0.0,0.0,-34.14,0.218,
fsd50k_running_footsteps_01ef6562,running_footsteps,data/banks/foreground/running_footsteps/fsd50k_running_footsteps_01ef6562.wav,4.68,4.68,0.0,0.0,-38.02,0.4016,
fsd50k_running_footsteps_0260a643,running_footsteps,data/banks/foreground/running_footsteps/fsd50k_running_footsteps_0260a643.wav,1.799,1.799,0.0,0.0,-27.55,0.8665,
fsd50k_running_footsteps_033df59c,running_footsteps,data/banks/foreground/running_footsteps/fsd50k_running_footsteps_033df59c.wav,4.678,4.678,0.0,0.0,-39.03,0.2805,
fsd50k_running_footsteps_068b0ac3,running_footsteps,data/banks/foreground/running_footsteps/fsd50k_running_footsteps_068b0ac3.wav,1.1599,1.1599,0.0,0.0,-22.88,0.2855,
fsd50k_running_footsteps_0981a2ec,running_footsteps,data/banks/foreground/running_footsteps/fsd50k_running_footsteps_0981a2ec.wav,3.72,3.72,0.0,0.0,-26.15,0.8757,
fsd50k_running_footsteps_0a45f538,running_footsteps,data/banks/foreground/running_footsteps/fsd50k_running_footsteps_0a45f538.wav,1.798,1.798,0.0,0.0,-19.75,0.8913,
fsd50k_running_footsteps_0e6e4199,running_footsteps,data/banks/foreground/running_footsteps/fsd50k_running_footsteps_0e6e4199.wav,1.479,1.479,0.0,0.0,-23.85,0.2871,
fsd50k_running_footsteps_0f5c28c7,running_footsteps,data/banks/foreground/running_footsteps/fsd50k_running_footsteps_0f5c28c7.wav,1.48,1.48,0.0,0.0,-38.43,0.0637,
fsd50k_running_footsteps_0faac5fa,running_footsteps,data/banks/foreground/running_footsteps/fsd50k_running_footsteps_0faac5fa.wav,1.158,1.158,0.0,0.0,-24.7,0.8912,
fsd50k_running_footsteps_10d58734,running_footsteps,data/banks/foreground/running_footsteps/fsd50k_running_footsteps_10d58734.wav,1.054,1.022,0.032,0.0,-29.36,0.8912,
fsd50k_running_footsteps_10f2f730,running_footsteps,data/banks/foreground/running_footsteps/fsd50k_running_footsteps_10f2f730.wav,1.0428,1.0428,0.0,0.0,-22.6,0.8164,
fsd50k_running_footsteps_10f8d016,running_footsteps,data/banks/foreground/running_footsteps/fsd50k_running_footsteps_10f8d016.wav,0.4777,0.4777,0.0,0.0,-25.73,0.8913,
fsd50k_running_footsteps_110a192f,running_footsteps,data/banks/foreground/running_footsteps/fsd50k_running_footsteps_110a192f.wav,5.6401,5.6401,0.0,0.0,-38.13,0.2505,
fsd50k_running_footsteps_129df256,running_footsteps,data/banks/foreground/running_footsteps/fsd50k_running_footsteps_129df256.wav,1.657,1.657,0.0,0.0,-25.18,0.8462,
fsd50k_running_footsteps_12fdb295,running_footsteps,data/banks/foreground/running_footsteps/fsd50k_running_footsteps_12fdb295.wav,2.437,2.24,0.0,0.197,-32.53,0.343,
fsd50k_running_footsteps_14d438d2,running_footsteps,data/banks/foreground/running_footsteps/fsd50k_running_footsteps_14d438d2.wav,4.0389,4.0389,0.0,0.0,-38.79,0.357,
fsd50k_running_footsteps_18cbc8c0,running_footsteps,data/banks/foreground/running_footsteps/fsd50k_running_footsteps_18cbc8c0.wav,2.439,2.439,0.0,0.0,-28.05,0.693,
fsd50k_running_footsteps_1bec4637,running_footsteps,data/banks/foreground/running_footsteps/fsd50k_running_footsteps_1bec4637.wav,4.3591,4.3591,0.0,0.0,-30.83,0.7177,
fsd50k_running_footsteps_1c0b12e1,running_footsteps,data/banks/foreground/running_footsteps/fsd50k_running_footsteps_1c0b12e1.wav,1.7999,1.7999,0.0,0.0,-28.61,0.8796,
fsd50k_running_footsteps_2429c120,running_footsteps,data/banks/foreground/running_footsteps/fsd50k_running_footsteps_2429c120.wav,1.16,1.16,0.0,0.0,-28.37,0.6019,
fsd50k_running_footsteps_24357934,running_footsteps,data/banks/foreground/running_footsteps/fsd50k_running_footsteps_24357934.wav,1.1589,1.1589,0.0,0.0,-22.83,0.8912,
fsd50k_running_footsteps_24bcaf49,running_footsteps,data/banks/foreground/running_footsteps/fsd50k_running_footsteps_24bcaf49.wav,5.959,5.959,0.0,0.0,-30.1,0.8842,
fsd50k_running_footsteps_24bdb454,running_footsteps,data/banks/foreground/running_footsteps/fsd50k_running_footsteps_24bdb454.wav,3.079,3.079,0.0,0.0,-35.5,0.6084,
fsd50k_running_footsteps_2679cd41,running_footsteps,data/banks/foreground/running_footsteps/fsd50k_running_footsteps_2679cd41.wav,1.4751,1.4751,0.0,0.0,-21.81,0.8912,
fsd50k_running_footsteps_26e17e74,running_footsteps,data/banks/foreground/running_footsteps/fsd50k_running_footsteps_26e17e74.wav,1.16,1.16,0.0,0.0,-28.93,0.4527,
fsd50k_running_footsteps_274356a9,running_footsteps,data/banks/foreground/running_footsteps/fsd50k_running_footsteps_274356a9.wav,5.639,5.639,0.0,0.0,-30.64,0.5256,
fsd50k_running_footsteps_274451fa,running_footsteps,data/banks/foreground/running_footsteps/fsd50k_running_footsteps_274451fa.wav,4.359,4.359,0.0,0.0,-26.98,0.8913,
fsd50k_running_footsteps_2752b92a,running_footsteps,data/banks/foreground/running_footsteps/fsd50k_running_footsteps_2752b92a.wav,1.906,1.906,0.0,0.0,-27.51,0.8912,
fsd50k_running_footsteps_298ffd9b,running_footsteps,data/banks/foreground/running_footsteps/fsd50k_running_footsteps_298ffd9b.wav,1.48,1.48,0.0,0.0,-27.41,0.8594,
fsd50k_running_footsteps_29e5cadc,running_footsteps,data/banks/foreground/running_footsteps/fsd50k_running_footsteps_29e5cadc.wav,1.8,1.8,0.0,0.0,-25.84,0.7407,
fsd50k_running_footsteps_2a86bf66,running_footsteps,data/banks/foreground/running_footsteps/fsd50k_running_footsteps_2a86bf66.wav,3.398,3.398,0.0,0.0,-24.49,0.8912,
fsd50k_running_footsteps_2cabf9de,running_footsteps,data/banks/foreground/running_footsteps/fsd50k_running_footsteps_2cabf9de.wav,1.479,1.479,0.0,0.0,-35.29,0.4115,
fsd50k_running_footsteps_2cfc697d,running_footsteps,data/banks/foreground/running_footsteps/fsd50k_running_footsteps_2cfc697d.wav,1.7979,1.7979,0.0,0.0,-22.79,0.6624,
fsd50k_running_footsteps_2e24485b,running_footsteps,data/banks/foreground/running_footsteps/fsd50k_running_footsteps_2e24485b.wav,1.4801,1.472,0.0,0.0081,-30.95,0.4445,
fsd50k_running_footsteps_2e9b765b,running_footsteps,data/banks/foreground/running_footsteps/fsd50k_running_footsteps_2e9b765b.wav,4.034,4.034,0.0,0.0,-31.1,0.8912,
fsd50k_running_footsteps_309676b7,running_footsteps,data/banks/foreground/running_footsteps/fsd50k_running_footsteps_309676b7.wav,1.478,1.478,0.0,0.0,-26.97,0.724,
fsd50k_running_footsteps_30b41165,running_footsteps,data/banks/foreground/running_footsteps/fsd50k_running_footsteps_30b41165.wav,1.4779,1.4779,0.0,0.0,-31.0,0.3862,
fsd50k_running_footsteps_319984b8,running_footsteps,data/banks/foreground/running_footsteps/fsd50k_running_footsteps_319984b8.wav,1.8,1.8,0.0,0.0,-32.09,0.8913,
fsd50k_running_footsteps_31cf9231,running_footsteps,data/banks/foreground/running_footsteps/fsd50k_running_footsteps_31cf9231.wav,1.479,1.479,0.0,0.0,-32.17,0.1481,
fsd50k_running_footsteps_3321aad4,running_footsteps,data/banks/foreground/running_footsteps/fsd50k_running_footsteps_3321aad4.wav,1.799,1.799,0.0,0.0,-23.9,0.796,
fsd50k_running_footsteps_35d2d6ab,running_footsteps,data/banks/foreground/running_footsteps/fsd50k_running_footsteps_35d2d6ab.wav,5.319,5.319,0.0,0.0,-31.23,0.8912,
fsd50k_running_footsteps_35e5d48b,running_footsteps,data/banks/foreground/running_footsteps/fsd50k_running_footsteps_35e5d48b.wav,1.1699,1.1699,0.0,0.0,-36.89,0.1844,
fsd50k_running_footsteps_36867646,running_footsteps,data/banks/foreground/running_footsteps/fsd50k_running_footsteps_36867646.wav,0.7438,0.7438,0.0,0.0,-22.49,0.6123,
fsd50k_running_footsteps_36f2258b,running_footsteps,data/banks/foreground/running_footsteps/fsd50k_running_footsteps_36f2258b.wav,4.672,4.672,0.0,0.0,-24.11,0.7845,
fsd50k_running_footsteps_385b4b80,running_footsteps,data/banks/foreground/running_footsteps/fsd50k_running_footsteps_385b4b80.wav,1.8001,1.8001,0.0,0.0,-25.2,0.6591,
fsd50k_running_footsteps_3a247218,running_footsteps,data/banks/foreground/running_footsteps/fsd50k_running_footsteps_3a247218.wav,2.44,2.44,0.0,0.0,-24.32,0.8585,
fsd50k_running_footsteps_3b95adde,running_footsteps,data/banks/foreground/running_footsteps/fsd50k_running_footsteps_3b95adde.wav,4.679,4.679,0.0,0.0,-33.11,0.6876,
fsd50k_running_footsteps_3ca2d580,running_footsteps,data/banks/foreground/running_footsteps/fsd50k_running_footsteps_3ca2d580.wav,1.058,1.058,0.0,0.0,-26.54,0.8913,
fsd50k_running_footsteps_40e4a6b0,running_footsteps,data/banks/foreground/running_footsteps/fsd50k_running_footsteps_40e4a6b0.wav,0.9897,0.9897,0.0,0.0,-30.65,0.5616,
fsd50k_running_footsteps_42b65df4,running_footsteps,data/banks/foreground/running_footsteps/fsd50k_running_footsteps_42b65df4.wav,1.158,1.158,0.0,0.0,-26.34,0.8912,
fsd50k_running_footsteps_4a714abb,running_footsteps,data/banks/foreground/running_footsteps/fsd50k_running_footsteps_4a714abb.wav,1.478,1.478,0.0,0.0,-32.97,0.4152,
fsd50k_running_footsteps_4aa01975,running_footsteps,data/banks/foreground/running_footsteps/fsd50k_running_footsteps_4aa01975.wav,1.7991,1.7991,0.0,0.0,-30.82,0.6433,
fsd50k_running_footsteps_4b286d2f,running_footsteps,data/banks/foreground/running_footsteps/fsd50k_running_footsteps_4b286d2f.wav,3.399,3.399,0.0,0.0,-23.55,0.7495,
fsd50k_running_footsteps_4dff06ce,running_footsteps,data/banks/foreground/running_footsteps/fsd50k_running_footsteps_4dff06ce.wav,4.676,4.676,0.0,0.0,-31.88,0.6392,
fsd50k_running_footsteps_4eb95d6f,running_footsteps,data/banks/foreground/running_footsteps/fsd50k_running_footsteps_4eb95d6f.wav,2.756,2.756,0.0,0.0,-28.92,0.6451,
fsd50k_running_footsteps_545a5492,running_footsteps,data/banks/foreground/running_footsteps/fsd50k_running_footsteps_545a5492.wav,1.7971,1.7971,0.0,0.0,-23.53,0.7892,
fsd50k_running_footsteps_54d92e3f,running_footsteps,data/banks/foreground/running_footsteps/fsd50k_running_footsteps_54d92e3f.wav,1.799,1.799,0.0,0.0,-29.62,0.5541,
fsd50k_running_footsteps_56817887,running_footsteps,data/banks/foreground/running_footsteps/fsd50k_running_footsteps_56817887.wav,1.7999,1.7999,0.0,0.0,-37.93,0.2857,
fsd50k_running_footsteps_58de0744,running_footsteps,data/banks/foreground/running_footsteps/fsd50k_running_footsteps_58de0744.wav,1.7991,1.7991,0.0,0.0,-30.74,0.6904,
fsd50k_running_footsteps_5ddd0421,running_footsteps,data/banks/foreground/running_footsteps/fsd50k_running_footsteps_5ddd0421.wav,1.4801,1.4801,0.0,0.0,-28.64,0.8912,
fsd50k_running_footsteps_690947f0,running_footsteps,data/banks/foreground/running_footsteps/fsd50k_running_footsteps_690947f0.wav,1.155,1.155,0.0,0.0,-31.05,0.6544,
fsd50k_running_footsteps_69fb322a,running_footsteps,data/banks/foreground/running_footsteps/fsd50k_running_footsteps_69fb322a.wav,1.159,1.159,0.0,0.0,-38.67,0.2493,
fsd50k_running_footsteps_6ab21ff3,running_footsteps,data/banks/foreground/running_footsteps/fsd50k_running_footsteps_6ab21ff3.wav,3.397,3.397,0.0,0.0,-23.96,0.8755,
fsd50k_running_footsteps_6d390962,running_footsteps,data/banks/foreground/running_footsteps/fsd50k_running_footsteps_6d390962.wav,3.0781,3.0781,0.0,0.0,-31.52,0.5951,
fsd50k_running_footsteps_6d6adfd3,running_footsteps,data/banks/foreground/running_footsteps/fsd50k_running_footsteps_6d6adfd3.wav,2.758,2.758,0.0,0.0,-22.39,0.8913,
fsd50k_running_footsteps_6f6ef734,running_footsteps,data/banks/foreground/running_footsteps/fsd50k_running_footsteps_6f6ef734.wav,1.799,1.799,0.0,0.0,-20.14,0.5949,
fsd50k_running_footsteps_73758081,running_footsteps,data/banks/foreground/running_footsteps/fsd50k_running_footsteps_73758081.wav,1.48,1.48,0.0,0.0,-19.68,0.4799,
fsd50k_running_footsteps_74626b41,running_footsteps,data/banks/foreground/running_footsteps/fsd50k_running_footsteps_74626b41.wav,2.44,2.44,0.0,0.0,-31.2,0.6626,
fsd50k_running_footsteps_76aa0c97,running_footsteps,data/banks/foreground/running_footsteps/fsd50k_running_footsteps_76aa0c97.wav,4.9961,4.9961,0.0,0.0,-28.39,0.8912,
fsd50k_running_footsteps_77af837a,running_footsteps,data/banks/foreground/running_footsteps/fsd50k_running_footsteps_77af837a.wav,2.116,2.116,0.0,0.0,-27.5,0.5764,
fsd50k_running_footsteps_7bc50a58,running_footsteps,data/banks/foreground/running_footsteps/fsd50k_running_footsteps_7bc50a58.wav,1.476,1.476,0.0,0.0,-34.08,0.8913,
fsd50k_running_footsteps_7eebc19c,running_footsteps,data/banks/foreground/running_footsteps/fsd50k_running_footsteps_7eebc19c.wav,1.1888,1.1888,0.0,0.0,-37.08,0.2229,
fsd50k_running_footsteps_7f297167,running_footsteps,data/banks/foreground/running_footsteps/fsd50k_running_footsteps_7f297167.wav,1.1581,1.1581,0.0,0.0,-13.31,0.8912,
fsd50k_running_footsteps_80b04e1b,running_footsteps,data/banks/foreground/running_footsteps/fsd50k_running_footsteps_80b04e1b.wav,1.16,1.16,0.0,0.0,-23.26,0.2987,
fsd50k_running_footsteps_81d08f7b,running_footsteps,data/banks/foreground/running_footsteps/fsd50k_running_footsteps_81d08f7b.wav,3.9389,3.9389,0.0,0.0,-30.39,0.8913,
fsd50k_running_footsteps_82054a2e,running_footsteps,data/banks/foreground/running_footsteps/fsd50k_running_footsteps_82054a2e.wav,1.3496,1.344,0.0,0.0056,-26.04,0.8913,
fsd50k_running_footsteps_82a0b65d,running_footsteps,data/banks/foreground/running_footsteps/fsd50k_running_footsteps_82a0b65d.wav,1.16,1.16,0.0,0.0,-26.17,0.89,
fsd50k_running_footsteps_84a3a35a,running_footsteps,data/banks/foreground/running_footsteps/fsd50k_running_footsteps_84a3a35a.wav,3.7171,3.7171,0.0,0.0,-35.6,0.8912,
fsd50k_running_footsteps_84ef2584,running_footsteps,data/banks/foreground/running_footsteps/fsd50k_running_footsteps_84ef2584.wav,3.7161,3.7161,0.0,0.0,-17.42,0.627,
fsd50k_running_footsteps_8724333f,running_footsteps,data/banks/foreground/running_footsteps/fsd50k_running_footsteps_8724333f.wav,6.0966,5.984,0.0,0.1126,-32.7,0.6769,
fsd50k_running_footsteps_8ab8c6f8,running_footsteps,data/banks/foreground/running_footsteps/fsd50k_running_footsteps_8ab8c6f8.wav,1.478,1.478,0.0,0.0,-34.25,0.107,
fsd50k_running_footsteps_8cebeea6,running_footsteps,data/banks/foreground/running_footsteps/fsd50k_running_footsteps_8cebeea6.wav,1.798,1.792,0.0,0.006,-25.74,0.8913,
fsd50k_running_footsteps_8d5de212,running_footsteps,data/banks/foreground/running_footsteps/fsd50k_running_footsteps_8d5de212.wav,2.585,2.585,0.0,0.0,-23.91,0.8518,
fsd50k_running_footsteps_95cb7a68,running_footsteps,data/banks/foreground/running_footsteps/fsd50k_running_footsteps_95cb7a68.wav,1.7999,1.7999,0.0,0.0,-25.47,0.6302,
fsd50k_running_footsteps_96641969,running_footsteps,data/banks/foreground/running_footsteps/fsd50k_running_footsteps_96641969.wav,9.156,9.152,0.0,0.004,-29.92,0.8794,
fsd50k_running_footsteps_97f4fc9a,running_footsteps,data/banks/foreground/running_footsteps/fsd50k_running_footsteps_97f4fc9a.wav,4.039,4.039,0.0,0.0,-38.54,0.3958,
fsd50k_running_footsteps_987ed01a,running_footsteps,data/banks/foreground/running_footsteps/fsd50k_running_footsteps_987ed01a.wav,1.7949,1.7949,0.0,0.0,-22.19,0.8913,
fsd50k_running_footsteps_9894f961,running_footsteps,data/banks/foreground/running_footsteps/fsd50k_running_footsteps_9894f961.wav,2.44,2.44,0.0,0.0,-16.6,0.6976,
fsd50k_running_footsteps_98bd7eb6,running_footsteps,data/banks/foreground/running_footsteps/fsd50k_running_footsteps_98bd7eb6.wav,2.118,2.118,0.0,0.0,-28.3,0.566,
fsd50k_running_footsteps_998c1bdf,running_footsteps,data/banks/foreground/running_footsteps/fsd50k_running_footsteps_998c1bdf.wav,5.959,5.959,0.0,0.0,-35.98,0.6093,
fsd50k_running_footsteps_9acca921,running_footsteps,data/banks/foreground/running_footsteps/fsd50k_running_footsteps_9acca921.wav,2.1189,2.1189,0.0,0.0,-34.53,0.211,
fsd50k_running_footsteps_9ae5ecc1,running_footsteps,data/banks/foreground/running_footsteps/fsd50k_running_footsteps_9ae5ecc1.wav,1.479,1.479,0.0,0.0,-29.81,0.7624,
fsd50k_running_footsteps_9b1e9112,running_footsteps,data/banks/foreground/running_footsteps/fsd50k_running_footsteps_9b1e9112.wav,0.839,0.839,0.0,0.0,-18.18,0.7348,
fsd50k_running_footsteps_9ef84e2f,running_footsteps,data/banks/foreground/running_footsteps/fsd50k_running_footsteps_9ef84e2f.wav,3.3999,3.3039,0.096,0.0,-30.07,0.5052,
fsd50k_running_footsteps_9f5383d9,running_footsteps,data/banks/foreground/running_footsteps/fsd50k_running_footsteps_9f5383d9.wav,1.8,1.8,0.0,0.0,-24.82,0.8913,
fsd50k_running_footsteps_a4edbd3e,running_footsteps,data/banks/foreground/running_footsteps/fsd50k_running_footsteps_a4edbd3e.wav,2.4399,2.4399,0.0,0.0,-33.31,0.8913,
fsd50k_running_footsteps_a8c06d06,running_footsteps,data/banks/foreground/running_footsteps/fsd50k_running_footsteps_a8c06d06.wav,2.758,2.758,0.0,0.0,-32.89,0.4435,
fsd50k_running_footsteps_aa7e9991,running_footsteps,data/banks/foreground/running_footsteps/fsd50k_running_footsteps_aa7e9991.wav,2.119,2.119,0.0,0.0,-30.05,0.6552,
fsd50k_running_footsteps_aa8e3a2d,running_footsteps,data/banks/foreground/running_footsteps/fsd50k_running_footsteps_aa8e3a2d.wav,1.798,1.798,0.0,0.0,-23.88,0.5994,
fsd50k_running_footsteps_aba49a35,running_footsteps,data/banks/foreground/running_footsteps/fsd50k_running_footsteps_aba49a35.wav,1.379,1.379,0.0,0.0,-14.2,0.8076,
fsd50k_running_footsteps_ad327944,running_footsteps,data/banks/foreground/running_footsteps/fsd50k_running_footsteps_ad327944.wav,1.156,1.156,0.0,0.0,-35.87,0.3349,
fsd50k_running_footsteps_af09fb45,running_footsteps,data/banks/foreground/running_footsteps/fsd50k_running_footsteps_af09fb45.wav,1.9072,1.9072,0.0,0.0,-26.17,0.8913,
fsd50k_running_footsteps_b5154963,running_footsteps,data/banks/foreground/running_footsteps/fsd50k_running_footsteps_b5154963.wav,2.4379,2.4379,0.0,0.0,-30.81,0.317,
fsd50k_running_footsteps_b61f2336,running_footsteps,data/banks/foreground/running_footsteps/fsd50k_running_footsteps_b61f2336.wav,3.7181,3.7181,0.0,0.0,-13.36,0.8596,
fsd50k_running_footsteps_bd6f0ba8,running_footsteps,data/banks/foreground/running_footsteps/fsd50k_running_footsteps_bd6f0ba8.wav,1.4669,1.4669,0.0,0.0,-22.58,0.8912,
fsd50k_running_footsteps_bdd9a337,running_footsteps,data/banks/foreground/running_footsteps/fsd50k_running_footsteps_bdd9a337.wav,2.118,2.118,0.0,0.0,-17.4,0.7619,
fsd50k_running_footsteps_c2535a3e,running_footsteps,data/banks/foreground/running_footsteps/fsd50k_running_footsteps_c2535a3e.wav,1.799,1.799,0.0,0.0,-29.29,0.7401,
fsd50k_running_footsteps_c2e776dd,running_footsteps,data/banks/foreground/running_footsteps/fsd50k_running_footsteps_c2e776dd.wav,1.198,1.198,0.0,0.0,-21.44,0.6534,
fsd50k_running_footsteps_c34677de,running_footsteps,data/banks/foreground/running_footsteps/fsd50k_running_footsteps_c34677de.wav,1.479,1.479,0.0,0.0,-41.85,0.2509,
fsd50k_running_footsteps_cb63b7ce,running_footsteps,data/banks/foreground/running_footsteps/fsd50k_running_footsteps_cb63b7ce.wav,1.794,1.794,0.0,0.0,-28.67,0.5058,
fsd50k_running_footsteps_cbbe8f53,running_footsteps,data/banks/foreground/running_footsteps/fsd50k_running_footsteps_cbbe8f53.wav,4.2589,4.2589,0.0,0.0,-40.53,0.3508,
fsd50k_running_footsteps_ccfaa94c,running_footsteps,data/banks/foreground/running_footsteps/fsd50k_running_footsteps_ccfaa94c.wav,1.16,1.16,0.0,0.0,-30.77,0.2864,
fsd50k_running_footsteps_d0f1b47f,running_footsteps,data/banks/foreground/running_footsteps/fsd50k_running_footsteps_d0f1b47f.wav,2.438,2.438,0.0,0.0,-30.17,0.8913,
fsd50k_running_footsteps_d1c2867b,running_footsteps,data/banks/foreground/running_footsteps/fsd50k_running_footsteps_d1c2867b.wav,1.1601,1.1601,0.0,0.0,-22.95,0.6979,
fsd50k_running_footsteps_d27e6858,running_footsteps,data/banks/foreground/running_footsteps/fsd50k_running_footsteps_d27e6858.wav,7.878,7.878,0.0,0.0,-33.99,0.2523,
fsd50k_running_footsteps_da1aafc7,running_footsteps,data/banks/foreground/running_footsteps/fsd50k_running_footsteps_da1aafc7.wav,1.799,1.799,0.0,0.0,-34.56,0.4039,
fsd50k_running_footsteps_dd48a784,running_footsteps,data/banks/foreground/running_footsteps/fsd50k_running_footsteps_dd48a784.wav,1.8,1.768,0.032,0.0,-34.41,0.5773,
fsd50k_running_footsteps_e041978b,running_footsteps,data/banks/foreground/running_footsteps/fsd50k_running_footsteps_e041978b.wav,1.476,1.476,0.0,0.0,-32.56,0.825,
fsd50k_running_footsteps_e0de2408,running_footsteps,data/banks/foreground/running_footsteps/fsd50k_running_footsteps_e0de2408.wav,2.119,2.119,0.0,0.0,-35.16,0.6093,
fsd50k_running_footsteps_e105db6b,running_footsteps,data/banks/foreground/running_footsteps/fsd50k_running_footsteps_e105db6b.wav,1.7979,1.7979,0.0,0.0,-29.57,0.8135,
fsd50k_running_footsteps_e2ec6488,running_footsteps,data/banks/foreground/running_footsteps/fsd50k_running_footsteps_e2ec6488.wav,1.2988,1.28,0.0,0.0188,-25.72,0.7391,
fsd50k_running_footsteps_e3a1d988,running_footsteps,data/banks/foreground/running_footsteps/fsd50k_running_footsteps_e3a1d988.wav,1.48,1.48,0.0,0.0,-20.69,0.8912,
fsd50k_running_footsteps_e52ce8a4,running_footsteps,data/banks/foreground/running_footsteps/fsd50k_running_footsteps_e52ce8a4.wav,7.554,7.554,0.0,0.0,-28.0,0.8913,
fsd50k_running_footsteps_e99f99c7,running_footsteps,data/banks/foreground/running_footsteps/fsd50k_running_footsteps_e99f99c7.wav,4.678,4.678,0.0,0.0,-39.77,0.2447,
fsd50k_running_footsteps_ede56873,running_footsteps,data/banks/foreground/running_footsteps/fsd50k_running_footsteps_ede56873.wav,1.7989,1.7989,0.0,0.0,-21.67,0.8797,
fsd50k_running_footsteps_ef37ae25,running_footsteps,data/banks/foreground/running_footsteps/fsd50k_running_footsteps_ef37ae25.wav,2.759,2.759,0.0,0.0,-24.53,0.6794,
fsd50k_running_footsteps_f25db981,running_footsteps,data/banks/foreground/running_footsteps/fsd50k_running_footsteps_f25db981.wav,1.479,1.479,0.0,0.0,-13.24,0.7117,
fsd50k_running_footsteps_f427b970,running_footsteps,data/banks/foreground/running_footsteps/fsd50k_running_footsteps_f427b970.wav,1.7949,1.7949,0.0,0.0,-25.8,0.8912,
fsd50k_running_footsteps_f4530eb3,running_footsteps,data/banks/foreground/running_footsteps/fsd50k_running_footsteps_f4530eb3.wav,1.1591,1.1591,0.0,0.0,-19.81,0.4565,
fsd50k_running_footsteps_f66cf8fd,running_footsteps,data/banks/foreground/running_footsteps/fsd50k_running_footsteps_f66cf8fd.wav,4.9949,4.9949,0.0,0.0,-34.13,0.8912,
fsd50k_running_footsteps_f708424b,running_footsteps,data/banks/foreground/running_footsteps/fsd50k_running_footsteps_f708424b.wav,2.757,2.757,0.0,0.0,-30.91,0.3105,
fsd50k_running_footsteps_f7559ad3,running_footsteps,data/banks/foreground/running_footsteps/fsd50k_running_footsteps_f7559ad3.wav,1.159,1.159,0.0,0.0,-26.45,0.8913,
fsd50k_running_footsteps_f7cc0459,running_footsteps,data/banks/foreground/running_footsteps/fsd50k_running_footsteps_f7cc0459.wav,3.4001,3.4001,0.0,0.0,-30.3,0.8912,
fsd50k_running_footsteps_f8b83b64,running_footsteps,data/banks/foreground/running_footsteps/fsd50k_running_footsteps_f8b83b64.wav,2.9779,2.9779,0.0,0.0,-23.43,0.7198,
fsd50k_running_footsteps_ff0d22fa,running_footsteps,data/banks/foreground/running_footsteps/fsd50k_running_footsteps_ff0d22fa.wav,5.6381,5.6381,0.0,0.0,-32.12,0.6847,
fsd50k_scream_05e8a06c,scream,data/banks/foreground/scream/fsd50k_scream_05e8a06c.wav,1.378,1.026,0.352,0.0,-22.93,0.3007,
fsd50k_scream_072db6ef,scream,data/banks/foreground/scream/fsd50k_scream_072db6ef.wav,0.838,0.838,0.0,0.0,-22.31,0.3377,
fsd50k_scream_0a0538e8,scream,data/banks/foreground/scream/fsd50k_scream_0a0538e8.wav,1.06,0.74,0.32,0.0,-24.61,0.0932,
fsd50k_scream_0a489ccb,scream,data/banks/foreground/scream/fsd50k_scream_0a489ccb.wav,1.4397,1.408,0.0,0.0317,-25.8,0.1473,
fsd50k_scream_0daa37c4,scream,data/banks/foreground/scream/fsd50k_scream_0daa37c4.wav,0.735,0.735,0.0,0.0,-23.1,0.2169,
fsd50k_scream_1470e8f5,scream,data/banks/foreground/scream/fsd50k_scream_1470e8f5.wav,1.055,0.991,0.064,0.0,-24.51,0.2344,
fsd50k_scream_1adc45c6,scream,data/banks/foreground/scream/fsd50k_scream_1adc45c6.wav,1.699,1.472,0.128,0.099,-25.23,0.1964,
fsd50k_scream_1ddf006e,scream,data/banks/foreground/scream/fsd50k_scream_1ddf006e.wav,0.88,0.8,0.064,0.016,-26.33,0.1389,
fsd50k_scream_1eaedd26,scream,data/banks/foreground/scream/fsd50k_scream_1eaedd26.wav,1.059,1.059,0.0,0.0,-24.21,0.0886,
fsd50k_scream_2478d98b,scream,data/banks/foreground/scream/fsd50k_scream_2478d98b.wav,1.378,1.282,0.096,0.0,-22.76,0.2829,
fsd50k_scream_24f234a8,scream,data/banks/foreground/scream/fsd50k_scream_24f234a8.wav,1.158,0.934,0.224,0.0,-23.44,0.286,
fsd50k_scream_2b174352,scream,data/banks/foreground/scream/fsd50k_scream_2b174352.wav,1.058,0.77,0.288,0.0,-23.81,0.0986,
fsd50k_scream_2b5c9f18,scream,data/banks/foreground/scream/fsd50k_scream_2b5c9f18.wav,2.336,2.304,0.032,0.0,-21.8,0.28,
fsd50k_scream_2b653240,scream,data/banks/foreground/scream/fsd50k_scream_2b653240.wav,1.379,1.251,0.128,0.0,-25.6,0.1935,
fsd50k_scream_2c341d43,scream,data/banks/foreground/scream/fsd50k_scream_2c341d43.wav,0.735,0.735,0.0,0.0,-25.29,0.206,
fsd50k_scream_2c65d0a4,scream,data/banks/foreground/scream/fsd50k_scream_2c65d0a4.wav,0.9509,0.9509,0.0,0.0,-24.79,0.2063,
fsd50k_scream_2d778e40,scream,data/banks/foreground/scream/fsd50k_scream_2d778e40.wav,0.738,0.706,0.032,0.0,-22.92,0.293,
fsd50k_scream_2ed79906,scream,data/banks/foreground/scream/fsd50k_scream_2ed79906.wav,1.798,1.798,0.0,0.0,-25.63,0.2336,
fsd50k_scream_318ae8e6,scream,data/banks/foreground/scream/fsd50k_scream_318ae8e6.wav,1.379,1.187,0.192,0.0,-23.4,0.1434,
fsd50k_scream_344edeb6,scream,data/banks/foreground/scream/fsd50k_scream_344edeb6.wav,0.7735,0.736,0.0,0.0375,-23.34,0.2707,
fsd50k_scream_3662b1e1,scream,data/banks/foreground/scream/fsd50k_scream_3662b1e1.wav,1.2024,1.184,0.0,0.0184,-25.34,0.196,
fsd50k_scream_36f3825d,scream,data/banks/foreground/scream/fsd50k_scream_36f3825d.wav,0.6715,0.6715,0.0,0.0,-24.49,0.3535,
fsd50k_scream_37dbc57f,scream,data/banks/foreground/scream/fsd50k_scream_37dbc57f.wav,0.734,0.734,0.0,0.0,-22.73,0.2785,
fsd50k_scream_41cd41d5,scream,data/banks/foreground/scream/fsd50k_scream_41cd41d5.wav,1.4779,1.4779,0.0,0.0,-23.54,0.2437,
fsd50k_scream_43e9952b,scream,data/banks/foreground/scream/fsd50k_scream_43e9952b.wav,0.737,0.705,0.032,0.0,-22.83,0.2068,
fsd50k_scream_4540f9fe,scream,data/banks/foreground/scream/fsd50k_scream_4540f9fe.wav,0.9387,0.9387,0.0,0.0,-25.02,0.1883,
fsd50k_scream_46b5a401,scream,data/banks/foreground/scream/fsd50k_scream_46b5a401.wav,1.0392,1.0392,0.0,0.0,-24.39,0.1706,
fsd50k_scream_4746f12a,scream,data/banks/foreground/scream/fsd50k_scream_4746f12a.wav,1.0281,1.024,0.0,0.0041,-26.47,0.1143,
fsd50k_scream_490f49f7,scream,data/banks/foreground/scream/fsd50k_scream_490f49f7.wav,1.0438,0.832,0.064,0.1478,-24.88,0.1976,
fsd50k_scream_4a8be652,scream,data/banks/foreground/scream/fsd50k_scream_4a8be652.wav,1.0165,0.896,0.0,0.1205,-23.78,0.4172,
fsd50k_scream_4aeb7eef,scream,data/banks/foreground/scream/fsd50k_scream_4aeb7eef.wav,0.4584,0.4584,0.0,0.0,-27.26,0.119,
fsd50k_scream_4c6b8bd4,scream,data/banks/foreground/scream/fsd50k_scream_4c6b8bd4.wav,1.058,1.026,0.032,0.0,-21.91,0.3165,
fsd50k_scream_4e89804f,scream,data/banks/foreground/scream/fsd50k_scream_4e89804f.wav,2.3379,2.3379,0.0,0.0,-21.85,0.1459,
fsd50k_scream_4f4ce0df,scream,data/banks/foreground/scream/fsd50k_scream_4f4ce0df.wav,1.058,1.058,0.0,0.0,-25.78,0.1985,
fsd50k_scream_50bc29d8,scream,data/banks/foreground/scream/fsd50k_scream_50bc29d8.wav,0.839,0.839,0.0,0.0,-25.58,0.1336,
fsd50k_scream_529ce365,scream,data/banks/foreground/scream/fsd50k_scream_529ce365.wav,0.734,0.734,0.0,0.0,-25.64,0.1243,
fsd50k_scream_531626c8,scream,data/banks/foreground/scream/fsd50k_scream_531626c8.wav,0.7431,0.7431,0.0,0.0,-24.36,0.1735,
fsd50k_scream_537c4b1e,scream,data/banks/foreground/scream/fsd50k_scream_537c4b1e.wav,1.1599,0.8399,0.32,0.0,-21.67,0.4951,
fsd50k_scream_54372219,scream,data/banks/foreground/scream/fsd50k_scream_54372219.wav,1.5751,1.5751,0.0,0.0,-24.72,0.1302,
fsd50k_scream_55b628cf,scream,data/banks/foreground/scream/fsd50k_scream_55b628cf.wav,0.735,0.735,0.0,0.0,-24.68,0.1055,
fsd50k_scream_55b69471,scream,data/banks/foreground/scream/fsd50k_scream_55b69471.wav,0.84,0.84,0.0,0.0,-23.0,0.2897,
fsd50k_scream_568670ad,scream,data/banks/foreground/scream/fsd50k_scream_568670ad.wav,1.059,1.059,0.0,0.0,-23.58,0.1488,
fsd50k_scream_56becffe,scream,data/banks/foreground/scream/fsd50k_scream_56becffe.wav,1.1413,0.96,0.064,0.1173,-24.4,0.1649,
fsd50k_scream_57659403,scream,data/banks/foreground/scream/fsd50k_scream_57659403.wav,1.159,1.159,0.0,0.0,-23.26,0.2632,
fsd50k_scream_578568b7,scream,data/banks/foreground/scream/fsd50k_scream_578568b7.wav,0.838,0.838,0.0,0.0,-21.19,0.2949,
fsd50k_scream_57a58e4e,scream,data/banks/foreground/scream/fsd50k_scream_57a58e4e.wav,2.335,2.335,0.0,0.0,-23.37,0.2906,
fsd50k_scream_5816e67f,scream,data/banks/foreground/scream/fsd50k_scream_5816e67f.wav,1.376,1.088,0.288,0.0,-22.57,0.2466,
fsd50k_scream_583cea08,scream,data/banks/foreground/scream/fsd50k_scream_583cea08.wav,0.74,0.74,0.0,0.0,-24.63,0.2752,
fsd50k_scream_5b2f69b9,scream,data/banks/foreground/scream/fsd50k_scream_5b2f69b9.wav,1.058,1.058,0.0,0.0,-23.12,0.2062,
fsd50k_scream_5b46c5f6,scream,data/banks/foreground/scream/fsd50k_scream_5b46c5f6.wav,1.799,1.799,0.0,0.0,-23.56,0.2448,
fsd50k_scream_5dd62001,scream,data/banks/foreground/scream/fsd50k_scream_5dd62001.wav,1.058,0.898,0.16,0.0,-24.66,0.1581,
fsd50k_scream_5e05f792,scream,data/banks/foreground/scream/fsd50k_scream_5e05f792.wav,1.058,0.93,0.128,0.0,-23.85,0.1918,
fsd50k_scream_61046ca1,scream,data/banks/foreground/scream/fsd50k_scream_61046ca1.wav,1.059,1.059,0.0,0.0,-22.79,0.1956,
fsd50k_scream_66285eac,scream,data/banks/foreground/scream/fsd50k_scream_66285eac.wav,1.058,1.058,0.0,0.0,-23.38,0.253,
fsd50k_scream_6693f315,scream,data/banks/foreground/scream/fsd50k_scream_6693f315.wav,1.06,1.06,0.0,0.0,-24.41,0.2593,
fsd50k_scream_682e5e24,scream,data/banks/foreground/scream/fsd50k_scream_682e5e24.wav,1.7979,1.7979,0.0,0.0,-21.38,0.158,
fsd50k_scream_690cfc07,scream,data/banks/foreground/scream/fsd50k_scream_690cfc07.wav,0.8359,0.8359,0.0,0.0,-25.23,0.2336,
fsd50k_scream_69d77a3b,scream,data/banks/foreground/scream/fsd50k_scream_69d77a3b.wav,1.058,0.802,0.256,0.0,-22.63,0.2799,
fsd50k_scream_69fd0a5a,scream,data/banks/foreground/scream/fsd50k_scream_69fd0a5a.wav,1.1579,1.088,0.0,0.0699,-28.07,0.1244,
fsd50k_scream_6a5b489c,scream,data/banks/foreground/scream/fsd50k_scream_6a5b489c.wav,1.058,0.994,0.064,0.0,-23.71,0.3648,
fsd50k_scream_6fd00e86,scream,data/banks/foreground/scream/fsd50k_scream_6fd00e86.wav,0.839,0.839,0.0,0.0,-24.18,0.1731,
fsd50k_scream_7299e313,scream,data/banks/foreground/scream/fsd50k_scream_7299e313.wav,0.7314,0.7314,0.0,0.0,-25.35,0.2426,
fsd50k_scream_740c801c,scream,data/banks/foreground/scream/fsd50k_scream_740c801c.wav,1.057,1.025,0.032,0.0,-22.42,0.2083,
fsd50k_scream_75035d63,scream,data/banks/foreground/scream/fsd50k_scream_75035d63.wav,0.837,0.837,0.0,0.0,-24.75,0.2917,
fsd50k_scream_77074668,scream,data/banks/foreground/scream/fsd50k_scream_77074668.wav,1.058,0.994,0.064,0.0,-18.73,0.3989,
fsd50k_scream_78821132,scream,data/banks/foreground/scream/fsd50k_scream_78821132.wav,1.158,1.158,0.0,0.0,-23.86,0.1938,
fsd50k_scream_78a1566f,scream,data/banks/foreground/scream/fsd50k_scream_78a1566f.wav,1.477,1.477,0.0,0.0,-23.53,0.2617,
fsd50k_scream_7a181533,scream,data/banks/foreground/scream/fsd50k_scream_7a181533.wav,1.057,1.025,0.032,0.0,-23.07,0.2643,
fsd50k_scream_7a9b2395,scream,data/banks/foreground/scream/fsd50k_scream_7a9b2395.wav,0.8371,0.8371,0.0,0.0,-22.81,0.4113,
fsd50k_scream_7b49874e,scream,data/banks/foreground/scream/fsd50k_scream_7b49874e.wav,1.057,1.057,0.0,0.0,-25.62,0.2295,
fsd50k_scream_7b515cf0,scream,data/banks/foreground/scream/fsd50k_scream_7b515cf0.wav,0.5396,0.5396,0.0,0.0,-25.68,0.2286,
fsd50k_scream_7bf2d545,scream,data/banks/foreground/scream/fsd50k_scream_7bf2d545.wav,1.378,1.378,0.0,0.0,-23.34,0.2119,
fsd50k_scream_7d0a6ccd,scream,data/banks/foreground/scream/fsd50k_scream_7d0a6ccd.wav,1.058,0.898,0.16,0.0,-23.87,0.2184,
fsd50k_scream_7f80896f,scream,data/banks/foreground/scream/fsd50k_scream_7f80896f.wav,1.058,0.898,0.16,0.0,-24.64,0.241,
fsd50k_scream_8033cc8d,scream,data/banks/foreground/scream/fsd50k_scream_8033cc8d.wav,1.055,1.023,0.032,0.0,-25.1,0.1146,
fsd50k_scream_80d0107b,scream,data/banks/foreground/scream/fsd50k_scream_80d0107b.wav,1.06,1.06,0.0,0.0,-22.63,0.1481,
fsd50k_scream_855bee5a,scream,data/banks/foreground/scream/fsd50k_scream_855bee5a.wav,1.38,1.252,0.128,0.0,-23.77,0.1795,
fsd50k_scream_8589697b,scream,data/banks/foreground/scream/fsd50k_scream_8589697b.wav,1.056,1.024,0.032,0.0,-25.85,0.2478,
fsd50k_scream_865d63df,scream,data/banks/foreground/scream/fsd50k_scream_865d63df.wav,1.059,1.059,0.0,0.0,-22.18,0.3248,
fsd50k_scream_8758bdce,scream,data/banks/foreground/scream/fsd50k_scream_8758bdce.wav,1.796,1.796,0.0,0.0,-23.3,0.2498,
fsd50k_scream_89b2d799,scream,data/banks/foreground/scream/fsd50k_scream_89b2d799.wav,1.158,0.806,0.352,0.0,-28.33,0.087,
fsd50k_scream_8c3008c8,scream,data/banks/foreground/scream/fsd50k_scream_8c3008c8.wav,2.1151,2.0191,0.096,0.0,-24.77,0.2333,
fsd50k_scream_8e0f9caf,scream,data/banks/foreground/scream/fsd50k_scream_8e0f9caf.wav,0.6696,0.64,0.0,0.0296,-24.72,0.3341,
fsd50k_scream_909c8583,scream,data/banks/foreground/scream/fsd50k_scream_909c8583.wav,1.059,0.963,0.096,0.0,-22.94,0.3427,
fsd50k_scream_91d89324,scream,data/banks/foreground/scream/fsd50k_scream_91d89324.wav,1.159,1.159,0.0,0.0,-21.67,0.1432,
fsd50k_scream_93c3062c,scream,data/banks/foreground/scream/fsd50k_scream_93c3062c.wav,1.1579,1.1579,0.0,0.0,-24.68,0.2042,
fsd50k_scream_99e2c4d4,scream,data/banks/foreground/scream/fsd50k_scream_99e2c4d4.wav,1.056,1.056,0.0,0.0,-22.68,0.2296,
fsd50k_scream_9bdd4cbf,scream,data/banks/foreground/scream/fsd50k_scream_9bdd4cbf.wav,1.159,1.159,0.0,0.0,-22.13,0.241,
fsd50k_scream_9cb8db19,scream,data/banks/foreground/scream/fsd50k_scream_9cb8db19.wav,0.732,0.732,0.0,0.0,-25.22,0.3007,
fsd50k_scream_a1786a8f,scream,data/banks/foreground/scream/fsd50k_scream_a1786a8f.wav,1.158,1.03,0.128,0.0,-22.4,0.2752,
fsd50k_scream_a41b063d,scream,data/banks/foreground/scream/fsd50k_scream_a41b063d.wav,1.379,1.379,0.0,0.0,-22.8,0.2416,
fsd50k_scream_a41ff329,scream,data/banks/foreground/scream/fsd50k_scream_a41ff329.wav,0.839,0.8,0.0,0.039,-26.71,0.1581,
fsd50k_scream_a48dbef5,scream,data/banks/foreground/scream/fsd50k_scream_a48dbef5.wav,1.155,1.155,0.0,0.0,-24.06,0.2269,
fsd50k_scream_a6d371c3,scream,data/banks/foreground/scream/fsd50k_scream_a6d371c3.wav,1.379,1.123,0.256,0.0,-23.34,0.1276,
fsd50k_scream_a9ffc646,scream,data/banks/foreground/scream/fsd50k_scream_a9ffc646.wav,1.057,0.929,0.128,0.0,-23.36,0.2507,
fsd50k_scream_aa4a5fa0,scream,data/banks/foreground/scream/fsd50k_scream_aa4a5fa0.wav,3.298,3.298,0.0,0.0,-25.49,0.1671,
fsd50k_scream_aa91dd20,scream,data/banks/foreground/scream/fsd50k_scream_aa91dd20.wav,2.1179,2.1179,0.0,0.0,-24.37,0.2771,
fsd50k_scream_aaea2b23,scream,data/banks/foreground/scream/fsd50k_scream_aaea2b23.wav,1.1621,1.1621,0.0,0.0,-23.89,0.2443,
fsd50k_scream_ac254174,scream,data/banks/foreground/scream/fsd50k_scream_ac254174.wav,2.019,1.987,0.032,0.0,-24.73,0.1635,
fsd50k_scream_aee772b6,scream,data/banks/foreground/scream/fsd50k_scream_aee772b6.wav,0.736,0.736,0.0,0.0,-23.73,0.2042,
fsd50k_scream_b264a03d,scream,data/banks/foreground/scream/fsd50k_scream_b264a03d.wav,1.059,1.059,0.0,0.0,-22.01,0.2927,
fsd50k_scream_b36b35c8,scream,data/banks/foreground/scream/fsd50k_scream_b36b35c8.wav,0.7339,0.7339,0.0,0.0,-24.69,0.1936,
fsd50k_scream_b3e8c9d0,scream,data/banks/foreground/scream/fsd50k_scream_b3e8c9d0.wav,1.058,1.058,0.0,0.0,-24.32,0.2263,
fsd50k_scream_b60aa13d,scream,data/banks/foreground/scream/fsd50k_scream_b60aa13d.wav,1.3176,1.312,0.0,0.0056,-31.85,0.1058,
fsd50k_scream_bc71149d,scream,data/banks/foreground/scream/fsd50k_scream_bc71149d.wav,3.7139,3.7139,0.0,0.0,-23.93,0.2482,
fsd50k_scream_bc7b1b87,scream,data/banks/foreground/scream/fsd50k_scream_bc7b1b87.wav,0.6066,0.6066,0.0,0.0,-24.98,0.1209,
fsd50k_scream_bcbe8dff,scream,data/banks/foreground/scream/fsd50k_scream_bcbe8dff.wav,1.477,1.445,0.032,0.0,-24.62,0.2242,
fsd50k_scream_c2574a61,scream,data/banks/foreground/scream/fsd50k_scream_c2574a61.wav,0.737,0.737,0.0,0.0,-25.46,0.1081,
fsd50k_scream_c3184426,scream,data/banks/foreground/scream/fsd50k_scream_c3184426.wav,1.158,1.158,0.0,0.0,-24.01,0.224,
fsd50k_scream_c408c8a7,scream,data/banks/foreground/scream/fsd50k_scream_c408c8a7.wav,1.1599,0.8399,0.32,0.0,-26.06,0.2645,
fsd50k_scream_c6535352,scream,data/banks/foreground/scream/fsd50k_scream_c6535352.wav,1.158,0.966,0.192,0.0,-26.19,0.2137,
fsd50k_scream_c9a5f3af,scream,data/banks/foreground/scream/fsd50k_scream_c9a5f3af.wav,1.055,1.055,0.0,0.0,-23.14,0.2375,
fsd50k_scream_cb04b0ef,scream,data/banks/foreground/scream/fsd50k_scream_cb04b0ef.wav,1.799,1.799,0.0,0.0,-21.73,0.4852,
fsd50k_scream_cb429165,scream,data/banks/foreground/scream/fsd50k_scream_cb429165.wav,0.737,0.672,0.0,0.065,-25.35,0.1415,
fsd50k_scream_cbec38a1,scream,data/banks/foreground/scream/fsd50k_scream_cbec38a1.wav,0.839,0.807,0.032,0.0,-24.61,0.245,
fsd50k_scream_d97d8744,scream,data/banks/foreground/scream/fsd50k_scream_d97d8744.wav,1.158,0.998,0.16,0.0,-22.03,0.2051,
fsd50k_scream_dcd3d1c2,scream,data/banks/foreground/scream/fsd50k_scream_dcd3d1c2.wav,0.74,0.708,0.032,0.0,-21.84,0.196,
fsd50k_scream_e15810ea,scream,data/banks/foreground/scream/fsd50k_scream_e15810ea.wav,0.737,0.737,0.0,0.0,-24.98,0.1289,
fsd50k_scream_e1bb25d1,scream,data/banks/foreground/scream/fsd50k_scream_e1bb25d1.wav,0.74,0.74,0.0,0.0,-22.87,0.1711,
fsd50k_scream_e5980b90,scream,data/banks/foreground/scream/fsd50k_scream_e5980b90.wav,1.697,1.697,0.0,0.0,-24.19,0.2473,
fsd50k_scream_e76fb595,scream,data/banks/foreground/scream/fsd50k_scream_e76fb595.wav,1.374,1.31,0.064,0.0,-24.14,0.2869,
fsd50k_scream_e78238b3,scream,data/banks/foreground/scream/fsd50k_scream_e78238b3.wav,1.056,1.024,0.032,0.0,-24.81,0.2163,
fsd50k_scream_ecd61b40,scream,data/banks/foreground/scream/fsd50k_scream_ecd61b40.wav,2.2967,2.2967,0.0,0.0,-26.65,0.1505,
fsd50k_scream_ee5c76cc,scream,data/banks/foreground/scream/fsd50k_scream_ee5c76cc.wav,1.4246,1.248,0.0,0.1766,-24.93,0.267,
fsd50k_scream_f16f6aed,scream,data/banks/foreground/scream/fsd50k_scream_f16f6aed.wav,1.159,1.095,0.064,0.0,-24.54,0.1843,
fsd50k_scream_f2fc09cf,scream,data/banks/foreground/scream/fsd50k_scream_f2fc09cf.wav,1.057,1.057,0.0,0.0,-25.2,0.2361,
fsd50k_scream_f3528637,scream,data/banks/foreground/scream/fsd50k_scream_f3528637.wav,0.731,0.731,0.0,0.0,-24.39,0.1163,
fsd50k_scream_f74ff7cf,scream,data/banks/foreground/scream/fsd50k_scream_f74ff7cf.wav,1.059,1.059,0.0,0.0,-24.6,0.1349,
fsd50k_scream_f8d28feb,scream,data/banks/foreground/scream/fsd50k_scream_f8d28feb.wav,0.5747,0.5427,0.032,0.0,-25.04,0.2116,
fsd50k_scream_fb3fd771,scream,data/banks/foreground/scream/fsd50k_scream_fb3fd771.wav,1.1678,1.088,0.0,0.0798,-26.33,0.1518,
fsd50k_scream_fc0396c7,scream,data/banks/foreground/scream/fsd50k_scream_fc0396c7.wav,1.06,1.06,0.0,0.0,-24.17,0.2402,
fsd50k_shout_yell_02dbb04a,shout_yell,data/banks/foreground/shout_yell/fsd50k_shout_yell_02dbb04a.wav,2.9419,1.28,0.576,1.0859,-24.29,0.5383,
fsd50k_shout_yell_04a675b8,shout_yell,data/banks/foreground/shout_yell/fsd50k_shout_yell_04a675b8.wav,1.5202,1.5202,0.0,0.0,-25.42,0.3956,
fsd50k_shout_yell_0ec6c368,shout_yell,data/banks/foreground/shout_yell/fsd50k_shout_yell_0ec6c368.wav,2.9013,1.088,0.864,0.9493,-22.91,0.4331,
fsd50k_shout_yell_119bbfc4,shout_yell,data/banks/foreground/shout_yell/fsd50k_shout_yell_119bbfc4.wav,0.9927,0.9927,0.0,0.0,-26.04,0.284,
fsd50k_shout_yell_11e9b70c,shout_yell,data/banks/foreground/shout_yell/fsd50k_shout_yell_11e9b70c.wav,0.4064,0.4064,0.0,0.0,-23.14,0.3343,
fsd50k_shout_yell_151fb7a6,shout_yell,data/banks/foreground/shout_yell/fsd50k_shout_yell_151fb7a6.wav,24.2624,19.936,0.192,4.1344,-27.4,0.4146,
fsd50k_shout_yell_1690d9f6,shout_yell,data/banks/foreground/shout_yell/fsd50k_shout_yell_1690d9f6.wav,1.0914,1.0914,0.0,0.0,-23.79,0.1511,
fsd50k_shout_yell_1917bdc7,shout_yell,data/banks/foreground/shout_yell/fsd50k_shout_yell_1917bdc7.wav,1.0711,0.576,0.256,0.2391,-23.93,0.2795,
fsd50k_shout_yell_1db3383b,shout_yell,data/banks/foreground/shout_yell/fsd50k_shout_yell_1db3383b.wav,13.8739,13.664,0.032,0.1779,-23.64,0.7851,
fsd50k_shout_yell_20394458,shout_yell,data/banks/foreground/shout_yell/fsd50k_shout_yell_20394458.wav,2.3801,1.248,0.512,0.6201,-24.81,0.3357,
fsd50k_shout_yell_24bb41b2,shout_yell,data/banks/foreground/shout_yell/fsd50k_shout_yell_24bb41b2.wav,0.642,0.64,0.0,0.002,-23.53,0.2614,
fsd50k_shout_yell_25a68e52,shout_yell,data/banks/foreground/shout_yell/fsd50k_shout_yell_25a68e52.wav,4.6218,4.416,0.064,0.1418,-24.65,0.6964,
fsd50k_shout_yell_3371e46e,shout_yell,data/banks/foreground/shout_yell/fsd50k_shout_yell_3371e46e.wav,0.685,0.64,0.0,0.045,-24.84,0.226,
fsd50k_shout_yell_3925f6d5,shout_yell,data/banks/foreground/shout_yell/fsd50k_shout_yell_3925f6d5.wav,0.7199,0.7199,0.0,0.0,-26.16,0.1499,
fsd50k_shout_yell_3abef49d,shout_yell,data/banks/foreground/shout_yell/fsd50k_shout_yell_3abef49d.wav,2.2872,2.048,0.0,0.2392,-25.47,0.3694,
fsd50k_shout_yell_3b63ac07,shout_yell,data/banks/foreground/shout_yell/fsd50k_shout_yell_3b63ac07.wav,1.9899,1.632,0.128,0.2299,-23.3,0.2592,
fsd50k_shout_yell_4d174c56,shout_yell,data/banks/foreground/shout_yell/fsd50k_shout_yell_4d174c56.wav,21.5847,19.264,1.216,1.1047,-24.77,0.4982,
fsd50k_shout_yell_51d65c1b,shout_yell,data/banks/foreground/shout_yell/fsd50k_shout_yell_51d65c1b.wav,0.9985,0.9985,0.0,0.0,-25.49,0.169,
fsd50k_shout_yell_51e89bc1,shout_yell,data/banks/foreground/shout_yell/fsd50k_shout_yell_51e89bc1.wav,3.2688,2.912,0.0,0.3568,-25.36,0.3647,
fsd50k_shout_yell_559b02f5,shout_yell,data/banks/foreground/shout_yell/fsd50k_shout_yell_559b02f5.wav,1.2597,1.2597,0.0,0.0,-24.68,0.1356,
fsd50k_shout_yell_56c4664b,shout_yell,data/banks/foreground/shout_yell/fsd50k_shout_yell_56c4664b.wav,2.8889,2.688,0.064,0.1369,-24.43,0.4365,
fsd50k_shout_yell_5f1c0416,shout_yell,data/banks/foreground/shout_yell/fsd50k_shout_yell_5f1c0416.wav,3.1325,3.1325,0.0,0.0,-23.11,0.6226,
fsd50k_shout_yell_62d1c647,shout_yell,data/banks/foreground/shout_yell/fsd50k_shout_yell_62d1c647.wav,9.0791,7.936,0.672,0.4711,-25.56,0.4613,
fsd50k_shout_yell_641b1fa8,shout_yell,data/banks/foreground/shout_yell/fsd50k_shout_yell_641b1fa8.wav,1.2,1.184,0.0,0.016,-24.93,0.487,
fsd50k_shout_yell_68b1435b,shout_yell,data/banks/foreground/shout_yell/fsd50k_shout_yell_68b1435b.wav,0.8117,0.8,0.0,0.0117,-24.49,0.2497,
fsd50k_shout_yell_69f88f93,shout_yell,data/banks/foreground/shout_yell/fsd50k_shout_yell_69f88f93.wav,10.9331,10.496,0.128,0.3091,-24.78,0.4928,
fsd50k_shout_yell_729feb68,shout_yell,data/banks/foreground/shout_yell/fsd50k_shout_yell_729feb68.wav,0.5805,0.544,0.0,0.0365,-25.25,0.1406,
fsd50k_shout_yell_72e8b051,shout_yell,data/banks/foreground/shout_yell/fsd50k_shout_yell_72e8b051.wav,1.9477,1.568,0.192,0.1877,-24.31,0.2424,
fsd50k_shout_yell_7323d035,shout_yell,data/banks/foreground/shout_yell/fsd50k_shout_yell_7323d035.wav,0.7315,0.608,0.032,0.0915,-27.01,0.3832,
fsd50k_shout_yell_7c6e4663,shout_yell,data/banks/foreground/shout_yell/fsd50k_shout_yell_7c6e4663.wav,0.8389,0.8389,0.0,0.0,-23.79,0.1909,
fsd50k_shout_yell_7c7f9908,shout_yell,data/banks/foreground/shout_yell/fsd50k_shout_yell_7c7f9908.wav,1.058,1.058,0.0,0.0,-22.85,0.1714,
fsd50k_shout_yell_81bc163b,shout_yell,data/banks/foreground/shout_yell/fsd50k_shout_yell_81bc163b.wav,1.5209,1.5209,0.0,0.0,-23.71,0.1832,
fsd50k_shout_yell_860e4980,shout_yell,data/banks/foreground/shout_yell/fsd50k_shout_yell_860e4980.wav,15.2486,15.04,0.032,0.1766,-26.73,0.3827,
fsd50k_shout_yell_8f05c0bb,shout_yell,data/banks/foreground/shout_yell/fsd50k_shout_yell_8f05c0bb.wav,1.9207,1.088,0.384,0.4487,-23.25,0.3993,
fsd50k_shout_yell_941fcfea,shout_yell,data/banks/foreground/shout_yell/fsd50k_shout_yell_941fcfea.wav,17.7548,16.224,1.248,0.2828,-28.26,0.3792,
fsd50k_shout_yell_9c4d1731,shout_yell,data/banks/foreground/shout_yell/fsd50k_shout_yell_9c4d1731.wav,1.077,1.077,0.0,0.0,-23.42,0.2733,
fsd50k_shout_yell_9d4ee4e8,shout_yell,data/banks/foreground/shout_yell/fsd50k_shout_yell_9d4ee4e8.wav,22.2534,21.44,0.032,0.7814,-25.84,0.6363,
fsd50k_shout_yell_ab49558c,shout_yell,data/banks/foreground/shout_yell/fsd50k_shout_yell_ab49558c.wav,2.0238,1.952,0.0,0.0717,-24.66,0.3325,
fsd50k_shout_yell_afac81bd,shout_yell,data/banks/foreground/shout_yell/fsd50k_shout_yell_afac81bd.wav,0.3597,0.3597,0.0,0.0,-12.4,0.9266,
fsd50k_shout_yell_b9c712ed,shout_yell,data/banks/foreground/shout_yell/fsd50k_shout_yell_b9c712ed.wav,0.8401,0.8401,0.0,0.0,-21.06,0.2721,
fsd50k_shout_yell_bcef46d3,shout_yell,data/banks/foreground/shout_yell/fsd50k_shout_yell_bcef46d3.wav,4.0293,4.0293,0.0,0.0,-23.9,0.6589,
fsd50k_shout_yell_c47240e3,shout_yell,data/banks/foreground/shout_yell/fsd50k_shout_yell_c47240e3.wav,7.0241,6.496,0.0,0.5281,-24.84,0.2916,
fsd50k_shout_yell_c7a4f8a1,shout_yell,data/banks/foreground/shout_yell/fsd50k_shout_yell_c7a4f8a1.wav,3.8682,2.688,0.256,0.9242,-23.77,0.5229,
fsd50k_shout_yell_cbbd1123,shout_yell,data/banks/foreground/shout_yell/fsd50k_shout_yell_cbbd1123.wav,23.5625,18.464,2.592,2.5065,-25.41,0.4269,
fsd50k_shout_yell_dc96d325,shout_yell,data/banks/foreground/shout_yell/fsd50k_shout_yell_dc96d325.wav,3.0087,0.96,1.056,0.9927,-23.53,0.4073,
fsd50k_shout_yell_e22bb2a6,shout_yell,data/banks/foreground/shout_yell/fsd50k_shout_yell_e22bb2a6.wav,2.1903,2.176,0.0,0.0143,-25.68,0.3008,
fsd50k_shout_yell_e3a86846,shout_yell,data/banks/foreground/shout_yell/fsd50k_shout_yell_e3a86846.wav,9.183,8.32,0.224,0.639,-28.57,0.4573,
fsd50k_shout_yell_e6d4849c,shout_yell,data/banks/foreground/shout_yell/fsd50k_shout_yell_e6d4849c.wav,1.4164,1.408,0.0,0.0084,-25.83,0.1208,
fsd50k_shout_yell_e9ad0f21,shout_yell,data/banks/foreground/shout_yell/fsd50k_shout_yell_e9ad0f21.wav,2.0876,1.152,0.416,0.5196,-23.94,0.2759,
fsd50k_shout_yell_ea065ed7,shout_yell,data/banks/foreground/shout_yell/fsd50k_shout_yell_ea065ed7.wav,2.4199,2.208,0.16,0.0519,-26.76,0.4805,
fsd50k_shout_yell_ee084d8d,shout_yell,data/banks/foreground/shout_yell/fsd50k_shout_yell_ee084d8d.wav,1.2307,1.216,0.0,0.0147,-25.66,0.127,
fsd50k_shout_yell_f0aef428,shout_yell,data/banks/foreground/shout_yell/fsd50k_shout_yell_f0aef428.wav,23.1359,21.344,0.416,1.3759,-26.33,0.799,
fsd50k_shout_yell_f3a86be4,shout_yell,data/banks/foreground/shout_yell/fsd50k_shout_yell_f3a86be4.wav,1.159,1.127,0.032,0.0,-22.95,0.2575,
fsd50k_shout_yell_f7834da6,shout_yell,data/banks/foreground/shout_yell/fsd50k_shout_yell_f7834da6.wav,1.6344,1.472,0.032,0.1304,-25.55,0.451,
fsd50k_shout_yell_f836c418,shout_yell,data/banks/foreground/shout_yell/fsd50k_shout_yell_f836c418.wav,0.6592,0.6592,0.0,0.0,-23.52,0.4589,
fsd50k_shout_yell_fa8efede,shout_yell,data/banks/foreground/shout_yell/fsd50k_shout_yell_fa8efede.wav,2.7432,2.336,0.064,0.3432,-24.24,0.2879,
esc50_siren_012cf9bf,siren,data/banks/foreground/siren/esc50_siren_012cf9bf.wav,3.932,3.932,0.0,0.0,-23.5,0.1718,
esc50_siren_02683131,siren,data/banks/foreground/siren/esc50_siren_02683131.wav,2.226,2.226,0.0,0.0,-24.15,0.2509,
esc50_siren_187e6149,siren,data/banks/foreground/siren/esc50_siren_187e6149.wav,5.0,5.0,0.0,0.0,-23.11,0.1857,
esc50_siren_1b1d4849,siren,data/banks/foreground/siren/esc50_siren_1b1d4849.wav,4.142,4.142,0.0,0.0,-22.34,0.303,
esc50_siren_2446a3eb,siren,data/banks/foreground/siren/esc50_siren_2446a3eb.wav,5.0,5.0,0.0,0.0,-22.12,0.3263,
esc50_siren_3192ab47,siren,data/banks/foreground/siren/esc50_siren_3192ab47.wav,2.755,2.755,0.0,0.0,-24.74,0.2314,
esc50_siren_365e4a2a,siren,data/banks/foreground/siren/esc50_siren_365e4a2a.wav,5.0,5.0,0.0,0.0,-23.58,0.2751,
esc50_siren_376353be,siren,data/banks/foreground/siren/esc50_siren_376353be.wav,4.571,4.571,0.0,0.0,-23.34,0.3046,
esc50_siren_387866fa,siren,data/banks/foreground/siren/esc50_siren_387866fa.wav,2.336,2.336,0.0,0.0,-23.5,0.1429,
esc50_siren_40622578,siren,data/banks/foreground/siren/esc50_siren_40622578.wav,2.117,2.117,0.0,0.0,-22.48,0.2791,
esc50_siren_4918f7e9,siren,data/banks/foreground/siren/esc50_siren_4918f7e9.wav,2.336,2.336,0.0,0.0,-21.06,0.3258,
esc50_siren_4b3084ef,siren,data/banks/foreground/siren/esc50_siren_4b3084ef.wav,5.0,5.0,0.0,0.0,-23.93,0.1511,
esc50_siren_5e91fb8a,siren,data/banks/foreground/siren/esc50_siren_5e91fb8a.wav,1.058,1.058,0.0,0.0,-23.83,0.1567,
esc50_siren_5f5c273e,siren,data/banks/foreground/siren/esc50_siren_5f5c273e.wav,4.781,4.781,0.0,0.0,-22.45,0.2841,
esc50_siren_65bf1c84,siren,data/banks/foreground/siren/esc50_siren_65bf1c84.wav,2.9739,2.9739,0.0,0.0,-22.71,0.2209,
esc50_siren_6cc7555c,siren,data/banks/foreground/siren/esc50_siren_6cc7555c.wav,5.0,5.0,0.0,0.0,-23.81,0.2978,
esc50_siren_6e69b251,siren,data/banks/foreground/siren/esc50_siren_6e69b251.wav,4.571,4.571,0.0,0.0,-23.46,0.1543,
esc50_siren_7521bb9b,siren,data/banks/foreground/siren/esc50_siren_7521bb9b.wav,2.116,2.116,0.0,0.0,-22.48,0.1462,
esc50_siren_79cbdaf2,siren,data/banks/foreground/siren/esc50_siren_79cbdaf2.wav,3.075,3.075,0.0,0.0,-24.43,0.2401,
esc50_siren_7b862bec,siren,data/banks/foreground/siren/esc50_siren_7b862bec.wav,5.0,5.0,0.0,0.0,-23.43,0.2374,
esc50_siren_7fc6af65,siren,data/banks/foreground/siren/esc50_siren_7fc6af65.wav,3.294,3.294,0.0,0.0,-23.02,0.2921,
esc50_siren_8b91f090,siren,data/banks/foreground/siren/esc50_siren_8b91f090.wav,4.4611,4.4611,0.0,0.0,-22.41,0.195,
esc50_siren_942d1f4b,siren,data/banks/foreground/siren/esc50_siren_942d1f4b.wav,2.655,2.655,0.0,0.0,-23.86,0.2214,
esc50_siren_9a68c6a6,siren,data/banks/foreground/siren/esc50_siren_9a68c6a6.wav,5.0,5.0,0.0,0.0,-23.24,0.1444,
esc50_siren_9dabae27,siren,data/banks/foreground/siren/esc50_siren_9dabae27.wav,5.0,5.0,0.0,0.0,-23.71,0.349,
esc50_siren_9f7d3289,siren,data/banks/foreground/siren/esc50_siren_9f7d3289.wav,3.294,3.294,0.0,0.0,-27.28,0.2738,
esc50_siren_a3b366a4,siren,data/banks/foreground/siren/esc50_siren_a3b366a4.wav,5.0,5.0,0.0,0.0,-23.65,0.1581,
esc50_siren_b0ce84a3,siren,data/banks/foreground/siren/esc50_siren_b0ce84a3.wav,2.336,2.336,0.0,0.0,-26.53,0.2472,
esc50_siren_b22c04d1,siren,data/banks/foreground/siren/esc50_siren_b22c04d1.wav,4.352,4.352,0.0,0.0,-25.47,0.207,
esc50_siren_b7b50b9b,siren,data/banks/foreground/siren/esc50_siren_b7b50b9b.wav,4.781,4.781,0.0,0.0,-22.97,0.308,
esc50_siren_ba6777f4,siren,data/banks/foreground/siren/esc50_siren_ba6777f4.wav,1.478,1.478,0.0,0.0,-24.17,0.2459,
esc50_siren_bbde0117,siren,data/banks/foreground/siren/esc50_siren_bbde0117.wav,5.0,5.0,0.0,0.0,-22.83,0.2865,
esc50_siren_bc3d8abd,siren,data/banks/foreground/siren/esc50_siren_bc3d8abd.wav,4.781,4.781,0.0,0.0,-23.25,0.2247,
esc50_siren_bed7848f,siren,data/banks/foreground/siren/esc50_siren_bed7848f.wav,2.226,2.226,0.0,0.0,-23.83,0.1575,
esc50_siren_d45df4c5,siren,data/banks/foreground/siren/esc50_siren_d45df4c5.wav,2.655,2.655,0.0,0.0,-24.14,0.1504,
esc50_siren_de32c52b,siren,data/banks/foreground/siren/esc50_siren_de32c52b.wav,5.0,5.0,0.0,0.0,-22.33,0.2996,
esc50_siren_e4c640a0,siren,data/banks/foreground/siren/esc50_siren_e4c640a0.wav,1.268,1.268,0.0,0.0,-21.95,0.297,
fsd50k_siren_05a02dee,siren,data/banks/foreground/siren/fsd50k_siren_05a02dee.wav,3.4746,3.4746,0.0,0.0,-23.57,0.1894,
fsd50k_siren_2ac595df,siren,data/banks/foreground/siren/fsd50k_siren_2ac595df.wav,9.48,9.48,0.0,0.0,-23.29,0.1548,
fsd50k_siren_2d9b43a8,siren,data/banks/foreground/siren/fsd50k_siren_2d9b43a8.wav,3.0318,3.0318,0.0,0.0,-25.07,0.1487,
fsd50k_siren_48c46d9b,siren,data/banks/foreground/siren/fsd50k_siren_48c46d9b.wav,5.32,5.128,0.192,0.0,-24.04,0.1765,
fsd50k_siren_80f07477,siren,data/banks/foreground/siren/fsd50k_siren_80f07477.wav,2.76,2.76,0.0,0.0,-21.07,0.3499,
fsd50k_siren_b4c5f71e,siren,data/banks/foreground/siren/fsd50k_siren_b4c5f71e.wav,2.9672,2.9672,0.0,0.0,-24.71,0.2524,
fsd50k_siren_ba29b67b,siren,data/banks/foreground/siren/fsd50k_siren_ba29b67b.wav,1.229,1.229,0.0,0.0,-25.85,0.1588,
fsd50k_siren_bcb31de4,siren,data/banks/foreground/siren/fsd50k_siren_bcb31de4.wav,9.159,9.159,0.0,0.0,-22.51,0.1638,
fsd50k_siren_efbf5ee2,siren,data/banks/foreground/siren/fsd50k_siren_efbf5ee2.wav,2.9672,2.9672,0.0,0.0,-24.86,0.2274,
fsd50k_siren_fae0bd85,siren,data/banks/foreground/siren/fsd50k_siren_fae0bd85.wav,4.5088,4.5088,0.0,0.0,-25.76,0.1899,
urbansound8k_siren_036b5e3c,siren,data/banks/foreground/siren/urbansound8k_siren_036b5e3c.wav,4.0,4.0,0.0,0.0,-23.66,0.202,
urbansound8k_siren_07be1267,siren,data/banks/foreground/siren/urbansound8k_siren_07be1267.wav,0.6,0.6,0.0,0.0,-24.05,0.2311,
urbansound8k_siren_08e6e020,siren,data/banks/foreground/siren/urbansound8k_siren_08e6e020.wav,4.0,4.0,0.0,0.0,-23.33,0.2763,
urbansound8k_siren_0a672224,siren,data/banks/foreground/siren/urbansound8k_siren_0a672224.wav,4.0,4.0,0.0,0.0,-23.6,0.2746,
urbansound8k_siren_0d26856d,siren,data/banks/foreground/siren/urbansound8k_siren_0d26856d.wav,4.0,4.0,0.0,0.0,-23.72,0.1983,
urbansound8k_siren_0d3e7ab8,siren,data/banks/foreground/siren/urbansound8k_siren_0d3e7ab8.wav,3.6109,3.6109,0.0,0.0,-23.58,0.2611,
urbansound8k_siren_0e952d26,siren,data/banks/foreground/siren/urbansound8k_siren_0e952d26.wav,4.0,4.0,0.0,0.0,-23.45,0.2607,
urbansound8k_siren_0ebf5992,siren,data/banks/foreground/siren/urbansound8k_siren_0ebf5992.wav,4.0,4.0,0.0,0.0,-23.7,0.234,
urbansound8k_siren_0f2b5dfb,siren,data/banks/foreground/siren/urbansound8k_siren_0f2b5dfb.wav,4.0,4.0,0.0,0.0,-23.66,0.202,
urbansound8k_siren_10e04a8f,siren,data/banks/foreground/siren/urbansound8k_siren_10e04a8f.wav,4.0,4.0,0.0,0.0,-23.8,0.2125,
urbansound8k_siren_11987014,siren,data/banks/foreground/siren/urbansound8k_siren_11987014.wav,2.504,2.504,0.0,0.0,-24.16,0.1873,
urbansound8k_siren_13e92415,siren,data/banks/foreground/siren/urbansound8k_siren_13e92415.wav,4.0,4.0,0.0,0.0,-23.01,0.2444,
urbansound8k_siren_156a0ce2,siren,data/banks/foreground/siren/urbansound8k_siren_156a0ce2.wav,4.0,4.0,0.0,0.0,-22.98,0.2834,
urbansound8k_siren_15c272ab,siren,data/banks/foreground/siren/urbansound8k_siren_15c272ab.wav,4.0,4.0,0.0,0.0,-23.74,0.2342,
urbansound8k_siren_17f51c08,siren,data/banks/foreground/siren/urbansound8k_siren_17f51c08.wav,2.654,2.654,0.0,0.0,-21.55,0.3378,
urbansound8k_siren_19d765f8,siren,data/banks/foreground/siren/urbansound8k_siren_19d765f8.wav,4.0,4.0,0.0,0.0,-23.22,0.3734,
urbansound8k_siren_1b0dd58f,siren,data/banks/foreground/siren/urbansound8k_siren_1b0dd58f.wav,4.0,4.0,0.0,0.0,-23.41,0.2167,
urbansound8k_siren_1b541f6f,siren,data/banks/foreground/siren/urbansound8k_siren_1b541f6f.wav,2.504,2.504,0.0,0.0,-23.71,0.1672,
urbansound8k_siren_1bea12a7,siren,data/banks/foreground/siren/urbansound8k_siren_1bea12a7.wav,4.0,4.0,0.0,0.0,-22.15,0.3522,
urbansound8k_siren_1bf57859,siren,data/banks/foreground/siren/urbansound8k_siren_1bf57859.wav,4.0,4.0,0.0,0.0,-23.75,0.2343,
urbansound8k_siren_1cb376ba,siren,data/banks/foreground/siren/urbansound8k_siren_1cb376ba.wav,4.0,4.0,0.0,0.0,-23.83,0.1916,
urbansound8k_siren_1fa2fdc3,siren,data/banks/foreground/siren/urbansound8k_siren_1fa2fdc3.wav,4.0,4.0,0.0,0.0,-24.03,0.2062,
urbansound8k_siren_20bbbe69,siren,data/banks/foreground/siren/urbansound8k_siren_20bbbe69.wav,0.26,0.26,0.0,0.0,-14.64,0.6449,
urbansound8k_siren_21352858,siren,data/banks/foreground/siren/urbansound8k_siren_21352858.wav,1.6284,1.6284,0.0,0.0,-22.96,0.5636,
urbansound8k_siren_234c57be,siren,data/banks/foreground/siren/urbansound8k_siren_234c57be.wav,2.015,2.015,0.0,0.0,-25.18,0.1802,
urbansound8k_siren_2684ff88,siren,data/banks/foreground/siren/urbansound8k_siren_2684ff88.wav,1.058,1.058,0.0,0.0,-22.43,0.2878,
urbansound8k_siren_278fde31,siren,data/banks/foreground/siren/urbansound8k_siren_278fde31.wav,2.823,2.823,0.0,0.0,-23.5,0.2074,
urbansound8k_siren_283ecf66,siren,data/banks/foreground/siren/urbansound8k_siren_283ecf66.wav,4.0,4.0,0.0,0.0,-23.78,0.2341,
urbansound8k_siren_28a06ec2,siren,data/banks/foreground/siren/urbansound8k_siren_28a06ec2.wav,4.0,4.0,0.0,0.0,-23.72,0.2346,
urbansound8k_siren_29c4a0c6,siren,data/banks/foreground/siren/urbansound8k_siren_29c4a0c6.wav,2.3339,2.3339,0.0,0.0,-22.49,0.3437,
urbansound8k_siren_2a281c59,siren,data/banks/foreground/siren/urbansound8k_siren_2a281c59.wav,4.0,4.0,0.0,0.0,-23.66,0.202,
urbansound8k_siren_2a5c93e6,siren,data/banks/foreground/siren/urbansound8k_siren_2a5c93e6.wav,4.0,4.0,0.0,0.0,-23.66,0.202,
urbansound8k_siren_2b7cdc44,siren,data/banks/foreground/siren/urbansound8k_siren_2b7cdc44.wav,4.0,4.0,0.0,0.0,-23.56,0.2068,
urbansound8k_siren_2cebc051,siren,data/banks/foreground/siren/urbansound8k_siren_2cebc051.wav,3.292,3.292,0.0,0.0,-23.6,0.2884,
urbansound8k_siren_2e5ed892,siren,data/banks/foreground/siren/urbansound8k_siren_2e5ed892.wav,4.0,4.0,0.0,0.0,-23.71,0.234,
urbansound8k_siren_2f6f44d7,siren,data/banks/foreground/siren/urbansound8k_siren_2f6f44d7.wav,4.0,4.0,0.0,0.0,-23.76,0.2817,
urbansound8k_siren_311f28ef,siren,data/banks/foreground/siren/urbansound8k_siren_311f28ef.wav,4.0,4.0,0.0,0.0,-23.46,0.3977,
urbansound8k_siren_31c90725,siren,data/banks/foreground/siren/urbansound8k_siren_31c90725.wav,1.058,1.058,0.0,0.0,-21.99,0.2411,
urbansound8k_siren_3241c6c9,siren,data/banks/foreground/siren/urbansound8k_siren_3241c6c9.wav,2.115,2.115,0.0,0.0,-23.34,0.3413,
urbansound8k_siren_326d63a9,siren,data/banks/foreground/siren/urbansound8k_siren_326d63a9.wav,2.654,2.654,0.0,0.0,-23.41,0.1982,
urbansound8k_siren_3593cd72,siren,data/banks/foreground/siren/urbansound8k_siren_3593cd72.wav,1.377,1.377,0.0,0.0,-21.93,0.3644,
urbansound8k_siren_35bbacdf,siren,data/banks/foreground/siren/urbansound8k_siren_35bbacdf.wav,4.0,4.0,0.0,0.0,-23.65,0.2019,
urbansound8k_siren_365610d5,siren,data/banks/foreground/siren/urbansound8k_siren_365610d5.wav,0.6958,0.6958,0.0,0.0,-23.48,0.1582,
urbansound8k_siren_39a9c160,siren,data/banks/foreground/siren/urbansound8k_siren_39a9c160.wav,4.0,4.0,0.0,0.0,-23.83,0.2885,
urbansound8k_siren_3a34dcbe,siren,data/banks/foreground/siren/urbansound8k_siren_3a34dcbe.wav,4.0,4.0,0.0,0.0,-23.66,0.202,
urbansound8k_siren_3bcf901c,siren,data/banks/foreground/siren/urbansound8k_siren_3bcf901c.wav,4.0,4.0,0.0,0.0,-23.77,0.2343,
urbansound8k_siren_3c680fc6,siren,data/banks/foreground/siren/urbansound8k_siren_3c680fc6.wav,4.0,4.0,0.0,0.0,-21.93,0.3151,
urbansound8k_siren_3c818f8c,siren,data/banks/foreground/siren/urbansound8k_siren_3c818f8c.wav,4.0,4.0,0.0,0.0,-23.78,0.234,
urbansound8k_siren_3cb3f9ab,siren,data/banks/foreground/siren/urbansound8k_siren_3cb3f9ab.wav,4.0,4.0,0.0,0.0,-23.18,0.2549,
urbansound8k_siren_3de507ba,siren,data/banks/foreground/siren/urbansound8k_siren_3de507ba.wav,4.0,4.0,0.0,0.0,-26.92,0.2441,
urbansound8k_siren_3f6e3b98,siren,data/banks/foreground/siren/urbansound8k_siren_3f6e3b98.wav,4.0,4.0,0.0,0.0,-22.31,0.3189,
urbansound8k_siren_3f9d4c16,siren,data/banks/foreground/siren/urbansound8k_siren_3f9d4c16.wav,1.696,1.696,0.0,0.0,-24.06,0.2484,
urbansound8k_siren_3fb8b4ea,siren,data/banks/foreground/siren/urbansound8k_siren_3fb8b4ea.wav,4.0,4.0,0.0,0.0,-23.48,0.2016,
urbansound8k_siren_404d006f,siren,data/banks/foreground/siren/urbansound8k_siren_404d006f.wav,1.477,1.477,0.0,0.0,-26.68,0.2231,
urbansound8k_siren_4194ce04,siren,data/banks/foreground/siren/urbansound8k_siren_4194ce04.wav,4.0,4.0,0.0,0.0,-23.76,0.2347,
urbansound8k_siren_440b593a,siren,data/banks/foreground/siren/urbansound8k_siren_440b593a.wav,4.0,4.0,0.0,0.0,-23.57,0.2104,
urbansound8k_siren_452bae67,siren,data/banks/foreground/siren/urbansound8k_siren_452bae67.wav,1.696,1.696,0.0,0.0,-21.62,0.4359,
urbansound8k_siren_4625f4ba,siren,data/banks/foreground/siren/urbansound8k_siren_4625f4ba.wav,4.0,4.0,0.0,0.0,-23.34,0.2663,
urbansound8k_siren_4780eab7,siren,data/banks/foreground/siren/urbansound8k_siren_4780eab7.wav,4.0,4.0,0.0,0.0,-23.7,0.3365,
urbansound8k_siren_479631de,siren,data/banks/foreground/siren/urbansound8k_siren_479631de.wav,4.0,4.0,0.0,0.0,-23.61,0.2016,
urbansound8k_siren_47f12353,siren,data/banks/foreground/siren/urbansound8k_siren_47f12353.wav,2.1149,2.1149,0.0,0.0,-23.0,0.2762,
urbansound8k_siren_4986649e,siren,data/banks/foreground/siren/urbansound8k_siren_4986649e.wav,4.0,4.0,0.0,0.0,-23.84,0.3828,
urbansound8k_siren_49ecafd2,siren,data/banks/foreground/siren/urbansound8k_siren_49ecafd2.wav,0.2797,0.2797,0.0,0.0,-15.21,0.4729,
urbansound8k_siren_4a17f504,siren,data/banks/foreground/siren/urbansound8k_siren_4a17f504.wav,4.0,4.0,0.0,0.0,-23.97,0.341,
urbansound8k_siren_4c081e95,siren,data/banks/foreground/siren/urbansound8k_siren_4c081e95.wav,1.3584,1.3584,0.0,0.0,-23.44,0.2344,
urbansound8k_siren_4cca8751,siren,data/banks/foreground/siren/urbansound8k_siren_4cca8751.wav,4.0,4.0,0.0,0.0,-24.05,0.1893,
urbansound8k_siren_4ccc5c20,siren,data/banks/foreground/siren/urbansound8k_siren_4ccc5c20.wav,4.0,4.0,0.0,0.0,-23.66,0.202,
urbansound8k_siren_4df2276c,siren,data/banks/foreground/siren/urbansound8k_siren_4df2276c.wav,4.0,4.0,0.0,0.0,-23.86,0.2914,
urbansound8k_siren_4e93dd63,siren,data/banks/foreground/siren/urbansound8k_siren_4e93dd63.wav,4.0,4.0,0.0,0.0,-23.89,0.2069,
urbansound8k_siren_4edc8417,siren,data/banks/foreground/siren/urbansound8k_siren_4edc8417.wav,1.796,1.796,0.0,0.0,-27.32,0.1829,
urbansound8k_siren_4edf363b,siren,data/banks/foreground/siren/urbansound8k_siren_4edf363b.wav,4.0,4.0,0.0,0.0,-23.58,0.2507,
urbansound8k_siren_4ee71633,siren,data/banks/foreground/siren/urbansound8k_siren_4ee71633.wav,4.0,4.0,0.0,0.0,-23.76,0.2341,
urbansound8k_siren_4fdfabb7,siren,data/banks/foreground/siren/urbansound8k_siren_4fdfabb7.wav,2.37,2.37,0.0,0.0,-22.91,0.2918,
urbansound8k_siren_50db7272,siren,data/banks/foreground/siren/urbansound8k_siren_50db7272.wav,4.0,4.0,0.0,0.0,-23.75,0.4287,
urbansound8k_siren_5509fcbb,siren,data/banks/foreground/siren/urbansound8k_siren_5509fcbb.wav,4.0,4.0,0.0,0.0,-24.13,0.2325,
urbansound8k_siren_5587230e,siren,data/banks/foreground/siren/urbansound8k_siren_5587230e.wav,4.0,4.0,0.0,0.0,-23.66,0.202,
urbansound8k_siren_57293304,siren,data/banks/foreground/siren/urbansound8k_siren_57293304.wav,4.0,4.0,0.0,0.0,-23.57,0.3124,
urbansound8k_siren_5803f769,siren,data/banks/foreground/siren/urbansound8k_siren_5803f769.wav,3.292,3.292,0.0,0.0,-25.09,0.3757,
urbansound8k_siren_5815e3d5,siren,data/banks/foreground/siren/urbansound8k_siren_5815e3d5.wav,0.7455,0.7455,0.0,0.0,-24.88,0.3097,
urbansound8k_siren_59d64464,siren,data/banks/foreground/siren/urbansound8k_siren_59d64464.wav,4.0,4.0,0.0,0.0,-23.76,0.2341,
urbansound8k_siren_59fa9921,siren,data/banks/foreground/siren/urbansound8k_siren_59fa9921.wav,2.823,2.823,0.0,0.0,-22.17,0.3017,
urbansound8k_siren_5a23bf22,siren,data/banks/foreground/siren/urbansound8k_siren_5a23bf22.wav,3.292,3.292,0.0,0.0,-24.1,0.1617,
urbansound8k_siren_5a5b7cb0,siren,data/banks/foreground/siren/urbansound8k_siren_5a5b7cb0.wav,4.0,4.0,0.0,0.0,-23.33,0.2778,
urbansound8k_siren_5aeaf3c2,siren,data/banks/foreground/siren/urbansound8k_siren_5aeaf3c2.wav,4.0,4.0,0.0,0.0,-24.0,0.1808,
urbansound8k_siren_5c32fae2,siren,data/banks/foreground/siren/urbansound8k_siren_5c32fae2.wav,4.0,4.0,0.0,0.0,-22.99,0.2897,
urbansound8k_siren_5d78a7f7,siren,data/banks/foreground/siren/urbansound8k_siren_5d78a7f7.wav,1.696,1.696,0.0,0.0,-23.55,0.2978,
urbansound8k_siren_5d7fd90a,siren,data/banks/foreground/siren/urbansound8k_siren_5d7fd90a.wav,4.0,4.0,0.0,0.0,-23.66,0.202,
urbansound8k_siren_606016bb,siren,data/banks/foreground/siren/urbansound8k_siren_606016bb.wav,4.0,4.0,0.0,0.0,-23.45,0.3358,
urbansound8k_siren_607d2ad4,siren,data/banks/foreground/siren/urbansound8k_siren_607d2ad4.wav,1.866,1.866,0.0,0.0,-25.75,0.1841,
urbansound8k_siren_60bd09bf,siren,data/banks/foreground/siren/urbansound8k_siren_60bd09bf.wav,4.0,4.0,0.0,0.0,-23.02,0.1513,
urbansound8k_siren_6144c9d5,siren,data/banks/foreground/siren/urbansound8k_siren_6144c9d5.wav,4.0,4.0,0.0,0.0,-23.5,0.2333,
urbansound8k_siren_62d659a9,siren,data/banks/foreground/siren/urbansound8k_siren_62d659a9.wav,4.0,4.0,0.0,0.0,-23.22,0.2303,
urbansound8k_siren_63dfdc09,siren,data/banks/foreground/siren/urbansound8k_siren_63dfdc09.wav,2.1149,2.1149,0.0,0.0,-22.79,0.2858,
urbansound8k_siren_65565907,siren,data/banks/foreground/siren/urbansound8k_siren_65565907.wav,4.0,4.0,0.0,0.0,-23.33,0.3144,
urbansound8k_siren_658ea2a5,siren,data/banks/foreground/siren/urbansound8k_siren_658ea2a5.wav,4.0,4.0,0.0,0.0,-23.41,0.3159,
urbansound8k_siren_659ae46c,siren,data/banks/foreground/siren/urbansound8k_siren_659ae46c.wav,4.0,4.0,0.0,0.0,-23.85,0.2772,
urbansound8k_siren_664e8fc9,siren,data/banks/foreground/siren/urbansound8k_siren_664e8fc9.wav,4.0,4.0,0.0,0.0,-23.97,0.2017,
urbansound8k_siren_669f6d1b,siren,data/banks/foreground/siren/urbansound8k_siren_669f6d1b.wav,2.015,2.015,0.0,0.0,-23.67,0.1861,
urbansound8k_siren_67240935,siren,data/banks/foreground/siren/urbansound8k_siren_67240935.wav,4.0,4.0,0.0,0.0,-23.48,0.2224,
urbansound8k_siren_6731e286,siren,data/banks/foreground/siren/urbansound8k_siren_6731e286.wav,4.0,4.0,0.0,0.0,-23.7,0.2346,
urbansound8k_siren_676f2740,siren,data/banks/foreground/siren/urbansound8k_siren_676f2740.wav,3.781,3.781,0.0,0.0,-23.35,0.2717,
urbansound8k_siren_6a34f8a1,siren,data/banks/foreground/siren/urbansound8k_siren_6a34f8a1.wav,4.0,4.0,0.0,0.0,-23.56,0.2983,
urbansound8k_siren_6b3cce01,siren,data/banks/foreground/siren/urbansound8k_siren_6b3cce01.wav,4.0,4.0,0.0,0.0,-23.45,0.1715,
urbansound8k_siren_6baaeb01,siren,data/banks/foreground/siren/urbansound8k_siren_6baaeb01.wav,3.292,3.292,0.0,0.0,-23.2,0.2224,
urbansound8k_siren_6c4874b7,siren,data/banks/foreground/siren/urbansound8k_siren_6c4874b7.wav,4.0,4.0,0.0,0.0,-22.17,0.3231,
urbansound8k_siren_6c8660d1,siren,data/banks/foreground/siren/urbansound8k_siren_6c8660d1.wav,1.866,1.866,0.0,0.0,-21.26,0.3831,
urbansound8k_siren_6cdcee94,siren,data/banks/foreground/siren/urbansound8k_siren_6cdcee94.wav,4.0,4.0,0.0,0.0,-23.66,0.202,
urbansound8k_siren_6d2c7338,siren,data/banks/foreground/siren/urbansound8k_siren_6d2c7338.wav,1.866,1.866,0.0,0.0,-23.67,0.1623,
urbansound8k_siren_6d5893b6,siren,data/banks/foreground/siren/urbansound8k_siren_6d5893b6.wav,4.0,4.0,0.0,0.0,-23.7,0.2339,
urbansound8k_siren_6dd35b1d,siren,data/banks/foreground/siren/urbansound8k_siren_6dd35b1d.wav,4.0,4.0,0.0,0.0,-23.71,0.2342,
urbansound8k_siren_6ddccfa2,siren,data/banks/foreground/siren/urbansound8k_siren_6ddccfa2.wav,1.4769,1.4769,0.0,0.0,-23.06,0.3427,
urbansound8k_siren_711d7c78,siren,data/banks/foreground/siren/urbansound8k_siren_711d7c78.wav,4.0,4.0,0.0,0.0,-24.02,0.2012,
urbansound8k_siren_7161f98d,siren,data/banks/foreground/siren/urbansound8k_siren_7161f98d.wav,4.0,4.0,0.0,0.0,-23.72,0.2339,
urbansound8k_siren_72bc3375,siren,data/banks/foreground/siren/urbansound8k_siren_72bc3375.wav,1.4085,1.4085,0.0,0.0,-23.7,0.2294,
urbansound8k_siren_7472d43b,siren,data/banks/foreground/siren/urbansound8k_siren_7472d43b.wav,4.0,4.0,0.0,0.0,-23.37,0.3078,
urbansound8k_siren_754ebe2e,siren,data/banks/foreground/siren/urbansound8k_siren_754ebe2e.wav,4.0,4.0,0.0,0.0,-23.58,0.1962,
urbansound8k_siren_76ddf358,siren,data/banks/foreground/siren/urbansound8k_siren_76ddf358.wav,4.0,4.0,0.0,0.0,-23.45,0.2491,
urbansound8k_siren_77615538,siren,data/banks/foreground/siren/urbansound8k_siren_77615538.wav,4.0,4.0,0.0,0.0,-22.25,0.3096,
urbansound8k_siren_7839d5eb,siren,data/banks/foreground/siren/urbansound8k_siren_7839d5eb.wav,4.0,4.0,0.0,0.0,-23.7,0.2341,
urbansound8k_siren_78b2cbf4,siren,data/banks/foreground/siren/urbansound8k_siren_78b2cbf4.wav,4.0,4.0,0.0,0.0,-23.81,0.2144,
urbansound8k_siren_78b9592a,siren,data/banks/foreground/siren/urbansound8k_siren_78b9592a.wav,3.6109,3.6109,0.0,0.0,-23.76,0.3053,
urbansound8k_siren_78cdc404,siren,data/banks/foreground/siren/urbansound8k_siren_78cdc404.wav,3.781,3.781,0.0,0.0,-22.34,0.4547,
urbansound8k_siren_7a8b4187,siren,data/banks/foreground/siren/urbansound8k_siren_7a8b4187.wav,2.1149,2.1149,0.0,0.0,-23.0,0.3379,
urbansound8k_siren_7c09304e,siren,data/banks/foreground/siren/urbansound8k_siren_7c09304e.wav,4.0,4.0,0.0,0.0,-23.66,0.2032,
urbansound8k_siren_7c66526d,siren,data/banks/foreground/siren/urbansound8k_siren_7c66526d.wav,4.0,4.0,0.0,0.0,-22.13,0.4865,
urbansound8k_siren_7d963295,siren,data/banks/foreground/siren/urbansound8k_siren_7d963295.wav,4.0,4.0,0.0,0.0,-22.84,0.3288,
urbansound8k_siren_80b513de,siren,data/banks/foreground/siren/urbansound8k_siren_80b513de.wav,1.377,1.377,0.0,0.0,-22.4,0.2551,
urbansound8k_siren_82da27de,siren,data/banks/foreground/siren/urbansound8k_siren_82da27de.wav,4.0,4.0,0.0,0.0,-23.81,0.3112,
urbansound8k_siren_83bf9906,siren,data/banks/foreground/siren/urbansound8k_siren_83bf9906.wav,4.0,4.0,0.0,0.0,-22.1,0.3984,
urbansound8k_siren_85127a7e,siren,data/banks/foreground/siren/urbansound8k_siren_85127a7e.wav,4.0,4.0,0.0,0.0,-23.66,0.202,
urbansound8k_siren_888438ca,siren,data/banks/foreground/siren/urbansound8k_siren_888438ca.wav,4.0,4.0,0.0,0.0,-23.56,0.1988,
urbansound8k_siren_8adfb60f,siren,data/banks/foreground/siren/urbansound8k_siren_8adfb60f.wav,4.0,4.0,0.0,0.0,-24.08,0.2066,
urbansound8k_siren_8e50d1d8,siren,data/banks/foreground/siren/urbansound8k_siren_8e50d1d8.wav,4.0,4.0,0.0,0.0,-23.66,0.202,
urbansound8k_siren_8f3ffe1e,siren,data/banks/foreground/siren/urbansound8k_siren_8f3ffe1e.wav,4.0,4.0,0.0,0.0,-24.0,0.201,
urbansound8k_siren_9079a8af,siren,data/banks/foreground/siren/urbansound8k_siren_9079a8af.wav,4.0,4.0,0.0,0.0,-23.99,0.1921,
urbansound8k_siren_93505f23,siren,data/banks/foreground/siren/urbansound8k_siren_93505f23.wav,4.0,4.0,0.0,0.0,-23.5,0.2105,
urbansound8k_siren_93852caa,siren,data/banks/foreground/siren/urbansound8k_siren_93852caa.wav,4.0,4.0,0.0,0.0,-23.54,0.3625,
urbansound8k_siren_942a2dad,siren,data/banks/foreground/siren/urbansound8k_siren_942a2dad.wav,4.0,4.0,0.0,0.0,-23.1,0.2689,
urbansound8k_siren_966e23f4,siren,data/banks/foreground/siren/urbansound8k_siren_966e23f4.wav,4.0,4.0,0.0,0.0,-23.87,0.2048,
urbansound8k_siren_96d9d4d2,siren,data/banks/foreground/siren/urbansound8k_siren_96d9d4d2.wav,2.115,2.115,0.0,0.0,-24.22,0.2566,
urbansound8k_siren_9850cab6,siren,data/banks/foreground/siren/urbansound8k_siren_9850cab6.wav,4.0,4.0,0.0,0.0,-23.64,0.3257,
urbansound8k_siren_99e437a2,siren,data/banks/foreground/siren/urbansound8k_siren_99e437a2.wav,4.0,4.0,0.0,0.0,-23.77,0.234,
urbansound8k_siren_9a369faf,siren,data/banks/foreground/siren/urbansound8k_siren_9a369faf.wav,2.654,2.654,0.0,0.0,-23.82,0.1699,
urbansound8k_siren_9be480ea,siren,data/banks/foreground/siren/urbansound8k_siren_9be480ea.wav,4.0,4.0,0.0,0.0,-23.77,0.2341,
urbansound8k_siren_9d9736e1,siren,data/banks/foreground/siren/urbansound8k_siren_9d9736e1.wav,4.0,4.0,0.0,0.0,-23.96,0.1926,
urbansound8k_siren_9d9a2340,siren,data/banks/foreground/siren/urbansound8k_siren_9d9a2340.wav,0.9285,0.9285,0.0,0.0,-24.56,0.3667,
urbansound8k_siren_9e8ad5ea,siren,data/banks/foreground/siren/urbansound8k_siren_9e8ad5ea.wav,4.0,4.0,0.0,0.0,-23.76,0.234,
urbansound8k_siren_9f7d9a2f,siren,data/banks/foreground/siren/urbansound8k_siren_9f7d9a2f.wav,4.0,4.0,0.0,0.0,-23.65,0.2118,
urbansound8k_siren_a13f7c69,siren,data/banks/foreground/siren/urbansound8k_siren_a13f7c69.wav,4.0,4.0,0.0,0.0,-23.74,0.2016,
urbansound8k_siren_a1e573d1,siren,data/banks/foreground/siren/urbansound8k_siren_a1e573d1.wav,4.0,4.0,0.0,0.0,-23.66,0.202,
urbansound8k_siren_a2bc04be,siren,data/banks/foreground/siren/urbansound8k_siren_a2bc04be.wav,0.5964,0.5964,0.0,0.0,-24.06,0.2174,
urbansound8k_siren_a33ca9c2,siren,data/banks/foreground/siren/urbansound8k_siren_a33ca9c2.wav,4.0,4.0,0.0,0.0,-23.46,0.2295,
urbansound8k_siren_a3e99e88,siren,data/banks/foreground/siren/urbansound8k_siren_a3e99e88.wav,4.0,4.0,0.0,0.0,-22.76,0.282,
urbansound8k_siren_a5f9bc54,siren,data/banks/foreground/siren/urbansound8k_siren_a5f9bc54.wav,4.0,4.0,0.0,0.0,-23.41,0.2904,
urbansound8k_siren_a7ffd46e,siren,data/banks/foreground/siren/urbansound8k_siren_a7ffd46e.wav,4.0,4.0,0.0,0.0,-23.47,0.2375,
urbansound8k_siren_a8ab59c3,siren,data/banks/foreground/siren/urbansound8k_siren_a8ab59c3.wav,3.6109,3.6109,0.0,0.0,-24.69,0.2437,
urbansound8k_siren_a8aeaa48,siren,data/banks/foreground/siren/urbansound8k_siren_a8aeaa48.wav,1.1569,1.1569,0.0,0.0,-24.19,0.3634,
urbansound8k_siren_a974257a,siren,data/banks/foreground/siren/urbansound8k_siren_a974257a.wav,4.0,4.0,0.0,0.0,-23.74,0.2341,
urbansound8k_siren_a9e1346a,siren,data/banks/foreground/siren/urbansound8k_siren_a9e1346a.wav,4.0,4.0,0.0,0.0,-21.95,0.3753,
urbansound8k_siren_ab0b0117,siren,data/banks/foreground/siren/urbansound8k_siren_ab0b0117.wav,1.158,1.158,0.0,0.0,-23.35,0.3343,
urbansound8k_siren_abc5368a,siren,data/banks/foreground/siren/urbansound8k_siren_abc5368a.wav,4.0,4.0,0.0,0.0,-23.87,0.1888,
urbansound8k_siren_acb662d1,siren,data/banks/foreground/siren/urbansound8k_siren_acb662d1.wav,4.0,4.0,0.0,0.0,-23.46,0.2287,
urbansound8k_siren_ace8bb44,siren,data/banks/foreground/siren/urbansound8k_siren_ace8bb44.wav,1.1569,1.1569,0.0,0.0,-22.07,0.3649,
urbansound8k_siren_ad4407e8,siren,data/banks/foreground/siren/urbansound8k_siren_ad4407e8.wav,3.6109,3.6109,0.0,0.0,-24.04,0.4007,
urbansound8k_siren_ad6de051,siren,data/banks/foreground/siren/urbansound8k_siren_ad6de051.wav,4.0,4.0,0.0,0.0,-23.75,0.2341,
urbansound8k_siren_b146157b,siren,data/banks/foreground/siren/urbansound8k_siren_b146157b.wav,4.0,4.0,0.0,0.0,-22.83,0.351,
urbansound8k_siren_b23c1a23,siren,data/banks/foreground/siren/urbansound8k_siren_b23c1a23.wav,4.0,4.0,0.0,0.0,-23.69,0.2823,
urbansound8k_siren_b293e55a,siren,data/banks/foreground/siren/urbansound8k_siren_b293e55a.wav,4.0,4.0,0.0,0.0,-24.45,0.2034,
urbansound8k_siren_b3c8055d,siren,data/banks/foreground/siren/urbansound8k_siren_b3c8055d.wav,1.058,1.058,0.0,0.0,-23.99,0.2721,
urbansound8k_siren_b3d9b17c,siren,data/banks/foreground/siren/urbansound8k_siren_b3d9b17c.wav,1.377,1.377,0.0,0.0,-22.16,0.2692,
urbansound8k_siren_b3f94f26,siren,data/banks/foreground/siren/urbansound8k_siren_b3f94f26.wav,4.0,4.0,0.0,0.0,-22.03,0.3145,
urbansound8k_siren_b55e1ab5,siren,data/banks/foreground/siren/urbansound8k_siren_b55e1ab5.wav,4.0,4.0,0.0,0.0,-23.98,0.1832,
urbansound8k_siren_b5717918,siren,data/banks/foreground/siren/urbansound8k_siren_b5717918.wav,4.0,4.0,0.0,0.0,-23.2,0.2598,
urbansound8k_siren_b66905fa,siren,data/banks/foreground/siren/urbansound8k_siren_b66905fa.wav,4.0,4.0,0.0,0.0,-23.87,0.2115,
urbansound8k_siren_b6a8e7be,siren,data/banks/foreground/siren/urbansound8k_siren_b6a8e7be.wav,4.0,4.0,0.0,0.0,-23.66,0.202,
urbansound8k_siren_b74ce51b,siren,data/banks/foreground/siren/urbansound8k_siren_b74ce51b.wav,4.0,4.0,0.0,0.0,-23.66,0.202,
urbansound8k_siren_b7b9ce4e,siren,data/banks/foreground/siren/urbansound8k_siren_b7b9ce4e.wav,4.0,4.0,0.0,0.0,-23.41,0.2896,
urbansound8k_siren_b8a201b8,siren,data/banks/foreground/siren/urbansound8k_siren_b8a201b8.wav,4.0,4.0,0.0,0.0,-23.83,0.216,
urbansound8k_siren_bb3eeaba,siren,data/banks/foreground/siren/urbansound8k_siren_bb3eeaba.wav,4.0,4.0,0.0,0.0,-23.71,0.234,
urbansound8k_siren_bda498d7,siren,data/banks/foreground/siren/urbansound8k_siren_bda498d7.wav,4.0,4.0,0.0,0.0,-24.04,0.2038,
urbansound8k_siren_bdc130d1,siren,data/banks/foreground/siren/urbansound8k_siren_bdc130d1.wav,4.0,4.0,0.0,0.0,-23.66,0.202,
urbansound8k_siren_bec945c2,siren,data/banks/foreground/siren/urbansound8k_siren_bec945c2.wav,3.142,3.142,0.0,0.0,-23.81,0.3059,
urbansound8k_siren_beefb800,siren,data/banks/foreground/siren/urbansound8k_siren_beefb800.wav,4.0,4.0,0.0,0.0,-23.65,0.1887,
urbansound8k_siren_bf509e57,siren,data/banks/foreground/siren/urbansound8k_siren_bf509e57.wav,3.6109,3.6109,0.0,0.0,-23.33,0.3235,
urbansound8k_siren_c1d9396a,siren,data/banks/foreground/siren/urbansound8k_siren_c1d9396a.wav,4.0,4.0,0.0,0.0,-23.82,0.3501,
urbansound8k_siren_c27fb09b,siren,data/banks/foreground/siren/urbansound8k_siren_c27fb09b.wav,1.477,1.477,0.0,0.0,-23.68,0.2231,
urbansound8k_siren_c35fd9f6,siren,data/banks/foreground/siren/urbansound8k_siren_c35fd9f6.wav,4.0,4.0,0.0,0.0,-23.66,0.202,
urbansound8k_siren_c494d69c,siren,data/banks/foreground/siren/urbansound8k_siren_c494d69c.wav,1.227,1.227,0.0,0.0,-21.51,0.326,
urbansound8k_siren_c4979722,siren,data/banks/foreground/siren/urbansound8k_siren_c4979722.wav,4.0,4.0,0.0,0.0,-23.47,0.1465,
urbansound8k_siren_c4e1a80e,siren,data/banks/foreground/siren/urbansound8k_siren_c4e1a80e.wav,3.6109,3.6109,0.0,0.0,-23.49,0.183,
urbansound8k_siren_c5137d90,siren,data/banks/foreground/siren/urbansound8k_siren_c5137d90.wav,2.654,2.654,0.0,0.0,-23.15,0.3372,
urbansound8k_siren_c60b1618,siren,data/banks/foreground/siren/urbansound8k_siren_c60b1618.wav,4.0,4.0,0.0,0.0,-23.09,0.5073,
urbansound8k_siren_c6e55f6f,siren,data/banks/foreground/siren/urbansound8k_siren_c6e55f6f.wav,3.4621,3.4621,0.0,0.0,-22.72,0.438,
urbansound8k_siren_c7322f43,siren,data/banks/foreground/siren/urbansound8k_siren_c7322f43.wav,4.0,4.0,0.0,0.0,-24.72,0.4218,
urbansound8k_siren_c760dc15,siren,data/banks/foreground/siren/urbansound8k_siren_c760dc15.wav,4.0,4.0,0.0,0.0,-23.24,0.3106,
urbansound8k_siren_c77385bc,siren,data/banks/foreground/siren/urbansound8k_siren_c77385bc.wav,4.0,4.0,0.0,0.0,-26.06,0.1941,
urbansound8k_siren_c79537ff,siren,data/banks/foreground/siren/urbansound8k_siren_c79537ff.wav,4.0,4.0,0.0,0.0,-23.66,0.202,
urbansound8k_siren_c7bc5f3c,siren,data/banks/foreground/siren/urbansound8k_siren_c7bc5f3c.wav,4.0,4.0,0.0,0.0,-23.21,0.3099,
urbansound8k_siren_c8651c92,siren,data/banks/foreground/siren/urbansound8k_siren_c8651c92.wav,4.0,4.0,0.0,0.0,-23.86,0.1925,
urbansound8k_siren_c87353cc,siren,data/banks/foreground/siren/urbansound8k_siren_c87353cc.wav,1.696,1.696,0.0,0.0,-20.79,0.3651,
urbansound8k_siren_c89db2ce,siren,data/banks/foreground/siren/urbansound8k_siren_c89db2ce.wav,1.546,1.546,0.0,0.0,-22.1,0.1864,
urbansound8k_siren_c8a3a6d1,siren,data/banks/foreground/siren/urbansound8k_siren_c8a3a6d1.wav,4.0,4.0,0.0,0.0,-23.7,0.2342,
urbansound8k_siren_c92f2e45,siren,data/banks/foreground/siren/urbansound8k_siren_c92f2e45.wav,4.0,4.0,0.0,0.0,-23.66,0.202,
urbansound8k_siren_c95176e2,siren,data/banks/foreground/siren/urbansound8k_siren_c95176e2.wav,4.0,4.0,0.0,0.0,-23.66,0.202,
urbansound8k_siren_c9811ece,siren,data/banks/foreground/siren/urbansound8k_siren_c9811ece.wav,4.0,4.0,0.0,0.0,-22.79,0.2806,
urbansound8k_siren_cb90186e,siren,data/banks/foreground/siren/urbansound8k_siren_cb90186e.wav,3.292,3.292,0.0,0.0,-23.88,0.2287,
urbansound8k_siren_ccd57ad8,siren,data/banks/foreground/siren/urbansound8k_siren_ccd57ad8.wav,4.0,4.0,0.0,0.0,-23.65,0.2019,
urbansound8k_siren_cde131df,siren,data/banks/foreground/siren/urbansound8k_siren_cde131df.wav,4.0,4.0,0.0,0.0,-24.43,0.3012,
urbansound8k_siren_cf97ba4d,siren,data/banks/foreground/siren/urbansound8k_siren_cf97ba4d.wav,0.5896,0.5896,0.0,0.0,-23.59,0.1873,
urbansound8k_siren_cfce3d04,siren,data/banks/foreground/siren/urbansound8k_siren_cfce3d04.wav,0.8,0.8,0.0,0.0,-23.51,0.2921,
urbansound8k_siren_cfe5254f,siren,data/banks/foreground/siren/urbansound8k_siren_cfe5254f.wav,3.6109,3.6109,0.0,0.0,-23.56,0.3156,
urbansound8k_siren_d1428dba,siren,data/banks/foreground/siren/urbansound8k_siren_d1428dba.wav,4.0,4.0,0.0,0.0,-23.76,0.2139,
urbansound8k_siren_d1be7430,siren,data/banks/foreground/siren/urbansound8k_siren_d1be7430.wav,4.0,3.872,0.128,0.0,-24.27,0.283,
urbansound8k_siren_d21202f9,siren,data/banks/foreground/siren/urbansound8k_siren_d21202f9.wav,4.0,4.0,0.0,0.0,-23.66,0.202,
urbansound8k_siren_d2126f44,siren,data/banks/foreground/siren/urbansound8k_siren_d2126f44.wav,4.0,4.0,0.0,0.0,-23.48,0.2261,
urbansound8k_siren_d4310150,siren,data/banks/foreground/siren/urbansound8k_siren_d4310150.wav,4.0,4.0,0.0,0.0,-23.76,0.234,
urbansound8k_siren_d48faad1,siren,data/banks/foreground/siren/urbansound8k_siren_d48faad1.wav,4.0,4.0,0.0,0.0,-23.61,0.324,
urbansound8k_siren_d500369b,siren,data/banks/foreground/siren/urbansound8k_siren_d500369b.wav,1.796,1.796,0.0,0.0,-22.5,0.2827,
urbansound8k_siren_d5baf0da,siren,data/banks/foreground/siren/urbansound8k_siren_d5baf0da.wav,2.973,2.973,0.0,0.0,-21.95,0.3018,
urbansound8k_siren_d6456790,siren,data/banks/foreground/siren/urbansound8k_siren_d6456790.wav,2.015,2.015,0.0,0.0,-22.7,0.3044,
urbansound8k_siren_d6a0e8be,siren,data/banks/foreground/siren/urbansound8k_siren_d6a0e8be.wav,4.0,4.0,0.0,0.0,-23.02,0.2532,
urbansound8k_siren_d712ed35,siren,data/banks/foreground/siren/urbansound8k_siren_d712ed35.wav,4.0,4.0,0.0,0.0,-23.67,0.3308,
urbansound8k_siren_d87d1216,siren,data/banks/foreground/siren/urbansound8k_siren_d87d1216.wav,2.015,2.015,0.0,0.0,-23.98,0.1891,
urbansound8k_siren_d88b6cd9,siren,data/banks/foreground/siren/urbansound8k_siren_d88b6cd9.wav,1.696,1.696,0.0,0.0,-19.77,0.3138,
urbansound8k_siren_d918c93b,siren,data/banks/foreground/siren/urbansound8k_siren_d918c93b.wav,4.0,4.0,0.0,0.0,-23.43,0.3888,
urbansound8k_siren_d9a94c05,siren,data/banks/foreground/siren/urbansound8k_siren_d9a94c05.wav,4.0,4.0,0.0,0.0,-22.07,0.3589,
urbansound8k_siren_da12f55c,siren,data/banks/foreground/siren/urbansound8k_siren_da12f55c.wav,2.4339,2.4339,0.0,0.0,-23.42,0.3105,
urbansound8k_siren_da52643d,siren,data/banks/foreground/siren/urbansound8k_siren_da52643d.wav,4.0,4.0,0.0,0.0,-23.43,0.1898,
urbansound8k_siren_db576a41,siren,data/banks/foreground/siren/urbansound8k_siren_db576a41.wav,1.866,1.866,0.0,0.0,-25.12,0.1792,
urbansound8k_siren_db634490,siren,data/banks/foreground/siren/urbansound8k_siren_db634490.wav,4.0,4.0,0.0,0.0,-23.79,0.2814,
urbansound8k_siren_dc305a4f,siren,data/banks/foreground/siren/urbansound8k_siren_dc305a4f.wav,4.0,4.0,0.0,0.0,-23.51,0.4073,
urbansound8k_siren_dc360e60,siren,data/banks/foreground/siren/urbansound8k_siren_dc360e60.wav,4.0,4.0,0.0,0.0,-23.92,0.2025,
urbansound8k_siren_dd2769f2,siren,data/banks/foreground/siren/urbansound8k_siren_dd2769f2.wav,4.0,4.0,0.0,0.0,-22.23,0.3345,
urbansound8k_siren_e0153327,siren,data/banks/foreground/siren/urbansound8k_siren_e0153327.wav,4.0,4.0,0.0,0.0,-23.35,0.152,
urbansound8k_siren_e0a891db,siren,data/banks/foreground/siren/urbansound8k_siren_e0a891db.wav,4.0,4.0,0.0,0.0,-23.65,0.2019,
urbansound8k_siren_e2a89238,siren,data/banks/foreground/siren/urbansound8k_siren_e2a89238.wav,4.0,4.0,0.0,0.0,-23.56,0.3977,
urbansound8k_siren_e4bb8b9a,siren,data/banks/foreground/siren/urbansound8k_siren_e4bb8b9a.wav,4.0,4.0,0.0,0.0,-23.66,0.202,
urbansound8k_siren_e4f1a722,siren,data/banks/foreground/siren/urbansound8k_siren_e4f1a722.wav,3.142,3.142,0.0,0.0,-21.94,0.3318,
urbansound8k_siren_e5e063dc,siren,data/banks/foreground/siren/urbansound8k_siren_e5e063dc.wav,4.0,4.0,0.0,0.0,-23.71,0.2339,
urbansound8k_siren_e69b1a0f,siren,data/banks/foreground/siren/urbansound8k_siren_e69b1a0f.wav,4.0,4.0,0.0,0.0,-23.66,0.202,
urbansound8k_siren_e7856fa4,siren,data/banks/foreground/siren/urbansound8k_siren_e7856fa4.wav,4.0,4.0,0.0,0.0,-22.1,0.3142,
urbansound8k_siren_e8a8bd03,siren,data/banks/foreground/siren/urbansound8k_siren_e8a8bd03.wav,4.0,4.0,0.0,0.0,-21.9,0.3177,
urbansound8k_siren_eaa71ec5,siren,data/banks/foreground/siren/urbansound8k_siren_eaa71ec5.wav,4.0,4.0,0.0,0.0,-23.81,0.2982,
urbansound8k_siren_ece42c50,siren,data/banks/foreground/siren/urbansound8k_siren_ece42c50.wav,4.0,4.0,0.0,0.0,-23.58,0.3101,
urbansound8k_siren_ee43b3f1,siren,data/banks/foreground/siren/urbansound8k_siren_ee43b3f1.wav,3.0151,3.0151,0.0,0.0,-23.31,0.2086,
urbansound8k_siren_ef611b03,siren,data/banks/foreground/siren/urbansound8k_siren_ef611b03.wav,4.0,4.0,0.0,0.0,-22.94,0.2858,
urbansound8k_siren_f01147e8,siren,data/banks/foreground/siren/urbansound8k_siren_f01147e8.wav,1.377,1.377,0.0,0.0,-24.91,0.2646,
urbansound8k_siren_f02e6136,siren,data/banks/foreground/siren/urbansound8k_siren_f02e6136.wav,1.058,1.058,0.0,0.0,-22.15,0.313,
urbansound8k_siren_f0a0001e,siren,data/banks/foreground/siren/urbansound8k_siren_f0a0001e.wav,2.654,2.654,0.0,0.0,-24.41,0.2867,
urbansound8k_siren_f1190ecb,siren,data/banks/foreground/siren/urbansound8k_siren_f1190ecb.wav,4.0,4.0,0.0,0.0,-23.66,0.202,
urbansound8k_siren_f45c11b1,siren,data/banks/foreground/siren/urbansound8k_siren_f45c11b1.wav,0.56,0.56,0.0,0.0,-23.66,0.2153,
urbansound8k_siren_f46e79e9,siren,data/banks/foreground/siren/urbansound8k_siren_f46e79e9.wav,4.0,4.0,0.0,0.0,-23.44,0.1995,
urbansound8k_siren_f47fbdcd,siren,data/banks/foreground/siren/urbansound8k_siren_f47fbdcd.wav,4.0,4.0,0.0,0.0,-23.88,0.192,
urbansound8k_siren_f4aa7332,siren,data/banks/foreground/siren/urbansound8k_siren_f4aa7332.wav,4.0,4.0,0.0,0.0,-23.66,0.202,
urbansound8k_siren_f769891f,siren,data/banks/foreground/siren/urbansound8k_siren_f769891f.wav,2.504,2.504,0.0,0.0,-23.82,0.2993,
urbansound8k_siren_f76f53da,siren,data/banks/foreground/siren/urbansound8k_siren_f76f53da.wav,4.0,4.0,0.0,0.0,-23.71,0.2339,
urbansound8k_siren_f79251df,siren,data/banks/foreground/siren/urbansound8k_siren_f79251df.wav,4.0,4.0,0.0,0.0,-23.71,0.2346,
urbansound8k_siren_f7ee0f57,siren,data/banks/foreground/siren/urbansound8k_siren_f7ee0f57.wav,4.0,4.0,0.0,0.0,-22.24,0.3535,
urbansound8k_siren_f9d5fb25,siren,data/banks/foreground/siren/urbansound8k_siren_f9d5fb25.wav,4.0,4.0,0.0,0.0,-23.66,0.202,
urbansound8k_siren_fb8e573b,siren,data/banks/foreground/siren/urbansound8k_siren_fb8e573b.wav,4.0,4.0,0.0,0.0,-23.89,0.2051,
urbansound8k_siren_fbf375d9,siren,data/banks/foreground/siren/urbansound8k_siren_fbf375d9.wav,4.0,4.0,0.0,0.0,-23.94,0.2183,
urbansound8k_siren_fc292337,siren,data/banks/foreground/siren/urbansound8k_siren_fc292337.wav,2.504,2.504,0.0,0.0,-24.25,0.2463,
urbansound8k_siren_fcb8cc36,siren,data/banks/foreground/siren/urbansound8k_siren_fcb8cc36.wav,4.0,4.0,0.0,0.0,-23.72,0.2342,
urbansound8k_siren_ff29a1d9,siren,data/banks/foreground/siren/urbansound8k_siren_ff29a1d9.wav,2.654,2.654,0.0,0.0,-22.7,0.2859,
desed_speech_normal_00d1ebe8,speech_normal,data/banks/foreground/speech_normal/desed_speech_normal_00d1ebe8.wav,0.5387,0.5387,0.0,0.0,-24.29,0.3091,
desed_speech_normal_011d528d,speech_normal,data/banks/foreground/speech_normal/desed_speech_normal_011d528d.wav,0.9359,0.9359,0.0,0.0,-22.18,0.2862,
desed_speech_normal_02efdffa,speech_normal,data/banks/foreground/speech_normal/desed_speech_normal_02efdffa.wav,1.5234,1.5234,0.0,0.0,-23.46,0.3116,
desed_speech_normal_031bcffd,speech_normal,data/banks/foreground/speech_normal/desed_speech_normal_031bcffd.wav,0.3809,0.3809,0.0,0.0,-12.73,0.9793,
desed_speech_normal_03782c56,speech_normal,data/banks/foreground/speech_normal/desed_speech_normal_03782c56.wav,1.9626,1.9626,0.0,0.0,-22.08,0.4939,
desed_speech_normal_054bedbd,speech_normal,data/banks/foreground/speech_normal/desed_speech_normal_054bedbd.wav,1.1811,1.1811,0.0,0.0,-21.93,0.2472,
desed_speech_normal_076368b9,speech_normal,data/banks/foreground/speech_normal/desed_speech_normal_076368b9.wav,1.8414,1.8414,0.0,0.0,-23.03,0.2416,
desed_speech_normal_07c4e95a,speech_normal,data/banks/foreground/speech_normal/desed_speech_normal_07c4e95a.wav,0.8112,0.8112,0.0,0.0,-21.78,0.8225,
desed_speech_normal_0819de8b,speech_normal,data/banks/foreground/speech_normal/desed_speech_normal_0819de8b.wav,0.8022,0.8022,0.0,0.0,-23.71,0.485,
desed_speech_normal_08de59b2,speech_normal,data/banks/foreground/speech_normal/desed_speech_normal_08de59b2.wav,1.8871,1.8871,0.0,0.0,-20.94,0.717,
desed_speech_normal_0a9b45bf,speech_normal,data/banks/foreground/speech_normal/desed_speech_normal_0a9b45bf.wav,2.9246,2.9246,0.0,0.0,-22.19,0.3062,
desed_speech_normal_0b73ef2f,speech_normal,data/banks/foreground/speech_normal/desed_speech_normal_0b73ef2f.wav,1.902,1.902,0.0,0.0,-22.71,0.3878,
desed_speech_normal_0badeae4,speech_normal,data/banks/foreground/speech_normal/desed_speech_normal_0badeae4.wav,0.4248,0.4248,0.0,0.0,-22.47,0.4584,
desed_speech_normal_0bce7a6f,speech_normal,data/banks/foreground/speech_normal/desed_speech_normal_0bce7a6f.wav,1.6584,1.6584,0.0,0.0,-22.44,0.6613,
desed_speech_normal_0d20fc4f,speech_normal,data/banks/foreground/speech_normal/desed_speech_normal_0d20fc4f.wav,0.8399,0.8399,0.0,0.0,-22.82,0.4965,
desed_speech_normal_109aa4ef,speech_normal,data/banks/foreground/speech_normal/desed_speech_normal_109aa4ef.wav,1.1556,1.1556,0.0,0.0,-23.9,0.71,
desed_speech_normal_14fdf11d,speech_normal,data/banks/foreground/speech_normal/desed_speech_normal_14fdf11d.wav,1.2515,1.2515,0.0,0.0,-23.38,0.8912,
desed_speech_normal_1618b755,speech_normal,data/banks/foreground/speech_normal/desed_speech_normal_1618b755.wav,0.5312,0.5312,0.0,0.0,-23.42,0.274,
desed_speech_normal_16de5580,speech_normal,data/banks/foreground/speech_normal/desed_speech_normal_16de5580.wav,0.7837,0.7837,0.0,0.0,-23.11,0.4299,
desed_speech_normal_1809e681,speech_normal,data/banks/foreground/speech_normal/desed_speech_normal_1809e681.wav,0.5984,0.5984,0.0,0.0,-22.47,0.2598,
desed_speech_normal_198040b1,speech_normal,data/banks/foreground/speech_normal/desed_speech_normal_198040b1.wav,0.815,0.815,0.0,0.0,-22.78,0.5151,
desed_speech_normal_1c2f1869,speech_normal,data/banks/foreground/speech_normal/desed_speech_normal_1c2f1869.wav,0.4085,0.4085,0.0,0.0,-22.59,0.4605,
desed_speech_normal_1d575ee5,speech_normal,data/banks/foreground/speech_normal/desed_speech_normal_1d575ee5.wav,0.8184,0.8184,0.0,0.0,-23.02,0.3425,
desed_speech_normal_2062f03e,speech_normal,data/banks/foreground/speech_normal/desed_speech_normal_2062f03e.wav,1.6774,1.6774,0.0,0.0,-23.93,0.4444,
desed_speech_normal_209b2b52,speech_normal,data/banks/foreground/speech_normal/desed_speech_normal_209b2b52.wav,0.9212,0.9212,0.0,0.0,-24.69,0.259,
desed_speech_normal_2214edca,speech_normal,data/banks/foreground/speech_normal/desed_speech_normal_2214edca.wav,0.5066,0.5066,0.0,0.0,-23.07,0.2567,
desed_speech_normal_269237d8,speech_normal,data/banks/foreground/speech_normal/desed_speech_normal_269237d8.wav,1.697,1.697,0.0,0.0,-24.88,0.6364,
desed_speech_normal_280592cb,speech_normal,data/banks/foreground/speech_normal/desed_speech_normal_280592cb.wav,0.7228,0.7228,0.0,0.0,-22.84,0.2524,
desed_speech_normal_296a035e,speech_normal,data/banks/foreground/speech_normal/desed_speech_normal_296a035e.wav,2.119,2.119,0.0,0.0,-23.44,0.5151,
desed_speech_normal_29890c4f,speech_normal,data/banks/foreground/speech_normal/desed_speech_normal_29890c4f.wav,1.5756,1.5756,0.0,0.0,-21.85,0.2199,
desed_speech_normal_2aff10f7,speech_normal,data/banks/foreground/speech_normal/desed_speech_normal_2aff10f7.wav,0.4776,0.4776,0.0,0.0,-23.08,0.3229,
desed_speech_normal_2b1c9c77,speech_normal,data/banks/foreground/speech_normal/desed_speech_normal_2b1c9c77.wav,0.4583,0.4583,0.0,0.0,-22.04,0.4334,
desed_speech_normal_2b8b49b0,speech_normal,data/banks/foreground/speech_normal/desed_speech_normal_2b8b49b0.wav,0.7296,0.7296,0.0,0.0,-23.15,0.2445,
desed_speech_normal_2bd14776,speech_normal,data/banks/foreground/speech_normal/desed_speech_normal_2bd14776.wav,1.3923,1.3923,0.0,0.0,-22.93,0.3614,
desed_speech_normal_2dd5825a,speech_normal,data/banks/foreground/speech_normal/desed_speech_normal_2dd5825a.wav,1.1364,1.1364,0.0,0.0,-23.75,0.3088,
desed_speech_normal_2e242951,speech_normal,data/banks/foreground/speech_normal/desed_speech_normal_2e242951.wav,0.8412,0.8412,0.0,0.0,-24.16,0.3846,
desed_speech_normal_2e7d9d43,speech_normal,data/banks/foreground/speech_normal/desed_speech_normal_2e7d9d43.wav,0.4063,0.4063,0.0,0.0,-22.11,0.439,
desed_speech_normal_3246d560,speech_normal,data/banks/foreground/speech_normal/desed_speech_normal_3246d560.wav,1.4021,1.4021,0.0,0.0,-23.86,0.4353,
desed_speech_normal_32700ecd,speech_normal,data/banks/foreground/speech_normal/desed_speech_normal_32700ecd.wav,0.5146,0.5146,0.0,0.0,-22.36,0.3364,
desed_speech_normal_342f0bfa,speech_normal,data/banks/foreground/speech_normal/desed_speech_normal_342f0bfa.wav,1.4304,1.4304,0.0,0.0,-23.39,0.3626,
desed_speech_normal_3444bfc3,speech_normal,data/banks/foreground/speech_normal/desed_speech_normal_3444bfc3.wav,0.566,0.566,0.0,0.0,-22.57,0.3792,
desed_speech_normal_3617c85d,speech_normal,data/banks/foreground/speech_normal/desed_speech_normal_3617c85d.wav,1.9739,1.9739,0.0,0.0,-22.46,0.5415,
desed_speech_normal_36180701,speech_normal,data/banks/foreground/speech_normal/desed_speech_normal_36180701.wav,1.5488,1.5488,0.0,0.0,-24.96,0.2377,
desed_speech_normal_36695326,speech_normal,data/banks/foreground/speech_normal/desed_speech_normal_36695326.wav,0.5279,0.5279,0.0,0.0,-23.49,0.232,
desed_speech_normal_369a432f,speech_normal,data/banks/foreground/speech_normal/desed_speech_normal_369a432f.wav,2.0139,2.0139,0.0,0.0,-22.12,0.288,
desed_speech_normal_36f52825,speech_normal,data/banks/foreground/speech_normal/desed_speech_normal_36f52825.wav,0.339,0.339,0.0,0.0,-30.37,0.1241,
desed_speech_normal_37a85651,speech_normal,data/banks/foreground/speech_normal/desed_speech_normal_37a85651.wav,1.4312,1.4312,0.0,0.0,-24.08,0.3694,
desed_speech_normal_39815aa2,speech_normal,data/banks/foreground/speech_normal/desed_speech_normal_39815aa2.wav,0.9806,0.9806,0.0,0.0,-23.6,0.2118,
desed_speech_normal_3af564b7,speech_normal,data/banks/foreground/speech_normal/desed_speech_normal_3af564b7.wav,0.7246,0.7246,0.0,0.0,-23.2,0.4526,
desed_speech_normal_3cbea9a2,speech_normal,data/banks/foreground/speech_normal/desed_speech_normal_3cbea9a2.wav,0.5641,0.5641,0.0,0.0,-23.2,0.4694,
desed_speech_normal_3d4ddb40,speech_normal,data/banks/foreground/speech_normal/desed_speech_normal_3d4ddb40.wav,1.3115,1.3115,0.0,0.0,-23.23,0.3741,
desed_speech_normal_3e07db75,speech_normal,data/banks/foreground/speech_normal/desed_speech_normal_3e07db75.wav,2.2927,2.2927,0.0,0.0,-21.89,0.2845,
desed_speech_normal_3ef6bd4f,speech_normal,data/banks/foreground/speech_normal/desed_speech_normal_3ef6bd4f.wav,0.7127,0.7127,0.0,0.0,-22.68,0.3694,
desed_speech_normal_40b85273,speech_normal,data/banks/foreground/speech_normal/desed_speech_normal_40b85273.wav,1.0663,1.0663,0.0,0.0,-23.23,0.3397,
desed_speech_normal_41998869,speech_normal,data/banks/foreground/speech_normal/desed_speech_normal_41998869.wav,0.4263,0.4263,0.0,0.0,-22.36,0.2023,
desed_speech_normal_41e6a02f,speech_normal,data/banks/foreground/speech_normal/desed_speech_normal_41e6a02f.wav,2.645,2.645,0.0,0.0,-24.35,0.4535,
desed_speech_normal_42747b70,speech_normal,data/banks/foreground/speech_normal/desed_speech_normal_42747b70.wav,0.4891,0.4891,0.0,0.0,-23.03,0.2801,
desed_speech_normal_45636e89,speech_normal,data/banks/foreground/speech_normal/desed_speech_normal_45636e89.wav,1.8024,1.8024,0.0,0.0,-22.71,0.5567,
desed_speech_normal_48fd105c,speech_normal,data/banks/foreground/speech_normal/desed_speech_normal_48fd105c.wav,0.3447,0.3447,0.0,0.0,-28.87,0.262,
desed_speech_normal_51552a71,speech_normal,data/banks/foreground/speech_normal/desed_speech_normal_51552a71.wav,0.6669,0.6669,0.0,0.0,-23.08,0.4468,
desed_speech_normal_524480b9,speech_normal,data/banks/foreground/speech_normal/desed_speech_normal_524480b9.wav,1.4726,1.4726,0.0,0.0,-23.44,0.7186,
desed_speech_normal_52d7e5a3,speech_normal,data/banks/foreground/speech_normal/desed_speech_normal_52d7e5a3.wav,0.6819,0.6819,0.0,0.0,-23.42,0.265,
desed_speech_normal_533bece9,speech_normal,data/banks/foreground/speech_normal/desed_speech_normal_533bece9.wav,0.5236,0.5236,0.0,0.0,-23.08,0.3076,
desed_speech_normal_566ab804,speech_normal,data/banks/foreground/speech_normal/desed_speech_normal_566ab804.wav,0.4344,0.4344,0.0,0.0,-22.49,0.305,
desed_speech_normal_59038036,speech_normal,data/banks/foreground/speech_normal/desed_speech_normal_59038036.wav,0.6127,0.6127,0.0,0.0,-22.94,0.3806,
desed_speech_normal_59b83ca4,speech_normal,data/banks/foreground/speech_normal/desed_speech_normal_59b83ca4.wav,1.6421,1.6421,0.0,0.0,-23.6,0.4916,
desed_speech_normal_59f56944,speech_normal,data/banks/foreground/speech_normal/desed_speech_normal_59f56944.wav,1.5953,1.5953,0.0,0.0,-22.0,0.8913,
desed_speech_normal_5ab3a069,speech_normal,data/banks/foreground/speech_normal/desed_speech_normal_5ab3a069.wav,0.3358,0.3358,0.0,0.0,-25.88,0.2167,
desed_speech_normal_6125018e,speech_normal,data/banks/foreground/speech_normal/desed_speech_normal_6125018e.wav,0.3166,0.3166,0.0,0.0,-11.04,0.7939,
desed_speech_normal_61959190,speech_normal,data/banks/foreground/speech_normal/desed_speech_normal_61959190.wav,0.3013,0.3013,0.0,0.0,-13.36,0.7437,
desed_speech_normal_622b42d4,speech_normal,data/banks/foreground/speech_normal/desed_speech_normal_622b42d4.wav,0.8147,0.8147,0.0,0.0,-24.0,0.4709,
desed_speech_normal_65cfa75f,speech_normal,data/banks/foreground/speech_normal/desed_speech_normal_65cfa75f.wav,1.6311,1.6311,0.0,0.0,-24.09,0.3968,
desed_speech_normal_6650d00e,speech_normal,data/banks/foreground/speech_normal/desed_speech_normal_6650d00e.wav,1.6484,1.6484,0.0,0.0,-22.54,0.5652,
desed_speech_normal_66ab17f9,speech_normal,data/banks/foreground/speech_normal/desed_speech_normal_66ab17f9.wav,0.6342,0.6342,0.0,0.0,-22.31,0.268,
desed_speech_normal_682f883f,speech_normal,data/banks/foreground/speech_normal/desed_speech_normal_682f883f.wav,0.7068,0.7068,0.0,0.0,-23.21,0.3655,
desed_speech_normal_69b8dc1e,speech_normal,data/banks/foreground/speech_normal/desed_speech_normal_69b8dc1e.wav,0.2802,0.2802,0.0,0.0,-15.68,0.679,
desed_speech_normal_6c8de84f,speech_normal,data/banks/foreground/speech_normal/desed_speech_normal_6c8de84f.wav,0.9904,0.9904,0.0,0.0,-23.0,0.4325,
desed_speech_normal_6d59eacf,speech_normal,data/banks/foreground/speech_normal/desed_speech_normal_6d59eacf.wav,1.3763,1.3763,0.0,0.0,-22.07,0.3268,
desed_speech_normal_6f86d49b,speech_normal,data/banks/foreground/speech_normal/desed_speech_normal_6f86d49b.wav,1.2607,1.2607,0.0,0.0,-21.53,0.5831,
desed_speech_normal_70d7e848,speech_normal,data/banks/foreground/speech_normal/desed_speech_normal_70d7e848.wav,0.7947,0.7947,0.0,0.0,-25.54,0.3615,
desed_speech_normal_71684636,speech_normal,data/banks/foreground/speech_normal/desed_speech_normal_71684636.wav,0.6505,0.6505,0.0,0.0,-22.87,0.3773,
desed_speech_normal_72847a84,speech_normal,data/banks/foreground/speech_normal/desed_speech_normal_72847a84.wav,0.6258,0.6258,0.0,0.0,-23.43,0.3085,
desed_speech_normal_7334aafe,speech_normal,data/banks/foreground/speech_normal/desed_speech_normal_7334aafe.wav,2.406,2.406,0.0,0.0,-22.98,0.4258,
desed_speech_normal_7451097a,speech_normal,data/banks/foreground/speech_normal/desed_speech_normal_7451097a.wav,0.9624,0.9624,0.0,0.0,-22.27,0.3217,
desed_speech_normal_74f47905,speech_normal,data/banks/foreground/speech_normal/desed_speech_normal_74f47905.wav,0.6012,0.6012,0.0,0.0,-23.41,0.3575,
desed_speech_normal_75770322,speech_normal,data/banks/foreground/speech_normal/desed_speech_normal_75770322.wav,0.7312,0.7312,0.0,0.0,-22.21,0.4838,
desed_speech_normal_75a4780a,speech_normal,data/banks/foreground/speech_normal/desed_speech_normal_75a4780a.wav,0.5279,0.5279,0.0,0.0,-23.53,0.3673,
desed_speech_normal_7647c316,speech_normal,data/banks/foreground/speech_normal/desed_speech_normal_7647c316.wav,0.7861,0.7861,0.0,0.0,-22.66,0.359,
desed_speech_normal_76e172cc,speech_normal,data/banks/foreground/speech_normal/desed_speech_normal_76e172cc.wav,1.5702,1.5702,0.0,0.0,-22.35,0.43,
desed_speech_normal_77d75b0f,speech_normal,data/banks/foreground/speech_normal/desed_speech_normal_77d75b0f.wav,0.4771,0.4771,0.0,0.0,-22.89,0.2954,
desed_speech_normal_7e65650f,speech_normal,data/banks/foreground/speech_normal/desed_speech_normal_7e65650f.wav,0.4128,0.4128,0.0,0.0,-24.15,0.3933,
desed_speech_normal_8012fbf5,speech_normal,data/banks/foreground/speech_normal/desed_speech_normal_8012fbf5.wav,0.7192,0.7192,0.0,0.0,-23.35,0.4255,
desed_speech_normal_8032a0c4,speech_normal,data/banks/foreground/speech_normal/desed_speech_normal_8032a0c4.wav,1.1733,1.1733,0.0,0.0,-22.55,0.3981,
desed_speech_normal_80555e87,speech_normal,data/banks/foreground/speech_normal/desed_speech_normal_80555e87.wav,1.112,1.112,0.0,0.0,-22.33,0.4242,
desed_speech_normal_817d036e,speech_normal,data/banks/foreground/speech_normal/desed_speech_normal_817d036e.wav,0.6504,0.6504,0.0,0.0,-22.56,0.3293,
desed_speech_normal_8622af0b,speech_normal,data/banks/foreground/speech_normal/desed_speech_normal_8622af0b.wav,2.0647,2.0647,0.0,0.0,-24.43,0.7235,
desed_speech_normal_86d99f05,speech_normal,data/banks/foreground/speech_normal/desed_speech_normal_86d99f05.wav,0.693,0.693,0.0,0.0,-23.38,0.387,
desed_speech_normal_874b2975,speech_normal,data/banks/foreground/speech_normal/desed_speech_normal_874b2975.wav,1.8598,1.8598,0.0,0.0,-22.79,0.5714,
desed_speech_normal_88045f00,speech_normal,data/banks/foreground/speech_normal/desed_speech_normal_88045f00.wav,2.655,2.655,0.0,0.0,-24.66,0.3022,
desed_speech_normal_88562586,speech_normal,data/banks/foreground/speech_normal/desed_speech_normal_88562586.wav,0.5206,0.5206,0.0,0.0,-22.93,0.2313,
desed_speech_normal_890cba22,speech_normal,data/banks/foreground/speech_normal/desed_speech_normal_890cba22.wav,0.9806,0.9806,0.0,0.0,-23.32,0.2573,
desed_speech_normal_925d2219,speech_normal,data/banks/foreground/speech_normal/desed_speech_normal_925d2219.wav,0.6322,0.6322,0.0,0.0,-23.43,0.2252,
desed_speech_normal_94895b72,speech_normal,data/banks/foreground/speech_normal/desed_speech_normal_94895b72.wav,0.6202,0.6202,0.0,0.0,-24.06,0.3354,
desed_speech_normal_9495e113,speech_normal,data/banks/foreground/speech_normal/desed_speech_normal_9495e113.wav,0.6757,0.6757,0.0,0.0,-21.39,0.5075,
desed_speech_normal_9b0004ef,speech_normal,data/banks/foreground/speech_normal/desed_speech_normal_9b0004ef.wav,1.8909,1.8909,0.0,0.0,-22.45,0.295,
desed_speech_normal_9cba5b99,speech_normal,data/banks/foreground/speech_normal/desed_speech_normal_9cba5b99.wav,0.8964,0.8964,0.0,0.0,-21.62,0.6599,
desed_speech_normal_9d97e514,speech_normal,data/banks/foreground/speech_normal/desed_speech_normal_9d97e514.wav,0.7616,0.7616,0.0,0.0,-22.8,0.347,
desed_speech_normal_9f1f4948,speech_normal,data/banks/foreground/speech_normal/desed_speech_normal_9f1f4948.wav,0.1375,0.1375,0.0,0.0,-42.08,0.1716,
desed_speech_normal_9f4eeeb5,speech_normal,data/banks/foreground/speech_normal/desed_speech_normal_9f4eeeb5.wav,0.8012,0.8012,0.0,0.0,-23.79,0.3914,
desed_speech_normal_a1d5f44d,speech_normal,data/banks/foreground/speech_normal/desed_speech_normal_a1d5f44d.wav,1.1839,1.1839,0.0,0.0,-22.41,0.2598,
desed_speech_normal_a290b0e4,speech_normal,data/banks/foreground/speech_normal/desed_speech_normal_a290b0e4.wav,1.3222,1.3222,0.0,0.0,-22.49,0.5816,
desed_speech_normal_a4d1322b,speech_normal,data/banks/foreground/speech_normal/desed_speech_normal_a4d1322b.wav,1.0364,1.0364,0.0,0.0,-23.35,0.4117,
desed_speech_normal_a88f8482,speech_normal,data/banks/foreground/speech_normal/desed_speech_normal_a88f8482.wav,1.0799,1.0799,0.0,0.0,-23.23,0.4255,
desed_speech_normal_ab2337cf,speech_normal,data/banks/foreground/speech_normal/desed_speech_normal_ab2337cf.wav,0.8598,0.8598,0.0,0.0,-22.4,0.6561,
desed_speech_normal_ab24e748,speech_normal,data/banks/foreground/speech_normal/desed_speech_normal_ab24e748.wav,0.8245,0.8245,0.0,0.0,-22.94,0.378,
desed_speech_normal_ab6d6b75,speech_normal,data/banks/foreground/speech_normal/desed_speech_normal_ab6d6b75.wav,1.3931,1.3931,0.0,0.0,-22.42,0.4113,
desed_speech_normal_affefe80,speech_normal,data/banks/foreground/speech_normal/desed_speech_normal_affefe80.wav,1.8347,1.8347,0.0,0.0,-23.2,0.7018,
desed_speech_normal_b0383094,speech_normal,data/banks/foreground/speech_normal/desed_speech_normal_b0383094.wav,2.519,2.519,0.0,0.0,-23.39,0.3552,
desed_speech_normal_b2aec2a9,speech_normal,data/banks/foreground/speech_normal/desed_speech_normal_b2aec2a9.wav,0.6633,0.6633,0.0,0.0,-22.9,0.4759,
desed_speech_normal_b473f22e,speech_normal,data/banks/foreground/speech_normal/desed_speech_normal_b473f22e.wav,1.798,1.798,0.0,0.0,-24.25,0.4184,
desed_speech_normal_b62d8943,speech_normal,data/banks/foreground/speech_normal/desed_speech_normal_b62d8943.wav,1.4764,1.4764,0.0,0.0,-23.83,0.437,
desed_speech_normal_b698a638,speech_normal,data/banks/foreground/speech_normal/desed_speech_normal_b698a638.wav,0.5449,0.5449,0.0,0.0,-22.64,0.443,
desed_speech_normal_b89c13c0,speech_normal,data/banks/foreground/speech_normal/desed_speech_normal_b89c13c0.wav,1.374,1.374,0.0,0.0,-23.84,0.5478,
desed_speech_normal_be5e9c07,speech_normal,data/banks/foreground/speech_normal/desed_speech_normal_be5e9c07.wav,0.5801,0.5801,0.0,0.0,-24.11,0.4803,
desed_speech_normal_c01b2a79,speech_normal,data/banks/foreground/speech_normal/desed_speech_normal_c01b2a79.wav,1.392,1.392,0.0,0.0,-22.04,0.5342,
desed_speech_normal_c177fd17,speech_normal,data/banks/foreground/speech_normal/desed_speech_normal_c177fd17.wav,2.1316,2.1316,0.0,0.0,-23.28,0.3559,
desed_speech_normal_c1c10f8b,speech_normal,data/banks/foreground/speech_normal/desed_speech_normal_c1c10f8b.wav,1.376,1.376,0.0,0.0,-24.08,0.3584,
desed_speech_normal_c3f22ab6,speech_normal,data/banks/foreground/speech_normal/desed_speech_normal_c3f22ab6.wav,0.5602,0.5602,0.0,0.0,-22.35,0.2966,
desed_speech_normal_c699a838,speech_normal,data/banks/foreground/speech_normal/desed_speech_normal_c699a838.wav,0.734,0.734,0.0,0.0,-24.78,0.3806,
desed_speech_normal_c7437344,speech_normal,data/banks/foreground/speech_normal/desed_speech_normal_c7437344.wav,0.8317,0.8317,0.0,0.0,-23.94,0.4108,
desed_speech_normal_c9b6aa1d,speech_normal,data/banks/foreground/speech_normal/desed_speech_normal_c9b6aa1d.wav,1.1474,1.1474,0.0,0.0,-22.83,0.2351,
desed_speech_normal_c9dfeed2,speech_normal,data/banks/foreground/speech_normal/desed_speech_normal_c9dfeed2.wav,0.7985,0.7985,0.0,0.0,-22.53,0.3748,
desed_speech_normal_cb5fc912,speech_normal,data/banks/foreground/speech_normal/desed_speech_normal_cb5fc912.wav,0.1694,0.1694,0.0,0.0,-29.18,0.1705,
desed_speech_normal_cef647d5,speech_normal,data/banks/foreground/speech_normal/desed_speech_normal_cef647d5.wav,1.2807,1.2807,0.0,0.0,-23.28,0.5029,
desed_speech_normal_cf2925f9,speech_normal,data/banks/foreground/speech_normal/desed_speech_normal_cf2925f9.wav,1.0289,1.0289,0.0,0.0,-22.31,0.406,
desed_speech_normal_cf67cba1,speech_normal,data/banks/foreground/speech_normal/desed_speech_normal_cf67cba1.wav,0.7654,0.7654,0.0,0.0,-25.33,0.3546,
desed_speech_normal_cf74d925,speech_normal,data/banks/foreground/speech_normal/desed_speech_normal_cf74d925.wav,1.7327,1.7327,0.0,0.0,-23.15,0.3603,
desed_speech_normal_d08dfe10,speech_normal,data/banks/foreground/speech_normal/desed_speech_normal_d08dfe10.wav,1.2407,1.2407,0.0,0.0,-23.88,0.4882,
desed_speech_normal_d0f8db02,speech_normal,data/banks/foreground/speech_normal/desed_speech_normal_d0f8db02.wav,0.7224,0.7224,0.0,0.0,-22.59,0.3355,
desed_speech_normal_d1889c94,speech_normal,data/banks/foreground/speech_normal/desed_speech_normal_d1889c94.wav,1.1569,1.1569,0.0,0.0,-21.67,0.4597,
desed_speech_normal_d27f58e2,speech_normal,data/banks/foreground/speech_normal/desed_speech_normal_d27f58e2.wav,0.7319,0.7319,0.0,0.0,-23.41,0.4357,
desed_speech_normal_d2f2f46a,speech_normal,data/banks/foreground/speech_normal/desed_speech_normal_d2f2f46a.wav,0.1694,0.1694,0.0,0.0,-43.87,0.0577,
desed_speech_normal_d546dddc,speech_normal,data/banks/foreground/speech_normal/desed_speech_normal_d546dddc.wav,1.37,1.37,0.0,0.0,-22.43,0.7292,
desed_speech_normal_d57cdbd7,speech_normal,data/banks/foreground/speech_normal/desed_speech_normal_d57cdbd7.wav,1.4199,1.4199,0.0,0.0,-23.17,0.3875,
desed_speech_normal_daabe9bc,speech_normal,data/banks/foreground/speech_normal/desed_speech_normal_daabe9bc.wav,1.4544,1.4544,0.0,0.0,-21.25,0.4531,
desed_speech_normal_db894e15,speech_normal,data/banks/foreground/speech_normal/desed_speech_normal_db894e15.wav,1.0355,1.0355,0.0,0.0,-22.49,0.3028,
desed_speech_normal_dd66951a,speech_normal,data/banks/foreground/speech_normal/desed_speech_normal_dd66951a.wav,0.6222,0.6222,0.0,0.0,-23.53,0.3516,
desed_speech_normal_e46d94de,speech_normal,data/banks/foreground/speech_normal/desed_speech_normal_e46d94de.wav,2.2143,2.2143,0.0,0.0,-22.52,0.4045,
desed_speech_normal_e66e9bff,speech_normal,data/banks/foreground/speech_normal/desed_speech_normal_e66e9bff.wav,0.8851,0.8851,0.0,0.0,-22.49,0.3155,
desed_speech_normal_e7ca37f5,speech_normal,data/banks/foreground/speech_normal/desed_speech_normal_e7ca37f5.wav,2.2782,2.2782,0.0,0.0,-22.89,0.557,
desed_speech_normal_e86c3ca7,speech_normal,data/banks/foreground/speech_normal/desed_speech_normal_e86c3ca7.wav,2.7507,2.7507,0.0,0.0,-23.53,0.4486,
desed_speech_normal_e9296c38,speech_normal,data/banks/foreground/speech_normal/desed_speech_normal_e9296c38.wav,2.4058,2.4058,0.0,0.0,-22.39,0.4696,
desed_speech_normal_ed9eea2c,speech_normal,data/banks/foreground/speech_normal/desed_speech_normal_ed9eea2c.wav,1.6758,1.6758,0.0,0.0,-22.56,0.4789,
desed_speech_normal_eda05696,speech_normal,data/banks/foreground/speech_normal/desed_speech_normal_eda05696.wav,0.8864,0.8864,0.0,0.0,-21.84,0.4145,
desed_speech_normal_ef6fe7c9,speech_normal,data/banks/foreground/speech_normal/desed_speech_normal_ef6fe7c9.wav,0.641,0.641,0.0,0.0,-23.39,0.3201,
desed_speech_normal_f0e8e9c2,speech_normal,data/banks/foreground/speech_normal/desed_speech_normal_f0e8e9c2.wav,0.8386,0.8386,0.0,0.0,-23.4,0.2111,
desed_speech_normal_f107fb0d,speech_normal,data/banks/foreground/speech_normal/desed_speech_normal_f107fb0d.wav,1.5892,1.5892,0.0,0.0,-23.06,0.1689,
desed_speech_normal_f221943d,speech_normal,data/banks/foreground/speech_normal/desed_speech_normal_f221943d.wav,1.3793,1.3793,0.0,0.0,-23.68,0.4193,
desed_speech_normal_f4175987,speech_normal,data/banks/foreground/speech_normal/desed_speech_normal_f4175987.wav,1.057,1.057,0.0,0.0,-12.33,0.8913,
desed_speech_normal_f4317d54,speech_normal,data/banks/foreground/speech_normal/desed_speech_normal_f4317d54.wav,1.925,1.925,0.0,0.0,-22.47,0.6837,
desed_speech_normal_f6286392,speech_normal,data/banks/foreground/speech_normal/desed_speech_normal_f6286392.wav,1.0599,1.0599,0.0,0.0,-22.26,0.2827,
desed_speech_normal_f693ae6b,speech_normal,data/banks/foreground/speech_normal/desed_speech_normal_f693ae6b.wav,0.4019,0.4019,0.0,0.0,-22.75,0.4872,
desed_speech_normal_f6a67906,speech_normal,data/banks/foreground/speech_normal/desed_speech_normal_f6a67906.wav,2.336,2.336,0.0,0.0,-21.91,0.3654,
desed_speech_normal_f74e5640,speech_normal,data/banks/foreground/speech_normal/desed_speech_normal_f74e5640.wav,0.7324,0.7324,0.0,0.0,-23.43,0.4671,
desed_speech_normal_f950cd86,speech_normal,data/banks/foreground/speech_normal/desed_speech_normal_f950cd86.wav,1.5348,1.5348,0.0,0.0,-22.93,0.264,
desed_speech_normal_f9744285,speech_normal,data/banks/foreground/speech_normal/desed_speech_normal_f9744285.wav,0.7868,0.7868,0.0,0.0,-22.97,0.55,
desed_speech_normal_fcbadfa8,speech_normal,data/banks/foreground/speech_normal/desed_speech_normal_fcbadfa8.wav,1.1195,1.1195,0.0,0.0,-23.13,0.3381,
desed_speech_normal_fd4a80a8,speech_normal,data/banks/foreground/speech_normal/desed_speech_normal_fd4a80a8.wav,0.5577,0.5577,0.0,0.0,-20.08,0.5901,
desed_speech_normal_fdb2c7c0,speech_normal,data/banks/foreground/speech_normal/desed_speech_normal_fdb2c7c0.wav,1.0263,1.0263,0.0,0.0,-21.19,0.4241,
desed_speech_normal_fef39363,speech_normal,data/banks/foreground/speech_normal/desed_speech_normal_fef39363.wav,0.6924,0.6924,0.0,0.0,-21.77,0.7397,
desed_speech_normal_fefd991f,speech_normal,data/banks/foreground/speech_normal/desed_speech_normal_fefd991f.wav,0.793,0.793,0.0,0.0,-23.17,0.2356,
fsd50k_speech_normal_003e209b,speech_normal,data/banks/foreground/speech_normal/fsd50k_speech_normal_003e209b.wav,0.7067,0.7067,0.0,0.0,-22.86,0.5115,
fsd50k_speech_normal_00fcc1c3,speech_normal,data/banks/foreground/speech_normal/fsd50k_speech_normal_00fcc1c3.wav,1.4534,0.736,0.352,0.3654,-22.01,0.4222,
fsd50k_speech_normal_00ff7bce,speech_normal,data/banks/foreground/speech_normal/fsd50k_speech_normal_00ff7bce.wav,2.9235,2.88,0.0,0.0435,-22.23,0.5312,
fsd50k_speech_normal_0112d730,speech_normal,data/banks/foreground/speech_normal/fsd50k_speech_normal_0112d730.wav,0.5623,0.5623,0.0,0.0,-23.77,0.3128,
fsd50k_speech_normal_0146c3ec,speech_normal,data/banks/foreground/speech_normal/fsd50k_speech_normal_0146c3ec.wav,1.2432,1.2432,0.0,0.0,-22.63,0.3968,
fsd50k_speech_normal_0166b4df,speech_normal,data/banks/foreground/speech_normal/fsd50k_speech_normal_0166b4df.wav,3.9738,3.9738,0.0,0.0,-21.89,0.2312,
fsd50k_speech_normal_017d0dc0,speech_normal,data/banks/foreground/speech_normal/fsd50k_speech_normal_017d0dc0.wav,1.0608,1.024,0.0,0.0368,-25.15,0.4414,
fsd50k_speech_normal_01811233,speech_normal,data/banks/foreground/speech_normal/fsd50k_speech_normal_01811233.wav,6.5133,6.304,0.064,0.1452,-23.13,0.3829,
fsd50k_speech_normal_018812d6,speech_normal,data/banks/foreground/speech_normal/fsd50k_speech_normal_018812d6.wav,1.8176,1.8176,0.0,0.0,-22.63,0.3613,
fsd50k_speech_normal_02247412,speech_normal,data/banks/foreground/speech_normal/fsd50k_speech_normal_02247412.wav,3.6033,3.584,0.0,0.0193,-23.35,0.3528,
fsd50k_speech_normal_037702f2,speech_normal,data/banks/foreground/speech_normal/fsd50k_speech_normal_037702f2.wav,2.3751,2.336,0.0,0.0391,-22.6,0.3953,
fsd50k_speech_normal_03aaa104,speech_normal,data/banks/foreground/speech_normal/fsd50k_speech_normal_03aaa104.wav,1.1612,1.1612,0.0,0.0,-25.5,0.8002,
fsd50k_speech_normal_03f46e80,speech_normal,data/banks/foreground/speech_normal/fsd50k_speech_normal_03f46e80.wav,1.1612,1.1612,0.0,0.0,-23.19,0.5441,
fsd50k_speech_normal_04004fed,speech_normal,data/banks/foreground/speech_normal/fsd50k_speech_normal_04004fed.wav,1.6364,1.44,0.0,0.1964,-24.92,0.3421,
fsd50k_speech_normal_04469dc5,speech_normal,data/banks/foreground/speech_normal/fsd50k_speech_normal_04469dc5.wav,2.3379,2.3059,0.032,0.0,-21.61,0.3765,
fsd50k_speech_normal_050bcab8,speech_normal,data/banks/foreground/speech_normal/fsd50k_speech_normal_050bcab8.wav,4.8368,4.8368,0.0,0.0,-23.43,0.3632,
fsd50k_speech_normal_05347fba,speech_normal,data/banks/foreground/speech_normal/fsd50k_speech_normal_05347fba.wav,0.8343,0.64,0.128,0.0663,-23.74,0.3599,
fsd50k_speech_normal_05d21fa2,speech_normal,data/banks/foreground/speech_normal/fsd50k_speech_normal_05d21fa2.wav,1.3947,1.3947,0.0,0.0,-24.02,0.3881,
fsd50k_speech_normal_05f901df,speech_normal,data/banks/foreground/speech_normal/fsd50k_speech_normal_05f901df.wav,0.822,0.822,0.0,0.0,-23.3,0.3723,
fsd50k_speech_normal_0623b44c,speech_normal,data/banks/foreground/speech_normal/fsd50k_speech_normal_0623b44c.wav,1.5674,1.5674,0.0,0.0,-24.62,0.5981,
fsd50k_speech_normal_063b2132,speech_normal,data/banks/foreground/speech_normal/fsd50k_speech_normal_063b2132.wav,1.1843,1.1522,0.032,0.0,-23.13,0.3272,
fsd50k_speech_normal_06bbeefe,speech_normal,data/banks/foreground/speech_normal/fsd50k_speech_normal_06bbeefe.wav,1.0969,1.0969,0.0,0.0,-21.11,0.4425,
fsd50k_speech_normal_06d30ccf,speech_normal,data/banks/foreground/speech_normal/fsd50k_speech_normal_06d30ccf.wav,0.738,0.738,0.0,0.0,-23.14,0.6378,
fsd50k_speech_normal_0702e7d4,speech_normal,data/banks/foreground/speech_normal/fsd50k_speech_normal_0702e7d4.wav,3.718,3.686,0.032,0.0,-23.14,0.403,
fsd50k_speech_normal_071bb578,speech_normal,data/banks/foreground/speech_normal/fsd50k_speech_normal_071bb578.wav,1.1571,1.1571,0.0,0.0,-23.34,0.4019,
fsd50k_speech_normal_0812fa4d,speech_normal,data/banks/foreground/speech_normal/fsd50k_speech_normal_0812fa4d.wav,1.5966,1.5966,0.0,0.0,-23.65,0.3627,
fsd50k_speech_normal_081a16db,speech_normal,data/banks/foreground/speech_normal/fsd50k_speech_normal_081a16db.wav,4.3712,4.3712,0.0,0.0,-23.68,0.6288,
fsd50k_speech_normal_08427ce2,speech_normal,data/banks/foreground/speech_normal/fsd50k_speech_normal_08427ce2.wav,2.6519,2.6519,0.0,0.0,-23.78,0.4675,
fsd50k_speech_normal_085d6e39,speech_normal,data/banks/foreground/speech_normal/fsd50k_speech_normal_085d6e39.wav,1.3934,1.344,0.0,0.0494,-24.13,0.248,
fsd50k_speech_normal_0894e2cd,speech_normal,data/banks/foreground/speech_normal/fsd50k_speech_normal_0894e2cd.wav,0.5648,0.5648,0.0,0.0,-23.68,0.3267,
fsd50k_speech_normal_08cbbb56,speech_normal,data/banks/foreground/speech_normal/fsd50k_speech_normal_08cbbb56.wav,0.4876,0.4556,0.032,0.0,-25.29,0.6365,
fsd50k_speech_normal_09bf63ba,speech_normal,data/banks/foreground/speech_normal/fsd50k_speech_normal_09bf63ba.wav,1.6444,1.6444,0.0,0.0,-22.87,0.4294,
fsd50k_speech_normal_0a0eda2b,speech_normal,data/banks/foreground/speech_normal/fsd50k_speech_normal_0a0eda2b.wav,2.2524,2.2524,0.0,0.0,-23.83,0.525,
fsd50k_speech_normal_0a89c6cf,speech_normal,data/banks/foreground/speech_normal/fsd50k_speech_normal_0a89c6cf.wav,1.7527,1.696,0.0,0.0567,-23.86,0.2959,
fsd50k_speech_normal_0ae4aff5,speech_normal,data/banks/foreground/speech_normal/fsd50k_speech_normal_0ae4aff5.wav,0.7937,0.7937,0.0,0.0,-23.25,0.2933,
fsd50k_speech_normal_0c04a3ef,speech_normal,data/banks/foreground/speech_normal/fsd50k_speech_normal_0c04a3ef.wav,1.48,1.312,0.064,0.104,-30.36,0.1706,
fsd50k_speech_normal_0c55988e,speech_normal,data/banks/foreground/speech_normal/fsd50k_speech_normal_0c55988e.wav,1.8281,1.824,0.0,0.0041,-22.98,0.4345,
fsd50k_speech_normal_0c57c1e6,speech_normal,data/banks/foreground/speech_normal/fsd50k_speech_normal_0c57c1e6.wav,0.9136,0.9136,0.0,0.0,-22.53,0.2247,
fsd50k_speech_normal_0c7ab56c,speech_normal,data/banks/foreground/speech_normal/fsd50k_speech_normal_0c7ab56c.wav,4.4931,4.256,0.032,0.2051,-23.6,0.4677,
fsd50k_speech_normal_0c7bc082,speech_normal,data/banks/foreground/speech_normal/fsd50k_speech_normal_0c7bc082.wav,1.3691,1.3691,0.0,0.0,-24.11,0.458,
fsd50k_speech_normal_0deb9410,speech_normal,data/banks/foreground/speech_normal/fsd50k_speech_normal_0deb9410.wav,1.4397,1.4397,0.0,0.0,-23.99,0.1791,
fsd50k_speech_normal_0df0ccaa,speech_normal,data/banks/foreground/speech_normal/fsd50k_speech_normal_0df0ccaa.wav,0.627,0.595,0.032,0.0,-26.43,0.4034,
fsd50k_speech_normal_0e1f7f16,speech_normal,data/banks/foreground/speech_normal/fsd50k_speech_normal_0e1f7f16.wav,1.4226,1.376,0.0,0.0466,-24.42,0.2665,
fsd50k_speech_normal_0e72dcf8,speech_normal,data/banks/foreground/speech_normal/fsd50k_speech_normal_0e72dcf8.wav,0.64,0.64,0.0,0.0,-24.91,0.5802,
fsd50k_speech_normal_0ed5da00,speech_normal,data/banks/foreground/speech_normal/fsd50k_speech_normal_0ed5da00.wav,2.0406,1.824,0.0,0.2166,-22.73,0.3246,
fsd50k_speech_normal_0f080150,speech_normal,data/banks/foreground/speech_normal/fsd50k_speech_normal_0f080150.wav,2.9362,2.9362,0.0,0.0,-24.51,0.4457,
fsd50k_speech_normal_0f62f843,speech_normal,data/banks/foreground/speech_normal/fsd50k_speech_normal_0f62f843.wav,2.6934,2.528,0.0,0.1654,-23.57,0.8746,
fsd50k_speech_normal_0fa4b003,speech_normal,data/banks/foreground/speech_normal/fsd50k_speech_normal_0fa4b003.wav,0.5158,0.5158,0.0,0.0,-23.13,0.2684,
fsd50k_speech_normal_0fb3cc4b,speech_normal,data/banks/foreground/speech_normal/fsd50k_speech_normal_0fb3cc4b.wav,1.8746,1.8746,0.0,0.0,-26.2,0.8912,
fsd50k_speech_normal_1015310c,speech_normal,data/banks/foreground/speech_normal/fsd50k_speech_normal_1015310c.wav,0.5818,0.5818,0.0,0.0,-23.99,0.3834,
fsd50k_speech_normal_104118bf,speech_normal,data/banks/foreground/speech_normal/fsd50k_speech_normal_104118bf.wav,4.258,3.584,0.352,0.322,-24.8,0.3819,
fsd50k_speech_normal_11ce880c,speech_normal,data/banks/foreground/speech_normal/fsd50k_speech_normal_11ce880c.wav,1.8461,1.7821,0.064,0.0,-23.58,0.6499,
fsd50k_speech_normal_120934b5,speech_normal,data/banks/foreground/speech_normal/fsd50k_speech_normal_120934b5.wav,4.4049,4.288,0.0,0.1169,-23.64,0.5591,
fsd50k_speech_normal_12663957,speech_normal,data/banks/foreground/speech_normal/fsd50k_speech_normal_12663957.wav,1.699,1.632,0.032,0.035,-23.54,0.2733,
fsd50k_speech_normal_1312e8ea,speech_normal,data/banks/foreground/speech_normal/fsd50k_speech_normal_1312e8ea.wav,2.0318,1.568,0.0,0.4637,-23.08,0.4254,
fsd50k_speech_normal_142ff841,speech_normal,data/banks/foreground/speech_normal/fsd50k_speech_normal_142ff841.wav,2.6477,2.6477,0.0,0.0,-23.93,0.2276,
fsd50k_speech_normal_149a08d1,speech_normal,data/banks/foreground/speech_normal/fsd50k_speech_normal_149a08d1.wav,0.8476,0.8476,0.0,0.0,-26.55,0.3898,
fsd50k_speech_normal_14fac0b9,speech_normal,data/banks/foreground/speech_normal/fsd50k_speech_normal_14fac0b9.wav,0.8242,0.8242,0.0,0.0,-24.51,0.305,
fsd50k_speech_normal_14fece60,speech_normal,data/banks/foreground/speech_normal/fsd50k_speech_normal_14fece60.wav,1.8,1.6,0.096,0.104,-22.79,0.3162,
fsd50k_speech_normal_15252cc2,speech_normal,data/banks/foreground/speech_normal/fsd50k_speech_normal_15252cc2.wav,0.9904,0.9904,0.0,0.0,-23.0,0.4325,
fsd50k_speech_normal_1555c1be,speech_normal,data/banks/foreground/speech_normal/fsd50k_speech_normal_1555c1be.wav,4.1251,4.1251,0.0,0.0,-24.38,0.6265,
fsd50k_speech_normal_15d7c9a2,speech_normal,data/banks/foreground/speech_normal/fsd50k_speech_normal_15d7c9a2.wav,0.6966,0.64,0.032,0.0246,-24.56,0.275,
fsd50k_speech_normal_16395b80,speech_normal,data/banks/foreground/speech_normal/fsd50k_speech_normal_16395b80.wav,1.058,1.058,0.0,0.0,-28.18,0.4243,
fsd50k_speech_normal_163d4814,speech_normal,data/banks/foreground/speech_normal/fsd50k_speech_normal_163d4814.wav,1.058,1.058,0.0,0.0,-23.41,0.2624,
fsd50k_speech_normal_167229d4,speech_normal,data/banks/foreground/speech_normal/fsd50k_speech_normal_167229d4.wav,1.4871,1.4871,0.0,0.0,-30.26,0.2283,
fsd50k_speech_normal_175bb95a,speech_normal,data/banks/foreground/speech_normal/fsd50k_speech_normal_175bb95a.wav,1.38,1.344,0.032,0.004,-23.97,0.3143,
fsd50k_speech_normal_17611cd3,speech_normal,data/banks/foreground/speech_normal/fsd50k_speech_normal_17611cd3.wav,2.653,1.92,0.64,0.093,-22.98,0.4045,
fsd50k_speech_normal_17ea762b,speech_normal,data/banks/foreground/speech_normal/fsd50k_speech_normal_17ea762b.wav,3.936,3.936,0.0,0.0,-22.3,0.3955,
fsd50k_speech_normal_18a8ff4c,speech_normal,data/banks/foreground/speech_normal/fsd50k_speech_normal_18a8ff4c.wav,0.669,0.637,0.032,0.0,-23.4,0.3682,
fsd50k_speech_normal_18b038a5,speech_normal,data/banks/foreground/speech_normal/fsd50k_speech_normal_18b038a5.wav,0.7003,0.7003,0.0,0.0,-23.41,0.3764,
fsd50k_speech_normal_1903a466,speech_normal,data/banks/foreground/speech_normal/fsd50k_speech_normal_1903a466.wav,1.699,1.699,0.0,0.0,-22.32,0.4383,
fsd50k_speech_normal_191c1b20,speech_normal,data/banks/foreground/speech_normal/fsd50k_speech_normal_191c1b20.wav,0.6676,0.608,0.0,0.0596,-21.77,0.4082,
fsd50k_speech_normal_197aa5d2,speech_normal,data/banks/foreground/speech_normal/fsd50k_speech_normal_197aa5d2.wav,1.2075,1.2075,0.0,0.0,-23.75,0.628,
fsd50k_speech_normal_19b06dda,speech_normal,data/banks/foreground/speech_normal/fsd50k_speech_normal_19b06dda.wav,0.4902,0.4902,0.0,0.0,-22.75,0.4362,
fsd50k_speech_normal_19b56388,speech_normal,data/banks/foreground/speech_normal/fsd50k_speech_normal_19b56388.wav,2.2407,2.2407,0.0,0.0,-24.56,0.5846,
fsd50k_speech_normal_19f26dd0,speech_normal,data/banks/foreground/speech_normal/fsd50k_speech_normal_19f26dd0.wav,1.0101,0.96,0.032,0.0181,-23.08,0.2793,
fsd50k_speech_normal_1a8e89b4,speech_normal,data/banks/foreground/speech_normal/fsd50k_speech_normal_1a8e89b4.wav,2.5144,2.304,0.096,0.1144,-23.12,0.6476,
fsd50k_speech_normal_1a97e50c,speech_normal,data/banks/foreground/speech_normal/fsd50k_speech_normal_1a97e50c.wav,1.059,0.736,0.064,0.259,-21.75,0.2174,
fsd50k_speech_normal_1ae16599,speech_normal,data/banks/foreground/speech_normal/fsd50k_speech_normal_1ae16599.wav,1.4274,1.4274,0.0,0.0,-24.08,0.3885,
fsd50k_speech_normal_1b180594,speech_normal,data/banks/foreground/speech_normal/fsd50k_speech_normal_1b180594.wav,1.0377,0.928,0.0,0.1097,-23.52,0.416,
fsd50k_speech_normal_1b52710b,speech_normal,data/banks/foreground/speech_normal/fsd50k_speech_normal_1b52710b.wav,1.9853,1.9853,0.0,0.0,-22.28,0.3926,
fsd50k_speech_normal_1b70c52e,speech_normal,data/banks/foreground/speech_normal/fsd50k_speech_normal_1b70c52e.wav,1.696,1.696,0.0,0.0,-24.15,0.3735,
fsd50k_speech_normal_1bbe8642,speech_normal,data/banks/foreground/speech_normal/fsd50k_speech_normal_1bbe8642.wav,1.1755,1.12,0.032,0.0235,-24.13,0.4188,
fsd50k_speech_normal_1bed89f5,speech_normal,data/banks/foreground/speech_normal/fsd50k_speech_normal_1bed89f5.wav,1.697,1.697,0.0,0.0,-24.19,0.4667,
fsd50k_speech_normal_1bf89eb5,speech_normal,data/banks/foreground/speech_normal/fsd50k_speech_normal_1bf89eb5.wav,9.8594,9.472,0.032,0.3554,-22.81,0.5961,
fsd50k_speech_normal_1c166b08,speech_normal,data/banks/foreground/speech_normal/fsd50k_speech_normal_1c166b08.wav,1.055,1.055,0.0,0.0,-25.01,0.4444,
fsd50k_speech_normal_1c1eda63,speech_normal,data/banks/foreground/speech_normal/fsd50k_speech_normal_1c1eda63.wav,5.2256,4.928,0.256,0.0416,-23.79,0.8022,
fsd50k_speech_normal_1c36a80e,speech_normal,data/banks/foreground/speech_normal/fsd50k_speech_normal_1c36a80e.wav,0.8112,0.8112,0.0,0.0,-24.05,0.4007,
fsd50k_speech_normal_1c8044b5,speech_normal,data/banks/foreground/speech_normal/fsd50k_speech_normal_1c8044b5.wav,0.9811,0.768,0.096,0.1171,-23.24,0.3642,
fsd50k_speech_normal_1cbe5dd9,speech_normal,data/banks/foreground/speech_normal/fsd50k_speech_normal_1cbe5dd9.wav,4.034,4.034,0.0,0.0,-25.58,0.462,
fsd50k_speech_normal_1cd2c051,speech_normal,data/banks/foreground/speech_normal/fsd50k_speech_normal_1cd2c051.wav,1.7989,1.632,0.0,0.1669,-23.94,0.4652,
fsd50k_speech_normal_1cddce21,speech_normal,data/banks/foreground/speech_normal/fsd50k_speech_normal_1cddce21.wav,13.6331,13.6331,0.0,0.0,-23.03,0.8401,
fsd50k_speech_normal_1ce8f282,speech_normal,data/banks/foreground/speech_normal/fsd50k_speech_normal_1ce8f282.wav,0.7663,0.704,0.032,0.0303,-26.01,0.224,
fsd50k_speech_normal_1daea2e9,speech_normal,data/banks/foreground/speech_normal/fsd50k_speech_normal_1daea2e9.wav,1.5402,1.312,0.064,0.1642,-22.47,0.8829,
fsd50k_speech_normal_1e29cb75,speech_normal,data/banks/foreground/speech_normal/fsd50k_speech_normal_1e29cb75.wav,1.2844,1.248,0.0,0.0364,-23.06,0.3617,
fsd50k_speech_normal_1e73e246,speech_normal,data/banks/foreground/speech_normal/fsd50k_speech_normal_1e73e246.wav,2.0253,1.728,0.064,0.2333,-24.29,0.3286,
fsd50k_speech_normal_1e9e877c,speech_normal,data/banks/foreground/speech_normal/fsd50k_speech_normal_1e9e877c.wav,1.059,0.672,0.096,0.291,-22.8,0.4475,
fsd50k_speech_normal_1eee0f97,speech_normal,data/banks/foreground/speech_normal/fsd50k_speech_normal_1eee0f97.wav,0.3434,0.3434,0.0,0.0,-14.76,0.6979,
fsd50k_speech_normal_1f1dda76,speech_normal,data/banks/foreground/speech_normal/fsd50k_speech_normal_1f1dda76.wav,0.6038,0.5717,0.032,0.0,-24.08,0.4299,
fsd50k_speech_normal_1f255508,speech_normal,data/banks/foreground/speech_normal/fsd50k_speech_normal_1f255508.wav,1.2931,1.248,0.0,0.0451,-23.07,0.269,
fsd50k_speech_normal_1f633d2f,speech_normal,data/banks/foreground/speech_normal/fsd50k_speech_normal_1f633d2f.wav,1.9853,1.92,0.0,0.0653,-23.62,0.3526,
fsd50k_speech_normal_20740cf0,speech_normal,data/banks/foreground/speech_normal/fsd50k_speech_normal_20740cf0.wav,1.2888,1.2888,0.0,0.0,-23.81,0.8418,
fsd50k_speech_normal_21b10903,speech_normal,data/banks/foreground/speech_normal/fsd50k_speech_normal_21b10903.wav,1.1092,1.1092,0.0,0.0,-23.24,0.5538,
fsd50k_speech_normal_223f04cf,speech_normal,data/banks/foreground/speech_normal/fsd50k_speech_normal_223f04cf.wav,1.5,1.5,0.0,0.0,-25.08,0.3512,
fsd50k_speech_normal_23153cda,speech_normal,data/banks/foreground/speech_normal/fsd50k_speech_normal_23153cda.wav,0.5587,0.5587,0.0,0.0,-21.04,0.4592,
fsd50k_speech_normal_231fbd6b,speech_normal,data/banks/foreground/speech_normal/fsd50k_speech_normal_231fbd6b.wav,1.0644,0.9044,0.16,0.0,-23.16,0.3852,
fsd50k_speech_normal_238e28f2,speech_normal,data/banks/foreground/speech_normal/fsd50k_speech_normal_238e28f2.wav,1.053,1.053,0.0,0.0,-22.83,0.2581,
fsd50k_speech_normal_23d59146,speech_normal,data/banks/foreground/speech_normal/fsd50k_speech_normal_23d59146.wav,1.1128,1.1128,0.0,0.0,-24.7,0.3456,
fsd50k_speech_normal_24165064,speech_normal,data/banks/foreground/speech_normal/fsd50k_speech_normal_24165064.wav,1.4629,1.248,0.096,0.1189,-22.84,0.4172,
fsd50k_speech_normal_246216f7,speech_normal,data/banks/foreground/speech_normal/fsd50k_speech_normal_246216f7.wav,0.6669,0.6669,0.0,0.0,-23.08,0.4468,
fsd50k_speech_normal_248db28b,speech_normal,data/banks/foreground/speech_normal/fsd50k_speech_normal_248db28b.wav,1.6,1.6,0.0,0.0,-25.43,0.295,
fsd50k_speech_normal_25be1baf,speech_normal,data/banks/foreground/speech_normal/fsd50k_speech_normal_25be1baf.wav,1.1731,0.96,0.0,0.2131,-24.61,0.3089,
fsd50k_speech_normal_26183c77,speech_normal,data/banks/foreground/speech_normal/fsd50k_speech_normal_26183c77.wav,1.2877,1.088,0.0,0.1997,-22.93,0.1867,
fsd50k_speech_normal_26dd44be,speech_normal,data/banks/foreground/speech_normal/fsd50k_speech_normal_26dd44be.wav,1.2481,1.088,0.0,0.1601,-23.1,0.3568,
fsd50k_speech_normal_270ebcb2,speech_normal,data/banks/foreground/speech_normal/fsd50k_speech_normal_270ebcb2.wav,3.2969,3.2969,0.0,0.0,-23.51,0.5611,
fsd50k_speech_normal_27713ca6,speech_normal,data/banks/foreground/speech_normal/fsd50k_speech_normal_27713ca6.wav,2.055,2.055,0.0,0.0,-23.43,0.6568,
fsd50k_speech_normal_27732083,speech_normal,data/banks/foreground/speech_normal/fsd50k_speech_normal_27732083.wav,1.698,1.698,0.0,0.0,-23.68,0.3394,
fsd50k_speech_normal_27b36658,speech_normal,data/banks/foreground/speech_normal/fsd50k_speech_normal_27b36658.wav,4.2713,4.032,0.0,0.2392,-22.36,0.339,
fsd50k_speech_normal_28737a7b,speech_normal,data/banks/foreground/speech_normal/fsd50k_speech_normal_28737a7b.wav,2.434,2.018,0.416,0.0,-22.52,0.3613,
fsd50k_speech_normal_288cb528,speech_normal,data/banks/foreground/speech_normal/fsd50k_speech_normal_288cb528.wav,1.25,1.25,0.0,0.0,-24.75,0.4344,
fsd50k_speech_normal_28985ec4,speech_normal,data/banks/foreground/speech_normal/fsd50k_speech_normal_28985ec4.wav,8.4635,8.4635,0.0,0.0,-25.21,0.5005,
fsd50k_speech_normal_28ba6a91,speech_normal,data/banks/foreground/speech_normal/fsd50k_speech_normal_28ba6a91.wav,1.1673,1.12,0.0,0.0473,-25.59,0.1787,
fsd50k_speech_normal_28f58089,speech_normal,data/banks/foreground/speech_normal/fsd50k_speech_normal_28f58089.wav,0.6391,0.512,0.096,0.0311,-23.47,0.4535,
fsd50k_speech_normal_28fec50f,speech_normal,data/banks/foreground/speech_normal/fsd50k_speech_normal_28fec50f.wav,1.8025,1.8025,0.0,0.0,-25.38,0.2556,
fsd50k_speech_normal_2a42a793,speech_normal,data/banks/foreground/speech_normal/fsd50k_speech_normal_2a42a793.wav,13.7734,13.7734,0.0,0.0,-23.6,0.6884,
fsd50k_speech_normal_2ab7e5cd,speech_normal,data/banks/foreground/speech_normal/fsd50k_speech_normal_2ab7e5cd.wav,1.7543,1.7543,0.0,0.0,-23.58,0.3273,
fsd50k_speech_normal_2ac67657,speech_normal,data/banks/foreground/speech_normal/fsd50k_speech_normal_2ac67657.wav,0.8078,0.8078,0.0,0.0,-24.33,0.618,
fsd50k_speech_normal_2b2aab52,speech_normal,data/banks/foreground/speech_normal/fsd50k_speech_normal_2b2aab52.wav,4.352,4.352,0.0,0.0,-20.92,0.7612,
fsd50k_speech_normal_2b5aae1c,speech_normal,data/banks/foreground/speech_normal/fsd50k_speech_normal_2b5aae1c.wav,1.2359,0.96,0.064,0.2119,-22.91,0.445,
fsd50k_speech_normal_2b6956be,speech_normal,data/banks/foreground/speech_normal/fsd50k_speech_normal_2b6956be.wav,1.2591,1.2591,0.0,0.0,-23.52,0.2588,
fsd50k_speech_normal_2bc82b58,speech_normal,data/banks/foreground/speech_normal/fsd50k_speech_normal_2bc82b58.wav,0.4876,0.4556,0.032,0.0,-24.06,0.4792,
fsd50k_speech_normal_2bec078e,speech_normal,data/banks/foreground/speech_normal/fsd50k_speech_normal_2bec078e.wav,2.0034,1.824,0.0,0.1794,-22.69,0.3562,
fsd50k_speech_normal_2bfc99db,speech_normal,data/banks/foreground/speech_normal/fsd50k_speech_normal_2bfc99db.wav,1.1959,1.152,0.032,0.0119,-23.57,0.4522,
fsd50k_speech_normal_2c47ea58,speech_normal,data/banks/foreground/speech_normal/fsd50k_speech_normal_2c47ea58.wav,1.3816,1.312,0.032,0.0376,-22.93,0.3342,
fsd50k_speech_normal_2c7c2f46,speech_normal,data/banks/foreground/speech_normal/fsd50k_speech_normal_2c7c2f46.wav,1.0,0.576,0.0,0.424,-22.48,0.8912,
fsd50k_speech_normal_2c9d8918,speech_normal,data/banks/foreground/speech_normal/fsd50k_speech_normal_2c9d8918.wav,0.6711,0.6711,0.0,0.0,-23.1,0.4328,
fsd50k_speech_normal_2cb5420e,speech_normal,data/banks/foreground/speech_normal/fsd50k_speech_normal_2cb5420e.wav,1.5488,1.5488,0.0,0.0,-24.96,0.2377,
fsd50k_speech_normal_2d41b9eb,speech_normal,data/banks/foreground/speech_normal/fsd50k_speech_normal_2d41b9eb.wav,2.4671,2.208,0.0,0.2591,-22.14,0.3333,
fsd50k_speech_normal_2d7b2821,speech_normal,data/banks/foreground/speech_normal/fsd50k_speech_normal_2d7b2821.wav,0.6154,0.6154,0.0,0.0,-24.9,0.8912,
fsd50k_speech_normal_2d8bf0fc,speech_normal,data/banks/foreground/speech_normal/fsd50k_speech_normal_2d8bf0fc.wav,1.4352,1.376,0.0,0.0592,-22.87,0.3452,
fsd50k_speech_normal_2da62069,speech_normal,data/banks/foreground/speech_normal/fsd50k_speech_normal_2da62069.wav,1.5442,1.5442,0.0,0.0,-26.31,0.4078,
fsd50k_speech_normal_2dfd03d8,speech_normal,data/banks/foreground/speech_normal/fsd50k_speech_normal_2dfd03d8.wav,1.377,1.345,0.032,0.0,-23.33,0.3553,
fsd50k_speech_normal_2e354966,speech_normal,data/banks/foreground/speech_normal/fsd50k_speech_normal_2e354966.wav,0.9086,0.9086,0.0,0.0,-23.39,0.3129,
fsd50k_speech_normal_2e6da9c5,speech_normal,data/banks/foreground/speech_normal/fsd50k_speech_normal_2e6da9c5.wav,2.0434,2.0434,0.0,0.0,-24.52,0.6262,
fsd50k_speech_normal_2e8c5543,speech_normal,data/banks/foreground/speech_normal/fsd50k_speech_normal_2e8c5543.wav,1.5,1.5,0.0,0.0,-25.27,0.3259,
fsd50k_speech_normal_30765d13,speech_normal,data/banks/foreground/speech_normal/fsd50k_speech_normal_30765d13.wav,1.059,1.059,0.0,0.0,-23.31,0.3118,
fsd50k_speech_normal_30dcb362,speech_normal,data/banks/foreground/speech_normal/fsd50k_speech_normal_30dcb362.wav,2.8189,2.8189,0.0,0.0,-24.74,0.537,
fsd50k_speech_normal_3110967c,speech_normal,data/banks/foreground/speech_normal/fsd50k_speech_normal_3110967c.wav,12.182,11.872,0.0,0.31,-22.84,0.431,
fsd50k_speech_normal_3161620b,speech_normal,data/banks/foreground/speech_normal/fsd50k_speech_normal_3161620b.wav,1.4425,1.216,0.0,0.2265,-22.98,0.4447,
fsd50k_speech_normal_31bac2f7,speech_normal,data/banks/foreground/speech_normal/fsd50k_speech_normal_31bac2f7.wav,1.2307,1.216,0.0,0.0147,-25.67,0.3821,
fsd50k_speech_normal_32043a56,speech_normal,data/banks/foreground/speech_normal/fsd50k_speech_normal_32043a56.wav,1.4648,1.44,0.0,0.0248,-25.23,0.3067,
fsd50k_speech_normal_322b680d,speech_normal,data/banks/foreground/speech_normal/fsd50k_speech_normal_322b680d.wav,2.3878,2.3878,0.0,0.0,-23.65,0.3696,
fsd50k_speech_normal_327dc16b,speech_normal,data/banks/foreground/speech_normal/fsd50k_speech_normal_327dc16b.wav,2.8038,2.8038,0.0,0.0,-23.19,0.5023,
fsd50k_speech_normal_336dbe79,speech_normal,data/banks/foreground/speech_normal/fsd50k_speech_normal_336dbe79.wav,0.6154,0.6154,0.0,0.0,-26.96,0.2991,
fsd50k_speech_normal_3370a9cc,speech_normal,data/banks/foreground/speech_normal/fsd50k_speech_normal_3370a9cc.wav,0.8139,0.8139,0.0,0.0,-23.47,0.5363,
fsd50k_speech_normal_33955483,speech_normal,data/banks/foreground/speech_normal/fsd50k_speech_normal_33955483.wav,6.2619,6.1979,0.064,0.0,-23.67,0.4807,
fsd50k_speech_normal_349930d5,speech_normal,data/banks/foreground/speech_normal/fsd50k_speech_normal_349930d5.wav,1.4513,1.44,0.0,0.0113,-24.54,0.2617,
fsd50k_speech_normal_34cc2c5b,speech_normal,data/banks/foreground/speech_normal/fsd50k_speech_normal_34cc2c5b.wav,5.637,5.637,0.0,0.0,-24.92,0.5446,
fsd50k_speech_normal_34ef94ed,speech_normal,data/banks/foreground/speech_normal/fsd50k_speech_normal_34ef94ed.wav,1.182,1.182,0.0,0.0,-24.61,0.4348,
fsd50k_speech_normal_34f01aef,speech_normal,data/banks/foreground/speech_normal/fsd50k_speech_normal_34f01aef.wav,1.6763,1.6,0.0,0.0762,-22.52,0.3733,
fsd50k_speech_normal_356e46ab,speech_normal,data/banks/foreground/speech_normal/fsd50k_speech_normal_356e46ab.wav,0.74,0.74,0.0,0.0,-29.89,0.184,
fsd50k_speech_normal_358854e6,speech_normal,data/banks/foreground/speech_normal/fsd50k_speech_normal_358854e6.wav,0.9889,0.9889,0.0,0.0,-23.55,0.4338,
fsd50k_speech_normal_35bed4f1,speech_normal,data/banks/foreground/speech_normal/fsd50k_speech_normal_35bed4f1.wav,0.627,0.627,0.0,0.0,-23.49,0.2208,
fsd50k_speech_normal_35d5f62f,speech_normal,data/banks/foreground/speech_normal/fsd50k_speech_normal_35d5f62f.wav,1.377,1.377,0.0,0.0,-24.66,0.4046,
fsd50k_speech_normal_36017586,speech_normal,data/banks/foreground/speech_normal/fsd50k_speech_normal_36017586.wav,1.1889,1.1889,0.0,0.0,-23.49,0.466,
fsd50k_speech_normal_36bac63d,speech_normal,data/banks/foreground/speech_normal/fsd50k_speech_normal_36bac63d.wav,0.5211,0.5211,0.0,0.0,-22.57,0.3521,
fsd50k_speech_normal_370621a0,speech_normal,data/banks/foreground/speech_normal/fsd50k_speech_normal_370621a0.wav,1.25,1.25,0.0,0.0,-25.0,0.3838,
fsd50k_speech_normal_376e988d,speech_normal,data/banks/foreground/speech_normal/fsd50k_speech_normal_376e988d.wav,0.7051,0.7051,0.0,0.0,-21.57,0.5075,
fsd50k_speech_normal_379ccb84,speech_normal,data/banks/foreground/speech_normal/fsd50k_speech_normal_379ccb84.wav,2.3287,2.3287,0.0,0.0,-22.4,0.3336,
fsd50k_speech_normal_382079b8,speech_normal,data/banks/foreground/speech_normal/fsd50k_speech_normal_382079b8.wav,3.4888,3.4888,0.0,0.0,-23.67,0.4715,
fsd50k_speech_normal_3826ed76,speech_normal,data/banks/foreground/speech_normal/fsd50k_speech_normal_3826ed76.wav,1.2547,1.2547,0.0,0.0,-24.26,0.311,
fsd50k_speech_normal_3870a1bc,speech_normal,data/banks/foreground/speech_normal/fsd50k_speech_normal_3870a1bc.wav,2.6471,2.6471,0.0,0.0,-20.81,0.6224,
fsd50k_speech_normal_38b581e5,speech_normal,data/banks/foreground/speech_normal/fsd50k_speech_normal_38b581e5.wav,2.019,2.019,0.0,0.0,-22.98,0.452,
fsd50k_speech_normal_397d3828,speech_normal,data/banks/foreground/speech_normal/fsd50k_speech_normal_397d3828.wav,0.5457,0.5457,0.0,0.0,-25.7,0.5798,
fsd50k_speech_normal_39eec2aa,speech_normal,data/banks/foreground/speech_normal/fsd50k_speech_normal_39eec2aa.wav,3.8458,3.8458,0.0,0.0,-23.48,0.4716,
fsd50k_speech_normal_3a28d3ea,speech_normal,data/banks/foreground/speech_normal/fsd50k_speech_normal_3a28d3ea.wav,1.697,1.697,0.0,0.0,-22.48,0.4863,
fsd50k_speech_normal_3a34da04,speech_normal,data/banks/foreground/speech_normal/fsd50k_speech_normal_3a34da04.wav,1.7347,1.6,0.0,0.1347,-23.88,0.353,
fsd50k_speech_normal_3a4128cd,speech_normal,data/banks/foreground/speech_normal/fsd50k_speech_normal_3a4128cd.wav,0.9869,0.736,0.064,0.1869,-23.66,0.5729,
fsd50k_speech_normal_3a4361cf,speech_normal,data/banks/foreground/speech_normal/fsd50k_speech_normal_3a4361cf.wav,1.9597,1.888,0.032,0.0397,-27.09,0.5071,
fsd50k_speech_normal_3a522fbc,speech_normal,data/banks/foreground/speech_normal/fsd50k_speech_normal_3a522fbc.wav,1.0,0.672,0.064,0.264,-23.76,0.535,
fsd50k_speech_normal_3a5d6307,speech_normal,data/banks/foreground/speech_normal/fsd50k_speech_normal_3a5d6307.wav,2.3801,2.3801,0.0,0.0,-24.56,0.5123,
fsd50k_speech_normal_3a605679,speech_normal,data/banks/foreground/speech_normal/fsd50k_speech_normal_3a605679.wav,7.132,6.336,0.064,0.732,-24.74,0.8163,
fsd50k_speech_normal_3a854356,speech_normal,data/banks/foreground/speech_normal/fsd50k_speech_normal_3a854356.wav,0.8777,0.8777,0.0,0.0,-24.23,0.3546,
fsd50k_speech_normal_3a9a1f7c,speech_normal,data/banks/foreground/speech_normal/fsd50k_speech_normal_3a9a1f7c.wav,9.2679,9.2679,0.0,0.0,-23.18,0.8181,
fsd50k_speech_normal_3b23924f,speech_normal,data/banks/foreground/speech_normal/fsd50k_speech_normal_3b23924f.wav,1.2131,1.024,0.0,0.1891,-23.12,0.2748,
fsd50k_speech_normal_3bc067bc,speech_normal,data/banks/foreground/speech_normal/fsd50k_speech_normal_3bc067bc.wav,1.6254,1.6254,0.0,0.0,-23.94,0.4757,
fsd50k_speech_normal_3c55019f,speech_normal,data/banks/foreground/speech_normal/fsd50k_speech_normal_3c55019f.wav,3.2828,3.2828,0.0,0.0,-23.07,0.5117,
fsd50k_speech_normal_3c5ccbad,speech_normal,data/banks/foreground/speech_normal/fsd50k_speech_normal_3c5ccbad.wav,2.2456,2.2456,0.0,0.0,-23.41,0.6499,
fsd50k_speech_normal_3c8b6709,speech_normal,data/banks/foreground/speech_normal/fsd50k_speech_normal_3c8b6709.wav,1.5067,1.152,0.096,0.2587,-23.33,0.2784,
fsd50k_speech_normal_3cea69e0,speech_normal,data/banks/foreground/speech_normal/fsd50k_speech_normal_3cea69e0.wav,0.9728,0.9728,0.0,0.0,-26.78,0.6243,
fsd50k_speech_normal_3d7aabf8,speech_normal,data/banks/foreground/speech_normal/fsd50k_speech_normal_3d7aabf8.wav,1.3329,1.2049,0.128,0.0,-23.79,0.3455,
fsd50k_speech_normal_3d91ff41,speech_normal,data/banks/foreground/speech_normal/fsd50k_speech_normal_3d91ff41.wav,0.6839,0.6839,0.0,0.0,-23.43,0.265,
fsd50k_speech_normal_3da03fb1,speech_normal,data/banks/foreground/speech_normal/fsd50k_speech_normal_3da03fb1.wav,1.698,1.698,0.0,0.0,-24.13,0.3039,
fsd50k_speech_normal_3da40f7d,speech_normal,data/banks/foreground/speech_normal/fsd50k_speech_normal_3da40f7d.wav,1.378,1.378,0.0,0.0,-23.55,0.4558,
fsd50k_speech_normal_3da7c3f8,speech_normal,data/banks/foreground/speech_normal/fsd50k_speech_normal_3da7c3f8.wav,1.6763,1.568,0.0,0.1082,-23.5,0.3395,
fsd50k_speech_normal_3dac01b2,speech_normal,data/banks/foreground/speech_normal/fsd50k_speech_normal_3dac01b2.wav,1.2159,1.2159,0.0,0.0,-22.94,0.2892,
fsd50k_speech_normal_3dea01c8,speech_normal,data/banks/foreground/speech_normal/fsd50k_speech_normal_3dea01c8.wav,4.1978,3.648,0.0,0.5497,-29.07,0.4234,
fsd50k_speech_normal_3e406777,speech_normal,data/banks/foreground/speech_normal/fsd50k_speech_normal_3e406777.wav,3.9997,3.9997,0.0,0.0,-23.42,0.5939,
fsd50k_speech_normal_3e42e680,speech_normal,data/banks/foreground/speech_normal/fsd50k_speech_normal_3e42e680.wav,1.058,0.736,0.32,0.002,-23.13,0.2794,
fsd50k_speech_normal_3e4c78a5,speech_normal,data/banks/foreground/speech_normal/fsd50k_speech_normal_3e4c78a5.wav,3.1318,3.1318,0.0,0.0,-23.19,0.4459,
fsd50k_speech_normal_3e9c0864,speech_normal,data/banks/foreground/speech_normal/fsd50k_speech_normal_3e9c0864.wav,0.5418,0.5418,0.0,0.0,-21.21,0.5647,
fsd50k_speech_normal_3eac7df7,speech_normal,data/banks/foreground/speech_normal/fsd50k_speech_normal_3eac7df7.wav,2.4369,2.4369,0.0,0.0,-24.45,0.2908,
fsd50k_speech_normal_3f00ccc1,speech_normal,data/banks/foreground/speech_normal/fsd50k_speech_normal_3f00ccc1.wav,0.9483,0.9483,0.0,0.0,-24.45,0.3224,
fsd50k_speech_normal_3f653d4b,speech_normal,data/banks/foreground/speech_normal/fsd50k_speech_normal_3f653d4b.wav,0.6618,0.6298,0.032,0.0,-25.46,0.6185,
fsd50k_speech_normal_3f93dfa0,speech_normal,data/banks/foreground/speech_normal/fsd50k_speech_normal_3f93dfa0.wav,1.376,1.152,0.0,0.224,-22.96,0.4017,
fsd50k_speech_normal_400329d3,speech_normal,data/banks/foreground/speech_normal/fsd50k_speech_normal_400329d3.wav,0.4876,0.448,0.032,0.0076,-25.53,0.4338,
fsd50k_speech_normal_40092c01,speech_normal,data/banks/foreground/speech_normal/fsd50k_speech_normal_40092c01.wav,2.9143,2.688,0.0,0.2263,-24.11,0.378,
fsd50k_speech_normal_4073827a,speech_normal,data/banks/foreground/speech_normal/fsd50k_speech_normal_4073827a.wav,1.28,1.28,0.0,0.0,-22.79,0.3545,
fsd50k_speech_normal_4078e35f,speech_normal,data/banks/foreground/speech_normal/fsd50k_speech_normal_4078e35f.wav,1.5,1.5,0.0,0.0,-25.39,0.3018,
fsd50k_speech_normal_40fcc302,speech_normal,data/banks/foreground/speech_normal/fsd50k_speech_normal_40fcc302.wav,0.6212,0.6212,0.0,0.0,-21.64,0.6652,
fsd50k_speech_normal_41ad713e,speech_normal,data/banks/foreground/speech_normal/fsd50k_speech_normal_41ad713e.wav,1.0812,0.96,0.0,0.1212,-24.2,0.4456,
fsd50k_speech_normal_41aefacf,speech_normal,data/banks/foreground/speech_normal/fsd50k_speech_normal_41aefacf.wav,0.9217,0.9217,0.0,0.0,-21.17,0.2564,
fsd50k_speech_normal_41b8366c,speech_normal,data/banks/foreground/speech_normal/fsd50k_speech_normal_41b8366c.wav,1.059,1.059,0.0,0.0,-22.27,0.3647,
fsd50k_speech_normal_428e084c,speech_normal,data/banks/foreground/speech_normal/fsd50k_speech_normal_428e084c.wav,1.6056,1.6056,0.0,0.0,-25.33,0.3581,
fsd50k_speech_normal_42a41463,speech_normal,data/banks/foreground/speech_normal/fsd50k_speech_normal_42a41463.wav,1.5378,1.536,0.0,0.0018,-23.13,0.3958,
fsd50k_speech_normal_42ba7b81,speech_normal,data/banks/foreground/speech_normal/fsd50k_speech_normal_42ba7b81.wav,0.9485,0.928,0.0,0.0205,-22.73,0.6561,
fsd50k_speech_normal_430a49da,speech_normal,data/banks/foreground/speech_normal/fsd50k_speech_normal_430a49da.wav,1.059,1.059,0.0,0.0,-24.41,0.5011,
fsd50k_speech_normal_434f62a1,speech_normal,data/banks/foreground/speech_normal/fsd50k_speech_normal_434f62a1.wav,0.4068,0.4068,0.0,0.0,-9.12,0.5294,
fsd50k_speech_normal_43d090e3,speech_normal,data/banks/foreground/speech_normal/fsd50k_speech_normal_43d090e3.wav,0.84,0.736,0.096,0.008,-23.57,0.3155,
fsd50k_speech_normal_4459f705,speech_normal,data/banks/foreground/speech_normal/fsd50k_speech_normal_4459f705.wav,1.55,1.056,0.288,0.206,-23.83,0.5514,
fsd50k_speech_normal_44bab61d,speech_normal,data/banks/foreground/speech_normal/fsd50k_speech_normal_44bab61d.wav,8.416,8.416,0.0,0.0,-21.69,0.5326,
fsd50k_speech_normal_44d9236b,speech_normal,data/banks/foreground/speech_normal/fsd50k_speech_normal_44d9236b.wav,2.68,2.56,0.032,0.088,-22.48,0.4059,
fsd50k_speech_normal_452fb593,speech_normal,data/banks/foreground/speech_normal/fsd50k_speech_normal_452fb593.wav,0.9533,0.9533,0.0,0.0,-24.85,0.4771,
fsd50k_speech_normal_45362a1a,speech_normal,data/banks/foreground/speech_normal/fsd50k_speech_normal_45362a1a.wav,4.3274,3.488,0.672,0.1674,-24.47,0.4339,
fsd50k_speech_normal_4553e308,speech_normal,data/banks/foreground/speech_normal/fsd50k_speech_normal_4553e308.wav,0.5566,0.5566,0.0,0.0,-22.02,0.4285,
fsd50k_speech_normal_458bfd21,speech_normal,data/banks/foreground/speech_normal/fsd50k_speech_normal_458bfd21.wav,1.6594,1.6594,0.0,0.0,-24.33,0.3,
fsd50k_speech_normal_45a38188,speech_normal,data/banks/foreground/speech_normal/fsd50k_speech_normal_45a38188.wav,1.7688,1.728,0.0,0.0408,-26.1,0.2647,
fsd50k_speech_normal_45c7f2b1,speech_normal,data/banks/foreground/speech_normal/fsd50k_speech_normal_45c7f2b1.wav,0.7659,0.7659,0.0,0.0,-22.83,0.347,
fsd50k_speech_normal_46610ecb,speech_normal,data/banks/foreground/speech_normal/fsd50k_speech_normal_46610ecb.wav,0.9318,0.9318,0.0,0.0,-22.99,0.8745,
fsd50k_speech_normal_469b3357,speech_normal,data/banks/foreground/speech_normal/fsd50k_speech_normal_469b3357.wav,0.9604,0.896,0.064,0.0004,-25.74,0.5874,
fsd50k_speech_normal_46bbdffe,speech_normal,data/banks/foreground/speech_normal/fsd50k_speech_normal_46bbdffe.wav,0.6691,0.6691,0.0,0.0,-21.2,0.445,
fsd50k_speech_normal_475bc91b,speech_normal,data/banks/foreground/speech_normal/fsd50k_speech_normal_475bc91b.wav,7.1711,7.1711,0.0,0.0,-24.42,0.4728,
fsd50k_speech_normal_47bbcf3e,speech_normal,data/banks/foreground/speech_normal/fsd50k_speech_normal_47bbcf3e.wav,0.7319,0.7319,0.0,0.0,-24.33,0.2941,
fsd50k_speech_normal_483d0017,speech_normal,data/banks/foreground/speech_normal/fsd50k_speech_normal_483d0017.wav,1.1206,0.9606,0.16,0.0,-23.57,0.2641,
fsd50k_speech_normal_48df56e4,speech_normal,data/banks/foreground/speech_normal/fsd50k_speech_normal_48df56e4.wav,0.5849,0.5849,0.0,0.0,-22.39,0.3644,
fsd50k_speech_normal_48fe8bd8,speech_normal,data/banks/foreground/speech_normal/fsd50k_speech_normal_48fe8bd8.wav,1.0178,1.0178,0.0,0.0,-24.23,0.3473,
fsd50k_speech_normal_49295061,speech_normal,data/banks/foreground/speech_normal/fsd50k_speech_normal_49295061.wav,1.058,0.896,0.032,0.13,-22.57,0.3301,
fsd50k_speech_normal_4999b70e,speech_normal,data/banks/foreground/speech_normal/fsd50k_speech_normal_4999b70e.wav,1.699,1.504,0.0,0.195,-22.73,0.6939,
fsd50k_speech_normal_49cbf9ea,speech_normal,data/banks/foreground/speech_normal/fsd50k_speech_normal_49cbf9ea.wav,0.5478,0.5478,0.0,0.0,-24.25,0.3759,
fsd50k_speech_normal_49db187e,speech_normal,data/banks/foreground/speech_normal/fsd50k_speech_normal_49db187e.wav,1.7879,1.728,0.0,0.0599,-23.54,0.3598,
fsd50k_speech_normal_4a6da433,speech_normal,data/banks/foreground/speech_normal/fsd50k_speech_normal_4a6da433.wav,3.079,3.079,0.0,0.0,-23.78,0.3717,
fsd50k_speech_normal_4ad30c99,speech_normal,data/banks/foreground/speech_normal/fsd50k_speech_normal_4ad30c99.wav,0.5921,0.48,0.096,0.0161,-23.06,0.3775,
fsd50k_speech_normal_4afca8fd,speech_normal,data/banks/foreground/speech_normal/fsd50k_speech_normal_4afca8fd.wav,1.5442,1.5442,0.0,0.0,-24.68,0.5382,
fsd50k_speech_normal_4b021313,speech_normal,data/banks/foreground/speech_normal/fsd50k_speech_normal_4b021313.wav,0.4858,0.4858,0.0,0.0,-24.16,0.2773,
fsd50k_speech_normal_4b131ff2,speech_normal,data/banks/foreground/speech_normal/fsd50k_speech_normal_4b131ff2.wav,5.534,5.534,0.0,0.0,-23.95,0.4094,
fsd50k_speech_normal_4c0a272d,speech_normal,data/banks/foreground/speech_normal/fsd50k_speech_normal_4c0a272d.wav,2.4389,1.792,0.352,0.2949,-22.35,0.4973,
fsd50k_speech_normal_4c3020f9,speech_normal,data/banks/foreground/speech_normal/fsd50k_speech_normal_4c3020f9.wav,0.3257,0.3257,0.0,0.0,-29.96,0.1859,
fsd50k_speech_normal_4c9db80d,speech_normal,data/banks/foreground/speech_normal/fsd50k_speech_normal_4c9db80d.wav,1.1262,0.928,0.096,0.1022,-22.91,0.3855,
fsd50k_speech_normal_4cd93ada,speech_normal,data/banks/foreground/speech_normal/fsd50k_speech_normal_4cd93ada.wav,1.8933,1.8933,0.0,0.0,-21.92,0.6357,
fsd50k_speech_normal_4d234556,speech_normal,data/banks/foreground/speech_normal/fsd50k_speech_normal_4d234556.wav,1.057,0.992,0.032,0.033,-24.47,0.3779,
fsd50k_speech_normal_4d6306b2,speech_normal,data/banks/foreground/speech_normal/fsd50k_speech_normal_4d6306b2.wav,0.6181,0.6181,0.0,0.0,-21.4,0.4283,
fsd50k_speech_normal_4dbe0ff0,speech_normal,data/banks/foreground/speech_normal/fsd50k_speech_normal_4dbe0ff0.wav,0.8698,0.8,0.0,0.0698,-22.47,0.3594,
fsd50k_speech_normal_4dc580cb,speech_normal,data/banks/foreground/speech_normal/fsd50k_speech_normal_4dc580cb.wav,1.374,1.374,0.0,0.0,-23.84,0.5478,
fsd50k_speech_normal_4e48ce5d,speech_normal,data/banks/foreground/speech_normal/fsd50k_speech_normal_4e48ce5d.wav,1.3762,1.3762,0.0,0.0,-24.53,0.3489,
fsd50k_speech_normal_4ec436b5,speech_normal,data/banks/foreground/speech_normal/fsd50k_speech_normal_4ec436b5.wav,0.5583,0.5583,0.0,0.0,-23.46,0.3654,
fsd50k_speech_normal_4ee1f7ba,speech_normal,data/banks/foreground/speech_normal/fsd50k_speech_normal_4ee1f7ba.wav,2.4341,2.4341,0.0,0.0,-21.77,0.7308,
fsd50k_speech_normal_4f46ccaf,speech_normal,data/banks/foreground/speech_normal/fsd50k_speech_normal_4f46ccaf.wav,3.1521,3.104,0.0,0.0481,-22.94,0.463,
fsd50k_speech_normal_4f523258,speech_normal,data/banks/foreground/speech_normal/fsd50k_speech_normal_4f523258.wav,1.0869,1.0869,0.0,0.0,-24.33,0.4186,
fsd50k_speech_normal_4f6eec17,speech_normal,data/banks/foreground/speech_normal/fsd50k_speech_normal_4f6eec17.wav,0.8125,0.512,0.0,0.3005,-21.77,0.5608,
fsd50k_speech_normal_4f72913d,speech_normal,data/banks/foreground/speech_normal/fsd50k_speech_normal_4f72913d.wav,3.9686,3.8406,0.128,0.0,-21.51,0.6862,
fsd50k_speech_normal_4f84568a,speech_normal,data/banks/foreground/speech_normal/fsd50k_speech_normal_4f84568a.wav,0.8371,0.8371,0.0,0.0,-20.78,0.3477,
fsd50k_speech_normal_506f299b,speech_normal,data/banks/foreground/speech_normal/fsd50k_speech_normal_506f299b.wav,1.1814,1.12,0.0,0.0614,-23.7,0.3006,
fsd50k_speech_normal_509e8a86,speech_normal,data/banks/foreground/speech_normal/fsd50k_speech_normal_509e8a86.wav,1.376,0.992,0.0,0.384,-22.98,0.2669,
fsd50k_speech_normal_51a9926b,speech_normal,data/banks/foreground/speech_normal/fsd50k_speech_normal_51a9926b.wav,3.2102,3.2102,0.0,0.0,-23.52,0.4251,
fsd50k_speech_normal_51ccb7a4,speech_normal,data/banks/foreground/speech_normal/fsd50k_speech_normal_51ccb7a4.wav,1.375,1.375,0.0,0.0,-21.82,0.4201,
fsd50k_speech_normal_51f5d4a3,speech_normal,data/banks/foreground/speech_normal/fsd50k_speech_normal_51f5d4a3.wav,7.237,7.237,0.0,0.0,-31.73,0.2838,
fsd50k_speech_normal_51fecbd8,speech_normal,data/banks/foreground/speech_normal/fsd50k_speech_normal_51fecbd8.wav,15.557,14.656,0.448,0.453,-25.07,0.8394,
fsd50k_speech_normal_521ccac5,speech_normal,data/banks/foreground/speech_normal/fsd50k_speech_normal_521ccac5.wav,1.2914,1.152,0.064,0.0754,-23.77,0.4285,
fsd50k_speech_normal_5236b248,speech_normal,data/banks/foreground/speech_normal/fsd50k_speech_normal_5236b248.wav,2.1073,2.048,0.0,0.0592,-23.1,0.345,
fsd50k_speech_normal_528285bf,speech_normal,data/banks/foreground/speech_normal/fsd50k_speech_normal_528285bf.wav,1.0101,0.9461,0.064,0.0,-23.06,0.4349,
fsd50k_speech_normal_52e0676a,speech_normal,data/banks/foreground/speech_normal/fsd50k_speech_normal_52e0676a.wav,1.1494,1.088,0.032,0.0294,-24.39,0.3751,
fsd50k_speech_normal_52f9653b,speech_normal,data/banks/foreground/speech_normal/fsd50k_speech_normal_52f9653b.wav,1.0674,1.0674,0.0,0.0,-23.07,0.4028,
fsd50k_speech_normal_535edcba,speech_normal,data/banks/foreground/speech_normal/fsd50k_speech_normal_535edcba.wav,3.4534,3.04,0.064,0.3494,-22.59,0.2675,
fsd50k_speech_normal_536dcd67,speech_normal,data/banks/foreground/speech_normal/fsd50k_speech_normal_536dcd67.wav,2.7734,2.656,0.0,0.1174,-23.86,0.7465,
fsd50k_speech_normal_53b3599c,speech_normal,data/banks/foreground/speech_normal/fsd50k_speech_normal_53b3599c.wav,0.8827,0.8827,0.0,0.0,-24.8,0.502,
fsd50k_speech_normal_544a3b61,speech_normal,data/banks/foreground/speech_normal/fsd50k_speech_normal_544a3b61.wav,0.8022,0.8022,0.0,0.0,-23.71,0.485,
fsd50k_speech_normal_54a5e096,speech_normal,data/banks/foreground/speech_normal/fsd50k_speech_normal_54a5e096.wav,2.3236,2.3236,0.0,0.0,-21.8,0.8871,
fsd50k_speech_normal_54f0d4a3,speech_normal,data/banks/foreground/speech_normal/fsd50k_speech_normal_54f0d4a3.wav,11.0893,10.272,0.384,0.4333,-23.73,0.4823,
fsd50k_speech_normal_54fc8098,speech_normal,data/banks/foreground/speech_normal/fsd50k_speech_normal_54fc8098.wav,1.0,0.8,0.0,0.2,-21.82,0.7875,
fsd50k_speech_normal_5508e518,speech_normal,data/banks/foreground/speech_normal/fsd50k_speech_normal_5508e518.wav,1.6267,1.6,0.0,0.0267,-22.64,0.3378,
fsd50k_speech_normal_553f8d22,speech_normal,data/banks/foreground/speech_normal/fsd50k_speech_normal_553f8d22.wav,4.7779,4.7779,0.0,0.0,-23.46,0.8912,
fsd50k_speech_normal_55d5424a,speech_normal,data/banks/foreground/speech_normal/fsd50k_speech_normal_55d5424a.wav,0.772,0.772,0.0,0.0,-23.82,0.3195,
fsd50k_speech_normal_55d6a69a,speech_normal,data/banks/foreground/speech_normal/fsd50k_speech_normal_55d6a69a.wav,3.714,3.712,0.0,0.002,-24.4,0.511,
fsd50k_speech_normal_55effd01,speech_normal,data/banks/foreground/speech_normal/fsd50k_speech_normal_55effd01.wav,2.119,2.112,0.0,0.007,-20.92,0.4239,
fsd50k_speech_normal_560521aa,speech_normal,data/banks/foreground/speech_normal/fsd50k_speech_normal_560521aa.wav,1.25,1.25,0.0,0.0,-24.08,0.4573,
fsd50k_speech_normal_566188ce,speech_normal,data/banks/foreground/speech_normal/fsd50k_speech_normal_566188ce.wav,0.7212,0.7212,0.0,0.0,-23.2,0.2433,
fsd50k_speech_normal_5666ffa8,speech_normal,data/banks/foreground/speech_normal/fsd50k_speech_normal_5666ffa8.wav,1.6941,1.536,0.0,0.1581,-22.74,0.3179,
fsd50k_speech_normal_56d2a97d,speech_normal,data/banks/foreground/speech_normal/fsd50k_speech_normal_56d2a97d.wav,0.7246,0.7246,0.0,0.0,-23.2,0.4526,
fsd50k_speech_normal_56e45e63,speech_normal,data/banks/foreground/speech_normal/fsd50k_speech_normal_56e45e63.wav,1.6566,1.312,0.064,0.2806,-23.44,0.8912,
fsd50k_speech_normal_572edb8a,speech_normal,data/banks/foreground/speech_normal/fsd50k_speech_normal_572edb8a.wav,1.1169,1.1169,0.0,0.0,-22.2,0.3746,
fsd50k_speech_normal_576fefc9,speech_normal,data/banks/foreground/speech_normal/fsd50k_speech_normal_576fefc9.wav,1.0986,0.992,0.0,0.1066,-23.07,0.2677,
fsd50k_speech_normal_5787d0be,speech_normal,data/banks/foreground/speech_normal/fsd50k_speech_normal_5787d0be.wav,0.7762,0.7762,0.0,0.0,-23.96,0.2438,
fsd50k_speech_normal_57919e48,speech_normal,data/banks/foreground/speech_normal/fsd50k_speech_normal_57919e48.wav,1.2202,1.2202,0.0,0.0,-24.68,0.3153,
fsd50k_speech_normal_590667cf,speech_normal,data/banks/foreground/speech_normal/fsd50k_speech_normal_590667cf.wav,2.013,2.013,0.0,0.0,-24.43,0.4973,
fsd50k_speech_normal_592b4613,speech_normal,data/banks/foreground/speech_normal/fsd50k_speech_normal_592b4613.wav,1.0161,1.0161,0.0,0.0,-24.02,0.2776,
fsd50k_speech_normal_59d0fb86,speech_normal,data/banks/foreground/speech_normal/fsd50k_speech_normal_59d0fb86.wav,3.4171,3.4171,0.0,0.0,-22.87,0.5231,
fsd50k_speech_normal_59d1b6b3,speech_normal,data/banks/foreground/speech_normal/fsd50k_speech_normal_59d1b6b3.wav,2.958,2.862,0.096,0.0,-22.88,0.3574,
fsd50k_speech_normal_5a35f2d1,speech_normal,data/banks/foreground/speech_normal/fsd50k_speech_normal_5a35f2d1.wav,0.6551,0.6551,0.0,0.0,-23.81,0.374,
fsd50k_speech_normal_5a4ade94,speech_normal,data/banks/foreground/speech_normal/fsd50k_speech_normal_5a4ade94.wav,2.6018,2.528,0.0,0.0737,-22.97,0.3797,
fsd50k_speech_normal_5a5960f6,speech_normal,data/banks/foreground/speech_normal/fsd50k_speech_normal_5a5960f6.wav,1.9853,1.9853,0.0,0.0,-23.0,0.5698,
fsd50k_speech_normal_5b08591b,speech_normal,data/banks/foreground/speech_normal/fsd50k_speech_normal_5b08591b.wav,0.4902,0.4902,0.0,0.0,-23.49,0.2862,
fsd50k_speech_normal_5b38cd36,speech_normal,data/banks/foreground/speech_normal/fsd50k_speech_normal_5b38cd36.wav,2.1826,2.016,0.0,0.1666,-21.82,0.3487,
fsd50k_speech_normal_5b9d918f,speech_normal,data/banks/foreground/speech_normal/fsd50k_speech_normal_5b9d918f.wav,3.4192,3.4192,0.0,0.0,-23.65,0.5929,
fsd50k_speech_normal_5bed3234,speech_normal,data/banks/foreground/speech_normal/fsd50k_speech_normal_5bed3234.wav,1.797,1.024,0.608,0.165,-23.4,0.3747,
fsd50k_speech_normal_5beeb517,speech_normal,data/banks/foreground/speech_normal/fsd50k_speech_normal_5beeb517.wav,2.4522,2.4,0.0,0.0522,-23.31,0.2618,
fsd50k_speech_normal_5c748a82,speech_normal,data/banks/foreground/speech_normal/fsd50k_speech_normal_5c748a82.wav,2.5,2.336,0.16,0.004,-23.74,0.3636,
fsd50k_speech_normal_5cd6987a,speech_normal,data/banks/foreground/speech_normal/fsd50k_speech_normal_5cd6987a.wav,0.9637,0.928,0.0,0.0357,-24.74,0.2484,
fsd50k_speech_normal_5d1e9e9c,speech_normal,data/banks/foreground/speech_normal/fsd50k_speech_normal_5d1e9e9c.wav,1.6428,1.6,0.0,0.0428,-23.76,0.3723,
fsd50k_speech_normal_5d29ba3e,speech_normal,data/banks/foreground/speech_normal/fsd50k_speech_normal_5d29ba3e.wav,0.4039,0.4039,0.0,0.0,-23.28,0.4384,
fsd50k_speech_normal_5d3857cb,speech_normal,data/banks/foreground/speech_normal/fsd50k_speech_normal_5d3857cb.wav,2.4904,2.4,0.0,0.0904,-22.48,0.2874,
fsd50k_speech_normal_5dc991a3,speech_normal,data/banks/foreground/speech_normal/fsd50k_speech_normal_5dc991a3.wav,0.9071,0.9071,0.0,0.0,-24.46,0.3687,
fsd50k_speech_normal_5de2282d,speech_normal,data/banks/foreground/speech_normal/fsd50k_speech_normal_5de2282d.wav,1.0,0.672,0.0,0.328,-23.05,0.3969,
fsd50k_speech_normal_5e027186,speech_normal,data/banks/foreground/speech_normal/fsd50k_speech_normal_5e027186.wav,2.1826,2.016,0.0,0.1666,-22.52,0.2946,
fsd50k_speech_normal_5e706559,speech_normal,data/banks/foreground/speech_normal/fsd50k_speech_normal_5e706559.wav,0.6625,0.6625,0.0,0.0,-22.55,0.4165,
fsd50k_speech_normal_5e89b498,speech_normal,data/banks/foreground/speech_normal/fsd50k_speech_normal_5e89b498.wav,3.0594,3.0594,0.0,0.0,-23.78,0.3775,
fsd50k_speech_normal_5eb0c448,speech_normal,data/banks/foreground/speech_normal/fsd50k_speech_normal_5eb0c448.wav,1.059,1.027,0.032,0.0,-25.65,0.3345,
fsd50k_speech_normal_5ec5fc2f,speech_normal,data/banks/foreground/speech_normal/fsd50k_speech_normal_5ec5fc2f.wav,0.9046,0.9046,0.0,0.0,-24.13,0.3592,
fsd50k_speech_normal_5ec6461e,speech_normal,data/banks/foreground/speech_normal/fsd50k_speech_normal_5ec6461e.wav,9.798,9.798,0.0,0.0,-19.66,0.8912,
fsd50k_speech_normal_5ef71f3e,speech_normal,data/banks/foreground/speech_normal/fsd50k_speech_normal_5ef71f3e.wav,6.785,6.785,0.0,0.0,-22.35,0.5868,
fsd50k_speech_normal_5f098b94,speech_normal,data/banks/foreground/speech_normal/fsd50k_speech_normal_5f098b94.wav,2.0179,2.0179,0.0,0.0,-21.96,0.4042,
fsd50k_speech_normal_5f2ebdad,speech_normal,data/banks/foreground/speech_normal/fsd50k_speech_normal_5f2ebdad.wav,1.1169,0.992,0.064,0.0609,-25.25,0.4106,
fsd50k_speech_normal_5f72be73,speech_normal,data/banks/foreground/speech_normal/fsd50k_speech_normal_5f72be73.wav,1.5442,1.5442,0.0,0.0,-23.89,0.3688,
fsd50k_speech_normal_5f98fd86,speech_normal,data/banks/foreground/speech_normal/fsd50k_speech_normal_5f98fd86.wav,0.76,0.76,0.0,0.0,-23.34,0.3378,
fsd50k_speech_normal_605926ad,speech_normal,data/banks/foreground/speech_normal/fsd50k_speech_normal_605926ad.wav,1.3897,1.3897,0.0,0.0,-22.88,0.4027,
fsd50k_speech_normal_608a5e5f,speech_normal,data/banks/foreground/speech_normal/fsd50k_speech_normal_608a5e5f.wav,2.7559,2.7559,0.0,0.0,-20.74,0.2675,
fsd50k_speech_normal_60fdc3e0,speech_normal,data/banks/foreground/speech_normal/fsd50k_speech_normal_60fdc3e0.wav,1.2834,1.216,0.0,0.0674,-22.58,0.4884,
fsd50k_speech_normal_612e3af1,speech_normal,data/banks/foreground/speech_normal/fsd50k_speech_normal_612e3af1.wav,2.9789,2.56,0.16,0.2589,-25.1,0.4723,
fsd50k_speech_normal_6193bb10,speech_normal,data/banks/foreground/speech_normal/fsd50k_speech_normal_6193bb10.wav,1.0,0.968,0.032,0.0,-24.18,0.3268,
fsd50k_speech_normal_6221d9d8,speech_normal,data/banks/foreground/speech_normal/fsd50k_speech_normal_6221d9d8.wav,1.161,1.024,0.032,0.105,-23.88,0.3214,
fsd50k_speech_normal_632f69d2,speech_normal,data/banks/foreground/speech_normal/fsd50k_speech_normal_632f69d2.wav,0.6651,0.6651,0.0,0.0,-22.88,0.3549,
fsd50k_speech_normal_63547745,speech_normal,data/banks/foreground/speech_normal/fsd50k_speech_normal_63547745.wav,1.1748,1.1748,0.0,0.0,-22.99,0.3387,
fsd50k_speech_normal_63cce22f,speech_normal,data/banks/foreground/speech_normal/fsd50k_speech_normal_63cce22f.wav,1.185,1.185,0.0,0.0,-25.16,0.3254,
fsd50k_speech_normal_6487ea15,speech_normal,data/banks/foreground/speech_normal/fsd50k_speech_normal_6487ea15.wav,0.4964,0.4964,0.0,0.0,-25.67,0.1905,
fsd50k_speech_normal_64f0e4b2,speech_normal,data/banks/foreground/speech_normal/fsd50k_speech_normal_64f0e4b2.wav,4.4191,4.32,0.0,0.0991,-23.21,0.3506,
fsd50k_speech_normal_65a8c68b,speech_normal,data/banks/foreground/speech_normal/fsd50k_speech_normal_65a8c68b.wav,0.6966,0.6966,0.0,0.0,-25.15,0.437,
fsd50k_speech_normal_65b33349,speech_normal,data/banks/foreground/speech_normal/fsd50k_speech_normal_65b33349.wav,2.4724,2.304,0.0,0.1684,-22.51,0.3455,
fsd50k_speech_normal_661a3655,speech_normal,data/banks/foreground/speech_normal/fsd50k_speech_normal_661a3655.wav,1.1215,0.928,0.0,0.1935,-22.35,0.3185,
fsd50k_speech_normal_663c791e,speech_normal,data/banks/foreground/speech_normal/fsd50k_speech_normal_663c791e.wav,1.2902,1.2902,0.0,0.0,-23.46,0.4767,
fsd50k_speech_normal_66533a99,speech_normal,data/banks/foreground/speech_normal/fsd50k_speech_normal_66533a99.wav,1.376,1.376,0.0,0.0,-23.2,0.3979,
fsd50k_speech_normal_66844dfa,speech_normal,data/banks/foreground/speech_normal/fsd50k_speech_normal_66844dfa.wav,0.8655,0.8655,0.0,0.0,-23.8,0.3769,
fsd50k_speech_normal_6701fd61,speech_normal,data/banks/foreground/speech_normal/fsd50k_speech_normal_6701fd61.wav,0.4407,0.4407,0.0,0.0,-23.35,0.456,
fsd50k_speech_normal_681f5a99,speech_normal,data/banks/foreground/speech_normal/fsd50k_speech_normal_681f5a99.wav,1.479,1.44,0.0,0.039,-22.22,0.2031,
fsd50k_speech_normal_683ec5fc,speech_normal,data/banks/foreground/speech_normal/fsd50k_speech_normal_683ec5fc.wav,0.6948,0.6948,0.0,0.0,-22.06,0.3808,
fsd50k_speech_normal_683f9db5,speech_normal,data/banks/foreground/speech_normal/fsd50k_speech_normal_683f9db5.wav,0.5805,0.48,0.0,0.1005,-22.21,0.2831,
fsd50k_speech_normal_6869b5f6,speech_normal,data/banks/foreground/speech_normal/fsd50k_speech_normal_6869b5f6.wav,1.1587,1.1587,0.0,0.0,-21.96,0.393,
fsd50k_speech_normal_686f242d,speech_normal,data/banks/foreground/speech_normal/fsd50k_speech_normal_686f242d.wav,0.5235,0.5235,0.0,0.0,-22.53,0.3688,
fsd50k_speech_normal_68b0fddb,speech_normal,data/banks/foreground/speech_normal/fsd50k_speech_normal_68b0fddb.wav,1.058,1.058,0.0,0.0,-22.12,0.3721,
fsd50k_speech_normal_6916eab0,speech_normal,data/banks/foreground/speech_normal/fsd50k_speech_normal_6916eab0.wav,0.6721,0.6721,0.0,0.0,-22.98,0.3292,
fsd50k_speech_normal_69927e79,speech_normal,data/banks/foreground/speech_normal/fsd50k_speech_normal_69927e79.wav,2.3308,2.304,0.0,0.0267,-23.03,0.4099,
fsd50k_speech_normal_6a273a51,speech_normal,data/banks/foreground/speech_normal/fsd50k_speech_normal_6a273a51.wav,5.639,5.639,0.0,0.0,-24.89,0.6733,
fsd50k_speech_normal_6a9d4435,speech_normal,data/banks/foreground/speech_normal/fsd50k_speech_normal_6a9d4435.wav,1.698,1.666,0.032,0.0,-22.92,0.7198,
fsd50k_speech_normal_6b218db0,speech_normal,data/banks/foreground/speech_normal/fsd50k_speech_normal_6b218db0.wav,1.341,1.312,0.0,0.029,-23.0,0.3127,
fsd50k_speech_normal_6b363dfd,speech_normal,data/banks/foreground/speech_normal/fsd50k_speech_normal_6b363dfd.wav,1.0159,0.9199,0.096,0.0,-24.45,0.5229,
fsd50k_speech_normal_6b36a9db,speech_normal,data/banks/foreground/speech_normal/fsd50k_speech_normal_6b36a9db.wav,1.3275,1.216,0.064,0.0475,-23.15,0.4179,
fsd50k_speech_normal_6b804a6c,speech_normal,data/banks/foreground/speech_normal/fsd50k_speech_normal_6b804a6c.wav,2.9112,2.9112,0.0,0.0,-22.54,0.3073,
fsd50k_speech_normal_6be25c61,speech_normal,data/banks/foreground/speech_normal/fsd50k_speech_normal_6be25c61.wav,2.32,2.016,0.0,0.304,-22.77,0.3979,
fsd50k_speech_normal_6c4dbb6c,speech_normal,data/banks/foreground/speech_normal/fsd50k_speech_normal_6c4dbb6c.wav,1.9621,1.9621,0.0,0.0,-25.01,0.5929,
fsd50k_speech_normal_6c7a99af,speech_normal,data/banks/foreground/speech_normal/fsd50k_speech_normal_6c7a99af.wav,0.6316,0.6316,0.0,0.0,-23.03,0.2748,
fsd50k_speech_normal_6ca4b0e4,speech_normal,data/banks/foreground/speech_normal/fsd50k_speech_normal_6ca4b0e4.wav,4.6549,4.6549,0.0,0.0,-22.94,0.4523,
fsd50k_speech_normal_6d1aca16,speech_normal,data/banks/foreground/speech_normal/fsd50k_speech_normal_6d1aca16.wav,0.6258,0.6258,0.0,0.0,-24.44,0.3093,
fsd50k_speech_normal_6d253744,speech_normal,data/banks/foreground/speech_normal/fsd50k_speech_normal_6d253744.wav,2.331,2.144,0.096,0.091,-22.4,0.2545,
fsd50k_speech_normal_6dbd9fc9,speech_normal,data/banks/foreground/speech_normal/fsd50k_speech_normal_6dbd9fc9.wav,2.2292,2.176,0.0,0.0532,-24.93,0.3615,
fsd50k_speech_normal_6e1815aa,speech_normal,data/banks/foreground/speech_normal/fsd50k_speech_normal_6e1815aa.wav,0.8127,0.736,0.032,0.0447,-22.74,0.4055,
fsd50k_speech_normal_6e2f6e0e,speech_normal,data/banks/foreground/speech_normal/fsd50k_speech_normal_6e2f6e0e.wav,0.738,0.738,0.0,0.0,-24.74,0.2428,
fsd50k_speech_normal_6e344b05,speech_normal,data/banks/foreground/speech_normal/fsd50k_speech_normal_6e344b05.wav,1.159,1.159,0.0,0.0,-25.1,0.2171,
fsd50k_speech_normal_6e413ca9,speech_normal,data/banks/foreground/speech_normal/fsd50k_speech_normal_6e413ca9.wav,1.5502,1.184,0.032,0.3342,-23.26,0.4,
fsd50k_speech_normal_6e9145e0,speech_normal,data/banks/foreground/speech_normal/fsd50k_speech_normal_6e9145e0.wav,1.477,1.376,0.0,0.101,-24.15,0.3924,
fsd50k_speech_normal_6ef93005,speech_normal,data/banks/foreground/speech_normal/fsd50k_speech_normal_6ef93005.wav,2.6016,2.496,0.0,0.1056,-23.0,0.4021,
fsd50k_speech_normal_6f189ab3,speech_normal,data/banks/foreground/speech_normal/fsd50k_speech_normal_6f189ab3.wav,0.9564,0.8604,0.096,0.0,-24.02,0.6328,
fsd50k_speech_normal_6f6721e3,speech_normal,data/banks/foreground/speech_normal/fsd50k_speech_normal_6f6721e3.wav,1.306,1.306,0.0,0.0,-27.91,0.2485,
fsd50k_speech_normal_6f8b96be,speech_normal,data/banks/foreground/speech_normal/fsd50k_speech_normal_6f8b96be.wav,0.56,0.56,0.0,0.0,-24.34,0.3952,
fsd50k_speech_normal_6f9d0dcb,speech_normal,data/banks/foreground/speech_normal/fsd50k_speech_normal_6f9d0dcb.wav,1.639,1.568,0.0,0.071,-23.76,0.3474,
fsd50k_speech_normal_6fc947bd,speech_normal,data/banks/foreground/speech_normal/fsd50k_speech_normal_6fc947bd.wav,1.1471,1.1471,0.0,0.0,-23.59,0.3275,
fsd50k_speech_normal_701006dc,speech_normal,data/banks/foreground/speech_normal/fsd50k_speech_normal_701006dc.wav,0.5225,0.5225,0.0,0.0,-26.27,0.4006,
fsd50k_speech_normal_7065a271,speech_normal,data/banks/foreground/speech_normal/fsd50k_speech_normal_7065a271.wav,0.7143,0.7143,0.0,0.0,-20.38,0.6051,
fsd50k_speech_normal_709c0d28,speech_normal,data/banks/foreground/speech_normal/fsd50k_speech_normal_709c0d28.wav,3.366,3.296,0.032,0.038,-23.65,0.486,
fsd50k_speech_normal_70db1aea,speech_normal,data/banks/foreground/speech_normal/fsd50k_speech_normal_70db1aea.wav,9.7083,9.7083,0.0,0.0,-24.69,0.757,
fsd50k_speech_normal_7185ec4e,speech_normal,data/banks/foreground/speech_normal/fsd50k_speech_normal_7185ec4e.wav,1.5,0.928,0.288,0.284,-22.93,0.3602,
fsd50k_speech_normal_71ade30c,speech_normal,data/banks/foreground/speech_normal/fsd50k_speech_normal_71ade30c.wav,1.2771,1.2131,0.064,0.0,-22.85,0.369,
fsd50k_speech_normal_71d9e4ee,speech_normal,data/banks/foreground/speech_normal/fsd50k_speech_normal_71d9e4ee.wav,1.7299,1.7299,0.0,0.0,-24.11,0.5638,
fsd50k_speech_normal_7244708b,speech_normal,data/banks/foreground/speech_normal/fsd50k_speech_normal_7244708b.wav,0.6605,0.6605,0.0,0.0,-20.76,0.56,
fsd50k_speech_normal_7287e55a,speech_normal,data/banks/foreground/speech_normal/fsd50k_speech_normal_7287e55a.wav,1.057,1.057,0.0,0.0,-22.76,0.6655,
fsd50k_speech_normal_728a0d5e,speech_normal,data/banks/foreground/speech_normal/fsd50k_speech_normal_728a0d5e.wav,1.375,1.375,0.0,0.0,-23.96,0.5217,
fsd50k_speech_normal_729b04ff,speech_normal,data/banks/foreground/speech_normal/fsd50k_speech_normal_729b04ff.wav,9.3867,9.344,0.0,0.0427,-22.6,0.3802,
fsd50k_speech_normal_72fcfe58,speech_normal,data/banks/foreground/speech_normal/fsd50k_speech_normal_72fcfe58.wav,1.5674,1.5674,0.0,0.0,-25.59,0.3518,
fsd50k_speech_normal_7314bc3b,speech_normal,data/banks/foreground/speech_normal/fsd50k_speech_normal_7314bc3b.wav,1.1325,1.056,0.032,0.0445,-25.95,0.4241,
fsd50k_speech_normal_7334e4f7,speech_normal,data/banks/foreground/speech_normal/fsd50k_speech_normal_7334e4f7.wav,1.0566,1.0566,0.0,0.0,-23.17,0.3331,
fsd50k_speech_normal_739ad083,speech_normal,data/banks/foreground/speech_normal/fsd50k_speech_normal_739ad083.wav,18.4155,18.304,0.0,0.1115,-24.08,0.6938,
fsd50k_speech_normal_73eba0a1,speech_normal,data/banks/foreground/speech_normal/fsd50k_speech_normal_73eba0a1.wav,1.0529,0.928,0.0,0.1249,-22.52,0.2839,
fsd50k_speech_normal_745498a6,speech_normal,data/banks/foreground/speech_normal/fsd50k_speech_normal_745498a6.wav,0.8011,0.8011,0.0,0.0,-25.81,0.4543,
fsd50k_speech_normal_7491893b,speech_normal,data/banks/foreground/speech_normal/fsd50k_speech_normal_7491893b.wav,0.9094,0.9094,0.0,0.0,-24.26,0.4711,
fsd50k_speech_normal_74bf740e,speech_normal,data/banks/foreground/speech_normal/fsd50k_speech_normal_74bf740e.wav,0.6298,0.6298,0.0,0.0,-21.25,0.4991,
fsd50k_speech_normal_75237b3b,speech_normal,data/banks/foreground/speech_normal/fsd50k_speech_normal_75237b3b.wav,1.3619,1.3619,0.0,0.0,-24.58,0.3172,
fsd50k_speech_normal_75498935,speech_normal,data/banks/foreground/speech_normal/fsd50k_speech_normal_75498935.wav,1.6022,1.6022,0.0,0.0,-24.68,0.3923,
fsd50k_speech_normal_766069a8,speech_normal,data/banks/foreground/speech_normal/fsd50k_speech_normal_766069a8.wav,2.118,2.118,0.0,0.0,-23.44,0.5151,
fsd50k_speech_normal_7665a646,speech_normal,data/banks/foreground/speech_normal/fsd50k_speech_normal_7665a646.wav,1.76,1.76,0.0,0.0,-23.42,0.2826,
fsd50k_speech_normal_766a00a7,speech_normal,data/banks/foreground/speech_normal/fsd50k_speech_normal_766a00a7.wav,0.9985,0.992,0.0,0.0065,-23.98,0.3074,
fsd50k_speech_normal_770e9f8f,speech_normal,data/banks/foreground/speech_normal/fsd50k_speech_normal_770e9f8f.wav,1.0426,0.9146,0.128,0.0,-23.52,0.2789,
fsd50k_speech_normal_770f539c,speech_normal,data/banks/foreground/speech_normal/fsd50k_speech_normal_770f539c.wav,2.4686,2.464,0.0,0.0046,-23.44,0.6164,
fsd50k_speech_normal_77110a14,speech_normal,data/banks/foreground/speech_normal/fsd50k_speech_normal_77110a14.wav,0.952,0.952,0.0,0.0,-23.19,0.3151,
fsd50k_speech_normal_77552673,speech_normal,data/banks/foreground/speech_normal/fsd50k_speech_normal_77552673.wav,0.8366,0.8366,0.0,0.0,-22.78,0.3006,
fsd50k_speech_normal_77ec5643,speech_normal,data/banks/foreground/speech_normal/fsd50k_speech_normal_77ec5643.wav,2.9554,2.56,0.0,0.3954,-24.44,0.4407,
fsd50k_speech_normal_78008f1e,speech_normal,data/banks/foreground/speech_normal/fsd50k_speech_normal_78008f1e.wav,0.5189,0.5189,0.0,0.0,-23.3,0.3002,
fsd50k_speech_normal_7879d140,speech_normal,data/banks/foreground/speech_normal/fsd50k_speech_normal_7879d140.wav,0.5689,0.5689,0.0,0.0,-25.93,0.5554,
fsd50k_speech_normal_787c82ee,speech_normal,data/banks/foreground/speech_normal/fsd50k_speech_normal_787c82ee.wav,1.38,1.38,0.0,0.0,-20.77,0.3654,
fsd50k_speech_normal_7896b5fd,speech_normal,data/banks/foreground/speech_normal/fsd50k_speech_normal_7896b5fd.wav,0.9491,0.896,0.032,0.0211,-23.89,0.4074,
fsd50k_speech_normal_7951f637,speech_normal,data/banks/foreground/speech_normal/fsd50k_speech_normal_7951f637.wav,0.739,0.707,0.032,0.0,-21.6,0.2393,
fsd50k_speech_normal_795898a5,speech_normal,data/banks/foreground/speech_normal/fsd50k_speech_normal_795898a5.wav,0.9037,0.896,0.0,0.0077,-20.51,0.4505,
fsd50k_speech_normal_79856fbe,speech_normal,data/banks/foreground/speech_normal/fsd50k_speech_normal_79856fbe.wav,1.1771,1.1771,0.0,0.0,-22.56,0.2673,
fsd50k_speech_normal_79ea4e6f,speech_normal,data/banks/foreground/speech_normal/fsd50k_speech_normal_79ea4e6f.wav,1.2452,1.184,0.0,0.0612,-23.29,0.439,
fsd50k_speech_normal_7a1017d5,speech_normal,data/banks/foreground/speech_normal/fsd50k_speech_normal_7a1017d5.wav,1.5,1.28,0.128,0.092,-22.65,0.3745,
fsd50k_speech_normal_7acd5d05,speech_normal,data/banks/foreground/speech_normal/fsd50k_speech_normal_7acd5d05.wav,1.6603,1.6603,0.0,0.0,-23.07,0.4526,
fsd50k_speech_normal_7b134164,speech_normal,data/banks/foreground/speech_normal/fsd50k_speech_normal_7b134164.wav,1.697,1.665,0.032,0.0,-21.7,0.4805,
fsd50k_speech_normal_7b3df563,speech_normal,data/banks/foreground/speech_normal/fsd50k_speech_normal_7b3df563.wav,1.8046,1.8046,0.0,0.0,-25.9,0.3057,
fsd50k_speech_normal_7b8546cf,speech_normal,data/banks/foreground/speech_normal/fsd50k_speech_normal_7b8546cf.wav,1.797,1.797,0.0,0.0,-24.46,0.3915,
fsd50k_speech_normal_7b9f4f98,speech_normal,data/banks/foreground/speech_normal/fsd50k_speech_normal_7b9f4f98.wav,0.79,0.704,0.064,0.022,-22.72,0.3491,
fsd50k_speech_normal_7c00f68e,speech_normal,data/banks/foreground/speech_normal/fsd50k_speech_normal_7c00f68e.wav,1.2565,1.152,0.064,0.0405,-23.29,0.5783,
fsd50k_speech_normal_7c0e891d,speech_normal,data/banks/foreground/speech_normal/fsd50k_speech_normal_7c0e891d.wav,1.798,1.51,0.288,0.0,-21.96,0.3304,
fsd50k_speech_normal_7c7e17db,speech_normal,data/banks/foreground/speech_normal/fsd50k_speech_normal_7c7e17db.wav,0.7837,0.7837,0.0,0.0,-23.11,0.4299,
fsd50k_speech_normal_7ca951f0,speech_normal,data/banks/foreground/speech_normal/fsd50k_speech_normal_7ca951f0.wav,0.738,0.738,0.0,0.0,-21.75,0.3497,
fsd50k_speech_normal_7d699fee,speech_normal,data/banks/foreground/speech_normal/fsd50k_speech_normal_7d699fee.wav,1.717,1.717,0.0,0.0,-20.36,0.5898,
fsd50k_speech_normal_7d87d847,speech_normal,data/banks/foreground/speech_normal/fsd50k_speech_normal_7d87d847.wav,1.4768,1.4768,0.0,0.0,-23.32,0.6785,
fsd50k_speech_normal_7edd4c73,speech_normal,data/banks/foreground/speech_normal/fsd50k_speech_normal_7edd4c73.wav,0.5921,0.5921,0.0,0.0,-25.31,0.5015,
fsd50k_speech_normal_7fe0340b,speech_normal,data/banks/foreground/speech_normal/fsd50k_speech_normal_7fe0340b.wav,0.6851,0.6851,0.0,0.0,-21.65,0.4528,
fsd50k_speech_normal_804631aa,speech_normal,data/banks/foreground/speech_normal/fsd50k_speech_normal_804631aa.wav,1.375,1.375,0.0,0.0,-24.54,0.381,
fsd50k_speech_normal_8092293b,speech_normal,data/banks/foreground/speech_normal/fsd50k_speech_normal_8092293b.wav,1.378,1.346,0.032,0.0,-22.97,0.5285,
fsd50k_speech_normal_819e889e,speech_normal,data/banks/foreground/speech_normal/fsd50k_speech_normal_819e889e.wav,1.377,1.377,0.0,0.0,-24.05,0.4895,
fsd50k_speech_normal_81a4bab7,speech_normal,data/banks/foreground/speech_normal/fsd50k_speech_normal_81a4bab7.wav,2.0841,1.888,0.0,0.1961,-23.35,0.4158,
fsd50k_speech_normal_82117643,speech_normal,data/banks/foreground/speech_normal/fsd50k_speech_normal_82117643.wav,1.0071,0.896,0.0,0.1111,-23.11,0.3496,
fsd50k_speech_normal_82289e68,speech_normal,data/banks/foreground/speech_normal/fsd50k_speech_normal_82289e68.wav,2.2424,2.2424,0.0,0.0,-24.94,0.7082,
fsd50k_speech_normal_8267f1a4,speech_normal,data/banks/foreground/speech_normal/fsd50k_speech_normal_8267f1a4.wav,1.6696,1.664,0.0,0.0056,-24.53,0.2916,
fsd50k_speech_normal_8282a85d,speech_normal,data/banks/foreground/speech_normal/fsd50k_speech_normal_8282a85d.wav,0.8668,0.8668,0.0,0.0,-23.61,0.2574,
fsd50k_speech_normal_82d80b3e,speech_normal,data/banks/foreground/speech_normal/fsd50k_speech_normal_82d80b3e.wav,0.6839,0.6839,0.0,0.0,-22.17,0.3457,
fsd50k_speech_normal_82f5fe0d,speech_normal,data/banks/foreground/speech_normal/fsd50k_speech_normal_82f5fe0d.wav,1.057,1.057,0.0,0.0,-23.95,0.4004,
fsd50k_speech_normal_83255862,speech_normal,data/banks/foreground/speech_normal/fsd50k_speech_normal_83255862.wav,0.8033,0.8033,0.0,0.0,-22.63,0.4837,
fsd50k_speech_normal_83bf43a2,speech_normal,data/banks/foreground/speech_normal/fsd50k_speech_normal_83bf43a2.wav,1.695,1.631,0.064,0.0,-24.27,0.3232,
fsd50k_speech_normal_83d393c1,speech_normal,data/banks/foreground/speech_normal/fsd50k_speech_normal_83d393c1.wav,2.0274,1.952,0.0,0.0754,-22.9,0.4338,
fsd50k_speech_normal_8482de27,speech_normal,data/banks/foreground/speech_normal/fsd50k_speech_normal_8482de27.wav,1.5402,1.312,0.16,0.0683,-23.74,0.3443,
fsd50k_speech_normal_85b99a16,speech_normal,data/banks/foreground/speech_normal/fsd50k_speech_normal_85b99a16.wav,1.5326,1.5326,0.0,0.0,-26.2,0.4604,
fsd50k_speech_normal_85d2035b,speech_normal,data/banks/foreground/speech_normal/fsd50k_speech_normal_85d2035b.wav,2.6553,2.56,0.0,0.0953,-22.38,0.437,
fsd50k_speech_normal_85d4200a,speech_normal,data/banks/foreground/speech_normal/fsd50k_speech_normal_85d4200a.wav,5.537,5.536,0.0,0.001,-22.76,0.3204,
fsd50k_speech_normal_85fb87c1,speech_normal,data/banks/foreground/speech_normal/fsd50k_speech_normal_85fb87c1.wav,22.0731,22.0731,0.0,0.0,-22.5,0.642,
fsd50k_speech_normal_860d5b8a,speech_normal,data/banks/foreground/speech_normal/fsd50k_speech_normal_860d5b8a.wav,0.8996,0.8996,0.0,0.0,-22.16,0.48,
fsd50k_speech_normal_8626b64d,speech_normal,data/banks/foreground/speech_normal/fsd50k_speech_normal_8626b64d.wav,1.0,0.864,0.032,0.104,-22.8,0.7762,
fsd50k_speech_normal_863a671c,speech_normal,data/banks/foreground/speech_normal/fsd50k_speech_normal_863a671c.wav,1.9051,1.9051,0.0,0.0,-23.32,0.382,
fsd50k_speech_normal_864e3e3e,speech_normal,data/banks/foreground/speech_normal/fsd50k_speech_normal_864e3e3e.wav,6.817,6.785,0.032,0.0,-22.68,0.6604,
fsd50k_speech_normal_8759a2dc,speech_normal,data/banks/foreground/speech_normal/fsd50k_speech_normal_8759a2dc.wav,0.6887,0.512,0.064,0.1128,-23.62,0.4611,
fsd50k_speech_normal_87890c38,speech_normal,data/banks/foreground/speech_normal/fsd50k_speech_normal_87890c38.wav,2.659,2.659,0.0,0.0,-28.61,0.8912,
fsd50k_speech_normal_878e1039,speech_normal,data/banks/foreground/speech_normal/fsd50k_speech_normal_878e1039.wav,4.0689,4.032,0.0,0.0369,-23.02,0.4554,
fsd50k_speech_normal_879df93d,speech_normal,data/banks/foreground/speech_normal/fsd50k_speech_normal_879df93d.wav,1.1494,0.832,0.0,0.3174,-22.78,0.4169,
fsd50k_speech_normal_87a3a057,speech_normal,data/banks/foreground/speech_normal/fsd50k_speech_normal_87a3a057.wav,0.6841,0.6841,0.0,0.0,-24.0,0.4279,
fsd50k_speech_normal_884c9770,speech_normal,data/banks/foreground/speech_normal/fsd50k_speech_normal_884c9770.wav,1.057,1.057,0.0,0.0,-20.42,0.3977,
fsd50k_speech_normal_886b53a1,speech_normal,data/banks/foreground/speech_normal/fsd50k_speech_normal_886b53a1.wav,1.7721,1.6,0.0,0.1721,-22.77,0.3943,
fsd50k_speech_normal_896e19ba,speech_normal,data/banks/foreground/speech_normal/fsd50k_speech_normal_896e19ba.wav,1.7531,1.7531,0.0,0.0,-25.29,0.3979,
fsd50k_speech_normal_897bb1f2,speech_normal,data/banks/foreground/speech_normal/fsd50k_speech_normal_897bb1f2.wav,3.078,3.078,0.0,0.0,-24.51,0.308,
fsd50k_speech_normal_898eb628,speech_normal,data/banks/foreground/speech_normal/fsd50k_speech_normal_898eb628.wav,1.4648,1.408,0.032,0.0248,-22.98,0.3521,
fsd50k_speech_normal_89e6efd0,speech_normal,data/banks/foreground/speech_normal/fsd50k_speech_normal_89e6efd0.wav,2.7886,2.4,0.0,0.3886,-22.24,0.3323,
fsd50k_speech_normal_89f7f370,speech_normal,data/banks/foreground/speech_normal/fsd50k_speech_normal_89f7f370.wav,1.4887,1.184,0.0,0.3047,-23.7,0.2054,
fsd50k_speech_normal_89fae9db,speech_normal,data/banks/foreground/speech_normal/fsd50k_speech_normal_89fae9db.wav,0.9173,0.8852,0.032,0.0,-23.49,0.2381,
fsd50k_speech_normal_8a57dabb,speech_normal,data/banks/foreground/speech_normal/fsd50k_speech_normal_8a57dabb.wav,0.6892,0.6892,0.0,0.0,-22.01,0.5169,
fsd50k_speech_normal_8a78211b,speech_normal,data/banks/foreground/speech_normal/fsd50k_speech_normal_8a78211b.wav,4.1216,3.936,0.064,0.1216,-23.65,0.8913,
fsd50k_speech_normal_8ac8104d,speech_normal,data/banks/foreground/speech_normal/fsd50k_speech_normal_8ac8104d.wav,5.4074,5.312,0.032,0.0634,-22.57,0.3626,
fsd50k_speech_normal_8b32326a,speech_normal,data/banks/foreground/speech_normal/fsd50k_speech_normal_8b32326a.wav,16.6126,16.6126,0.0,0.0,-22.41,0.8121,
fsd50k_speech_normal_8c0d1006,speech_normal,data/banks/foreground/speech_normal/fsd50k_speech_normal_8c0d1006.wav,2.6821,2.656,0.0,0.0261,-22.43,0.4573,
fsd50k_speech_normal_8c7c360d,speech_normal,data/banks/foreground/speech_normal/fsd50k_speech_normal_8c7c360d.wav,0.4727,0.4727,0.0,0.0,-22.08,0.3617,
fsd50k_speech_normal_8ce8d59f,speech_normal,data/banks/foreground/speech_normal/fsd50k_speech_normal_8ce8d59f.wav,2.339,2.144,0.0,0.195,-23.28,0.262,
fsd50k_speech_normal_8d18ceaf,speech_normal,data/banks/foreground/speech_normal/fsd50k_speech_normal_8d18ceaf.wav,1.2797,1.2797,0.0,0.0,-22.94,0.3171,
fsd50k_speech_normal_8d9b63d2,speech_normal,data/banks/foreground/speech_normal/fsd50k_speech_normal_8d9b63d2.wav,5.3343,5.3343,0.0,0.0,-23.72,0.4467,
fsd50k_speech_normal_8e1f6ee3,speech_normal,data/banks/foreground/speech_normal/fsd50k_speech_normal_8e1f6ee3.wav,1.1491,0.96,0.0,0.1891,-24.53,0.3067,
fsd50k_speech_normal_8f51a0cd,speech_normal,data/banks/foreground/speech_normal/fsd50k_speech_normal_8f51a0cd.wav,1.1961,1.152,0.0,0.0441,-22.51,0.3244,
fsd50k_speech_normal_8fcc8513,speech_normal,data/banks/foreground/speech_normal/fsd50k_speech_normal_8fcc8513.wav,1.2632,1.2632,0.0,0.0,-23.65,0.3248,
fsd50k_speech_normal_8fe6da0f,speech_normal,data/banks/foreground/speech_normal/fsd50k_speech_normal_8fe6da0f.wav,1.5,1.5,0.0,0.0,-26.34,0.4922,
fsd50k_speech_normal_8fe782bf,speech_normal,data/banks/foreground/speech_normal/fsd50k_speech_normal_8fe782bf.wav,0.9051,0.768,0.128,0.0091,-22.82,0.3778,
fsd50k_speech_normal_903fde5e,speech_normal,data/banks/foreground/speech_normal/fsd50k_speech_normal_903fde5e.wav,1.0321,1.0001,0.032,0.0,-22.84,0.8253,
fsd50k_speech_normal_914e2a71,speech_normal,data/banks/foreground/speech_normal/fsd50k_speech_normal_914e2a71.wav,1.0,0.928,0.0,0.072,-22.5,0.3179,
fsd50k_speech_normal_9159e226,speech_normal,data/banks/foreground/speech_normal/fsd50k_speech_normal_9159e226.wav,1.056,0.928,0.096,0.032,-23.59,0.3407,
fsd50k_speech_normal_91f7b48b,speech_normal,data/banks/foreground/speech_normal/fsd50k_speech_normal_91f7b48b.wav,0.8366,0.8366,0.0,0.0,-23.0,0.6762,
fsd50k_speech_normal_921f3941,speech_normal,data/banks/foreground/speech_normal/fsd50k_speech_normal_921f3941.wav,3.4479,3.072,0.32,0.0559,-23.41,0.3079,
fsd50k_speech_normal_9220dcd7,speech_normal,data/banks/foreground/speech_normal/fsd50k_speech_normal_9220dcd7.wav,0.6062,0.6062,0.0,0.0,-22.97,0.3839,
fsd50k_speech_normal_929a40b4,speech_normal,data/banks/foreground/speech_normal/fsd50k_speech_normal_929a40b4.wav,1.1814,1.152,0.0,0.0294,-23.29,0.317,
fsd50k_speech_normal_92a717a4,speech_normal,data/banks/foreground/speech_normal/fsd50k_speech_normal_92a717a4.wav,0.5935,0.5935,0.0,0.0,-8.77,0.537,
fsd50k_speech_normal_92e947ac,speech_normal,data/banks/foreground/speech_normal/fsd50k_speech_normal_92e947ac.wav,3.296,3.168,0.128,0.0,-21.84,0.3204,
fsd50k_speech_normal_930db832,speech_normal,data/banks/foreground/speech_normal/fsd50k_speech_normal_930db832.wav,1.0853,1.0853,0.0,0.0,-22.87,0.3739,
fsd50k_speech_normal_9350a023,speech_normal,data/banks/foreground/speech_normal/fsd50k_speech_normal_9350a023.wav,1.161,1.129,0.032,0.0,-25.35,0.4662,
fsd50k_speech_normal_9353199b,speech_normal,data/banks/foreground/speech_normal/fsd50k_speech_normal_9353199b.wav,1.4756,1.4756,0.0,0.0,-24.04,0.3557,
fsd50k_speech_normal_936c1fe9,speech_normal,data/banks/foreground/speech_normal/fsd50k_speech_normal_936c1fe9.wav,3.618,3.488,0.0,0.13,-23.53,0.4544,
fsd50k_speech_normal_9421919f,speech_normal,data/banks/foreground/speech_normal/fsd50k_speech_normal_9421919f.wav,0.738,0.738,0.0,0.0,-23.27,0.3702,
fsd50k_speech_normal_94ebdac4,speech_normal,data/banks/foreground/speech_normal/fsd50k_speech_normal_94ebdac4.wav,1.697,1.697,0.0,0.0,-24.88,0.6364,
fsd50k_speech_normal_95213142,speech_normal,data/banks/foreground/speech_normal/fsd50k_speech_normal_95213142.wav,3.3684,3.136,0.032,0.2004,-22.28,0.3138,
fsd50k_speech_normal_95545bf1,speech_normal,data/banks/foreground/speech_normal/fsd50k_speech_normal_95545bf1.wav,0.6329,0.6329,0.0,0.0,-22.99,0.3941,
fsd50k_speech_normal_95fe47a6,speech_normal,data/banks/foreground/speech_normal/fsd50k_speech_normal_95fe47a6.wav,1.1907,1.1907,0.0,0.0,-22.62,0.4072,
fsd50k_speech_normal_97b7e6b8,speech_normal,data/banks/foreground/speech_normal/fsd50k_speech_normal_97b7e6b8.wav,1.8041,1.504,0.0,0.3001,-23.63,0.2617,
fsd50k_speech_normal_97c2c6c1,speech_normal,data/banks/foreground/speech_normal/fsd50k_speech_normal_97c2c6c1.wav,1.058,1.058,0.0,0.0,-23.62,0.3726,
fsd50k_speech_normal_9880a241,speech_normal,data/banks/foreground/speech_normal/fsd50k_speech_normal_9880a241.wav,4.036,3.972,0.064,0.0,-25.04,0.3125,
fsd50k_speech_normal_99a70b03,speech_normal,data/banks/foreground/speech_normal/fsd50k_speech_normal_99a70b03.wav,1.057,1.057,0.0,0.0,-22.49,0.2953,
fsd50k_speech_normal_9a16ddda,speech_normal,data/banks/foreground/speech_normal/fsd50k_speech_normal_9a16ddda.wav,0.6988,0.6988,0.0,0.0,-22.17,0.4627,
fsd50k_speech_normal_9a70a754,speech_normal,data/banks/foreground/speech_normal/fsd50k_speech_normal_9a70a754.wav,1.156,1.156,0.0,0.0,-24.25,0.3054,
fsd50k_speech_normal_9ad5fd53,speech_normal,data/banks/foreground/speech_normal/fsd50k_speech_normal_9ad5fd53.wav,2.0,1.888,0.0,0.112,-23.26,0.5442,
fsd50k_speech_normal_9b7040a5,speech_normal,data/banks/foreground/speech_normal/fsd50k_speech_normal_9b7040a5.wav,1.7051,1.568,0.0,0.1371,-23.74,0.3503,
fsd50k_speech_normal_9b7f1151,speech_normal,data/banks/foreground/speech_normal/fsd50k_speech_normal_9b7f1151.wav,1.694,1.568,0.0,0.126,-23.72,0.374,
fsd50k_speech_normal_9bb05250,speech_normal,data/banks/foreground/speech_normal/fsd50k_speech_normal_9bb05250.wav,0.6852,0.6852,0.0,0.0,-22.39,0.3578,
fsd50k_speech_normal_9c2a3383,speech_normal,data/banks/foreground/speech_normal/fsd50k_speech_normal_9c2a3383.wav,1.1054,1.1054,0.0,0.0,-22.95,0.3342,
fsd50k_speech_normal_9c6977d8,speech_normal,data/banks/foreground/speech_normal/fsd50k_speech_normal_9c6977d8.wav,0.6038,0.6038,0.0,0.0,-21.43,0.4048,
fsd50k_speech_normal_9ced9f57,speech_normal,data/banks/foreground/speech_normal/fsd50k_speech_normal_9ced9f57.wav,1.059,1.059,0.0,0.0,-21.28,0.3772,
fsd50k_speech_normal_9cf49120,speech_normal,data/banks/foreground/speech_normal/fsd50k_speech_normal_9cf49120.wav,0.6151,0.512,0.064,0.0391,-22.7,0.2691,
fsd50k_speech_normal_9cfc3030,speech_normal,data/banks/foreground/speech_normal/fsd50k_speech_normal_9cfc3030.wav,1.4977,1.4657,0.032,0.0,-22.74,0.2354,
fsd50k_speech_normal_9d9c989f,speech_normal,data/banks/foreground/speech_normal/fsd50k_speech_normal_9d9c989f.wav,0.9717,0.96,0.0,0.0117,-21.41,0.6116,
fsd50k_speech_normal_9e8e8d38,speech_normal,data/banks/foreground/speech_normal/fsd50k_speech_normal_9e8e8d38.wav,1.6464,1.6464,0.0,0.0,-23.97,0.4754,
fsd50k_speech_normal_9eed3f92,speech_normal,data/banks/foreground/speech_normal/fsd50k_speech_normal_9eed3f92.wav,2.0663,1.984,0.064,0.0182,-24.18,0.2549,
fsd50k_speech_normal_9f00c809,speech_normal,data/banks/foreground/speech_normal/fsd50k_speech_normal_9f00c809.wav,0.4528,0.4208,0.032,0.0,-24.91,0.7084,
fsd50k_speech_normal_9f3593b3,speech_normal,data/banks/foreground/speech_normal/fsd50k_speech_normal_9f3593b3.wav,1.3046,1.184,0.032,0.0886,-22.38,0.344,
fsd50k_speech_normal_9f73e833,speech_normal,data/banks/foreground/speech_normal/fsd50k_speech_normal_9f73e833.wav,2.0,1.856,0.096,0.048,-23.27,0.7574,
fsd50k_speech_normal_9f86e748,speech_normal,data/banks/foreground/speech_normal/fsd50k_speech_normal_9f86e748.wav,1.0681,1.0681,0.0,0.0,-23.94,0.3766,
fsd50k_speech_normal_9fb72b91,speech_normal,data/banks/foreground/speech_normal/fsd50k_speech_normal_9fb72b91.wav,1.0299,0.96,0.0,0.0699,-22.49,0.2732,
fsd50k_speech_normal_9fb8ae70,speech_normal,data/banks/foreground/speech_normal/fsd50k_speech_normal_9fb8ae70.wav,1.2249,1.152,0.032,0.0409,-23.09,0.7384,
fsd50k_speech_normal_a04ea1ff,speech_normal,data/banks/foreground/speech_normal/fsd50k_speech_normal_a04ea1ff.wav,1.376,1.376,0.0,0.0,-25.24,0.5248,
fsd50k_speech_normal_a0586b4c,speech_normal,data/banks/foreground/speech_normal/fsd50k_speech_normal_a0586b4c.wav,0.6924,0.6924,0.0,0.0,-22.95,0.4681,
fsd50k_speech_normal_a09ab641,speech_normal,data/banks/foreground/speech_normal/fsd50k_speech_normal_a09ab641.wav,0.9783,0.608,0.096,0.2743,-20.85,0.4701,
fsd50k_speech_normal_a0f0847a,speech_normal,data/banks/foreground/speech_normal/fsd50k_speech_normal_a0f0847a.wav,2.0067,1.12,0.032,0.8547,-25.18,0.3934,
fsd50k_speech_normal_a103cf16,speech_normal,data/banks/foreground/speech_normal/fsd50k_speech_normal_a103cf16.wav,0.5354,0.5354,0.0,0.0,-23.65,0.3304,
fsd50k_speech_normal_a135549e,speech_normal,data/banks/foreground/speech_normal/fsd50k_speech_normal_a135549e.wav,0.7519,0.7519,0.0,0.0,-21.74,0.5832,
fsd50k_speech_normal_a190d68b,speech_normal,data/banks/foreground/speech_normal/fsd50k_speech_normal_a190d68b.wav,3.7791,3.7791,0.0,0.0,-23.97,0.3565,
fsd50k_speech_normal_a1d04caa,speech_normal,data/banks/foreground/speech_normal/fsd50k_speech_normal_a1d04caa.wav,0.6222,0.6222,0.0,0.0,-23.53,0.3516,
fsd50k_speech_normal_a2a3ccb2,speech_normal,data/banks/foreground/speech_normal/fsd50k_speech_normal_a2a3ccb2.wav,1.0159,1.0159,0.0,0.0,-23.08,0.3969,
fsd50k_speech_normal_a361c585,speech_normal,data/banks/foreground/speech_normal/fsd50k_speech_normal_a361c585.wav,3.2667,3.2667,0.0,0.0,-24.51,0.4261,
fsd50k_speech_normal_a36cc3a8,speech_normal,data/banks/foreground/speech_normal/fsd50k_speech_normal_a36cc3a8.wav,2.5,2.208,0.096,0.196,-23.05,0.4043,
fsd50k_speech_normal_a403ce76,speech_normal,data/banks/foreground/speech_normal/fsd50k_speech_normal_a403ce76.wav,3.3814,3.3814,0.0,0.0,-22.71,0.61,
fsd50k_speech_normal_a4523457,speech_normal,data/banks/foreground/speech_normal/fsd50k_speech_normal_a4523457.wav,2.1199,2.0559,0.064,0.0,-25.22,0.4783,
fsd50k_speech_normal_a4fc5a5c,speech_normal,data/banks/foreground/speech_normal/fsd50k_speech_normal_a4fc5a5c.wav,1.374,1.374,0.0,0.0,-24.8,0.8913,
fsd50k_speech_normal_a5391be0,speech_normal,data/banks/foreground/speech_normal/fsd50k_speech_normal_a5391be0.wav,0.5108,0.5108,0.0,0.0,-25.77,0.5096,
fsd50k_speech_normal_a56dec98,speech_normal,data/banks/foreground/speech_normal/fsd50k_speech_normal_a56dec98.wav,2.1161,1.472,0.512,0.1321,-22.88,0.5063,
fsd50k_speech_normal_a5aebeef,speech_normal,data/banks/foreground/speech_normal/fsd50k_speech_normal_a5aebeef.wav,2.437,2.437,0.0,0.0,-23.24,0.4043,
fsd50k_speech_normal_a6771ff7,speech_normal,data/banks/foreground/speech_normal/fsd50k_speech_normal_a6771ff7.wav,1.9041,1.856,0.0,0.0481,-22.77,0.4388,
fsd50k_speech_normal_a698a25a,speech_normal,data/banks/foreground/speech_normal/fsd50k_speech_normal_a698a25a.wav,3.6159,3.5839,0.032,0.0,-21.73,0.3295,
fsd50k_speech_normal_a6cd172b,speech_normal,data/banks/foreground/speech_normal/fsd50k_speech_normal_a6cd172b.wav,0.6184,0.6184,0.0,0.0,-21.8,0.4542,
fsd50k_speech_normal_a6f590d0,speech_normal,data/banks/foreground/speech_normal/fsd50k_speech_normal_a6f590d0.wav,1.8719,1.856,0.0,0.0159,-22.83,0.3241,
fsd50k_speech_normal_a6ff21e4,speech_normal,data/banks/foreground/speech_normal/fsd50k_speech_normal_a6ff21e4.wav,6.995,6.963,0.032,0.0,-22.67,0.4647,
fsd50k_speech_normal_a724c46f,speech_normal,data/banks/foreground/speech_normal/fsd50k_speech_normal_a724c46f.wav,2.3369,2.304,0.0,0.0329,-22.27,0.4702,
fsd50k_speech_normal_a72ddf85,speech_normal,data/banks/foreground/speech_normal/fsd50k_speech_normal_a72ddf85.wav,2.657,2.657,0.0,0.0,-23.2,0.3402,
fsd50k_speech_normal_a7410263,speech_normal,data/banks/foreground/speech_normal/fsd50k_speech_normal_a7410263.wav,3.5556,3.5556,0.0,0.0,-24.25,0.4838,
fsd50k_speech_normal_a7546872,speech_normal,data/banks/foreground/speech_normal/fsd50k_speech_normal_a7546872.wav,2.4401,2.0881,0.352,0.0,-23.75,0.4384,
fsd50k_speech_normal_a7ac49fc,speech_normal,data/banks/foreground/speech_normal/fsd50k_speech_normal_a7ac49fc.wav,3.3031,2.304,0.544,0.4551,-24.93,0.5305,
fsd50k_speech_normal_a7afbf9c,speech_normal,data/banks/foreground/speech_normal/fsd50k_speech_normal_a7afbf9c.wav,1.697,1.697,0.0,0.0,-24.13,0.5168,
fsd50k_speech_normal_a7b417c7,speech_normal,data/banks/foreground/speech_normal/fsd50k_speech_normal_a7b417c7.wav,0.8059,0.8059,0.0,0.0,-22.19,0.567,
fsd50k_speech_normal_a816d1fb,speech_normal,data/banks/foreground/speech_normal/fsd50k_speech_normal_a816d1fb.wav,6.494,5.952,0.064,0.478,-24.78,0.1867,
fsd50k_speech_normal_a82d5348,speech_normal,data/banks/foreground/speech_normal/fsd50k_speech_normal_a82d5348.wav,0.5451,0.5451,0.0,0.0,-21.94,0.5234,
fsd50k_speech_normal_a984026d,speech_normal,data/banks/foreground/speech_normal/fsd50k_speech_normal_a984026d.wav,1.694,1.694,0.0,0.0,-26.02,0.5673,
fsd50k_speech_normal_a9a27cc5,speech_normal,data/banks/foreground/speech_normal/fsd50k_speech_normal_a9a27cc5.wav,4.2261,4.064,0.0,0.1621,-23.05,0.5244,
fsd50k_speech_normal_a9c11b3c,speech_normal,data/banks/foreground/speech_normal/fsd50k_speech_normal_a9c11b3c.wav,4.7677,4.48,0.0,0.2877,-23.45,0.366,
fsd50k_speech_normal_a9ff8f60,speech_normal,data/banks/foreground/speech_normal/fsd50k_speech_normal_a9ff8f60.wav,0.9155,0.736,0.032,0.1475,-22.37,0.3852,
fsd50k_speech_normal_aa3f3f4f,speech_normal,data/banks/foreground/speech_normal/fsd50k_speech_normal_aa3f3f4f.wav,0.735,0.735,0.0,0.0,-25.54,0.3563,
fsd50k_speech_normal_aa644bee,speech_normal,data/banks/foreground/speech_normal/fsd50k_speech_normal_aa644bee.wav,2.5343,2.5343,0.0,0.0,-22.03,0.6516,
fsd50k_speech_normal_aa842169,speech_normal,data/banks/foreground/speech_normal/fsd50k_speech_normal_aa842169.wav,1.9815,1.792,0.0,0.1895,-24.48,0.4143,
fsd50k_speech_normal_aacfe7d4,speech_normal,data/banks/foreground/speech_normal/fsd50k_speech_normal_aacfe7d4.wav,1.6875,1.536,0.032,0.1195,-22.33,0.2687,
fsd50k_speech_normal_aba16c1a,speech_normal,data/banks/foreground/speech_normal/fsd50k_speech_normal_aba16c1a.wav,1.2615,1.2615,0.0,0.0,-26.0,0.4671,
fsd50k_speech_normal_abb27ce6,speech_normal,data/banks/foreground/speech_normal/fsd50k_speech_normal_abb27ce6.wav,1.375,1.343,0.032,0.0,-23.82,0.3076,
fsd50k_speech_normal_abf060e5,speech_normal,data/banks/foreground/speech_normal/fsd50k_speech_normal_abf060e5.wav,1.3569,1.312,0.0,0.0449,-22.59,0.4194,
fsd50k_speech_normal_ac1bc0fb,speech_normal,data/banks/foreground/speech_normal/fsd50k_speech_normal_ac1bc0fb.wav,2.0266,2.0266,0.0,0.0,-23.65,0.5692,
fsd50k_speech_normal_ac353a03,speech_normal,data/banks/foreground/speech_normal/fsd50k_speech_normal_ac353a03.wav,1.5099,0.736,0.352,0.4219,-22.47,0.4345,
fsd50k_speech_normal_ac3d03e9,speech_normal,data/banks/foreground/speech_normal/fsd50k_speech_normal_ac3d03e9.wav,1.376,1.376,0.0,0.0,-24.31,0.3697,
fsd50k_speech_normal_ac7dc45c,speech_normal,data/banks/foreground/speech_normal/fsd50k_speech_normal_ac7dc45c.wav,1.7764,1.7764,0.0,0.0,-28.95,0.5948,
fsd50k_speech_normal_acad1719,speech_normal,data/banks/foreground/speech_normal/fsd50k_speech_normal_acad1719.wav,1.1169,1.0529,0.064,0.0,-23.87,0.3289,
fsd50k_speech_normal_acd89e17,speech_normal,data/banks/foreground/speech_normal/fsd50k_speech_normal_acd89e17.wav,0.4583,0.4583,0.0,0.0,-21.76,0.5616,
fsd50k_speech_normal_acf6344f,speech_normal,data/banks/foreground/speech_normal/fsd50k_speech_normal_acf6344f.wav,1.057,1.024,0.032,0.001,-22.46,0.4123,
fsd50k_speech_normal_ad5d25ef,speech_normal,data/banks/foreground/speech_normal/fsd50k_speech_normal_ad5d25ef.wav,2.7857,2.656,0.0,0.1297,-24.25,0.2799,
fsd50k_speech_normal_ad660dfc,speech_normal,data/banks/foreground/speech_normal/fsd50k_speech_normal_ad660dfc.wav,1.1973,1.152,0.0,0.0453,-23.43,0.5287,
fsd50k_speech_normal_adb0f9d2,speech_normal,data/banks/foreground/speech_normal/fsd50k_speech_normal_adb0f9d2.wav,1.6353,1.6353,0.0,0.0,-24.1,0.3968,
fsd50k_speech_normal_ae2df55d,speech_normal,data/banks/foreground/speech_normal/fsd50k_speech_normal_ae2df55d.wav,2.9773,2.9773,0.0,0.0,-24.41,0.428,
fsd50k_speech_normal_af1abbc7,speech_normal,data/banks/foreground/speech_normal/fsd50k_speech_normal_af1abbc7.wav,1.4067,1.376,0.0,0.0307,-22.91,0.4167,
fsd50k_speech_normal_af724c84,speech_normal,data/banks/foreground/speech_normal/fsd50k_speech_normal_af724c84.wav,3.5,3.072,0.288,0.14,-22.66,0.6107,
fsd50k_speech_normal_b0a65923,speech_normal,data/banks/foreground/speech_normal/fsd50k_speech_normal_b0a65923.wav,1.4543,1.088,0.0,0.3663,-22.24,0.2924,
fsd50k_speech_normal_b0fb7b8e,speech_normal,data/banks/foreground/speech_normal/fsd50k_speech_normal_b0fb7b8e.wav,3.399,2.4,0.416,0.583,-23.97,0.545,
fsd50k_speech_normal_b0fd7370,speech_normal,data/banks/foreground/speech_normal/fsd50k_speech_normal_b0fd7370.wav,0.7271,0.7271,0.0,0.0,-22.61,0.3004,
fsd50k_speech_normal_b1977fe7,speech_normal,data/banks/foreground/speech_normal/fsd50k_speech_normal_b1977fe7.wav,1.375,1.375,0.0,0.0,-24.43,0.5042,
fsd50k_speech_normal_b1a7ac77,speech_normal,data/banks/foreground/speech_normal/fsd50k_speech_normal_b1a7ac77.wav,1.695,1.695,0.0,0.0,-24.51,0.4065,
fsd50k_speech_normal_b1c8db50,speech_normal,data/banks/foreground/speech_normal/fsd50k_speech_normal_b1c8db50.wav,1.2567,1.216,0.0,0.0407,-25.5,0.5096,
fsd50k_speech_normal_b1e0c822,speech_normal,data/banks/foreground/speech_normal/fsd50k_speech_normal_b1e0c822.wav,1.3468,1.312,0.0,0.0348,-24.95,0.2227,
fsd50k_speech_normal_b29cd7e6,speech_normal,data/banks/foreground/speech_normal/fsd50k_speech_normal_b29cd7e6.wav,0.5805,0.5805,0.0,0.0,-26.17,0.3758,
fsd50k_speech_normal_b2a7f08a,speech_normal,data/banks/foreground/speech_normal/fsd50k_speech_normal_b2a7f08a.wav,4.256,4.256,0.0,0.0,-23.52,0.3635,
fsd50k_speech_normal_b3a6b556,speech_normal,data/banks/foreground/speech_normal/fsd50k_speech_normal_b3a6b556.wav,1.057,0.993,0.064,0.0,-22.28,0.3282,
fsd50k_speech_normal_b3d7bb6d,speech_normal,data/banks/foreground/speech_normal/fsd50k_speech_normal_b3d7bb6d.wav,3.0679,3.0679,0.0,0.0,-24.36,0.5925,
fsd50k_speech_normal_b416b430,speech_normal,data/banks/foreground/speech_normal/fsd50k_speech_normal_b416b430.wav,1.056,0.96,0.032,0.064,-23.42,0.4186,
fsd50k_speech_normal_b42a644e,speech_normal,data/banks/foreground/speech_normal/fsd50k_speech_normal_b42a644e.wav,1.9636,1.888,0.0,0.0756,-23.64,0.3647,
fsd50k_speech_normal_b4a84c19,speech_normal,data/banks/foreground/speech_normal/fsd50k_speech_normal_b4a84c19.wav,2.4809,2.368,0.0,0.1129,-23.95,0.4437,
fsd50k_speech_normal_b4e5a853,speech_normal,data/banks/foreground/speech_normal/fsd50k_speech_normal_b4e5a853.wav,3.6534,3.36,0.064,0.2294,-22.67,0.3051,
fsd50k_speech_normal_b4fdb419,speech_normal,data/banks/foreground/speech_normal/fsd50k_speech_normal_b4fdb419.wav,0.6328,0.6328,0.0,0.0,-25.32,0.3152,
fsd50k_speech_normal_b508b840,speech_normal,data/banks/foreground/speech_normal/fsd50k_speech_normal_b508b840.wav,2.8667,2.624,0.032,0.2107,-24.05,0.4,
fsd50k_speech_normal_b50a040c,speech_normal,data/banks/foreground/speech_normal/fsd50k_speech_normal_b50a040c.wav,1.0,0.736,0.032,0.232,-24.22,0.5969,
fsd50k_speech_normal_b5cd69ac,speech_normal,data/banks/foreground/speech_normal/fsd50k_speech_normal_b5cd69ac.wav,1.136,1.12,0.0,0.016,-23.68,0.4725,
fsd50k_speech_normal_b5fdf4e3,speech_normal,data/banks/foreground/speech_normal/fsd50k_speech_normal_b5fdf4e3.wav,3.3466,3.3466,0.0,0.0,-22.45,0.5584,
fsd50k_speech_normal_b66ef567,speech_normal,data/banks/foreground/speech_normal/fsd50k_speech_normal_b66ef567.wav,1.6224,1.6,0.0,0.0224,-24.51,0.3287,
fsd50k_speech_normal_b6b2da17,speech_normal,data/banks/foreground/speech_normal/fsd50k_speech_normal_b6b2da17.wav,1.16,1.16,0.0,0.0,-23.96,0.2669,
fsd50k_speech_normal_b7f3259b,speech_normal,data/banks/foreground/speech_normal/fsd50k_speech_normal_b7f3259b.wav,3.3089,3.3089,0.0,0.0,-24.78,0.578,
fsd50k_speech_normal_b85ce3f9,speech_normal,data/banks/foreground/speech_normal/fsd50k_speech_normal_b85ce3f9.wav,1.2965,1.2965,0.0,0.0,-24.89,0.4283,
fsd50k_speech_normal_b892538f,speech_normal,data/banks/foreground/speech_normal/fsd50k_speech_normal_b892538f.wav,1.7531,1.7211,0.032,0.0,-24.51,0.3058,
fsd50k_speech_normal_b892f4cb,speech_normal,data/banks/foreground/speech_normal/fsd50k_speech_normal_b892f4cb.wav,6.814,6.814,0.0,0.0,-23.54,0.8913,
fsd50k_speech_normal_b8d43f92,speech_normal,data/banks/foreground/speech_normal/fsd50k_speech_normal_b8d43f92.wav,1.0,0.48,0.096,0.424,-21.47,0.4447,
fsd50k_speech_normal_b8d8f45f,speech_normal,data/banks/foreground/speech_normal/fsd50k_speech_normal_b8d8f45f.wav,1.8509,1.6,0.064,0.1869,-22.89,0.2645,
fsd50k_speech_normal_b8e8b635,speech_normal,data/banks/foreground/speech_normal/fsd50k_speech_normal_b8e8b635.wav,1.12,0.96,0.0,0.16,-23.78,0.5325,
fsd50k_speech_normal_b8eb433e,speech_normal,data/banks/foreground/speech_normal/fsd50k_speech_normal_b8eb433e.wav,0.4993,0.4672,0.032,0.0,-25.09,0.8473,
fsd50k_speech_normal_b968c814,speech_normal,data/banks/foreground/speech_normal/fsd50k_speech_normal_b968c814.wav,1.1146,1.0506,0.064,0.0,-25.62,0.4082,
fsd50k_speech_normal_b9dff95b,speech_normal,data/banks/foreground/speech_normal/fsd50k_speech_normal_b9dff95b.wav,1.5346,1.5346,0.0,0.0,-22.97,0.3445,
fsd50k_speech_normal_ba1548d8,speech_normal,data/banks/foreground/speech_normal/fsd50k_speech_normal_ba1548d8.wav,0.6636,0.6636,0.0,0.0,-22.82,0.508,
fsd50k_speech_normal_ba3f7390,speech_normal,data/banks/foreground/speech_normal/fsd50k_speech_normal_ba3f7390.wav,2.9025,2.9025,0.0,0.0,-23.1,0.4847,
fsd50k_speech_normal_ba9483c2,speech_normal,data/banks/foreground/speech_normal/fsd50k_speech_normal_ba9483c2.wav,3.9339,3.9339,0.0,0.0,-24.04,0.7206,
fsd50k_speech_normal_bb131175,speech_normal,data/banks/foreground/speech_normal/fsd50k_speech_normal_bb131175.wav,2.3801,2.08,0.0,0.3001,-22.45,0.2971,
fsd50k_speech_normal_bbe89835,speech_normal,data/banks/foreground/speech_normal/fsd50k_speech_normal_bbe89835.wav,0.6456,0.6456,0.0,0.0,-23.96,0.363,
fsd50k_speech_normal_bbfd52df,speech_normal,data/banks/foreground/speech_normal/fsd50k_speech_normal_bbfd52df.wav,0.6331,0.6331,0.0,0.0,-20.67,0.6647,
fsd50k_speech_normal_bc9bd81a,speech_normal,data/banks/foreground/speech_normal/fsd50k_speech_normal_bc9bd81a.wav,1.25,1.25,0.0,0.0,-25.87,0.4104,
fsd50k_speech_normal_bcdbe5ed,speech_normal,data/banks/foreground/speech_normal/fsd50k_speech_normal_bcdbe5ed.wav,2.0179,2.0179,0.0,0.0,-21.68,0.5894,
fsd50k_speech_normal_bd8d84aa,speech_normal,data/banks/foreground/speech_normal/fsd50k_speech_normal_bd8d84aa.wav,0.8221,0.8221,0.0,0.0,-23.95,0.2574,
fsd50k_speech_normal_bf91226a,speech_normal,data/banks/foreground/speech_normal/fsd50k_speech_normal_bf91226a.wav,1.7996,1.7996,0.0,0.0,-23.01,0.5267,
fsd50k_speech_normal_c0507b68,speech_normal,data/banks/foreground/speech_normal/fsd50k_speech_normal_c0507b68.wav,3.5527,3.5527,0.0,0.0,-23.72,0.3943,
fsd50k_speech_normal_c0ab5990,speech_normal,data/banks/foreground/speech_normal/fsd50k_speech_normal_c0ab5990.wav,0.9653,0.9653,0.0,0.0,-22.46,0.3943,
fsd50k_speech_normal_c15e3113,speech_normal,data/banks/foreground/speech_normal/fsd50k_speech_normal_c15e3113.wav,0.7083,0.7083,0.0,0.0,-25.3,0.2726,
fsd50k_speech_normal_c1d02460,speech_normal,data/banks/foreground/speech_normal/fsd50k_speech_normal_c1d02460.wav,1.054,0.958,0.096,0.0,-22.99,0.4201,
fsd50k_speech_normal_c256fa82,speech_normal,data/banks/foreground/speech_normal/fsd50k_speech_normal_c256fa82.wav,1.697,1.697,0.0,0.0,-24.69,0.3628,
fsd50k_speech_normal_c2b554a4,speech_normal,data/banks/foreground/speech_normal/fsd50k_speech_normal_c2b554a4.wav,0.9404,0.9084,0.032,0.0,-24.7,0.3719,
fsd50k_speech_normal_c2c07d58,speech_normal,data/banks/foreground/speech_normal/fsd50k_speech_normal_c2c07d58.wav,0.6845,0.6845,0.0,0.0,-23.53,0.2857,
fsd50k_speech_normal_c2cd0c42,speech_normal,data/banks/foreground/speech_normal/fsd50k_speech_normal_c2cd0c42.wav,0.5689,0.5689,0.0,0.0,-24.15,0.3318,
fsd50k_speech_normal_c3000fba,speech_normal,data/banks/foreground/speech_normal/fsd50k_speech_normal_c3000fba.wav,1.4072,1.4072,0.0,0.0,-22.93,0.3124,
fsd50k_speech_normal_c3b79713,speech_normal,data/banks/foreground/speech_normal/fsd50k_speech_normal_c3b79713.wav,0.5296,0.5296,0.0,0.0,-23.05,0.3731,
fsd50k_speech_normal_c3c91516,speech_normal,data/banks/foreground/speech_normal/fsd50k_speech_normal_c3c91516.wav,0.6268,0.6268,0.0,0.0,-23.51,0.2474,
fsd50k_speech_normal_c474ff11,speech_normal,data/banks/foreground/speech_normal/fsd50k_speech_normal_c474ff11.wav,1.3975,1.3975,0.0,0.0,-24.28,0.4457,
fsd50k_speech_normal_c51dc3f2,speech_normal,data/banks/foreground/speech_normal/fsd50k_speech_normal_c51dc3f2.wav,0.7553,0.64,0.032,0.0833,-21.91,0.3763,
fsd50k_speech_normal_c530acf7,speech_normal,data/banks/foreground/speech_normal/fsd50k_speech_normal_c530acf7.wav,1.8518,1.792,0.0,0.0598,-22.71,0.2852,
fsd50k_speech_normal_c53e4cf5,speech_normal,data/banks/foreground/speech_normal/fsd50k_speech_normal_c53e4cf5.wav,3.007,3.007,0.0,0.0,-22.52,0.4811,
fsd50k_speech_normal_c5a1aad0,speech_normal,data/banks/foreground/speech_normal/fsd50k_speech_normal_c5a1aad0.wav,9.158,9.158,0.0,0.0,-25.65,0.6536,
fsd50k_speech_normal_c647a41d,speech_normal,data/banks/foreground/speech_normal/fsd50k_speech_normal_c647a41d.wav,1.2372,1.12,0.064,0.0532,-23.8,0.4703,
fsd50k_speech_normal_c6a25b38,speech_normal,data/banks/foreground/speech_normal/fsd50k_speech_normal_c6a25b38.wav,1.0808,1.0808,0.0,0.0,-24.39,0.5212,
fsd50k_speech_normal_c6b7b1d1,speech_normal,data/banks/foreground/speech_normal/fsd50k_speech_normal_c6b7b1d1.wav,1.69,1.53,0.16,0.0,-22.8,0.3607,
fsd50k_speech_normal_c720aa0d,speech_normal,data/banks/foreground/speech_normal/fsd50k_speech_normal_c720aa0d.wav,5.7397,5.632,0.0,0.1077,-23.09,0.3887,
fsd50k_speech_normal_c7627c67,speech_normal,data/banks/foreground/speech_normal/fsd50k_speech_normal_c7627c67.wav,0.9489,0.9489,0.0,0.0,-22.05,0.4643,
fsd50k_speech_normal_c7ab9ff4,speech_normal,data/banks/foreground/speech_normal/fsd50k_speech_normal_c7ab9ff4.wav,1.5132,1.5132,0.0,0.0,-23.47,0.5856,
fsd50k_speech_normal_c861aa97,speech_normal,data/banks/foreground/speech_normal/fsd50k_speech_normal_c861aa97.wav,2.2267,1.888,0.096,0.2427,-23.97,0.3527,
fsd50k_speech_normal_c8844c72,speech_normal,data/banks/foreground/speech_normal/fsd50k_speech_normal_c8844c72.wav,4.4571,4.4571,0.0,0.0,-22.76,0.5797,
fsd50k_speech_normal_c8a06a9f,speech_normal,data/banks/foreground/speech_normal/fsd50k_speech_normal_c8a06a9f.wav,1.4629,1.312,0.032,0.1189,-22.75,0.4926,
fsd50k_speech_normal_c9175bbb,speech_normal,data/banks/foreground/speech_normal/fsd50k_speech_normal_c9175bbb.wav,0.627,0.512,0.064,0.051,-23.42,0.4257,
fsd50k_speech_normal_c92e1f51,speech_normal,data/banks/foreground/speech_normal/fsd50k_speech_normal_c92e1f51.wav,2.6111,2.6111,0.0,0.0,-23.7,0.3782,
fsd50k_speech_normal_c9426f8c,speech_normal,data/banks/foreground/speech_normal/fsd50k_speech_normal_c9426f8c.wav,11.1297,11.1297,0.0,0.0,-22.59,0.4775,
fsd50k_speech_normal_c949525f,speech_normal,data/banks/foreground/speech_normal/fsd50k_speech_normal_c949525f.wav,5.1874,4.8,0.0,0.3874,-22.65,0.4492,
fsd50k_speech_normal_c9540297,speech_normal,data/banks/foreground/speech_normal/fsd50k_speech_normal_c9540297.wav,0.5775,0.5775,0.0,0.0,-19.94,0.6521,
fsd50k_speech_normal_ca2dc4ad,speech_normal,data/banks/foreground/speech_normal/fsd50k_speech_normal_ca2dc4ad.wav,1.12,1.12,0.0,0.0,-23.63,0.331,
fsd50k_speech_normal_ca3f2341,speech_normal,data/banks/foreground/speech_normal/fsd50k_speech_normal_ca3f2341.wav,0.8424,0.8424,0.0,0.0,-22.8,0.3684,
fsd50k_speech_normal_cae0b0c7,speech_normal,data/banks/foreground/speech_normal/fsd50k_speech_normal_cae0b0c7.wav,2.3329,2.2049,0.128,0.0,-22.47,0.5194,
fsd50k_speech_normal_cc4682ba,speech_normal,data/banks/foreground/speech_normal/fsd50k_speech_normal_cc4682ba.wav,1.3847,1.3847,0.0,0.0,-22.77,0.3329,
fsd50k_speech_normal_cc64330e,speech_normal,data/banks/foreground/speech_normal/fsd50k_speech_normal_cc64330e.wav,2.5467,2.5467,0.0,0.0,-27.76,0.7339,
fsd50k_speech_normal_cd64015a,speech_normal,data/banks/foreground/speech_normal/fsd50k_speech_normal_cd64015a.wav,0.8716,0.8716,0.0,0.0,-24.1,0.3569,
fsd50k_speech_normal_cd82ace7,speech_normal,data/banks/foreground/speech_normal/fsd50k_speech_normal_cd82ace7.wav,2.76,2.76,0.0,0.0,-24.47,0.8577,
fsd50k_speech_normal_cd8f4821,speech_normal,data/banks/foreground/speech_normal/fsd50k_speech_normal_cd8f4821.wav,1.378,1.378,0.0,0.0,-23.41,0.4269,
fsd50k_speech_normal_cdb31eeb,speech_normal,data/banks/foreground/speech_normal/fsd50k_speech_normal_cdb31eeb.wav,0.739,0.739,0.0,0.0,-22.89,0.4322,
fsd50k_speech_normal_ce071f16,speech_normal,data/banks/foreground/speech_normal/fsd50k_speech_normal_ce071f16.wav,2.7589,2.3109,0.448,0.0,-24.12,0.4233,
fsd50k_speech_normal_ce69cd5c,speech_normal,data/banks/foreground/speech_normal/fsd50k_speech_normal_ce69cd5c.wav,1.056,0.992,0.064,0.0,-26.41,0.2884,
fsd50k_speech_normal_cea2aab9,speech_normal,data/banks/foreground/speech_normal/fsd50k_speech_normal_cea2aab9.wav,2.1347,1.44,0.224,0.4707,-22.23,0.2882,
fsd50k_speech_normal_cf0d12e7,speech_normal,data/banks/foreground/speech_normal/fsd50k_speech_normal_cf0d12e7.wav,2.4207,2.176,0.0,0.2447,-23.15,0.4572,
fsd50k_speech_normal_cf78a18e,speech_normal,data/banks/foreground/speech_normal/fsd50k_speech_normal_cf78a18e.wav,1.378,1.378,0.0,0.0,-23.75,0.4576,
fsd50k_speech_normal_cf8243dc,speech_normal,data/banks/foreground/speech_normal/fsd50k_speech_normal_cf8243dc.wav,1.059,0.995,0.064,0.0,-22.23,0.4128,
fsd50k_speech_normal_cfa016a9,speech_normal,data/banks/foreground/speech_normal/fsd50k_speech_normal_cfa016a9.wav,1.0528,0.832,0.064,0.1568,-22.66,0.2979,
fsd50k_speech_normal_cfb0099d,speech_normal,data/banks/foreground/speech_normal/fsd50k_speech_normal_cfb0099d.wav,3.5467,3.456,0.0,0.0907,-23.9,0.4934,
fsd50k_speech_normal_d007a1f3,speech_normal,data/banks/foreground/speech_normal/fsd50k_speech_normal_d007a1f3.wav,2.653,2.109,0.544,0.0,-23.63,0.369,
fsd50k_speech_normal_d00dc4f5,speech_normal,data/banks/foreground/speech_normal/fsd50k_speech_normal_d00dc4f5.wav,1.377,1.377,0.0,0.0,-23.72,0.503,
fsd50k_speech_normal_d021f856,speech_normal,data/banks/foreground/speech_normal/fsd50k_speech_normal_d021f856.wav,0.7024,0.7024,0.0,0.0,-23.34,0.4467,
fsd50k_speech_normal_d05db17b,speech_normal,data/banks/foreground/speech_normal/fsd50k_speech_normal_d05db17b.wav,1.5557,1.5557,0.0,0.0,-23.65,0.3928,
fsd50k_speech_normal_d05f75bb,speech_normal,data/banks/foreground/speech_normal/fsd50k_speech_normal_d05f75bb.wav,0.8311,0.8311,0.0,0.0,-24.82,0.476,
fsd50k_speech_normal_d08ec3e0,speech_normal,data/banks/foreground/speech_normal/fsd50k_speech_normal_d08ec3e0.wav,1.7561,1.664,0.0,0.0921,-22.89,0.3105,
fsd50k_speech_normal_d0ce38c7,speech_normal,data/banks/foreground/speech_normal/fsd50k_speech_normal_d0ce38c7.wav,1.6486,1.408,0.16,0.0806,-23.62,0.3369,
fsd50k_speech_normal_d10ff31d,speech_normal,data/banks/foreground/speech_normal/fsd50k_speech_normal_d10ff31d.wav,1.6254,1.6,0.0,0.0254,-23.15,0.4815,
fsd50k_speech_normal_d15dbde6,speech_normal,data/banks/foreground/speech_normal/fsd50k_speech_normal_d15dbde6.wav,1.059,1.059,0.0,0.0,-24.39,0.2787,
fsd50k_speech_normal_d200781e,speech_normal,data/banks/foreground/speech_normal/fsd50k_speech_normal_d200781e.wav,1.2918,1.2918,0.0,0.0,-23.49,0.3811,
fsd50k_speech_normal_d22100b5,speech_normal,data/banks/foreground/speech_normal/fsd50k_speech_normal_d22100b5.wav,1.697,1.697,0.0,0.0,-23.94,0.4845,
fsd50k_speech_normal_d25e7520,speech_normal,data/banks/foreground/speech_normal/fsd50k_speech_normal_d25e7520.wav,1.699,1.152,0.16,0.387,-23.01,0.3184,
fsd50k_speech_normal_d2b5caa6,speech_normal,data/banks/foreground/speech_normal/fsd50k_speech_normal_d2b5caa6.wav,1.3439,1.3439,0.0,0.0,-23.39,0.4164,
fsd50k_speech_normal_d2f6364a,speech_normal,data/banks/foreground/speech_normal/fsd50k_speech_normal_d2f6364a.wav,0.9136,0.9136,0.0,0.0,-20.91,0.4205,
fsd50k_speech_normal_d334d1a6,speech_normal,data/banks/foreground/speech_normal/fsd50k_speech_normal_d334d1a6.wav,1.7363,1.408,0.032,0.2963,-25.33,0.3515,
fsd50k_speech_normal_d3b8d815,speech_normal,data/banks/foreground/speech_normal/fsd50k_speech_normal_d3b8d815.wav,2.5377,2.528,0.0,0.0097,-23.06,0.4359,
fsd50k_speech_normal_d42f3673,speech_normal,data/banks/foreground/speech_normal/fsd50k_speech_normal_d42f3673.wav,0.9393,0.9393,0.0,0.0,-22.46,0.6245,
fsd50k_speech_normal_d4317fce,speech_normal,data/banks/foreground/speech_normal/fsd50k_speech_normal_d4317fce.wav,0.8674,0.8674,0.0,0.0,-23.64,0.3605,
fsd50k_speech_normal_d4cc0941,speech_normal,data/banks/foreground/speech_normal/fsd50k_speech_normal_d4cc0941.wav,8.3867,8.3867,0.0,0.0,-23.27,0.6052,
fsd50k_speech_normal_d4d3786b,speech_normal,data/banks/foreground/speech_normal/fsd50k_speech_normal_d4d3786b.wav,0.7199,0.6879,0.032,0.0,-26.91,0.5375,
fsd50k_speech_normal_d513303b,speech_normal,data/banks/foreground/speech_normal/fsd50k_speech_normal_d513303b.wav,3.4918,3.4918,0.0,0.0,-23.15,0.4368,
fsd50k_speech_normal_d62466d2,speech_normal,data/banks/foreground/speech_normal/fsd50k_speech_normal_d62466d2.wav,1.0,0.608,0.0,0.392,-21.86,0.787,
fsd50k_speech_normal_d63205e9,speech_normal,data/banks/foreground/speech_normal/fsd50k_speech_normal_d63205e9.wav,4.352,3.616,0.48,0.256,-22.36,0.6797,
fsd50k_speech_normal_d64147f1,speech_normal,data/banks/foreground/speech_normal/fsd50k_speech_normal_d64147f1.wav,2.1149,2.1149,0.0,0.0,-24.93,0.5271,
fsd50k_speech_normal_d69769e4,speech_normal,data/banks/foreground/speech_normal/fsd50k_speech_normal_d69769e4.wav,1.2982,1.2982,0.0,0.0,-23.27,0.3059,
fsd50k_speech_normal_d6b77019,speech_normal,data/banks/foreground/speech_normal/fsd50k_speech_normal_d6b77019.wav,0.7644,0.7644,0.0,0.0,-24.62,0.2578,
fsd50k_speech_normal_d709a3df,speech_normal,data/banks/foreground/speech_normal/fsd50k_speech_normal_d709a3df.wav,0.679,0.679,0.0,0.0,-22.8,0.3832,
fsd50k_speech_normal_d771dbef,speech_normal,data/banks/foreground/speech_normal/fsd50k_speech_normal_d771dbef.wav,1.4591,1.408,0.032,0.0191,-24.18,0.6304,
fsd50k_speech_normal_d83e9b82,speech_normal,data/banks/foreground/speech_normal/fsd50k_speech_normal_d83e9b82.wav,0.4188,0.4188,0.0,0.0,-23.39,0.3484,
fsd50k_speech_normal_d899520e,speech_normal,data/banks/foreground/speech_normal/fsd50k_speech_normal_d899520e.wav,1.7473,1.568,0.032,0.1473,-24.41,0.4179,
fsd50k_speech_normal_d92b89d3,speech_normal,data/banks/foreground/speech_normal/fsd50k_speech_normal_d92b89d3.wav,5.2361,5.2361,0.0,0.0,-23.41,0.6377,
fsd50k_speech_normal_d940519a,speech_normal,data/banks/foreground/speech_normal/fsd50k_speech_normal_d940519a.wav,2.336,2.336,0.0,0.0,-23.77,0.4713,
fsd50k_speech_normal_d96700de,speech_normal,data/banks/foreground/speech_normal/fsd50k_speech_normal_d96700de.wav,1.579,1.547,0.032,0.0,-23.64,0.413,
fsd50k_speech_normal_d982c3a8,speech_normal,data/banks/foreground/speech_normal/fsd50k_speech_normal_d982c3a8.wav,8.837,8.837,0.0,0.0,-22.1,0.6832,
fsd50k_speech_normal_d98c7767,speech_normal,data/banks/foreground/speech_normal/fsd50k_speech_normal_d98c7767.wav,5.612,5.504,0.0,0.108,-22.57,0.5601,
fsd50k_speech_normal_db53ffd2,speech_normal,data/banks/foreground/speech_normal/fsd50k_speech_normal_db53ffd2.wav,2.68,2.24,0.096,0.344,-22.57,0.3579,
fsd50k_speech_normal_db8caaca,speech_normal,data/banks/foreground/speech_normal/fsd50k_speech_normal_db8caaca.wav,2.7529,2.7529,0.0,0.0,-24.0,0.4995,
fsd50k_speech_normal_dba2de56,speech_normal,data/banks/foreground/speech_normal/fsd50k_speech_normal_dba2de56.wav,1.2892,1.2892,0.0,0.0,-24.65,0.5954,
fsd50k_speech_normal_dc048504,speech_normal,data/banks/foreground/speech_normal/fsd50k_speech_normal_dc048504.wav,2.9067,2.688,0.0,0.2187,-22.68,0.4051,
fsd50k_speech_normal_dc5c6dbf,speech_normal,data/banks/foreground/speech_normal/fsd50k_speech_normal_dc5c6dbf.wav,2.2524,2.2524,0.0,0.0,-22.9,0.7069,
fsd50k_speech_normal_dc97a763,speech_normal,data/banks/foreground/speech_normal/fsd50k_speech_normal_dc97a763.wav,1.0268,0.9628,0.064,0.0,-24.23,0.3877,
fsd50k_speech_normal_dd7ee2a6,speech_normal,data/banks/foreground/speech_normal/fsd50k_speech_normal_dd7ee2a6.wav,2.3836,2.3516,0.032,0.0,-24.42,0.5894,
fsd50k_speech_normal_dd866960,speech_normal,data/banks/foreground/speech_normal/fsd50k_speech_normal_dd866960.wav,2.0376,1.824,0.064,0.1496,-23.57,0.348,
fsd50k_speech_normal_ddbdbd0a,speech_normal,data/banks/foreground/speech_normal/fsd50k_speech_normal_ddbdbd0a.wav,1.377,1.345,0.032,0.0,-23.72,0.4465,
fsd50k_speech_normal_ddf04084,speech_normal,data/banks/foreground/speech_normal/fsd50k_speech_normal_ddf04084.wav,0.7361,0.7361,0.0,0.0,-22.93,0.3248,
fsd50k_speech_normal_de5f85cc,speech_normal,data/banks/foreground/speech_normal/fsd50k_speech_normal_de5f85cc.wav,0.9142,0.9142,0.0,0.0,-24.62,0.2161,
fsd50k_speech_normal_df0080f9,speech_normal,data/banks/foreground/speech_normal/fsd50k_speech_normal_df0080f9.wav,0.7779,0.7459,0.032,0.0,-25.45,0.6497,
fsd50k_speech_normal_dfc02721,speech_normal,data/banks/foreground/speech_normal/fsd50k_speech_normal_dfc02721.wav,1.0217,0.992,0.0,0.0297,-24.69,0.3948,
fsd50k_speech_normal_e089386f,speech_normal,data/banks/foreground/speech_normal/fsd50k_speech_normal_e089386f.wav,2.2828,2.176,0.0,0.1068,-23.3,0.398,
fsd50k_speech_normal_e12dfa1c,speech_normal,data/banks/foreground/speech_normal/fsd50k_speech_normal_e12dfa1c.wav,1.3619,1.3619,0.0,0.0,-24.65,0.7362,
fsd50k_speech_normal_e1465814,speech_normal,data/banks/foreground/speech_normal/fsd50k_speech_normal_e1465814.wav,3.0576,2.848,0.064,0.1456,-22.56,0.4022,
fsd50k_speech_normal_e164f0c0,speech_normal,data/banks/foreground/speech_normal/fsd50k_speech_normal_e164f0c0.wav,1.96,1.96,0.0,0.0,-24.3,0.3863,
fsd50k_speech_normal_e1b65e53,speech_normal,data/banks/foreground/speech_normal/fsd50k_speech_normal_e1b65e53.wav,0.7474,0.7474,0.0,0.0,-21.73,0.3582,
fsd50k_speech_normal_e1b6b034,speech_normal,data/banks/foreground/speech_normal/fsd50k_speech_normal_e1b6b034.wav,1.1453,1.0493,0.096,0.0,-23.49,0.3424,
fsd50k_speech_normal_e1cdf503,speech_normal,data/banks/foreground/speech_normal/fsd50k_speech_normal_e1cdf503.wav,0.8245,0.8245,0.0,0.0,-22.94,0.378,
fsd50k_speech_normal_e1f27638,speech_normal,data/banks/foreground/speech_normal/fsd50k_speech_normal_e1f27638.wav,1.6374,1.28,0.0,0.3574,-26.13,0.242,
fsd50k_speech_normal_e2668f6a,speech_normal,data/banks/foreground/speech_normal/fsd50k_speech_normal_e2668f6a.wav,1.058,0.994,0.064,0.0,-23.23,0.2544,
fsd50k_speech_normal_e278fba7,speech_normal,data/banks/foreground/speech_normal/fsd50k_speech_normal_e278fba7.wav,4.3794,3.552,0.384,0.4434,-23.72,0.3856,
fsd50k_speech_normal_e3230b3f,speech_normal,data/banks/foreground/speech_normal/fsd50k_speech_normal_e3230b3f.wav,0.6734,0.6414,0.032,0.0,-25.0,0.5893,
fsd50k_speech_normal_e3b870d3,speech_normal,data/banks/foreground/speech_normal/fsd50k_speech_normal_e3b870d3.wav,2.2463,2.144,0.096,0.0063,-23.33,0.3069,
fsd50k_speech_normal_e4dedca4,speech_normal,data/banks/foreground/speech_normal/fsd50k_speech_normal_e4dedca4.wav,0.3222,0.3222,0.0,0.0,-15.58,0.5248,
fsd50k_speech_normal_e54d1a92,speech_normal,data/banks/foreground/speech_normal/fsd50k_speech_normal_e54d1a92.wav,1.698,1.696,0.0,0.002,-23.67,0.5016,
fsd50k_speech_normal_e63824c7,speech_normal,data/banks/foreground/speech_normal/fsd50k_speech_normal_e63824c7.wav,1.1934,1.1934,0.0,0.0,-22.66,0.3212,
fsd50k_speech_normal_e65f1e32,speech_normal,data/banks/foreground/speech_normal/fsd50k_speech_normal_e65f1e32.wav,0.7083,0.6763,0.032,0.0,-25.86,0.4752,
fsd50k_speech_normal_e6c1cdd4,speech_normal,data/banks/foreground/speech_normal/fsd50k_speech_normal_e6c1cdd4.wav,2.658,2.4,0.064,0.194,-22.22,0.3375,
fsd50k_speech_normal_e6d505d0,speech_normal,data/banks/foreground/speech_normal/fsd50k_speech_normal_e6d505d0.wav,0.822,0.822,0.0,0.0,-24.47,0.3758,
fsd50k_speech_normal_e752ca7a,speech_normal,data/banks/foreground/speech_normal/fsd50k_speech_normal_e752ca7a.wav,3.0,2.24,0.512,0.248,-23.77,0.5336,
fsd50k_speech_normal_e7ab9eaf,speech_normal,data/banks/foreground/speech_normal/fsd50k_speech_normal_e7ab9eaf.wav,1.2771,1.184,0.0,0.0931,-23.51,0.3782,
fsd50k_speech_normal_e7bf6f52,speech_normal,data/banks/foreground/speech_normal/fsd50k_speech_normal_e7bf6f52.wav,1.057,0.896,0.0,0.161,-22.4,0.2674,
fsd50k_speech_normal_e84e3300,speech_normal,data/banks/foreground/speech_normal/fsd50k_speech_normal_e84e3300.wav,1.2888,1.2888,0.0,0.0,-25.33,0.7395,
fsd50k_speech_normal_e85f3ae8,speech_normal,data/banks/foreground/speech_normal/fsd50k_speech_normal_e85f3ae8.wav,2.0,1.792,0.064,0.144,-23.06,0.3906,
fsd50k_speech_normal_e8b151c4,speech_normal,data/banks/foreground/speech_normal/fsd50k_speech_normal_e8b151c4.wav,1.0101,1.0101,0.0,0.0,-25.81,0.45,
fsd50k_speech_normal_e8b8c30e,speech_normal,data/banks/foreground/speech_normal/fsd50k_speech_normal_e8b8c30e.wav,1.1054,1.1054,0.0,0.0,-23.36,0.2637,
fsd50k_speech_normal_e92a133c,speech_normal,data/banks/foreground/speech_normal/fsd50k_speech_normal_e92a133c.wav,0.9461,0.864,0.032,0.0501,-22.94,0.3714,
fsd50k_speech_normal_e94589f9,speech_normal,data/banks/foreground/speech_normal/fsd50k_speech_normal_e94589f9.wav,2.977,2.977,0.0,0.0,-21.53,0.3539,
fsd50k_speech_normal_e94c943b,speech_normal,data/banks/foreground/speech_normal/fsd50k_speech_normal_e94c943b.wav,1.698,1.696,0.0,0.002,-25.46,0.5812,
fsd50k_speech_normal_e9f67f02,speech_normal,data/banks/foreground/speech_normal/fsd50k_speech_normal_e9f67f02.wav,0.4181,0.4181,0.0,0.0,-23.97,0.2313,
fsd50k_speech_normal_ea5e3595,speech_normal,data/banks/foreground/speech_normal/fsd50k_speech_normal_ea5e3595.wav,0.739,0.739,0.0,0.0,-27.52,0.2193,
fsd50k_speech_normal_ea7e032c,speech_normal,data/banks/foreground/speech_normal/fsd50k_speech_normal_ea7e032c.wav,1.9094,1.888,0.0,0.0214,-24.24,0.4955,
fsd50k_speech_normal_ea807b62,speech_normal,data/banks/foreground/speech_normal/fsd50k_speech_normal_ea807b62.wav,3.399,3.136,0.096,0.167,-24.8,0.4925,
fsd50k_speech_normal_ea89142d,speech_normal,data/banks/foreground/speech_normal/fsd50k_speech_normal_ea89142d.wav,2.9734,2.848,0.0,0.1254,-23.06,0.4315,
fsd50k_speech_normal_eabf8afe,speech_normal,data/banks/foreground/speech_normal/fsd50k_speech_normal_eabf8afe.wav,0.8959,0.8959,0.0,0.0,-23.02,0.505,
fsd50k_speech_normal_eac4bba3,speech_normal,data/banks/foreground/speech_normal/fsd50k_speech_normal_eac4bba3.wav,0.6038,0.6038,0.0,0.0,-26.55,0.4926,
fsd50k_speech_normal_eafafe4e,speech_normal,data/banks/foreground/speech_normal/fsd50k_speech_normal_eafafe4e.wav,1.0207,1.0207,0.0,0.0,-23.61,0.4297,
fsd50k_speech_normal_ec18ebf7,speech_normal,data/banks/foreground/speech_normal/fsd50k_speech_normal_ec18ebf7.wav,1.4084,1.4084,0.0,0.0,-23.56,0.3629,
fsd50k_speech_normal_ec626843,speech_normal,data/banks/foreground/speech_normal/fsd50k_speech_normal_ec626843.wav,5.217,4.992,0.064,0.161,-23.71,0.6277,
fsd50k_speech_normal_ec81d46e,speech_normal,data/banks/foreground/speech_normal/fsd50k_speech_normal_ec81d46e.wav,0.3923,0.3923,0.0,0.0,-19.8,0.4969,
fsd50k_speech_normal_ecd84e48,speech_normal,data/banks/foreground/speech_normal/fsd50k_speech_normal_ecd84e48.wav,1.058,1.058,0.0,0.0,-12.33,0.8913,
fsd50k_speech_normal_ece94bce,speech_normal,data/banks/foreground/speech_normal/fsd50k_speech_normal_ece94bce.wav,1.2789,1.2789,0.0,0.0,-25.15,0.7994,
fsd50k_speech_normal_ed0e9f0f,speech_normal,data/banks/foreground/speech_normal/fsd50k_speech_normal_ed0e9f0f.wav,1.3236,1.3236,0.0,0.0,-25.68,0.657,
fsd50k_speech_normal_ed379462,speech_normal,data/banks/foreground/speech_normal/fsd50k_speech_normal_ed379462.wav,1.2537,1.1897,0.064,0.0,-22.85,0.3361,
fsd50k_speech_normal_ee0bb520,speech_normal,data/banks/foreground/speech_normal/fsd50k_speech_normal_ee0bb520.wav,7.5591,7.5591,0.0,0.0,-24.12,0.4518,
fsd50k_speech_normal_eee1b68c,speech_normal,data/banks/foreground/speech_normal/fsd50k_speech_normal_eee1b68c.wav,1.6631,1.6631,0.0,0.0,-24.26,0.3437,
fsd50k_speech_normal_ef1b0395,speech_normal,data/banks/foreground/speech_normal/fsd50k_speech_normal_ef1b0395.wav,2.6519,2.6519,0.0,0.0,-24.28,0.5045,
fsd50k_speech_normal_ef2ed84c,speech_normal,data/banks/foreground/speech_normal/fsd50k_speech_normal_ef2ed84c.wav,1.5,1.5,0.0,0.0,-24.04,0.505,
fsd50k_speech_normal_ef4af819,speech_normal,data/banks/foreground/speech_normal/fsd50k_speech_normal_ef4af819.wav,1.058,0.928,0.096,0.034,-23.84,0.5419,
fsd50k_speech_normal_ef8b9f94,speech_normal,data/banks/foreground/speech_normal/fsd50k_speech_normal_ef8b9f94.wav,0.9216,0.8,0.0,0.1216,-21.83,0.5431,
fsd50k_speech_normal_efb74ce1,speech_normal,data/banks/foreground/speech_normal/fsd50k_speech_normal_efb74ce1.wav,1.1234,1.1234,0.0,0.0,-22.46,0.4842,
fsd50k_speech_normal_eff0f702,speech_normal,data/banks/foreground/speech_normal/fsd50k_speech_normal_eff0f702.wav,1.37,1.37,0.0,0.0,-23.54,0.4848,
fsd50k_speech_normal_f0485954,speech_normal,data/banks/foreground/speech_normal/fsd50k_speech_normal_f0485954.wav,2.1234,2.1234,0.0,0.0,-23.73,0.4029,
fsd50k_speech_normal_f04cf62c,speech_normal,data/banks/foreground/speech_normal/fsd50k_speech_normal_f04cf62c.wav,3.6978,3.6978,0.0,0.0,-21.74,0.8913,
fsd50k_speech_normal_f0a3fb0f,speech_normal,data/banks/foreground/speech_normal/fsd50k_speech_normal_f0a3fb0f.wav,2.48,2.176,0.032,0.272,-22.51,0.3407,
fsd50k_speech_normal_f0fd4424,speech_normal,data/banks/foreground/speech_normal/fsd50k_speech_normal_f0fd4424.wav,4.8889,4.864,0.0,0.0249,-24.83,0.5492,
fsd50k_speech_normal_f10ce30b,speech_normal,data/banks/foreground/speech_normal/fsd50k_speech_normal_f10ce30b.wav,0.6505,0.6505,0.0,0.0,-22.87,0.3773,
fsd50k_speech_normal_f185d620,speech_normal,data/banks/foreground/speech_normal/fsd50k_speech_normal_f185d620.wav,1.7566,1.568,0.0,0.1886,-23.31,0.5332,
fsd50k_speech_normal_f1864aa7,speech_normal,data/banks/foreground/speech_normal/fsd50k_speech_normal_f1864aa7.wav,1.376,1.376,0.0,0.0,-20.42,0.4602,
fsd50k_speech_normal_f1e42f90,speech_normal,data/banks/foreground/speech_normal/fsd50k_speech_normal_f1e42f90.wav,2.339,2.336,0.0,0.003,-22.83,0.3015,
fsd50k_speech_normal_f2e51e4b,speech_normal,data/banks/foreground/speech_normal/fsd50k_speech_normal_f2e51e4b.wav,2.0139,2.0139,0.0,0.0,-22.46,0.3187,
fsd50k_speech_normal_f320ac9e,speech_normal,data/banks/foreground/speech_normal/fsd50k_speech_normal_f320ac9e.wav,0.7192,0.7192,0.0,0.0,-23.35,0.4255,
fsd50k_speech_normal_f3684954,speech_normal,data/banks/foreground/speech_normal/fsd50k_speech_normal_f3684954.wav,3.9271,3.9271,0.0,0.0,-23.78,0.4129,
fsd50k_speech_normal_f3b43dcc,speech_normal,data/banks/foreground/speech_normal/fsd50k_speech_normal_f3b43dcc.wav,0.9567,0.9567,0.0,0.0,-23.36,0.3461,
fsd50k_speech_normal_f3bc9e3c,speech_normal,data/banks/foreground/speech_normal/fsd50k_speech_normal_f3bc9e3c.wav,1.2554,1.152,0.0,0.1034,-22.79,0.3014,
fsd50k_speech_normal_f4eb75d5,speech_normal,data/banks/foreground/speech_normal/fsd50k_speech_normal_f4eb75d5.wav,1.057,0.96,0.064,0.033,-23.61,0.2909,
fsd50k_speech_normal_f52cc9ed,speech_normal,data/banks/foreground/speech_normal/fsd50k_speech_normal_f52cc9ed.wav,1.0798,0.992,0.032,0.0558,-22.33,0.2202,
fsd50k_speech_normal_f5380f10,speech_normal,data/banks/foreground/speech_normal/fsd50k_speech_normal_f5380f10.wav,2.6144,1.44,0.416,0.7584,-23.47,0.6785,
fsd50k_speech_normal_f54910a2,speech_normal,data/banks/foreground/speech_normal/fsd50k_speech_normal_f54910a2.wav,2.1189,1.6,0.192,0.3269,-24.62,0.3606,
fsd50k_speech_normal_f60cd607,speech_normal,data/banks/foreground/speech_normal/fsd50k_speech_normal_f60cd607.wav,1.3466,0.608,0.288,0.4506,-22.39,0.282,
fsd50k_speech_normal_f6784809,speech_normal,data/banks/foreground/speech_normal/fsd50k_speech_normal_f6784809.wav,1.7469,1.568,0.0,0.1789,-25.59,0.2054,
fsd50k_speech_normal_f6f74dc0,speech_normal,data/banks/foreground/speech_normal/fsd50k_speech_normal_f6f74dc0.wav,3.0,3.0,0.0,0.0,-22.9,0.356,
fsd50k_speech_normal_f71eb116,speech_normal,data/banks/foreground/speech_normal/fsd50k_speech_normal_f71eb116.wav,2.139,2.139,0.0,0.0,-24.08,0.4271,
fsd50k_speech_normal_f766c92c,speech_normal,data/banks/foreground/speech_normal/fsd50k_speech_normal_f766c92c.wav,0.927,0.927,0.0,0.0,-23.4,0.2606,
fsd50k_speech_normal_f7d69fa0,speech_normal,data/banks/foreground/speech_normal/fsd50k_speech_normal_f7d69fa0.wav,0.8476,0.768,0.064,0.0156,-25.54,0.2064,
fsd50k_speech_normal_f7db25f1,speech_normal,data/banks/foreground/speech_normal/fsd50k_speech_normal_f7db25f1.wav,6.916,6.592,0.288,0.036,-26.04,0.4054,
fsd50k_speech_normal_f7f27b69,speech_normal,data/banks/foreground/speech_normal/fsd50k_speech_normal_f7f27b69.wav,0.736,0.736,0.0,0.0,-20.96,0.377,
fsd50k_speech_normal_f811f8d5,speech_normal,data/banks/foreground/speech_normal/fsd50k_speech_normal_f811f8d5.wav,1.2488,1.2488,0.0,0.0,-22.92,0.3316,
fsd50k_speech_normal_f81f71c5,speech_normal,data/banks/foreground/speech_normal/fsd50k_speech_normal_f81f71c5.wav,0.6491,0.6491,0.0,0.0,-23.68,0.3292,
fsd50k_speech_normal_f86f7bad,speech_normal,data/banks/foreground/speech_normal/fsd50k_speech_normal_f86f7bad.wav,1.3762,1.376,0.0,0.0002,-27.76,0.5432,
fsd50k_speech_normal_f87fdf82,speech_normal,data/banks/foreground/speech_normal/fsd50k_speech_normal_f87fdf82.wav,7.779,7.779,0.0,0.0,-26.06,0.4157,
fsd50k_speech_normal_f8eb3994,speech_normal,data/banks/foreground/speech_normal/fsd50k_speech_normal_f8eb3994.wav,1.8751,1.504,0.0,0.3711,-22.29,0.444,
fsd50k_speech_normal_f9821126,speech_normal,data/banks/foreground/speech_normal/fsd50k_speech_normal_f9821126.wav,1.4861,1.312,0.0,0.1741,-22.85,0.2649,
fsd50k_speech_normal_f9ca97b2,speech_normal,data/banks/foreground/speech_normal/fsd50k_speech_normal_f9ca97b2.wav,2.012,1.98,0.032,0.0,-22.31,0.3609,
fsd50k_speech_normal_fa1d16f1,speech_normal,data/banks/foreground/speech_normal/fsd50k_speech_normal_fa1d16f1.wav,0.693,0.693,0.0,0.0,-23.38,0.387,
fsd50k_speech_normal_fa5a14f0,speech_normal,data/banks/foreground/speech_normal/fsd50k_speech_normal_fa5a14f0.wav,0.8399,0.8399,0.0,0.0,-22.82,0.4965,
fsd50k_speech_normal_fa821194,speech_normal,data/banks/foreground/speech_normal/fsd50k_speech_normal_fa821194.wav,1.0322,1.0322,0.0,0.0,-21.87,0.6449,
fsd50k_speech_normal_fb037445,speech_normal,data/banks/foreground/speech_normal/fsd50k_speech_normal_fb037445.wav,0.728,0.728,0.0,0.0,-24.68,0.4415,
fsd50k_speech_normal_fb1b0421,speech_normal,data/banks/foreground/speech_normal/fsd50k_speech_normal_fb1b0421.wav,1.0681,1.024,0.032,0.0121,-27.3,0.3165,
fsd50k_speech_normal_fb45c3f3,speech_normal,data/banks/foreground/speech_normal/fsd50k_speech_normal_fb45c3f3.wav,2.1562,1.856,0.096,0.2042,-25.36,0.3323,
fsd50k_speech_normal_fb780c4a,speech_normal,data/banks/foreground/speech_normal/fsd50k_speech_normal_fb780c4a.wav,0.8412,0.8412,0.0,0.0,-24.16,0.3846,
fsd50k_speech_normal_fb9996ef,speech_normal,data/banks/foreground/speech_normal/fsd50k_speech_normal_fb9996ef.wav,1.8,1.8,0.0,0.0,-21.37,0.4227,
fsd50k_speech_normal_fbcb99ce,speech_normal,data/banks/foreground/speech_normal/fsd50k_speech_normal_fbcb99ce.wav,1.376,1.376,0.0,0.0,-24.65,0.3463,
fsd50k_speech_normal_fbee0768,speech_normal,data/banks/foreground/speech_normal/fsd50k_speech_normal_fbee0768.wav,0.8592,0.8592,0.0,0.0,-27.32,0.4497,
fsd50k_speech_normal_fc1cb4d7,speech_normal,data/banks/foreground/speech_normal/fsd50k_speech_normal_fc1cb4d7.wav,1.1884,0.864,0.032,0.2924,-23.6,0.5063,
fsd50k_speech_normal_fc536088,speech_normal,data/banks/foreground/speech_normal/fsd50k_speech_normal_fc536088.wav,0.7173,0.7173,0.0,0.0,-23.11,0.3306,
fsd50k_speech_normal_fcbf426d,speech_normal,data/banks/foreground/speech_normal/fsd50k_speech_normal_fcbf426d.wav,0.7245,0.7245,0.0,0.0,-24.17,0.3761,
fsd50k_speech_normal_fd3d0ebe,speech_normal,data/banks/foreground/speech_normal/fsd50k_speech_normal_fd3d0ebe.wav,0.8011,0.704,0.032,0.0651,-24.87,0.292,
fsd50k_speech_normal_fe369612,speech_normal,data/banks/foreground/speech_normal/fsd50k_speech_normal_fe369612.wav,2.6239,2.6239,0.0,0.0,-25.79,0.8913,
fsd50k_speech_normal_fe8c1a08,speech_normal,data/banks/foreground/speech_normal/fsd50k_speech_normal_fe8c1a08.wav,0.6438,0.6438,0.0,0.0,-24.01,0.3166,
fsd50k_speech_normal_fe9f0081,speech_normal,data/banks/foreground/speech_normal/fsd50k_speech_normal_fe9f0081.wav,1.1673,1.056,0.032,0.0793,-22.71,0.2842,
fsd50k_speech_normal_fed13d39,speech_normal,data/banks/foreground/speech_normal/fsd50k_speech_normal_fed13d39.wav,1.067,1.067,0.0,0.0,-25.72,0.3021,
fsd50k_speech_normal_ff26bff9,speech_normal,data/banks/foreground/speech_normal/fsd50k_speech_normal_ff26bff9.wav,0.8231,0.8231,0.0,0.0,-22.95,0.3194,
fsd50k_speech_normal_ff2a55cf,speech_normal,data/banks/foreground/speech_normal/fsd50k_speech_normal_ff2a55cf.wav,3.613,3.613,0.0,0.0,-22.11,0.5051,
fsd50k_speech_normal_ff845817,speech_normal,data/banks/foreground/speech_normal/fsd50k_speech_normal_ff845817.wav,0.6637,0.6318,0.032,0.0,-23.63,0.3061,
vehicle_crash_cc_03533d01,vehicle_crash,data/banks/foreground/vehicle_crash/vehicle_crash_cc_03533d01.wav,1.479,1.479,0.0,0.0,-23.02,0.2251,
vehicle_crash_cc_04343b85,vehicle_crash,data/banks/foreground/vehicle_crash/vehicle_crash_cc_04343b85.wav,24.03,21.248,0.448,2.334,-29.85,0.8912,
vehicle_crash_cc_169f2634,vehicle_crash,data/banks/foreground/vehicle_crash/vehicle_crash_cc_169f2634.wav,7.0589,3.488,1.056,2.5149,-25.72,0.69,
vehicle_crash_cc_190beda8,vehicle_crash,data/banks/foreground/vehicle_crash/vehicle_crash_cc_190beda8.wav,0.8399,0.8399,0.0,0.0,-20.69,0.3089,
vehicle_crash_cc_1b340489,vehicle_crash,data/banks/foreground/vehicle_crash/vehicle_crash_cc_1b340489.wav,9.96,9.088,0.096,0.776,-20.76,0.5589,
vehicle_crash_cc_1d1182e3,vehicle_crash,data/banks/foreground/vehicle_crash/vehicle_crash_cc_1d1182e3.wav,1.479,1.479,0.0,0.0,-27.41,0.1707,
vehicle_crash_cc_22dafcae,vehicle_crash,data/banks/foreground/vehicle_crash/vehicle_crash_cc_22dafcae.wav,6.14,5.472,0.0,0.668,-25.35,0.4076,
vehicle_crash_cc_25e8f814,vehicle_crash,data/banks/foreground/vehicle_crash/vehicle_crash_cc_25e8f814.wav,9.98,6.176,0.256,3.548,-27.99,0.5022,
vehicle_crash_cc_27d642f5,vehicle_crash,data/banks/foreground/vehicle_crash/vehicle_crash_cc_27d642f5.wav,2.439,2.439,0.0,0.0,-17.9,0.7166,
vehicle_crash_cc_3be96a12,vehicle_crash,data/banks/foreground/vehicle_crash/vehicle_crash_cc_3be96a12.wav,3.2276,2.976,0.192,0.0596,-25.03,0.1989,
vehicle_crash_cc_3d1c5ee3,vehicle_crash,data/banks/foreground/vehicle_crash/vehicle_crash_cc_3d1c5ee3.wav,3.97,3.264,0.192,0.514,-23.85,0.3601,
vehicle_crash_cc_57814c9b,vehicle_crash,data/banks/foreground/vehicle_crash/vehicle_crash_cc_57814c9b.wav,30.0,30.0,0.0,0.0,-24.71,0.3936,
vehicle_crash_cc_5a59f942,vehicle_crash,data/banks/foreground/vehicle_crash/vehicle_crash_cc_5a59f942.wav,3.717,3.717,0.0,0.0,-23.74,0.2964,
vehicle_crash_cc_7900fb60,vehicle_crash,data/banks/foreground/vehicle_crash/vehicle_crash_cc_7900fb60.wav,1.1581,1.1581,0.0,0.0,-22.3,0.4561,
vehicle_crash_cc_7d26aff7,vehicle_crash,data/banks/foreground/vehicle_crash/vehicle_crash_cc_7d26aff7.wav,1.159,1.127,0.032,0.0,-23.74,0.3622,
vehicle_crash_cc_81b13521,vehicle_crash,data/banks/foreground/vehicle_crash/vehicle_crash_cc_81b13521.wav,3.08,3.08,0.0,0.0,-20.06,0.5634,
vehicle_crash_cc_8cd5e378,vehicle_crash,data/banks/foreground/vehicle_crash/vehicle_crash_cc_8cd5e378.wav,24.31,18.88,1.344,4.086,-24.05,0.2173,
vehicle_crash_cc_8d47a4a8,vehicle_crash,data/banks/foreground/vehicle_crash/vehicle_crash_cc_8d47a4a8.wav,4.43,3.488,0.096,0.846,-25.68,0.7494,
vehicle_crash_cc_91012f0e,vehicle_crash,data/banks/foreground/vehicle_crash/vehicle_crash_cc_91012f0e.wav,12.3763,10.56,1.696,0.1202,-25.18,0.8539,
vehicle_crash_cc_99e8673a,vehicle_crash,data/banks/foreground/vehicle_crash/vehicle_crash_cc_99e8673a.wav,1.4789,1.4789,0.0,0.0,-22.09,0.2033,
vehicle_crash_cc_9b6cb30b,vehicle_crash,data/banks/foreground/vehicle_crash/vehicle_crash_cc_9b6cb30b.wav,2.12,2.12,0.0,0.0,-22.74,0.2329,
vehicle_crash_cc_acdca138,vehicle_crash,data/banks/foreground/vehicle_crash/vehicle_crash_cc_acdca138.wav,6.61,6.592,0.0,0.018,-22.38,0.2312,
vehicle_crash_cc_ace91265,vehicle_crash,data/banks/foreground/vehicle_crash/vehicle_crash_cc_ace91265.wav,1.798,1.798,0.0,0.0,-22.11,0.2758,
vehicle_crash_cc_b39d50db,vehicle_crash,data/banks/foreground/vehicle_crash/vehicle_crash_cc_b39d50db.wav,0.84,0.52,0.32,0.0,-23.98,0.2643,
vehicle_crash_cc_ba080970,vehicle_crash,data/banks/foreground/vehicle_crash/vehicle_crash_cc_ba080970.wav,1.479,1.479,0.0,0.0,-25.6,0.2423,
vehicle_crash_cc_c1702e6b,vehicle_crash,data/banks/foreground/vehicle_crash/vehicle_crash_cc_c1702e6b.wav,7.86,7.86,0.0,0.0,-25.31,0.8248,
vehicle_crash_cc_df531d7d,vehicle_crash,data/banks/foreground/vehicle_crash/vehicle_crash_cc_df531d7d.wav,7.01,3.488,1.056,2.466,-25.71,0.707,
vehicle_crash_cc_e337efd7,vehicle_crash,data/banks/foreground/vehicle_crash/vehicle_crash_cc_e337efd7.wav,14.36,14.36,0.0,0.0,-19.42,0.8913,
vehicle_crash_cc_e65e01f2,vehicle_crash,data/banks/foreground/vehicle_crash/vehicle_crash_cc_e65e01f2.wav,22.6394,19.712,0.48,2.4474,-30.96,0.8913,
vehicle_crash_cc_ed570b9b,vehicle_crash,data/banks/foreground/vehicle_crash/vehicle_crash_cc_ed570b9b.wav,0.74,0.74,0.0,0.0,-19.61,0.6152,
vehicle_crash_cc_f049013a,vehicle_crash,data/banks/foreground/vehicle_crash/vehicle_crash_cc_f049013a.wav,13.61,13.61,0.0,0.0,-24.49,0.7713,
vehicle_crash_cc_f9762257,vehicle_crash,data/banks/foreground/vehicle_crash/vehicle_crash_cc_f9762257.wav,17.0667,15.904,0.8,0.3627,-24.36,0.4353,
vehicle_crash_cc_ff00ff0f,vehicle_crash,data/banks/foreground/vehicle_crash/vehicle_crash_cc_ff00ff0f.wav,6.13,1.792,1.6,2.738,-24.52,0.2363,
