file_id,stage,reason_code,detail,decided_by,decided_at
desed_alarm_bell_3c39b5e5,normalize,too_short,0.09s < 0.1s,auto,2026-09-14T09:33:09+00:00
desed_alarm_bell_46415fd7,normalize,too_short,0.09s < 0.1s,auto,2026-09-14T09:33:09+00:00
desed_alarm_bell_b35268d5,normalize,too_short,0.10s < 0.1s,auto,2026-09-14T09:33:09+00:00
desed_alarm_bell_bc1f0722,normalize,too_short,0.10s < 0.1s,auto,2026-09-14T09:33:09+00:00
desed_alarm_bell_c3056946,normalize,too_short,0.10s < 0.1s,auto,2026-09-14T09:33:09+00:00
desed_alarm_bell_ded23e29,normalize,too_short,0.10s < 0.1s,auto,2026-09-14T09:33:09+00:00
desed_alarm_bell_e8a560a4,normalize,too_short,0.09s < 0.1s,auto,2026-09-14T09:33:09+00:00
desed_alarm_bell_f2f7f7b9,normalize,too_short,0.10s < 0.1s,auto,2026-09-14T09:33:09+00:00
desed_object_drop_dishes_0bfd743e,normalize,too_short,0.07s < 0.1s,auto,2026-09-14T09:33:09+00:00
desed_object_drop_dishes_24217991,normalize,clipped,1.49% đoạn cắt phẳng,auto,2026-09-14T09:33:09+00:00
desed_object_drop_dishes_33e82a2d,normalize,too_short,0.07s < 0.1s,auto,2026-09-14T09:33:09+00:00
desed_object_drop_dishes_51a77bfc,normalize,too_short,0.07s < 0.1s,auto,2026-09-14T09:33:09+00:00
desed_object_drop_dishes_6e6410dc,normalize,too_short,0.05s < 0.1s,auto,2026-09-14T09:33:09+00:00
desed_object_drop_dishes_7358dda0,normalize,too_short,0.09s < 0.1s,auto,2026-09-14T09:33:09+00:00
desed_object_drop_dishes_7dc980ac,normalize,too_short,0.07s < 0.1s,auto,2026-09-14T09:33:09+00:00
desed_object_drop_dishes_d4ec4266,normalize,too_short,0.10s < 0.1s,auto,2026-09-14T09:33:09+00:00
desed_object_drop_dishes_f1b06202,normalize,too_short,0.10s < 0.1s,auto,2026-09-14T09:33:09+00:00
desed_speech_normal_329d6a24,normalize,clipped,2.31% đoạn cắt phẳng,auto,2026-09-14T09:33:09+00:00
esc50_alarm_bell_1d12a9f2,normalize,clipped,1.33% đoạn cắt phẳng,auto,2026-09-14T09:33:09+00:00
esc50_alarm_bell_c8378919,normalize,clipped,1.98% đoạn cắt phẳng,auto,2026-09-14T09:33:09+00:00
esc50_alarm_bell_cd9fd493,normalize,clipped,4.90% đoạn cắt phẳng,auto,2026-09-14T09:33:09+00:00
esc50_fireworks_c772c002,normalize,clipped,2.45% đoạn cắt phẳng,auto,2026-09-14T09:33:09+00:00
esc50_fireworks_f87acf8b,normalize,clipped,1.58% đoạn cắt phẳng,auto,2026-09-14T09:33:09+00:00
esc50_glass_breaking_872608ee,normalize,clipped,1.27% đoạn cắt phẳng,auto,2026-09-14T09:33:09+00:00
esc50_glass_breaking_88bbd7af,normalize,clipped,2.37% đoạn cắt phẳng,auto,2026-09-14T09:33:09+00:00
esc50_glass_breaking_98b930c2,normalize,clipped,1.93% đoạn cắt phẳng,auto,2026-09-14T09:33:09+00:00
esc50_laughter_cheering_2b08bf04,normalize,clipped,2.36% đoạn cắt phẳng,auto,2026-09-14T09:33:09+00:00
esc50_laughter_cheering_8da0720b,normalize,clipped,6.82% đoạn cắt phẳng,auto,2026-09-14T09:33:09+00:00
esc50_laughter_cheering_9d061b30,normalize,clipped,2.28% đoạn cắt phẳng,auto,2026-09-14T09:33:09+00:00
esc50_siren_75bf135f,normalize,clipped,15.29% đoạn cắt phẳng,auto,2026-09-14T09:33:09+00:00
esc50_siren_d1301a63,normalize,clipped,2.26% đoạn cắt phẳng,auto,2026-09-14T09:33:09+00:00
urbansound8k_102853-8-0-0.wav,select_urbansound8k,background_salience,"salience=2, để dành background bank",auto,2026-09-14T13:08:57+00:00
urbansound8k_102853-8-0-1.wav,select_urbansound8k,background_salience,"salience=2, để dành background bank",auto,2026-09-14T13:08:57+00:00
urbansound8k_102853-8-0-2.wav,select_urbansound8k,background_salience,"salience=2, để dành background bank",auto,2026-09-14T13:08:57+00:00
urbansound8k_102853-8-0-3.wav,select_urbansound8k,background_salience,"salience=2, để dành background bank",auto,2026-09-14T13:08:57+00:00
urbansound8k_102853-8-0-4.wav,select_urbansound8k,background_salience,"salience=2, để dành background bank",auto,2026-09-14T13:08:57+00:00
urbansound8k_102853-8-0-5.wav,select_urbansound8k,background_salience,"salience=2, để dành background bank",auto,2026-09-14T13:08:57+00:00
urbansound8k_102853-8-0-6.wav,select_urbansound8k,background_salience,"salience=2, để dành background bank",auto,2026-09-14T13:08:57+00:00
urbansound8k_102853-8-1-0.wav,select_urbansound8k,background_salience,"salience=2, để dành background bank",auto,2026-09-14T13:08:57+00:00
urbansound8k_105289-8-0-0.wav,select_urbansound8k,background_salience,"salience=2, để dành background bank",auto,2026-09-14T13:08:57+00:00
urbansound8k_105289-8-0-1.wav,select_urbansound8k,background_salience,"salience=2, để dành background bank",auto,2026-09-14T13:08:57+00:00
urbansound8k_105289-8-0-2.wav,select_urbansound8k,background_salience,"salience=2, để dành background bank",auto,2026-09-14T13:08:57+00:00
urbansound8k_105289-8-0-3.wav,select_urbansound8k,background_salience,"salience=2, để dành background bank",auto,2026-09-14T13:08:57+00:00
urbansound8k_105289-8-0-4.wav,select_urbansound8k,background_salience,"salience=2, để dành background bank",auto,2026-09-14T13:08:57+00:00
urbansound8k_105289-8-0-5.wav,select_urbansound8k,background_salience,"salience=2, để dành background bank",auto,2026-09-14T13:08:57+00:00
urbansound8k_105289-8-2-0.wav,select_urbansound8k,background_salience,"salience=2, để dành background bank",auto,2026-09-14T13:08:57+00:00
urbansound8k_105289-8-2-1.wav,select_urbansound8k,background_salience,"salience=2, để dành background bank",auto,2026-09-14T13:08:57+00:00
urbansound8k_105289-8-2-2.wav,select_urbansound8k,background_salience,"salience=2, để dành background bank",auto,2026-09-14T13:08:57+00:00
urbansound8k_105289-8-2-3.wav,select_urbansound8k,background_salience,"salience=2, để dành background bank",auto,2026-09-14T13:08:57+00:00
urbansound8k_105289-8-2-4.wav,select_urbansound8k,background_salience,"salience=2, để dành background bank",auto,2026-09-14T13:08:57+00:00
urbansound8k_105289-8-2-5.wav,select_urbansound8k,background_salience,"salience=2, để dành background bank",auto,2026-09-14T13:08:57+00:00
urbansound8k_105289-8-2-6.wav,select_urbansound8k,background_salience,"salience=2, để dành background bank",auto,2026-09-14T13:08:57+00:00
urbansound8k_105289-8-2-7.wav,select_urbansound8k,background_salience,"salience=2, để dành background bank",auto,2026-09-14T13:08:57+00:00
urbansound8k_106905-8-0-0.wav,select_urbansound8k,background_salience,"salience=2, để dành background bank",auto,2026-09-14T13:08:57+00:00
urbansound8k_106905-8-0-1.wav,select_urbansound8k,background_salience,"salience=2, để dành background bank",auto,2026-09-14T13:08:57+00:00
urbansound8k_106905-8-0-2.wav,select_urbansound8k,background_salience,"salience=2, để dành background bank",auto,2026-09-14T13:08:57+00:00
urbansound8k_106905-8-0-3.wav,select_urbansound8k,background_salience,"salience=2, để dành background bank",auto,2026-09-14T13:08:57+00:00
urbansound8k_107357-8-0-0.wav,select_urbansound8k,background_salience,"salience=2, để dành background bank",auto,2026-09-14T13:08:57+00:00
urbansound8k_107357-8-0-1.wav,select_urbansound8k,background_salience,"salience=2, để dành background bank",auto,2026-09-14T13:08:57+00:00
urbansound8k_107357-8-0-2.wav,select_urbansound8k,background_salience,"salience=2, để dành background bank",auto,2026-09-14T13:08:57+00:00
urbansound8k_107357-8-0-3.wav,select_urbansound8k,background_salience,"salience=2, để dành background bank",auto,2026-09-14T13:08:57+00:00
urbansound8k_107357-8-0-4.wav,select_urbansound8k,background_salience,"salience=2, để dành background bank",auto,2026-09-14T13:08:57+00:00
urbansound8k_107357-8-0-5.wav,select_urbansound8k,background_salience,"salience=2, để dành background bank",auto,2026-09-14T13:08:57+00:00
urbansound8k_107357-8-0-6.wav,select_urbansound8k,background_salience,"salience=2, để dành background bank",auto,2026-09-14T13:08:57+00:00
urbansound8k_107357-8-0-7.wav,select_urbansound8k,background_salience,"salience=2, để dành background bank",auto,2026-09-14T13:08:57+00:00
urbansound8k_107357-8-0-8.wav,select_urbansound8k,background_salience,"salience=2, để dành background bank",auto,2026-09-14T13:08:57+00:00
urbansound8k_107357-8-1-0.wav,select_urbansound8k,background_salience,"salience=2, để dành background bank",auto,2026-09-14T13:08:57+00:00
urbansound8k_107357-8-1-1.wav,select_urbansound8k,background_salience,"salience=2, để dành background bank",auto,2026-09-14T13:08:57+00:00
urbansound8k_107357-8-1-10.wav,select_urbansound8k,background_salience,"salience=2, để dành background bank",auto,2026-09-14T13:08:57+00:00
urbansound8k_107357-8-1-11.wav,select_urbansound8k,background_salience,"salience=2, để dành background bank",auto,2026-09-14T13:08:57+00:00
urbansound8k_107357-8-1-12.wav,select_urbansound8k,background_salience,"salience=2, để dành background bank",auto,2026-09-14T13:08:57+00:00
urbansound8k_107357-8-1-13.wav,select_urbansound8k,background_salience,"salience=2, để dành background bank",auto,2026-09-14T13:08:57+00:00
urbansound8k_107357-8-1-14.wav,select_urbansound8k,background_salience,"salience=2, để dành background bank",auto,2026-09-14T13:08:57+00:00
urbansound8k_107357-8-1-15.wav,select_urbansound8k,background_salience,"salience=2, để dành background bank",auto,2026-09-14T13:08:57+00:00
urbansound8k_107357-8-1-16.wav,select_urbansound8k,background_salience,"salience=2, để dành background bank",auto,2026-09-14T13:08:57+00:00
urbansound8k_107357-8-1-17.wav,select_urbansound8k,background_salience,"salience=2, để dành background bank",auto,2026-09-14T13:08:57+00:00
urbansound8k_107357-8-1-18.wav,select_urbansound8k,background_salience,"salience=2, để dành background bank",auto,2026-09-14T13:08:57+00:00
urbansound8k_107357-8-1-2.wav,select_urbansound8k,background_salience,"salience=2, để dành background bank",auto,2026-09-14T13:08:57+00:00
urbansound8k_107357-8-1-3.wav,select_urbansound8k,background_salience,"salience=2, để dành background bank",auto,2026-09-14T13:08:57+00:00
urbansound8k_107357-8-1-4.wav,select_urbansound8k,background_salience,"salience=2, để dành background bank",auto,2026-09-14T13:08:57+00:00
urbansound8k_107357-8-1-5.wav,select_urbansound8k,background_salience,"salience=2, để dành background bank",auto,2026-09-14T13:08:57+00:00
urbansound8k_107357-8-1-6.wav,select_urbansound8k,background_salience,"salience=2, để dành background bank",auto,2026-09-14T13:08:57+00:00
urbansound8k_107357-8-1-7.wav,select_urbansound8k,background_salience,"salience=2, để dành background bank",auto,2026-09-14T13:08:57+00:00
urbansound8k_107357-8-1-8.wav,select_urbansound8k,background_salience,"salience=2, để dành background bank",auto,2026-09-14T13:08:57+00:00
urbansound8k_107357-8-1-9.wav,select_urbansound8k,background_salience,"salience=2, để dành background bank",auto,2026-09-14T13:08:57+00:00
urbansound8k_118279-8-0-0.wav,select_urbansound8k,background_salience,"salience=2, để dành background bank",auto,2026-09-14T13:08:57+00:00
urbansound8k_118279-8-0-1.wav,select_urbansound8k,background_salience,"salience=2, để dành background bank",auto,2026-09-14T13:08:57+00:00
urbansound8k_118279-8-0-10.wav,select_urbansound8k,background_salience,"salience=2, để dành background bank",auto,2026-09-14T13:08:57+00:00
urbansound8k_118279-8-0-11.wav,select_urbansound8k,background_salience,"salience=2, để dành background bank",auto,2026-09-14T13:08:57+00:00
urbansound8k_118279-8-0-12.wav,select_urbansound8k,background_salience,"salience=2, để dành background bank",auto,2026-09-14T13:08:57+00:00
urbansound8k_118279-8-0-13.wav,select_urbansound8k,background_salience,"salience=2, để dành background bank",auto,2026-09-14T13:08:57+00:00
urbansound8k_118279-8-0-14.wav,select_urbansound8k,background_salience,"salience=2, để dành background bank",auto,2026-09-14T13:08:57+00:00
urbansound8k_118279-8-0-2.wav,select_urbansound8k,background_salience,"salience=2, để dành background bank",auto,2026-09-14T13:08:57+00:00
urbansound8k_118279-8-0-3.wav,select_urbansound8k,background_salience,"salience=2, để dành background bank",auto,2026-09-14T13:08:57+00:00
urbansound8k_118279-8-0-4.wav,select_urbansound8k,background_salience,"salience=2, để dành background bank",auto,2026-09-14T13:08:57+00:00
urbansound8k_118279-8-0-5.wav,select_urbansound8k,background_salience,"salience=2, để dành background bank",auto,2026-09-14T13:08:57+00:00
urbansound8k_118279-8-0-6.wav,select_urbansound8k,background_salience,"salience=2, để dành background bank",auto,2026-09-14T13:08:57+00:00
urbansound8k_118279-8-0-7.wav,select_urbansound8k,background_salience,"salience=2, để dành background bank",auto,2026-09-14T13:08:57+00:00
urbansound8k_118279-8-0-8.wav,select_urbansound8k,background_salience,"salience=2, để dành background bank",auto,2026-09-14T13:08:57+00:00
urbansound8k_118279-8-0-9.wav,select_urbansound8k,background_salience,"salience=2, để dành background bank",auto,2026-09-14T13:08:57+00:00
urbansound8k_121528-8-1-0.wav,select_urbansound8k,background_salience,"salience=2, để dành background bank",auto,2026-09-14T13:08:57+00:00
urbansound8k_121528-8-1-1.wav,select_urbansound8k,background_salience,"salience=2, để dành background bank",auto,2026-09-14T13:08:57+00:00
urbansound8k_123688-8-0-0.wav,select_urbansound8k,background_salience,"salience=2, để dành background bank",auto,2026-09-14T13:08:57+00:00
urbansound8k_123688-8-0-1.wav,select_urbansound8k,background_salience,"salience=2, để dành background bank",auto,2026-09-14T13:08:57+00:00
urbansound8k_123688-8-0-10.wav,select_urbansound8k,background_salience,"salience=2, để dành background bank",auto,2026-09-14T13:08:57+00:00
urbansound8k_123688-8-0-11.wav,select_urbansound8k,background_salience,"salience=2, để dành background bank",auto,2026-09-14T13:08:57+00:00
urbansound8k_123688-8-0-12.wav,select_urbansound8k,background_salience,"salience=2, để dành background bank",auto,2026-09-14T13:08:57+00:00
urbansound8k_123688-8-0-13.wav,select_urbansound8k,background_salience,"salience=2, để dành background bank",auto,2026-09-14T13:08:57+00:00
urbansound8k_123688-8-0-14.wav,select_urbansound8k,background_salience,"salience=2, để dành background bank",auto,2026-09-14T13:08:57+00:00
urbansound8k_123688-8-0-15.wav,select_urbansound8k,background_salience,"salience=2, để dành background bank",auto,2026-09-14T13:08:57+00:00
urbansound8k_123688-8-0-16.wav,select_urbansound8k,background_salience,"salience=2, để dành background bank",auto,2026-09-14T13:08:57+00:00
urbansound8k_123688-8-0-17.wav,select_urbansound8k,background_salience,"salience=2, để dành background bank",auto,2026-09-14T13:08:57+00:00
urbansound8k_123688-8-0-18.wav,select_urbansound8k,background_salience,"salience=2, để dành background bank",auto,2026-09-14T13:08:57+00:00
urbansound8k_123688-8-0-2.wav,select_urbansound8k,background_salience,"salience=2, để dành background bank",auto,2026-09-14T13:08:57+00:00
urbansound8k_123688-8-0-3.wav,select_urbansound8k,background_salience,"salience=2, để dành background bank",auto,2026-09-14T13:08:57+00:00
urbansound8k_123688-8-0-4.wav,select_urbansound8k,background_salience,"salience=2, để dành background bank",auto,2026-09-14T13:08:57+00:00
urbansound8k_123688-8-0-5.wav,select_urbansound8k,background_salience,"salience=2, để dành background bank",auto,2026-09-14T13:08:57+00:00
urbansound8k_123688-8-0-6.wav,select_urbansound8k,background_salience,"salience=2, để dành background bank",auto,2026-09-14T13:08:57+00:00
urbansound8k_123688-8-0-7.wav,select_urbansound8k,background_salience,"salience=2, để dành background bank",auto,2026-09-14T13:08:57+00:00
urbansound8k_123688-8-0-8.wav,select_urbansound8k,background_salience,"salience=2, để dành background bank",auto,2026-09-14T13:08:57+00:00
urbansound8k_123688-8-0-9.wav,select_urbansound8k,background_salience,"salience=2, để dành background bank",auto,2026-09-14T13:08:57+00:00
urbansound8k_123688-8-2-0.wav,select_urbansound8k,background_salience,"salience=2, để dành background bank",auto,2026-09-14T13:08:57+00:00
urbansound8k_123688-8-2-1.wav,select_urbansound8k,background_salience,"salience=2, để dành background bank",auto,2026-09-14T13:08:57+00:00
urbansound8k_123688-8-2-2.wav,select_urbansound8k,background_salience,"salience=2, để dành background bank",auto,2026-09-14T13:08:57+00:00
urbansound8k_123688-8-2-3.wav,select_urbansound8k,background_salience,"salience=2, để dành background bank",auto,2026-09-14T13:08:57+00:00
urbansound8k_123688-8-2-4.wav,select_urbansound8k,background_salience,"salience=2, để dành background bank",auto,2026-09-14T13:08:57+00:00
urbansound8k_124389-8-1-0.wav,select_urbansound8k,background_salience,"salience=2, để dành background bank",auto,2026-09-14T13:08:57+00:00
urbansound8k_124389-8-1-1.wav,select_urbansound8k,background_salience,"salience=2, để dành background bank",auto,2026-09-14T13:08:57+00:00
urbansound8k_124389-8-1-10.wav,select_urbansound8k,background_salience,"salience=2, để dành background bank",auto,2026-09-14T13:08:57+00:00
urbansound8k_124389-8-1-11.wav,select_urbansound8k,background_salience,"salience=2, để dành background bank",auto,2026-09-14T13:08:57+00:00
urbansound8k_124389-8-1-12.wav,select_urbansound8k,background_salience,"salience=2, để dành background bank",auto,2026-09-14T13:08:57+00:00
urbansound8k_124389-8-1-13.wav,select_urbansound8k,background_salience,"salience=2, để dành background bank",auto,2026-09-14T13:08:57+00:00
urbansound8k_124389-8-1-14.wav,select_urbansound8k,background_salience,"salience=2, để dành background bank",auto,2026-09-14T13:08:57+00:00
urbansound8k_124389-8-1-15.wav,select_urbansound8k,background_salience,"salience=2, để dành background bank",auto,2026-09-14T13:08:57+00:00
urbansound8k_124389-8-1-16.wav,select_urbansound8k,background_salience,"salience=2, để dành background bank",auto,2026-09-14T13:08:57+00:00
urbansound8k_124389-8-1-17.wav,select_urbansound8k,background_salience,"salience=2, để dành background bank",auto,2026-09-14T13:08:57+00:00
urbansound8k_124389-8-1-18.wav,select_urbansound8k,background_salience,"salience=2, để dành background bank",auto,2026-09-14T13:08:57+00:00
urbansound8k_124389-8-1-2.wav,select_urbansound8k,background_salience,"salience=2, để dành background bank",auto,2026-09-14T13:08:57+00:00
urbansound8k_124389-8-1-3.wav,select_urbansound8k,background_salience,"salience=2, để dành background bank",auto,2026-09-14T13:08:57+00:00
urbansound8k_124389-8-1-4.wav,select_urbansound8k,background_salience,"salience=2, để dành background bank",auto,2026-09-14T13:08:57+00:00
urbansound8k_124389-8-1-5.wav,select_urbansound8k,background_salience,"salience=2, để dành background bank",auto,2026-09-14T13:08:57+00:00
urbansound8k_124389-8-1-6.wav,select_urbansound8k,background_salience,"salience=2, để dành background bank",auto,2026-09-14T13:08:57+00:00
urbansound8k_124389-8-1-7.wav,select_urbansound8k,background_salience,"salience=2, để dành background bank",auto,2026-09-14T13:08:57+00:00
urbansound8k_124389-8-1-8.wav,select_urbansound8k,background_salience,"salience=2, để dành background bank",auto,2026-09-14T13:08:57+00:00
urbansound8k_124389-8-1-9.wav,select_urbansound8k,background_salience,"salience=2, để dành background bank",auto,2026-09-14T13:08:57+00:00
urbansound8k_133473-8-0-0.wav,select_urbansound8k,background_salience,"salience=2, để dành background bank",auto,2026-09-14T13:08:57+00:00
urbansound8k_133473-8-0-1.wav,select_urbansound8k,background_salience,"salience=2, để dành background bank",auto,2026-09-14T13:08:57+00:00
urbansound8k_133473-8-0-2.wav,select_urbansound8k,background_salience,"salience=2, để dành background bank",auto,2026-09-14T13:08:57+00:00
urbansound8k_133473-8-0-3.wav,select_urbansound8k,background_salience,"salience=2, để dành background bank",auto,2026-09-14T13:08:57+00:00
urbansound8k_133473-8-0-4.wav,select_urbansound8k,background_salience,"salience=2, để dành background bank",auto,2026-09-14T13:08:57+00:00
urbansound8k_133473-8-0-5.wav,select_urbansound8k,background_salience,"salience=2, để dành background bank",auto,2026-09-14T13:08:57+00:00
urbansound8k_135160-8-0-0.wav,select_urbansound8k,background_salience,"salience=2, để dành background bank",auto,2026-09-14T13:08:57+00:00
urbansound8k_135160-8-0-1.wav,select_urbansound8k,background_salience,"salience=2, để dành background bank",auto,2026-09-14T13:08:57+00:00
urbansound8k_135160-8-0-10.wav,select_urbansound8k,background_salience,"salience=2, để dành background bank",auto,2026-09-14T13:08:57+00:00
urbansound8k_135160-8-0-11.wav,select_urbansound8k,background_salience,"salience=2, để dành background bank",auto,2026-09-14T13:08:57+00:00
urbansound8k_135160-8-0-2.wav,select_urbansound8k,background_salience,"salience=2, để dành background bank",auto,2026-09-14T13:08:57+00:00
urbansound8k_135160-8-0-3.wav,select_urbansound8k,background_salience,"salience=2, để dành background bank",auto,2026-09-14T13:08:57+00:00
urbansound8k_135160-8-0-4.wav,select_urbansound8k,background_salience,"salience=2, để dành background bank",auto,2026-09-14T13:08:57+00:00
urbansound8k_135160-8-0-5.wav,select_urbansound8k,background_salience,"salience=2, để dành background bank",auto,2026-09-14T13:08:57+00:00
urbansound8k_135160-8-0-6.wav,select_urbansound8k,background_salience,"salience=2, để dành background bank",auto,2026-09-14T13:08:57+00:00
urbansound8k_135160-8-0-7.wav,select_urbansound8k,background_salience,"salience=2, để dành background bank",auto,2026-09-14T13:08:57+00:00
urbansound8k_135160-8-0-8.wav,select_urbansound8k,background_salience,"salience=2, để dành background bank",auto,2026-09-14T13:08:57+00:00
urbansound8k_135160-8-0-9.wav,select_urbansound8k,background_salience,"salience=2, để dành background bank",auto,2026-09-14T13:08:57+00:00
urbansound8k_135527-6-0-0.wav,select_urbansound8k,background_salience,"salience=2, để dành background bank",auto,2026-09-14T13:08:57+00:00
urbansound8k_135527-6-1-0.wav,select_urbansound8k,background_salience,"salience=2, để dành background bank",auto,2026-09-14T13:08:57+00:00
urbansound8k_135527-6-10-0.wav,select_urbansound8k,background_salience,"salience=2, để dành background bank",auto,2026-09-14T13:08:57+00:00
urbansound8k_135527-6-11-0.wav,select_urbansound8k,background_salience,"salience=2, để dành background bank",auto,2026-09-14T13:08:57+00:00
urbansound8k_135527-6-12-0.wav,select_urbansound8k,background_salience,"salience=2, để dành background bank",auto,2026-09-14T13:08:57+00:00
urbansound8k_135527-6-13-0.wav,select_urbansound8k,background_salience,"salience=2, để dành background bank",auto,2026-09-14T13:08:57+00:00
urbansound8k_135527-6-14-0.wav,select_urbansound8k,background_salience,"salience=2, để dành background bank",auto,2026-09-14T13:08:57+00:00
urbansound8k_135527-6-14-1.wav,select_urbansound8k,background_salience,"salience=2, để dành background bank",auto,2026-09-14T13:08:57+00:00
urbansound8k_135527-6-14-10.wav,select_urbansound8k,background_salience,"salience=2, để dành background bank",auto,2026-09-14T13:08:57+00:00
urbansound8k_135527-6-14-2.wav,select_urbansound8k,background_salience,"salience=2, để dành background bank",auto,2026-09-14T13:08:57+00:00
urbansound8k_135527-6-14-3.wav,select_urbansound8k,background_salience,"salience=2, để dành background bank",auto,2026-09-14T13:08:57+00:00
urbansound8k_135527-6-14-4.wav,select_urbansound8k,background_salience,"salience=2, để dành background bank",auto,2026-09-14T13:08:57+00:00
urbansound8k_135527-6-14-5.wav,select_urbansound8k,background_salience,"salience=2, để dành background bank",auto,2026-09-14T13:08:57+00:00
urbansound8k_135527-6-14-6.wav,select_urbansound8k,background_salience,"salience=2, để dành background bank",auto,2026-09-14T13:08:57+00:00
urbansound8k_135527-6-14-7.wav,select_urbansound8k,background_salience,"salience=2, để dành background bank",auto,2026-09-14T13:08:57+00:00
urbansound8k_135527-6-14-8.wav,select_urbansound8k,background_salience,"salience=2, để dành background bank",auto,2026-09-14T13:08:57+00:00
urbansound8k_135527-6-14-9.wav,select_urbansound8k,background_salience,"salience=2, để dành background bank",auto,2026-09-14T13:08:57+00:00
urbansound8k_135527-6-2-0.wav,select_urbansound8k,background_salience,"salience=2, để dành background bank",auto,2026-09-14T13:08:57+00:00
urbansound8k_135527-6-3-0.wav,select_urbansound8k,background_salience,"salience=2, để dành background bank",auto,2026-09-14T13:08:57+00:00
urbansound8k_135527-6-4-0.wav,select_urbansound8k,background_salience,"salience=2, để dành background bank",auto,2026-09-14T13:08:57+00:00
urbansound8k_135527-6-5-0.wav,select_urbansound8k,background_salience,"salience=2, để dành background bank",auto,2026-09-14T13:08:57+00:00
urbansound8k_135527-6-6-0.wav,select_urbansound8k,background_salience,"salience=2, để dành background bank",auto,2026-09-14T13:08:57+00:00
urbansound8k_135527-6-7-0.wav,select_urbansound8k,background_salience,"salience=2, để dành background bank",auto,2026-09-14T13:08:57+00:00
urbansound8k_135527-6-8-0.wav,select_urbansound8k,background_salience,"salience=2, để dành background bank",auto,2026-09-14T13:08:57+00:00
urbansound8k_135527-6-9-0.wav,select_urbansound8k,background_salience,"salience=2, để dành background bank",auto,2026-09-14T13:08:57+00:00
urbansound8k_135528-6-0-0.wav,select_urbansound8k,background_salience,"salience=2, để dành background bank",auto,2026-09-14T13:08:57+00:00
urbansound8k_135528-6-1-0.wav,select_urbansound8k,background_salience,"salience=2, để dành background bank",auto,2026-09-14T13:08:57+00:00
urbansound8k_135528-6-10-0.wav,select_urbansound8k,background_salience,"salience=2, để dành background bank",auto,2026-09-14T13:08:57+00:00
urbansound8k_135528-6-11-0.wav,select_urbansound8k,background_salience,"salience=2, để dành background bank",auto,2026-09-14T13:08:57+00:00
urbansound8k_135528-6-12-0.wav,select_urbansound8k,background_salience,"salience=2, để dành background bank",auto,2026-09-14T13:08:57+00:00
urbansound8k_135528-6-2-0.wav,select_urbansound8k,background_salience,"salience=2, để dành background bank",auto,2026-09-14T13:08:57+00:00
urbansound8k_135528-6-3-0.wav,select_urbansound8k,background_salience,"salience=2, để dành background bank",auto,2026-09-14T13:08:57+00:00
urbansound8k_135528-6-4-0.wav,select_urbansound8k,background_salience,"salience=2, để dành background bank",auto,2026-09-14T13:08:57+00:00
urbansound8k_135528-6-4-1.wav,select_urbansound8k,background_salience,"salience=2, để dành background bank",auto,2026-09-14T13:08:57+00:00
urbansound8k_135528-6-4-2.wav,select_urbansound8k,background_salience,"salience=2, để dành background bank",auto,2026-09-14T13:08:57+00:00
urbansound8k_135528-6-5-0.wav,select_urbansound8k,background_salience,"salience=2, để dành background bank",auto,2026-09-14T13:08:57+00:00
urbansound8k_135528-6-6-0.wav,select_urbansound8k,background_salience,"salience=2, để dành background bank",auto,2026-09-14T13:08:57+00:00
urbansound8k_135528-6-7-0.wav,select_urbansound8k,background_salience,"salience=2, để dành background bank",auto,2026-09-14T13:08:57+00:00
urbansound8k_135528-6-8-0.wav,select_urbansound8k,background_salience,"salience=2, để dành background bank",auto,2026-09-14T13:08:57+00:00
urbansound8k_135528-6-9-0.wav,select_urbansound8k,background_salience,"salience=2, để dành background bank",auto,2026-09-14T13:08:57+00:00
urbansound8k_145608-6-0-0.wav,select_urbansound8k,background_salience,"salience=2, để dành background bank",auto,2026-09-14T13:08:57+00:00
urbansound8k_145608-6-1-0.wav,select_urbansound8k,background_salience,"salience=2, để dành background bank",auto,2026-09-14T13:08:57+00:00
urbansound8k_145608-6-2-0.wav,select_urbansound8k,background_salience,"salience=2, để dành background bank",auto,2026-09-14T13:08:57+00:00
urbansound8k_145608-6-3-0.wav,select_urbansound8k,background_salience,"salience=2, để dành background bank",auto,2026-09-14T13:08:57+00:00
urbansound8k_145609-6-0-0.wav,select_urbansound8k,background_salience,"salience=2, để dành background bank",auto,2026-09-14T13:08:57+00:00
urbansound8k_145609-6-1-0.wav,select_urbansound8k,background_salience,"salience=2, để dành background bank",auto,2026-09-14T13:08:57+00:00
urbansound8k_145611-6-0-0.wav,select_urbansound8k,background_salience,"salience=2, để dành background bank",auto,2026-09-14T13:08:57+00:00
urbansound8k_145611-6-1-0.wav,select_urbansound8k,background_salience,"salience=2, để dành background bank",auto,2026-09-14T13:08:57+00:00
urbansound8k_145611-6-2-0.wav,select_urbansound8k,background_salience,"salience=2, để dành background bank",auto,2026-09-14T13:08:57+00:00
urbansound8k_145611-6-3-0.wav,select_urbansound8k,background_salience,"salience=2, để dành background bank",auto,2026-09-14T13:08:57+00:00
urbansound8k_145611-6-4-0.wav,select_urbansound8k,background_salience,"salience=2, để dành background bank",auto,2026-09-14T13:08:57+00:00
urbansound8k_145612-6-0-0.wav,select_urbansound8k,background_salience,"salience=2, để dành background bank",auto,2026-09-14T13:08:57+00:00
urbansound8k_145612-6-1-0.wav,select_urbansound8k,background_salience,"salience=2, để dành background bank",auto,2026-09-14T13:08:57+00:00
urbansound8k_145612-6-2-0.wav,select_urbansound8k,background_salience,"salience=2, để dành background bank",auto,2026-09-14T13:08:57+00:00
urbansound8k_145612-6-3-0.wav,select_urbansound8k,background_salience,"salience=2, để dành background bank",auto,2026-09-14T13:08:57+00:00
urbansound8k_145683-6-0-0.wav,select_urbansound8k,background_salience,"salience=2, để dành background bank",auto,2026-09-14T13:08:57+00:00
urbansound8k_145683-6-1-0.wav,select_urbansound8k,background_salience,"salience=2, để dành background bank",auto,2026-09-14T13:08:57+00:00
urbansound8k_145683-6-2-0.wav,select_urbansound8k,background_salience,"salience=2, để dành background bank",auto,2026-09-14T13:08:57+00:00
urbansound8k_145683-6-3-0.wav,select_urbansound8k,background_salience,"salience=2, để dành background bank",auto,2026-09-14T13:08:57+00:00
urbansound8k_145683-6-4-0.wav,select_urbansound8k,background_salience,"salience=2, để dành background bank",auto,2026-09-14T13:08:57+00:00
urbansound8k_145683-6-5-0.wav,select_urbansound8k,background_salience,"salience=2, để dành background bank",auto,2026-09-14T13:08:57+00:00
urbansound8k_148632-8-0-0.wav,select_urbansound8k,background_salience,"salience=2, để dành background bank",auto,2026-09-14T13:08:57+00:00
urbansound8k_148632-8-0-1.wav,select_urbansound8k,background_salience,"salience=2, để dành background bank",auto,2026-09-14T13:08:57+00:00
urbansound8k_148632-8-0-10.wav,select_urbansound8k,background_salience,"salience=2, để dành background bank",auto,2026-09-14T13:08:57+00:00
urbansound8k_148632-8-0-11.wav,select_urbansound8k,background_salience,"salience=2, để dành background bank",auto,2026-09-14T13:08:57+00:00
urbansound8k_148632-8-0-12.wav,select_urbansound8k,background_salience,"salience=2, để dành background bank",auto,2026-09-14T13:08:57+00:00
urbansound8k_148632-8-0-13.wav,select_urbansound8k,background_salience,"salience=2, để dành background bank",auto,2026-09-14T13:08:57+00:00
urbansound8k_148632-8-0-14.wav,select_urbansound8k,background_salience,"salience=2, để dành background bank",auto,2026-09-14T13:08:57+00:00
urbansound8k_148632-8-0-15.wav,select_urbansound8k,background_salience,"salience=2, để dành background bank",auto,2026-09-14T13:08:57+00:00
urbansound8k_148632-8-0-16.wav,select_urbansound8k,background_salience,"salience=2, để dành background bank",auto,2026-09-14T13:08:57+00:00
urbansound8k_148632-8-0-17.wav,select_urbansound8k,background_salience,"salience=2, để dành background bank",auto,2026-09-14T13:08:57+00:00
urbansound8k_148632-8-0-18.wav,select_urbansound8k,background_salience,"salience=2, để dành background bank",auto,2026-09-14T13:08:57+00:00
urbansound8k_148632-8-0-2.wav,select_urbansound8k,background_salience,"salience=2, để dành background bank",auto,2026-09-14T13:08:57+00:00
urbansound8k_148632-8-0-3.wav,select_urbansound8k,background_salience,"salience=2, để dành background bank",auto,2026-09-14T13:08:57+00:00
urbansound8k_148632-8-0-4.wav,select_urbansound8k,background_salience,"salience=2, để dành background bank",auto,2026-09-14T13:08:57+00:00
urbansound8k_148632-8-0-5.wav,select_urbansound8k,background_salience,"salience=2, để dành background bank",auto,2026-09-14T13:08:57+00:00
urbansound8k_148632-8-0-6.wav,select_urbansound8k,background_salience,"salience=2, để dành background bank",auto,2026-09-14T13:08:57+00:00
urbansound8k_148632-8-0-7.wav,select_urbansound8k,background_salience,"salience=2, để dành background bank",auto,2026-09-14T13:08:57+00:00
urbansound8k_148632-8-0-8.wav,select_urbansound8k,background_salience,"salience=2, để dành background bank",auto,2026-09-14T13:08:57+00:00
urbansound8k_148632-8-0-9.wav,select_urbansound8k,background_salience,"salience=2, để dành background bank",auto,2026-09-14T13:08:57+00:00
urbansound8k_157648-8-0-0.wav,select_urbansound8k,background_salience,"salience=2, để dành background bank",auto,2026-09-14T13:08:57+00:00
urbansound8k_158608-8-0-0.wav,select_urbansound8k,background_salience,"salience=2, để dành background bank",auto,2026-09-14T13:08:57+00:00
urbansound8k_158608-8-0-1.wav,select_urbansound8k,background_salience,"salience=2, để dành background bank",auto,2026-09-14T13:08:57+00:00
urbansound8k_158608-8-0-10.wav,select_urbansound8k,background_salience,"salience=2, để dành background bank",auto,2026-09-14T13:08:57+00:00
urbansound8k_158608-8-0-2.wav,select_urbansound8k,background_salience,"salience=2, để dành background bank",auto,2026-09-14T13:08:57+00:00
urbansound8k_158608-8-0-3.wav,select_urbansound8k,background_salience,"salience=2, để dành background bank",auto,2026-09-14T13:08:57+00:00
urbansound8k_158608-8-0-4.wav,select_urbansound8k,background_salience,"salience=2, để dành background bank",auto,2026-09-14T13:08:57+00:00
urbansound8k_158608-8-0-5.wav,select_urbansound8k,background_salience,"salience=2, để dành background bank",auto,2026-09-14T13:08:57+00:00
urbansound8k_158608-8-0-6.wav,select_urbansound8k,background_salience,"salience=2, để dành background bank",auto,2026-09-14T13:08:57+00:00
urbansound8k_158608-8-0-7.wav,select_urbansound8k,background_salience,"salience=2, để dành background bank",auto,2026-09-14T13:08:57+00:00
urbansound8k_158608-8-0-8.wav,select_urbansound8k,background_salience,"salience=2, để dành background bank",auto,2026-09-14T13:08:57+00:00
urbansound8k_158608-8-0-9.wav,select_urbansound8k,background_salience,"salience=2, để dành background bank",auto,2026-09-14T13:08:57+00:00
urbansound8k_159738-8-0-0.wav,select_urbansound8k,background_salience,"salience=2, để dành background bank",auto,2026-09-14T13:08:57+00:00
urbansound8k_159738-8-0-1.wav,select_urbansound8k,background_salience,"salience=2, để dành background bank",auto,2026-09-14T13:08:57+00:00
urbansound8k_159738-8-0-10.wav,select_urbansound8k,background_salience,"salience=2, để dành background bank",auto,2026-09-14T13:08:57+00:00
urbansound8k_159738-8-0-11.wav,select_urbansound8k,background_salience,"salience=2, để dành background bank",auto,2026-09-14T13:08:57+00:00
urbansound8k_159738-8-0-12.wav,select_urbansound8k,background_salience,"salience=2, để dành background bank",auto,2026-09-14T13:08:57+00:00
urbansound8k_159738-8-0-13.wav,select_urbansound8k,background_salience,"salience=2, để dành background bank",auto,2026-09-14T13:08:57+00:00
urbansound8k_159738-8-0-14.wav,select_urbansound8k,background_salience,"salience=2, để dành background bank",auto,2026-09-14T13:08:57+00:00
urbansound8k_159738-8-0-15.wav,select_urbansound8k,background_salience,"salience=2, để dành background bank",auto,2026-09-14T13:08:57+00:00
urbansound8k_159738-8-0-16.wav,select_urbansound8k,background_salience,"salience=2, để dành background bank",auto,2026-09-14T13:08:57+00:00
urbansound8k_159738-8-0-17.wav,select_urbansound8k,background_salience,"salience=2, để dành background bank",auto,2026-09-14T13:08:57+00:00
urbansound8k_159738-8-0-18.wav,select_urbansound8k,background_salience,"salience=2, để dành background bank",auto,2026-09-14T13:08:57+00:00
urbansound8k_159738-8-0-19.wav,select_urbansound8k,background_salience,"salience=2, để dành background bank",auto,2026-09-14T13:08:57+00:00
urbansound8k_159738-8-0-2.wav,select_urbansound8k,background_salience,"salience=2, để dành background bank",auto,2026-09-14T13:08:57+00:00
urbansound8k_159738-8-0-3.wav,select_urbansound8k,background_salience,"salience=2, để dành background bank",auto,2026-09-14T13:08:57+00:00
urbansound8k_159738-8-0-4.wav,select_urbansound8k,background_salience,"salience=2, để dành background bank",auto,2026-09-14T13:08:57+00:00
urbansound8k_159738-8-0-5.wav,select_urbansound8k,background_salience,"salience=2, để dành background bank",auto,2026-09-14T13:08:57+00:00
urbansound8k_159738-8-0-6.wav,select_urbansound8k,background_salience,"salience=2, để dành background bank",auto,2026-09-14T13:08:57+00:00
urbansound8k_159738-8-0-7.wav,select_urbansound8k,background_salience,"salience=2, để dành background bank",auto,2026-09-14T13:08:57+00:00
urbansound8k_159738-8-0-8.wav,select_urbansound8k,background_salience,"salience=2, để dành background bank",auto,2026-09-14T13:08:57+00:00
urbansound8k_159738-8-0-9.wav,select_urbansound8k,background_salience,"salience=2, để dành background bank",auto,2026-09-14T13:08:57+00:00
urbansound8k_159742-8-0-0.wav,select_urbansound8k,background_salience,"salience=2, để dành background bank",auto,2026-09-14T13:08:57+00:00
urbansound8k_159742-8-0-1.wav,select_urbansound8k,background_salience,"salience=2, để dành background bank",auto,2026-09-14T13:08:57+00:00
urbansound8k_159742-8-0-10.wav,select_urbansound8k,background_salience,"salience=2, để dành background bank",auto,2026-09-14T13:08:57+00:00
urbansound8k_159742-8-0-11.wav,select_urbansound8k,background_salience,"salience=2, để dành background bank",auto,2026-09-14T13:08:57+00:00
urbansound8k_159742-8-0-12.wav,select_urbansound8k,background_salience,"salience=2, để dành background bank",auto,2026-09-14T13:08:57+00:00
urbansound8k_159742-8-0-13.wav,select_urbansound8k,background_salience,"salience=2, để dành background bank",auto,2026-09-14T13:08:57+00:00
urbansound8k_159742-8-0-14.wav,select_urbansound8k,background_salience,"salience=2, để dành background bank",auto,2026-09-14T13:08:57+00:00
urbansound8k_159742-8-0-2.wav,select_urbansound8k,background_salience,"salience=2, để dành background bank",auto,2026-09-14T13:08:57+00:00
urbansound8k_159742-8-0-3.wav,select_urbansound8k,background_salience,"salience=2, để dành background bank",auto,2026-09-14T13:08:57+00:00
urbansound8k_159742-8-0-4.wav,select_urbansound8k,background_salience,"salience=2, để dành background bank",auto,2026-09-14T13:08:57+00:00
urbansound8k_159742-8-0-5.wav,select_urbansound8k,background_salience,"salience=2, để dành background bank",auto,2026-09-14T13:08:57+00:00
urbansound8k_159742-8-0-6.wav,select_urbansound8k,background_salience,"salience=2, để dành background bank",auto,2026-09-14T13:08:57+00:00
urbansound8k_159742-8-0-7.wav,select_urbansound8k,background_salience,"salience=2, để dành background bank",auto,2026-09-14T13:08:57+00:00
urbansound8k_159742-8-0-8.wav,select_urbansound8k,background_salience,"salience=2, để dành background bank",auto,2026-09-14T13:08:57+00:00
urbansound8k_159742-8-0-9.wav,select_urbansound8k,background_salience,"salience=2, để dành background bank",auto,2026-09-14T13:08:57+00:00
urbansound8k_159744-8-0-0.wav,select_urbansound8k,background_salience,"salience=2, để dành background bank",auto,2026-09-14T13:08:57+00:00
urbansound8k_159744-8-0-1.wav,select_urbansound8k,background_salience,"salience=2, để dành background bank",auto,2026-09-14T13:08:57+00:00
urbansound8k_159744-8-0-10.wav,select_urbansound8k,background_salience,"salience=2, để dành background bank",auto,2026-09-14T13:08:57+00:00
urbansound8k_159744-8-0-11.wav,select_urbansound8k,background_salience,"salience=2, để dành background bank",auto,2026-09-14T13:08:57+00:00
urbansound8k_159744-8-0-12.wav,select_urbansound8k,background_salience,"salience=2, để dành background bank",auto,2026-09-14T13:08:57+00:00
urbansound8k_159744-8-0-13.wav,select_urbansound8k,background_salience,"salience=2, để dành background bank",auto,2026-09-14T13:08:57+00:00
urbansound8k_159744-8-0-2.wav,select_urbansound8k,background_salience,"salience=2, để dành background bank",auto,2026-09-14T13:08:57+00:00
urbansound8k_159744-8-0-3.wav,select_urbansound8k,background_salience,"salience=2, để dành background bank",auto,2026-09-14T13:08:57+00:00
urbansound8k_159744-8-0-4.wav,select_urbansound8k,background_salience,"salience=2, để dành background bank",auto,2026-09-14T13:08:57+00:00
urbansound8k_159744-8-0-5.wav,select_urbansound8k,background_salience,"salience=2, để dành background bank",auto,2026-09-14T13:08:57+00:00
urbansound8k_159744-8-0-6.wav,select_urbansound8k,background_salience,"salience=2, để dành background bank",auto,2026-09-14T13:08:57+00:00
urbansound8k_159744-8-0-7.wav,select_urbansound8k,background_salience,"salience=2, để dành background bank",auto,2026-09-14T13:08:57+00:00
urbansound8k_159744-8-0-8.wav,select_urbansound8k,background_salience,"salience=2, để dành background bank",auto,2026-09-14T13:08:57+00:00
urbansound8k_159744-8-0-9.wav,select_urbansound8k,background_salience,"salience=2, để dành background bank",auto,2026-09-14T13:08:57+00:00
urbansound8k_159745-8-1-0.wav,select_urbansound8k,background_salience,"salience=2, để dành background bank",auto,2026-09-14T13:08:57+00:00
urbansound8k_159745-8-1-1.wav,select_urbansound8k,background_salience,"salience=2, để dành background bank",auto,2026-09-14T13:08:57+00:00
urbansound8k_159745-8-1-2.wav,select_urbansound8k,background_salience,"salience=2, để dành background bank",auto,2026-09-14T13:08:57+00:00
urbansound8k_159745-8-1-3.wav,select_urbansound8k,background_salience,"salience=2, để dành background bank",auto,2026-09-14T13:08:57+00:00
urbansound8k_159745-8-1-4.wav,select_urbansound8k,background_salience,"salience=2, để dành background bank",auto,2026-09-14T13:08:57+00:00
urbansound8k_159745-8-1-5.wav,select_urbansound8k,background_salience,"salience=2, để dành background bank",auto,2026-09-14T13:08:57+00:00
urbansound8k_159745-8-1-6.wav,select_urbansound8k,background_salience,"salience=2, để dành background bank",auto,2026-09-14T13:08:57+00:00
urbansound8k_159745-8-1-7.wav,select_urbansound8k,background_salience,"salience=2, để dành background bank",auto,2026-09-14T13:08:57+00:00
urbansound8k_159747-8-0-0.wav,select_urbansound8k,background_salience,"salience=2, để dành background bank",auto,2026-09-14T13:08:57+00:00
urbansound8k_159747-8-0-1.wav,select_urbansound8k,background_salience,"salience=2, để dành background bank",auto,2026-09-14T13:08:57+00:00
urbansound8k_159747-8-0-10.wav,select_urbansound8k,background_salience,"salience=2, để dành background bank",auto,2026-09-14T13:08:57+00:00
urbansound8k_159747-8-0-11.wav,select_urbansound8k,background_salience,"salience=2, để dành background bank",auto,2026-09-14T13:08:57+00:00
urbansound8k_159747-8-0-12.wav,select_urbansound8k,background_salience,"salience=2, để dành background bank",auto,2026-09-14T13:08:57+00:00
urbansound8k_159747-8-0-13.wav,select_urbansound8k,background_salience,"salience=2, để dành background bank",auto,2026-09-14T13:08:57+00:00
urbansound8k_159747-8-0-14.wav,select_urbansound8k,background_salience,"salience=2, để dành background bank",auto,2026-09-14T13:08:57+00:00
urbansound8k_159747-8-0-15.wav,select_urbansound8k,background_salience,"salience=2, để dành background bank",auto,2026-09-14T13:08:57+00:00
urbansound8k_159747-8-0-16.wav,select_urbansound8k,background_salience,"salience=2, để dành background bank",auto,2026-09-14T13:08:57+00:00
urbansound8k_159747-8-0-17.wav,select_urbansound8k,background_salience,"salience=2, để dành background bank",auto,2026-09-14T13:08:57+00:00
urbansound8k_159747-8-0-18.wav,select_urbansound8k,background_salience,"salience=2, để dành background bank",auto,2026-09-14T13:08:57+00:00
urbansound8k_159747-8-0-19.wav,select_urbansound8k,background_salience,"salience=2, để dành background bank",auto,2026-09-14T13:08:57+00:00
urbansound8k_159747-8-0-2.wav,select_urbansound8k,background_salience,"salience=2, để dành background bank",auto,2026-09-14T13:08:57+00:00
urbansound8k_159747-8-0-20.wav,select_urbansound8k,background_salience,"salience=2, để dành background bank",auto,2026-09-14T13:08:57+00:00
urbansound8k_159747-8-0-21.wav,select_urbansound8k,background_salience,"salience=2, để dành background bank",auto,2026-09-14T13:08:57+00:00
urbansound8k_159747-8-0-3.wav,select_urbansound8k,background_salience,"salience=2, để dành background bank",auto,2026-09-14T13:08:57+00:00
urbansound8k_159747-8-0-4.wav,select_urbansound8k,background_salience,"salience=2, để dành background bank",auto,2026-09-14T13:08:57+00:00
urbansound8k_159747-8-0-5.wav,select_urbansound8k,background_salience,"salience=2, để dành background bank",auto,2026-09-14T13:08:57+00:00
urbansound8k_159747-8-0-6.wav,select_urbansound8k,background_salience,"salience=2, để dành background bank",auto,2026-09-14T13:08:57+00:00
urbansound8k_159747-8-0-7.wav,select_urbansound8k,background_salience,"salience=2, để dành background bank",auto,2026-09-14T13:08:57+00:00
urbansound8k_159747-8-0-8.wav,select_urbansound8k,background_salience,"salience=2, để dành background bank",auto,2026-09-14T13:08:57+00:00
urbansound8k_159747-8-0-9.wav,select_urbansound8k,background_salience,"salience=2, để dành background bank",auto,2026-09-14T13:08:57+00:00
urbansound8k_159751-8-0-0.wav,select_urbansound8k,background_salience,"salience=2, để dành background bank",auto,2026-09-14T13:08:57+00:00
urbansound8k_159751-8-0-1.wav,select_urbansound8k,background_salience,"salience=2, để dành background bank",auto,2026-09-14T13:08:57+00:00
urbansound8k_159751-8-0-10.wav,select_urbansound8k,background_salience,"salience=2, để dành background bank",auto,2026-09-14T13:08:57+00:00
urbansound8k_159751-8-0-11.wav,select_urbansound8k,background_salience,"salience=2, để dành background bank",auto,2026-09-14T13:08:57+00:00
urbansound8k_159751-8-0-12.wav,select_urbansound8k,background_salience,"salience=2, để dành background bank",auto,2026-09-14T13:08:57+00:00
urbansound8k_159751-8-0-13.wav,select_urbansound8k,background_salience,"salience=2, để dành background bank",auto,2026-09-14T13:08:57+00:00
urbansound8k_159751-8-0-14.wav,select_urbansound8k,background_salience,"salience=2, để dành background bank",auto,2026-09-14T13:08:57+00:00
urbansound8k_159751-8-0-15.wav,select_urbansound8k,background_salience,"salience=2, để dành background bank",auto,2026-09-14T13:08:57+00:00
urbansound8k_159751-8-0-16.wav,select_urbansound8k,background_salience,"salience=2, để dành background bank",auto,2026-09-14T13:08:57+00:00
urbansound8k_159751-8-0-17.wav,select_urbansound8k,background_salience,"salience=2, để dành background bank",auto,2026-09-14T13:08:57+00:00
urbansound8k_159751-8-0-18.wav,select_urbansound8k,background_salience,"salience=2, để dành background bank",auto,2026-09-14T13:08:57+00:00
urbansound8k_159751-8-0-19.wav,select_urbansound8k,background_salience,"salience=2, để dành background bank",auto,2026-09-14T13:08:57+00:00
urbansound8k_159751-8-0-2.wav,select_urbansound8k,background_salience,"salience=2, để dành background bank",auto,2026-09-14T13:08:57+00:00
urbansound8k_159751-8-0-20.wav,select_urbansound8k,background_salience,"salience=2, để dành background bank",auto,2026-09-14T13:08:57+00:00
urbansound8k_159751-8-0-21.wav,select_urbansound8k,background_salience,"salience=2, để dành background bank",auto,2026-09-14T13:08:57+00:00
urbansound8k_159751-8-0-3.wav,select_urbansound8k,background_salience,"salience=2, để dành background bank",auto,2026-09-14T13:08:57+00:00
urbansound8k_159751-8-0-4.wav,select_urbansound8k,background_salience,"salience=2, để dành background bank",auto,2026-09-14T13:08:57+00:00
urbansound8k_159751-8-0-5.wav,select_urbansound8k,background_salience,"salience=2, để dành background bank",auto,2026-09-14T13:08:57+00:00
urbansound8k_159751-8-0-6.wav,select_urbansound8k,background_salience,"salience=2, để dành background bank",auto,2026-09-14T13:08:57+00:00
urbansound8k_159751-8-0-7.wav,select_urbansound8k,background_salience,"salience=2, để dành background bank",auto,2026-09-14T13:08:57+00:00
urbansound8k_159751-8-0-8.wav,select_urbansound8k,background_salience,"salience=2, để dành background bank",auto,2026-09-14T13:08:57+00:00
urbansound8k_159751-8-0-9.wav,select_urbansound8k,background_salience,"salience=2, để dành background bank",auto,2026-09-14T13:08:57+00:00
urbansound8k_159752-8-0-0.wav,select_urbansound8k,background_salience,"salience=2, để dành background bank",auto,2026-09-14T13:08:57+00:00
urbansound8k_159752-8-0-1.wav,select_urbansound8k,background_salience,"salience=2, để dành background bank",auto,2026-09-14T13:08:57+00:00
urbansound8k_159752-8-0-10.wav,select_urbansound8k,background_salience,"salience=2, để dành background bank",auto,2026-09-14T13:08:57+00:00
urbansound8k_159752-8-0-11.wav,select_urbansound8k,background_salience,"salience=2, để dành background bank",auto,2026-09-14T13:08:57+00:00
urbansound8k_159752-8-0-12.wav,select_urbansound8k,background_salience,"salience=2, để dành background bank",auto,2026-09-14T13:08:57+00:00
urbansound8k_159752-8-0-2.wav,select_urbansound8k,background_salience,"salience=2, để dành background bank",auto,2026-09-14T13:08:57+00:00
urbansound8k_159752-8-0-3.wav,select_urbansound8k,background_salience,"salience=2, để dành background bank",auto,2026-09-14T13:08:57+00:00
urbansound8k_159752-8-0-4.wav,select_urbansound8k,background_salience,"salience=2, để dành background bank",auto,2026-09-14T13:08:57+00:00
urbansound8k_159752-8-0-5.wav,select_urbansound8k,background_salience,"salience=2, để dành background bank",auto,2026-09-14T13:08:57+00:00
urbansound8k_159752-8-0-6.wav,select_urbansound8k,background_salience,"salience=2, để dành background bank",auto,2026-09-14T13:08:57+00:00
urbansound8k_159752-8-0-7.wav,select_urbansound8k,background_salience,"salience=2, để dành background bank",auto,2026-09-14T13:08:57+00:00
urbansound8k_159752-8-0-8.wav,select_urbansound8k,background_salience,"salience=2, để dành background bank",auto,2026-09-14T13:08:57+00:00
urbansound8k_159752-8-0-9.wav,select_urbansound8k,background_salience,"salience=2, để dành background bank",auto,2026-09-14T13:08:57+00:00
urbansound8k_159752-8-1-0.wav,select_urbansound8k,background_salience,"salience=2, để dành background bank",auto,2026-09-14T13:08:57+00:00
urbansound8k_159752-8-2-0.wav,select_urbansound8k,background_salience,"salience=2, để dành background bank",auto,2026-09-14T13:08:57+00:00
urbansound8k_159752-8-2-1.wav,select_urbansound8k,background_salience,"salience=2, để dành background bank",auto,2026-09-14T13:08:57+00:00
urbansound8k_159752-8-2-2.wav,select_urbansound8k,background_salience,"salience=2, để dành background bank",auto,2026-09-14T13:08:57+00:00
urbansound8k_159752-8-2-3.wav,select_urbansound8k,background_salience,"salience=2, để dành background bank",auto,2026-09-14T13:08:57+00:00
urbansound8k_164053-8-0-0.wav,select_urbansound8k,background_salience,"salience=2, để dành background bank",auto,2026-09-14T13:08:57+00:00
urbansound8k_164053-8-1-0.wav,select_urbansound8k,background_salience,"salience=2, để dành background bank",auto,2026-09-14T13:08:57+00:00
urbansound8k_164053-8-2-0.wav,select_urbansound8k,background_salience,"salience=2, để dành background bank",auto,2026-09-14T13:08:57+00:00
urbansound8k_164053-8-2-1.wav,select_urbansound8k,background_salience,"salience=2, để dành background bank",auto,2026-09-14T13:08:57+00:00
urbansound8k_164053-8-2-2.wav,select_urbansound8k,background_salience,"salience=2, để dành background bank",auto,2026-09-14T13:08:57+00:00
urbansound8k_164053-8-2-3.wav,select_urbansound8k,background_salience,"salience=2, để dành background bank",auto,2026-09-14T13:08:57+00:00
urbansound8k_164053-8-3-0.wav,select_urbansound8k,background_salience,"salience=2, để dành background bank",auto,2026-09-14T13:08:57+00:00
urbansound8k_164782-8-0-0.wav,select_urbansound8k,background_salience,"salience=2, để dành background bank",auto,2026-09-14T13:08:57+00:00
urbansound8k_164782-8-0-1.wav,select_urbansound8k,background_salience,"salience=2, để dành background bank",auto,2026-09-14T13:08:57+00:00
urbansound8k_164782-8-0-2.wav,select_urbansound8k,background_salience,"salience=2, để dành background bank",auto,2026-09-14T13:08:57+00:00
urbansound8k_164782-8-0-3.wav,select_urbansound8k,background_salience,"salience=2, để dành background bank",auto,2026-09-14T13:08:57+00:00
urbansound8k_164782-8-0-4.wav,select_urbansound8k,background_salience,"salience=2, để dành background bank",auto,2026-09-14T13:08:57+00:00
urbansound8k_164782-8-0-5.wav,select_urbansound8k,background_salience,"salience=2, để dành background bank",auto,2026-09-14T13:08:57+00:00
urbansound8k_164782-8-0-6.wav,select_urbansound8k,background_salience,"salience=2, để dành background bank",auto,2026-09-14T13:08:57+00:00
urbansound8k_164782-8-0-7.wav,select_urbansound8k,background_salience,"salience=2, để dành background bank",auto,2026-09-14T13:08:57+00:00
urbansound8k_184623-8-1-0.wav,select_urbansound8k,background_salience,"salience=2, để dành background bank",auto,2026-09-14T13:08:57+00:00
urbansound8k_188004-8-0-0.wav,select_urbansound8k,background_salience,"salience=2, để dành background bank",auto,2026-09-14T13:08:57+00:00
urbansound8k_188004-8-0-1.wav,select_urbansound8k,background_salience,"salience=2, để dành background bank",auto,2026-09-14T13:08:57+00:00
urbansound8k_188004-8-0-2.wav,select_urbansound8k,background_salience,"salience=2, để dành background bank",auto,2026-09-14T13:08:57+00:00
urbansound8k_203913-8-1-0.wav,select_urbansound8k,background_salience,"salience=2, để dành background bank",auto,2026-09-14T13:08:57+00:00
urbansound8k_203913-8-1-1.wav,select_urbansound8k,background_salience,"salience=2, để dành background bank",auto,2026-09-14T13:08:57+00:00
urbansound8k_203913-8-1-2.wav,select_urbansound8k,background_salience,"salience=2, để dành background bank",auto,2026-09-14T13:08:57+00:00
urbansound8k_203913-8-1-3.wav,select_urbansound8k,background_salience,"salience=2, để dành background bank",auto,2026-09-14T13:08:57+00:00
urbansound8k_203913-8-1-4.wav,select_urbansound8k,background_salience,"salience=2, để dành background bank",auto,2026-09-14T13:08:57+00:00
urbansound8k_203913-8-1-5.wav,select_urbansound8k,background_salience,"salience=2, để dành background bank",auto,2026-09-14T13:08:57+00:00
urbansound8k_208652-8-0-0.wav,select_urbansound8k,background_salience,"salience=2, để dành background bank",auto,2026-09-14T13:08:57+00:00
urbansound8k_208652-8-2-0.wav,select_urbansound8k,background_salience,"salience=2, để dành background bank",auto,2026-09-14T13:08:57+00:00
urbansound8k_208652-8-4-0.wav,select_urbansound8k,background_salience,"salience=2, để dành background bank",auto,2026-09-14T13:08:57+00:00
urbansound8k_208652-8-6-0.wav,select_urbansound8k,background_salience,"salience=2, để dành background bank",auto,2026-09-14T13:08:57+00:00
urbansound8k_22601-8-0-0.wav,select_urbansound8k,background_salience,"salience=2, để dành background bank",auto,2026-09-14T13:08:57+00:00
urbansound8k_22601-8-0-1.wav,select_urbansound8k,background_salience,"salience=2, để dành background bank",auto,2026-09-14T13:08:57+00:00
urbansound8k_22601-8-0-10.wav,select_urbansound8k,background_salience,"salience=2, để dành background bank",auto,2026-09-14T13:08:57+00:00
urbansound8k_22601-8-0-11.wav,select_urbansound8k,background_salience,"salience=2, để dành background bank",auto,2026-09-14T13:08:57+00:00
urbansound8k_22601-8-0-12.wav,select_urbansound8k,background_salience,"salience=2, để dành background bank",auto,2026-09-14T13:08:57+00:00
urbansound8k_22601-8-0-13.wav,select_urbansound8k,background_salience,"salience=2, để dành background bank",auto,2026-09-14T13:08:57+00:00
urbansound8k_22601-8-0-14.wav,select_urbansound8k,background_salience,"salience=2, để dành background bank",auto,2026-09-14T13:08:57+00:00
urbansound8k_22601-8-0-15.wav,select_urbansound8k,background_salience,"salience=2, để dành background bank",auto,2026-09-14T13:08:57+00:00
urbansound8k_22601-8-0-16.wav,select_urbansound8k,background_salience,"salience=2, để dành background bank",auto,2026-09-14T13:08:57+00:00
urbansound8k_22601-8-0-17.wav,select_urbansound8k,background_salience,"salience=2, để dành background bank",auto,2026-09-14T13:08:57+00:00
urbansound8k_22601-8-0-18.wav,select_urbansound8k,background_salience,"salience=2, để dành background bank",auto,2026-09-14T13:08:57+00:00
urbansound8k_22601-8-0-19.wav,select_urbansound8k,background_salience,"salience=2, để dành background bank",auto,2026-09-14T13:08:57+00:00
urbansound8k_22601-8-0-2.wav,select_urbansound8k,background_salience,"salience=2, để dành background bank",auto,2026-09-14T13:08:57+00:00
urbansound8k_22601-8-0-20.wav,select_urbansound8k,background_salience,"salience=2, để dành background bank",auto,2026-09-14T13:08:57+00:00
urbansound8k_22601-8-0-21.wav,select_urbansound8k,background_salience,"salience=2, để dành background bank",auto,2026-09-14T13:08:57+00:00
urbansound8k_22601-8-0-22.wav,select_urbansound8k,background_salience,"salience=2, để dành background bank",auto,2026-09-14T13:08:57+00:00
urbansound8k_22601-8-0-23.wav,select_urbansound8k,background_salience,"salience=2, để dành background bank",auto,2026-09-14T13:08:57+00:00
urbansound8k_22601-8-0-24.wav,select_urbansound8k,background_salience,"salience=2, để dành background bank",auto,2026-09-14T13:08:57+00:00
urbansound8k_22601-8-0-25.wav,select_urbansound8k,background_salience,"salience=2, để dành background bank",auto,2026-09-14T13:08:57+00:00
urbansound8k_22601-8-0-26.wav,select_urbansound8k,background_salience,"salience=2, để dành background bank",auto,2026-09-14T13:08:57+00:00
urbansound8k_22601-8-0-27.wav,select_urbansound8k,background_salience,"salience=2, để dành background bank",auto,2026-09-14T13:08:57+00:00
urbansound8k_22601-8-0-28.wav,select_urbansound8k,background_salience,"salience=2, để dành background bank",auto,2026-09-14T13:08:57+00:00
urbansound8k_22601-8-0-29.wav,select_urbansound8k,background_salience,"salience=2, để dành background bank",auto,2026-09-14T13:08:57+00:00
urbansound8k_22601-8-0-3.wav,select_urbansound8k,background_salience,"salience=2, để dành background bank",auto,2026-09-14T13:08:57+00:00
urbansound8k_22601-8-0-30.wav,select_urbansound8k,background_salience,"salience=2, để dành background bank",auto,2026-09-14T13:08:57+00:00
urbansound8k_22601-8-0-31.wav,select_urbansound8k,background_salience,"salience=2, để dành background bank",auto,2026-09-14T13:08:57+00:00
urbansound8k_22601-8-0-32.wav,select_urbansound8k,background_salience,"salience=2, để dành background bank",auto,2026-09-14T13:08:57+00:00
urbansound8k_22601-8-0-33.wav,select_urbansound8k,background_salience,"salience=2, để dành background bank",auto,2026-09-14T13:08:57+00:00
urbansound8k_22601-8-0-34.wav,select_urbansound8k,background_salience,"salience=2, để dành background bank",auto,2026-09-14T13:08:57+00:00
urbansound8k_22601-8-0-35.wav,select_urbansound8k,background_salience,"salience=2, để dành background bank",auto,2026-09-14T13:08:57+00:00
urbansound8k_22601-8-0-36.wav,select_urbansound8k,background_salience,"salience=2, để dành background bank",auto,2026-09-14T13:08:57+00:00
urbansound8k_22601-8-0-37.wav,select_urbansound8k,background_salience,"salience=2, để dành background bank",auto,2026-09-14T13:08:57+00:00
urbansound8k_22601-8-0-38.wav,select_urbansound8k,background_salience,"salience=2, để dành background bank",auto,2026-09-14T13:08:57+00:00
urbansound8k_22601-8-0-39.wav,select_urbansound8k,background_salience,"salience=2, để dành background bank",auto,2026-09-14T13:08:57+00:00
urbansound8k_22601-8-0-4.wav,select_urbansound8k,background_salience,"salience=2, để dành background bank",auto,2026-09-14T13:08:57+00:00
urbansound8k_22601-8-0-40.wav,select_urbansound8k,background_salience,"salience=2, để dành background bank",auto,2026-09-14T13:08:57+00:00
urbansound8k_22601-8-0-41.wav,select_urbansound8k,background_salience,"salience=2, để dành background bank",auto,2026-09-14T13:08:57+00:00
urbansound8k_22601-8-0-42.wav,select_urbansound8k,background_salience,"salience=2, để dành background bank",auto,2026-09-14T13:08:57+00:00
urbansound8k_22601-8-0-43.wav,select_urbansound8k,background_salience,"salience=2, để dành background bank",auto,2026-09-14T13:08:57+00:00
urbansound8k_22601-8-0-44.wav,select_urbansound8k,background_salience,"salience=2, để dành background bank",auto,2026-09-14T13:08:57+00:00
urbansound8k_22601-8-0-45.wav,select_urbansound8k,background_salience,"salience=2, để dành background bank",auto,2026-09-14T13:08:57+00:00
urbansound8k_22601-8-0-46.wav,select_urbansound8k,background_salience,"salience=2, để dành background bank",auto,2026-09-14T13:08:57+00:00
urbansound8k_22601-8-0-47.wav,select_urbansound8k,background_salience,"salience=2, để dành background bank",auto,2026-09-14T13:08:57+00:00
urbansound8k_22601-8-0-48.wav,select_urbansound8k,background_salience,"salience=2, để dành background bank",auto,2026-09-14T13:08:57+00:00
urbansound8k_22601-8-0-49.wav,select_urbansound8k,background_salience,"salience=2, để dành background bank",auto,2026-09-14T13:08:57+00:00
urbansound8k_22601-8-0-5.wav,select_urbansound8k,background_salience,"salience=2, để dành background bank",auto,2026-09-14T13:08:57+00:00
urbansound8k_22601-8-0-50.wav,select_urbansound8k,background_salience,"salience=2, để dành background bank",auto,2026-09-14T13:08:57+00:00
urbansound8k_22601-8-0-51.wav,select_urbansound8k,background_salience,"salience=2, để dành background bank",auto,2026-09-14T13:08:57+00:00
urbansound8k_22601-8-0-52.wav,select_urbansound8k,background_salience,"salience=2, để dành background bank",auto,2026-09-14T13:08:57+00:00
urbansound8k_22601-8-0-53.wav,select_urbansound8k,background_salience,"salience=2, để dành background bank",auto,2026-09-14T13:08:57+00:00
urbansound8k_22601-8-0-54.wav,select_urbansound8k,background_salience,"salience=2, để dành background bank",auto,2026-09-14T13:08:57+00:00
urbansound8k_22601-8-0-6.wav,select_urbansound8k,background_salience,"salience=2, để dành background bank",auto,2026-09-14T13:08:57+00:00
urbansound8k_22601-8-0-7.wav,select_urbansound8k,background_salience,"salience=2, để dành background bank",auto,2026-09-14T13:08:57+00:00
urbansound8k_22601-8-0-8.wav,select_urbansound8k,background_salience,"salience=2, để dành background bank",auto,2026-09-14T13:08:57+00:00
urbansound8k_22601-8-0-9.wav,select_urbansound8k,background_salience,"salience=2, để dành background bank",auto,2026-09-14T13:08:57+00:00
urbansound8k_23161-6-0-0.wav,select_urbansound8k,background_salience,"salience=2, để dành background bank",auto,2026-09-14T13:08:57+00:00
urbansound8k_23161-6-1-0.wav,select_urbansound8k,background_salience,"salience=2, để dành background bank",auto,2026-09-14T13:08:57+00:00
urbansound8k_24347-8-0-0.wav,select_urbansound8k,background_salience,"salience=2, để dành background bank",auto,2026-09-14T13:08:57+00:00
urbansound8k_24347-8-0-1.wav,select_urbansound8k,background_salience,"salience=2, để dành background bank",auto,2026-09-14T13:08:57+00:00
urbansound8k_24347-8-0-10.wav,select_urbansound8k,background_salience,"salience=2, để dành background bank",auto,2026-09-14T13:08:57+00:00
urbansound8k_24347-8-0-11.wav,select_urbansound8k,background_salience,"salience=2, để dành background bank",auto,2026-09-14T13:08:57+00:00
urbansound8k_24347-8-0-12.wav,select_urbansound8k,background_salience,"salience=2, để dành background bank",auto,2026-09-14T13:08:57+00:00
urbansound8k_24347-8-0-13.wav,select_urbansound8k,background_salience,"salience=2, để dành background bank",auto,2026-09-14T13:08:57+00:00
urbansound8k_24347-8-0-14.wav,select_urbansound8k,background_salience,"salience=2, để dành background bank",auto,2026-09-14T13:08:57+00:00
urbansound8k_24347-8-0-15.wav,select_urbansound8k,background_salience,"salience=2, để dành background bank",auto,2026-09-14T13:08:57+00:00
urbansound8k_24347-8-0-16.wav,select_urbansound8k,background_salience,"salience=2, để dành background bank",auto,2026-09-14T13:08:57+00:00
urbansound8k_24347-8-0-17.wav,select_urbansound8k,background_salience,"salience=2, để dành background bank",auto,2026-09-14T13:08:57+00:00
urbansound8k_24347-8-0-18.wav,select_urbansound8k,background_salience,"salience=2, để dành background bank",auto,2026-09-14T13:08:57+00:00
urbansound8k_24347-8-0-19.wav,select_urbansound8k,background_salience,"salience=2, để dành background bank",auto,2026-09-14T13:08:57+00:00
urbansound8k_24347-8-0-2.wav,select_urbansound8k,background_salience,"salience=2, để dành background bank",auto,2026-09-14T13:08:57+00:00
urbansound8k_24347-8-0-20.wav,select_urbansound8k,background_salience,"salience=2, để dành background bank",auto,2026-09-14T13:08:57+00:00
urbansound8k_24347-8-0-21.wav,select_urbansound8k,background_salience,"salience=2, để dành background bank",auto,2026-09-14T13:08:57+00:00
urbansound8k_24347-8-0-22.wav,select_urbansound8k,background_salience,"salience=2, để dành background bank",auto,2026-09-14T13:08:57+00:00
urbansound8k_24347-8-0-23.wav,select_urbansound8k,background_salience,"salience=2, để dành background bank",auto,2026-09-14T13:08:57+00:00
urbansound8k_24347-8-0-24.wav,select_urbansound8k,background_salience,"salience=2, để dành background bank",auto,2026-09-14T13:08:57+00:00
urbansound8k_24347-8-0-25.wav,select_urbansound8k,background_salience,"salience=2, để dành background bank",auto,2026-09-14T13:08:57+00:00
urbansound8k_24347-8-0-26.wav,select_urbansound8k,background_salience,"salience=2, để dành background bank",auto,2026-09-14T13:08:57+00:00
urbansound8k_24347-8-0-27.wav,select_urbansound8k,background_salience,"salience=2, để dành background bank",auto,2026-09-14T13:08:57+00:00
urbansound8k_24347-8-0-28.wav,select_urbansound8k,background_salience,"salience=2, để dành background bank",auto,2026-09-14T13:08:57+00:00
urbansound8k_24347-8-0-29.wav,select_urbansound8k,background_salience,"salience=2, để dành background bank",auto,2026-09-14T13:08:57+00:00
urbansound8k_24347-8-0-3.wav,select_urbansound8k,background_salience,"salience=2, để dành background bank",auto,2026-09-14T13:08:57+00:00
urbansound8k_24347-8-0-30.wav,select_urbansound8k,background_salience,"salience=2, để dành background bank",auto,2026-09-14T13:08:57+00:00
urbansound8k_24347-8-0-31.wav,select_urbansound8k,background_salience,"salience=2, để dành background bank",auto,2026-09-14T13:08:57+00:00
urbansound8k_24347-8-0-32.wav,select_urbansound8k,background_salience,"salience=2, để dành background bank",auto,2026-09-14T13:08:57+00:00
urbansound8k_24347-8-0-33.wav,select_urbansound8k,background_salience,"salience=2, để dành background bank",auto,2026-09-14T13:08:57+00:00
urbansound8k_24347-8-0-34.wav,select_urbansound8k,background_salience,"salience=2, để dành background bank",auto,2026-09-14T13:08:57+00:00
urbansound8k_24347-8-0-35.wav,select_urbansound8k,background_salience,"salience=2, để dành background bank",auto,2026-09-14T13:08:57+00:00
urbansound8k_24347-8-0-36.wav,select_urbansound8k,background_salience,"salience=2, để dành background bank",auto,2026-09-14T13:08:57+00:00
urbansound8k_24347-8-0-37.wav,select_urbansound8k,background_salience,"salience=2, để dành background bank",auto,2026-09-14T13:08:57+00:00
urbansound8k_24347-8-0-38.wav,select_urbansound8k,background_salience,"salience=2, để dành background bank",auto,2026-09-14T13:08:57+00:00
urbansound8k_24347-8-0-39.wav,select_urbansound8k,background_salience,"salience=2, để dành background bank",auto,2026-09-14T13:08:57+00:00
urbansound8k_24347-8-0-4.wav,select_urbansound8k,background_salience,"salience=2, để dành background bank",auto,2026-09-14T13:08:57+00:00
urbansound8k_24347-8-0-40.wav,select_urbansound8k,background_salience,"salience=2, để dành background bank",auto,2026-09-14T13:08:57+00:00
urbansound8k_24347-8-0-41.wav,select_urbansound8k,background_salience,"salience=2, để dành background bank",auto,2026-09-14T13:08:57+00:00
urbansound8k_24347-8-0-42.wav,select_urbansound8k,background_salience,"salience=2, để dành background bank",auto,2026-09-14T13:08:57+00:00
urbansound8k_24347-8-0-43.wav,select_urbansound8k,background_salience,"salience=2, để dành background bank",auto,2026-09-14T13:08:57+00:00
urbansound8k_24347-8-0-44.wav,select_urbansound8k,background_salience,"salience=2, để dành background bank",auto,2026-09-14T13:08:57+00:00
urbansound8k_24347-8-0-45.wav,select_urbansound8k,background_salience,"salience=2, để dành background bank",auto,2026-09-14T13:08:57+00:00
urbansound8k_24347-8-0-46.wav,select_urbansound8k,background_salience,"salience=2, để dành background bank",auto,2026-09-14T13:08:57+00:00
urbansound8k_24347-8-0-47.wav,select_urbansound8k,background_salience,"salience=2, để dành background bank",auto,2026-09-14T13:08:57+00:00
urbansound8k_24347-8-0-48.wav,select_urbansound8k,background_salience,"salience=2, để dành background bank",auto,2026-09-14T13:08:57+00:00
urbansound8k_24347-8-0-49.wav,select_urbansound8k,background_salience,"salience=2, để dành background bank",auto,2026-09-14T13:08:57+00:00
urbansound8k_24347-8-0-5.wav,select_urbansound8k,background_salience,"salience=2, để dành background bank",auto,2026-09-14T13:08:57+00:00
urbansound8k_24347-8-0-50.wav,select_urbansound8k,background_salience,"salience=2, để dành background bank",auto,2026-09-14T13:08:57+00:00
urbansound8k_24347-8-0-51.wav,select_urbansound8k,background_salience,"salience=2, để dành background bank",auto,2026-09-14T13:08:57+00:00
urbansound8k_24347-8-0-52.wav,select_urbansound8k,background_salience,"salience=2, để dành background bank",auto,2026-09-14T13:08:57+00:00
urbansound8k_24347-8-0-53.wav,select_urbansound8k,background_salience,"salience=2, để dành background bank",auto,2026-09-14T13:08:57+00:00
urbansound8k_24347-8-0-54.wav,select_urbansound8k,background_salience,"salience=2, để dành background bank",auto,2026-09-14T13:08:57+00:00
urbansound8k_24347-8-0-55.wav,select_urbansound8k,background_salience,"salience=2, để dành background bank",auto,2026-09-14T13:08:57+00:00
urbansound8k_24347-8-0-56.wav,select_urbansound8k,background_salience,"salience=2, để dành background bank",auto,2026-09-14T13:08:57+00:00
urbansound8k_24347-8-0-57.wav,select_urbansound8k,background_salience,"salience=2, để dành background bank",auto,2026-09-14T13:08:57+00:00
urbansound8k_24347-8-0-58.wav,select_urbansound8k,background_salience,"salience=2, để dành background bank",auto,2026-09-14T13:08:57+00:00
urbansound8k_24347-8-0-59.wav,select_urbansound8k,background_salience,"salience=2, để dành background bank",auto,2026-09-14T13:08:57+00:00
urbansound8k_24347-8-0-6.wav,select_urbansound8k,background_salience,"salience=2, để dành background bank",auto,2026-09-14T13:08:57+00:00
urbansound8k_24347-8-0-60.wav,select_urbansound8k,background_salience,"salience=2, để dành background bank",auto,2026-09-14T13:08:57+00:00
urbansound8k_24347-8-0-61.wav,select_urbansound8k,background_salience,"salience=2, để dành background bank",auto,2026-09-14T13:08:57+00:00
urbansound8k_24347-8-0-62.wav,select_urbansound8k,background_salience,"salience=2, để dành background bank",auto,2026-09-14T13:08:57+00:00
urbansound8k_24347-8-0-63.wav,select_urbansound8k,background_salience,"salience=2, để dành background bank",auto,2026-09-14T13:08:57+00:00
urbansound8k_24347-8-0-64.wav,select_urbansound8k,background_salience,"salience=2, để dành background bank",auto,2026-09-14T13:08:57+00:00
urbansound8k_24347-8-0-65.wav,select_urbansound8k,background_salience,"salience=2, để dành background bank",auto,2026-09-14T13:08:57+00:00
urbansound8k_24347-8-0-66.wav,select_urbansound8k,background_salience,"salience=2, để dành background bank",auto,2026-09-14T13:08:57+00:00
urbansound8k_24347-8-0-67.wav,select_urbansound8k,background_salience,"salience=2, để dành background bank",auto,2026-09-14T13:08:57+00:00
urbansound8k_24347-8-0-68.wav,select_urbansound8k,background_salience,"salience=2, để dành background bank",auto,2026-09-14T13:08:57+00:00
urbansound8k_24347-8-0-69.wav,select_urbansound8k,background_salience,"salience=2, để dành background bank",auto,2026-09-14T13:08:57+00:00
urbansound8k_24347-8-0-7.wav,select_urbansound8k,background_salience,"salience=2, để dành background bank",auto,2026-09-14T13:08:57+00:00
urbansound8k_24347-8-0-70.wav,select_urbansound8k,background_salience,"salience=2, để dành background bank",auto,2026-09-14T13:08:57+00:00
urbansound8k_24347-8-0-71.wav,select_urbansound8k,background_salience,"salience=2, để dành background bank",auto,2026-09-14T13:08:57+00:00
urbansound8k_24347-8-0-72.wav,select_urbansound8k,background_salience,"salience=2, để dành background bank",auto,2026-09-14T13:08:57+00:00
urbansound8k_24347-8-0-73.wav,select_urbansound8k,background_salience,"salience=2, để dành background bank",auto,2026-09-14T13:08:57+00:00
urbansound8k_24347-8-0-74.wav,select_urbansound8k,background_salience,"salience=2, để dành background bank",auto,2026-09-14T13:08:57+00:00
urbansound8k_24347-8-0-75.wav,select_urbansound8k,background_salience,"salience=2, để dành background bank",auto,2026-09-14T13:08:57+00:00
urbansound8k_24347-8-0-76.wav,select_urbansound8k,background_salience,"salience=2, để dành background bank",auto,2026-09-14T13:08:57+00:00
urbansound8k_24347-8-0-77.wav,select_urbansound8k,background_salience,"salience=2, để dành background bank",auto,2026-09-14T13:08:57+00:00
urbansound8k_24347-8-0-78.wav,select_urbansound8k,background_salience,"salience=2, để dành background bank",auto,2026-09-14T13:08:57+00:00
urbansound8k_24347-8-0-79.wav,select_urbansound8k,background_salience,"salience=2, để dành background bank",auto,2026-09-14T13:08:57+00:00
urbansound8k_24347-8-0-8.wav,select_urbansound8k,background_salience,"salience=2, để dành background bank",auto,2026-09-14T13:08:57+00:00
urbansound8k_24347-8-0-80.wav,select_urbansound8k,background_salience,"salience=2, để dành background bank",auto,2026-09-14T13:08:57+00:00
urbansound8k_24347-8-0-81.wav,select_urbansound8k,background_salience,"salience=2, để dành background bank",auto,2026-09-14T13:08:57+00:00
urbansound8k_24347-8-0-82.wav,select_urbansound8k,background_salience,"salience=2, để dành background bank",auto,2026-09-14T13:08:57+00:00
urbansound8k_24347-8-0-83.wav,select_urbansound8k,background_salience,"salience=2, để dành background bank",auto,2026-09-14T13:08:57+00:00
urbansound8k_24347-8-0-84.wav,select_urbansound8k,background_salience,"salience=2, để dành background bank",auto,2026-09-14T13:08:57+00:00
urbansound8k_24347-8-0-85.wav,select_urbansound8k,background_salience,"salience=2, để dành background bank",auto,2026-09-14T13:08:57+00:00
urbansound8k_24347-8-0-86.wav,select_urbansound8k,background_salience,"salience=2, để dành background bank",auto,2026-09-14T13:08:57+00:00
urbansound8k_24347-8-0-87.wav,select_urbansound8k,background_salience,"salience=2, để dành background bank",auto,2026-09-14T13:08:57+00:00
urbansound8k_24347-8-0-88.wav,select_urbansound8k,background_salience,"salience=2, để dành background bank",auto,2026-09-14T13:08:57+00:00
urbansound8k_24347-8-0-89.wav,select_urbansound8k,background_salience,"salience=2, để dành background bank",auto,2026-09-14T13:08:57+00:00
urbansound8k_24347-8-0-9.wav,select_urbansound8k,background_salience,"salience=2, để dành background bank",auto,2026-09-14T13:08:57+00:00
urbansound8k_24347-8-0-90.wav,select_urbansound8k,background_salience,"salience=2, để dành background bank",auto,2026-09-14T13:08:57+00:00
urbansound8k_24347-8-0-91.wav,select_urbansound8k,background_salience,"salience=2, để dành background bank",auto,2026-09-14T13:08:57+00:00
urbansound8k_24347-8-0-92.wav,select_urbansound8k,background_salience,"salience=2, để dành background bank",auto,2026-09-14T13:08:57+00:00
urbansound8k_24347-8-0-93.wav,select_urbansound8k,background_salience,"salience=2, để dành background bank",auto,2026-09-14T13:08:57+00:00
urbansound8k_24347-8-0-94.wav,select_urbansound8k,background_salience,"salience=2, để dành background bank",auto,2026-09-14T13:08:57+00:00
urbansound8k_24347-8-0-95.wav,select_urbansound8k,background_salience,"salience=2, để dành background bank",auto,2026-09-14T13:08:57+00:00
urbansound8k_24347-8-0-96.wav,select_urbansound8k,background_salience,"salience=2, để dành background bank",auto,2026-09-14T13:08:57+00:00
urbansound8k_24347-8-0-97.wav,select_urbansound8k,background_salience,"salience=2, để dành background bank",auto,2026-09-14T13:08:57+00:00
urbansound8k_24347-8-0-98.wav,select_urbansound8k,background_salience,"salience=2, để dành background bank",auto,2026-09-14T13:08:57+00:00
urbansound8k_24347-8-0-99.wav,select_urbansound8k,background_salience,"salience=2, để dành background bank",auto,2026-09-14T13:08:57+00:00
urbansound8k_24631-6-0-0.wav,select_urbansound8k,background_salience,"salience=2, để dành background bank",auto,2026-09-14T13:08:57+00:00
urbansound8k_24632-6-0-0.wav,select_urbansound8k,background_salience,"salience=2, để dành background bank",auto,2026-09-14T13:08:57+00:00
urbansound8k_24632-6-1-0.wav,select_urbansound8k,background_salience,"salience=2, để dành background bank",auto,2026-09-14T13:08:57+00:00
urbansound8k_24652-6-0-0.wav,select_urbansound8k,background_salience,"salience=2, để dành background bank",auto,2026-09-14T13:08:57+00:00
urbansound8k_25037-6-0-0.wav,select_urbansound8k,background_salience,"salience=2, để dành background bank",auto,2026-09-14T13:08:57+00:00
urbansound8k_25037-6-1-0.wav,select_urbansound8k,background_salience,"salience=2, để dành background bank",auto,2026-09-14T13:08:57+00:00
urbansound8k_28426-8-0-0.wav,select_urbansound8k,background_salience,"salience=2, để dành background bank",auto,2026-09-14T13:08:57+00:00
urbansound8k_28426-8-1-0.wav,select_urbansound8k,background_salience,"salience=2, để dành background bank",auto,2026-09-14T13:08:57+00:00
urbansound8k_28426-8-2-0.wav,select_urbansound8k,background_salience,"salience=2, để dành background bank",auto,2026-09-14T13:08:57+00:00
urbansound8k_30823-8-0-0.wav,select_urbansound8k,background_salience,"salience=2, để dành background bank",auto,2026-09-14T13:08:57+00:00
urbansound8k_34952-8-0-0.wav,select_urbansound8k,background_salience,"salience=2, để dành background bank",auto,2026-09-14T13:08:57+00:00
urbansound8k_34952-8-0-1.wav,select_urbansound8k,background_salience,"salience=2, để dành background bank",auto,2026-09-14T13:08:57+00:00
urbansound8k_34952-8-0-2.wav,select_urbansound8k,background_salience,"salience=2, để dành background bank",auto,2026-09-14T13:08:57+00:00
urbansound8k_34952-8-0-3.wav,select_urbansound8k,background_salience,"salience=2, để dành background bank",auto,2026-09-14T13:08:57+00:00
urbansound8k_34952-8-0-4.wav,select_urbansound8k,background_salience,"salience=2, để dành background bank",auto,2026-09-14T13:08:57+00:00
urbansound8k_34952-8-0-5.wav,select_urbansound8k,background_salience,"salience=2, để dành background bank",auto,2026-09-14T13:08:57+00:00
urbansound8k_34952-8-0-6.wav,select_urbansound8k,background_salience,"salience=2, để dành background bank",auto,2026-09-14T13:08:57+00:00
urbansound8k_34952-8-0-7.wav,select_urbansound8k,background_salience,"salience=2, để dành background bank",auto,2026-09-14T13:08:57+00:00
urbansound8k_36403-6-0-0.wav,select_urbansound8k,background_salience,"salience=2, để dành background bank",auto,2026-09-14T13:08:57+00:00
urbansound8k_40717-8-0-0.wav,select_urbansound8k,background_salience,"salience=2, để dành background bank",auto,2026-09-14T13:08:57+00:00
urbansound8k_40717-8-0-1.wav,select_urbansound8k,background_salience,"salience=2, để dành background bank",auto,2026-09-14T13:08:57+00:00
urbansound8k_40717-8-0-2.wav,select_urbansound8k,background_salience,"salience=2, để dành background bank",auto,2026-09-14T13:08:57+00:00
urbansound8k_40717-8-0-3.wav,select_urbansound8k,background_salience,"salience=2, để dành background bank",auto,2026-09-14T13:08:57+00:00
urbansound8k_40717-8-0-4.wav,select_urbansound8k,background_salience,"salience=2, để dành background bank",auto,2026-09-14T13:08:57+00:00
urbansound8k_40717-8-0-5.wav,select_urbansound8k,background_salience,"salience=2, để dành background bank",auto,2026-09-14T13:08:57+00:00
urbansound8k_40717-8-0-6.wav,select_urbansound8k,background_salience,"salience=2, để dành background bank",auto,2026-09-14T13:08:57+00:00
urbansound8k_40722-8-0-0.wav,select_urbansound8k,background_salience,"salience=2, để dành background bank",auto,2026-09-14T13:08:57+00:00
urbansound8k_40722-8-0-1.wav,select_urbansound8k,background_salience,"salience=2, để dành background bank",auto,2026-09-14T13:08:57+00:00
urbansound8k_40722-8-0-2.wav,select_urbansound8k,background_salience,"salience=2, để dành background bank",auto,2026-09-14T13:08:57+00:00
urbansound8k_40722-8-0-3.wav,select_urbansound8k,background_salience,"salience=2, để dành background bank",auto,2026-09-14T13:08:57+00:00
urbansound8k_40722-8-0-4.wav,select_urbansound8k,background_salience,"salience=2, để dành background bank",auto,2026-09-14T13:08:57+00:00
urbansound8k_40722-8-0-5.wav,select_urbansound8k,background_salience,"salience=2, để dành background bank",auto,2026-09-14T13:08:57+00:00
urbansound8k_40722-8-0-6.wav,select_urbansound8k,background_salience,"salience=2, để dành background bank",auto,2026-09-14T13:08:57+00:00
urbansound8k_40722-8-0-7.wav,select_urbansound8k,background_salience,"salience=2, để dành background bank",auto,2026-09-14T13:08:57+00:00
urbansound8k_40722-8-0-8.wav,select_urbansound8k,background_salience,"salience=2, để dành background bank",auto,2026-09-14T13:08:57+00:00
urbansound8k_42117-8-0-0.wav,select_urbansound8k,background_salience,"salience=2, để dành background bank",auto,2026-09-14T13:08:57+00:00
urbansound8k_42117-8-0-1.wav,select_urbansound8k,background_salience,"salience=2, để dành background bank",auto,2026-09-14T13:08:57+00:00
urbansound8k_42117-8-0-10.wav,select_urbansound8k,background_salience,"salience=2, để dành background bank",auto,2026-09-14T13:08:57+00:00
urbansound8k_42117-8-0-11.wav,select_urbansound8k,background_salience,"salience=2, để dành background bank",auto,2026-09-14T13:08:57+00:00
urbansound8k_42117-8-0-12.wav,select_urbansound8k,background_salience,"salience=2, để dành background bank",auto,2026-09-14T13:08:57+00:00
urbansound8k_42117-8-0-13.wav,select_urbansound8k,background_salience,"salience=2, để dành background bank",auto,2026-09-14T13:08:57+00:00
urbansound8k_42117-8-0-14.wav,select_urbansound8k,background_salience,"salience=2, để dành background bank",auto,2026-09-14T13:08:57+00:00
urbansound8k_42117-8-0-2.wav,select_urbansound8k,background_salience,"salience=2, để dành background bank",auto,2026-09-14T13:08:57+00:00
urbansound8k_42117-8-0-3.wav,select_urbansound8k,background_salience,"salience=2, để dành background bank",auto,2026-09-14T13:08:57+00:00
urbansound8k_42117-8-0-4.wav,select_urbansound8k,background_salience,"salience=2, để dành background bank",auto,2026-09-14T13:08:57+00:00
urbansound8k_42117-8-0-5.wav,select_urbansound8k,background_salience,"salience=2, để dành background bank",auto,2026-09-14T13:08:57+00:00
urbansound8k_42117-8-0-6.wav,select_urbansound8k,background_salience,"salience=2, để dành background bank",auto,2026-09-14T13:08:57+00:00
urbansound8k_42117-8-0-7.wav,select_urbansound8k,background_salience,"salience=2, để dành background bank",auto,2026-09-14T13:08:57+00:00
urbansound8k_42117-8-0-8.wav,select_urbansound8k,background_salience,"salience=2, để dành background bank",auto,2026-09-14T13:08:57+00:00
urbansound8k_42117-8-0-9.wav,select_urbansound8k,background_salience,"salience=2, để dành background bank",auto,2026-09-14T13:08:57+00:00
urbansound8k_42117-8-1-0.wav,select_urbansound8k,background_salience,"salience=2, để dành background bank",auto,2026-09-14T13:08:57+00:00
urbansound8k_43805-8-3-0.wav,select_urbansound8k,background_salience,"salience=2, để dành background bank",auto,2026-09-14T13:08:57+00:00
urbansound8k_43805-8-4-0.wav,select_urbansound8k,background_salience,"salience=2, để dành background bank",auto,2026-09-14T13:08:57+00:00
urbansound8k_54898-8-0-0.wav,select_urbansound8k,background_salience,"salience=2, để dành background bank",auto,2026-09-14T13:08:57+00:00
urbansound8k_54898-8-0-1.wav,select_urbansound8k,background_salience,"salience=2, để dành background bank",auto,2026-09-14T13:08:57+00:00
urbansound8k_54898-8-0-10.wav,select_urbansound8k,background_salience,"salience=2, để dành background bank",auto,2026-09-14T13:08:57+00:00
urbansound8k_54898-8-0-2.wav,select_urbansound8k,background_salience,"salience=2, để dành background bank",auto,2026-09-14T13:08:57+00:00
urbansound8k_54898-8-0-3.wav,select_urbansound8k,background_salience,"salience=2, để dành background bank",auto,2026-09-14T13:08:57+00:00
urbansound8k_54898-8-0-4.wav,select_urbansound8k,background_salience,"salience=2, để dành background bank",auto,2026-09-14T13:08:57+00:00
urbansound8k_54898-8-0-5.wav,select_urbansound8k,background_salience,"salience=2, để dành background bank",auto,2026-09-14T13:08:57+00:00
urbansound8k_54898-8-0-6.wav,select_urbansound8k,background_salience,"salience=2, để dành background bank",auto,2026-09-14T13:08:57+00:00
urbansound8k_54898-8-0-7.wav,select_urbansound8k,background_salience,"salience=2, để dành background bank",auto,2026-09-14T13:08:57+00:00
urbansound8k_54898-8-0-8.wav,select_urbansound8k,background_salience,"salience=2, để dành background bank",auto,2026-09-14T13:08:57+00:00
urbansound8k_54898-8-0-9.wav,select_urbansound8k,background_salience,"salience=2, để dành background bank",auto,2026-09-14T13:08:57+00:00
urbansound8k_57323-8-0-0.wav,select_urbansound8k,background_salience,"salience=2, để dành background bank",auto,2026-09-14T13:08:57+00:00
urbansound8k_57323-8-0-1.wav,select_urbansound8k,background_salience,"salience=2, để dành background bank",auto,2026-09-14T13:08:57+00:00
urbansound8k_57323-8-0-10.wav,select_urbansound8k,background_salience,"salience=2, để dành background bank",auto,2026-09-14T13:08:57+00:00
urbansound8k_57323-8-0-11.wav,select_urbansound8k,background_salience,"salience=2, để dành background bank",auto,2026-09-14T13:08:57+00:00
urbansound8k_57323-8-0-2.wav,select_urbansound8k,background_salience,"salience=2, để dành background bank",auto,2026-09-14T13:08:57+00:00
urbansound8k_57323-8-0-3.wav,select_urbansound8k,background_salience,"salience=2, để dành background bank",auto,2026-09-14T13:08:57+00:00
urbansound8k_57323-8-0-4.wav,select_urbansound8k,background_salience,"salience=2, để dành background bank",auto,2026-09-14T13:08:57+00:00
urbansound8k_57323-8-0-5.wav,select_urbansound8k,background_salience,"salience=2, để dành background bank",auto,2026-09-14T13:08:57+00:00
urbansound8k_57323-8-0-6.wav,select_urbansound8k,background_salience,"salience=2, để dành background bank",auto,2026-09-14T13:08:57+00:00
urbansound8k_57323-8-0-7.wav,select_urbansound8k,background_salience,"salience=2, để dành background bank",auto,2026-09-14T13:08:57+00:00
urbansound8k_57323-8-0-8.wav,select_urbansound8k,background_salience,"salience=2, để dành background bank",auto,2026-09-14T13:08:57+00:00
urbansound8k_57323-8-0-9.wav,select_urbansound8k,background_salience,"salience=2, để dành background bank",auto,2026-09-14T13:08:57+00:00
urbansound8k_57323-8-2-0.wav,select_urbansound8k,background_salience,"salience=2, để dành background bank",auto,2026-09-14T13:08:57+00:00
urbansound8k_66601-8-0-0.wav,select_urbansound8k,background_salience,"salience=2, để dành background bank",auto,2026-09-14T13:08:57+00:00
urbansound8k_66601-8-0-1.wav,select_urbansound8k,background_salience,"salience=2, để dành background bank",auto,2026-09-14T13:08:57+00:00
urbansound8k_66601-8-0-2.wav,select_urbansound8k,background_salience,"salience=2, để dành background bank",auto,2026-09-14T13:08:57+00:00
urbansound8k_66601-8-0-3.wav,select_urbansound8k,background_salience,"salience=2, để dành background bank",auto,2026-09-14T13:08:57+00:00
urbansound8k_66601-8-0-4.wav,select_urbansound8k,background_salience,"salience=2, để dành background bank",auto,2026-09-14T13:08:57+00:00
urbansound8k_66601-8-0-5.wav,select_urbansound8k,background_salience,"salience=2, để dành background bank",auto,2026-09-14T13:08:57+00:00
urbansound8k_66996-8-1-0.wav,select_urbansound8k,background_salience,"salience=2, để dành background bank",auto,2026-09-14T13:08:57+00:00
urbansound8k_66996-8-3-0.wav,select_urbansound8k,background_salience,"salience=2, để dành background bank",auto,2026-09-14T13:08:57+00:00
urbansound8k_70740-8-0-0.wav,select_urbansound8k,background_salience,"salience=2, để dành background bank",auto,2026-09-14T13:08:57+00:00
urbansound8k_71177-8-0-0.wav,select_urbansound8k,background_salience,"salience=2, để dành background bank",auto,2026-09-14T13:08:57+00:00
urbansound8k_71177-8-0-1.wav,select_urbansound8k,background_salience,"salience=2, để dành background bank",auto,2026-09-14T13:08:57+00:00
urbansound8k_71177-8-2-0.wav,select_urbansound8k,background_salience,"salience=2, để dành background bank",auto,2026-09-14T13:08:57+00:00
urbansound8k_71177-8-2-1.wav,select_urbansound8k,background_salience,"salience=2, để dành background bank",auto,2026-09-14T13:08:57+00:00
urbansound8k_74364-8-1-0.wav,select_urbansound8k,background_salience,"salience=2, để dành background bank",auto,2026-09-14T13:08:57+00:00
urbansound8k_74364-8-1-1.wav,select_urbansound8k,background_salience,"salience=2, để dành background bank",auto,2026-09-14T13:08:57+00:00
urbansound8k_74364-8-1-10.wav,select_urbansound8k,background_salience,"salience=2, để dành background bank",auto,2026-09-14T13:08:57+00:00
urbansound8k_74364-8-1-11.wav,select_urbansound8k,background_salience,"salience=2, để dành background bank",auto,2026-09-14T13:08:57+00:00
urbansound8k_74364-8-1-12.wav,select_urbansound8k,background_salience,"salience=2, để dành background bank",auto,2026-09-14T13:08:57+00:00
urbansound8k_74364-8-1-13.wav,select_urbansound8k,background_salience,"salience=2, để dành background bank",auto,2026-09-14T13:08:57+00:00
urbansound8k_74364-8-1-14.wav,select_urbansound8k,background_salience,"salience=2, để dành background bank",auto,2026-09-14T13:08:57+00:00
urbansound8k_74364-8-1-15.wav,select_urbansound8k,background_salience,"salience=2, để dành background bank",auto,2026-09-14T13:08:57+00:00
urbansound8k_74364-8-1-16.wav,select_urbansound8k,background_salience,"salience=2, để dành background bank",auto,2026-09-14T13:08:57+00:00
urbansound8k_74364-8-1-17.wav,select_urbansound8k,background_salience,"salience=2, để dành background bank",auto,2026-09-14T13:08:57+00:00
urbansound8k_74364-8-1-18.wav,select_urbansound8k,background_salience,"salience=2, để dành background bank",auto,2026-09-14T13:08:57+00:00
urbansound8k_74364-8-1-19.wav,select_urbansound8k,background_salience,"salience=2, để dành background bank",auto,2026-09-14T13:08:57+00:00
urbansound8k_74364-8-1-2.wav,select_urbansound8k,background_salience,"salience=2, để dành background bank",auto,2026-09-14T13:08:57+00:00
urbansound8k_74364-8-1-20.wav,select_urbansound8k,background_salience,"salience=2, để dành background bank",auto,2026-09-14T13:08:57+00:00
urbansound8k_74364-8-1-21.wav,select_urbansound8k,background_salience,"salience=2, để dành background bank",auto,2026-09-14T13:08:57+00:00
urbansound8k_74364-8-1-22.wav,select_urbansound8k,background_salience,"salience=2, để dành background bank",auto,2026-09-14T13:08:57+00:00
urbansound8k_74364-8-1-23.wav,select_urbansound8k,background_salience,"salience=2, để dành background bank",auto,2026-09-14T13:08:57+00:00
urbansound8k_74364-8-1-24.wav,select_urbansound8k,background_salience,"salience=2, để dành background bank",auto,2026-09-14T13:08:57+00:00
urbansound8k_74364-8-1-25.wav,select_urbansound8k,background_salience,"salience=2, để dành background bank",auto,2026-09-14T13:08:57+00:00
urbansound8k_74364-8-1-26.wav,select_urbansound8k,background_salience,"salience=2, để dành background bank",auto,2026-09-14T13:08:57+00:00
urbansound8k_74364-8-1-27.wav,select_urbansound8k,background_salience,"salience=2, để dành background bank",auto,2026-09-14T13:08:57+00:00
urbansound8k_74364-8-1-3.wav,select_urbansound8k,background_salience,"salience=2, để dành background bank",auto,2026-09-14T13:08:57+00:00
urbansound8k_74364-8-1-4.wav,select_urbansound8k,background_salience,"salience=2, để dành background bank",auto,2026-09-14T13:08:57+00:00
urbansound8k_74364-8-1-5.wav,select_urbansound8k,background_salience,"salience=2, để dành background bank",auto,2026-09-14T13:08:57+00:00
urbansound8k_74364-8-1-6.wav,select_urbansound8k,background_salience,"salience=2, để dành background bank",auto,2026-09-14T13:08:57+00:00
urbansound8k_74364-8-1-7.wav,select_urbansound8k,background_salience,"salience=2, để dành background bank",auto,2026-09-14T13:08:57+00:00
urbansound8k_74364-8-1-8.wav,select_urbansound8k,background_salience,"salience=2, để dành background bank",auto,2026-09-14T13:08:57+00:00
urbansound8k_74364-8-1-9.wav,select_urbansound8k,background_salience,"salience=2, để dành background bank",auto,2026-09-14T13:08:57+00:00
urbansound8k_74726-8-0-0.wav,select_urbansound8k,background_salience,"salience=2, để dành background bank",auto,2026-09-14T13:08:57+00:00
urbansound8k_74726-8-0-1.wav,select_urbansound8k,background_salience,"salience=2, để dành background bank",auto,2026-09-14T13:08:57+00:00
urbansound8k_74726-8-0-10.wav,select_urbansound8k,background_salience,"salience=2, để dành background bank",auto,2026-09-14T13:08:57+00:00
urbansound8k_74726-8-0-11.wav,select_urbansound8k,background_salience,"salience=2, để dành background bank",auto,2026-09-14T13:08:57+00:00
urbansound8k_74726-8-0-12.wav,select_urbansound8k,background_salience,"salience=2, để dành background bank",auto,2026-09-14T13:08:57+00:00
urbansound8k_74726-8-0-13.wav,select_urbansound8k,background_salience,"salience=2, để dành background bank",auto,2026-09-14T13:08:57+00:00
urbansound8k_74726-8-0-14.wav,select_urbansound8k,background_salience,"salience=2, để dành background bank",auto,2026-09-14T13:08:57+00:00
urbansound8k_74726-8-0-15.wav,select_urbansound8k,background_salience,"salience=2, để dành background bank",auto,2026-09-14T13:08:57+00:00
urbansound8k_74726-8-0-16.wav,select_urbansound8k,background_salience,"salience=2, để dành background bank",auto,2026-09-14T13:08:57+00:00
urbansound8k_74726-8-0-2.wav,select_urbansound8k,background_salience,"salience=2, để dành background bank",auto,2026-09-14T13:08:57+00:00
urbansound8k_74726-8-0-3.wav,select_urbansound8k,background_salience,"salience=2, để dành background bank",auto,2026-09-14T13:08:57+00:00
urbansound8k_74726-8-0-4.wav,select_urbansound8k,background_salience,"salience=2, để dành background bank",auto,2026-09-14T13:08:57+00:00
urbansound8k_74726-8-0-5.wav,select_urbansound8k,background_salience,"salience=2, để dành background bank",auto,2026-09-14T13:08:57+00:00
urbansound8k_74726-8-0-6.wav,select_urbansound8k,background_salience,"salience=2, để dành background bank",auto,2026-09-14T13:08:57+00:00
urbansound8k_74726-8-0-7.wav,select_urbansound8k,background_salience,"salience=2, để dành background bank",auto,2026-09-14T13:08:57+00:00
urbansound8k_74726-8-0-8.wav,select_urbansound8k,background_salience,"salience=2, để dành background bank",auto,2026-09-14T13:08:57+00:00
urbansound8k_74726-8-0-9.wav,select_urbansound8k,background_salience,"salience=2, để dành background bank",auto,2026-09-14T13:08:57+00:00
urbansound8k_74726-8-2-0.wav,select_urbansound8k,background_salience,"salience=2, để dành background bank",auto,2026-09-14T13:08:57+00:00
urbansound8k_74726-8-2-1.wav,select_urbansound8k,background_salience,"salience=2, để dành background bank",auto,2026-09-14T13:08:57+00:00
urbansound8k_74726-8-2-2.wav,select_urbansound8k,background_salience,"salience=2, để dành background bank",auto,2026-09-14T13:08:57+00:00
urbansound8k_74726-8-2-3.wav,select_urbansound8k,background_salience,"salience=2, để dành background bank",auto,2026-09-14T13:08:57+00:00
urbansound8k_74726-8-2-4.wav,select_urbansound8k,background_salience,"salience=2, để dành background bank",auto,2026-09-14T13:08:57+00:00
urbansound8k_74726-8-2-5.wav,select_urbansound8k,background_salience,"salience=2, để dành background bank",auto,2026-09-14T13:08:57+00:00
urbansound8k_75490-8-1-0.wav,select_urbansound8k,background_salience,"salience=2, để dành background bank",auto,2026-09-14T13:08:57+00:00
urbansound8k_75490-8-1-1.wav,select_urbansound8k,background_salience,"salience=2, để dành background bank",auto,2026-09-14T13:08:57+00:00
urbansound8k_88121-8-0-0.wav,select_urbansound8k,background_salience,"salience=2, để dành background bank",auto,2026-09-14T13:08:57+00:00
urbansound8k_88121-8-0-1.wav,select_urbansound8k,background_salience,"salience=2, để dành background bank",auto,2026-09-14T13:08:57+00:00
urbansound8k_88121-8-0-2.wav,select_urbansound8k,background_salience,"salience=2, để dành background bank",auto,2026-09-14T13:08:57+00:00
urbansound8k_88121-8-0-3.wav,select_urbansound8k,background_salience,"salience=2, để dành background bank",auto,2026-09-14T13:08:57+00:00
urbansound8k_88121-8-1-0.wav,select_urbansound8k,background_salience,"salience=2, để dành background bank",auto,2026-09-14T13:08:57+00:00
urbansound8k_88121-8-2-0.wav,select_urbansound8k,background_salience,"salience=2, để dành background bank",auto,2026-09-14T13:08:57+00:00
urbansound8k_90846-8-0-0.wav,select_urbansound8k,background_salience,"salience=2, để dành background bank",auto,2026-09-14T13:08:57+00:00
urbansound8k_91396-8-0-0.wav,select_urbansound8k,background_salience,"salience=2, để dành background bank",auto,2026-09-14T13:08:57+00:00
urbansound8k_91396-8-0-1.wav,select_urbansound8k,background_salience,"salience=2, để dành background bank",auto,2026-09-14T13:08:57+00:00
urbansound8k_91396-8-0-2.wav,select_urbansound8k,background_salience,"salience=2, để dành background bank",auto,2026-09-14T13:08:57+00:00
urbansound8k_91396-8-0-3.wav,select_urbansound8k,background_salience,"salience=2, để dành background bank",auto,2026-09-14T13:08:57+00:00
urbansound8k_93567-8-0-0.wav,select_urbansound8k,background_salience,"salience=2, để dành background bank",auto,2026-09-14T13:08:57+00:00
urbansound8k_93567-8-0-1.wav,select_urbansound8k,background_salience,"salience=2, để dành background bank",auto,2026-09-14T13:08:57+00:00
urbansound8k_93567-8-0-10.wav,select_urbansound8k,background_salience,"salience=2, để dành background bank",auto,2026-09-14T13:08:57+00:00
urbansound8k_93567-8-0-11.wav,select_urbansound8k,background_salience,"salience=2, để dành background bank",auto,2026-09-14T13:08:57+00:00
urbansound8k_93567-8-0-12.wav,select_urbansound8k,background_salience,"salience=2, để dành background bank",auto,2026-09-14T13:08:57+00:00
urbansound8k_93567-8-0-13.wav,select_urbansound8k,background_salience,"salience=2, để dành background bank",auto,2026-09-14T13:08:57+00:00
urbansound8k_93567-8-0-14.wav,select_urbansound8k,background_salience,"salience=2, để dành background bank",auto,2026-09-14T13:08:57+00:00
urbansound8k_93567-8-0-15.wav,select_urbansound8k,background_salience,"salience=2, để dành background bank",auto,2026-09-14T13:08:57+00:00
urbansound8k_93567-8-0-16.wav,select_urbansound8k,background_salience,"salience=2, để dành background bank",auto,2026-09-14T13:08:57+00:00
urbansound8k_93567-8-0-17.wav,select_urbansound8k,background_salience,"salience=2, để dành background bank",auto,2026-09-14T13:08:57+00:00
urbansound8k_93567-8-0-18.wav,select_urbansound8k,background_salience,"salience=2, để dành background bank",auto,2026-09-14T13:08:57+00:00
urbansound8k_93567-8-0-19.wav,select_urbansound8k,background_salience,"salience=2, để dành background bank",auto,2026-09-14T13:08:57+00:00
urbansound8k_93567-8-0-2.wav,select_urbansound8k,background_salience,"salience=2, để dành background bank",auto,2026-09-14T13:08:57+00:00
urbansound8k_93567-8-0-3.wav,select_urbansound8k,background_salience,"salience=2, để dành background bank",auto,2026-09-14T13:08:57+00:00
urbansound8k_93567-8-0-4.wav,select_urbansound8k,background_salience,"salience=2, để dành background bank",auto,2026-09-14T13:08:57+00:00
urbansound8k_93567-8-0-5.wav,select_urbansound8k,background_salience,"salience=2, để dành background bank",auto,2026-09-14T13:08:57+00:00
urbansound8k_93567-8-0-6.wav,select_urbansound8k,background_salience,"salience=2, để dành background bank",auto,2026-09-14T13:08:57+00:00
urbansound8k_93567-8-0-7.wav,select_urbansound8k,background_salience,"salience=2, để dành background bank",auto,2026-09-14T13:08:57+00:00
urbansound8k_93567-8-0-8.wav,select_urbansound8k,background_salience,"salience=2, để dành background bank",auto,2026-09-14T13:08:57+00:00
urbansound8k_93567-8-0-9.wav,select_urbansound8k,background_salience,"salience=2, để dành background bank",auto,2026-09-14T13:08:57+00:00
urbansound8k_94020-8-0-0.wav,select_urbansound8k,background_salience,"salience=2, để dành background bank",auto,2026-09-14T13:08:57+00:00
urbansound8k_94636-8-0-0.wav,select_urbansound8k,background_salience,"salience=2, để dành background bank",auto,2026-09-14T13:08:57+00:00
urbansound8k_94636-8-0-1.wav,select_urbansound8k,background_salience,"salience=2, để dành background bank",auto,2026-09-14T13:08:57+00:00
urbansound8k_94636-8-0-10.wav,select_urbansound8k,background_salience,"salience=2, để dành background bank",auto,2026-09-14T13:08:57+00:00
urbansound8k_94636-8-0-11.wav,select_urbansound8k,background_salience,"salience=2, để dành background bank",auto,2026-09-14T13:08:57+00:00
urbansound8k_94636-8-0-12.wav,select_urbansound8k,background_salience,"salience=2, để dành background bank",auto,2026-09-14T13:08:57+00:00
urbansound8k_94636-8-0-13.wav,select_urbansound8k,background_salience,"salience=2, để dành background bank",auto,2026-09-14T13:08:57+00:00
urbansound8k_94636-8-0-14.wav,select_urbansound8k,background_salience,"salience=2, để dành background bank",auto,2026-09-14T13:08:57+00:00
urbansound8k_94636-8-0-15.wav,select_urbansound8k,background_salience,"salience=2, để dành background bank",auto,2026-09-14T13:08:57+00:00
urbansound8k_94636-8-0-16.wav,select_urbansound8k,background_salience,"salience=2, để dành background bank",auto,2026-09-14T13:08:57+00:00
urbansound8k_94636-8-0-17.wav,select_urbansound8k,background_salience,"salience=2, để dành background bank",auto,2026-09-14T13:08:57+00:00
urbansound8k_94636-8-0-18.wav,select_urbansound8k,background_salience,"salience=2, để dành background bank",auto,2026-09-14T13:08:57+00:00
urbansound8k_94636-8-0-19.wav,select_urbansound8k,background_salience,"salience=2, để dành background bank",auto,2026-09-14T13:08:57+00:00
urbansound8k_94636-8-0-2.wav,select_urbansound8k,background_salience,"salience=2, để dành background bank",auto,2026-09-14T13:08:57+00:00
urbansound8k_94636-8-0-20.wav,select_urbansound8k,background_salience,"salience=2, để dành background bank",auto,2026-09-14T13:08:57+00:00
urbansound8k_94636-8-0-21.wav,select_urbansound8k,background_salience,"salience=2, để dành background bank",auto,2026-09-14T13:08:57+00:00
urbansound8k_94636-8-0-3.wav,select_urbansound8k,background_salience,"salience=2, để dành background bank",auto,2026-09-14T13:08:57+00:00
urbansound8k_94636-8-0-4.wav,select_urbansound8k,background_salience,"salience=2, để dành background bank",auto,2026-09-14T13:08:57+00:00
urbansound8k_94636-8-0-5.wav,select_urbansound8k,background_salience,"salience=2, để dành background bank",auto,2026-09-14T13:08:57+00:00
urbansound8k_94636-8-0-6.wav,select_urbansound8k,background_salience,"salience=2, để dành background bank",auto,2026-09-14T13:08:57+00:00
urbansound8k_94636-8-0-7.wav,select_urbansound8k,background_salience,"salience=2, để dành background bank",auto,2026-09-14T13:08:57+00:00
urbansound8k_94636-8-0-8.wav,select_urbansound8k,background_salience,"salience=2, để dành background bank",auto,2026-09-14T13:08:57+00:00
urbansound8k_94636-8-0-9.wav,select_urbansound8k,background_salience,"salience=2, để dành background bank",auto,2026-09-14T13:08:57+00:00
urbansound8k_96657-8-0-0.wav,select_urbansound8k,background_salience,"salience=2, để dành background bank",auto,2026-09-14T13:08:57+00:00
urbansound8k_96657-8-0-1.wav,select_urbansound8k,background_salience,"salience=2, để dành background bank",auto,2026-09-14T13:08:57+00:00
urbansound8k_96657-8-0-2.wav,select_urbansound8k,background_salience,"salience=2, để dành background bank",auto,2026-09-14T13:08:57+00:00
urbansound8k_96657-8-0-3.wav,select_urbansound8k,background_salience,"salience=2, để dành background bank",auto,2026-09-14T13:08:57+00:00
urbansound8k_gunshot_11e58376,normalize,clipped,4.45% đoạn cắt phẳng,auto,2026-09-14T13:09:23+00:00
urbansound8k_gunshot_39e09aa2,normalize,clipped,2.88% đoạn cắt phẳng,auto,2026-09-14T13:09:23+00:00
urbansound8k_gunshot_3cf8387e,normalize,clipped,1.53% đoạn cắt phẳng,auto,2026-09-14T13:09:23+00:00
urbansound8k_gunshot_62ccf9f0,normalize,clipped,8.29% đoạn cắt phẳng,auto,2026-09-14T13:09:23+00:00
urbansound8k_gunshot_7586a71a,normalize,clipped,1.67% đoạn cắt phẳng,auto,2026-09-14T13:09:23+00:00
urbansound8k_gunshot_9a9e96ef,normalize,clipped,1.00% đoạn cắt phẳng,auto,2026-09-14T13:09:23+00:00
urbansound8k_gunshot_fae460b5,normalize,clipped,4.87% đoạn cắt phẳng,auto,2026-09-14T13:09:23+00:00
urbansound8k_siren_494f2995,normalize,silent,RMS 0.000977,auto,2026-09-14T13:09:23+00:00
urbansound8k_siren_6c2877d7,normalize,silent,RMS 0.000432,auto,2026-09-14T13:09:23+00:00
urbansound8k_siren_71490950,normalize,silent,RMS 0.000695,auto,2026-09-14T13:09:23+00:00
urbansound8k_siren_d0cf27ac,normalize,silent,RMS 0.000491,auto,2026-09-14T13:09:23+00:00
