file_id,class_id,source_dataset,onset,offset,duration_bank,provenance,path_bank
desed_alarm_bell_016586c4,alarm_bell,desed,0.0,0.242,0.242,auto_accept,data/banks/foreground/alarm_bell/desed_alarm_bell_016586c4.wav
desed_alarm_bell_03c25915,alarm_bell,desed,0.0,0.318,0.318,auto_accept,data/banks/foreground/alarm_bell/desed_alarm_bell_03c25915.wav
desed_alarm_bell_03ca7e85,alarm_bell,desed,0.0,0.316,0.316,auto_accept,data/banks/foreground/alarm_bell/desed_alarm_bell_03ca7e85.wav
desed_alarm_bell_0576aaa3,alarm_bell,desed,0.0,2.02,2.02,auto_accept,data/banks/foreground/alarm_bell/desed_alarm_bell_0576aaa3.wav
desed_alarm_bell_084220bd,alarm_bell,desed,0.0,1.38,1.38,auto_accept,data/banks/foreground/alarm_bell/desed_alarm_bell_084220bd.wav
desed_alarm_bell_08817a4e,alarm_bell,desed,0.0,0.572,0.572,auto_accept,data/banks/foreground/alarm_bell/desed_alarm_bell_08817a4e.wav
desed_alarm_bell_08dea298,alarm_bell,desed,0.0,0.242,0.242,auto_accept,data/banks/foreground/alarm_bell/desed_alarm_bell_08dea298.wav
desed_alarm_bell_08e0991d,alarm_bell,desed,0.0,0.534,0.534,auto_accept,data/banks/foreground/alarm_bell/desed_alarm_bell_08e0991d.wav
desed_alarm_bell_0f458a63,alarm_bell,desed,0.0,0.242,0.242,auto_accept,data/banks/foreground/alarm_bell/desed_alarm_bell_0f458a63.wav
desed_alarm_bell_0feed5f4,alarm_bell,desed,0.0,0.597,0.597,auto_accept,data/banks/foreground/alarm_bell/desed_alarm_bell_0feed5f4.wav
desed_alarm_bell_10ae73de,alarm_bell,desed,0.0,0.559,0.559,auto_accept,data/banks/foreground/alarm_bell/desed_alarm_bell_10ae73de.wav
desed_alarm_bell_1508a031,alarm_bell,desed,0.0,1.008,1.008,auto_accept,data/banks/foreground/alarm_bell/desed_alarm_bell_1508a031.wav
desed_alarm_bell_1b0d3a4d,alarm_bell,desed,0.0,0.119,0.119,auto_accept,data/banks/foreground/alarm_bell/desed_alarm_bell_1b0d3a4d.wav
desed_alarm_bell_20191b46,alarm_bell,desed,0.0,0.242,0.242,auto_accept,data/banks/foreground/alarm_bell/desed_alarm_bell_20191b46.wav
desed_alarm_bell_21bea9cc,alarm_bell,desed,0.0,0.738,0.738,auto_accept,data/banks/foreground/alarm_bell/desed_alarm_bell_21bea9cc.wav
desed_alarm_bell_248cb8a7,alarm_bell,desed,0.0,23.139,23.139,auto_accept,data/banks/foreground/alarm_bell/desed_alarm_bell_248cb8a7.wav
desed_alarm_bell_26315eee,alarm_bell,desed,0.0,0.565,0.565,auto_accept,data/banks/foreground/alarm_bell/desed_alarm_bell_26315eee.wav
desed_alarm_bell_36e46582,alarm_bell,desed,0.0,0.562,0.562,auto_accept,data/banks/foreground/alarm_bell/desed_alarm_bell_36e46582.wav
desed_alarm_bell_3747d982,alarm_bell,desed,0.0,0.61,0.61,auto_accept,data/banks/foreground/alarm_bell/desed_alarm_bell_3747d982.wav
desed_alarm_bell_37a1f4a3,alarm_bell,desed,0.0,0.572,0.572,auto_accept,data/banks/foreground/alarm_bell/desed_alarm_bell_37a1f4a3.wav
desed_alarm_bell_38ceec78,alarm_bell,desed,0.0,0.235,0.235,auto_accept,data/banks/foreground/alarm_bell/desed_alarm_bell_38ceec78.wav
desed_alarm_bell_39aad88b,alarm_bell,desed,0.0,0.555,0.555,auto_accept,data/banks/foreground/alarm_bell/desed_alarm_bell_39aad88b.wav
desed_alarm_bell_3ab4ee0b,alarm_bell,desed,0.0,0.235,0.235,auto_accept,data/banks/foreground/alarm_bell/desed_alarm_bell_3ab4ee0b.wav
desed_alarm_bell_3d9c81a5,alarm_bell,desed,0.0,0.538,0.538,auto_accept,data/banks/foreground/alarm_bell/desed_alarm_bell_3d9c81a5.wav
desed_alarm_bell_4028a3da,alarm_bell,desed,0.0,3.614,3.614,auto_accept,data/banks/foreground/alarm_bell/desed_alarm_bell_4028a3da.wav
desed_alarm_bell_4048080c,alarm_bell,desed,0.0,0.104,0.104,auto_accept,data/banks/foreground/alarm_bell/desed_alarm_bell_4048080c.wav
desed_alarm_bell_42a59b74,alarm_bell,desed,0.0,0.57,0.57,auto_accept,data/banks/foreground/alarm_bell/desed_alarm_bell_42a59b74.wav
desed_alarm_bell_42ad3bf9,alarm_bell,desed,0.0,0.229,0.229,auto_accept,data/banks/foreground/alarm_bell/desed_alarm_bell_42ad3bf9.wav
desed_alarm_bell_47161f23,alarm_bell,desed,0.0,0.534,0.534,auto_accept,data/banks/foreground/alarm_bell/desed_alarm_bell_47161f23.wav
desed_alarm_bell_475854b8,alarm_bell,desed,0.0,0.492,0.492,auto_accept,data/banks/foreground/alarm_bell/desed_alarm_bell_475854b8.wav
desed_alarm_bell_49d0ae15,alarm_bell,desed,0.0,0.237,0.237,auto_accept,data/banks/foreground/alarm_bell/desed_alarm_bell_49d0ae15.wav
desed_alarm_bell_4a8f8fe2,alarm_bell,desed,0.0,0.59,0.59,auto_accept,data/banks/foreground/alarm_bell/desed_alarm_bell_4a8f8fe2.wav
desed_alarm_bell_4dcf1840,alarm_bell,desed,0.0,1.012,1.012,auto_accept,data/banks/foreground/alarm_bell/desed_alarm_bell_4dcf1840.wav
desed_alarm_bell_5620a7d9,alarm_bell,desed,0.0,1.001,1.001,auto_accept,data/banks/foreground/alarm_bell/desed_alarm_bell_5620a7d9.wav
desed_alarm_bell_56a3938e,alarm_bell,desed,0.0,0.242,0.242,auto_accept,data/banks/foreground/alarm_bell/desed_alarm_bell_56a3938e.wav
desed_alarm_bell_589d76f9,alarm_bell,desed,0.0,2.655,2.655,auto_accept,data/banks/foreground/alarm_bell/desed_alarm_bell_589d76f9.wav
desed_alarm_bell_58e96ac2,alarm_bell,desed,0.0,1.38,1.38,auto_accept,data/banks/foreground/alarm_bell/desed_alarm_bell_58e96ac2.wav
desed_alarm_bell_5b9ce681,alarm_bell,desed,0.0,1.698,1.698,auto_accept,data/banks/foreground/alarm_bell/desed_alarm_bell_5b9ce681.wav
desed_alarm_bell_6157608c,alarm_bell,desed,0.0,0.495,0.495,auto_accept,data/banks/foreground/alarm_bell/desed_alarm_bell_6157608c.wav
desed_alarm_bell_6261dc0a,alarm_bell,desed,0.0,0.672,0.672,auto_accept,data/banks/foreground/alarm_bell/desed_alarm_bell_6261dc0a.wav
desed_alarm_bell_630dc66f,alarm_bell,desed,0.0,0.316,0.316,auto_accept,data/banks/foreground/alarm_bell/desed_alarm_bell_630dc66f.wav
desed_alarm_bell_66037bb2,alarm_bell,desed,0.0,1.016,1.016,auto_accept,data/banks/foreground/alarm_bell/desed_alarm_bell_66037bb2.wav
desed_alarm_bell_66c738d5,alarm_bell,desed,0.0,0.242,0.242,auto_accept,data/banks/foreground/alarm_bell/desed_alarm_bell_66c738d5.wav
desed_alarm_bell_6b98ee0b,alarm_bell,desed,0.0,1.016,1.016,auto_accept,data/banks/foreground/alarm_bell/desed_alarm_bell_6b98ee0b.wav
desed_alarm_bell_701b77fd,alarm_bell,desed,0.0,0.328,0.328,auto_accept,data/banks/foreground/alarm_bell/desed_alarm_bell_701b77fd.wav
desed_alarm_bell_744e48bf,alarm_bell,desed,0.0,1.007,1.007,auto_accept,data/banks/foreground/alarm_bell/desed_alarm_bell_744e48bf.wav
desed_alarm_bell_74935f8d,alarm_bell,desed,0.0,1.449,1.449,auto_accept,data/banks/foreground/alarm_bell/desed_alarm_bell_74935f8d.wav
desed_alarm_bell_75735c8c,alarm_bell,desed,0.0,0.242,0.242,auto_accept,data/banks/foreground/alarm_bell/desed_alarm_bell_75735c8c.wav
desed_alarm_bell_7bbe1dda,alarm_bell,desed,0.0,0.236,0.236,auto_accept,data/banks/foreground/alarm_bell/desed_alarm_bell_7bbe1dda.wav
desed_alarm_bell_7e5012d0,alarm_bell,desed,0.0,1.005,1.005,auto_accept,data/banks/foreground/alarm_bell/desed_alarm_bell_7e5012d0.wav
desed_alarm_bell_7ece994a,alarm_bell,desed,0.0,0.317,0.317,auto_accept,data/banks/foreground/alarm_bell/desed_alarm_bell_7ece994a.wav
desed_alarm_bell_7f3fcf5e,alarm_bell,desed,0.0,1.379,1.379,auto_accept,data/banks/foreground/alarm_bell/desed_alarm_bell_7f3fcf5e.wav
desed_alarm_bell_8071cb1b,alarm_bell,desed,0.0,0.316,0.316,auto_accept,data/banks/foreground/alarm_bell/desed_alarm_bell_8071cb1b.wav
desed_alarm_bell_812da415,alarm_bell,desed,0.0,0.992,0.992,auto_accept,data/banks/foreground/alarm_bell/desed_alarm_bell_812da415.wav
desed_alarm_bell_8c2f0ef9,alarm_bell,desed,0.0,1.057,1.057,auto_accept,data/banks/foreground/alarm_bell/desed_alarm_bell_8c2f0ef9.wav
desed_alarm_bell_91467225,alarm_bell,desed,0.0,0.516,0.516,auto_accept,data/banks/foreground/alarm_bell/desed_alarm_bell_91467225.wav
desed_alarm_bell_934d5d28,alarm_bell,desed,0.0,0.315,0.315,auto_accept,data/banks/foreground/alarm_bell/desed_alarm_bell_934d5d28.wav
desed_alarm_bell_9798d0e0,alarm_bell,desed,0.0,1.059,1.059,auto_accept,data/banks/foreground/alarm_bell/desed_alarm_bell_9798d0e0.wav
desed_alarm_bell_984c7d8f,alarm_bell,desed,0.0,0.572,0.572,auto_accept,data/banks/foreground/alarm_bell/desed_alarm_bell_984c7d8f.wav
desed_alarm_bell_99539dab,alarm_bell,desed,0.0,0.274,0.274,auto_accept,data/banks/foreground/alarm_bell/desed_alarm_bell_99539dab.wav
desed_alarm_bell_9ce1c5d8,alarm_bell,desed,0.0,2.015,2.015,auto_accept,data/banks/foreground/alarm_bell/desed_alarm_bell_9ce1c5d8.wav
desed_alarm_bell_9e2f9d5e,alarm_bell,desed,0.0,0.605,0.605,auto_accept,data/banks/foreground/alarm_bell/desed_alarm_bell_9e2f9d5e.wav
desed_alarm_bell_9fabdd47,alarm_bell,desed,0.0,0.317,0.317,auto_accept,data/banks/foreground/alarm_bell/desed_alarm_bell_9fabdd47.wav
desed_alarm_bell_a00f28b7,alarm_bell,desed,0.0,0.318,0.318,auto_accept,data/banks/foreground/alarm_bell/desed_alarm_bell_a00f28b7.wav
desed_alarm_bell_a2084b19,alarm_bell,desed,0.0,0.568,0.568,auto_accept,data/banks/foreground/alarm_bell/desed_alarm_bell_a2084b19.wav
desed_alarm_bell_a8946f3c,alarm_bell,desed,0.0,0.315,0.315,auto_accept,data/banks/foreground/alarm_bell/desed_alarm_bell_a8946f3c.wav
desed_alarm_bell_aa831035,alarm_bell,desed,0.0,0.31,0.31,auto_accept,data/banks/foreground/alarm_bell/desed_alarm_bell_aa831035.wav
desed_alarm_bell_ae315091,alarm_bell,desed,0.0,0.624,0.624,auto_accept,data/banks/foreground/alarm_bell/desed_alarm_bell_ae315091.wav
desed_alarm_bell_af29effd,alarm_bell,desed,0.0,1.036,1.036,auto_accept,data/banks/foreground/alarm_bell/desed_alarm_bell_af29effd.wav
desed_alarm_bell_af5c4ba2,alarm_bell,desed,0.0,1.379,1.379,auto_accept,data/banks/foreground/alarm_bell/desed_alarm_bell_af5c4ba2.wav
desed_alarm_bell_b6ab58a8,alarm_bell,desed,0.0,1.037,1.037,auto_accept,data/banks/foreground/alarm_bell/desed_alarm_bell_b6ab58a8.wav
desed_alarm_bell_b8348a60,alarm_bell,desed,0.0,0.548,0.548,auto_accept,data/banks/foreground/alarm_bell/desed_alarm_bell_b8348a60.wav
desed_alarm_bell_bd44db60,alarm_bell,desed,0.0,0.126,0.126,auto_accept,data/banks/foreground/alarm_bell/desed_alarm_bell_bd44db60.wav
desed_alarm_bell_be8ba650,alarm_bell,desed,0.0,0.553,0.553,auto_accept,data/banks/foreground/alarm_bell/desed_alarm_bell_be8ba650.wav
desed_alarm_bell_bee584ac,alarm_bell,desed,0.0,0.571,0.571,auto_accept,data/banks/foreground/alarm_bell/desed_alarm_bell_bee584ac.wav
desed_alarm_bell_bf572b6d,alarm_bell,desed,0.0,0.866,0.866,auto_accept,data/banks/foreground/alarm_bell/desed_alarm_bell_bf572b6d.wav
desed_alarm_bell_c50cab9f,alarm_bell,desed,0.0,0.36,0.36,auto_accept,data/banks/foreground/alarm_bell/desed_alarm_bell_c50cab9f.wav
desed_alarm_bell_c9677274,alarm_bell,desed,0.0,1.377,1.377,auto_accept,data/banks/foreground/alarm_bell/desed_alarm_bell_c9677274.wav
desed_alarm_bell_cc754470,alarm_bell,desed,0.0,2.34,2.34,auto_accept,data/banks/foreground/alarm_bell/desed_alarm_bell_cc754470.wav
desed_alarm_bell_ccdb132e,alarm_bell,desed,0.0,0.616,0.616,auto_accept,data/banks/foreground/alarm_bell/desed_alarm_bell_ccdb132e.wav
desed_alarm_bell_cdf977e0,alarm_bell,desed,0.0,1.38,1.38,auto_accept,data/banks/foreground/alarm_bell/desed_alarm_bell_cdf977e0.wav
desed_alarm_bell_d02f950a,alarm_bell,desed,0.0,0.318,0.318,auto_accept,data/banks/foreground/alarm_bell/desed_alarm_bell_d02f950a.wav
desed_alarm_bell_d09bd9f7,alarm_bell,desed,0.0,0.687,0.687,auto_accept,data/banks/foreground/alarm_bell/desed_alarm_bell_d09bd9f7.wav
desed_alarm_bell_d42d9967,alarm_bell,desed,0.0,1.119,1.119,auto_accept,data/banks/foreground/alarm_bell/desed_alarm_bell_d42d9967.wav
desed_alarm_bell_d6c819cd,alarm_bell,desed,0.0,1.378,1.378,auto_accept,data/banks/foreground/alarm_bell/desed_alarm_bell_d6c819cd.wav
desed_alarm_bell_d7f40860,alarm_bell,desed,0.0,0.316,0.316,auto_accept,data/banks/foreground/alarm_bell/desed_alarm_bell_d7f40860.wav
desed_alarm_bell_d8aabdb7,alarm_bell,desed,0.0,1.377,1.377,auto_accept,data/banks/foreground/alarm_bell/desed_alarm_bell_d8aabdb7.wav
desed_alarm_bell_dd2eafd1,alarm_bell,desed,0.0,0.526,0.526,auto_accept,data/banks/foreground/alarm_bell/desed_alarm_bell_dd2eafd1.wav
desed_alarm_bell_e3014586,alarm_bell,desed,0.0,0.112,0.112,auto_accept,data/banks/foreground/alarm_bell/desed_alarm_bell_e3014586.wav
desed_alarm_bell_e3e31aaa,alarm_bell,desed,0.0,0.316,0.316,auto_accept,data/banks/foreground/alarm_bell/desed_alarm_bell_e3e31aaa.wav
desed_alarm_bell_e545d797,alarm_bell,desed,0.0,0.569,0.569,auto_accept,data/banks/foreground/alarm_bell/desed_alarm_bell_e545d797.wav
desed_alarm_bell_e557f032,alarm_bell,desed,0.0,0.242,0.242,auto_accept,data/banks/foreground/alarm_bell/desed_alarm_bell_e557f032.wav
desed_alarm_bell_e5e328c5,alarm_bell,desed,0.0,1.002,1.002,auto_accept,data/banks/foreground/alarm_bell/desed_alarm_bell_e5e328c5.wav
desed_alarm_bell_e639f795,alarm_bell,desed,0.0,0.543,0.543,auto_accept,data/banks/foreground/alarm_bell/desed_alarm_bell_e639f795.wav
desed_alarm_bell_e9fb2edf,alarm_bell,desed,0.0,0.317,0.317,auto_accept,data/banks/foreground/alarm_bell/desed_alarm_bell_e9fb2edf.wav
desed_alarm_bell_eaf6d8c7,alarm_bell,desed,0.0,0.318,0.318,auto_accept,data/banks/foreground/alarm_bell/desed_alarm_bell_eaf6d8c7.wav
desed_alarm_bell_ebf46738,alarm_bell,desed,0.0,0.242,0.242,auto_accept,data/banks/foreground/alarm_bell/desed_alarm_bell_ebf46738.wav
desed_alarm_bell_ede6dc6b,alarm_bell,desed,0.0,0.314,0.314,auto_accept,data/banks/foreground/alarm_bell/desed_alarm_bell_ede6dc6b.wav
desed_alarm_bell_ee047905,alarm_bell,desed,0.0,0.317,0.317,auto_accept,data/banks/foreground/alarm_bell/desed_alarm_bell_ee047905.wav
desed_alarm_bell_eec10006,alarm_bell,desed,0.0,0.565,0.565,auto_accept,data/banks/foreground/alarm_bell/desed_alarm_bell_eec10006.wav
desed_alarm_bell_f2b3fc34,alarm_bell,desed,0.0,1.001,1.001,auto_accept,data/banks/foreground/alarm_bell/desed_alarm_bell_f2b3fc34.wav
desed_alarm_bell_f4af2a9c,alarm_bell,desed,0.0,0.532,0.532,auto_accept,data/banks/foreground/alarm_bell/desed_alarm_bell_f4af2a9c.wav
desed_alarm_bell_f6ec9dfc,alarm_bell,desed,0.0,1.379,1.379,auto_accept,data/banks/foreground/alarm_bell/desed_alarm_bell_f6ec9dfc.wav
desed_alarm_bell_f72a8416,alarm_bell,desed,0.0,0.318,0.318,auto_accept,data/banks/foreground/alarm_bell/desed_alarm_bell_f72a8416.wav
desed_alarm_bell_f815d53a,alarm_bell,desed,0.22,1.38,1.16,auto_accept,data/banks/foreground/alarm_bell/desed_alarm_bell_f815d53a.wav
desed_alarm_bell_fc42e9a7,alarm_bell,desed,0.0,0.538,0.538,auto_accept,data/banks/foreground/alarm_bell/desed_alarm_bell_fc42e9a7.wav
desed_alarm_bell_ffb90bce,alarm_bell,desed,0.0,1.546,1.546,auto_accept,data/banks/foreground/alarm_bell/desed_alarm_bell_ffb90bce.wav
esc50_alarm_bell_0f0e831a,alarm_bell,esc50,0.0,5.0,5.0,auto_accept,data/banks/foreground/alarm_bell/esc50_alarm_bell_0f0e831a.wav
esc50_alarm_bell_0f99cf9a,alarm_bell,esc50,0.0,5.0,5.0,auto_accept,data/banks/foreground/alarm_bell/esc50_alarm_bell_0f99cf9a.wav
esc50_alarm_bell_119c2783,alarm_bell,esc50,0.0,5.0,5.0,auto_accept,data/banks/foreground/alarm_bell/esc50_alarm_bell_119c2783.wav
esc50_alarm_bell_1583d0be,alarm_bell,esc50,2.455,4.252,1.797,auto_accept,data/banks/foreground/alarm_bell/esc50_alarm_bell_1583d0be.wav
esc50_alarm_bell_1b78f0e6,alarm_bell,esc50,0.0,5.0,5.0,auto_accept,data/banks/foreground/alarm_bell/esc50_alarm_bell_1b78f0e6.wav
esc50_alarm_bell_1c5a500b,alarm_bell,esc50,0.219,4.571,4.352,auto_accept,data/banks/foreground/alarm_bell/esc50_alarm_bell_1c5a500b.wav
esc50_alarm_bell_21679508,alarm_bell,esc50,0.0,4.571,4.571,auto_accept,data/banks/foreground/alarm_bell/esc50_alarm_bell_21679508.wav
esc50_alarm_bell_220c3d12,alarm_bell,esc50,0.0,3.613,3.613,auto_accept,data/banks/foreground/alarm_bell/esc50_alarm_bell_220c3d12.wav
esc50_alarm_bell_2d2ae224,alarm_bell,esc50,0.0,5.0,5.0,auto_accept,data/banks/foreground/alarm_bell/esc50_alarm_bell_2d2ae224.wav
esc50_alarm_bell_3b2f085b,alarm_bell,esc50,0.0,4.571,4.571,auto_accept,data/banks/foreground/alarm_bell/esc50_alarm_bell_3b2f085b.wav
esc50_alarm_bell_45473028,alarm_bell,esc50,0.0,5.0,5.0,auto_accept,data/banks/foreground/alarm_bell/esc50_alarm_bell_45473028.wav
esc50_alarm_bell_48e8337f,alarm_bell,esc50,0.0,3.613,3.613,auto_accept,data/banks/foreground/alarm_bell/esc50_alarm_bell_48e8337f.wav
esc50_alarm_bell_49223fa4,alarm_bell,esc50,0.0,3.294,3.294,auto_accept,data/banks/foreground/alarm_bell/esc50_alarm_bell_49223fa4.wav
esc50_alarm_bell_5822815c,alarm_bell,esc50,0.0,2.974,2.974,auto_accept,data/banks/foreground/alarm_bell/esc50_alarm_bell_5822815c.wav
esc50_alarm_bell_5e790539,alarm_bell,esc50,0.0,5.0,5.0,auto_accept,data/banks/foreground/alarm_bell/esc50_alarm_bell_5e790539.wav
esc50_alarm_bell_796a0d89,alarm_bell,esc50,1.177,4.252,3.075,auto_accept,data/banks/foreground/alarm_bell/esc50_alarm_bell_796a0d89.wav
esc50_alarm_bell_7b8aad41,alarm_bell,esc50,0.219,1.697,1.478,auto_accept,data/banks/foreground/alarm_bell/esc50_alarm_bell_7b8aad41.wav
esc50_alarm_bell_7dbc0346,alarm_bell,esc50,1.177,2.655,1.478,auto_accept,data/banks/foreground/alarm_bell/esc50_alarm_bell_7dbc0346.wav
esc50_alarm_bell_81ff3870,alarm_bell,esc50,2.455,5.0,2.545,auto_accept,data/banks/foreground/alarm_bell/esc50_alarm_bell_81ff3870.wav
esc50_alarm_bell_82212458,alarm_bell,esc50,0.0,5.0,5.0,auto_accept,data/banks/foreground/alarm_bell/esc50_alarm_bell_82212458.wav
esc50_alarm_bell_87c0ead3,alarm_bell,esc50,0.0,2.974,2.974,auto_accept,data/banks/foreground/alarm_bell/esc50_alarm_bell_87c0ead3.wav
esc50_alarm_bell_892a04fe,alarm_bell,esc50,0.219,5.0,4.781,auto_accept,data/banks/foreground/alarm_bell/esc50_alarm_bell_892a04fe.wav
esc50_alarm_bell_8b402796,alarm_bell,esc50,0.0,2.974,2.974,auto_accept,data/banks/foreground/alarm_bell/esc50_alarm_bell_8b402796.wav
esc50_alarm_bell_8dbf786d,alarm_bell,esc50,0.0,5.0,5.0,auto_accept,data/banks/foreground/alarm_bell/esc50_alarm_bell_8dbf786d.wav
esc50_alarm_bell_8f8f7c9c,alarm_bell,esc50,0.0,4.571,4.571,auto_accept,data/banks/foreground/alarm_bell/esc50_alarm_bell_8f8f7c9c.wav
esc50_alarm_bell_92baf64d,alarm_bell,esc50,0.0,5.0,5.0,auto_accept,data/banks/foreground/alarm_bell/esc50_alarm_bell_92baf64d.wav
esc50_alarm_bell_93064c31,alarm_bell,esc50,0.0,5.0,5.0,auto_accept,data/banks/foreground/alarm_bell/esc50_alarm_bell_93064c31.wav
esc50_alarm_bell_973df7c6,alarm_bell,esc50,0.0,5.0,5.0,auto_accept,data/banks/foreground/alarm_bell/esc50_alarm_bell_973df7c6.wav
esc50_alarm_bell_9a8b1499,alarm_bell,esc50,0.0,5.0,5.0,auto_accept,data/banks/foreground/alarm_bell/esc50_alarm_bell_9a8b1499.wav
esc50_alarm_bell_a6b64ebb,alarm_bell,esc50,0.0,4.252,4.252,auto_accept,data/banks/foreground/alarm_bell/esc50_alarm_bell_a6b64ebb.wav
esc50_alarm_bell_b6d260c3,alarm_bell,esc50,0.0,5.0,5.0,auto_accept,data/banks/foreground/alarm_bell/esc50_alarm_bell_b6d260c3.wav
esc50_alarm_bell_bb41577f,alarm_bell,esc50,0.0,5.0,5.0,auto_accept,data/banks/foreground/alarm_bell/esc50_alarm_bell_bb41577f.wav
esc50_alarm_bell_be37da47,alarm_bell,esc50,0.0,5.0,5.0,auto_accept,data/banks/foreground/alarm_bell/esc50_alarm_bell_be37da47.wav
esc50_alarm_bell_c08a0615,alarm_bell,esc50,2.455,4.252,1.797,auto_accept,data/banks/foreground/alarm_bell/esc50_alarm_bell_c08a0615.wav
esc50_alarm_bell_c1d8172c,alarm_bell,esc50,0.0,5.0,5.0,auto_accept,data/banks/foreground/alarm_bell/esc50_alarm_bell_c1d8172c.wav
esc50_alarm_bell_c592d9af,alarm_bell,esc50,0.0,2.016,2.016,auto_accept,data/banks/foreground/alarm_bell/esc50_alarm_bell_c592d9af.wav
esc50_alarm_bell_c6a19ee5,alarm_bell,esc50,0.0,5.0,5.0,auto_accept,data/banks/foreground/alarm_bell/esc50_alarm_bell_c6a19ee5.wav
esc50_alarm_bell_c78db93c,alarm_bell,esc50,0.0,2.655,2.655,auto_accept,data/banks/foreground/alarm_bell/esc50_alarm_bell_c78db93c.wav
esc50_alarm_bell_c7d05248,alarm_bell,esc50,3.413,4.571,1.158,auto_accept,data/banks/foreground/alarm_bell/esc50_alarm_bell_c7d05248.wav
esc50_alarm_bell_cb564046,alarm_bell,esc50,2.136,3.613,1.477,auto_accept,data/banks/foreground/alarm_bell/esc50_alarm_bell_cb564046.wav
esc50_alarm_bell_d2232652,alarm_bell,esc50,0.0,5.0,5.0,auto_accept,data/banks/foreground/alarm_bell/esc50_alarm_bell_d2232652.wav
esc50_alarm_bell_d4bf2130,alarm_bell,esc50,0.858,2.016,1.158,auto_accept,data/banks/foreground/alarm_bell/esc50_alarm_bell_d4bf2130.wav
esc50_alarm_bell_d8761cb9,alarm_bell,esc50,0.0,2.336,2.336,auto_accept,data/banks/foreground/alarm_bell/esc50_alarm_bell_d8761cb9.wav
esc50_alarm_bell_e00a8c06,alarm_bell,esc50,0.0,5.0,5.0,auto_accept,data/banks/foreground/alarm_bell/esc50_alarm_bell_e00a8c06.wav
esc50_alarm_bell_e071e9a3,alarm_bell,esc50,0.0,4.571,4.571,auto_accept,data/banks/foreground/alarm_bell/esc50_alarm_bell_e071e9a3.wav
esc50_alarm_bell_e0de072c,alarm_bell,esc50,1.816,5.0,3.184,auto_accept,data/banks/foreground/alarm_bell/esc50_alarm_bell_e0de072c.wav
esc50_alarm_bell_e40a1b2b,alarm_bell,esc50,0.0,5.0,5.0,auto_accept,data/banks/foreground/alarm_bell/esc50_alarm_bell_e40a1b2b.wav
esc50_alarm_bell_e7aab383,alarm_bell,esc50,0.0,5.0,5.0,auto_accept,data/banks/foreground/alarm_bell/esc50_alarm_bell_e7aab383.wav
esc50_alarm_bell_e89e5bee,alarm_bell,esc50,0.0,5.0,5.0,auto_accept,data/banks/foreground/alarm_bell/esc50_alarm_bell_e89e5bee.wav
esc50_alarm_bell_eb652724,alarm_bell,esc50,0.0,2.336,2.336,auto_accept,data/banks/foreground/alarm_bell/esc50_alarm_bell_eb652724.wav
esc50_alarm_bell_ebc3196b,alarm_bell,esc50,0.0,5.0,5.0,auto_accept,data/banks/foreground/alarm_bell/esc50_alarm_bell_ebc3196b.wav
esc50_alarm_bell_fdbfa039,alarm_bell,esc50,1.497,5.0,3.503,auto_accept,data/banks/foreground/alarm_bell/esc50_alarm_bell_fdbfa039.wav
fsd50k_alarm_bell_0459e305,alarm_bell,fsd50k,0.0,5.956,5.956,auto_accept,data/banks/foreground/alarm_bell/fsd50k_alarm_bell_0459e305.wav
fsd50k_alarm_bell_049d0f11,alarm_bell,fsd50k,0.0,0.901,0.901,auto_accept,data/banks/foreground/alarm_bell/fsd50k_alarm_bell_049d0f11.wav
fsd50k_alarm_bell_050b9982,alarm_bell,fsd50k,0.0,1.105,1.105,auto_accept,data/banks/foreground/alarm_bell/fsd50k_alarm_bell_050b9982.wav
fsd50k_alarm_bell_0e54066c,alarm_bell,fsd50k,0.0,2.709,2.709,auto_accept,data/banks/foreground/alarm_bell/fsd50k_alarm_bell_0e54066c.wav
fsd50k_alarm_bell_0f7a933f,alarm_bell,fsd50k,1.499,3.397,1.899,auto_accept,data/banks/foreground/alarm_bell/fsd50k_alarm_bell_0f7a933f.wav
fsd50k_alarm_bell_16de2bb9,alarm_bell,fsd50k,0.0,1.376,1.376,auto_accept,data/banks/foreground/alarm_bell/fsd50k_alarm_bell_16de2bb9.wav
fsd50k_alarm_bell_1cdd5f94,alarm_bell,fsd50k,0.0,1.695,1.695,auto_accept,data/banks/foreground/alarm_bell/fsd50k_alarm_bell_1cdd5f94.wav
fsd50k_alarm_bell_1e68d9c1,alarm_bell,fsd50k,0.0,0.739,0.739,auto_accept,data/banks/foreground/alarm_bell/fsd50k_alarm_bell_1e68d9c1.wav
fsd50k_alarm_bell_2229eb9b,alarm_bell,fsd50k,0.22,2.019,1.799,auto_accept,data/banks/foreground/alarm_bell/fsd50k_alarm_bell_2229eb9b.wav
fsd50k_alarm_bell_22882a3a,alarm_bell,fsd50k,0.0,1.355,1.355,auto_accept,data/banks/foreground/alarm_bell/fsd50k_alarm_bell_22882a3a.wav
fsd50k_alarm_bell_2876d9eb,alarm_bell,fsd50k,0.0,2.34,2.34,auto_accept,data/banks/foreground/alarm_bell/fsd50k_alarm_bell_2876d9eb.wav
fsd50k_alarm_bell_30301586,alarm_bell,fsd50k,0.0,1.379,1.379,auto_accept,data/banks/foreground/alarm_bell/fsd50k_alarm_bell_30301586.wav
fsd50k_alarm_bell_31fdd42a,alarm_bell,fsd50k,0.0,2.659,2.659,auto_accept,data/banks/foreground/alarm_bell/fsd50k_alarm_bell_31fdd42a.wav
fsd50k_alarm_bell_34a16479,alarm_bell,fsd50k,0.22,2.019,1.799,auto_accept,data/banks/foreground/alarm_bell/fsd50k_alarm_bell_34a16479.wav
fsd50k_alarm_bell_366e4163,alarm_bell,fsd50k,0.0,1.401,1.401,auto_accept,data/banks/foreground/alarm_bell/fsd50k_alarm_bell_366e4163.wav
fsd50k_alarm_bell_36f7de3c,alarm_bell,fsd50k,0.0,1.379,1.379,auto_accept,data/banks/foreground/alarm_bell/fsd50k_alarm_bell_36f7de3c.wav
fsd50k_alarm_bell_3c36f091,alarm_bell,fsd50k,0.22,2.019,1.799,auto_accept,data/banks/foreground/alarm_bell/fsd50k_alarm_bell_3c36f091.wav
fsd50k_alarm_bell_3cd27024,alarm_bell,fsd50k,0.0,1.06,1.06,auto_accept,data/banks/foreground/alarm_bell/fsd50k_alarm_bell_3cd27024.wav
fsd50k_alarm_bell_3f2a8981,alarm_bell,fsd50k,11.097,25.214,14.117,auto_accept,data/banks/foreground/alarm_bell/fsd50k_alarm_bell_3f2a8981.wav
fsd50k_alarm_bell_41f2099a,alarm_bell,fsd50k,0.0,7.138,7.138,auto_accept,data/banks/foreground/alarm_bell/fsd50k_alarm_bell_41f2099a.wav
fsd50k_alarm_bell_428f2b8e,alarm_bell,fsd50k,1.499,3.618,2.119,auto_accept,data/banks/foreground/alarm_bell/fsd50k_alarm_bell_428f2b8e.wav
fsd50k_alarm_bell_4766cec0,alarm_bell,fsd50k,0.219,2.654,2.435,auto_accept,data/banks/foreground/alarm_bell/fsd50k_alarm_bell_4766cec0.wav
fsd50k_alarm_bell_487da817,alarm_bell,fsd50k,0.0,1.059,1.059,auto_accept,data/banks/foreground/alarm_bell/fsd50k_alarm_bell_487da817.wav
fsd50k_alarm_bell_4b7d45e2,alarm_bell,fsd50k,0.0,1.378,1.378,auto_accept,data/banks/foreground/alarm_bell/fsd50k_alarm_bell_4b7d45e2.wav
fsd50k_alarm_bell_4cf757a7,alarm_bell,fsd50k,6.934,8.413,1.479,auto_accept,data/banks/foreground/alarm_bell/fsd50k_alarm_bell_4cf757a7.wav
fsd50k_alarm_bell_4cfc6a67,alarm_bell,fsd50k,0.0,12.323,12.323,auto_accept,data/banks/foreground/alarm_bell/fsd50k_alarm_bell_4cfc6a67.wav
fsd50k_alarm_bell_54373b2b,alarm_bell,fsd50k,0.859,2.658,1.799,auto_accept,data/banks/foreground/alarm_bell/fsd50k_alarm_bell_54373b2b.wav
fsd50k_alarm_bell_5997efee,alarm_bell,fsd50k,0.22,4.256,4.036,auto_accept,data/banks/foreground/alarm_bell/fsd50k_alarm_bell_5997efee.wav
fsd50k_alarm_bell_5a58927a,alarm_bell,fsd50k,8.537,11.936,3.399,auto_accept,data/banks/foreground/alarm_bell/fsd50k_alarm_bell_5a58927a.wav
fsd50k_alarm_bell_60fd571b,alarm_bell,fsd50k,0.0,1.38,1.38,auto_accept,data/banks/foreground/alarm_bell/fsd50k_alarm_bell_60fd571b.wav
fsd50k_alarm_bell_664f5c3a,alarm_bell,fsd50k,0.0,1.378,1.378,auto_accept,data/banks/foreground/alarm_bell/fsd50k_alarm_bell_664f5c3a.wav
fsd50k_alarm_bell_691ddf85,alarm_bell,fsd50k,3.099,10.017,6.918,auto_accept,data/banks/foreground/alarm_bell/fsd50k_alarm_bell_691ddf85.wav
fsd50k_alarm_bell_6b452661,alarm_bell,fsd50k,2.139,5.217,3.078,auto_accept,data/banks/foreground/alarm_bell/fsd50k_alarm_bell_6b452661.wav
fsd50k_alarm_bell_6c9aa125,alarm_bell,fsd50k,0.0,1.058,1.058,auto_accept,data/banks/foreground/alarm_bell/fsd50k_alarm_bell_6c9aa125.wav
fsd50k_alarm_bell_6d3351a7,alarm_bell,fsd50k,1.819,4.577,2.758,auto_accept,data/banks/foreground/alarm_bell/fsd50k_alarm_bell_6d3351a7.wav
fsd50k_alarm_bell_717ebe30,alarm_bell,fsd50k,0.0,1.016,1.016,auto_accept,data/banks/foreground/alarm_bell/fsd50k_alarm_bell_717ebe30.wav
fsd50k_alarm_bell_72b9e5d4,alarm_bell,fsd50k,0.859,2.019,1.16,auto_accept,data/banks/foreground/alarm_bell/fsd50k_alarm_bell_72b9e5d4.wav
fsd50k_alarm_bell_72eeba0b,alarm_bell,fsd50k,0.0,1.698,1.698,auto_accept,data/banks/foreground/alarm_bell/fsd50k_alarm_bell_72eeba0b.wav
fsd50k_alarm_bell_7377b639,alarm_bell,fsd50k,0.0,1.375,1.375,auto_accept,data/banks/foreground/alarm_bell/fsd50k_alarm_bell_7377b639.wav
fsd50k_alarm_bell_750016ab,alarm_bell,fsd50k,1.5,2.98,1.48,auto_accept,data/banks/foreground/alarm_bell/fsd50k_alarm_bell_750016ab.wav
fsd50k_alarm_bell_75fcc459,alarm_bell,fsd50k,0.0,1.059,1.059,auto_accept,data/banks/foreground/alarm_bell/fsd50k_alarm_bell_75fcc459.wav
fsd50k_alarm_bell_77e300ec,alarm_bell,fsd50k,0.0,3.98,3.98,auto_accept,data/banks/foreground/alarm_bell/fsd50k_alarm_bell_77e300ec.wav
fsd50k_alarm_bell_79285e4c,alarm_bell,fsd50k,0.0,1.06,1.06,auto_accept,data/banks/foreground/alarm_bell/fsd50k_alarm_bell_79285e4c.wav
fsd50k_alarm_bell_80e7242e,alarm_bell,fsd50k,0.0,2.464,2.464,auto_accept,data/banks/foreground/alarm_bell/fsd50k_alarm_bell_80e7242e.wav
fsd50k_alarm_bell_81056970,alarm_bell,fsd50k,0.0,1.06,1.06,auto_accept,data/banks/foreground/alarm_bell/fsd50k_alarm_bell_81056970.wav
fsd50k_alarm_bell_810bc4d1,alarm_bell,fsd50k,0.0,1.059,1.059,auto_accept,data/banks/foreground/alarm_bell/fsd50k_alarm_bell_810bc4d1.wav
fsd50k_alarm_bell_83547935,alarm_bell,fsd50k,9.817,12.257,2.44,auto_accept,data/banks/foreground/alarm_bell/fsd50k_alarm_bell_83547935.wav
fsd50k_alarm_bell_874a49c9,alarm_bell,fsd50k,0.22,1.699,1.479,auto_accept,data/banks/foreground/alarm_bell/fsd50k_alarm_bell_874a49c9.wav
fsd50k_alarm_bell_87897662,alarm_bell,fsd50k,0.0,1.054,1.054,auto_accept,data/banks/foreground/alarm_bell/fsd50k_alarm_bell_87897662.wav
fsd50k_alarm_bell_8b2c33af,alarm_bell,fsd50k,0.0,1.378,1.378,auto_accept,data/banks/foreground/alarm_bell/fsd50k_alarm_bell_8b2c33af.wav
fsd50k_alarm_bell_919fa6e1,alarm_bell,fsd50k,0.0,1.38,1.38,auto_accept,data/banks/foreground/alarm_bell/fsd50k_alarm_bell_919fa6e1.wav
fsd50k_alarm_bell_974f226d,alarm_bell,fsd50k,0.219,3.554,3.335,auto_accept,data/banks/foreground/alarm_bell/fsd50k_alarm_bell_974f226d.wav
fsd50k_alarm_bell_a61b98ba,alarm_bell,fsd50k,2.459,6.498,4.039,auto_accept,data/banks/foreground/alarm_bell/fsd50k_alarm_bell_a61b98ba.wav
fsd50k_alarm_bell_a7a040be,alarm_bell,fsd50k,0.0,1.374,1.374,auto_accept,data/banks/foreground/alarm_bell/fsd50k_alarm_bell_a7a040be.wav
fsd50k_alarm_bell_b099e93b,alarm_bell,fsd50k,0.0,1.379,1.379,auto_accept,data/banks/foreground/alarm_bell/fsd50k_alarm_bell_b099e93b.wav
fsd50k_alarm_bell_b4b61f97,alarm_bell,fsd50k,3.736,5.214,1.478,auto_accept,data/banks/foreground/alarm_bell/fsd50k_alarm_bell_b4b61f97.wav
fsd50k_alarm_bell_b6dc5fe0,alarm_bell,fsd50k,3.417,5.215,1.798,auto_accept,data/banks/foreground/alarm_bell/fsd50k_alarm_bell_b6dc5fe0.wav
fsd50k_alarm_bell_b798e6a1,alarm_bell,fsd50k,0.0,0.3,0.3,auto_accept,data/banks/foreground/alarm_bell/fsd50k_alarm_bell_b798e6a1.wav
fsd50k_alarm_bell_b81b73c5,alarm_bell,fsd50k,0.0,3.932,3.932,auto_accept,data/banks/foreground/alarm_bell/fsd50k_alarm_bell_b81b73c5.wav
fsd50k_alarm_bell_be9a22e2,alarm_bell,fsd50k,0.0,4.286,4.286,auto_accept,data/banks/foreground/alarm_bell/fsd50k_alarm_bell_be9a22e2.wav
fsd50k_alarm_bell_bf438437,alarm_bell,fsd50k,0.0,1.379,1.379,auto_accept,data/banks/foreground/alarm_bell/fsd50k_alarm_bell_bf438437.wav
fsd50k_alarm_bell_c3cb5ac1,alarm_bell,fsd50k,0.0,1.375,1.375,auto_accept,data/banks/foreground/alarm_bell/fsd50k_alarm_bell_c3cb5ac1.wav
fsd50k_alarm_bell_c54b4725,alarm_bell,fsd50k,0.0,2.55,2.55,auto_accept,data/banks/foreground/alarm_bell/fsd50k_alarm_bell_c54b4725.wav
fsd50k_alarm_bell_c9cc7fc3,alarm_bell,fsd50k,0.0,8.095,8.095,auto_accept,data/banks/foreground/alarm_bell/fsd50k_alarm_bell_c9cc7fc3.wav
fsd50k_alarm_bell_c9e90f47,alarm_bell,fsd50k,1.82,2.98,1.16,auto_accept,data/banks/foreground/alarm_bell/fsd50k_alarm_bell_c9e90f47.wav
fsd50k_alarm_bell_cbee8f50,alarm_bell,fsd50k,0.0,1.058,1.058,auto_accept,data/banks/foreground/alarm_bell/fsd50k_alarm_bell_cbee8f50.wav
fsd50k_alarm_bell_cc50bea5,alarm_bell,fsd50k,2.138,5.216,3.078,auto_accept,data/banks/foreground/alarm_bell/fsd50k_alarm_bell_cc50bea5.wav
fsd50k_alarm_bell_cc9e3a0c,alarm_bell,fsd50k,12.698,16.097,3.399,auto_accept,data/banks/foreground/alarm_bell/fsd50k_alarm_bell_cc9e3a0c.wav
fsd50k_alarm_bell_ce90b32e,alarm_bell,fsd50k,0.219,1.697,1.478,auto_accept,data/banks/foreground/alarm_bell/fsd50k_alarm_bell_ce90b32e.wav
fsd50k_alarm_bell_d07d8b7f,alarm_bell,fsd50k,0.0,1.373,1.373,auto_accept,data/banks/foreground/alarm_bell/fsd50k_alarm_bell_d07d8b7f.wav
fsd50k_alarm_bell_d3ded327,alarm_bell,fsd50k,0.22,2.018,1.798,auto_accept,data/banks/foreground/alarm_bell/fsd50k_alarm_bell_d3ded327.wav
fsd50k_alarm_bell_d6458893,alarm_bell,fsd50k,0.0,1.7,1.7,auto_accept,data/banks/foreground/alarm_bell/fsd50k_alarm_bell_d6458893.wav
fsd50k_alarm_bell_d755a905,alarm_bell,fsd50k,0.0,1.696,1.696,auto_accept,data/banks/foreground/alarm_bell/fsd50k_alarm_bell_d755a905.wav
fsd50k_alarm_bell_dd259877,alarm_bell,fsd50k,1.498,2.657,1.159,auto_accept,data/banks/foreground/alarm_bell/fsd50k_alarm_bell_dd259877.wav
fsd50k_alarm_bell_ddb9f4eb,alarm_bell,fsd50k,0.0,1.057,1.057,auto_accept,data/banks/foreground/alarm_bell/fsd50k_alarm_bell_ddb9f4eb.wav
fsd50k_alarm_bell_e0e3b821,alarm_bell,fsd50k,2.78,4.9,2.12,auto_accept,data/banks/foreground/alarm_bell/fsd50k_alarm_bell_e0e3b821.wav
fsd50k_alarm_bell_e11e93c4,alarm_bell,fsd50k,0.0,20.897,20.897,auto_accept,data/banks/foreground/alarm_bell/fsd50k_alarm_bell_e11e93c4.wav
fsd50k_alarm_bell_e30f4b71,alarm_bell,fsd50k,0.0,1.375,1.375,auto_accept,data/banks/foreground/alarm_bell/fsd50k_alarm_bell_e30f4b71.wav
fsd50k_alarm_bell_e326e931,alarm_bell,fsd50k,3.42,7.139,3.719,auto_accept,data/banks/foreground/alarm_bell/fsd50k_alarm_bell_e326e931.wav
fsd50k_alarm_bell_e58430de,alarm_bell,fsd50k,0.0,1.059,1.059,auto_accept,data/banks/foreground/alarm_bell/fsd50k_alarm_bell_e58430de.wav
fsd50k_alarm_bell_e6a1a81e,alarm_bell,fsd50k,0.0,1.379,1.379,auto_accept,data/banks/foreground/alarm_bell/fsd50k_alarm_bell_e6a1a81e.wav
fsd50k_alarm_bell_ede50650,alarm_bell,fsd50k,0.54,2.339,1.799,auto_accept,data/banks/foreground/alarm_bell/fsd50k_alarm_bell_ede50650.wav
fsd50k_alarm_bell_f1c3beee,alarm_bell,fsd50k,0.0,1.06,1.06,auto_accept,data/banks/foreground/alarm_bell/fsd50k_alarm_bell_f1c3beee.wav
fsd50k_alarm_bell_f378a819,alarm_bell,fsd50k,7.578,9.057,1.479,auto_accept,data/banks/foreground/alarm_bell/fsd50k_alarm_bell_f378a819.wav
fsd50k_alarm_bell_f3a126bd,alarm_bell,fsd50k,0.0,1.378,1.378,auto_accept,data/banks/foreground/alarm_bell/fsd50k_alarm_bell_f3a126bd.wav
fsd50k_alarm_bell_f586d79f,alarm_bell,fsd50k,0.0,0.361,0.361,auto_accept,data/banks/foreground/alarm_bell/fsd50k_alarm_bell_f586d79f.wav
fsd50k_alarm_bell_f916efbf,alarm_bell,fsd50k,0.0,1.059,1.059,auto_accept,data/banks/foreground/alarm_bell/fsd50k_alarm_bell_f916efbf.wav
fsd50k_alarm_bell_fa674cfe,alarm_bell,fsd50k,0.22,3.936,3.716,auto_accept,data/banks/foreground/alarm_bell/fsd50k_alarm_bell_fa674cfe.wav
fsd50k_alarm_bell_faa7f1b7,alarm_bell,fsd50k,0.538,2.015,1.477,auto_accept,data/banks/foreground/alarm_bell/fsd50k_alarm_bell_faa7f1b7.wav
fsd50k_alarm_bell_ff135a24,alarm_bell,fsd50k,0.0,2.019,2.019,auto_accept,data/banks/foreground/alarm_bell/fsd50k_alarm_bell_ff135a24.wav
esc50_applause_cheering_0dd59218,applause_cheering,esc50,0.0,2.336,2.336,auto_accept,data/banks/foreground/applause_cheering/esc50_applause_cheering_0dd59218.wav
esc50_applause_cheering_127724ca,applause_cheering,esc50,0.0,5.0,5.0,auto_accept,data/banks/foreground/applause_cheering/esc50_applause_cheering_127724ca.wav
esc50_applause_cheering_13a9c47c,applause_cheering,esc50,0.0,5.0,5.0,auto_accept,data/banks/foreground/applause_cheering/esc50_applause_cheering_13a9c47c.wav
esc50_applause_cheering_18ae26ef,applause_cheering,esc50,0.0,5.0,5.0,auto_accept,data/banks/foreground/applause_cheering/esc50_applause_cheering_18ae26ef.wav
esc50_applause_cheering_20993c74,applause_cheering,esc50,0.0,5.0,5.0,auto_accept,data/banks/foreground/applause_cheering/esc50_applause_cheering_20993c74.wav
esc50_applause_cheering_277d2039,applause_cheering,esc50,0.0,1.058,1.058,auto_accept,data/banks/foreground/applause_cheering/esc50_applause_cheering_277d2039.wav
esc50_applause_cheering_33c1225c,applause_cheering,esc50,0.0,4.571,4.571,auto_accept,data/banks/foreground/applause_cheering/esc50_applause_cheering_33c1225c.wav
esc50_applause_cheering_521fe28d,applause_cheering,esc50,0.0,2.336,2.336,auto_accept,data/banks/foreground/applause_cheering/esc50_applause_cheering_521fe28d.wav
esc50_applause_cheering_61adeef1,applause_cheering,esc50,0.0,1.058,1.058,auto_accept,data/banks/foreground/applause_cheering/esc50_applause_cheering_61adeef1.wav
esc50_applause_cheering_6e1e23f2,applause_cheering,esc50,0.0,5.0,5.0,auto_accept,data/banks/foreground/applause_cheering/esc50_applause_cheering_6e1e23f2.wav
esc50_applause_cheering_73d5f7a9,applause_cheering,esc50,0.0,4.571,4.571,auto_accept,data/banks/foreground/applause_cheering/esc50_applause_cheering_73d5f7a9.wav
esc50_applause_cheering_868e46e5,applause_cheering,esc50,0.0,4.252,4.252,auto_accept,data/banks/foreground/applause_cheering/esc50_applause_cheering_868e46e5.wav
esc50_applause_cheering_97e2141a,applause_cheering,esc50,0.0,2.974,2.974,auto_accept,data/banks/foreground/applause_cheering/esc50_applause_cheering_97e2141a.wav
esc50_applause_cheering_a34f340f,applause_cheering,esc50,0.219,3.613,3.394,auto_accept,data/banks/foreground/applause_cheering/esc50_applause_cheering_a34f340f.wav
esc50_applause_cheering_a91622b0,applause_cheering,esc50,0.0,4.571,4.571,auto_accept,data/banks/foreground/applause_cheering/esc50_applause_cheering_a91622b0.wav
esc50_applause_cheering_b81b94db,applause_cheering,esc50,0.0,2.974,2.974,auto_accept,data/banks/foreground/applause_cheering/esc50_applause_cheering_b81b94db.wav
esc50_applause_cheering_c8641fdb,applause_cheering,esc50,0.0,1.697,1.697,auto_accept,data/banks/foreground/applause_cheering/esc50_applause_cheering_c8641fdb.wav
esc50_applause_cheering_d195bb2e,applause_cheering,esc50,0.219,3.932,3.713,auto_accept,data/banks/foreground/applause_cheering/esc50_applause_cheering_d195bb2e.wav
esc50_applause_cheering_ee4fb4e2,applause_cheering,esc50,0.0,1.058,1.058,auto_accept,data/banks/foreground/applause_cheering/esc50_applause_cheering_ee4fb4e2.wav
esc50_applause_cheering_feac8206,applause_cheering,esc50,0.0,2.655,2.655,auto_accept,data/banks/foreground/applause_cheering/esc50_applause_cheering_feac8206.wav
fsd50k_applause_cheering_07bf90fb,applause_cheering,fsd50k,2.776,6.491,3.715,auto_accept,data/banks/foreground/applause_cheering/fsd50k_applause_cheering_07bf90fb.wav
fsd50k_applause_cheering_09b7b2db,applause_cheering,fsd50k,0.86,17.06,16.2,auto_accept,data/banks/foreground/applause_cheering/fsd50k_applause_cheering_09b7b2db.wav
fsd50k_applause_cheering_15db8440,applause_cheering,fsd50k,1.818,5.214,3.396,auto_accept,data/banks/foreground/applause_cheering/fsd50k_applause_cheering_15db8440.wav
fsd50k_applause_cheering_189b7faa,applause_cheering,fsd50k,0.0,1.38,1.38,auto_accept,data/banks/foreground/applause_cheering/fsd50k_applause_cheering_189b7faa.wav
fsd50k_applause_cheering_1a953585,applause_cheering,fsd50k,0.219,2.815,2.596,auto_accept,data/banks/foreground/applause_cheering/fsd50k_applause_cheering_1a953585.wav
fsd50k_applause_cheering_1b424aec,applause_cheering,fsd50k,0.86,6.178,5.318,auto_accept,data/banks/foreground/applause_cheering/fsd50k_applause_cheering_1b424aec.wav
fsd50k_applause_cheering_1b86cbe4,applause_cheering,fsd50k,3.097,7.134,4.037,auto_accept,data/banks/foreground/applause_cheering/fsd50k_applause_cheering_1b86cbe4.wav
fsd50k_applause_cheering_1cd3e58f,applause_cheering,fsd50k,0.859,4.896,4.037,auto_accept,data/banks/foreground/applause_cheering/fsd50k_applause_cheering_1cd3e58f.wav
fsd50k_applause_cheering_1d34cbef,applause_cheering,fsd50k,0.22,3.615,3.395,auto_accept,data/banks/foreground/applause_cheering/fsd50k_applause_cheering_1d34cbef.wav
fsd50k_applause_cheering_1e1282e3,applause_cheering,fsd50k,2.139,11.615,9.476,auto_accept,data/banks/foreground/applause_cheering/fsd50k_applause_cheering_1e1282e3.wav
fsd50k_applause_cheering_1e1e7522,applause_cheering,fsd50k,0.0,5.532,5.532,auto_accept,data/banks/foreground/applause_cheering/fsd50k_applause_cheering_1e1e7522.wav
fsd50k_applause_cheering_1fad3e57,applause_cheering,fsd50k,0.22,2.977,2.757,auto_accept,data/banks/foreground/applause_cheering/fsd50k_applause_cheering_1fad3e57.wav
fsd50k_applause_cheering_20296bd5,applause_cheering,fsd50k,10.777,14.815,4.038,auto_accept,data/banks/foreground/applause_cheering/fsd50k_applause_cheering_20296bd5.wav
fsd50k_applause_cheering_2136569c,applause_cheering,fsd50k,0.539,6.171,5.632,auto_accept,data/banks/foreground/applause_cheering/fsd50k_applause_cheering_2136569c.wav
fsd50k_applause_cheering_250784bc,applause_cheering,fsd50k,1.499,3.939,2.44,auto_accept,data/banks/foreground/applause_cheering/fsd50k_applause_cheering_250784bc.wav
fsd50k_applause_cheering_280e491b,applause_cheering,fsd50k,1.499,10.334,8.835,auto_accept,data/banks/foreground/applause_cheering/fsd50k_applause_cheering_280e491b.wav
fsd50k_applause_cheering_2868d584,applause_cheering,fsd50k,0.0,1.378,1.378,auto_accept,data/banks/foreground/applause_cheering/fsd50k_applause_cheering_2868d584.wav
fsd50k_applause_cheering_2abc5a36,applause_cheering,fsd50k,4.378,6.817,2.439,auto_accept,data/banks/foreground/applause_cheering/fsd50k_applause_cheering_2abc5a36.wav
fsd50k_applause_cheering_2bc0324b,applause_cheering,fsd50k,0.54,16.415,15.875,auto_accept,data/banks/foreground/applause_cheering/fsd50k_applause_cheering_2bc0324b.wav
fsd50k_applause_cheering_2d5048fd,applause_cheering,fsd50k,1.18,14.816,13.636,auto_accept,data/banks/foreground/applause_cheering/fsd50k_applause_cheering_2d5048fd.wav
fsd50k_applause_cheering_2f9c9d72,applause_cheering,fsd50k,0.86,6.819,5.959,auto_accept,data/banks/foreground/applause_cheering/fsd50k_applause_cheering_2f9c9d72.wav
fsd50k_applause_cheering_317ebcc5,applause_cheering,fsd50k,2.138,7.454,5.316,auto_accept,data/banks/foreground/applause_cheering/fsd50k_applause_cheering_317ebcc5.wav
fsd50k_applause_cheering_31b27573,applause_cheering,fsd50k,0.858,2.656,1.798,auto_accept,data/banks/foreground/applause_cheering/fsd50k_applause_cheering_31b27573.wav
fsd50k_applause_cheering_3346afa8,applause_cheering,fsd50k,0.0,4.895,4.895,auto_accept,data/banks/foreground/applause_cheering/fsd50k_applause_cheering_3346afa8.wav
fsd50k_applause_cheering_33afc258,applause_cheering,fsd50k,0.54,16.419,15.879,auto_accept,data/banks/foreground/applause_cheering/fsd50k_applause_cheering_33afc258.wav
fsd50k_applause_cheering_3b20bc01,applause_cheering,fsd50k,5.978,8.097,2.119,auto_accept,data/banks/foreground/applause_cheering/fsd50k_applause_cheering_3b20bc01.wav
fsd50k_applause_cheering_3b4cb3dd,applause_cheering,fsd50k,0.54,11.611,11.071,auto_accept,data/banks/foreground/applause_cheering/fsd50k_applause_cheering_3b4cb3dd.wav
fsd50k_applause_cheering_463acc5e,applause_cheering,fsd50k,0.54,7.136,6.596,auto_accept,data/banks/foreground/applause_cheering/fsd50k_applause_cheering_463acc5e.wav
fsd50k_applause_cheering_4ba5e1a1,applause_cheering,fsd50k,0.0,6.818,6.818,auto_accept,data/banks/foreground/applause_cheering/fsd50k_applause_cheering_4ba5e1a1.wav
fsd50k_applause_cheering_4c695089,applause_cheering,fsd50k,0.22,5.855,5.635,auto_accept,data/banks/foreground/applause_cheering/fsd50k_applause_cheering_4c695089.wav
fsd50k_applause_cheering_50c7af52,applause_cheering,fsd50k,1.179,11.615,10.436,auto_accept,data/banks/foreground/applause_cheering/fsd50k_applause_cheering_50c7af52.wav
fsd50k_applause_cheering_5451d825,applause_cheering,fsd50k,0.0,2.979,2.979,auto_accept,data/banks/foreground/applause_cheering/fsd50k_applause_cheering_5451d825.wav
fsd50k_applause_cheering_553a8aab,applause_cheering,fsd50k,0.22,6.179,5.959,auto_accept,data/banks/foreground/applause_cheering/fsd50k_applause_cheering_553a8aab.wav
fsd50k_applause_cheering_5949624e,applause_cheering,fsd50k,10.14,17.059,6.919,auto_accept,data/banks/foreground/applause_cheering/fsd50k_applause_cheering_5949624e.wav
fsd50k_applause_cheering_5b009b16,applause_cheering,fsd50k,3.098,13.212,10.114,auto_accept,data/banks/foreground/applause_cheering/fsd50k_applause_cheering_5b009b16.wav
fsd50k_applause_cheering_5c764adb,applause_cheering,fsd50k,7.579,17.698,10.119,auto_accept,data/banks/foreground/applause_cheering/fsd50k_applause_cheering_5c764adb.wav
fsd50k_applause_cheering_5db43521,applause_cheering,fsd50k,3.739,7.778,4.039,auto_accept,data/banks/foreground/applause_cheering/fsd50k_applause_cheering_5db43521.wav
fsd50k_applause_cheering_5feafcc2,applause_cheering,fsd50k,3.418,9.694,6.276,auto_accept,data/banks/foreground/applause_cheering/fsd50k_applause_cheering_5feafcc2.wav
fsd50k_applause_cheering_61d37f2f,applause_cheering,fsd50k,0.22,2.02,1.8,auto_accept,data/banks/foreground/applause_cheering/fsd50k_applause_cheering_61d37f2f.wav
fsd50k_applause_cheering_61fa9c7e,applause_cheering,fsd50k,0.22,7.453,7.233,auto_accept,data/banks/foreground/applause_cheering/fsd50k_applause_cheering_61fa9c7e.wav
fsd50k_applause_cheering_62d701cb,applause_cheering,fsd50k,0.859,6.175,5.316,auto_accept,data/banks/foreground/applause_cheering/fsd50k_applause_cheering_62d701cb.wav
fsd50k_applause_cheering_66f5785b,applause_cheering,fsd50k,0.0,4.95,4.95,auto_accept,data/banks/foreground/applause_cheering/fsd50k_applause_cheering_66f5785b.wav
fsd50k_applause_cheering_678317d4,applause_cheering,fsd50k,2.139,7.137,4.998,auto_accept,data/banks/foreground/applause_cheering/fsd50k_applause_cheering_678317d4.wav
fsd50k_applause_cheering_6a522cbf,applause_cheering,fsd50k,0.22,4.896,4.676,auto_accept,data/banks/foreground/applause_cheering/fsd50k_applause_cheering_6a522cbf.wav
fsd50k_applause_cheering_6d2086fc,applause_cheering,fsd50k,0.86,6.819,5.959,auto_accept,data/banks/foreground/applause_cheering/fsd50k_applause_cheering_6d2086fc.wav
fsd50k_applause_cheering_6f16fc9f,applause_cheering,fsd50k,1.5,3.619,2.119,auto_accept,data/banks/foreground/applause_cheering/fsd50k_applause_cheering_6f16fc9f.wav
fsd50k_applause_cheering_726c87ab,applause_cheering,fsd50k,0.0,4.898,4.898,auto_accept,data/banks/foreground/applause_cheering/fsd50k_applause_cheering_726c87ab.wav
fsd50k_applause_cheering_73b0687b,applause_cheering,fsd50k,2.779,8.097,5.318,auto_accept,data/banks/foreground/applause_cheering/fsd50k_applause_cheering_73b0687b.wav
fsd50k_applause_cheering_73eb5bec,applause_cheering,fsd50k,1.179,3.299,2.12,auto_accept,data/banks/foreground/applause_cheering/fsd50k_applause_cheering_73eb5bec.wav
fsd50k_applause_cheering_74ebd122,applause_cheering,fsd50k,0.22,10.971,10.751,auto_accept,data/banks/foreground/applause_cheering/fsd50k_applause_cheering_74ebd122.wav
fsd50k_applause_cheering_78883c25,applause_cheering,fsd50k,2.14,8.418,6.278,auto_accept,data/banks/foreground/applause_cheering/fsd50k_applause_cheering_78883c25.wav
fsd50k_applause_cheering_78cd732c,applause_cheering,fsd50k,0.86,5.22,4.36,auto_accept,data/banks/foreground/applause_cheering/fsd50k_applause_cheering_78cd732c.wav
fsd50k_applause_cheering_7a7e93a2,applause_cheering,fsd50k,1.18,8.74,7.56,auto_accept,data/banks/foreground/applause_cheering/fsd50k_applause_cheering_7a7e93a2.wav
fsd50k_applause_cheering_7cca6cce,applause_cheering,fsd50k,2.46,18.018,15.558,auto_accept,data/banks/foreground/applause_cheering/fsd50k_applause_cheering_7cca6cce.wav
fsd50k_applause_cheering_7e7c8475,applause_cheering,fsd50k,2.139,8.415,6.276,auto_accept,data/banks/foreground/applause_cheering/fsd50k_applause_cheering_7e7c8475.wav
fsd50k_applause_cheering_824bd1fb,applause_cheering,fsd50k,0.86,4.898,4.038,auto_accept,data/banks/foreground/applause_cheering/fsd50k_applause_cheering_824bd1fb.wav
fsd50k_applause_cheering_82a1d0a9,applause_cheering,fsd50k,0.22,4.577,4.357,auto_accept,data/banks/foreground/applause_cheering/fsd50k_applause_cheering_82a1d0a9.wav
fsd50k_applause_cheering_8585fbf9,applause_cheering,fsd50k,3.737,5.217,1.48,auto_accept,data/banks/foreground/applause_cheering/fsd50k_applause_cheering_8585fbf9.wav
fsd50k_applause_cheering_86e36a38,applause_cheering,fsd50k,0.0,2.656,2.656,auto_accept,data/banks/foreground/applause_cheering/fsd50k_applause_cheering_86e36a38.wav
fsd50k_applause_cheering_871d9482,applause_cheering,fsd50k,0.22,5.532,5.312,auto_accept,data/banks/foreground/applause_cheering/fsd50k_applause_cheering_871d9482.wav
fsd50k_applause_cheering_8985a87a,applause_cheering,fsd50k,0.86,6.819,5.959,auto_accept,data/banks/foreground/applause_cheering/fsd50k_applause_cheering_8985a87a.wav
fsd50k_applause_cheering_8a08d418,applause_cheering,fsd50k,5.657,8.415,2.758,auto_accept,data/banks/foreground/applause_cheering/fsd50k_applause_cheering_8a08d418.wav
fsd50k_applause_cheering_8cda7fce,applause_cheering,fsd50k,0.54,11.616,11.076,auto_accept,data/banks/foreground/applause_cheering/fsd50k_applause_cheering_8cda7fce.wav
fsd50k_applause_cheering_8e0b1a64,applause_cheering,fsd50k,0.54,7.457,6.917,auto_accept,data/banks/foreground/applause_cheering/fsd50k_applause_cheering_8e0b1a64.wav
fsd50k_applause_cheering_95f63606,applause_cheering,fsd50k,3.418,7.135,3.717,auto_accept,data/banks/foreground/applause_cheering/fsd50k_applause_cheering_95f63606.wav
fsd50k_applause_cheering_9857f8a3,applause_cheering,fsd50k,0.0,10.653,10.653,auto_accept,data/banks/foreground/applause_cheering/fsd50k_applause_cheering_9857f8a3.wav
fsd50k_applause_cheering_9a148e25,applause_cheering,fsd50k,0.539,8.13,7.591,auto_accept,data/banks/foreground/applause_cheering/fsd50k_applause_cheering_9a148e25.wav
fsd50k_applause_cheering_9c60fef2,applause_cheering,fsd50k,0.22,16.734,16.514,auto_accept,data/banks/foreground/applause_cheering/fsd50k_applause_cheering_9c60fef2.wav
fsd50k_applause_cheering_9d96225d,applause_cheering,fsd50k,2.138,5.855,3.717,auto_accept,data/banks/foreground/applause_cheering/fsd50k_applause_cheering_9d96225d.wav
fsd50k_applause_cheering_a1bde5ad,applause_cheering,fsd50k,3.735,5.853,2.118,auto_accept,data/banks/foreground/applause_cheering/fsd50k_applause_cheering_a1bde5ad.wav
fsd50k_applause_cheering_a4d84dd2,applause_cheering,fsd50k,0.54,11.931,11.391,auto_accept,data/banks/foreground/applause_cheering/fsd50k_applause_cheering_a4d84dd2.wav
fsd50k_applause_cheering_aa659a6d,applause_cheering,fsd50k,1.5,17.057,15.557,auto_accept,data/banks/foreground/applause_cheering/fsd50k_applause_cheering_aa659a6d.wav
fsd50k_applause_cheering_aa93d0b2,applause_cheering,fsd50k,1.5,5.219,3.719,auto_accept,data/banks/foreground/applause_cheering/fsd50k_applause_cheering_aa93d0b2.wav
fsd50k_applause_cheering_aa974667,applause_cheering,fsd50k,5.016,9.372,4.356,auto_accept,data/banks/foreground/applause_cheering/fsd50k_applause_cheering_aa974667.wav
fsd50k_applause_cheering_abcb7bec,applause_cheering,fsd50k,0.86,14.496,13.636,auto_accept,data/banks/foreground/applause_cheering/fsd50k_applause_cheering_abcb7bec.wav
fsd50k_applause_cheering_ae0056b4,applause_cheering,fsd50k,0.859,8.095,7.236,auto_accept,data/banks/foreground/applause_cheering/fsd50k_applause_cheering_ae0056b4.wav
fsd50k_applause_cheering_aef16fc3,applause_cheering,fsd50k,4.698,16.414,11.716,auto_accept,data/banks/foreground/applause_cheering/fsd50k_applause_cheering_aef16fc3.wav
fsd50k_applause_cheering_afc7e27a,applause_cheering,fsd50k,2.138,6.494,4.356,auto_accept,data/banks/foreground/applause_cheering/fsd50k_applause_cheering_afc7e27a.wav
fsd50k_applause_cheering_b02c8825,applause_cheering,fsd50k,0.859,12.571,11.712,auto_accept,data/banks/foreground/applause_cheering/fsd50k_applause_cheering_b02c8825.wav
fsd50k_applause_cheering_b35efad9,applause_cheering,fsd50k,3.099,6.817,3.718,auto_accept,data/banks/foreground/applause_cheering/fsd50k_applause_cheering_b35efad9.wav
fsd50k_applause_cheering_b45bfd03,applause_cheering,fsd50k,0.22,5.218,4.998,auto_accept,data/banks/foreground/applause_cheering/fsd50k_applause_cheering_b45bfd03.wav
fsd50k_applause_cheering_b47774bd,applause_cheering,fsd50k,4.379,18.974,14.595,auto_accept,data/banks/foreground/applause_cheering/fsd50k_applause_cheering_b47774bd.wav
fsd50k_applause_cheering_b640fc13,applause_cheering,fsd50k,0.22,6.499,6.279,auto_accept,data/banks/foreground/applause_cheering/fsd50k_applause_cheering_b640fc13.wav
fsd50k_applause_cheering_bc5ee92b,applause_cheering,fsd50k,0.22,2.979,2.759,auto_accept,data/banks/foreground/applause_cheering/fsd50k_applause_cheering_bc5ee92b.wav
fsd50k_applause_cheering_bcfc25bd,applause_cheering,fsd50k,6.619,14.498,7.879,auto_accept,data/banks/foreground/applause_cheering/fsd50k_applause_cheering_bcfc25bd.wav
fsd50k_applause_cheering_c32ed528,applause_cheering,fsd50k,0.22,4.895,4.675,auto_accept,data/banks/foreground/applause_cheering/fsd50k_applause_cheering_c32ed528.wav
fsd50k_applause_cheering_c65c322e,applause_cheering,fsd50k,1.18,14.179,12.999,auto_accept,data/banks/foreground/applause_cheering/fsd50k_applause_cheering_c65c322e.wav
fsd50k_applause_cheering_c6b392b6,applause_cheering,fsd50k,1.818,2.977,1.159,auto_accept,data/banks/foreground/applause_cheering/fsd50k_applause_cheering_c6b392b6.wav
fsd50k_applause_cheering_c730d7f1,applause_cheering,fsd50k,0.54,9.377,8.837,auto_accept,data/banks/foreground/applause_cheering/fsd50k_applause_cheering_c730d7f1.wav
fsd50k_applause_cheering_c87e5f31,applause_cheering,fsd50k,0.22,11.939,11.719,auto_accept,data/banks/foreground/applause_cheering/fsd50k_applause_cheering_c87e5f31.wav
fsd50k_applause_cheering_d12fbe93,applause_cheering,fsd50k,0.219,3.294,3.075,auto_accept,data/banks/foreground/applause_cheering/fsd50k_applause_cheering_d12fbe93.wav
fsd50k_applause_cheering_d1564033,applause_cheering,fsd50k,0.54,25.056,24.516,auto_accept,data/banks/foreground/applause_cheering/fsd50k_applause_cheering_d1564033.wav
fsd50k_applause_cheering_d46a46a9,applause_cheering,fsd50k,1.18,21.536,20.356,auto_accept,data/banks/foreground/applause_cheering/fsd50k_applause_cheering_d46a46a9.wav
fsd50k_applause_cheering_d4a6721a,applause_cheering,fsd50k,1.82,7.14,5.32,auto_accept,data/banks/foreground/applause_cheering/fsd50k_applause_cheering_d4a6721a.wav
fsd50k_applause_cheering_d8c7c4b4,applause_cheering,fsd50k,0.22,6.498,6.278,auto_accept,data/banks/foreground/applause_cheering/fsd50k_applause_cheering_d8c7c4b4.wav
fsd50k_applause_cheering_d8dc9711,applause_cheering,fsd50k,0.0,5.539,5.539,auto_accept,data/banks/foreground/applause_cheering/fsd50k_applause_cheering_d8dc9711.wav
fsd50k_applause_cheering_d90c9345,applause_cheering,fsd50k,0.859,9.691,8.832,auto_accept,data/banks/foreground/applause_cheering/fsd50k_applause_cheering_d90c9345.wav
fsd50k_applause_cheering_dbf89a9c,applause_cheering,fsd50k,0.22,1.378,1.158,auto_accept,data/banks/foreground/applause_cheering/fsd50k_applause_cheering_dbf89a9c.wav
fsd50k_applause_cheering_de33dfe6,applause_cheering,fsd50k,0.0,14.499,14.499,auto_accept,data/banks/foreground/applause_cheering/fsd50k_applause_cheering_de33dfe6.wav
fsd50k_applause_cheering_df99888c,applause_cheering,fsd50k,2.139,11.615,9.476,auto_accept,data/banks/foreground/applause_cheering/fsd50k_applause_cheering_df99888c.wav
fsd50k_applause_cheering_e13f197f,applause_cheering,fsd50k,3.735,5.214,1.479,auto_accept,data/banks/foreground/applause_cheering/fsd50k_applause_cheering_e13f197f.wav
fsd50k_applause_cheering_e15b27e8,applause_cheering,fsd50k,2.138,5.534,3.396,auto_accept,data/banks/foreground/applause_cheering/fsd50k_applause_cheering_e15b27e8.wav
fsd50k_applause_cheering_e2b5c76f,applause_cheering,fsd50k,0.0,4.899,4.899,auto_accept,data/banks/foreground/applause_cheering/fsd50k_applause_cheering_e2b5c76f.wav
fsd50k_applause_cheering_e2dbd51b,applause_cheering,fsd50k,0.539,5.851,5.312,auto_accept,data/banks/foreground/applause_cheering/fsd50k_applause_cheering_e2dbd51b.wav
fsd50k_applause_cheering_e3064d65,applause_cheering,fsd50k,0.22,7.453,7.233,auto_accept,data/banks/foreground/applause_cheering/fsd50k_applause_cheering_e3064d65.wav
fsd50k_applause_cheering_e3763711,applause_cheering,fsd50k,1.819,11.615,9.796,auto_accept,data/banks/foreground/applause_cheering/fsd50k_applause_cheering_e3763711.wav
fsd50k_applause_cheering_eea8a3ec,applause_cheering,fsd50k,0.539,6.223,5.684,auto_accept,data/banks/foreground/applause_cheering/fsd50k_applause_cheering_eea8a3ec.wav
fsd50k_applause_cheering_f16830c8,applause_cheering,fsd50k,1.179,9.052,7.873,auto_accept,data/banks/foreground/applause_cheering/fsd50k_applause_cheering_f16830c8.wav
fsd50k_applause_cheering_f31ab0b5,applause_cheering,fsd50k,1.179,18.331,17.152,auto_accept,data/banks/foreground/applause_cheering/fsd50k_applause_cheering_f31ab0b5.wav
fsd50k_applause_cheering_f4d6320b,applause_cheering,fsd50k,3.1,14.818,11.718,auto_accept,data/banks/foreground/applause_cheering/fsd50k_applause_cheering_f4d6320b.wav
fsd50k_applause_cheering_fd7e82ff,applause_cheering,fsd50k,4.06,9.059,4.999,auto_accept,data/banks/foreground/applause_cheering/fsd50k_applause_cheering_fd7e82ff.wav
fsd50k_door_slam_0661ba9a,door_slam,fsd50k,0.218,1.374,1.156,auto_accept,data/banks/foreground/door_slam/fsd50k_door_slam_0661ba9a.wav
fsd50k_door_slam_083320cf,door_slam,fsd50k,0.0,1.059,1.059,auto_accept,data/banks/foreground/door_slam/fsd50k_door_slam_083320cf.wav
fsd50k_door_slam_0cb23856,door_slam,fsd50k,1.815,2.973,1.158,auto_accept,data/banks/foreground/door_slam/fsd50k_door_slam_0cb23856.wav
fsd50k_door_slam_1f94756e,door_slam,fsd50k,0.0,0.738,0.738,auto_accept,data/banks/foreground/door_slam/fsd50k_door_slam_1f94756e.wav
fsd50k_door_slam_253eca3d,door_slam,fsd50k,2.135,3.293,1.158,auto_accept,data/banks/foreground/door_slam/fsd50k_door_slam_253eca3d.wav
fsd50k_door_slam_26145e25,door_slam,fsd50k,5.657,7.136,1.479,auto_accept,data/banks/foreground/door_slam/fsd50k_door_slam_26145e25.wav
fsd50k_door_slam_2d8413c5,door_slam,fsd50k,0.0,0.49,0.49,auto_accept,data/banks/foreground/door_slam/fsd50k_door_slam_2d8413c5.wav
fsd50k_door_slam_356fd180,door_slam,fsd50k,0.22,1.378,1.158,auto_accept,data/banks/foreground/door_slam/fsd50k_door_slam_356fd180.wav
fsd50k_door_slam_35914a2e,door_slam,fsd50k,0.22,1.379,1.159,auto_accept,data/banks/foreground/door_slam/fsd50k_door_slam_35914a2e.wav
fsd50k_door_slam_3922c569,door_slam,fsd50k,0.0,1.27,1.27,auto_accept,data/banks/foreground/door_slam/fsd50k_door_slam_3922c569.wav
fsd50k_door_slam_40f73441,door_slam,fsd50k,1.179,2.338,1.159,auto_accept,data/banks/foreground/door_slam/fsd50k_door_slam_40f73441.wav
fsd50k_door_slam_44988a2f,door_slam,fsd50k,2.459,3.618,1.159,auto_accept,data/banks/foreground/door_slam/fsd50k_door_slam_44988a2f.wav
fsd50k_door_slam_461a1fc3,door_slam,fsd50k,2.455,3.933,1.478,auto_accept,data/banks/foreground/door_slam/fsd50k_door_slam_461a1fc3.wav
fsd50k_door_slam_481ea788,door_slam,fsd50k,0.0,1.059,1.059,auto_accept,data/banks/foreground/door_slam/fsd50k_door_slam_481ea788.wav
fsd50k_door_slam_52b3f878,door_slam,fsd50k,0.218,1.374,1.156,auto_accept,data/banks/foreground/door_slam/fsd50k_door_slam_52b3f878.wav
fsd50k_door_slam_57e4cd75,door_slam,fsd50k,0.0,0.734,0.734,auto_accept,data/banks/foreground/door_slam/fsd50k_door_slam_57e4cd75.wav
fsd50k_door_slam_5f09e193,door_slam,fsd50k,0.0,0.995,0.995,auto_accept,data/banks/foreground/door_slam/fsd50k_door_slam_5f09e193.wav
fsd50k_door_slam_617d7f72,door_slam,fsd50k,0.0,1.373,1.373,auto_accept,data/banks/foreground/door_slam/fsd50k_door_slam_617d7f72.wav
fsd50k_door_slam_64576922,door_slam,fsd50k,0.0,0.928,0.928,auto_accept,data/banks/foreground/door_slam/fsd50k_door_slam_64576922.wav
fsd50k_door_slam_6946bab0,door_slam,fsd50k,0.0,1.496,1.496,auto_accept,data/banks/foreground/door_slam/fsd50k_door_slam_6946bab0.wav
fsd50k_door_slam_6bb99db1,door_slam,fsd50k,0.0,1.376,1.376,auto_accept,data/banks/foreground/door_slam/fsd50k_door_slam_6bb99db1.wav
fsd50k_door_slam_6c0cc806,door_slam,fsd50k,0.0,1.203,1.203,auto_accept,data/banks/foreground/door_slam/fsd50k_door_slam_6c0cc806.wav
fsd50k_door_slam_6d3a2366,door_slam,fsd50k,0.0,1.376,1.376,auto_accept,data/banks/foreground/door_slam/fsd50k_door_slam_6d3a2366.wav
fsd50k_door_slam_6dccf42e,door_slam,fsd50k,0.22,1.379,1.159,auto_accept,data/banks/foreground/door_slam/fsd50k_door_slam_6dccf42e.wav
fsd50k_door_slam_70cf7f38,door_slam,fsd50k,0.0,1.247,1.247,auto_accept,data/banks/foreground/door_slam/fsd50k_door_slam_70cf7f38.wav
fsd50k_door_slam_7123dec7,door_slam,fsd50k,0.0,1.055,1.055,auto_accept,data/banks/foreground/door_slam/fsd50k_door_slam_7123dec7.wav
fsd50k_door_slam_78f606a5,door_slam,fsd50k,0.539,1.697,1.158,auto_accept,data/banks/foreground/door_slam/fsd50k_door_slam_78f606a5.wav
fsd50k_door_slam_7aca341b,door_slam,fsd50k,2.135,3.612,1.477,auto_accept,data/banks/foreground/door_slam/fsd50k_door_slam_7aca341b.wav
fsd50k_door_slam_7fe46e78,door_slam,fsd50k,0.0,1.055,1.055,auto_accept,data/banks/foreground/door_slam/fsd50k_door_slam_7fe46e78.wav
fsd50k_door_slam_8467845f,door_slam,fsd50k,2.454,3.612,1.158,auto_accept,data/banks/foreground/door_slam/fsd50k_door_slam_8467845f.wav
fsd50k_door_slam_84bdd0aa,door_slam,fsd50k,0.218,1.5,1.282,auto_accept,data/banks/foreground/door_slam/fsd50k_door_slam_84bdd0aa.wav
fsd50k_door_slam_85a7ed1a,door_slam,fsd50k,0.539,1.697,1.158,auto_accept,data/banks/foreground/door_slam/fsd50k_door_slam_85a7ed1a.wav
fsd50k_door_slam_8e799573,door_slam,fsd50k,0.22,1.38,1.16,auto_accept,data/banks/foreground/door_slam/fsd50k_door_slam_8e799573.wav
fsd50k_door_slam_8fbf8993,door_slam,fsd50k,0.0,1.444,1.444,auto_accept,data/banks/foreground/door_slam/fsd50k_door_slam_8fbf8993.wav
fsd50k_door_slam_92878f93,door_slam,fsd50k,0.0,1.057,1.057,auto_accept,data/banks/foreground/door_slam/fsd50k_door_slam_92878f93.wav
fsd50k_door_slam_96a31e45,door_slam,fsd50k,0.219,1.697,1.478,auto_accept,data/banks/foreground/door_slam/fsd50k_door_slam_96a31e45.wav
fsd50k_door_slam_9cfa1417,door_slam,fsd50k,0.0,1.06,1.06,auto_accept,data/banks/foreground/door_slam/fsd50k_door_slam_9cfa1417.wav
fsd50k_door_slam_9d764d7a,door_slam,fsd50k,0.0,0.734,0.734,auto_accept,data/banks/foreground/door_slam/fsd50k_door_slam_9d764d7a.wav
fsd50k_door_slam_a3e33185,door_slam,fsd50k,0.538,1.694,1.156,auto_accept,data/banks/foreground/door_slam/fsd50k_door_slam_a3e33185.wav
fsd50k_door_slam_a9fc76d5,door_slam,fsd50k,0.0,1.055,1.055,auto_accept,data/banks/foreground/door_slam/fsd50k_door_slam_a9fc76d5.wav
fsd50k_door_slam_ae914302,door_slam,fsd50k,0.0,0.508,0.508,auto_accept,data/banks/foreground/door_slam/fsd50k_door_slam_ae914302.wav
fsd50k_door_slam_af7e2665,door_slam,fsd50k,4.377,5.537,1.16,auto_accept,data/banks/foreground/door_slam/fsd50k_door_slam_af7e2665.wav
fsd50k_door_slam_b0dc66c9,door_slam,fsd50k,0.86,2.339,1.479,auto_accept,data/banks/foreground/door_slam/fsd50k_door_slam_b0dc66c9.wav
fsd50k_door_slam_b30eac7f,door_slam,fsd50k,0.0,1.057,1.057,auto_accept,data/banks/foreground/door_slam/fsd50k_door_slam_b30eac7f.wav
fsd50k_door_slam_b6229eba,door_slam,fsd50k,0.0,1.057,1.057,auto_accept,data/banks/foreground/door_slam/fsd50k_door_slam_b6229eba.wav
fsd50k_door_slam_b7538b23,door_slam,fsd50k,0.0,1.02,1.02,auto_accept,data/banks/foreground/door_slam/fsd50k_door_slam_b7538b23.wav
fsd50k_door_slam_c915b6a4,door_slam,fsd50k,0.0,0.731,0.731,auto_accept,data/banks/foreground/door_slam/fsd50k_door_slam_c915b6a4.wav
fsd50k_door_slam_cb188509,door_slam,fsd50k,0.0,1.103,1.103,auto_accept,data/banks/foreground/door_slam/fsd50k_door_slam_cb188509.wav
fsd50k_door_slam_d0989e56,door_slam,fsd50k,0.0,1.1,1.1,auto_accept,data/banks/foreground/door_slam/fsd50k_door_slam_d0989e56.wav
fsd50k_door_slam_d858cd3b,door_slam,fsd50k,0.219,1.378,1.159,auto_accept,data/banks/foreground/door_slam/fsd50k_door_slam_d858cd3b.wav
fsd50k_door_slam_db30e39f,door_slam,fsd50k,0.0,1.058,1.058,auto_accept,data/banks/foreground/door_slam/fsd50k_door_slam_db30e39f.wav
fsd50k_door_slam_db5fddcb,door_slam,fsd50k,0.0,0.506,0.506,auto_accept,data/banks/foreground/door_slam/fsd50k_door_slam_db5fddcb.wav
fsd50k_door_slam_e300611e,door_slam,fsd50k,0.0,1.24,1.24,auto_accept,data/banks/foreground/door_slam/fsd50k_door_slam_e300611e.wav
fsd50k_door_slam_e3950ff2,door_slam,fsd50k,0.0,1.056,1.056,auto_accept,data/banks/foreground/door_slam/fsd50k_door_slam_e3950ff2.wav
fsd50k_door_slam_f1b19f13,door_slam,fsd50k,0.0,1.057,1.057,auto_accept,data/banks/foreground/door_slam/fsd50k_door_slam_f1b19f13.wav
fsd50k_door_slam_f50d4a80,door_slam,fsd50k,1.817,2.926,1.109,auto_accept,data/banks/foreground/door_slam/fsd50k_door_slam_f50d4a80.wav
fsd50k_door_slam_f685d85d,door_slam,fsd50k,0.0,1.374,1.374,auto_accept,data/banks/foreground/door_slam/fsd50k_door_slam_f685d85d.wav
fsd50k_door_slam_fa405ba3,door_slam,fsd50k,0.0,0.739,0.739,auto_accept,data/banks/foreground/door_slam/fsd50k_door_slam_fa405ba3.wav
fsd50k_door_slam_fa6c08fe,door_slam,fsd50k,1.179,2.658,1.479,auto_accept,data/banks/foreground/door_slam/fsd50k_door_slam_fa6c08fe.wav
fsd50k_explosion_01f164d0,explosion,fsd50k,0.0,2.338,2.338,auto_accept,data/banks/foreground/explosion/fsd50k_explosion_01f164d0.wav
fsd50k_explosion_0516aca8,explosion,fsd50k,0.0,2.66,2.66,auto_accept,data/banks/foreground/explosion/fsd50k_explosion_0516aca8.wav
fsd50k_explosion_0649f349,explosion,fsd50k,0.0,0.739,0.739,auto_accept,data/banks/foreground/explosion/fsd50k_explosion_0649f349.wav
fsd50k_explosion_092afa93,explosion,fsd50k,0.0,1.378,1.378,auto_accept,data/banks/foreground/explosion/fsd50k_explosion_092afa93.wav
fsd50k_explosion_0d232f96,explosion,fsd50k,0.0,1.695,1.695,auto_accept,data/banks/foreground/explosion/fsd50k_explosion_0d232f96.wav
fsd50k_explosion_13d3c969,explosion,fsd50k,0.0,1.378,1.378,auto_accept,data/banks/foreground/explosion/fsd50k_explosion_13d3c969.wav
fsd50k_explosion_229abb57,explosion,fsd50k,2.459,4.578,2.119,auto_accept,data/banks/foreground/explosion/fsd50k_explosion_229abb57.wav
fsd50k_explosion_2c47bc16,explosion,fsd50k,0.0,4.254,4.254,auto_accept,data/banks/foreground/explosion/fsd50k_explosion_2c47bc16.wav
fsd50k_explosion_3a6e08d6,explosion,fsd50k,0.0,1.7,1.7,auto_accept,data/banks/foreground/explosion/fsd50k_explosion_3a6e08d6.wav
fsd50k_explosion_422de6f6,explosion,fsd50k,1.177,2.336,1.159,auto_accept,data/banks/foreground/explosion/fsd50k_explosion_422de6f6.wav
fsd50k_explosion_4b08710f,explosion,fsd50k,0.0,1.376,1.376,auto_accept,data/banks/foreground/explosion/fsd50k_explosion_4b08710f.wav
fsd50k_explosion_4d9d0e4e,explosion,fsd50k,0.0,3.298,3.298,auto_accept,data/banks/foreground/explosion/fsd50k_explosion_4d9d0e4e.wav
fsd50k_explosion_51c20a2d,explosion,fsd50k,15.257,16.737,1.48,auto_accept,data/banks/foreground/explosion/fsd50k_explosion_51c20a2d.wav
fsd50k_explosion_65eab0fc,explosion,fsd50k,0.0,1.059,1.059,auto_accept,data/banks/foreground/explosion/fsd50k_explosion_65eab0fc.wav
fsd50k_explosion_6cab6f55,explosion,fsd50k,0.0,3.3,3.3,auto_accept,data/banks/foreground/explosion/fsd50k_explosion_6cab6f55.wav
fsd50k_explosion_6da3f802,explosion,fsd50k,2.778,4.257,1.479,auto_accept,data/banks/foreground/explosion/fsd50k_explosion_6da3f802.wav
fsd50k_explosion_7803697b,explosion,fsd50k,0.0,0.598,0.598,auto_accept,data/banks/foreground/explosion/fsd50k_explosion_7803697b.wav
fsd50k_explosion_83343688,explosion,fsd50k,0.0,1.06,1.06,auto_accept,data/banks/foreground/explosion/fsd50k_explosion_83343688.wav
fsd50k_explosion_8444f03f,explosion,fsd50k,0.0,1.379,1.379,auto_accept,data/banks/foreground/explosion/fsd50k_explosion_8444f03f.wav
fsd50k_explosion_a122e2f5,explosion,fsd50k,0.0,1.057,1.057,auto_accept,data/banks/foreground/explosion/fsd50k_explosion_a122e2f5.wav
fsd50k_explosion_a1c30530,explosion,fsd50k,0.0,1.38,1.38,auto_accept,data/banks/foreground/explosion/fsd50k_explosion_a1c30530.wav
fsd50k_explosion_aaec3c21,explosion,fsd50k,7.256,8.415,1.159,auto_accept,data/banks/foreground/explosion/fsd50k_explosion_aaec3c21.wav
fsd50k_explosion_ae3d3bea,explosion,fsd50k,0.0,1.06,1.06,auto_accept,data/banks/foreground/explosion/fsd50k_explosion_ae3d3bea.wav
fsd50k_explosion_b01ad101,explosion,fsd50k,0.0,0.74,0.74,auto_accept,data/banks/foreground/explosion/fsd50k_explosion_b01ad101.wav
fsd50k_explosion_beb1f389,explosion,fsd50k,0.0,0.736,0.736,auto_accept,data/banks/foreground/explosion/fsd50k_explosion_beb1f389.wav
fsd50k_explosion_bfd38bb5,explosion,fsd50k,0.0,1.057,1.057,auto_accept,data/banks/foreground/explosion/fsd50k_explosion_bfd38bb5.wav
fsd50k_explosion_c7535059,explosion,fsd50k,1.18,2.34,1.16,auto_accept,data/banks/foreground/explosion/fsd50k_explosion_c7535059.wav
fsd50k_explosion_cbf03c36,explosion,fsd50k,0.86,2.019,1.159,auto_accept,data/banks/foreground/explosion/fsd50k_explosion_cbf03c36.wav
fsd50k_explosion_d271c686,explosion,fsd50k,0.0,1.379,1.379,auto_accept,data/banks/foreground/explosion/fsd50k_explosion_d271c686.wav
fsd50k_explosion_d8aa447b,explosion,fsd50k,0.0,1.377,1.377,auto_accept,data/banks/foreground/explosion/fsd50k_explosion_d8aa447b.wav
fsd50k_explosion_ea9e2c32,explosion,fsd50k,0.0,1.38,1.38,auto_accept,data/banks/foreground/explosion/fsd50k_explosion_ea9e2c32.wav
fsd50k_explosion_ef787e43,explosion,fsd50k,0.0,0.739,0.739,auto_accept,data/banks/foreground/explosion/fsd50k_explosion_ef787e43.wav
fsd50k_explosion_f2a9007f,explosion,fsd50k,0.0,1.379,1.379,auto_accept,data/banks/foreground/explosion/fsd50k_explosion_f2a9007f.wav
fsd50k_explosion_f4862d09,explosion,fsd50k,0.0,2.656,2.656,auto_accept,data/banks/foreground/explosion/fsd50k_explosion_f4862d09.wav
fsd50k_explosion_fc41cfa6,explosion,fsd50k,0.0,0.739,0.739,auto_accept,data/banks/foreground/explosion/fsd50k_explosion_fc41cfa6.wav
esc50_fireworks_04745e57,fireworks,esc50,0.219,5.0,4.781,auto_accept,data/banks/foreground/fireworks/esc50_fireworks_04745e57.wav
esc50_fireworks_0b196e12,fireworks,esc50,0.539,3.932,3.393,auto_accept,data/banks/foreground/fireworks/esc50_fireworks_0b196e12.wav
esc50_fireworks_0ee8c78b,fireworks,esc50,1.177,2.336,1.159,auto_accept,data/banks/foreground/fireworks/esc50_fireworks_0ee8c78b.wav
esc50_fireworks_1b7a55d6,fireworks,esc50,2.136,4.571,2.435,auto_accept,data/banks/foreground/fireworks/esc50_fireworks_1b7a55d6.wav
esc50_fireworks_1d6a5f08,fireworks,esc50,0.219,5.0,4.781,auto_accept,data/banks/foreground/fireworks/esc50_fireworks_1d6a5f08.wav
esc50_fireworks_1da86942,fireworks,esc50,2.455,4.252,1.797,auto_accept,data/banks/foreground/fireworks/esc50_fireworks_1da86942.wav
esc50_fireworks_1dfdaa1f,fireworks,esc50,0.0,2.655,2.655,auto_accept,data/banks/foreground/fireworks/esc50_fireworks_1dfdaa1f.wav
esc50_fireworks_272ece9c,fireworks,esc50,1.177,2.655,1.478,auto_accept,data/banks/foreground/fireworks/esc50_fireworks_272ece9c.wav
esc50_fireworks_28df9b3d,fireworks,esc50,0.0,5.0,5.0,auto_accept,data/banks/foreground/fireworks/esc50_fireworks_28df9b3d.wav
esc50_fireworks_319fb7db,fireworks,esc50,3.413,5.0,1.587,auto_accept,data/banks/foreground/fireworks/esc50_fireworks_319fb7db.wav
esc50_fireworks_53e46153,fireworks,esc50,0.0,1.058,1.058,auto_accept,data/banks/foreground/fireworks/esc50_fireworks_53e46153.wav
esc50_fireworks_57496037,fireworks,esc50,0.858,2.336,1.478,auto_accept,data/banks/foreground/fireworks/esc50_fireworks_57496037.wav
esc50_fireworks_5f0f6888,fireworks,esc50,0.0,1.058,1.058,auto_accept,data/banks/foreground/fireworks/esc50_fireworks_5f0f6888.wav
esc50_fireworks_7565850a,fireworks,esc50,0.0,1.058,1.058,auto_accept,data/banks/foreground/fireworks/esc50_fireworks_7565850a.wav
esc50_fireworks_767834d6,fireworks,esc50,1.497,5.0,3.503,auto_accept,data/banks/foreground/fireworks/esc50_fireworks_767834d6.wav
esc50_fireworks_7a3a19a4,fireworks,esc50,0.219,1.697,1.478,auto_accept,data/banks/foreground/fireworks/esc50_fireworks_7a3a19a4.wav
esc50_fireworks_7fcd04a7,fireworks,esc50,2.136,3.613,1.477,auto_accept,data/banks/foreground/fireworks/esc50_fireworks_7fcd04a7.wav
esc50_fireworks_810d1ca9,fireworks,esc50,0.0,5.0,5.0,auto_accept,data/banks/foreground/fireworks/esc50_fireworks_810d1ca9.wav
esc50_fireworks_83e988d6,fireworks,esc50,0.0,5.0,5.0,auto_accept,data/banks/foreground/fireworks/esc50_fireworks_83e988d6.wav
esc50_fireworks_853c5cea,fireworks,esc50,0.539,3.613,3.074,auto_accept,data/banks/foreground/fireworks/esc50_fireworks_853c5cea.wav
esc50_fireworks_8f377a0e,fireworks,esc50,0.0,1.377,1.377,auto_accept,data/banks/foreground/fireworks/esc50_fireworks_8f377a0e.wav
esc50_fireworks_9d1b69c0,fireworks,esc50,2.774,5.0,2.226,auto_accept,data/banks/foreground/fireworks/esc50_fireworks_9d1b69c0.wav
esc50_fireworks_a0745691,fireworks,esc50,3.094,5.0,1.906,auto_accept,data/banks/foreground/fireworks/esc50_fireworks_a0745691.wav
esc50_fireworks_abb7aaa5,fireworks,esc50,0.0,1.697,1.697,auto_accept,data/banks/foreground/fireworks/esc50_fireworks_abb7aaa5.wav
esc50_fireworks_aefb7915,fireworks,esc50,1.816,4.571,2.755,auto_accept,data/banks/foreground/fireworks/esc50_fireworks_aefb7915.wav
esc50_fireworks_b8e4b741,fireworks,esc50,2.136,4.571,2.435,auto_accept,data/banks/foreground/fireworks/esc50_fireworks_b8e4b741.wav
esc50_fireworks_baad57c9,fireworks,esc50,0.0,1.697,1.697,auto_accept,data/banks/foreground/fireworks/esc50_fireworks_baad57c9.wav
esc50_fireworks_c02bc79e,fireworks,esc50,2.455,3.932,1.477,auto_accept,data/banks/foreground/fireworks/esc50_fireworks_c02bc79e.wav
esc50_fireworks_c205760c,fireworks,esc50,1.816,5.0,3.184,auto_accept,data/banks/foreground/fireworks/esc50_fireworks_c205760c.wav
esc50_fireworks_c5489d2c,fireworks,esc50,0.858,2.974,2.116,auto_accept,data/banks/foreground/fireworks/esc50_fireworks_c5489d2c.wav
esc50_fireworks_d055eb62,fireworks,esc50,0.0,1.058,1.058,auto_accept,data/banks/foreground/fireworks/esc50_fireworks_d055eb62.wav
esc50_fireworks_e5a9aead,fireworks,esc50,3.094,4.252,1.158,auto_accept,data/banks/foreground/fireworks/esc50_fireworks_e5a9aead.wav
esc50_fireworks_e6aecd59,fireworks,esc50,0.219,2.016,1.797,auto_accept,data/banks/foreground/fireworks/esc50_fireworks_e6aecd59.wav
fsd50k_fireworks_01947c6f,fireworks,fsd50k,0.0,0.739,0.739,auto_accept,data/banks/foreground/fireworks/fsd50k_fireworks_01947c6f.wav
fsd50k_fireworks_03a52b6f,fireworks,fsd50k,1.179,8.735,7.556,auto_accept,data/banks/foreground/fireworks/fsd50k_fireworks_03a52b6f.wav
fsd50k_fireworks_09553f5d,fireworks,fsd50k,13.34,14.82,1.48,auto_accept,data/banks/foreground/fireworks/fsd50k_fireworks_09553f5d.wav
fsd50k_fireworks_0ee0d74e,fireworks,fsd50k,0.0,2.979,2.979,auto_accept,data/banks/foreground/fireworks/fsd50k_fireworks_0ee0d74e.wav
fsd50k_fireworks_0f71a525,fireworks,fsd50k,5.978,7.778,1.8,auto_accept,data/banks/foreground/fireworks/fsd50k_fireworks_0f71a525.wav
fsd50k_fireworks_11e00452,fireworks,fsd50k,4.378,6.816,2.438,auto_accept,data/banks/foreground/fireworks/fsd50k_fireworks_11e00452.wav
fsd50k_fireworks_1269da1e,fireworks,fsd50k,0.54,24.183,23.643,auto_accept,data/banks/foreground/fireworks/fsd50k_fireworks_1269da1e.wav
fsd50k_fireworks_13458ede,fireworks,fsd50k,1.177,2.335,1.158,auto_accept,data/banks/foreground/fireworks/fsd50k_fireworks_13458ede.wav
fsd50k_fireworks_14922763,fireworks,fsd50k,2.459,3.938,1.479,auto_accept,data/banks/foreground/fireworks/fsd50k_fireworks_14922763.wav
fsd50k_fireworks_16336691,fireworks,fsd50k,0.0,5.215,5.215,auto_accept,data/banks/foreground/fireworks/fsd50k_fireworks_16336691.wav
fsd50k_fireworks_1780ae71,fireworks,fsd50k,0.0,1.057,1.057,auto_accept,data/banks/foreground/fireworks/fsd50k_fireworks_1780ae71.wav
fsd50k_fireworks_197604b5,fireworks,fsd50k,0.0,10.014,10.014,auto_accept,data/banks/foreground/fireworks/fsd50k_fireworks_197604b5.wav
fsd50k_fireworks_1a65d732,fireworks,fsd50k,0.0,1.059,1.059,auto_accept,data/banks/foreground/fireworks/fsd50k_fireworks_1a65d732.wav
fsd50k_fireworks_1bc039c9,fireworks,fsd50k,2.14,14.498,12.358,auto_accept,data/banks/foreground/fireworks/fsd50k_fireworks_1bc039c9.wav
fsd50k_fireworks_1cb60b51,fireworks,fsd50k,0.539,2.017,1.478,auto_accept,data/banks/foreground/fireworks/fsd50k_fireworks_1cb60b51.wav
fsd50k_fireworks_1f502816,fireworks,fsd50k,5.02,6.82,1.8,auto_accept,data/banks/foreground/fireworks/fsd50k_fireworks_1f502816.wav
fsd50k_fireworks_20d724cc,fireworks,fsd50k,3.098,10.013,6.915,auto_accept,data/banks/foreground/fireworks/fsd50k_fireworks_20d724cc.wav
fsd50k_fireworks_224f7a77,fireworks,fsd50k,1.499,3.299,1.8,auto_accept,data/banks/foreground/fireworks/fsd50k_fireworks_224f7a77.wav
fsd50k_fireworks_23184bb4,fireworks,fsd50k,2.778,3.938,1.16,auto_accept,data/banks/foreground/fireworks/fsd50k_fireworks_23184bb4.wav
fsd50k_fireworks_28a628f5,fireworks,fsd50k,3.738,9.055,5.317,auto_accept,data/banks/foreground/fireworks/fsd50k_fireworks_28a628f5.wav
fsd50k_fireworks_29d7170a,fireworks,fsd50k,0.0,1.057,1.057,auto_accept,data/banks/foreground/fireworks/fsd50k_fireworks_29d7170a.wav
fsd50k_fireworks_2dc71391,fireworks,fsd50k,0.0,1.059,1.059,auto_accept,data/banks/foreground/fireworks/fsd50k_fireworks_2dc71391.wav
fsd50k_fireworks_2ff66be2,fireworks,fsd50k,2.137,3.616,1.479,auto_accept,data/banks/foreground/fireworks/fsd50k_fireworks_2ff66be2.wav
fsd50k_fireworks_33603105,fireworks,fsd50k,9.82,13.86,4.04,auto_accept,data/banks/foreground/fireworks/fsd50k_fireworks_33603105.wav
fsd50k_fireworks_368ac345,fireworks,fsd50k,1.818,5.535,3.717,auto_accept,data/banks/foreground/fireworks/fsd50k_fireworks_368ac345.wav
fsd50k_fireworks_36ac682a,fireworks,fsd50k,0.539,1.698,1.159,auto_accept,data/banks/foreground/fireworks/fsd50k_fireworks_36ac682a.wav
fsd50k_fireworks_3c47952f,fireworks,fsd50k,1.179,2.659,1.48,auto_accept,data/banks/foreground/fireworks/fsd50k_fireworks_3c47952f.wav
fsd50k_fireworks_3da6691d,fireworks,fsd50k,4.058,5.537,1.479,auto_accept,data/banks/foreground/fireworks/fsd50k_fireworks_3da6691d.wav
fsd50k_fireworks_47a6d96d,fireworks,fsd50k,2.778,6.816,4.038,auto_accept,data/banks/foreground/fireworks/fsd50k_fireworks_47a6d96d.wav
fsd50k_fireworks_48205dec,fireworks,fsd50k,0.0,1.056,1.056,auto_accept,data/banks/foreground/fireworks/fsd50k_fireworks_48205dec.wav
fsd50k_fireworks_48daa949,fireworks,fsd50k,0.0,8.417,8.417,auto_accept,data/banks/foreground/fireworks/fsd50k_fireworks_48daa949.wav
fsd50k_fireworks_4ab70b37,fireworks,fsd50k,0.0,1.058,1.058,auto_accept,data/banks/foreground/fireworks/fsd50k_fireworks_4ab70b37.wav
fsd50k_fireworks_4dfda424,fireworks,fsd50k,0.0,1.057,1.057,auto_accept,data/banks/foreground/fireworks/fsd50k_fireworks_4dfda424.wav
fsd50k_fireworks_4f1c3691,fireworks,fsd50k,3.735,5.532,1.797,auto_accept,data/banks/foreground/fireworks/fsd50k_fireworks_4f1c3691.wav
fsd50k_fireworks_5015affa,fireworks,fsd50k,0.54,2.339,1.799,auto_accept,data/banks/foreground/fireworks/fsd50k_fireworks_5015affa.wav
fsd50k_fireworks_5295dcf1,fireworks,fsd50k,0.0,2.979,2.979,auto_accept,data/banks/foreground/fireworks/fsd50k_fireworks_5295dcf1.wav
fsd50k_fireworks_536e401c,fireworks,fsd50k,0.0,1.058,1.058,auto_accept,data/banks/foreground/fireworks/fsd50k_fireworks_536e401c.wav
fsd50k_fireworks_5371e71f,fireworks,fsd50k,1.498,2.656,1.158,auto_accept,data/banks/foreground/fireworks/fsd50k_fireworks_5371e71f.wav
fsd50k_fireworks_53724e38,fireworks,fsd50k,0.0,0.739,0.739,auto_accept,data/banks/foreground/fireworks/fsd50k_fireworks_53724e38.wav
fsd50k_fireworks_54d359d0,fireworks,fsd50k,3.1,4.259,1.159,auto_accept,data/banks/foreground/fireworks/fsd50k_fireworks_54d359d0.wav
fsd50k_fireworks_565db7b8,fireworks,fsd50k,0.0,1.06,1.06,auto_accept,data/banks/foreground/fireworks/fsd50k_fireworks_565db7b8.wav
fsd50k_fireworks_573d2c42,fireworks,fsd50k,0.0,0.739,0.739,auto_accept,data/banks/foreground/fireworks/fsd50k_fireworks_573d2c42.wav
fsd50k_fireworks_57be4252,fireworks,fsd50k,0.0,0.739,0.739,auto_accept,data/banks/foreground/fireworks/fsd50k_fireworks_57be4252.wav
fsd50k_fireworks_5bd94296,fireworks,fsd50k,0.22,3.298,3.078,auto_accept,data/banks/foreground/fireworks/fsd50k_fireworks_5bd94296.wav
fsd50k_fireworks_5c6f925e,fireworks,fsd50k,0.0,1.057,1.057,auto_accept,data/banks/foreground/fireworks/fsd50k_fireworks_5c6f925e.wav
fsd50k_fireworks_5c9c18ad,fireworks,fsd50k,0.22,1.379,1.159,auto_accept,data/banks/foreground/fireworks/fsd50k_fireworks_5c9c18ad.wav
fsd50k_fireworks_5cb86aa4,fireworks,fsd50k,0.0,1.056,1.056,auto_accept,data/banks/foreground/fireworks/fsd50k_fireworks_5cb86aa4.wav
fsd50k_fireworks_5db29738,fireworks,fsd50k,0.0,1.058,1.058,auto_accept,data/banks/foreground/fireworks/fsd50k_fireworks_5db29738.wav
fsd50k_fireworks_65837826,fireworks,fsd50k,0.0,1.059,1.059,auto_accept,data/banks/foreground/fireworks/fsd50k_fireworks_65837826.wav
fsd50k_fireworks_6603da19,fireworks,fsd50k,2.138,3.617,1.479,auto_accept,data/banks/foreground/fireworks/fsd50k_fireworks_6603da19.wav
fsd50k_fireworks_683f5f4d,fireworks,fsd50k,1.817,3.295,1.478,auto_accept,data/banks/foreground/fireworks/fsd50k_fireworks_683f5f4d.wav
fsd50k_fireworks_72bcb3cc,fireworks,fsd50k,0.0,1.058,1.058,auto_accept,data/banks/foreground/fireworks/fsd50k_fireworks_72bcb3cc.wav
fsd50k_fireworks_7341fcf2,fireworks,fsd50k,0.0,0.739,0.739,auto_accept,data/banks/foreground/fireworks/fsd50k_fireworks_7341fcf2.wav
fsd50k_fireworks_739172df,fireworks,fsd50k,0.0,1.698,1.698,auto_accept,data/banks/foreground/fireworks/fsd50k_fireworks_739172df.wav
fsd50k_fireworks_7467afc7,fireworks,fsd50k,3.737,5.216,1.479,auto_accept,data/banks/foreground/fireworks/fsd50k_fireworks_7467afc7.wav
fsd50k_fireworks_75207ba0,fireworks,fsd50k,12.379,14.499,2.12,auto_accept,data/banks/foreground/fireworks/fsd50k_fireworks_75207ba0.wav
fsd50k_fireworks_76a6feeb,fireworks,fsd50k,2.779,3.939,1.16,auto_accept,data/banks/foreground/fireworks/fsd50k_fireworks_76a6feeb.wav
fsd50k_fireworks_7831cf78,fireworks,fsd50k,3.1,18.658,15.558,auto_accept,data/banks/foreground/fireworks/fsd50k_fireworks_7831cf78.wav
fsd50k_fireworks_79e20679,fireworks,fsd50k,2.455,3.932,1.477,auto_accept,data/banks/foreground/fireworks/fsd50k_fireworks_79e20679.wav
fsd50k_fireworks_7b39efde,fireworks,fsd50k,0.538,2.014,1.476,auto_accept,data/banks/foreground/fireworks/fsd50k_fireworks_7b39efde.wav
fsd50k_fireworks_7b3bef64,fireworks,fsd50k,1.818,3.297,1.479,auto_accept,data/banks/foreground/fireworks/fsd50k_fireworks_7b3bef64.wav
fsd50k_fireworks_7dce3d17,fireworks,fsd50k,1.817,3.615,1.798,auto_accept,data/banks/foreground/fireworks/fsd50k_fireworks_7dce3d17.wav
fsd50k_fireworks_7de32258,fireworks,fsd50k,0.0,1.058,1.058,auto_accept,data/banks/foreground/fireworks/fsd50k_fireworks_7de32258.wav
fsd50k_fireworks_7fce4aeb,fireworks,fsd50k,2.459,4.579,2.12,auto_accept,data/banks/foreground/fireworks/fsd50k_fireworks_7fce4aeb.wav
fsd50k_fireworks_7ff9efbe,fireworks,fsd50k,0.22,2.018,1.798,auto_accept,data/banks/foreground/fireworks/fsd50k_fireworks_7ff9efbe.wav
fsd50k_fireworks_82f03158,fireworks,fsd50k,0.0,1.057,1.057,auto_accept,data/banks/foreground/fireworks/fsd50k_fireworks_82f03158.wav
fsd50k_fireworks_850c5a8e,fireworks,fsd50k,1.819,6.498,4.679,auto_accept,data/banks/foreground/fireworks/fsd50k_fireworks_850c5a8e.wav
fsd50k_fireworks_855982dd,fireworks,fsd50k,0.0,1.379,1.379,auto_accept,data/banks/foreground/fireworks/fsd50k_fireworks_855982dd.wav
fsd50k_fireworks_871c30d7,fireworks,fsd50k,1.179,10.013,8.834,auto_accept,data/banks/foreground/fireworks/fsd50k_fireworks_871c30d7.wav
fsd50k_fireworks_874c0076,fireworks,fsd50k,0.0,1.06,1.06,auto_accept,data/banks/foreground/fireworks/fsd50k_fireworks_874c0076.wav
fsd50k_fireworks_8b1c3250,fireworks,fsd50k,21.334,23.134,1.8,auto_accept,data/banks/foreground/fireworks/fsd50k_fireworks_8b1c3250.wav
fsd50k_fireworks_8b8c838f,fireworks,fsd50k,0.0,1.379,1.379,auto_accept,data/banks/foreground/fireworks/fsd50k_fireworks_8b8c838f.wav
fsd50k_fireworks_8e98e512,fireworks,fsd50k,1.499,2.979,1.48,auto_accept,data/banks/foreground/fireworks/fsd50k_fireworks_8e98e512.wav
fsd50k_fireworks_8ef7c184,fireworks,fsd50k,1.499,3.298,1.799,auto_accept,data/banks/foreground/fireworks/fsd50k_fireworks_8ef7c184.wav
fsd50k_fireworks_9985cdbf,fireworks,fsd50k,0.0,1.059,1.059,auto_accept,data/banks/foreground/fireworks/fsd50k_fireworks_9985cdbf.wav
fsd50k_fireworks_9b44f207,fireworks,fsd50k,0.0,3.619,3.619,auto_accept,data/banks/foreground/fireworks/fsd50k_fireworks_9b44f207.wav
fsd50k_fireworks_9c204dd0,fireworks,fsd50k,0.0,0.648,0.648,auto_accept,data/banks/foreground/fireworks/fsd50k_fireworks_9c204dd0.wav
fsd50k_fireworks_9d8dee97,fireworks,fsd50k,14.297,19.616,5.319,auto_accept,data/banks/foreground/fireworks/fsd50k_fireworks_9d8dee97.wav
fsd50k_fireworks_9fcdeefb,fireworks,fsd50k,13.978,16.098,2.12,auto_accept,data/banks/foreground/fireworks/fsd50k_fireworks_9fcdeefb.wav
fsd50k_fireworks_a0b4e40d,fireworks,fsd50k,0.0,1.377,1.377,auto_accept,data/banks/foreground/fireworks/fsd50k_fireworks_a0b4e40d.wav
fsd50k_fireworks_a115b8ea,fireworks,fsd50k,1.495,2.971,1.476,auto_accept,data/banks/foreground/fireworks/fsd50k_fireworks_a115b8ea.wav
fsd50k_fireworks_a69a207f,fireworks,fsd50k,0.0,1.377,1.377,auto_accept,data/banks/foreground/fireworks/fsd50k_fireworks_a69a207f.wav
fsd50k_fireworks_a981ba6c,fireworks,fsd50k,0.0,1.059,1.059,auto_accept,data/banks/foreground/fireworks/fsd50k_fireworks_a981ba6c.wav
fsd50k_fireworks_aa1a6b5f,fireworks,fsd50k,0.0,0.74,0.74,auto_accept,data/banks/foreground/fireworks/fsd50k_fireworks_aa1a6b5f.wav
fsd50k_fireworks_aa755350,fireworks,fsd50k,2.137,3.934,1.797,auto_accept,data/banks/foreground/fireworks/fsd50k_fireworks_aa755350.wav
fsd50k_fireworks_aa87ad25,fireworks,fsd50k,5.016,6.175,1.159,auto_accept,data/banks/foreground/fireworks/fsd50k_fireworks_aa87ad25.wav
fsd50k_fireworks_ae3ed965,fireworks,fsd50k,0.859,3.298,2.439,auto_accept,data/banks/foreground/fireworks/fsd50k_fireworks_ae3ed965.wav
fsd50k_fireworks_ae6b7ca5,fireworks,fsd50k,1.18,3.299,2.119,auto_accept,data/banks/foreground/fireworks/fsd50k_fireworks_ae6b7ca5.wav
fsd50k_fireworks_b154b770,fireworks,fsd50k,0.0,0.739,0.739,auto_accept,data/banks/foreground/fireworks/fsd50k_fireworks_b154b770.wav
fsd50k_fireworks_b36d95e7,fireworks,fsd50k,1.18,2.659,1.479,auto_accept,data/banks/foreground/fireworks/fsd50k_fireworks_b36d95e7.wav
fsd50k_fireworks_b3caed78,fireworks,fsd50k,0.0,1.06,1.06,auto_accept,data/banks/foreground/fireworks/fsd50k_fireworks_b3caed78.wav
fsd50k_fireworks_b661af01,fireworks,fsd50k,3.739,4.898,1.159,auto_accept,data/banks/foreground/fireworks/fsd50k_fireworks_b661af01.wav
fsd50k_fireworks_b73dcb9d,fireworks,fsd50k,0.22,3.938,3.718,auto_accept,data/banks/foreground/fireworks/fsd50k_fireworks_b73dcb9d.wav
fsd50k_fireworks_bb25dcfa,fireworks,fsd50k,19.736,24.415,4.679,auto_accept,data/banks/foreground/fireworks/fsd50k_fireworks_bb25dcfa.wav
fsd50k_fireworks_bceb1f31,fireworks,fsd50k,2.139,5.558,3.419,auto_accept,data/banks/foreground/fireworks/fsd50k_fireworks_bceb1f31.wav
fsd50k_fireworks_bcf2de10,fireworks,fsd50k,0.0,1.06,1.06,auto_accept,data/banks/foreground/fireworks/fsd50k_fireworks_bcf2de10.wav
fsd50k_fireworks_bda7d52f,fireworks,fsd50k,4.7,9.059,4.359,auto_accept,data/banks/foreground/fireworks/fsd50k_fireworks_bda7d52f.wav
fsd50k_fireworks_beb85f52,fireworks,fsd50k,1.499,2.659,1.16,auto_accept,data/banks/foreground/fireworks/fsd50k_fireworks_beb85f52.wav
fsd50k_fireworks_bfc44e0c,fireworks,fsd50k,4.7,8.42,3.72,auto_accept,data/banks/foreground/fireworks/fsd50k_fireworks_bfc44e0c.wav
fsd50k_fireworks_c59e9f80,fireworks,fsd50k,0.0,1.057,1.057,auto_accept,data/banks/foreground/fireworks/fsd50k_fireworks_c59e9f80.wav
fsd50k_fireworks_c6f6eaac,fireworks,fsd50k,5.659,7.139,1.48,auto_accept,data/banks/foreground/fireworks/fsd50k_fireworks_c6f6eaac.wav
fsd50k_fireworks_c8d6eccd,fireworks,fsd50k,0.0,1.057,1.057,auto_accept,data/banks/foreground/fireworks/fsd50k_fireworks_c8d6eccd.wav
fsd50k_fireworks_c8f4503c,fireworks,fsd50k,4.694,6.023,1.329,auto_accept,data/banks/foreground/fireworks/fsd50k_fireworks_c8f4503c.wav
fsd50k_fireworks_c935f1c4,fireworks,fsd50k,2.779,16.416,13.637,auto_accept,data/banks/foreground/fireworks/fsd50k_fireworks_c935f1c4.wav
fsd50k_fireworks_c944fa02,fireworks,fsd50k,0.0,5.536,5.536,auto_accept,data/banks/foreground/fireworks/fsd50k_fireworks_c944fa02.wav
fsd50k_fireworks_c9716978,fireworks,fsd50k,0.0,1.059,1.059,auto_accept,data/banks/foreground/fireworks/fsd50k_fireworks_c9716978.wav
fsd50k_fireworks_cb1141a7,fireworks,fsd50k,0.0,0.74,0.74,auto_accept,data/banks/foreground/fireworks/fsd50k_fireworks_cb1141a7.wav
fsd50k_fireworks_cbc90ef6,fireworks,fsd50k,0.0,1.058,1.058,auto_accept,data/banks/foreground/fireworks/fsd50k_fireworks_cbc90ef6.wav
fsd50k_fireworks_cd9478d0,fireworks,fsd50k,0.0,0.74,0.74,auto_accept,data/banks/foreground/fireworks/fsd50k_fireworks_cd9478d0.wav
fsd50k_fireworks_d0089087,fireworks,fsd50k,1.18,4.578,3.398,auto_accept,data/banks/foreground/fireworks/fsd50k_fireworks_d0089087.wav
fsd50k_fireworks_d3663917,fireworks,fsd50k,1.179,2.338,1.159,auto_accept,data/banks/foreground/fireworks/fsd50k_fireworks_d3663917.wav
fsd50k_fireworks_d75b66d7,fireworks,fsd50k,2.136,4.502,2.366,auto_accept,data/banks/foreground/fireworks/fsd50k_fireworks_d75b66d7.wav
fsd50k_fireworks_d9f9c5df,fireworks,fsd50k,7.899,9.379,1.48,auto_accept,data/banks/foreground/fireworks/fsd50k_fireworks_d9f9c5df.wav
fsd50k_fireworks_da6a5bc2,fireworks,fsd50k,0.0,1.06,1.06,auto_accept,data/banks/foreground/fireworks/fsd50k_fireworks_da6a5bc2.wav
fsd50k_fireworks_dab35990,fireworks,fsd50k,0.219,2.655,2.436,auto_accept,data/banks/foreground/fireworks/fsd50k_fireworks_dab35990.wav
fsd50k_fireworks_df11ba47,fireworks,fsd50k,0.0,1.06,1.06,auto_accept,data/banks/foreground/fireworks/fsd50k_fireworks_df11ba47.wav
fsd50k_fireworks_e07dee42,fireworks,fsd50k,0.0,1.696,1.696,auto_accept,data/banks/foreground/fireworks/fsd50k_fireworks_e07dee42.wav
fsd50k_fireworks_e1806ace,fireworks,fsd50k,0.0,2.02,2.02,auto_accept,data/banks/foreground/fireworks/fsd50k_fireworks_e1806ace.wav
fsd50k_fireworks_e1a5b210,fireworks,fsd50k,0.0,3.739,3.739,auto_accept,data/banks/foreground/fireworks/fsd50k_fireworks_e1a5b210.wav
fsd50k_fireworks_e40a0355,fireworks,fsd50k,1.179,3.046,1.867,auto_accept,data/banks/foreground/fireworks/fsd50k_fireworks_e40a0355.wav
fsd50k_fireworks_e48242bb,fireworks,fsd50k,0.0,1.057,1.057,auto_accept,data/banks/foreground/fireworks/fsd50k_fireworks_e48242bb.wav
fsd50k_fireworks_e49b541d,fireworks,fsd50k,0.0,2.017,2.017,auto_accept,data/banks/foreground/fireworks/fsd50k_fireworks_e49b541d.wav
fsd50k_fireworks_e8d68586,fireworks,fsd50k,0.0,1.059,1.059,auto_accept,data/banks/foreground/fireworks/fsd50k_fireworks_e8d68586.wav
fsd50k_fireworks_ea11ee26,fireworks,fsd50k,0.0,1.058,1.058,auto_accept,data/banks/foreground/fireworks/fsd50k_fireworks_ea11ee26.wav
fsd50k_fireworks_ec52af56,fireworks,fsd50k,0.859,3.615,2.756,auto_accept,data/banks/foreground/fireworks/fsd50k_fireworks_ec52af56.wav
fsd50k_fireworks_edbcd5ad,fireworks,fsd50k,0.0,1.059,1.059,auto_accept,data/banks/foreground/fireworks/fsd50k_fireworks_edbcd5ad.wav
fsd50k_fireworks_edfa5e4b,fireworks,fsd50k,4.378,6.498,2.12,auto_accept,data/banks/foreground/fireworks/fsd50k_fireworks_edfa5e4b.wav
fsd50k_fireworks_f636fe73,fireworks,fsd50k,0.22,1.7,1.48,auto_accept,data/banks/foreground/fireworks/fsd50k_fireworks_f636fe73.wav
fsd50k_fireworks_f8acb182,fireworks,fsd50k,0.54,2.019,1.479,auto_accept,data/banks/foreground/fireworks/fsd50k_fireworks_f8acb182.wav
fsd50k_fireworks_fa766ae0,fireworks,fsd50k,1.177,2.824,1.647,auto_accept,data/banks/foreground/fireworks/fsd50k_fireworks_fa766ae0.wav
fsd50k_fireworks_fe47982f,fireworks,fsd50k,0.0,1.054,1.054,auto_accept,data/banks/foreground/fireworks/fsd50k_fireworks_fe47982f.wav
fsd50k_fireworks_ff3e1f61,fireworks,fsd50k,0.0,1.028,1.028,auto_accept,data/banks/foreground/fireworks/fsd50k_fireworks_ff3e1f61.wav
esc50_glass_breaking_08fcf5a7,glass_breaking,esc50,0.0,1.058,1.058,auto_accept,data/banks/foreground/glass_breaking/esc50_glass_breaking_08fcf5a7.wav
esc50_glass_breaking_3863f509,glass_breaking,esc50,0.219,1.377,1.158,auto_accept,data/banks/foreground/glass_breaking/esc50_glass_breaking_3863f509.wav
esc50_glass_breaking_3ef4dae6,glass_breaking,esc50,0.219,0.739,0.52,auto_accept,data/banks/foreground/glass_breaking/esc50_glass_breaking_3ef4dae6.wav
esc50_glass_breaking_55cc0786,glass_breaking,esc50,0.0,1.058,1.058,auto_accept,data/banks/foreground/glass_breaking/esc50_glass_breaking_55cc0786.wav
esc50_glass_breaking_60a600ff,glass_breaking,esc50,0.0,1.058,1.058,auto_accept,data/banks/foreground/glass_breaking/esc50_glass_breaking_60a600ff.wav
esc50_glass_breaking_66c6c338,glass_breaking,esc50,0.0,0.739,0.739,auto_accept,data/banks/foreground/glass_breaking/esc50_glass_breaking_66c6c338.wav
esc50_glass_breaking_67c88e07,glass_breaking,esc50,0.0,1.058,1.058,auto_accept,data/banks/foreground/glass_breaking/esc50_glass_breaking_67c88e07.wav
esc50_glass_breaking_79efba4c,glass_breaking,esc50,0.219,2.016,1.797,auto_accept,data/banks/foreground/glass_breaking/esc50_glass_breaking_79efba4c.wav
esc50_glass_breaking_9170ecdc,glass_breaking,esc50,0.0,2.016,2.016,auto_accept,data/banks/foreground/glass_breaking/esc50_glass_breaking_9170ecdc.wav
esc50_glass_breaking_92d7ac3d,glass_breaking,esc50,0.0,0.739,0.739,auto_accept,data/banks/foreground/glass_breaking/esc50_glass_breaking_92d7ac3d.wav
esc50_glass_breaking_a6b60fb2,glass_breaking,esc50,0.219,4.252,4.033,auto_accept,data/banks/foreground/glass_breaking/esc50_glass_breaking_a6b60fb2.wav
esc50_glass_breaking_a9374792,glass_breaking,esc50,0.0,1.058,1.058,auto_accept,data/banks/foreground/glass_breaking/esc50_glass_breaking_a9374792.wav
esc50_glass_breaking_b6a987fe,glass_breaking,esc50,0.0,1.058,1.058,auto_accept,data/banks/foreground/glass_breaking/esc50_glass_breaking_b6a987fe.wav
esc50_glass_breaking_beb06055,glass_breaking,esc50,0.0,0.739,0.739,auto_accept,data/banks/foreground/glass_breaking/esc50_glass_breaking_beb06055.wav
esc50_glass_breaking_c3e1abf0,glass_breaking,esc50,0.0,1.377,1.377,auto_accept,data/banks/foreground/glass_breaking/esc50_glass_breaking_c3e1abf0.wav
esc50_glass_breaking_d1d70553,glass_breaking,esc50,0.0,2.336,2.336,auto_accept,data/banks/foreground/glass_breaking/esc50_glass_breaking_d1d70553.wav
esc50_glass_breaking_d2d0b97a,glass_breaking,esc50,0.0,0.739,0.739,auto_accept,data/banks/foreground/glass_breaking/esc50_glass_breaking_d2d0b97a.wav
esc50_glass_breaking_db694613,glass_breaking,esc50,0.0,1.697,1.697,auto_accept,data/banks/foreground/glass_breaking/esc50_glass_breaking_db694613.wav
esc50_glass_breaking_e1da0f73,glass_breaking,esc50,0.0,0.739,0.739,auto_accept,data/banks/foreground/glass_breaking/esc50_glass_breaking_e1da0f73.wav
esc50_glass_breaking_e60d74d1,glass_breaking,esc50,0.0,1.377,1.377,auto_accept,data/banks/foreground/glass_breaking/esc50_glass_breaking_e60d74d1.wav
esc50_glass_breaking_f4796e4e,glass_breaking,esc50,0.0,1.377,1.377,auto_accept,data/banks/foreground/glass_breaking/esc50_glass_breaking_f4796e4e.wav
fsd50k_glass_breaking_032a2145,glass_breaking,fsd50k,0.0,2.339,2.339,auto_accept,data/banks/foreground/glass_breaking/fsd50k_glass_breaking_032a2145.wav
fsd50k_glass_breaking_05bb74a8,glass_breaking,fsd50k,0.0,1.692,1.692,auto_accept,data/banks/foreground/glass_breaking/fsd50k_glass_breaking_05bb74a8.wav
fsd50k_glass_breaking_05c0d0a2,glass_breaking,fsd50k,0.0,1.38,1.38,auto_accept,data/banks/foreground/glass_breaking/fsd50k_glass_breaking_05c0d0a2.wav
fsd50k_glass_breaking_05ccc704,glass_breaking,fsd50k,0.0,1.378,1.378,auto_accept,data/banks/foreground/glass_breaking/fsd50k_glass_breaking_05ccc704.wav
fsd50k_glass_breaking_05faac68,glass_breaking,fsd50k,0.0,1.38,1.38,auto_accept,data/banks/foreground/glass_breaking/fsd50k_glass_breaking_05faac68.wav
fsd50k_glass_breaking_068a80da,glass_breaking,fsd50k,0.858,2.015,1.157,auto_accept,data/banks/foreground/glass_breaking/fsd50k_glass_breaking_068a80da.wav
fsd50k_glass_breaking_081fb32e,glass_breaking,fsd50k,1.497,2.655,1.158,auto_accept,data/banks/foreground/glass_breaking/fsd50k_glass_breaking_081fb32e.wav
fsd50k_glass_breaking_084643ab,glass_breaking,fsd50k,0.0,1.059,1.059,auto_accept,data/banks/foreground/glass_breaking/fsd50k_glass_breaking_084643ab.wav
fsd50k_glass_breaking_09b31977,glass_breaking,fsd50k,2.139,3.619,1.48,auto_accept,data/banks/foreground/glass_breaking/fsd50k_glass_breaking_09b31977.wav
fsd50k_glass_breaking_0bb27b73,glass_breaking,fsd50k,0.0,0.517,0.517,auto_accept,data/banks/foreground/glass_breaking/fsd50k_glass_breaking_0bb27b73.wav
fsd50k_glass_breaking_0d104b59,glass_breaking,fsd50k,0.0,1.033,1.033,auto_accept,data/banks/foreground/glass_breaking/fsd50k_glass_breaking_0d104b59.wav
fsd50k_glass_breaking_0e1619d8,glass_breaking,fsd50k,0.0,0.744,0.744,auto_accept,data/banks/foreground/glass_breaking/fsd50k_glass_breaking_0e1619d8.wav
fsd50k_glass_breaking_11c33713,glass_breaking,fsd50k,0.0,0.673,0.673,auto_accept,data/banks/foreground/glass_breaking/fsd50k_glass_breaking_11c33713.wav
fsd50k_glass_breaking_11e9731f,glass_breaking,fsd50k,3.1,4.259,1.159,auto_accept,data/banks/foreground/glass_breaking/fsd50k_glass_breaking_11e9731f.wav
fsd50k_glass_breaking_13777cb5,glass_breaking,fsd50k,0.0,1.059,1.059,auto_accept,data/banks/foreground/glass_breaking/fsd50k_glass_breaking_13777cb5.wav
fsd50k_glass_breaking_143b75f4,glass_breaking,fsd50k,0.22,1.699,1.479,auto_accept,data/banks/foreground/glass_breaking/fsd50k_glass_breaking_143b75f4.wav
fsd50k_glass_breaking_145610fe,glass_breaking,fsd50k,14.297,18.016,3.719,auto_accept,data/banks/foreground/glass_breaking/fsd50k_glass_breaking_145610fe.wav
fsd50k_glass_breaking_14c7cd8a,glass_breaking,fsd50k,0.0,2.02,2.02,auto_accept,data/banks/foreground/glass_breaking/fsd50k_glass_breaking_14c7cd8a.wav
fsd50k_glass_breaking_16dddc6d,glass_breaking,fsd50k,0.0,0.738,0.738,auto_accept,data/banks/foreground/glass_breaking/fsd50k_glass_breaking_16dddc6d.wav
fsd50k_glass_breaking_16feccd6,glass_breaking,fsd50k,0.0,1.374,1.374,auto_accept,data/banks/foreground/glass_breaking/fsd50k_glass_breaking_16feccd6.wav
fsd50k_glass_breaking_17beced9,glass_breaking,fsd50k,0.0,0.738,0.738,auto_accept,data/banks/foreground/glass_breaking/fsd50k_glass_breaking_17beced9.wav
fsd50k_glass_breaking_18425eb2,glass_breaking,fsd50k,0.0,1.38,1.38,auto_accept,data/banks/foreground/glass_breaking/fsd50k_glass_breaking_18425eb2.wav
fsd50k_glass_breaking_199c9132,glass_breaking,fsd50k,5.976,7.775,1.799,auto_accept,data/banks/foreground/glass_breaking/fsd50k_glass_breaking_199c9132.wav
fsd50k_glass_breaking_1c35afba,glass_breaking,fsd50k,4.378,6.178,1.8,auto_accept,data/banks/foreground/glass_breaking/fsd50k_glass_breaking_1c35afba.wav
fsd50k_glass_breaking_1c5befa0,glass_breaking,fsd50k,0.0,1.057,1.057,auto_accept,data/banks/foreground/glass_breaking/fsd50k_glass_breaking_1c5befa0.wav
fsd50k_glass_breaking_1d4a8966,glass_breaking,fsd50k,0.219,2.332,2.113,auto_accept,data/banks/foreground/glass_breaking/fsd50k_glass_breaking_1d4a8966.wav
fsd50k_glass_breaking_1d56097d,glass_breaking,fsd50k,0.0,1.056,1.056,auto_accept,data/banks/foreground/glass_breaking/fsd50k_glass_breaking_1d56097d.wav
fsd50k_glass_breaking_1df59579,glass_breaking,fsd50k,0.219,2.017,1.798,auto_accept,data/banks/foreground/glass_breaking/fsd50k_glass_breaking_1df59579.wav
fsd50k_glass_breaking_1ff658c6,glass_breaking,fsd50k,0.0,0.74,0.74,auto_accept,data/banks/foreground/glass_breaking/fsd50k_glass_breaking_1ff658c6.wav
fsd50k_glass_breaking_21e9a8c5,glass_breaking,fsd50k,0.0,1.133,1.133,auto_accept,data/banks/foreground/glass_breaking/fsd50k_glass_breaking_21e9a8c5.wav
fsd50k_glass_breaking_222f37d5,glass_breaking,fsd50k,0.0,1.059,1.059,auto_accept,data/banks/foreground/glass_breaking/fsd50k_glass_breaking_222f37d5.wav
fsd50k_glass_breaking_22e2a6a3,glass_breaking,fsd50k,0.0,0.762,0.762,auto_accept,data/banks/foreground/glass_breaking/fsd50k_glass_breaking_22e2a6a3.wav
fsd50k_glass_breaking_24334da6,glass_breaking,fsd50k,0.0,0.513,0.513,auto_accept,data/banks/foreground/glass_breaking/fsd50k_glass_breaking_24334da6.wav
fsd50k_glass_breaking_24f8e7e5,glass_breaking,fsd50k,0.0,1.057,1.057,auto_accept,data/banks/foreground/glass_breaking/fsd50k_glass_breaking_24f8e7e5.wav
fsd50k_glass_breaking_2518a463,glass_breaking,fsd50k,0.0,2.503,2.503,auto_accept,data/banks/foreground/glass_breaking/fsd50k_glass_breaking_2518a463.wav
fsd50k_glass_breaking_263251a8,glass_breaking,fsd50k,0.0,0.799,0.799,auto_accept,data/banks/foreground/glass_breaking/fsd50k_glass_breaking_263251a8.wav
fsd50k_glass_breaking_2b3d3b19,glass_breaking,fsd50k,0.0,0.562,0.562,auto_accept,data/banks/foreground/glass_breaking/fsd50k_glass_breaking_2b3d3b19.wav
fsd50k_glass_breaking_2ba56e3e,glass_breaking,fsd50k,0.0,1.059,1.059,auto_accept,data/banks/foreground/glass_breaking/fsd50k_glass_breaking_2ba56e3e.wav
fsd50k_glass_breaking_2e1c2428,glass_breaking,fsd50k,0.0,0.606,0.606,auto_accept,data/banks/foreground/glass_breaking/fsd50k_glass_breaking_2e1c2428.wav
fsd50k_glass_breaking_30849bcb,glass_breaking,fsd50k,3.736,5.215,1.479,auto_accept,data/banks/foreground/glass_breaking/fsd50k_glass_breaking_30849bcb.wav
fsd50k_glass_breaking_30c6bbe6,glass_breaking,fsd50k,4.375,6.173,1.798,auto_accept,data/banks/foreground/glass_breaking/fsd50k_glass_breaking_30c6bbe6.wav
fsd50k_glass_breaking_312186e4,glass_breaking,fsd50k,0.0,1.378,1.378,auto_accept,data/banks/foreground/glass_breaking/fsd50k_glass_breaking_312186e4.wav
fsd50k_glass_breaking_3369b5e2,glass_breaking,fsd50k,1.817,3.296,1.479,auto_accept,data/banks/foreground/glass_breaking/fsd50k_glass_breaking_3369b5e2.wav
fsd50k_glass_breaking_355e7802,glass_breaking,fsd50k,0.0,1.055,1.055,auto_accept,data/banks/foreground/glass_breaking/fsd50k_glass_breaking_355e7802.wav
fsd50k_glass_breaking_367ee945,glass_breaking,fsd50k,3.095,5.213,2.118,auto_accept,data/banks/foreground/glass_breaking/fsd50k_glass_breaking_367ee945.wav
fsd50k_glass_breaking_386c18ba,glass_breaking,fsd50k,0.0,1.058,1.058,auto_accept,data/banks/foreground/glass_breaking/fsd50k_glass_breaking_386c18ba.wav
fsd50k_glass_breaking_38b39575,glass_breaking,fsd50k,0.0,0.668,0.668,auto_accept,data/banks/foreground/glass_breaking/fsd50k_glass_breaking_38b39575.wav
fsd50k_glass_breaking_38e38f9d,glass_breaking,fsd50k,0.22,1.7,1.48,auto_accept,data/banks/foreground/glass_breaking/fsd50k_glass_breaking_38e38f9d.wav
fsd50k_glass_breaking_39f96c9f,glass_breaking,fsd50k,1.499,2.978,1.479,auto_accept,data/banks/foreground/glass_breaking/fsd50k_glass_breaking_39f96c9f.wav
fsd50k_glass_breaking_3a35f7ba,glass_breaking,fsd50k,0.0,0.732,0.732,auto_accept,data/banks/foreground/glass_breaking/fsd50k_glass_breaking_3a35f7ba.wav
fsd50k_glass_breaking_3dd286a9,glass_breaking,fsd50k,0.0,1.376,1.376,auto_accept,data/banks/foreground/glass_breaking/fsd50k_glass_breaking_3dd286a9.wav
fsd50k_glass_breaking_3e5c40c3,glass_breaking,fsd50k,0.858,2.334,1.476,auto_accept,data/banks/foreground/glass_breaking/fsd50k_glass_breaking_3e5c40c3.wav
fsd50k_glass_breaking_41803d4f,glass_breaking,fsd50k,0.0,1.057,1.057,auto_accept,data/banks/foreground/glass_breaking/fsd50k_glass_breaking_41803d4f.wav
fsd50k_glass_breaking_41931382,glass_breaking,fsd50k,0.0,1.057,1.057,auto_accept,data/banks/foreground/glass_breaking/fsd50k_glass_breaking_41931382.wav
fsd50k_glass_breaking_41ac7cf2,glass_breaking,fsd50k,0.0,1.058,1.058,auto_accept,data/banks/foreground/glass_breaking/fsd50k_glass_breaking_41ac7cf2.wav
fsd50k_glass_breaking_440c6ce1,glass_breaking,fsd50k,0.0,0.645,0.645,auto_accept,data/banks/foreground/glass_breaking/fsd50k_glass_breaking_440c6ce1.wav
fsd50k_glass_breaking_45c6f62e,glass_breaking,fsd50k,0.0,1.148,1.148,auto_accept,data/banks/foreground/glass_breaking/fsd50k_glass_breaking_45c6f62e.wav
fsd50k_glass_breaking_465c57ba,glass_breaking,fsd50k,0.0,1.058,1.058,auto_accept,data/banks/foreground/glass_breaking/fsd50k_glass_breaking_465c57ba.wav
fsd50k_glass_breaking_46934261,glass_breaking,fsd50k,0.219,2.336,2.117,auto_accept,data/banks/foreground/glass_breaking/fsd50k_glass_breaking_46934261.wav
fsd50k_glass_breaking_474a38a6,glass_breaking,fsd50k,0.219,1.377,1.158,auto_accept,data/banks/foreground/glass_breaking/fsd50k_glass_breaking_474a38a6.wav
fsd50k_glass_breaking_477db523,glass_breaking,fsd50k,0.539,2.017,1.478,auto_accept,data/banks/foreground/glass_breaking/fsd50k_glass_breaking_477db523.wav
fsd50k_glass_breaking_49808ae5,glass_breaking,fsd50k,0.538,2.014,1.476,auto_accept,data/banks/foreground/glass_breaking/fsd50k_glass_breaking_49808ae5.wav
fsd50k_glass_breaking_49cf00e5,glass_breaking,fsd50k,5.018,6.497,1.479,auto_accept,data/banks/foreground/glass_breaking/fsd50k_glass_breaking_49cf00e5.wav
fsd50k_glass_breaking_4a106219,glass_breaking,fsd50k,0.0,1.379,1.379,auto_accept,data/banks/foreground/glass_breaking/fsd50k_glass_breaking_4a106219.wav
fsd50k_glass_breaking_515eff81,glass_breaking,fsd50k,0.54,2.019,1.479,auto_accept,data/banks/foreground/glass_breaking/fsd50k_glass_breaking_515eff81.wav
fsd50k_glass_breaking_519339be,glass_breaking,fsd50k,0.0,1.378,1.378,auto_accept,data/banks/foreground/glass_breaking/fsd50k_glass_breaking_519339be.wav
fsd50k_glass_breaking_5243659c,glass_breaking,fsd50k,0.0,1.167,1.167,auto_accept,data/banks/foreground/glass_breaking/fsd50k_glass_breaking_5243659c.wav
fsd50k_glass_breaking_579a79a1,glass_breaking,fsd50k,0.0,1.378,1.378,auto_accept,data/banks/foreground/glass_breaking/fsd50k_glass_breaking_579a79a1.wav
fsd50k_glass_breaking_57effb69,glass_breaking,fsd50k,1.818,3.616,1.798,auto_accept,data/banks/foreground/glass_breaking/fsd50k_glass_breaking_57effb69.wav
fsd50k_glass_breaking_58c4180d,glass_breaking,fsd50k,0.0,0.737,0.737,auto_accept,data/banks/foreground/glass_breaking/fsd50k_glass_breaking_58c4180d.wav
fsd50k_glass_breaking_5c0a39c7,glass_breaking,fsd50k,0.0,1.059,1.059,auto_accept,data/banks/foreground/glass_breaking/fsd50k_glass_breaking_5c0a39c7.wav
fsd50k_glass_breaking_5c825d3c,glass_breaking,fsd50k,0.54,2.02,1.48,auto_accept,data/banks/foreground/glass_breaking/fsd50k_glass_breaking_5c825d3c.wav
fsd50k_glass_breaking_5d1324f0,glass_breaking,fsd50k,0.0,1.103,1.103,auto_accept,data/banks/foreground/glass_breaking/fsd50k_glass_breaking_5d1324f0.wav
fsd50k_glass_breaking_5d746713,glass_breaking,fsd50k,0.0,1.059,1.059,auto_accept,data/banks/foreground/glass_breaking/fsd50k_glass_breaking_5d746713.wav
fsd50k_glass_breaking_5db8600e,glass_breaking,fsd50k,0.539,2.016,1.477,auto_accept,data/banks/foreground/glass_breaking/fsd50k_glass_breaking_5db8600e.wav
fsd50k_glass_breaking_61464e63,glass_breaking,fsd50k,0.0,1.058,1.058,auto_accept,data/banks/foreground/glass_breaking/fsd50k_glass_breaking_61464e63.wav
fsd50k_glass_breaking_62079d22,glass_breaking,fsd50k,1.499,2.979,1.48,auto_accept,data/banks/foreground/glass_breaking/fsd50k_glass_breaking_62079d22.wav
fsd50k_glass_breaking_632d9dec,glass_breaking,fsd50k,0.0,1.376,1.376,auto_accept,data/banks/foreground/glass_breaking/fsd50k_glass_breaking_632d9dec.wav
fsd50k_glass_breaking_63e17c26,glass_breaking,fsd50k,1.499,2.978,1.479,auto_accept,data/banks/foreground/glass_breaking/fsd50k_glass_breaking_63e17c26.wav
fsd50k_glass_breaking_656f75a2,glass_breaking,fsd50k,0.0,0.589,0.589,auto_accept,data/banks/foreground/glass_breaking/fsd50k_glass_breaking_656f75a2.wav
fsd50k_glass_breaking_679137f8,glass_breaking,fsd50k,0.219,1.375,1.156,auto_accept,data/banks/foreground/glass_breaking/fsd50k_glass_breaking_679137f8.wav
fsd50k_glass_breaking_687581e0,glass_breaking,fsd50k,0.0,0.362,0.362,auto_accept,data/banks/foreground/glass_breaking/fsd50k_glass_breaking_687581e0.wav
fsd50k_glass_breaking_68fd1ca0,glass_breaking,fsd50k,0.0,1.056,1.056,auto_accept,data/banks/foreground/glass_breaking/fsd50k_glass_breaking_68fd1ca0.wav
fsd50k_glass_breaking_693cd96d,glass_breaking,fsd50k,0.0,0.963,0.963,auto_accept,data/banks/foreground/glass_breaking/fsd50k_glass_breaking_693cd96d.wav
fsd50k_glass_breaking_6c1ffa0c,glass_breaking,fsd50k,0.0,1.059,1.059,auto_accept,data/banks/foreground/glass_breaking/fsd50k_glass_breaking_6c1ffa0c.wav
fsd50k_glass_breaking_6d5c7c6d,glass_breaking,fsd50k,0.0,1.697,1.697,auto_accept,data/banks/foreground/glass_breaking/fsd50k_glass_breaking_6d5c7c6d.wav
fsd50k_glass_breaking_6f54e4a9,glass_breaking,fsd50k,0.0,1.057,1.057,auto_accept,data/banks/foreground/glass_breaking/fsd50k_glass_breaking_6f54e4a9.wav
fsd50k_glass_breaking_6fc2b06c,glass_breaking,fsd50k,3.099,4.579,1.48,auto_accept,data/banks/foreground/glass_breaking/fsd50k_glass_breaking_6fc2b06c.wav
fsd50k_glass_breaking_705203f2,glass_breaking,fsd50k,0.0,1.06,1.06,auto_accept,data/banks/foreground/glass_breaking/fsd50k_glass_breaking_705203f2.wav
fsd50k_glass_breaking_7149bc90,glass_breaking,fsd50k,0.0,0.919,0.919,auto_accept,data/banks/foreground/glass_breaking/fsd50k_glass_breaking_7149bc90.wav
fsd50k_glass_breaking_724552ce,glass_breaking,fsd50k,4.058,10.015,5.957,auto_accept,data/banks/foreground/glass_breaking/fsd50k_glass_breaking_724552ce.wav
fsd50k_glass_breaking_7426c80b,glass_breaking,fsd50k,0.0,1.108,1.108,auto_accept,data/banks/foreground/glass_breaking/fsd50k_glass_breaking_7426c80b.wav
fsd50k_glass_breaking_74403558,glass_breaking,fsd50k,0.0,1.463,1.463,auto_accept,data/banks/foreground/glass_breaking/fsd50k_glass_breaking_74403558.wav
fsd50k_glass_breaking_7507c93e,glass_breaking,fsd50k,0.219,1.697,1.478,auto_accept,data/banks/foreground/glass_breaking/fsd50k_glass_breaking_7507c93e.wav
fsd50k_glass_breaking_75ec52f0,glass_breaking,fsd50k,0.54,2.339,1.799,auto_accept,data/banks/foreground/glass_breaking/fsd50k_glass_breaking_75ec52f0.wav
fsd50k_glass_breaking_777c8aa0,glass_breaking,fsd50k,0.22,1.698,1.478,auto_accept,data/banks/foreground/glass_breaking/fsd50k_glass_breaking_777c8aa0.wav
fsd50k_glass_breaking_77a1ec8b,glass_breaking,fsd50k,0.0,0.479,0.479,auto_accept,data/banks/foreground/glass_breaking/fsd50k_glass_breaking_77a1ec8b.wav
fsd50k_glass_breaking_78583439,glass_breaking,fsd50k,16.218,18.977,2.759,auto_accept,data/banks/foreground/glass_breaking/fsd50k_glass_breaking_78583439.wav
fsd50k_glass_breaking_786f0e77,glass_breaking,fsd50k,0.0,1.06,1.06,auto_accept,data/banks/foreground/glass_breaking/fsd50k_glass_breaking_786f0e77.wav
fsd50k_glass_breaking_78f2b553,glass_breaking,fsd50k,2.458,3.937,1.479,auto_accept,data/banks/foreground/glass_breaking/fsd50k_glass_breaking_78f2b553.wav
fsd50k_glass_breaking_79fa04c4,glass_breaking,fsd50k,0.0,1.06,1.06,auto_accept,data/banks/foreground/glass_breaking/fsd50k_glass_breaking_79fa04c4.wav
fsd50k_glass_breaking_7aa35ed2,glass_breaking,fsd50k,0.219,2.017,1.798,auto_accept,data/banks/foreground/glass_breaking/fsd50k_glass_breaking_7aa35ed2.wav
fsd50k_glass_breaking_7cd53752,glass_breaking,fsd50k,0.22,2.018,1.798,auto_accept,data/banks/foreground/glass_breaking/fsd50k_glass_breaking_7cd53752.wav
fsd50k_glass_breaking_7ddcca95,glass_breaking,fsd50k,1.179,2.339,1.16,auto_accept,data/banks/foreground/glass_breaking/fsd50k_glass_breaking_7ddcca95.wav
fsd50k_glass_breaking_7ea5d228,glass_breaking,fsd50k,0.0,1.057,1.057,auto_accept,data/banks/foreground/glass_breaking/fsd50k_glass_breaking_7ea5d228.wav
fsd50k_glass_breaking_7fa083ea,glass_breaking,fsd50k,0.0,1.699,1.699,auto_accept,data/banks/foreground/glass_breaking/fsd50k_glass_breaking_7fa083ea.wav
fsd50k_glass_breaking_816df303,glass_breaking,fsd50k,0.0,1.535,1.535,auto_accept,data/banks/foreground/glass_breaking/fsd50k_glass_breaking_816df303.wav
fsd50k_glass_breaking_81cb0a86,glass_breaking,fsd50k,0.0,1.057,1.057,auto_accept,data/banks/foreground/glass_breaking/fsd50k_glass_breaking_81cb0a86.wav
fsd50k_glass_breaking_81d27b89,glass_breaking,fsd50k,0.0,1.376,1.376,auto_accept,data/banks/foreground/glass_breaking/fsd50k_glass_breaking_81d27b89.wav
fsd50k_glass_breaking_82621d84,glass_breaking,fsd50k,2.136,3.344,1.208,auto_accept,data/banks/foreground/glass_breaking/fsd50k_glass_breaking_82621d84.wav
fsd50k_glass_breaking_82e79c1a,glass_breaking,fsd50k,0.0,0.4,0.4,auto_accept,data/banks/foreground/glass_breaking/fsd50k_glass_breaking_82e79c1a.wav
fsd50k_glass_breaking_82ebf851,glass_breaking,fsd50k,0.0,1.38,1.38,auto_accept,data/banks/foreground/glass_breaking/fsd50k_glass_breaking_82ebf851.wav
fsd50k_glass_breaking_82f9beb7,glass_breaking,fsd50k,2.458,3.937,1.479,auto_accept,data/banks/foreground/glass_breaking/fsd50k_glass_breaking_82f9beb7.wav
fsd50k_glass_breaking_84a6d3b1,glass_breaking,fsd50k,0.0,1.123,1.123,auto_accept,data/banks/foreground/glass_breaking/fsd50k_glass_breaking_84a6d3b1.wav
fsd50k_glass_breaking_8820c311,glass_breaking,fsd50k,0.0,0.34,0.34,auto_accept,data/banks/foreground/glass_breaking/fsd50k_glass_breaking_8820c311.wav
fsd50k_glass_breaking_8c0016e4,glass_breaking,fsd50k,0.0,1.378,1.378,auto_accept,data/banks/foreground/glass_breaking/fsd50k_glass_breaking_8c0016e4.wav
fsd50k_glass_breaking_8d494935,glass_breaking,fsd50k,0.0,1.061,1.061,auto_accept,data/banks/foreground/glass_breaking/fsd50k_glass_breaking_8d494935.wav
fsd50k_glass_breaking_8d552fc1,glass_breaking,fsd50k,0.538,2.334,1.796,auto_accept,data/banks/foreground/glass_breaking/fsd50k_glass_breaking_8d552fc1.wav
fsd50k_glass_breaking_8ef7bb91,glass_breaking,fsd50k,0.0,0.593,0.593,auto_accept,data/banks/foreground/glass_breaking/fsd50k_glass_breaking_8ef7bb91.wav
fsd50k_glass_breaking_8f989119,glass_breaking,fsd50k,0.0,2.019,2.019,auto_accept,data/banks/foreground/glass_breaking/fsd50k_glass_breaking_8f989119.wav
fsd50k_glass_breaking_9118f5df,glass_breaking,fsd50k,0.219,1.695,1.476,auto_accept,data/banks/foreground/glass_breaking/fsd50k_glass_breaking_9118f5df.wav
fsd50k_glass_breaking_94271727,glass_breaking,fsd50k,9.178,10.658,1.48,auto_accept,data/banks/foreground/glass_breaking/fsd50k_glass_breaking_94271727.wav
fsd50k_glass_breaking_9795773f,glass_breaking,fsd50k,5.98,7.459,1.479,auto_accept,data/banks/foreground/glass_breaking/fsd50k_glass_breaking_9795773f.wav
fsd50k_glass_breaking_97f0b2d9,glass_breaking,fsd50k,0.0,1.376,1.376,auto_accept,data/banks/foreground/glass_breaking/fsd50k_glass_breaking_97f0b2d9.wav
fsd50k_glass_breaking_981e4e66,glass_breaking,fsd50k,1.818,2.977,1.159,auto_accept,data/banks/foreground/glass_breaking/fsd50k_glass_breaking_981e4e66.wav
fsd50k_glass_breaking_986e4bdc,glass_breaking,fsd50k,0.22,1.379,1.159,auto_accept,data/banks/foreground/glass_breaking/fsd50k_glass_breaking_986e4bdc.wav
fsd50k_glass_breaking_992e3d23,glass_breaking,fsd50k,1.176,2.332,1.156,auto_accept,data/banks/foreground/glass_breaking/fsd50k_glass_breaking_992e3d23.wav
fsd50k_glass_breaking_99ab1989,glass_breaking,fsd50k,0.0,0.677,0.677,auto_accept,data/banks/foreground/glass_breaking/fsd50k_glass_breaking_99ab1989.wav
fsd50k_glass_breaking_9ba866f6,glass_breaking,fsd50k,0.539,3.616,3.077,auto_accept,data/banks/foreground/glass_breaking/fsd50k_glass_breaking_9ba866f6.wav
fsd50k_glass_breaking_9e330f1e,glass_breaking,fsd50k,0.539,2.336,1.797,auto_accept,data/banks/foreground/glass_breaking/fsd50k_glass_breaking_9e330f1e.wav
fsd50k_glass_breaking_9e70cad3,glass_breaking,fsd50k,0.0,0.476,0.476,auto_accept,data/banks/foreground/glass_breaking/fsd50k_glass_breaking_9e70cad3.wav
fsd50k_glass_breaking_9eb3f2eb,glass_breaking,fsd50k,0.0,1.086,1.086,auto_accept,data/banks/foreground/glass_breaking/fsd50k_glass_breaking_9eb3f2eb.wav
fsd50k_glass_breaking_9ebdc3d3,glass_breaking,fsd50k,0.217,1.01,0.793,auto_accept,data/banks/foreground/glass_breaking/fsd50k_glass_breaking_9ebdc3d3.wav
fsd50k_glass_breaking_9f19f489,glass_breaking,fsd50k,0.0,1.058,1.058,auto_accept,data/banks/foreground/glass_breaking/fsd50k_glass_breaking_9f19f489.wav
fsd50k_glass_breaking_9f606e48,glass_breaking,fsd50k,0.0,0.474,0.474,auto_accept,data/banks/foreground/glass_breaking/fsd50k_glass_breaking_9f606e48.wav
fsd50k_glass_breaking_a1090c31,glass_breaking,fsd50k,4.7,5.86,1.16,auto_accept,data/banks/foreground/glass_breaking/fsd50k_glass_breaking_a1090c31.wav
fsd50k_glass_breaking_a1371bc4,glass_breaking,fsd50k,0.539,2.016,1.477,auto_accept,data/banks/foreground/glass_breaking/fsd50k_glass_breaking_a1371bc4.wav
fsd50k_glass_breaking_a19d9ef9,glass_breaking,fsd50k,0.0,1.059,1.059,auto_accept,data/banks/foreground/glass_breaking/fsd50k_glass_breaking_a19d9ef9.wav
fsd50k_glass_breaking_a7ef01c6,glass_breaking,fsd50k,0.22,1.38,1.16,auto_accept,data/banks/foreground/glass_breaking/fsd50k_glass_breaking_a7ef01c6.wav
fsd50k_glass_breaking_a9f79313,glass_breaking,fsd50k,18.458,19.938,1.48,auto_accept,data/banks/foreground/glass_breaking/fsd50k_glass_breaking_a9f79313.wav
fsd50k_glass_breaking_aa0f6be1,glass_breaking,fsd50k,0.0,0.736,0.736,auto_accept,data/banks/foreground/glass_breaking/fsd50k_glass_breaking_aa0f6be1.wav
fsd50k_glass_breaking_aa9e7840,glass_breaking,fsd50k,0.0,2.338,2.338,auto_accept,data/banks/foreground/glass_breaking/fsd50k_glass_breaking_aa9e7840.wav
fsd50k_glass_breaking_ab600b92,glass_breaking,fsd50k,0.0,1.201,1.201,auto_accept,data/banks/foreground/glass_breaking/fsd50k_glass_breaking_ab600b92.wav
fsd50k_glass_breaking_ad919cef,glass_breaking,fsd50k,0.0,1.055,1.055,auto_accept,data/banks/foreground/glass_breaking/fsd50k_glass_breaking_ad919cef.wav
fsd50k_glass_breaking_ae71af79,glass_breaking,fsd50k,0.0,1.058,1.058,auto_accept,data/banks/foreground/glass_breaking/fsd50k_glass_breaking_ae71af79.wav
fsd50k_glass_breaking_b2f39c91,glass_breaking,fsd50k,0.0,0.412,0.412,auto_accept,data/banks/foreground/glass_breaking/fsd50k_glass_breaking_b2f39c91.wav
fsd50k_glass_breaking_b2fce049,glass_breaking,fsd50k,0.0,0.735,0.735,auto_accept,data/banks/foreground/glass_breaking/fsd50k_glass_breaking_b2fce049.wav
fsd50k_glass_breaking_b3fe7c89,glass_breaking,fsd50k,0.0,1.059,1.059,auto_accept,data/banks/foreground/glass_breaking/fsd50k_glass_breaking_b3fe7c89.wav
fsd50k_glass_breaking_b4556695,glass_breaking,fsd50k,0.0,0.734,0.734,auto_accept,data/banks/foreground/glass_breaking/fsd50k_glass_breaking_b4556695.wav
fsd50k_glass_breaking_b6fdc547,glass_breaking,fsd50k,0.0,0.837,0.837,auto_accept,data/banks/foreground/glass_breaking/fsd50k_glass_breaking_b6fdc547.wav
fsd50k_glass_breaking_b8b2303c,glass_breaking,fsd50k,0.0,0.624,0.624,auto_accept,data/banks/foreground/glass_breaking/fsd50k_glass_breaking_b8b2303c.wav
fsd50k_glass_breaking_b900bc1f,glass_breaking,fsd50k,0.0,1.378,1.378,auto_accept,data/banks/foreground/glass_breaking/fsd50k_glass_breaking_b900bc1f.wav
fsd50k_glass_breaking_ba3b391a,glass_breaking,fsd50k,0.22,1.38,1.16,auto_accept,data/banks/foreground/glass_breaking/fsd50k_glass_breaking_ba3b391a.wav
fsd50k_glass_breaking_ba52a822,glass_breaking,fsd50k,0.0,1.515,1.515,auto_accept,data/banks/foreground/glass_breaking/fsd50k_glass_breaking_ba52a822.wav
fsd50k_glass_breaking_ba99bc78,glass_breaking,fsd50k,0.0,1.378,1.378,auto_accept,data/banks/foreground/glass_breaking/fsd50k_glass_breaking_ba99bc78.wav
fsd50k_glass_breaking_c08ea42d,glass_breaking,fsd50k,0.0,1.058,1.058,auto_accept,data/banks/foreground/glass_breaking/fsd50k_glass_breaking_c08ea42d.wav
fsd50k_glass_breaking_c4926a80,glass_breaking,fsd50k,2.14,3.62,1.48,auto_accept,data/banks/foreground/glass_breaking/fsd50k_glass_breaking_c4926a80.wav
fsd50k_glass_breaking_c5dab96d,glass_breaking,fsd50k,1.497,2.974,1.477,auto_accept,data/banks/foreground/glass_breaking/fsd50k_glass_breaking_c5dab96d.wav
fsd50k_glass_breaking_c6966286,glass_breaking,fsd50k,1.177,2.655,1.478,auto_accept,data/banks/foreground/glass_breaking/fsd50k_glass_breaking_c6966286.wav
fsd50k_glass_breaking_c69c6280,glass_breaking,fsd50k,0.0,0.437,0.437,auto_accept,data/banks/foreground/glass_breaking/fsd50k_glass_breaking_c69c6280.wav
fsd50k_glass_breaking_c74533c4,glass_breaking,fsd50k,0.0,0.731,0.731,auto_accept,data/banks/foreground/glass_breaking/fsd50k_glass_breaking_c74533c4.wav
fsd50k_glass_breaking_c912d3aa,glass_breaking,fsd50k,0.0,1.38,1.38,auto_accept,data/banks/foreground/glass_breaking/fsd50k_glass_breaking_c912d3aa.wav
fsd50k_glass_breaking_c9ca6a2e,glass_breaking,fsd50k,0.0,1.378,1.378,auto_accept,data/banks/foreground/glass_breaking/fsd50k_glass_breaking_c9ca6a2e.wav
fsd50k_glass_breaking_cddd9ec1,glass_breaking,fsd50k,0.0,1.375,1.375,auto_accept,data/banks/foreground/glass_breaking/fsd50k_glass_breaking_cddd9ec1.wav
fsd50k_glass_breaking_d029f243,glass_breaking,fsd50k,0.859,2.018,1.159,auto_accept,data/banks/foreground/glass_breaking/fsd50k_glass_breaking_d029f243.wav
fsd50k_glass_breaking_d4c1558a,glass_breaking,fsd50k,0.0,1.378,1.378,auto_accept,data/banks/foreground/glass_breaking/fsd50k_glass_breaking_d4c1558a.wav
fsd50k_glass_breaking_d5ce0a25,glass_breaking,fsd50k,0.0,1.059,1.059,auto_accept,data/banks/foreground/glass_breaking/fsd50k_glass_breaking_d5ce0a25.wav
fsd50k_glass_breaking_d6985599,glass_breaking,fsd50k,0.0,1.385,1.385,auto_accept,data/banks/foreground/glass_breaking/fsd50k_glass_breaking_d6985599.wav
fsd50k_glass_breaking_db272cec,glass_breaking,fsd50k,0.0,1.06,1.06,auto_accept,data/banks/foreground/glass_breaking/fsd50k_glass_breaking_db272cec.wav
fsd50k_glass_breaking_dc9a4d58,glass_breaking,fsd50k,0.0,0.737,0.737,auto_accept,data/banks/foreground/glass_breaking/fsd50k_glass_breaking_dc9a4d58.wav
fsd50k_glass_breaking_de6bb061,glass_breaking,fsd50k,0.22,1.379,1.159,auto_accept,data/banks/foreground/glass_breaking/fsd50k_glass_breaking_de6bb061.wav
fsd50k_glass_breaking_dec89242,glass_breaking,fsd50k,0.0,1.0,1.0,auto_accept,data/banks/foreground/glass_breaking/fsd50k_glass_breaking_dec89242.wav
fsd50k_glass_breaking_df851214,glass_breaking,fsd50k,0.0,0.4,0.4,auto_accept,data/banks/foreground/glass_breaking/fsd50k_glass_breaking_df851214.wav
fsd50k_glass_breaking_e0ac552c,glass_breaking,fsd50k,0.22,1.699,1.479,auto_accept,data/banks/foreground/glass_breaking/fsd50k_glass_breaking_e0ac552c.wav
fsd50k_glass_breaking_e1c0ef43,glass_breaking,fsd50k,0.0,0.733,0.733,auto_accept,data/banks/foreground/glass_breaking/fsd50k_glass_breaking_e1c0ef43.wav
fsd50k_glass_breaking_e20786f6,glass_breaking,fsd50k,0.0,0.739,0.739,auto_accept,data/banks/foreground/glass_breaking/fsd50k_glass_breaking_e20786f6.wav
fsd50k_glass_breaking_e27d8714,glass_breaking,fsd50k,0.0,1.377,1.377,auto_accept,data/banks/foreground/glass_breaking/fsd50k_glass_breaking_e27d8714.wav
fsd50k_glass_breaking_e2910aef,glass_breaking,fsd50k,0.219,1.695,1.476,auto_accept,data/banks/foreground/glass_breaking/fsd50k_glass_breaking_e2910aef.wav
fsd50k_glass_breaking_e4b2079a,glass_breaking,fsd50k,1.179,2.657,1.478,auto_accept,data/banks/foreground/glass_breaking/fsd50k_glass_breaking_e4b2079a.wav
fsd50k_glass_breaking_e6f0babe,glass_breaking,fsd50k,0.0,0.487,0.487,auto_accept,data/banks/foreground/glass_breaking/fsd50k_glass_breaking_e6f0babe.wav
fsd50k_glass_breaking_eaf5d0ce,glass_breaking,fsd50k,0.54,1.7,1.16,auto_accept,data/banks/foreground/glass_breaking/fsd50k_glass_breaking_eaf5d0ce.wav
fsd50k_glass_breaking_eb3c3704,glass_breaking,fsd50k,0.0,1.697,1.697,auto_accept,data/banks/foreground/glass_breaking/fsd50k_glass_breaking_eb3c3704.wav
fsd50k_glass_breaking_ecc10d14,glass_breaking,fsd50k,0.0,1.059,1.059,auto_accept,data/banks/foreground/glass_breaking/fsd50k_glass_breaking_ecc10d14.wav
fsd50k_glass_breaking_edaf2320,glass_breaking,fsd50k,0.0,1.033,1.033,auto_accept,data/banks/foreground/glass_breaking/fsd50k_glass_breaking_edaf2320.wav
fsd50k_glass_breaking_edc7a556,glass_breaking,fsd50k,0.0,1.696,1.696,auto_accept,data/banks/foreground/glass_breaking/fsd50k_glass_breaking_edc7a556.wav
fsd50k_glass_breaking_ee0b0d1d,glass_breaking,fsd50k,0.0,2.017,2.017,auto_accept,data/banks/foreground/glass_breaking/fsd50k_glass_breaking_ee0b0d1d.wav
fsd50k_glass_breaking_f01bc033,glass_breaking,fsd50k,0.22,1.7,1.48,auto_accept,data/banks/foreground/glass_breaking/fsd50k_glass_breaking_f01bc033.wav
fsd50k_glass_breaking_f0dcb87a,glass_breaking,fsd50k,0.0,1.378,1.378,auto_accept,data/banks/foreground/glass_breaking/fsd50k_glass_breaking_f0dcb87a.wav
fsd50k_glass_breaking_f177d009,glass_breaking,fsd50k,0.0,0.768,0.768,auto_accept,data/banks/foreground/glass_breaking/fsd50k_glass_breaking_f177d009.wav
fsd50k_glass_breaking_f26e3931,glass_breaking,fsd50k,3.414,5.212,1.798,auto_accept,data/banks/foreground/glass_breaking/fsd50k_glass_breaking_f26e3931.wav
fsd50k_glass_breaking_f36fde75,glass_breaking,fsd50k,0.0,1.059,1.059,auto_accept,data/banks/foreground/glass_breaking/fsd50k_glass_breaking_f36fde75.wav
fsd50k_glass_breaking_f3bb5499,glass_breaking,fsd50k,0.0,2.336,2.336,auto_accept,data/banks/foreground/glass_breaking/fsd50k_glass_breaking_f3bb5499.wav
fsd50k_glass_breaking_f4464966,glass_breaking,fsd50k,0.22,2.019,1.799,auto_accept,data/banks/foreground/glass_breaking/fsd50k_glass_breaking_f4464966.wav
fsd50k_glass_breaking_f46a15a2,glass_breaking,fsd50k,12.38,13.54,1.16,auto_accept,data/banks/foreground/glass_breaking/fsd50k_glass_breaking_f46a15a2.wav
fsd50k_glass_breaking_f4baad4c,glass_breaking,fsd50k,1.497,2.974,1.477,auto_accept,data/banks/foreground/glass_breaking/fsd50k_glass_breaking_f4baad4c.wav
fsd50k_glass_breaking_f57f96e6,glass_breaking,fsd50k,0.0,1.38,1.38,auto_accept,data/banks/foreground/glass_breaking/fsd50k_glass_breaking_f57f96e6.wav
fsd50k_glass_breaking_f658fff8,glass_breaking,fsd50k,0.0,0.425,0.425,auto_accept,data/banks/foreground/glass_breaking/fsd50k_glass_breaking_f658fff8.wav
fsd50k_glass_breaking_f67c46af,glass_breaking,fsd50k,0.0,1.06,1.06,auto_accept,data/banks/foreground/glass_breaking/fsd50k_glass_breaking_f67c46af.wav
fsd50k_glass_breaking_f817df24,glass_breaking,fsd50k,0.0,1.058,1.058,auto_accept,data/banks/foreground/glass_breaking/fsd50k_glass_breaking_f817df24.wav
fsd50k_glass_breaking_f83cafb4,glass_breaking,fsd50k,0.0,0.74,0.74,auto_accept,data/banks/foreground/glass_breaking/fsd50k_glass_breaking_f83cafb4.wav
fsd50k_glass_breaking_f876fa63,glass_breaking,fsd50k,1.178,3.615,2.437,auto_accept,data/banks/foreground/glass_breaking/fsd50k_glass_breaking_f876fa63.wav
fsd50k_glass_breaking_f92e57d0,glass_breaking,fsd50k,0.0,0.481,0.481,auto_accept,data/banks/foreground/glass_breaking/fsd50k_glass_breaking_f92e57d0.wav
fsd50k_glass_breaking_f93c67ad,glass_breaking,fsd50k,2.776,5.212,2.436,auto_accept,data/banks/foreground/glass_breaking/fsd50k_glass_breaking_f93c67ad.wav
fsd50k_glass_breaking_f9c1a594,glass_breaking,fsd50k,0.858,2.016,1.158,auto_accept,data/banks/foreground/glass_breaking/fsd50k_glass_breaking_f9c1a594.wav
fsd50k_glass_breaking_fb142f50,glass_breaking,fsd50k,0.0,1.06,1.06,auto_accept,data/banks/foreground/glass_breaking/fsd50k_glass_breaking_fb142f50.wav
fsd50k_glass_breaking_fb8da0a9,glass_breaking,fsd50k,0.0,1.437,1.437,auto_accept,data/banks/foreground/glass_breaking/fsd50k_glass_breaking_fb8da0a9.wav
fsd50k_glass_breaking_fd26b936,glass_breaking,fsd50k,1.18,6.179,4.999,auto_accept,data/banks/foreground/glass_breaking/fsd50k_glass_breaking_fd26b936.wav
fsd50k_gunshot_02d85695,gunshot,fsd50k,0.538,2.973,2.435,auto_accept,data/banks/foreground/gunshot/fsd50k_gunshot_02d85695.wav
fsd50k_gunshot_05462c09,gunshot,fsd50k,0.0,1.379,1.379,auto_accept,data/banks/foreground/gunshot/fsd50k_gunshot_05462c09.wav
fsd50k_gunshot_11e13eb2,gunshot,fsd50k,0.0,1.377,1.377,auto_accept,data/banks/foreground/gunshot/fsd50k_gunshot_11e13eb2.wav
fsd50k_gunshot_1bcf4058,gunshot,fsd50k,0.0,0.335,0.335,auto_accept,data/banks/foreground/gunshot/fsd50k_gunshot_1bcf4058.wav
fsd50k_gunshot_2991012c,gunshot,fsd50k,0.0,1.056,1.056,auto_accept,data/banks/foreground/gunshot/fsd50k_gunshot_2991012c.wav
fsd50k_gunshot_2dfa8d7d,gunshot,fsd50k,0.0,0.426,0.426,auto_accept,data/banks/foreground/gunshot/fsd50k_gunshot_2dfa8d7d.wav
fsd50k_gunshot_324cc548,gunshot,fsd50k,0.0,1.697,1.697,auto_accept,data/banks/foreground/gunshot/fsd50k_gunshot_324cc548.wav
fsd50k_gunshot_336471e2,gunshot,fsd50k,0.22,2.657,2.437,auto_accept,data/banks/foreground/gunshot/fsd50k_gunshot_336471e2.wav
fsd50k_gunshot_34438f55,gunshot,fsd50k,0.0,0.424,0.424,auto_accept,data/banks/foreground/gunshot/fsd50k_gunshot_34438f55.wav
fsd50k_gunshot_3a006056,gunshot,fsd50k,0.0,3.937,3.937,auto_accept,data/banks/foreground/gunshot/fsd50k_gunshot_3a006056.wav
fsd50k_gunshot_3c3a3c8e,gunshot,fsd50k,0.0,1.057,1.057,auto_accept,data/banks/foreground/gunshot/fsd50k_gunshot_3c3a3c8e.wav
fsd50k_gunshot_3f21de2e,gunshot,fsd50k,0.0,1.097,1.097,auto_accept,data/banks/foreground/gunshot/fsd50k_gunshot_3f21de2e.wav
fsd50k_gunshot_42bec35a,gunshot,fsd50k,0.0,0.967,0.967,auto_accept,data/banks/foreground/gunshot/fsd50k_gunshot_42bec35a.wav
fsd50k_gunshot_48619192,gunshot,fsd50k,0.0,0.447,0.447,auto_accept,data/banks/foreground/gunshot/fsd50k_gunshot_48619192.wav
fsd50k_gunshot_4dc43062,gunshot,fsd50k,0.0,0.746,0.746,auto_accept,data/banks/foreground/gunshot/fsd50k_gunshot_4dc43062.wav
fsd50k_gunshot_4f3518e5,gunshot,fsd50k,1.817,2.906,1.089,auto_accept,data/banks/foreground/gunshot/fsd50k_gunshot_4f3518e5.wav
fsd50k_gunshot_4fef606e,gunshot,fsd50k,0.0,0.736,0.736,auto_accept,data/banks/foreground/gunshot/fsd50k_gunshot_4fef606e.wav
fsd50k_gunshot_53d38c21,gunshot,fsd50k,0.0,1.058,1.058,auto_accept,data/banks/foreground/gunshot/fsd50k_gunshot_53d38c21.wav
fsd50k_gunshot_560282f5,gunshot,fsd50k,0.0,1.603,1.603,auto_accept,data/banks/foreground/gunshot/fsd50k_gunshot_560282f5.wav
fsd50k_gunshot_596b74f0,gunshot,fsd50k,13.975,15.454,1.479,auto_accept,data/banks/foreground/gunshot/fsd50k_gunshot_596b74f0.wav
fsd50k_gunshot_5a6e7979,gunshot,fsd50k,0.0,0.74,0.74,auto_accept,data/banks/foreground/gunshot/fsd50k_gunshot_5a6e7979.wav
fsd50k_gunshot_5c4eabe3,gunshot,fsd50k,0.0,1.058,1.058,auto_accept,data/banks/foreground/gunshot/fsd50k_gunshot_5c4eabe3.wav
fsd50k_gunshot_5d1c2aec,gunshot,fsd50k,0.0,0.738,0.738,auto_accept,data/banks/foreground/gunshot/fsd50k_gunshot_5d1c2aec.wav
fsd50k_gunshot_60e894b9,gunshot,fsd50k,2.459,5.588,3.129,auto_accept,data/banks/foreground/gunshot/fsd50k_gunshot_60e894b9.wav
fsd50k_gunshot_6e00dd3d,gunshot,fsd50k,3.099,4.579,1.48,auto_accept,data/banks/foreground/gunshot/fsd50k_gunshot_6e00dd3d.wav
fsd50k_gunshot_743f5d45,gunshot,fsd50k,0.0,1.377,1.377,auto_accept,data/banks/foreground/gunshot/fsd50k_gunshot_743f5d45.wav
fsd50k_gunshot_765603e8,gunshot,fsd50k,0.218,2.03,1.812,auto_accept,data/banks/foreground/gunshot/fsd50k_gunshot_765603e8.wav
fsd50k_gunshot_770d2b37,gunshot,fsd50k,0.0,1.058,1.058,auto_accept,data/banks/foreground/gunshot/fsd50k_gunshot_770d2b37.wav
fsd50k_gunshot_87073300,gunshot,fsd50k,0.0,1.694,1.694,auto_accept,data/banks/foreground/gunshot/fsd50k_gunshot_87073300.wav
fsd50k_gunshot_8bb0d344,gunshot,fsd50k,3.417,4.576,1.159,auto_accept,data/banks/foreground/gunshot/fsd50k_gunshot_8bb0d344.wav
fsd50k_gunshot_8cea442c,gunshot,fsd50k,12.696,14.496,1.8,auto_accept,data/banks/foreground/gunshot/fsd50k_gunshot_8cea442c.wav
fsd50k_gunshot_915b007c,gunshot,fsd50k,0.0,1.993,1.993,auto_accept,data/banks/foreground/gunshot/fsd50k_gunshot_915b007c.wav
fsd50k_gunshot_9ddd35ad,gunshot,fsd50k,0.857,1.375,0.518,auto_accept,data/banks/foreground/gunshot/fsd50k_gunshot_9ddd35ad.wav
fsd50k_gunshot_9f37eda5,gunshot,fsd50k,0.0,1.058,1.058,auto_accept,data/banks/foreground/gunshot/fsd50k_gunshot_9f37eda5.wav
fsd50k_gunshot_a188ae5e,gunshot,fsd50k,0.0,0.739,0.739,auto_accept,data/banks/foreground/gunshot/fsd50k_gunshot_a188ae5e.wav
fsd50k_gunshot_a614a275,gunshot,fsd50k,0.0,0.842,0.842,auto_accept,data/banks/foreground/gunshot/fsd50k_gunshot_a614a275.wav
fsd50k_gunshot_a700eafa,gunshot,fsd50k,0.0,0.736,0.736,auto_accept,data/banks/foreground/gunshot/fsd50k_gunshot_a700eafa.wav
fsd50k_gunshot_b4cb9f8c,gunshot,fsd50k,0.0,1.379,1.379,auto_accept,data/banks/foreground/gunshot/fsd50k_gunshot_b4cb9f8c.wav
fsd50k_gunshot_b577e900,gunshot,fsd50k,0.0,1.379,1.379,auto_accept,data/banks/foreground/gunshot/fsd50k_gunshot_b577e900.wav
fsd50k_gunshot_b95a7beb,gunshot,fsd50k,5.336,6.815,1.479,auto_accept,data/banks/foreground/gunshot/fsd50k_gunshot_b95a7beb.wav
fsd50k_gunshot_b95bfbfb,gunshot,fsd50k,0.0,1.378,1.378,auto_accept,data/banks/foreground/gunshot/fsd50k_gunshot_b95bfbfb.wav
fsd50k_gunshot_bbd2f09a,gunshot,fsd50k,0.0,1.378,1.378,auto_accept,data/banks/foreground/gunshot/fsd50k_gunshot_bbd2f09a.wav
fsd50k_gunshot_bc23f2a4,gunshot,fsd50k,0.0,1.056,1.056,auto_accept,data/banks/foreground/gunshot/fsd50k_gunshot_bc23f2a4.wav
fsd50k_gunshot_c0e06869,gunshot,fsd50k,0.0,0.523,0.523,auto_accept,data/banks/foreground/gunshot/fsd50k_gunshot_c0e06869.wav
fsd50k_gunshot_cc6937a6,gunshot,fsd50k,0.0,0.732,0.732,auto_accept,data/banks/foreground/gunshot/fsd50k_gunshot_cc6937a6.wav
fsd50k_gunshot_cd17d071,gunshot,fsd50k,0.0,0.738,0.738,auto_accept,data/banks/foreground/gunshot/fsd50k_gunshot_cd17d071.wav
fsd50k_gunshot_cd45c35f,gunshot,fsd50k,0.0,1.988,1.988,auto_accept,data/banks/foreground/gunshot/fsd50k_gunshot_cd45c35f.wav
fsd50k_gunshot_cd540a91,gunshot,fsd50k,0.0,2.339,2.339,auto_accept,data/banks/foreground/gunshot/fsd50k_gunshot_cd540a91.wav
fsd50k_gunshot_d1862669,gunshot,fsd50k,0.0,0.542,0.542,auto_accept,data/banks/foreground/gunshot/fsd50k_gunshot_d1862669.wav
fsd50k_gunshot_da3999f4,gunshot,fsd50k,4.375,5.534,1.159,auto_accept,data/banks/foreground/gunshot/fsd50k_gunshot_da3999f4.wav
fsd50k_gunshot_df8520aa,gunshot,fsd50k,0.0,1.699,1.699,auto_accept,data/banks/foreground/gunshot/fsd50k_gunshot_df8520aa.wav
fsd50k_gunshot_ebb7081e,gunshot,fsd50k,0.218,1.851,1.633,auto_accept,data/banks/foreground/gunshot/fsd50k_gunshot_ebb7081e.wav
fsd50k_gunshot_fd5502e4,gunshot,fsd50k,0.0,1.06,1.06,auto_accept,data/banks/foreground/gunshot/fsd50k_gunshot_fd5502e4.wav
urbansound8k_gunshot_00515724,gunshot,urbansound8k,0.0,0.734,0.734,auto_accept,data/banks/foreground/gunshot/urbansound8k_gunshot_00515724.wav
urbansound8k_gunshot_04d45e12,gunshot,urbansound8k,0.0,0.83,0.83,auto_accept,data/banks/foreground/gunshot/urbansound8k_gunshot_04d45e12.wav
urbansound8k_gunshot_0709fcf4,gunshot,urbansound8k,0.0,0.737,0.737,auto_accept,data/banks/foreground/gunshot/urbansound8k_gunshot_0709fcf4.wav
urbansound8k_gunshot_0790162a,gunshot,urbansound8k,0.0,0.648,0.648,auto_accept,data/banks/foreground/gunshot/urbansound8k_gunshot_0790162a.wav
urbansound8k_gunshot_0e636a66,gunshot,urbansound8k,0.0,0.74,0.74,auto_accept,data/banks/foreground/gunshot/urbansound8k_gunshot_0e636a66.wav
urbansound8k_gunshot_0e85e5ce,gunshot,urbansound8k,0.0,1.19,1.19,auto_accept,data/banks/foreground/gunshot/urbansound8k_gunshot_0e85e5ce.wav
urbansound8k_gunshot_13c9455c,gunshot,urbansound8k,0.0,0.61,0.61,auto_accept,data/banks/foreground/gunshot/urbansound8k_gunshot_13c9455c.wav
urbansound8k_gunshot_173a3cb0,gunshot,urbansound8k,0.0,0.787,0.787,auto_accept,data/banks/foreground/gunshot/urbansound8k_gunshot_173a3cb0.wav
urbansound8k_gunshot_1ac2d81a,gunshot,urbansound8k,0.0,0.418,0.418,auto_accept,data/banks/foreground/gunshot/urbansound8k_gunshot_1ac2d81a.wav
urbansound8k_gunshot_1f62f014,gunshot,urbansound8k,0.0,1.057,1.057,auto_accept,data/banks/foreground/gunshot/urbansound8k_gunshot_1f62f014.wav
urbansound8k_gunshot_2569cdc6,gunshot,urbansound8k,0.0,1.06,1.06,auto_accept,data/banks/foreground/gunshot/urbansound8k_gunshot_2569cdc6.wav
urbansound8k_gunshot_27b2593e,gunshot,urbansound8k,0.0,1.059,1.059,auto_accept,data/banks/foreground/gunshot/urbansound8k_gunshot_27b2593e.wav
urbansound8k_gunshot_2b5f0043,gunshot,urbansound8k,0.0,1.06,1.06,auto_accept,data/banks/foreground/gunshot/urbansound8k_gunshot_2b5f0043.wav
urbansound8k_gunshot_33deb881,gunshot,urbansound8k,0.0,1.058,1.058,auto_accept,data/banks/foreground/gunshot/urbansound8k_gunshot_33deb881.wav
urbansound8k_gunshot_443126d0,gunshot,urbansound8k,0.0,1.227,1.227,auto_accept,data/banks/foreground/gunshot/urbansound8k_gunshot_443126d0.wav
urbansound8k_gunshot_49264f17,gunshot,urbansound8k,0.0,1.055,1.055,auto_accept,data/banks/foreground/gunshot/urbansound8k_gunshot_49264f17.wav
urbansound8k_gunshot_4c8ffdca,gunshot,urbansound8k,0.0,0.819,0.819,auto_accept,data/banks/foreground/gunshot/urbansound8k_gunshot_4c8ffdca.wav
urbansound8k_gunshot_54024f20,gunshot,urbansound8k,0.0,1.06,1.06,auto_accept,data/banks/foreground/gunshot/urbansound8k_gunshot_54024f20.wav
urbansound8k_gunshot_54a801d6,gunshot,urbansound8k,0.0,0.735,0.735,auto_accept,data/banks/foreground/gunshot/urbansound8k_gunshot_54a801d6.wav
urbansound8k_gunshot_56244958,gunshot,urbansound8k,0.0,0.74,0.74,auto_accept,data/banks/foreground/gunshot/urbansound8k_gunshot_56244958.wav
urbansound8k_gunshot_5778b80d,gunshot,urbansound8k,0.0,0.716,0.716,auto_accept,data/banks/foreground/gunshot/urbansound8k_gunshot_5778b80d.wav
urbansound8k_gunshot_589b0373,gunshot,urbansound8k,0.0,0.737,0.737,auto_accept,data/banks/foreground/gunshot/urbansound8k_gunshot_589b0373.wav
urbansound8k_gunshot_630026af,gunshot,urbansound8k,0.0,0.74,0.74,auto_accept,data/banks/foreground/gunshot/urbansound8k_gunshot_630026af.wav
urbansound8k_gunshot_6b654d58,gunshot,urbansound8k,0.0,1.052,1.052,auto_accept,data/banks/foreground/gunshot/urbansound8k_gunshot_6b654d58.wav
urbansound8k_gunshot_740df416,gunshot,urbansound8k,0.0,1.055,1.055,auto_accept,data/banks/foreground/gunshot/urbansound8k_gunshot_740df416.wav
urbansound8k_gunshot_7492b62e,gunshot,urbansound8k,0.0,0.739,0.739,auto_accept,data/banks/foreground/gunshot/urbansound8k_gunshot_7492b62e.wav
urbansound8k_gunshot_7612a223,gunshot,urbansound8k,0.0,1.378,1.378,auto_accept,data/banks/foreground/gunshot/urbansound8k_gunshot_7612a223.wav
urbansound8k_gunshot_77f16a3c,gunshot,urbansound8k,0.0,1.06,1.06,auto_accept,data/banks/foreground/gunshot/urbansound8k_gunshot_77f16a3c.wav
urbansound8k_gunshot_7938f9c5,gunshot,urbansound8k,0.0,1.058,1.058,auto_accept,data/banks/foreground/gunshot/urbansound8k_gunshot_7938f9c5.wav
urbansound8k_gunshot_7fe6e31f,gunshot,urbansound8k,0.0,0.736,0.736,auto_accept,data/banks/foreground/gunshot/urbansound8k_gunshot_7fe6e31f.wav
urbansound8k_gunshot_82a12153,gunshot,urbansound8k,0.0,1.054,1.054,auto_accept,data/banks/foreground/gunshot/urbansound8k_gunshot_82a12153.wav
urbansound8k_gunshot_87aff86c,gunshot,urbansound8k,0.0,0.409,0.409,auto_accept,data/banks/foreground/gunshot/urbansound8k_gunshot_87aff86c.wav
urbansound8k_gunshot_89d0be4a,gunshot,urbansound8k,0.0,0.733,0.733,auto_accept,data/banks/foreground/gunshot/urbansound8k_gunshot_89d0be4a.wav
urbansound8k_gunshot_8a3feb96,gunshot,urbansound8k,0.0,1.376,1.376,auto_accept,data/banks/foreground/gunshot/urbansound8k_gunshot_8a3feb96.wav
urbansound8k_gunshot_8c308630,gunshot,urbansound8k,0.0,0.727,0.727,auto_accept,data/banks/foreground/gunshot/urbansound8k_gunshot_8c308630.wav
urbansound8k_gunshot_91074b96,gunshot,urbansound8k,0.0,1.056,1.056,auto_accept,data/banks/foreground/gunshot/urbansound8k_gunshot_91074b96.wav
urbansound8k_gunshot_92ea5c33,gunshot,urbansound8k,0.0,0.731,0.731,auto_accept,data/banks/foreground/gunshot/urbansound8k_gunshot_92ea5c33.wav
urbansound8k_gunshot_94d70a9f,gunshot,urbansound8k,0.0,1.053,1.053,auto_accept,data/banks/foreground/gunshot/urbansound8k_gunshot_94d70a9f.wav
urbansound8k_gunshot_97116c01,gunshot,urbansound8k,0.0,0.735,0.735,auto_accept,data/banks/foreground/gunshot/urbansound8k_gunshot_97116c01.wav
urbansound8k_gunshot_975e0beb,gunshot,urbansound8k,0.0,1.379,1.379,auto_accept,data/banks/foreground/gunshot/urbansound8k_gunshot_975e0beb.wav
urbansound8k_gunshot_9c9e9e67,gunshot,urbansound8k,0.0,0.66,0.66,auto_accept,data/banks/foreground/gunshot/urbansound8k_gunshot_9c9e9e67.wav
urbansound8k_gunshot_9e484115,gunshot,urbansound8k,0.0,0.67,0.67,auto_accept,data/banks/foreground/gunshot/urbansound8k_gunshot_9e484115.wav
urbansound8k_gunshot_a2d83d3e,gunshot,urbansound8k,0.0,0.556,0.556,auto_accept,data/banks/foreground/gunshot/urbansound8k_gunshot_a2d83d3e.wav
urbansound8k_gunshot_a3609b38,gunshot,urbansound8k,0.0,0.716,0.716,auto_accept,data/banks/foreground/gunshot/urbansound8k_gunshot_a3609b38.wav
urbansound8k_gunshot_b170ec05,gunshot,urbansound8k,0.0,0.817,0.817,auto_accept,data/banks/foreground/gunshot/urbansound8k_gunshot_b170ec05.wav
urbansound8k_gunshot_b2d3295f,gunshot,urbansound8k,0.0,0.738,0.738,auto_accept,data/banks/foreground/gunshot/urbansound8k_gunshot_b2d3295f.wav
urbansound8k_gunshot_b2ec4edf,gunshot,urbansound8k,0.0,1.057,1.057,auto_accept,data/banks/foreground/gunshot/urbansound8k_gunshot_b2ec4edf.wav
urbansound8k_gunshot_c396e8c8,gunshot,urbansound8k,0.0,1.17,1.17,auto_accept,data/banks/foreground/gunshot/urbansound8k_gunshot_c396e8c8.wav
urbansound8k_gunshot_d0578ba6,gunshot,urbansound8k,0.0,1.053,1.053,auto_accept,data/banks/foreground/gunshot/urbansound8k_gunshot_d0578ba6.wav
urbansound8k_gunshot_d057c5bb,gunshot,urbansound8k,0.0,0.739,0.739,auto_accept,data/banks/foreground/gunshot/urbansound8k_gunshot_d057c5bb.wav
urbansound8k_gunshot_d81d3dc2,gunshot,urbansound8k,0.0,1.5,1.5,auto_accept,data/banks/foreground/gunshot/urbansound8k_gunshot_d81d3dc2.wav
urbansound8k_gunshot_d9b93ce6,gunshot,urbansound8k,0.0,1.059,1.059,auto_accept,data/banks/foreground/gunshot/urbansound8k_gunshot_d9b93ce6.wav
urbansound8k_gunshot_ea9a3b29,gunshot,urbansound8k,0.0,0.636,0.636,auto_accept,data/banks/foreground/gunshot/urbansound8k_gunshot_ea9a3b29.wav
urbansound8k_gunshot_fa424019,gunshot,urbansound8k,0.0,1.41,1.41,auto_accept,data/banks/foreground/gunshot/urbansound8k_gunshot_fa424019.wav
esc50_laughter_251c0840,laughter,esc50,1.177,2.655,1.478,auto_accept,data/banks/foreground/laughter/esc50_laughter_251c0840.wav
esc50_laughter_252276ae,laughter,esc50,0.0,2.336,2.336,auto_accept,data/banks/foreground/laughter/esc50_laughter_252276ae.wav
esc50_laughter_9c202168,laughter,esc50,1.177,3.613,2.436,auto_accept,data/banks/foreground/laughter/esc50_laughter_9c202168.wav
esc50_laughter_a7d72dd0,laughter,esc50,3.094,4.571,1.477,auto_accept,data/banks/foreground/laughter/esc50_laughter_a7d72dd0.wav
esc50_laughter_ad612364,laughter,esc50,1.497,4.252,2.755,auto_accept,data/banks/foreground/laughter/esc50_laughter_ad612364.wav
esc50_laughter_b2d5c158,laughter,esc50,2.774,4.252,1.478,auto_accept,data/banks/foreground/laughter/esc50_laughter_b2d5c158.wav
esc50_laughter_c4ae2f70,laughter,esc50,3.413,4.571,1.158,auto_accept,data/banks/foreground/laughter/esc50_laughter_c4ae2f70.wav
esc50_laughter_d3165c02,laughter,esc50,0.858,2.655,1.797,auto_accept,data/banks/foreground/laughter/esc50_laughter_d3165c02.wav
fsd50k_laughter_0146e34d,laughter,fsd50k,0.0,1.379,1.379,auto_accept,data/banks/foreground/laughter/fsd50k_laughter_0146e34d.wav
fsd50k_laughter_07a194ae,laughter,fsd50k,5.017,6.496,1.479,auto_accept,data/banks/foreground/laughter/fsd50k_laughter_07a194ae.wav
fsd50k_laughter_081f8b45,laughter,fsd50k,0.0,1.378,1.378,auto_accept,data/banks/foreground/laughter/fsd50k_laughter_081f8b45.wav
fsd50k_laughter_08a9a3a5,laughter,fsd50k,3.417,6.174,2.757,auto_accept,data/banks/foreground/laughter/fsd50k_laughter_08a9a3a5.wav
fsd50k_laughter_0c6e2bb6,laughter,fsd50k,4.378,5.858,1.48,auto_accept,data/banks/foreground/laughter/fsd50k_laughter_0c6e2bb6.wav
fsd50k_laughter_0cd6afbf,laughter,fsd50k,0.22,1.7,1.48,auto_accept,data/banks/foreground/laughter/fsd50k_laughter_0cd6afbf.wav
fsd50k_laughter_0f22b39a,laughter,fsd50k,0.22,2.338,2.118,auto_accept,data/banks/foreground/laughter/fsd50k_laughter_0f22b39a.wav
fsd50k_laughter_0f5a60f6,laughter,fsd50k,0.539,2.654,2.115,auto_accept,data/banks/foreground/laughter/fsd50k_laughter_0f5a60f6.wav
fsd50k_laughter_0faa8970,laughter,fsd50k,3.417,5.535,2.118,auto_accept,data/banks/foreground/laughter/fsd50k_laughter_0faa8970.wav
fsd50k_laughter_1208214b,laughter,fsd50k,0.0,2.338,2.338,auto_accept,data/banks/foreground/laughter/fsd50k_laughter_1208214b.wav
fsd50k_laughter_18fbf503,laughter,fsd50k,9.179,10.338,1.159,auto_accept,data/banks/foreground/laughter/fsd50k_laughter_18fbf503.wav
fsd50k_laughter_1978b77b,laughter,fsd50k,0.0,3.168,3.168,auto_accept,data/banks/foreground/laughter/fsd50k_laughter_1978b77b.wav
fsd50k_laughter_1986e41e,laughter,fsd50k,3.098,5.856,2.758,auto_accept,data/banks/foreground/laughter/fsd50k_laughter_1986e41e.wav
fsd50k_laughter_1ce0dfc5,laughter,fsd50k,0.538,1.696,1.158,auto_accept,data/banks/foreground/laughter/fsd50k_laughter_1ce0dfc5.wav
fsd50k_laughter_24658c79,laughter,fsd50k,0.0,1.058,1.058,auto_accept,data/banks/foreground/laughter/fsd50k_laughter_24658c79.wav
fsd50k_laughter_248352d6,laughter,fsd50k,0.22,1.7,1.48,auto_accept,data/banks/foreground/laughter/fsd50k_laughter_248352d6.wav
fsd50k_laughter_260ca827,laughter,fsd50k,0.22,2.337,2.117,auto_accept,data/banks/foreground/laughter/fsd50k_laughter_260ca827.wav
fsd50k_laughter_26e39052,laughter,fsd50k,1.817,5.213,3.396,auto_accept,data/banks/foreground/laughter/fsd50k_laughter_26e39052.wav
fsd50k_laughter_26f52d9a,laughter,fsd50k,2.136,3.614,1.478,auto_accept,data/banks/foreground/laughter/fsd50k_laughter_26f52d9a.wav
fsd50k_laughter_284df7bf,laughter,fsd50k,1.179,5.216,4.037,auto_accept,data/banks/foreground/laughter/fsd50k_laughter_284df7bf.wav
fsd50k_laughter_2abbbf32,laughter,fsd50k,2.136,3.294,1.158,auto_accept,data/banks/foreground/laughter/fsd50k_laughter_2abbbf32.wav
fsd50k_laughter_2ea91842,laughter,fsd50k,0.539,1.379,0.84,auto_accept,data/banks/foreground/laughter/fsd50k_laughter_2ea91842.wav
fsd50k_laughter_330bbba9,laughter,fsd50k,2.773,3.931,1.158,auto_accept,data/banks/foreground/laughter/fsd50k_laughter_330bbba9.wav
fsd50k_laughter_3665ef99,laughter,fsd50k,2.777,4.615,1.838,auto_accept,data/banks/foreground/laughter/fsd50k_laughter_3665ef99.wav
fsd50k_laughter_36857803,laughter,fsd50k,0.54,2.338,1.798,auto_accept,data/banks/foreground/laughter/fsd50k_laughter_36857803.wav
fsd50k_laughter_3a0b05f9,laughter,fsd50k,0.22,1.379,1.159,auto_accept,data/banks/foreground/laughter/fsd50k_laughter_3a0b05f9.wav
fsd50k_laughter_3b0e65cb,laughter,fsd50k,1.499,4.258,2.759,auto_accept,data/banks/foreground/laughter/fsd50k_laughter_3b0e65cb.wav
fsd50k_laughter_3b546e2e,laughter,fsd50k,0.539,2.657,2.118,auto_accept,data/banks/foreground/laughter/fsd50k_laughter_3b546e2e.wav
fsd50k_laughter_42df0021,laughter,fsd50k,0.0,1.378,1.378,auto_accept,data/banks/foreground/laughter/fsd50k_laughter_42df0021.wav
fsd50k_laughter_47547829,laughter,fsd50k,0.54,3.617,3.077,auto_accept,data/banks/foreground/laughter/fsd50k_laughter_47547829.wav
fsd50k_laughter_49b89a8e,laughter,fsd50k,0.0,1.379,1.379,auto_accept,data/banks/foreground/laughter/fsd50k_laughter_49b89a8e.wav
fsd50k_laughter_4b90f540,laughter,fsd50k,0.22,1.698,1.478,auto_accept,data/banks/foreground/laughter/fsd50k_laughter_4b90f540.wav
fsd50k_laughter_4d90b700,laughter,fsd50k,1.498,4.254,2.756,auto_accept,data/banks/foreground/laughter/fsd50k_laughter_4d90b700.wav
fsd50k_laughter_52bc03c7,laughter,fsd50k,1.499,2.979,1.48,auto_accept,data/banks/foreground/laughter/fsd50k_laughter_52bc03c7.wav
fsd50k_laughter_56317c25,laughter,fsd50k,0.22,1.38,1.16,auto_accept,data/banks/foreground/laughter/fsd50k_laughter_56317c25.wav
fsd50k_laughter_574bb336,laughter,fsd50k,0.859,2.017,1.158,auto_accept,data/banks/foreground/laughter/fsd50k_laughter_574bb336.wav
fsd50k_laughter_5e2692a6,laughter,fsd50k,0.0,1.059,1.059,auto_accept,data/banks/foreground/laughter/fsd50k_laughter_5e2692a6.wav
fsd50k_laughter_615f0607,laughter,fsd50k,0.0,1.059,1.059,auto_accept,data/banks/foreground/laughter/fsd50k_laughter_615f0607.wav
fsd50k_laughter_61e0ac27,laughter,fsd50k,0.859,2.017,1.158,auto_accept,data/banks/foreground/laughter/fsd50k_laughter_61e0ac27.wav
fsd50k_laughter_6285de23,laughter,fsd50k,0.0,1.38,1.38,auto_accept,data/banks/foreground/laughter/fsd50k_laughter_6285de23.wav
fsd50k_laughter_65e2878e,laughter,fsd50k,0.0,1.119,1.119,auto_accept,data/banks/foreground/laughter/fsd50k_laughter_65e2878e.wav
fsd50k_laughter_6955ca24,laughter,fsd50k,0.0,1.06,1.06,auto_accept,data/banks/foreground/laughter/fsd50k_laughter_6955ca24.wav
fsd50k_laughter_6da04b5f,laughter,fsd50k,0.0,0.563,0.563,auto_accept,data/banks/foreground/laughter/fsd50k_laughter_6da04b5f.wav
fsd50k_laughter_6e8599b2,laughter,fsd50k,0.0,1.059,1.059,auto_accept,data/banks/foreground/laughter/fsd50k_laughter_6e8599b2.wav
fsd50k_laughter_707b5622,laughter,fsd50k,0.219,1.377,1.158,auto_accept,data/banks/foreground/laughter/fsd50k_laughter_707b5622.wav
fsd50k_laughter_70cb1f0c,laughter,fsd50k,0.858,3.295,2.437,auto_accept,data/banks/foreground/laughter/fsd50k_laughter_70cb1f0c.wav
fsd50k_laughter_721e8651,laughter,fsd50k,0.0,1.379,1.379,auto_accept,data/banks/foreground/laughter/fsd50k_laughter_721e8651.wav
fsd50k_laughter_72ab9348,laughter,fsd50k,7.254,9.053,1.799,auto_accept,data/banks/foreground/laughter/fsd50k_laughter_72ab9348.wav
fsd50k_laughter_7a187d3c,laughter,fsd50k,0.0,1.059,1.059,auto_accept,data/banks/foreground/laughter/fsd50k_laughter_7a187d3c.wav
fsd50k_laughter_7b08c7c1,laughter,fsd50k,0.0,1.055,1.055,auto_accept,data/banks/foreground/laughter/fsd50k_laughter_7b08c7c1.wav
fsd50k_laughter_7c7d5183,laughter,fsd50k,2.139,3.939,1.8,auto_accept,data/banks/foreground/laughter/fsd50k_laughter_7c7d5183.wav
fsd50k_laughter_7fb52eb1,laughter,fsd50k,0.859,2.018,1.159,auto_accept,data/banks/foreground/laughter/fsd50k_laughter_7fb52eb1.wav
fsd50k_laughter_80693bc6,laughter,fsd50k,0.859,2.338,1.479,auto_accept,data/banks/foreground/laughter/fsd50k_laughter_80693bc6.wav
fsd50k_laughter_829a8ec8,laughter,fsd50k,0.0,0.61,0.61,auto_accept,data/banks/foreground/laughter/fsd50k_laughter_829a8ec8.wav
fsd50k_laughter_829d9376,laughter,fsd50k,0.539,1.379,0.84,auto_accept,data/banks/foreground/laughter/fsd50k_laughter_829d9376.wav
fsd50k_laughter_83814ea2,laughter,fsd50k,0.0,1.504,1.504,auto_accept,data/banks/foreground/laughter/fsd50k_laughter_83814ea2.wav
fsd50k_laughter_84043edb,laughter,fsd50k,0.54,2.019,1.479,auto_accept,data/banks/foreground/laughter/fsd50k_laughter_84043edb.wav
fsd50k_laughter_85a48c5d,laughter,fsd50k,0.0,1.059,1.059,auto_accept,data/banks/foreground/laughter/fsd50k_laughter_85a48c5d.wav
fsd50k_laughter_87162a12,laughter,fsd50k,0.219,1.374,1.155,auto_accept,data/banks/foreground/laughter/fsd50k_laughter_87162a12.wav
fsd50k_laughter_87452156,laughter,fsd50k,2.78,6.5,3.72,auto_accept,data/banks/foreground/laughter/fsd50k_laughter_87452156.wav
fsd50k_laughter_919e65b7,laughter,fsd50k,3.739,7.457,3.718,auto_accept,data/banks/foreground/laughter/fsd50k_laughter_919e65b7.wav
fsd50k_laughter_9417ab93,laughter,fsd50k,0.0,1.378,1.378,auto_accept,data/banks/foreground/laughter/fsd50k_laughter_9417ab93.wav
fsd50k_laughter_95a4d83d,laughter,fsd50k,0.0,1.377,1.377,auto_accept,data/banks/foreground/laughter/fsd50k_laughter_95a4d83d.wav
fsd50k_laughter_967e9c87,laughter,fsd50k,0.539,1.697,1.158,auto_accept,data/banks/foreground/laughter/fsd50k_laughter_967e9c87.wav
fsd50k_laughter_9c010213,laughter,fsd50k,0.22,1.38,1.16,auto_accept,data/banks/foreground/laughter/fsd50k_laughter_9c010213.wav
fsd50k_laughter_a5a61c37,laughter,fsd50k,5.975,7.774,1.799,auto_accept,data/banks/foreground/laughter/fsd50k_laughter_a5a61c37.wav
fsd50k_laughter_a5d60f94,laughter,fsd50k,0.0,1.38,1.38,auto_accept,data/banks/foreground/laughter/fsd50k_laughter_a5d60f94.wav
fsd50k_laughter_a77d0445,laughter,fsd50k,0.0,2.017,2.017,auto_accept,data/banks/foreground/laughter/fsd50k_laughter_a77d0445.wav
fsd50k_laughter_ab75640f,laughter,fsd50k,0.0,1.451,1.451,auto_accept,data/banks/foreground/laughter/fsd50k_laughter_ab75640f.wav
fsd50k_laughter_ae687d18,laughter,fsd50k,0.22,2.34,2.12,auto_accept,data/banks/foreground/laughter/fsd50k_laughter_ae687d18.wav
fsd50k_laughter_aeeaf38a,laughter,fsd50k,0.0,1.033,1.033,auto_accept,data/banks/foreground/laughter/fsd50k_laughter_aeeaf38a.wav
fsd50k_laughter_af8d5a54,laughter,fsd50k,3.735,6.172,2.437,auto_accept,data/banks/foreground/laughter/fsd50k_laughter_af8d5a54.wav
fsd50k_laughter_b2ea8b90,laughter,fsd50k,0.0,4.575,4.575,auto_accept,data/banks/foreground/laughter/fsd50k_laughter_b2ea8b90.wav
fsd50k_laughter_b58fa79c,laughter,fsd50k,4.057,6.176,2.119,auto_accept,data/banks/foreground/laughter/fsd50k_laughter_b58fa79c.wav
fsd50k_laughter_ba43c740,laughter,fsd50k,0.219,1.697,1.478,auto_accept,data/banks/foreground/laughter/fsd50k_laughter_ba43c740.wav
fsd50k_laughter_bb0dce42,laughter,fsd50k,9.498,11.298,1.8,auto_accept,data/banks/foreground/laughter/fsd50k_laughter_bb0dce42.wav
fsd50k_laughter_bea1fee7,laughter,fsd50k,0.219,1.377,1.158,auto_accept,data/banks/foreground/laughter/fsd50k_laughter_bea1fee7.wav
fsd50k_laughter_c5d4e1d6,laughter,fsd50k,2.457,6.492,4.035,auto_accept,data/banks/foreground/laughter/fsd50k_laughter_c5d4e1d6.wav
fsd50k_laughter_c8a5e8ea,laughter,fsd50k,0.0,0.736,0.736,auto_accept,data/banks/foreground/laughter/fsd50k_laughter_c8a5e8ea.wav
fsd50k_laughter_c9037e75,laughter,fsd50k,0.0,2.656,2.656,auto_accept,data/banks/foreground/laughter/fsd50k_laughter_c9037e75.wav
fsd50k_laughter_ca0517c9,laughter,fsd50k,0.22,1.7,1.48,auto_accept,data/banks/foreground/laughter/fsd50k_laughter_ca0517c9.wav
fsd50k_laughter_cb5bcb1c,laughter,fsd50k,0.0,1.057,1.057,auto_accept,data/banks/foreground/laughter/fsd50k_laughter_cb5bcb1c.wav
fsd50k_laughter_cb832aba,laughter,fsd50k,0.0,1.011,1.011,auto_accept,data/banks/foreground/laughter/fsd50k_laughter_cb832aba.wav
fsd50k_laughter_cdd54839,laughter,fsd50k,0.539,2.018,1.479,auto_accept,data/banks/foreground/laughter/fsd50k_laughter_cdd54839.wav
fsd50k_laughter_cfc1ce74,laughter,fsd50k,4.699,6.499,1.8,auto_accept,data/banks/foreground/laughter/fsd50k_laughter_cfc1ce74.wav
fsd50k_laughter_d08ebf4b,laughter,fsd50k,1.178,4.255,3.077,auto_accept,data/banks/foreground/laughter/fsd50k_laughter_d08ebf4b.wav
fsd50k_laughter_d3a454e9,laughter,fsd50k,0.219,1.585,1.366,auto_accept,data/banks/foreground/laughter/fsd50k_laughter_d3a454e9.wav
fsd50k_laughter_d7a8d6f8,laughter,fsd50k,0.0,2.657,2.657,auto_accept,data/banks/foreground/laughter/fsd50k_laughter_d7a8d6f8.wav
fsd50k_laughter_dcadb56c,laughter,fsd50k,0.22,1.498,1.278,auto_accept,data/banks/foreground/laughter/fsd50k_laughter_dcadb56c.wav
fsd50k_laughter_dd40d3e1,laughter,fsd50k,0.0,1.059,1.059,auto_accept,data/banks/foreground/laughter/fsd50k_laughter_dd40d3e1.wav
fsd50k_laughter_e0e987d1,laughter,fsd50k,0.0,1.157,1.157,auto_accept,data/banks/foreground/laughter/fsd50k_laughter_e0e987d1.wav
fsd50k_laughter_e1d09248,laughter,fsd50k,0.859,2.659,1.8,auto_accept,data/banks/foreground/laughter/fsd50k_laughter_e1d09248.wav
fsd50k_laughter_e1eaac6c,laughter,fsd50k,0.0,1.031,1.031,auto_accept,data/banks/foreground/laughter/fsd50k_laughter_e1eaac6c.wav
fsd50k_laughter_e330f7ba,laughter,fsd50k,0.0,1.058,1.058,auto_accept,data/banks/foreground/laughter/fsd50k_laughter_e330f7ba.wav
fsd50k_laughter_e4eddcd5,laughter,fsd50k,3.42,4.899,1.479,auto_accept,data/banks/foreground/laughter/fsd50k_laughter_e4eddcd5.wav
fsd50k_laughter_ea97e54b,laughter,fsd50k,3.415,4.893,1.478,auto_accept,data/banks/foreground/laughter/fsd50k_laughter_ea97e54b.wav
fsd50k_laughter_eec1ec11,laughter,fsd50k,0.0,0.711,0.711,auto_accept,data/banks/foreground/laughter/fsd50k_laughter_eec1ec11.wav
fsd50k_laughter_f069493d,laughter,fsd50k,0.86,2.019,1.159,auto_accept,data/banks/foreground/laughter/fsd50k_laughter_f069493d.wav
fsd50k_laughter_f1642308,laughter,fsd50k,2.14,3.3,1.16,auto_accept,data/banks/foreground/laughter/fsd50k_laughter_f1642308.wav
fsd50k_laughter_f2288780,laughter,fsd50k,0.0,1.379,1.379,auto_accept,data/banks/foreground/laughter/fsd50k_laughter_f2288780.wav
fsd50k_laughter_f3894edd,laughter,fsd50k,4.055,5.534,1.479,auto_accept,data/banks/foreground/laughter/fsd50k_laughter_f3894edd.wav
fsd50k_laughter_f5201ba6,laughter,fsd50k,5.656,7.455,1.799,auto_accept,data/banks/foreground/laughter/fsd50k_laughter_f5201ba6.wav
fsd50k_laughter_f6237c1e,laughter,fsd50k,1.816,3.932,2.116,auto_accept,data/banks/foreground/laughter/fsd50k_laughter_f6237c1e.wav
fsd50k_laughter_f65a2f1d,laughter,fsd50k,1.817,4.035,2.218,auto_accept,data/banks/foreground/laughter/fsd50k_laughter_f65a2f1d.wav
fsd50k_laughter_f88848ef,laughter,fsd50k,1.5,2.66,1.16,auto_accept,data/banks/foreground/laughter/fsd50k_laughter_f88848ef.wav
fsd50k_laughter_f8bfe02b,laughter,fsd50k,0.0,1.056,1.056,auto_accept,data/banks/foreground/laughter/fsd50k_laughter_f8bfe02b.wav
fsd50k_laughter_f9860fa9,laughter,fsd50k,3.099,4.579,1.48,auto_accept,data/banks/foreground/laughter/fsd50k_laughter_f9860fa9.wav
fsd50k_laughter_fe0dfb43,laughter,fsd50k,0.22,2.978,2.758,auto_accept,data/banks/foreground/laughter/fsd50k_laughter_fe0dfb43.wav
fsd50k_laughter_ff629949,laughter,fsd50k,2.14,3.5,1.36,auto_accept,data/banks/foreground/laughter/fsd50k_laughter_ff629949.wav
desed_object_drop_dishes_6d173548,object_drop_dishes,desed,0.0,0.565,0.565,auto_accept,data/banks/foreground/object_drop_dishes/desed_object_drop_dishes_6d173548.wav
fsd50k_object_drop_dishes_555f6a50,object_drop_dishes,fsd50k,0.0,1.236,1.236,auto_accept,data/banks/foreground/object_drop_dishes/fsd50k_object_drop_dishes_555f6a50.wav
fsd50k_object_drop_dishes_65109dfb,object_drop_dishes,fsd50k,0.0,1.059,1.059,auto_accept,data/banks/foreground/object_drop_dishes/fsd50k_object_drop_dishes_65109dfb.wav
fsd50k_object_drop_dishes_b7bc7af5,object_drop_dishes,fsd50k,2.778,3.878,1.1,auto_accept,data/banks/foreground/object_drop_dishes/fsd50k_object_drop_dishes_b7bc7af5.wav
fsd50k_object_drop_dishes_d80812a7,object_drop_dishes,fsd50k,3.738,4.577,0.839,auto_accept,data/banks/foreground/object_drop_dishes/fsd50k_object_drop_dishes_d80812a7.wav
esc50_running_footsteps_1842d2cc,running_footsteps,esc50,1.497,4.571,3.074,auto_accept,data/banks/foreground/running_footsteps/esc50_running_footsteps_1842d2cc.wav
esc50_running_footsteps_234358f7,running_footsteps,esc50,2.774,4.571,1.797,auto_accept,data/banks/foreground/running_footsteps/esc50_running_footsteps_234358f7.wav
esc50_running_footsteps_279e4b3e,running_footsteps,esc50,0.219,5.0,4.781,auto_accept,data/banks/foreground/running_footsteps/esc50_running_footsteps_279e4b3e.wav
esc50_running_footsteps_3d54fb53,running_footsteps,esc50,2.774,5.0,2.226,auto_accept,data/banks/foreground/running_footsteps/esc50_running_footsteps_3d54fb53.wav
esc50_running_footsteps_47c7c305,running_footsteps,esc50,0.219,2.336,2.117,auto_accept,data/banks/foreground/running_footsteps/esc50_running_footsteps_47c7c305.wav
esc50_running_footsteps_69512e2e,running_footsteps,esc50,1.497,2.655,1.158,auto_accept,data/banks/foreground/running_footsteps/esc50_running_footsteps_69512e2e.wav
esc50_running_footsteps_6f5c1eea,running_footsteps,esc50,0.219,4.571,4.352,auto_accept,data/banks/foreground/running_footsteps/esc50_running_footsteps_6f5c1eea.wav
esc50_running_footsteps_7d07efd2,running_footsteps,esc50,0.219,2.016,1.797,auto_accept,data/banks/foreground/running_footsteps/esc50_running_footsteps_7d07efd2.wav
esc50_running_footsteps_975e559e,running_footsteps,esc50,2.774,4.571,1.797,auto_accept,data/banks/foreground/running_footsteps/esc50_running_footsteps_975e559e.wav
esc50_running_footsteps_a2fa1671,running_footsteps,esc50,0.858,5.0,4.142,auto_accept,data/banks/foreground/running_footsteps/esc50_running_footsteps_a2fa1671.wav
esc50_running_footsteps_cb90f52c,running_footsteps,esc50,0.219,2.974,2.755,auto_accept,data/banks/foreground/running_footsteps/esc50_running_footsteps_cb90f52c.wav
esc50_running_footsteps_ced56c4d,running_footsteps,esc50,0.219,4.252,4.033,auto_accept,data/banks/foreground/running_footsteps/esc50_running_footsteps_ced56c4d.wav
esc50_running_footsteps_f20bcbe2,running_footsteps,esc50,2.455,5.0,2.545,auto_accept,data/banks/foreground/running_footsteps/esc50_running_footsteps_f20bcbe2.wav
esc50_running_footsteps_fc6a08cb,running_footsteps,esc50,0.219,2.655,2.436,auto_accept,data/banks/foreground/running_footsteps/esc50_running_footsteps_fc6a08cb.wav
fsd50k_running_footsteps_10f2f730,running_footsteps,fsd50k,0.0,1.043,1.043,auto_accept,data/banks/foreground/running_footsteps/fsd50k_running_footsteps_10f2f730.wav
fsd50k_running_footsteps_110a192f,running_footsteps,fsd50k,0.54,6.18,5.64,auto_accept,data/banks/foreground/running_footsteps/fsd50k_running_footsteps_110a192f.wav
fsd50k_running_footsteps_18cbc8c0,running_footsteps,fsd50k,5.66,8.099,2.439,auto_accept,data/banks/foreground/running_footsteps/fsd50k_running_footsteps_18cbc8c0.wav
fsd50k_running_footsteps_1bec4637,running_footsteps,fsd50k,13.339,17.698,4.359,auto_accept,data/banks/foreground/running_footsteps/fsd50k_running_footsteps_1bec4637.wav
fsd50k_running_footsteps_1c0b12e1,running_footsteps,fsd50k,5.02,6.82,1.8,auto_accept,data/banks/foreground/running_footsteps/fsd50k_running_footsteps_1c0b12e1.wav
fsd50k_running_footsteps_24bcaf49,running_footsteps,fsd50k,11.417,17.376,5.959,auto_accept,data/banks/foreground/running_footsteps/fsd50k_running_footsteps_24bcaf49.wav
fsd50k_running_footsteps_2679cd41,running_footsteps,fsd50k,0.537,2.012,1.475,auto_accept,data/banks/foreground/running_footsteps/fsd50k_running_footsteps_2679cd41.wav
fsd50k_running_footsteps_29e5cadc,running_footsteps,fsd50k,4.7,6.5,1.8,auto_accept,data/banks/foreground/running_footsteps/fsd50k_running_footsteps_29e5cadc.wav
fsd50k_running_footsteps_2e9b765b,running_footsteps,fsd50k,0.22,4.254,4.034,auto_accept,data/banks/foreground/running_footsteps/fsd50k_running_footsteps_2e9b765b.wav
fsd50k_running_footsteps_319984b8,running_footsteps,fsd50k,3.099,4.899,1.8,auto_accept,data/banks/foreground/running_footsteps/fsd50k_running_footsteps_319984b8.wav
fsd50k_running_footsteps_35d2d6ab,running_footsteps,fsd50k,8.218,13.537,5.319,auto_accept,data/banks/foreground/running_footsteps/fsd50k_running_footsteps_35d2d6ab.wav
fsd50k_running_footsteps_69fb322a,running_footsteps,fsd50k,5.333,6.492,1.159,auto_accept,data/banks/foreground/running_footsteps/fsd50k_running_footsteps_69fb322a.wav
fsd50k_running_footsteps_6f6ef734,running_footsteps,fsd50k,3.738,5.537,1.799,auto_accept,data/banks/foreground/running_footsteps/fsd50k_running_footsteps_6f6ef734.wav
fsd50k_running_footsteps_74626b41,running_footsteps,fsd50k,8.218,10.658,2.44,auto_accept,data/banks/foreground/running_footsteps/fsd50k_running_footsteps_74626b41.wav
fsd50k_running_footsteps_8724333f,running_footsteps,fsd50k,0.54,6.637,6.097,auto_accept,data/banks/foreground/running_footsteps/fsd50k_running_footsteps_8724333f.wav
fsd50k_running_footsteps_9894f961,running_footsteps,fsd50k,3.738,6.178,2.44,auto_accept,data/banks/foreground/running_footsteps/fsd50k_running_footsteps_9894f961.wav
fsd50k_running_footsteps_998c1bdf,running_footsteps,fsd50k,5.019,10.978,5.959,auto_accept,data/banks/foreground/running_footsteps/fsd50k_running_footsteps_998c1bdf.wav
fsd50k_running_footsteps_a4edbd3e,running_footsteps,fsd50k,0.22,2.66,2.44,auto_accept,data/banks/foreground/running_footsteps/fsd50k_running_footsteps_a4edbd3e.wav
fsd50k_running_footsteps_aa7e9991,running_footsteps,fsd50k,11.096,13.215,2.119,auto_accept,data/banks/foreground/running_footsteps/fsd50k_running_footsteps_aa7e9991.wav
fsd50k_running_footsteps_aba49a35,running_footsteps,fsd50k,0.0,1.379,1.379,auto_accept,data/banks/foreground/running_footsteps/fsd50k_running_footsteps_aba49a35.wav
fsd50k_running_footsteps_af09fb45,running_footsteps,fsd50k,0.22,2.127,1.907,auto_accept,data/banks/foreground/running_footsteps/fsd50k_running_footsteps_af09fb45.wav
fsd50k_running_footsteps_b5154963,running_footsteps,fsd50k,0.859,3.297,2.438,auto_accept,data/banks/foreground/running_footsteps/fsd50k_running_footsteps_b5154963.wav
fsd50k_running_footsteps_b61f2336,running_footsteps,fsd50k,0.54,4.258,3.718,auto_accept,data/banks/foreground/running_footsteps/fsd50k_running_footsteps_b61f2336.wav
fsd50k_running_footsteps_cb63b7ce,running_footsteps,fsd50k,0.219,2.013,1.794,auto_accept,data/banks/foreground/running_footsteps/fsd50k_running_footsteps_cb63b7ce.wav
fsd50k_running_footsteps_d0f1b47f,running_footsteps,fsd50k,2.778,5.216,2.438,auto_accept,data/banks/foreground/running_footsteps/fsd50k_running_footsteps_d0f1b47f.wav
fsd50k_running_footsteps_d27e6858,running_footsteps,fsd50k,14.936,22.814,7.878,auto_accept,data/banks/foreground/running_footsteps/fsd50k_running_footsteps_d27e6858.wav
fsd50k_running_footsteps_e105db6b,running_footsteps,fsd50k,1.818,3.616,1.798,auto_accept,data/banks/foreground/running_footsteps/fsd50k_running_footsteps_e105db6b.wav
fsd50k_running_footsteps_e52ce8a4,running_footsteps,fsd50k,0.22,7.774,7.554,auto_accept,data/banks/foreground/running_footsteps/fsd50k_running_footsteps_e52ce8a4.wav
fsd50k_running_footsteps_e99f99c7,running_footsteps,fsd50k,3.738,8.416,4.678,auto_accept,data/banks/foreground/running_footsteps/fsd50k_running_footsteps_e99f99c7.wav
fsd50k_running_footsteps_ede56873,running_footsteps,fsd50k,1.179,2.978,1.799,auto_accept,data/banks/foreground/running_footsteps/fsd50k_running_footsteps_ede56873.wav
fsd50k_running_footsteps_f66cf8fd,running_footsteps,fsd50k,1.179,6.174,4.995,auto_accept,data/banks/foreground/running_footsteps/fsd50k_running_footsteps_f66cf8fd.wav
fsd50k_running_footsteps_f708424b,running_footsteps,fsd50k,3.416,6.173,2.757,auto_accept,data/banks/foreground/running_footsteps/fsd50k_running_footsteps_f708424b.wav
fsd50k_running_footsteps_f7cc0459,running_footsteps,fsd50k,0.54,3.94,3.4,auto_accept,data/banks/foreground/running_footsteps/fsd50k_running_footsteps_f7cc0459.wav
fsd50k_scream_05e8a06c,scream,fsd50k,0.0,1.378,1.378,auto_accept,data/banks/foreground/scream/fsd50k_scream_05e8a06c.wav
fsd50k_scream_0a0538e8,scream,fsd50k,0.0,1.06,1.06,auto_accept,data/banks/foreground/scream/fsd50k_scream_0a0538e8.wav
fsd50k_scream_0a489ccb,scream,fsd50k,0.0,1.44,1.44,auto_accept,data/banks/foreground/scream/fsd50k_scream_0a489ccb.wav
fsd50k_scream_1470e8f5,scream,fsd50k,0.0,1.055,1.055,auto_accept,data/banks/foreground/scream/fsd50k_scream_1470e8f5.wav
fsd50k_scream_1adc45c6,scream,fsd50k,0.0,1.699,1.699,auto_accept,data/banks/foreground/scream/fsd50k_scream_1adc45c6.wav
fsd50k_scream_1ddf006e,scream,fsd50k,0.0,0.88,0.88,auto_accept,data/banks/foreground/scream/fsd50k_scream_1ddf006e.wav
fsd50k_scream_2478d98b,scream,fsd50k,0.0,1.378,1.378,auto_accept,data/banks/foreground/scream/fsd50k_scream_2478d98b.wav
fsd50k_scream_2b174352,scream,fsd50k,0.0,1.058,1.058,auto_accept,data/banks/foreground/scream/fsd50k_scream_2b174352.wav
fsd50k_scream_2b653240,scream,fsd50k,0.0,1.379,1.379,auto_accept,data/banks/foreground/scream/fsd50k_scream_2b653240.wav
fsd50k_scream_2c341d43,scream,fsd50k,0.0,0.735,0.735,auto_accept,data/banks/foreground/scream/fsd50k_scream_2c341d43.wav
fsd50k_scream_2c65d0a4,scream,fsd50k,0.0,0.951,0.951,auto_accept,data/banks/foreground/scream/fsd50k_scream_2c65d0a4.wav
fsd50k_scream_2ed79906,scream,fsd50k,0.219,2.017,1.798,auto_accept,data/banks/foreground/scream/fsd50k_scream_2ed79906.wav
fsd50k_scream_318ae8e6,scream,fsd50k,0.0,1.379,1.379,auto_accept,data/banks/foreground/scream/fsd50k_scream_318ae8e6.wav
fsd50k_scream_3662b1e1,scream,fsd50k,0.0,1.202,1.202,auto_accept,data/banks/foreground/scream/fsd50k_scream_3662b1e1.wav
fsd50k_scream_41cd41d5,scream,fsd50k,3.095,4.573,1.478,auto_accept,data/banks/foreground/scream/fsd50k_scream_41cd41d5.wav
fsd50k_scream_4540f9fe,scream,fsd50k,0.0,0.939,0.939,auto_accept,data/banks/foreground/scream/fsd50k_scream_4540f9fe.wav
fsd50k_scream_46b5a401,scream,fsd50k,0.0,1.039,1.039,auto_accept,data/banks/foreground/scream/fsd50k_scream_46b5a401.wav
fsd50k_scream_4746f12a,scream,fsd50k,0.0,1.028,1.028,auto_accept,data/banks/foreground/scream/fsd50k_scream_4746f12a.wav
fsd50k_scream_490f49f7,scream,fsd50k,0.0,1.044,1.044,auto_accept,data/banks/foreground/scream/fsd50k_scream_490f49f7.wav
fsd50k_scream_4a8be652,scream,fsd50k,1.176,2.192,1.016,auto_accept,data/banks/foreground/scream/fsd50k_scream_4a8be652.wav
fsd50k_scream_4e89804f,scream,fsd50k,0.0,2.338,2.338,auto_accept,data/banks/foreground/scream/fsd50k_scream_4e89804f.wav
fsd50k_scream_4f4ce0df,scream,fsd50k,0.0,1.058,1.058,auto_accept,data/banks/foreground/scream/fsd50k_scream_4f4ce0df.wav
fsd50k_scream_50bc29d8,scream,fsd50k,0.22,1.059,0.839,auto_accept,data/banks/foreground/scream/fsd50k_scream_50bc29d8.wav
fsd50k_scream_529ce365,scream,fsd50k,0.0,0.734,0.734,auto_accept,data/banks/foreground/scream/fsd50k_scream_529ce365.wav
fsd50k_scream_531626c8,scream,fsd50k,0.0,0.743,0.743,auto_accept,data/banks/foreground/scream/fsd50k_scream_531626c8.wav
fsd50k_scream_54372219,scream,fsd50k,0.538,2.113,1.575,auto_accept,data/banks/foreground/scream/fsd50k_scream_54372219.wav
fsd50k_scream_55b628cf,scream,fsd50k,0.0,0.735,0.735,auto_accept,data/banks/foreground/scream/fsd50k_scream_55b628cf.wav
fsd50k_scream_568670ad,scream,fsd50k,0.0,1.059,1.059,auto_accept,data/banks/foreground/scream/fsd50k_scream_568670ad.wav
fsd50k_scream_56becffe,scream,fsd50k,0.0,1.141,1.141,auto_accept,data/banks/foreground/scream/fsd50k_scream_56becffe.wav
fsd50k_scream_57659403,scream,fsd50k,0.22,1.379,1.159,auto_accept,data/banks/foreground/scream/fsd50k_scream_57659403.wav
fsd50k_scream_5816e67f,scream,fsd50k,0.0,1.376,1.376,auto_accept,data/banks/foreground/scream/fsd50k_scream_5816e67f.wav
fsd50k_scream_5b46c5f6,scream,fsd50k,0.22,2.019,1.799,auto_accept,data/banks/foreground/scream/fsd50k_scream_5b46c5f6.wav
fsd50k_scream_5e05f792,scream,fsd50k,0.0,1.058,1.058,auto_accept,data/banks/foreground/scream/fsd50k_scream_5e05f792.wav
fsd50k_scream_61046ca1,scream,fsd50k,0.0,1.059,1.059,auto_accept,data/banks/foreground/scream/fsd50k_scream_61046ca1.wav
fsd50k_scream_6693f315,scream,fsd50k,0.0,1.06,1.06,auto_accept,data/banks/foreground/scream/fsd50k_scream_6693f315.wav
fsd50k_scream_682e5e24,scream,fsd50k,4.057,5.855,1.798,auto_accept,data/banks/foreground/scream/fsd50k_scream_682e5e24.wav
fsd50k_scream_690cfc07,scream,fsd50k,0.0,0.836,0.836,auto_accept,data/banks/foreground/scream/fsd50k_scream_690cfc07.wav
fsd50k_scream_69d77a3b,scream,fsd50k,0.0,1.058,1.058,auto_accept,data/banks/foreground/scream/fsd50k_scream_69d77a3b.wav
fsd50k_scream_69fd0a5a,scream,fsd50k,2.457,3.615,1.158,auto_accept,data/banks/foreground/scream/fsd50k_scream_69fd0a5a.wav
fsd50k_scream_6a5b489c,scream,fsd50k,0.0,1.058,1.058,auto_accept,data/banks/foreground/scream/fsd50k_scream_6a5b489c.wav
fsd50k_scream_7299e313,scream,fsd50k,0.0,0.731,0.731,auto_accept,data/banks/foreground/scream/fsd50k_scream_7299e313.wav
fsd50k_scream_75035d63,scream,fsd50k,0.219,1.056,0.837,auto_accept,data/banks/foreground/scream/fsd50k_scream_75035d63.wav
fsd50k_scream_77074668,scream,fsd50k,0.0,1.058,1.058,auto_accept,data/banks/foreground/scream/fsd50k_scream_77074668.wav
fsd50k_scream_7a181533,scream,fsd50k,0.0,1.057,1.057,auto_accept,data/banks/foreground/scream/fsd50k_scream_7a181533.wav
fsd50k_scream_7a9b2395,scream,fsd50k,0.537,1.374,0.837,auto_accept,data/banks/foreground/scream/fsd50k_scream_7a9b2395.wav
fsd50k_scream_7b515cf0,scream,fsd50k,0.0,0.54,0.54,auto_accept,data/banks/foreground/scream/fsd50k_scream_7b515cf0.wav
fsd50k_scream_7d0a6ccd,scream,fsd50k,0.0,1.058,1.058,auto_accept,data/banks/foreground/scream/fsd50k_scream_7d0a6ccd.wav
fsd50k_scream_7f80896f,scream,fsd50k,0.0,1.058,1.058,auto_accept,data/banks/foreground/scream/fsd50k_scream_7f80896f.wav
fsd50k_scream_8033cc8d,scream,fsd50k,0.0,1.055,1.055,auto_accept,data/banks/foreground/scream/fsd50k_scream_8033cc8d.wav
fsd50k_scream_80d0107b,scream,fsd50k,0.0,1.06,1.06,auto_accept,data/banks/foreground/scream/fsd50k_scream_80d0107b.wav
fsd50k_scream_855bee5a,scream,fsd50k,0.0,1.38,1.38,auto_accept,data/banks/foreground/scream/fsd50k_scream_855bee5a.wav
fsd50k_scream_89b2d799,scream,fsd50k,0.22,1.378,1.158,auto_accept,data/banks/foreground/scream/fsd50k_scream_89b2d799.wav
fsd50k_scream_91d89324,scream,fsd50k,0.22,1.379,1.159,auto_accept,data/banks/foreground/scream/fsd50k_scream_91d89324.wav
fsd50k_scream_93c3062c,scream,fsd50k,1.498,2.656,1.158,auto_accept,data/banks/foreground/scream/fsd50k_scream_93c3062c.wav
fsd50k_scream_9cb8db19,scream,fsd50k,0.0,0.732,0.732,auto_accept,data/banks/foreground/scream/fsd50k_scream_9cb8db19.wav
fsd50k_scream_a1786a8f,scream,fsd50k,0.219,1.377,1.158,auto_accept,data/banks/foreground/scream/fsd50k_scream_a1786a8f.wav
fsd50k_scream_a41b063d,scream,fsd50k,0.0,1.379,1.379,auto_accept,data/banks/foreground/scream/fsd50k_scream_a41b063d.wav
fsd50k_scream_a6d371c3,scream,fsd50k,0.0,1.379,1.379,auto_accept,data/banks/foreground/scream/fsd50k_scream_a6d371c3.wav
fsd50k_scream_a9ffc646,scream,fsd50k,0.0,1.057,1.057,auto_accept,data/banks/foreground/scream/fsd50k_scream_a9ffc646.wav
fsd50k_scream_aa4a5fa0,scream,fsd50k,0.0,3.298,3.298,auto_accept,data/banks/foreground/scream/fsd50k_scream_aa4a5fa0.wav
fsd50k_scream_ac254174,scream,fsd50k,0.0,2.019,2.019,auto_accept,data/banks/foreground/scream/fsd50k_scream_ac254174.wav
fsd50k_scream_b264a03d,scream,fsd50k,0.0,1.059,1.059,auto_accept,data/banks/foreground/scream/fsd50k_scream_b264a03d.wav
fsd50k_scream_b60aa13d,scream,fsd50k,3.733,5.051,1.318,auto_accept,data/banks/foreground/scream/fsd50k_scream_b60aa13d.wav
fsd50k_scream_bc71149d,scream,fsd50k,0.22,3.934,3.714,auto_accept,data/banks/foreground/scream/fsd50k_scream_bc71149d.wav
fsd50k_scream_bc7b1b87,scream,fsd50k,0.0,0.607,0.607,auto_accept,data/banks/foreground/scream/fsd50k_scream_bc7b1b87.wav
fsd50k_scream_bcbe8dff,scream,fsd50k,0.858,2.335,1.477,auto_accept,data/banks/foreground/scream/fsd50k_scream_bcbe8dff.wav
fsd50k_scream_c3184426,scream,fsd50k,0.219,1.377,1.158,auto_accept,data/banks/foreground/scream/fsd50k_scream_c3184426.wav
fsd50k_scream_c6535352,scream,fsd50k,1.818,2.976,1.158,auto_accept,data/banks/foreground/scream/fsd50k_scream_c6535352.wav
fsd50k_scream_c9a5f3af,scream,fsd50k,0.0,1.055,1.055,auto_accept,data/banks/foreground/scream/fsd50k_scream_c9a5f3af.wav
fsd50k_scream_cb04b0ef,scream,fsd50k,0.859,2.658,1.799,auto_accept,data/banks/foreground/scream/fsd50k_scream_cb04b0ef.wav
fsd50k_scream_cb429165,scream,fsd50k,0.0,0.737,0.737,auto_accept,data/banks/foreground/scream/fsd50k_scream_cb429165.wav
fsd50k_scream_dcd3d1c2,scream,fsd50k,0.0,0.74,0.74,auto_accept,data/banks/foreground/scream/fsd50k_scream_dcd3d1c2.wav
fsd50k_scream_e15810ea,scream,fsd50k,0.0,0.737,0.737,auto_accept,data/banks/foreground/scream/fsd50k_scream_e15810ea.wav
fsd50k_scream_e76fb595,scream,fsd50k,0.0,1.374,1.374,auto_accept,data/banks/foreground/scream/fsd50k_scream_e76fb595.wav
fsd50k_scream_e78238b3,scream,fsd50k,0.0,1.056,1.056,auto_accept,data/banks/foreground/scream/fsd50k_scream_e78238b3.wav
fsd50k_scream_ee5c76cc,scream,fsd50k,0.0,1.425,1.425,auto_accept,data/banks/foreground/scream/fsd50k_scream_ee5c76cc.wav
fsd50k_scream_f16f6aed,scream,fsd50k,4.378,5.537,1.159,auto_accept,data/banks/foreground/scream/fsd50k_scream_f16f6aed.wav
fsd50k_scream_f2fc09cf,scream,fsd50k,0.0,1.057,1.057,auto_accept,data/banks/foreground/scream/fsd50k_scream_f2fc09cf.wav
fsd50k_scream_f3528637,scream,fsd50k,0.0,0.731,0.731,auto_accept,data/banks/foreground/scream/fsd50k_scream_f3528637.wav
fsd50k_scream_f74ff7cf,scream,fsd50k,0.0,1.059,1.059,auto_accept,data/banks/foreground/scream/fsd50k_scream_f74ff7cf.wav
fsd50k_scream_fb3fd771,scream,fsd50k,0.539,1.707,1.168,auto_accept,data/banks/foreground/scream/fsd50k_scream_fb3fd771.wav
fsd50k_scream_fc0396c7,scream,fsd50k,0.0,1.06,1.06,auto_accept,data/banks/foreground/scream/fsd50k_scream_fc0396c7.wav
esc50_siren_012cf9bf,siren,esc50,0.0,3.932,3.932,auto_accept,data/banks/foreground/siren/esc50_siren_012cf9bf.wav
esc50_siren_02683131,siren,esc50,2.774,5.0,2.226,auto_accept,data/banks/foreground/siren/esc50_siren_02683131.wav
esc50_siren_187e6149,siren,esc50,0.0,5.0,5.0,auto_accept,data/banks/foreground/siren/esc50_siren_187e6149.wav
esc50_siren_1b1d4849,siren,esc50,0.858,5.0,4.142,auto_accept,data/banks/foreground/siren/esc50_siren_1b1d4849.wav
esc50_siren_2446a3eb,siren,esc50,0.0,5.0,5.0,auto_accept,data/banks/foreground/siren/esc50_siren_2446a3eb.wav
esc50_siren_3192ab47,siren,esc50,1.177,3.932,2.755,auto_accept,data/banks/foreground/siren/esc50_siren_3192ab47.wav
esc50_siren_365e4a2a,siren,esc50,0.0,5.0,5.0,auto_accept,data/banks/foreground/siren/esc50_siren_365e4a2a.wav
esc50_siren_376353be,siren,esc50,0.0,4.571,4.571,auto_accept,data/banks/foreground/siren/esc50_siren_376353be.wav
esc50_siren_387866fa,siren,esc50,0.0,2.336,2.336,auto_accept,data/banks/foreground/siren/esc50_siren_387866fa.wav
esc50_siren_40622578,siren,esc50,0.219,2.336,2.117,auto_accept,data/banks/foreground/siren/esc50_siren_40622578.wav
esc50_siren_4918f7e9,siren,esc50,0.0,2.336,2.336,auto_accept,data/banks/foreground/siren/esc50_siren_4918f7e9.wav
esc50_siren_4b3084ef,siren,esc50,0.0,5.0,5.0,auto_accept,data/banks/foreground/siren/esc50_siren_4b3084ef.wav
esc50_siren_5f5c273e,siren,esc50,0.219,5.0,4.781,auto_accept,data/banks/foreground/siren/esc50_siren_5f5c273e.wav
esc50_siren_65bf1c84,siren,esc50,0.0,2.974,2.974,auto_accept,data/banks/foreground/siren/esc50_siren_65bf1c84.wav
esc50_siren_6cc7555c,siren,esc50,0.0,5.0,5.0,auto_accept,data/banks/foreground/siren/esc50_siren_6cc7555c.wav
esc50_siren_6e69b251,siren,esc50,0.0,4.571,4.571,auto_accept,data/banks/foreground/siren/esc50_siren_6e69b251.wav
esc50_siren_7521bb9b,siren,esc50,2.455,4.571,2.116,auto_accept,data/banks/foreground/siren/esc50_siren_7521bb9b.wav
esc50_siren_79cbdaf2,siren,esc50,0.219,3.294,3.075,auto_accept,data/banks/foreground/siren/esc50_siren_79cbdaf2.wav
esc50_siren_7b862bec,siren,esc50,0.0,5.0,5.0,auto_accept,data/banks/foreground/siren/esc50_siren_7b862bec.wav
esc50_siren_7fc6af65,siren,esc50,0.0,3.294,3.294,auto_accept,data/banks/foreground/siren/esc50_siren_7fc6af65.wav
esc50_siren_8b91f090,siren,esc50,0.539,5.0,4.461,auto_accept,data/banks/foreground/siren/esc50_siren_8b91f090.wav
esc50_siren_942d1f4b,siren,esc50,0.0,2.655,2.655,auto_accept,data/banks/foreground/siren/esc50_siren_942d1f4b.wav
esc50_siren_9a68c6a6,siren,esc50,0.0,5.0,5.0,auto_accept,data/banks/foreground/siren/esc50_siren_9a68c6a6.wav
esc50_siren_9dabae27,siren,esc50,0.0,5.0,5.0,auto_accept,data/banks/foreground/siren/esc50_siren_9dabae27.wav
esc50_siren_9f7d3289,siren,esc50,0.0,3.294,3.294,auto_accept,data/banks/foreground/siren/esc50_siren_9f7d3289.wav
esc50_siren_a3b366a4,siren,esc50,0.0,5.0,5.0,auto_accept,data/banks/foreground/siren/esc50_siren_a3b366a4.wav
esc50_siren_b0ce84a3,siren,esc50,0.0,2.336,2.336,auto_accept,data/banks/foreground/siren/esc50_siren_b0ce84a3.wav
esc50_siren_b22c04d1,siren,esc50,0.219,4.571,4.352,auto_accept,data/banks/foreground/siren/esc50_siren_b22c04d1.wav
esc50_siren_b7b50b9b,siren,esc50,0.219,5.0,4.781,auto_accept,data/banks/foreground/siren/esc50_siren_b7b50b9b.wav
esc50_siren_ba6777f4,siren,esc50,2.774,4.252,1.478,auto_accept,data/banks/foreground/siren/esc50_siren_ba6777f4.wav
esc50_siren_bbde0117,siren,esc50,0.0,5.0,5.0,auto_accept,data/banks/foreground/siren/esc50_siren_bbde0117.wav
esc50_siren_bc3d8abd,siren,esc50,0.219,5.0,4.781,auto_accept,data/banks/foreground/siren/esc50_siren_bc3d8abd.wav
esc50_siren_d45df4c5,siren,esc50,0.0,2.655,2.655,auto_accept,data/banks/foreground/siren/esc50_siren_d45df4c5.wav
esc50_siren_de32c52b,siren,esc50,0.0,5.0,5.0,auto_accept,data/banks/foreground/siren/esc50_siren_de32c52b.wav
fsd50k_siren_05a02dee,siren,fsd50k,0.0,3.475,3.475,auto_accept,data/banks/foreground/siren/fsd50k_siren_05a02dee.wav
fsd50k_siren_2ac595df,siren,fsd50k,0.0,9.48,9.48,auto_accept,data/banks/foreground/siren/fsd50k_siren_2ac595df.wav
fsd50k_siren_2d9b43a8,siren,fsd50k,0.219,3.251,3.032,auto_accept,data/banks/foreground/siren/fsd50k_siren_2d9b43a8.wav
fsd50k_siren_80f07477,siren,fsd50k,8.219,10.979,2.76,auto_accept,data/banks/foreground/siren/fsd50k_siren_80f07477.wav
fsd50k_siren_b4c5f71e,siren,fsd50k,1.498,4.465,2.967,auto_accept,data/banks/foreground/siren/fsd50k_siren_b4c5f71e.wav
fsd50k_siren_bcb31de4,siren,fsd50k,16.218,25.377,9.159,auto_accept,data/banks/foreground/siren/fsd50k_siren_bcb31de4.wav
fsd50k_siren_efbf5ee2,siren,fsd50k,1.498,4.465,2.967,auto_accept,data/banks/foreground/siren/fsd50k_siren_efbf5ee2.wav
fsd50k_siren_fae0bd85,siren,fsd50k,0.0,4.509,4.509,auto_accept,data/banks/foreground/siren/fsd50k_siren_fae0bd85.wav
urbansound8k_siren_036b5e3c,siren,urbansound8k,0.0,4.0,4.0,auto_accept,data/banks/foreground/siren/urbansound8k_siren_036b5e3c.wav
urbansound8k_siren_07be1267,siren,urbansound8k,0.0,0.6,0.6,auto_accept,data/banks/foreground/siren/urbansound8k_siren_07be1267.wav
urbansound8k_siren_08e6e020,siren,urbansound8k,0.0,4.0,4.0,auto_accept,data/banks/foreground/siren/urbansound8k_siren_08e6e020.wav
urbansound8k_siren_0a672224,siren,urbansound8k,0.0,4.0,4.0,auto_accept,data/banks/foreground/siren/urbansound8k_siren_0a672224.wav
urbansound8k_siren_0d26856d,siren,urbansound8k,0.0,4.0,4.0,auto_accept,data/banks/foreground/siren/urbansound8k_siren_0d26856d.wav
urbansound8k_siren_0d3e7ab8,siren,urbansound8k,0.0,3.611,3.611,auto_accept,data/banks/foreground/siren/urbansound8k_siren_0d3e7ab8.wav
urbansound8k_siren_0e952d26,siren,urbansound8k,0.0,4.0,4.0,auto_accept,data/banks/foreground/siren/urbansound8k_siren_0e952d26.wav
urbansound8k_siren_0ebf5992,siren,urbansound8k,0.0,4.0,4.0,auto_accept,data/banks/foreground/siren/urbansound8k_siren_0ebf5992.wav
urbansound8k_siren_0f2b5dfb,siren,urbansound8k,0.0,4.0,4.0,auto_accept,data/banks/foreground/siren/urbansound8k_siren_0f2b5dfb.wav
urbansound8k_siren_10e04a8f,siren,urbansound8k,0.0,4.0,4.0,auto_accept,data/banks/foreground/siren/urbansound8k_siren_10e04a8f.wav
urbansound8k_siren_11987014,siren,urbansound8k,1.496,4.0,2.504,auto_accept,data/banks/foreground/siren/urbansound8k_siren_11987014.wav
urbansound8k_siren_13e92415,siren,urbansound8k,0.0,4.0,4.0,auto_accept,data/banks/foreground/siren/urbansound8k_siren_13e92415.wav
urbansound8k_siren_156a0ce2,siren,urbansound8k,0.0,4.0,4.0,auto_accept,data/banks/foreground/siren/urbansound8k_siren_156a0ce2.wav
urbansound8k_siren_15c272ab,siren,urbansound8k,0.0,4.0,4.0,auto_accept,data/banks/foreground/siren/urbansound8k_siren_15c272ab.wav
urbansound8k_siren_17f51c08,siren,urbansound8k,0.0,2.654,2.654,auto_accept,data/banks/foreground/siren/urbansound8k_siren_17f51c08.wav
urbansound8k_siren_19d765f8,siren,urbansound8k,0.0,4.0,4.0,auto_accept,data/banks/foreground/siren/urbansound8k_siren_19d765f8.wav
urbansound8k_siren_1b0dd58f,siren,urbansound8k,0.0,4.0,4.0,auto_accept,data/banks/foreground/siren/urbansound8k_siren_1b0dd58f.wav
urbansound8k_siren_1b541f6f,siren,urbansound8k,1.496,4.0,2.504,auto_accept,data/banks/foreground/siren/urbansound8k_siren_1b541f6f.wav
urbansound8k_siren_1bea12a7,siren,urbansound8k,0.0,4.0,4.0,auto_accept,data/banks/foreground/siren/urbansound8k_siren_1bea12a7.wav
urbansound8k_siren_1bf57859,siren,urbansound8k,0.0,4.0,4.0,auto_accept,data/banks/foreground/siren/urbansound8k_siren_1bf57859.wav
urbansound8k_siren_1cb376ba,siren,urbansound8k,0.0,4.0,4.0,auto_accept,data/banks/foreground/siren/urbansound8k_siren_1cb376ba.wav
urbansound8k_siren_1fa2fdc3,siren,urbansound8k,0.0,4.0,4.0,auto_accept,data/banks/foreground/siren/urbansound8k_siren_1fa2fdc3.wav
urbansound8k_siren_21352858,siren,urbansound8k,0.0,1.628,1.628,auto_accept,data/banks/foreground/siren/urbansound8k_siren_21352858.wav
urbansound8k_siren_234c57be,siren,urbansound8k,0.0,2.015,2.015,auto_accept,data/banks/foreground/siren/urbansound8k_siren_234c57be.wav
urbansound8k_siren_278fde31,siren,urbansound8k,1.177,4.0,2.823,auto_accept,data/banks/foreground/siren/urbansound8k_siren_278fde31.wav
urbansound8k_siren_283ecf66,siren,urbansound8k,0.0,4.0,4.0,auto_accept,data/banks/foreground/siren/urbansound8k_siren_283ecf66.wav
urbansound8k_siren_28a06ec2,siren,urbansound8k,0.0,4.0,4.0,auto_accept,data/banks/foreground/siren/urbansound8k_siren_28a06ec2.wav
urbansound8k_siren_29c4a0c6,siren,urbansound8k,0.0,2.334,2.334,auto_accept,data/banks/foreground/siren/urbansound8k_siren_29c4a0c6.wav
urbansound8k_siren_2a281c59,siren,urbansound8k,0.0,4.0,4.0,auto_accept,data/banks/foreground/siren/urbansound8k_siren_2a281c59.wav
urbansound8k_siren_2a5c93e6,siren,urbansound8k,0.0,4.0,4.0,auto_accept,data/banks/foreground/siren/urbansound8k_siren_2a5c93e6.wav
urbansound8k_siren_2b7cdc44,siren,urbansound8k,0.0,4.0,4.0,auto_accept,data/banks/foreground/siren/urbansound8k_siren_2b7cdc44.wav
urbansound8k_siren_2cebc051,siren,urbansound8k,0.0,3.292,3.292,auto_accept,data/banks/foreground/siren/urbansound8k_siren_2cebc051.wav
urbansound8k_siren_2e5ed892,siren,urbansound8k,0.0,4.0,4.0,auto_accept,data/banks/foreground/siren/urbansound8k_siren_2e5ed892.wav
urbansound8k_siren_2f6f44d7,siren,urbansound8k,0.0,4.0,4.0,auto_accept,data/banks/foreground/siren/urbansound8k_siren_2f6f44d7.wav
urbansound8k_siren_311f28ef,siren,urbansound8k,0.0,4.0,4.0,auto_accept,data/banks/foreground/siren/urbansound8k_siren_311f28ef.wav
urbansound8k_siren_31c90725,siren,urbansound8k,0.0,1.058,1.058,auto_accept,data/banks/foreground/siren/urbansound8k_siren_31c90725.wav
urbansound8k_siren_3241c6c9,siren,urbansound8k,1.177,3.292,2.115,auto_accept,data/banks/foreground/siren/urbansound8k_siren_3241c6c9.wav
urbansound8k_siren_326d63a9,siren,urbansound8k,0.0,2.654,2.654,auto_accept,data/banks/foreground/siren/urbansound8k_siren_326d63a9.wav
urbansound8k_siren_3593cd72,siren,urbansound8k,0.0,1.377,1.377,auto_accept,data/banks/foreground/siren/urbansound8k_siren_3593cd72.wav
urbansound8k_siren_35bbacdf,siren,urbansound8k,0.0,4.0,4.0,auto_accept,data/banks/foreground/siren/urbansound8k_siren_35bbacdf.wav
urbansound8k_siren_39a9c160,siren,urbansound8k,0.0,4.0,4.0,auto_accept,data/banks/foreground/siren/urbansound8k_siren_39a9c160.wav
urbansound8k_siren_3a34dcbe,siren,urbansound8k,0.0,4.0,4.0,auto_accept,data/banks/foreground/siren/urbansound8k_siren_3a34dcbe.wav
urbansound8k_siren_3bcf901c,siren,urbansound8k,0.0,4.0,4.0,auto_accept,data/banks/foreground/siren/urbansound8k_siren_3bcf901c.wav
urbansound8k_siren_3c680fc6,siren,urbansound8k,0.0,4.0,4.0,auto_accept,data/banks/foreground/siren/urbansound8k_siren_3c680fc6.wav
urbansound8k_siren_3c818f8c,siren,urbansound8k,0.0,4.0,4.0,auto_accept,data/banks/foreground/siren/urbansound8k_siren_3c818f8c.wav
urbansound8k_siren_3cb3f9ab,siren,urbansound8k,0.0,4.0,4.0,auto_accept,data/banks/foreground/siren/urbansound8k_siren_3cb3f9ab.wav
urbansound8k_siren_3de507ba,siren,urbansound8k,0.0,4.0,4.0,auto_accept,data/banks/foreground/siren/urbansound8k_siren_3de507ba.wav
urbansound8k_siren_3f6e3b98,siren,urbansound8k,0.0,4.0,4.0,auto_accept,data/banks/foreground/siren/urbansound8k_siren_3f6e3b98.wav
urbansound8k_siren_3f9d4c16,siren,urbansound8k,0.0,1.696,1.696,auto_accept,data/banks/foreground/siren/urbansound8k_siren_3f9d4c16.wav
urbansound8k_siren_3fb8b4ea,siren,urbansound8k,0.0,4.0,4.0,auto_accept,data/banks/foreground/siren/urbansound8k_siren_3fb8b4ea.wav
urbansound8k_siren_404d006f,siren,urbansound8k,0.219,1.696,1.477,auto_accept,data/banks/foreground/siren/urbansound8k_siren_404d006f.wav
urbansound8k_siren_4194ce04,siren,urbansound8k,0.0,4.0,4.0,auto_accept,data/banks/foreground/siren/urbansound8k_siren_4194ce04.wav
urbansound8k_siren_440b593a,siren,urbansound8k,0.0,4.0,4.0,auto_accept,data/banks/foreground/siren/urbansound8k_siren_440b593a.wav
urbansound8k_siren_452bae67,siren,urbansound8k,0.0,1.696,1.696,auto_accept,data/banks/foreground/siren/urbansound8k_siren_452bae67.wav
urbansound8k_siren_4625f4ba,siren,urbansound8k,0.0,4.0,4.0,auto_accept,data/banks/foreground/siren/urbansound8k_siren_4625f4ba.wav
urbansound8k_siren_4780eab7,siren,urbansound8k,0.0,4.0,4.0,auto_accept,data/banks/foreground/siren/urbansound8k_siren_4780eab7.wav
urbansound8k_siren_479631de,siren,urbansound8k,0.0,4.0,4.0,auto_accept,data/banks/foreground/siren/urbansound8k_siren_479631de.wav
urbansound8k_siren_47f12353,siren,urbansound8k,0.219,2.334,2.115,auto_accept,data/banks/foreground/siren/urbansound8k_siren_47f12353.wav
urbansound8k_siren_4986649e,siren,urbansound8k,0.0,4.0,4.0,auto_accept,data/banks/foreground/siren/urbansound8k_siren_4986649e.wav
urbansound8k_siren_4a17f504,siren,urbansound8k,0.0,4.0,4.0,auto_accept,data/banks/foreground/siren/urbansound8k_siren_4a17f504.wav
urbansound8k_siren_4c081e95,siren,urbansound8k,0.0,1.358,1.358,auto_accept,data/banks/foreground/siren/urbansound8k_siren_4c081e95.wav
urbansound8k_siren_4cca8751,siren,urbansound8k,0.0,4.0,4.0,auto_accept,data/banks/foreground/siren/urbansound8k_siren_4cca8751.wav
urbansound8k_siren_4ccc5c20,siren,urbansound8k,0.0,4.0,4.0,auto_accept,data/banks/foreground/siren/urbansound8k_siren_4ccc5c20.wav
urbansound8k_siren_4df2276c,siren,urbansound8k,0.0,4.0,4.0,auto_accept,data/banks/foreground/siren/urbansound8k_siren_4df2276c.wav
urbansound8k_siren_4e93dd63,siren,urbansound8k,0.0,4.0,4.0,auto_accept,data/banks/foreground/siren/urbansound8k_siren_4e93dd63.wav
urbansound8k_siren_4edc8417,siren,urbansound8k,0.219,2.015,1.796,auto_accept,data/banks/foreground/siren/urbansound8k_siren_4edc8417.wav
urbansound8k_siren_4edf363b,siren,urbansound8k,0.0,4.0,4.0,auto_accept,data/banks/foreground/siren/urbansound8k_siren_4edf363b.wav
urbansound8k_siren_4ee71633,siren,urbansound8k,0.0,4.0,4.0,auto_accept,data/banks/foreground/siren/urbansound8k_siren_4ee71633.wav
urbansound8k_siren_4fdfabb7,siren,urbansound8k,0.0,2.37,2.37,auto_accept,data/banks/foreground/siren/urbansound8k_siren_4fdfabb7.wav
urbansound8k_siren_50db7272,siren,urbansound8k,0.0,4.0,4.0,auto_accept,data/banks/foreground/siren/urbansound8k_siren_50db7272.wav
urbansound8k_siren_5509fcbb,siren,urbansound8k,0.0,4.0,4.0,auto_accept,data/banks/foreground/siren/urbansound8k_siren_5509fcbb.wav
urbansound8k_siren_5587230e,siren,urbansound8k,0.0,4.0,4.0,auto_accept,data/banks/foreground/siren/urbansound8k_siren_5587230e.wav
urbansound8k_siren_57293304,siren,urbansound8k,0.0,4.0,4.0,auto_accept,data/banks/foreground/siren/urbansound8k_siren_57293304.wav
urbansound8k_siren_5803f769,siren,urbansound8k,0.0,3.292,3.292,auto_accept,data/banks/foreground/siren/urbansound8k_siren_5803f769.wav
urbansound8k_siren_5815e3d5,siren,urbansound8k,0.0,0.746,0.746,auto_accept,data/banks/foreground/siren/urbansound8k_siren_5815e3d5.wav
urbansound8k_siren_59d64464,siren,urbansound8k,0.0,4.0,4.0,auto_accept,data/banks/foreground/siren/urbansound8k_siren_59d64464.wav
urbansound8k_siren_59fa9921,siren,urbansound8k,1.177,4.0,2.823,auto_accept,data/banks/foreground/siren/urbansound8k_siren_59fa9921.wav
urbansound8k_siren_5a23bf22,siren,urbansound8k,0.0,3.292,3.292,auto_accept,data/banks/foreground/siren/urbansound8k_siren_5a23bf22.wav
urbansound8k_siren_5a5b7cb0,siren,urbansound8k,0.0,4.0,4.0,auto_accept,data/banks/foreground/siren/urbansound8k_siren_5a5b7cb0.wav
urbansound8k_siren_5aeaf3c2,siren,urbansound8k,0.0,4.0,4.0,auto_accept,data/banks/foreground/siren/urbansound8k_siren_5aeaf3c2.wav
urbansound8k_siren_5c32fae2,siren,urbansound8k,0.0,4.0,4.0,auto_accept,data/banks/foreground/siren/urbansound8k_siren_5c32fae2.wav
urbansound8k_siren_5d7fd90a,siren,urbansound8k,0.0,4.0,4.0,auto_accept,data/banks/foreground/siren/urbansound8k_siren_5d7fd90a.wav
urbansound8k_siren_606016bb,siren,urbansound8k,0.0,4.0,4.0,auto_accept,data/banks/foreground/siren/urbansound8k_siren_606016bb.wav
urbansound8k_siren_607d2ad4,siren,urbansound8k,2.134,4.0,1.866,auto_accept,data/banks/foreground/siren/urbansound8k_siren_607d2ad4.wav
urbansound8k_siren_60bd09bf,siren,urbansound8k,0.0,4.0,4.0,auto_accept,data/banks/foreground/siren/urbansound8k_siren_60bd09bf.wav
urbansound8k_siren_6144c9d5,siren,urbansound8k,0.0,4.0,4.0,auto_accept,data/banks/foreground/siren/urbansound8k_siren_6144c9d5.wav
urbansound8k_siren_62d659a9,siren,urbansound8k,0.0,4.0,4.0,auto_accept,data/banks/foreground/siren/urbansound8k_siren_62d659a9.wav
urbansound8k_siren_63dfdc09,siren,urbansound8k,0.219,2.334,2.115,auto_accept,data/banks/foreground/siren/urbansound8k_siren_63dfdc09.wav
urbansound8k_siren_65565907,siren,urbansound8k,0.0,4.0,4.0,auto_accept,data/banks/foreground/siren/urbansound8k_siren_65565907.wav
urbansound8k_siren_658ea2a5,siren,urbansound8k,0.0,4.0,4.0,auto_accept,data/banks/foreground/siren/urbansound8k_siren_658ea2a5.wav
urbansound8k_siren_659ae46c,siren,urbansound8k,0.0,4.0,4.0,auto_accept,data/banks/foreground/siren/urbansound8k_siren_659ae46c.wav
urbansound8k_siren_664e8fc9,siren,urbansound8k,0.0,4.0,4.0,auto_accept,data/banks/foreground/siren/urbansound8k_siren_664e8fc9.wav
urbansound8k_siren_669f6d1b,siren,urbansound8k,0.0,2.015,2.015,auto_accept,data/banks/foreground/siren/urbansound8k_siren_669f6d1b.wav
urbansound8k_siren_67240935,siren,urbansound8k,0.0,4.0,4.0,auto_accept,data/banks/foreground/siren/urbansound8k_siren_67240935.wav
urbansound8k_siren_6731e286,siren,urbansound8k,0.0,4.0,4.0,auto_accept,data/banks/foreground/siren/urbansound8k_siren_6731e286.wav
urbansound8k_siren_676f2740,siren,urbansound8k,0.219,4.0,3.781,auto_accept,data/banks/foreground/siren/urbansound8k_siren_676f2740.wav
urbansound8k_siren_6a34f8a1,siren,urbansound8k,0.0,4.0,4.0,auto_accept,data/banks/foreground/siren/urbansound8k_siren_6a34f8a1.wav
urbansound8k_siren_6b3cce01,siren,urbansound8k,0.0,4.0,4.0,auto_accept,data/banks/foreground/siren/urbansound8k_siren_6b3cce01.wav
urbansound8k_siren_6baaeb01,siren,urbansound8k,0.0,3.292,3.292,auto_accept,data/banks/foreground/siren/urbansound8k_siren_6baaeb01.wav
urbansound8k_siren_6c4874b7,siren,urbansound8k,0.0,4.0,4.0,auto_accept,data/banks/foreground/siren/urbansound8k_siren_6c4874b7.wav
urbansound8k_siren_6c8660d1,siren,urbansound8k,2.134,4.0,1.866,auto_accept,data/banks/foreground/siren/urbansound8k_siren_6c8660d1.wav
urbansound8k_siren_6cdcee94,siren,urbansound8k,0.0,4.0,4.0,auto_accept,data/banks/foreground/siren/urbansound8k_siren_6cdcee94.wav
urbansound8k_siren_6d2c7338,siren,urbansound8k,2.134,4.0,1.866,auto_accept,data/banks/foreground/siren/urbansound8k_siren_6d2c7338.wav
urbansound8k_siren_6d5893b6,siren,urbansound8k,0.0,4.0,4.0,auto_accept,data/banks/foreground/siren/urbansound8k_siren_6d5893b6.wav
urbansound8k_siren_6dd35b1d,siren,urbansound8k,0.0,4.0,4.0,auto_accept,data/banks/foreground/siren/urbansound8k_siren_6dd35b1d.wav
urbansound8k_siren_6ddccfa2,siren,urbansound8k,2.134,3.611,1.477,auto_accept,data/banks/foreground/siren/urbansound8k_siren_6ddccfa2.wav
urbansound8k_siren_711d7c78,siren,urbansound8k,0.0,4.0,4.0,auto_accept,data/banks/foreground/siren/urbansound8k_siren_711d7c78.wav
urbansound8k_siren_7161f98d,siren,urbansound8k,0.0,4.0,4.0,auto_accept,data/banks/foreground/siren/urbansound8k_siren_7161f98d.wav
urbansound8k_siren_72bc3375,siren,urbansound8k,0.0,1.409,1.409,auto_accept,data/banks/foreground/siren/urbansound8k_siren_72bc3375.wav
urbansound8k_siren_7472d43b,siren,urbansound8k,0.0,4.0,4.0,auto_accept,data/banks/foreground/siren/urbansound8k_siren_7472d43b.wav
urbansound8k_siren_754ebe2e,siren,urbansound8k,0.0,4.0,4.0,auto_accept,data/banks/foreground/siren/urbansound8k_siren_754ebe2e.wav
urbansound8k_siren_76ddf358,siren,urbansound8k,0.0,4.0,4.0,auto_accept,data/banks/foreground/siren/urbansound8k_siren_76ddf358.wav
urbansound8k_siren_77615538,siren,urbansound8k,0.0,4.0,4.0,auto_accept,data/banks/foreground/siren/urbansound8k_siren_77615538.wav
urbansound8k_siren_7839d5eb,siren,urbansound8k,0.0,4.0,4.0,auto_accept,data/banks/foreground/siren/urbansound8k_siren_7839d5eb.wav
urbansound8k_siren_78b2cbf4,siren,urbansound8k,0.0,4.0,4.0,auto_accept,data/banks/foreground/siren/urbansound8k_siren_78b2cbf4.wav
urbansound8k_siren_78b9592a,siren,urbansound8k,0.0,3.611,3.611,auto_accept,data/banks/foreground/siren/urbansound8k_siren_78b9592a.wav
urbansound8k_siren_78cdc404,siren,urbansound8k,0.219,4.0,3.781,auto_accept,data/banks/foreground/siren/urbansound8k_siren_78cdc404.wav
urbansound8k_siren_7c09304e,siren,urbansound8k,0.0,4.0,4.0,auto_accept,data/banks/foreground/siren/urbansound8k_siren_7c09304e.wav
urbansound8k_siren_7c66526d,siren,urbansound8k,0.0,4.0,4.0,auto_accept,data/banks/foreground/siren/urbansound8k_siren_7c66526d.wav
urbansound8k_siren_7d963295,siren,urbansound8k,0.0,4.0,4.0,auto_accept,data/banks/foreground/siren/urbansound8k_siren_7d963295.wav
urbansound8k_siren_80b513de,siren,urbansound8k,0.0,1.377,1.377,auto_accept,data/banks/foreground/siren/urbansound8k_siren_80b513de.wav
urbansound8k_siren_82da27de,siren,urbansound8k,0.0,4.0,4.0,auto_accept,data/banks/foreground/siren/urbansound8k_siren_82da27de.wav
urbansound8k_siren_83bf9906,siren,urbansound8k,0.0,4.0,4.0,auto_accept,data/banks/foreground/siren/urbansound8k_siren_83bf9906.wav
urbansound8k_siren_85127a7e,siren,urbansound8k,0.0,4.0,4.0,auto_accept,data/banks/foreground/siren/urbansound8k_siren_85127a7e.wav
urbansound8k_siren_888438ca,siren,urbansound8k,0.0,4.0,4.0,auto_accept,data/banks/foreground/siren/urbansound8k_siren_888438ca.wav
urbansound8k_siren_8adfb60f,siren,urbansound8k,0.0,4.0,4.0,auto_accept,data/banks/foreground/siren/urbansound8k_siren_8adfb60f.wav
urbansound8k_siren_8e50d1d8,siren,urbansound8k,0.0,4.0,4.0,auto_accept,data/banks/foreground/siren/urbansound8k_siren_8e50d1d8.wav
urbansound8k_siren_8f3ffe1e,siren,urbansound8k,0.0,4.0,4.0,auto_accept,data/banks/foreground/siren/urbansound8k_siren_8f3ffe1e.wav
urbansound8k_siren_9079a8af,siren,urbansound8k,0.0,4.0,4.0,auto_accept,data/banks/foreground/siren/urbansound8k_siren_9079a8af.wav
urbansound8k_siren_93505f23,siren,urbansound8k,0.0,4.0,4.0,auto_accept,data/banks/foreground/siren/urbansound8k_siren_93505f23.wav
urbansound8k_siren_93852caa,siren,urbansound8k,0.0,4.0,4.0,auto_accept,data/banks/foreground/siren/urbansound8k_siren_93852caa.wav
urbansound8k_siren_942a2dad,siren,urbansound8k,0.0,4.0,4.0,auto_accept,data/banks/foreground/siren/urbansound8k_siren_942a2dad.wav
urbansound8k_siren_966e23f4,siren,urbansound8k,0.0,4.0,4.0,auto_accept,data/banks/foreground/siren/urbansound8k_siren_966e23f4.wav
urbansound8k_siren_96d9d4d2,siren,urbansound8k,1.177,3.292,2.115,auto_accept,data/banks/foreground/siren/urbansound8k_siren_96d9d4d2.wav
urbansound8k_siren_9850cab6,siren,urbansound8k,0.0,4.0,4.0,auto_accept,data/banks/foreground/siren/urbansound8k_siren_9850cab6.wav
urbansound8k_siren_99e437a2,siren,urbansound8k,0.0,4.0,4.0,auto_accept,data/banks/foreground/siren/urbansound8k_siren_99e437a2.wav
urbansound8k_siren_9a369faf,siren,urbansound8k,0.0,2.654,2.654,auto_accept,data/banks/foreground/siren/urbansound8k_siren_9a369faf.wav
urbansound8k_siren_9be480ea,siren,urbansound8k,0.0,4.0,4.0,auto_accept,data/banks/foreground/siren/urbansound8k_siren_9be480ea.wav
urbansound8k_siren_9d9736e1,siren,urbansound8k,0.0,4.0,4.0,auto_accept,data/banks/foreground/siren/urbansound8k_siren_9d9736e1.wav
urbansound8k_siren_9d9a2340,siren,urbansound8k,0.0,0.928,0.928,auto_accept,data/banks/foreground/siren/urbansound8k_siren_9d9a2340.wav
urbansound8k_siren_9e8ad5ea,siren,urbansound8k,0.0,4.0,4.0,auto_accept,data/banks/foreground/siren/urbansound8k_siren_9e8ad5ea.wav
urbansound8k_siren_9f7d9a2f,siren,urbansound8k,0.0,4.0,4.0,auto_accept,data/banks/foreground/siren/urbansound8k_siren_9f7d9a2f.wav
urbansound8k_siren_a13f7c69,siren,urbansound8k,0.0,4.0,4.0,auto_accept,data/banks/foreground/siren/urbansound8k_siren_a13f7c69.wav
urbansound8k_siren_a1e573d1,siren,urbansound8k,0.0,4.0,4.0,auto_accept,data/banks/foreground/siren/urbansound8k_siren_a1e573d1.wav
urbansound8k_siren_a2bc04be,siren,urbansound8k,0.0,0.596,0.596,auto_accept,data/banks/foreground/siren/urbansound8k_siren_a2bc04be.wav
urbansound8k_siren_a33ca9c2,siren,urbansound8k,0.0,4.0,4.0,auto_accept,data/banks/foreground/siren/urbansound8k_siren_a33ca9c2.wav
urbansound8k_siren_a3e99e88,siren,urbansound8k,0.0,4.0,4.0,auto_accept,data/banks/foreground/siren/urbansound8k_siren_a3e99e88.wav
urbansound8k_siren_a5f9bc54,siren,urbansound8k,0.0,4.0,4.0,auto_accept,data/banks/foreground/siren/urbansound8k_siren_a5f9bc54.wav
urbansound8k_siren_a7ffd46e,siren,urbansound8k,0.0,4.0,4.0,auto_accept,data/banks/foreground/siren/urbansound8k_siren_a7ffd46e.wav
urbansound8k_siren_a8ab59c3,siren,urbansound8k,0.0,3.611,3.611,auto_accept,data/banks/foreground/siren/urbansound8k_siren_a8ab59c3.wav
urbansound8k_siren_a974257a,siren,urbansound8k,0.0,4.0,4.0,auto_accept,data/banks/foreground/siren/urbansound8k_siren_a974257a.wav
urbansound8k_siren_a9e1346a,siren,urbansound8k,0.0,4.0,4.0,auto_accept,data/banks/foreground/siren/urbansound8k_siren_a9e1346a.wav
urbansound8k_siren_abc5368a,siren,urbansound8k,0.0,4.0,4.0,auto_accept,data/banks/foreground/siren/urbansound8k_siren_abc5368a.wav
urbansound8k_siren_acb662d1,siren,urbansound8k,0.0,4.0,4.0,auto_accept,data/banks/foreground/siren/urbansound8k_siren_acb662d1.wav
urbansound8k_siren_ad4407e8,siren,urbansound8k,0.0,3.611,3.611,auto_accept,data/banks/foreground/siren/urbansound8k_siren_ad4407e8.wav
urbansound8k_siren_ad6de051,siren,urbansound8k,0.0,4.0,4.0,auto_accept,data/banks/foreground/siren/urbansound8k_siren_ad6de051.wav
urbansound8k_siren_b146157b,siren,urbansound8k,0.0,4.0,4.0,auto_accept,data/banks/foreground/siren/urbansound8k_siren_b146157b.wav
urbansound8k_siren_b23c1a23,siren,urbansound8k,0.0,4.0,4.0,auto_accept,data/banks/foreground/siren/urbansound8k_siren_b23c1a23.wav
urbansound8k_siren_b293e55a,siren,urbansound8k,0.0,4.0,4.0,auto_accept,data/banks/foreground/siren/urbansound8k_siren_b293e55a.wav
urbansound8k_siren_b3c8055d,siren,urbansound8k,0.0,1.058,1.058,auto_accept,data/banks/foreground/siren/urbansound8k_siren_b3c8055d.wav
urbansound8k_siren_b3d9b17c,siren,urbansound8k,0.0,1.377,1.377,auto_accept,data/banks/foreground/siren/urbansound8k_siren_b3d9b17c.wav
urbansound8k_siren_b3f94f26,siren,urbansound8k,0.0,4.0,4.0,auto_accept,data/banks/foreground/siren/urbansound8k_siren_b3f94f26.wav
urbansound8k_siren_b55e1ab5,siren,urbansound8k,0.0,4.0,4.0,auto_accept,data/banks/foreground/siren/urbansound8k_siren_b55e1ab5.wav
urbansound8k_siren_b5717918,siren,urbansound8k,0.0,4.0,4.0,auto_accept,data/banks/foreground/siren/urbansound8k_siren_b5717918.wav
urbansound8k_siren_b66905fa,siren,urbansound8k,0.0,4.0,4.0,auto_accept,data/banks/foreground/siren/urbansound8k_siren_b66905fa.wav
urbansound8k_siren_b6a8e7be,siren,urbansound8k,0.0,4.0,4.0,auto_accept,data/banks/foreground/siren/urbansound8k_siren_b6a8e7be.wav
urbansound8k_siren_b74ce51b,siren,urbansound8k,0.0,4.0,4.0,auto_accept,data/banks/foreground/siren/urbansound8k_siren_b74ce51b.wav
urbansound8k_siren_b7b9ce4e,siren,urbansound8k,0.0,4.0,4.0,auto_accept,data/banks/foreground/siren/urbansound8k_siren_b7b9ce4e.wav
urbansound8k_siren_b8a201b8,siren,urbansound8k,0.0,4.0,4.0,auto_accept,data/banks/foreground/siren/urbansound8k_siren_b8a201b8.wav
urbansound8k_siren_bb3eeaba,siren,urbansound8k,0.0,4.0,4.0,auto_accept,data/banks/foreground/siren/urbansound8k_siren_bb3eeaba.wav
urbansound8k_siren_bda498d7,siren,urbansound8k,0.0,4.0,4.0,auto_accept,data/banks/foreground/siren/urbansound8k_siren_bda498d7.wav
urbansound8k_siren_bdc130d1,siren,urbansound8k,0.0,4.0,4.0,auto_accept,data/banks/foreground/siren/urbansound8k_siren_bdc130d1.wav
urbansound8k_siren_beefb800,siren,urbansound8k,0.0,4.0,4.0,auto_accept,data/banks/foreground/siren/urbansound8k_siren_beefb800.wav
urbansound8k_siren_bf509e57,siren,urbansound8k,0.0,3.611,3.611,auto_accept,data/banks/foreground/siren/urbansound8k_siren_bf509e57.wav
urbansound8k_siren_c1d9396a,siren,urbansound8k,0.0,4.0,4.0,auto_accept,data/banks/foreground/siren/urbansound8k_siren_c1d9396a.wav
urbansound8k_siren_c35fd9f6,siren,urbansound8k,0.0,4.0,4.0,auto_accept,data/banks/foreground/siren/urbansound8k_siren_c35fd9f6.wav
urbansound8k_siren_c494d69c,siren,urbansound8k,2.773,4.0,1.227,auto_accept,data/banks/foreground/siren/urbansound8k_siren_c494d69c.wav
urbansound8k_siren_c4979722,siren,urbansound8k,0.0,4.0,4.0,auto_accept,data/banks/foreground/siren/urbansound8k_siren_c4979722.wav
urbansound8k_siren_c4e1a80e,siren,urbansound8k,0.0,3.611,3.611,auto_accept,data/banks/foreground/siren/urbansound8k_siren_c4e1a80e.wav
urbansound8k_siren_c5137d90,siren,urbansound8k,0.0,2.654,2.654,auto_accept,data/banks/foreground/siren/urbansound8k_siren_c5137d90.wav
urbansound8k_siren_c60b1618,siren,urbansound8k,0.0,4.0,4.0,auto_accept,data/banks/foreground/siren/urbansound8k_siren_c60b1618.wav
urbansound8k_siren_c6e55f6f,siren,urbansound8k,0.538,4.0,3.462,auto_accept,data/banks/foreground/siren/urbansound8k_siren_c6e55f6f.wav
urbansound8k_siren_c7322f43,siren,urbansound8k,0.0,4.0,4.0,auto_accept,data/banks/foreground/siren/urbansound8k_siren_c7322f43.wav
urbansound8k_siren_c760dc15,siren,urbansound8k,0.0,4.0,4.0,auto_accept,data/banks/foreground/siren/urbansound8k_siren_c760dc15.wav
urbansound8k_siren_c77385bc,siren,urbansound8k,0.0,4.0,4.0,auto_accept,data/banks/foreground/siren/urbansound8k_siren_c77385bc.wav
urbansound8k_siren_c79537ff,siren,urbansound8k,0.0,4.0,4.0,auto_accept,data/banks/foreground/siren/urbansound8k_siren_c79537ff.wav
urbansound8k_siren_c7bc5f3c,siren,urbansound8k,0.0,4.0,4.0,auto_accept,data/banks/foreground/siren/urbansound8k_siren_c7bc5f3c.wav
urbansound8k_siren_c8651c92,siren,urbansound8k,0.0,4.0,4.0,auto_accept,data/banks/foreground/siren/urbansound8k_siren_c8651c92.wav
urbansound8k_siren_c87353cc,siren,urbansound8k,0.0,1.696,1.696,auto_accept,data/banks/foreground/siren/urbansound8k_siren_c87353cc.wav
urbansound8k_siren_c89db2ce,siren,urbansound8k,2.454,4.0,1.546,auto_accept,data/banks/foreground/siren/urbansound8k_siren_c89db2ce.wav
urbansound8k_siren_c8a3a6d1,siren,urbansound8k,0.0,4.0,4.0,auto_accept,data/banks/foreground/siren/urbansound8k_siren_c8a3a6d1.wav
urbansound8k_siren_c92f2e45,siren,urbansound8k,0.0,4.0,4.0,auto_accept,data/banks/foreground/siren/urbansound8k_siren_c92f2e45.wav
urbansound8k_siren_c95176e2,siren,urbansound8k,0.0,4.0,4.0,auto_accept,data/banks/foreground/siren/urbansound8k_siren_c95176e2.wav
urbansound8k_siren_c9811ece,siren,urbansound8k,0.0,4.0,4.0,auto_accept,data/banks/foreground/siren/urbansound8k_siren_c9811ece.wav
urbansound8k_siren_cb90186e,siren,urbansound8k,0.0,3.292,3.292,auto_accept,data/banks/foreground/siren/urbansound8k_siren_cb90186e.wav
urbansound8k_siren_ccd57ad8,siren,urbansound8k,0.0,4.0,4.0,auto_accept,data/banks/foreground/siren/urbansound8k_siren_ccd57ad8.wav
urbansound8k_siren_cde131df,siren,urbansound8k,0.0,4.0,4.0,auto_accept,data/banks/foreground/siren/urbansound8k_siren_cde131df.wav
urbansound8k_siren_cf97ba4d,siren,urbansound8k,0.0,0.59,0.59,auto_accept,data/banks/foreground/siren/urbansound8k_siren_cf97ba4d.wav
urbansound8k_siren_cfce3d04,siren,urbansound8k,0.0,0.8,0.8,auto_accept,data/banks/foreground/siren/urbansound8k_siren_cfce3d04.wav
urbansound8k_siren_cfe5254f,siren,urbansound8k,0.0,3.611,3.611,auto_accept,data/banks/foreground/siren/urbansound8k_siren_cfe5254f.wav
urbansound8k_siren_d1428dba,siren,urbansound8k,0.0,4.0,4.0,auto_accept,data/banks/foreground/siren/urbansound8k_siren_d1428dba.wav
urbansound8k_siren_d1be7430,siren,urbansound8k,0.0,4.0,4.0,auto_accept,data/banks/foreground/siren/urbansound8k_siren_d1be7430.wav
urbansound8k_siren_d21202f9,siren,urbansound8k,0.0,4.0,4.0,auto_accept,data/banks/foreground/siren/urbansound8k_siren_d21202f9.wav
urbansound8k_siren_d2126f44,siren,urbansound8k,0.0,4.0,4.0,auto_accept,data/banks/foreground/siren/urbansound8k_siren_d2126f44.wav
urbansound8k_siren_d4310150,siren,urbansound8k,0.0,4.0,4.0,auto_accept,data/banks/foreground/siren/urbansound8k_siren_d4310150.wav
urbansound8k_siren_d48faad1,siren,urbansound8k,0.0,4.0,4.0,auto_accept,data/banks/foreground/siren/urbansound8k_siren_d48faad1.wav
urbansound8k_siren_d500369b,siren,urbansound8k,0.858,2.654,1.796,auto_accept,data/banks/foreground/siren/urbansound8k_siren_d500369b.wav
urbansound8k_siren_d5baf0da,siren,urbansound8k,0.0,2.973,2.973,auto_accept,data/banks/foreground/siren/urbansound8k_siren_d5baf0da.wav
urbansound8k_siren_d6456790,siren,urbansound8k,0.0,2.015,2.015,auto_accept,data/banks/foreground/siren/urbansound8k_siren_d6456790.wav
urbansound8k_siren_d6a0e8be,siren,urbansound8k,0.0,4.0,4.0,auto_accept,data/banks/foreground/siren/urbansound8k_siren_d6a0e8be.wav
urbansound8k_siren_d712ed35,siren,urbansound8k,0.0,4.0,4.0,auto_accept,data/banks/foreground/siren/urbansound8k_siren_d712ed35.wav
urbansound8k_siren_d87d1216,siren,urbansound8k,0.0,2.015,2.015,auto_accept,data/banks/foreground/siren/urbansound8k_siren_d87d1216.wav
urbansound8k_siren_d88b6cd9,siren,urbansound8k,0.0,1.696,1.696,auto_accept,data/banks/foreground/siren/urbansound8k_siren_d88b6cd9.wav
urbansound8k_siren_d918c93b,siren,urbansound8k,0.0,4.0,4.0,auto_accept,data/banks/foreground/siren/urbansound8k_siren_d918c93b.wav
urbansound8k_siren_d9a94c05,siren,urbansound8k,0.0,4.0,4.0,auto_accept,data/banks/foreground/siren/urbansound8k_siren_d9a94c05.wav
urbansound8k_siren_da12f55c,siren,urbansound8k,1.177,3.611,2.434,auto_accept,data/banks/foreground/siren/urbansound8k_siren_da12f55c.wav
urbansound8k_siren_da52643d,siren,urbansound8k,0.0,4.0,4.0,auto_accept,data/banks/foreground/siren/urbansound8k_siren_da52643d.wav
urbansound8k_siren_db576a41,siren,urbansound8k,2.134,4.0,1.866,auto_accept,data/banks/foreground/siren/urbansound8k_siren_db576a41.wav
urbansound8k_siren_db634490,siren,urbansound8k,0.0,4.0,4.0,auto_accept,data/banks/foreground/siren/urbansound8k_siren_db634490.wav
urbansound8k_siren_dc305a4f,siren,urbansound8k,0.0,4.0,4.0,auto_accept,data/banks/foreground/siren/urbansound8k_siren_dc305a4f.wav
urbansound8k_siren_dc360e60,siren,urbansound8k,0.0,4.0,4.0,auto_accept,data/banks/foreground/siren/urbansound8k_siren_dc360e60.wav
urbansound8k_siren_dd2769f2,siren,urbansound8k,0.0,4.0,4.0,auto_accept,data/banks/foreground/siren/urbansound8k_siren_dd2769f2.wav
urbansound8k_siren_e0153327,siren,urbansound8k,0.0,4.0,4.0,auto_accept,data/banks/foreground/siren/urbansound8k_siren_e0153327.wav
urbansound8k_siren_e0a891db,siren,urbansound8k,0.0,4.0,4.0,auto_accept,data/banks/foreground/siren/urbansound8k_siren_e0a891db.wav
urbansound8k_siren_e2a89238,siren,urbansound8k,0.0,4.0,4.0,auto_accept,data/banks/foreground/siren/urbansound8k_siren_e2a89238.wav
urbansound8k_siren_e4bb8b9a,siren,urbansound8k,0.0,4.0,4.0,auto_accept,data/banks/foreground/siren/urbansound8k_siren_e4bb8b9a.wav
urbansound8k_siren_e4f1a722,siren,urbansound8k,0.858,4.0,3.142,auto_accept,data/banks/foreground/siren/urbansound8k_siren_e4f1a722.wav
urbansound8k_siren_e5e063dc,siren,urbansound8k,0.0,4.0,4.0,auto_accept,data/banks/foreground/siren/urbansound8k_siren_e5e063dc.wav
urbansound8k_siren_e69b1a0f,siren,urbansound8k,0.0,4.0,4.0,auto_accept,data/banks/foreground/siren/urbansound8k_siren_e69b1a0f.wav
urbansound8k_siren_e7856fa4,siren,urbansound8k,0.0,4.0,4.0,auto_accept,data/banks/foreground/siren/urbansound8k_siren_e7856fa4.wav
urbansound8k_siren_e8a8bd03,siren,urbansound8k,0.0,4.0,4.0,auto_accept,data/banks/foreground/siren/urbansound8k_siren_e8a8bd03.wav
urbansound8k_siren_eaa71ec5,siren,urbansound8k,0.0,4.0,4.0,auto_accept,data/banks/foreground/siren/urbansound8k_siren_eaa71ec5.wav
urbansound8k_siren_ece42c50,siren,urbansound8k,0.0,4.0,4.0,auto_accept,data/banks/foreground/siren/urbansound8k_siren_ece42c50.wav
urbansound8k_siren_ee43b3f1,siren,urbansound8k,0.0,3.015,3.015,auto_accept,data/banks/foreground/siren/urbansound8k_siren_ee43b3f1.wav
urbansound8k_siren_ef611b03,siren,urbansound8k,0.0,4.0,4.0,auto_accept,data/banks/foreground/siren/urbansound8k_siren_ef611b03.wav
urbansound8k_siren_f01147e8,siren,urbansound8k,0.0,1.377,1.377,auto_accept,data/banks/foreground/siren/urbansound8k_siren_f01147e8.wav
urbansound8k_siren_f02e6136,siren,urbansound8k,0.0,1.058,1.058,auto_accept,data/banks/foreground/siren/urbansound8k_siren_f02e6136.wav
urbansound8k_siren_f0a0001e,siren,urbansound8k,0.0,2.654,2.654,auto_accept,data/banks/foreground/siren/urbansound8k_siren_f0a0001e.wav
urbansound8k_siren_f1190ecb,siren,urbansound8k,0.0,4.0,4.0,auto_accept,data/banks/foreground/siren/urbansound8k_siren_f1190ecb.wav
urbansound8k_siren_f46e79e9,siren,urbansound8k,0.0,4.0,4.0,auto_accept,data/banks/foreground/siren/urbansound8k_siren_f46e79e9.wav
urbansound8k_siren_f47fbdcd,siren,urbansound8k,0.0,4.0,4.0,auto_accept,data/banks/foreground/siren/urbansound8k_siren_f47fbdcd.wav
urbansound8k_siren_f4aa7332,siren,urbansound8k,0.0,4.0,4.0,auto_accept,data/banks/foreground/siren/urbansound8k_siren_f4aa7332.wav
urbansound8k_siren_f769891f,siren,urbansound8k,1.496,4.0,2.504,auto_accept,data/banks/foreground/siren/urbansound8k_siren_f769891f.wav
urbansound8k_siren_f76f53da,siren,urbansound8k,0.0,4.0,4.0,auto_accept,data/banks/foreground/siren/urbansound8k_siren_f76f53da.wav
urbansound8k_siren_f79251df,siren,urbansound8k,0.0,4.0,4.0,auto_accept,data/banks/foreground/siren/urbansound8k_siren_f79251df.wav
urbansound8k_siren_f7ee0f57,siren,urbansound8k,0.0,4.0,4.0,auto_accept,data/banks/foreground/siren/urbansound8k_siren_f7ee0f57.wav
urbansound8k_siren_f9d5fb25,siren,urbansound8k,0.0,4.0,4.0,auto_accept,data/banks/foreground/siren/urbansound8k_siren_f9d5fb25.wav
urbansound8k_siren_fb8e573b,siren,urbansound8k,0.0,4.0,4.0,auto_accept,data/banks/foreground/siren/urbansound8k_siren_fb8e573b.wav
urbansound8k_siren_fbf375d9,siren,urbansound8k,0.0,4.0,4.0,auto_accept,data/banks/foreground/siren/urbansound8k_siren_fbf375d9.wav
urbansound8k_siren_fc292337,siren,urbansound8k,1.496,4.0,2.504,auto_accept,data/banks/foreground/siren/urbansound8k_siren_fc292337.wav
urbansound8k_siren_fcb8cc36,siren,urbansound8k,0.0,4.0,4.0,auto_accept,data/banks/foreground/siren/urbansound8k_siren_fcb8cc36.wav
urbansound8k_siren_ff29a1d9,siren,urbansound8k,0.0,2.654,2.654,auto_accept,data/banks/foreground/siren/urbansound8k_siren_ff29a1d9.wav
desed_speech_normal_00d1ebe8,speech_normal,desed,0.0,0.539,0.539,auto_accept,data/banks/foreground/speech_normal/desed_speech_normal_00d1ebe8.wav
desed_speech_normal_02efdffa,speech_normal,desed,0.0,1.523,1.523,auto_accept,data/banks/foreground/speech_normal/desed_speech_normal_02efdffa.wav
desed_speech_normal_03782c56,speech_normal,desed,0.0,1.963,1.963,auto_accept,data/banks/foreground/speech_normal/desed_speech_normal_03782c56.wav
desed_speech_normal_076368b9,speech_normal,desed,0.0,1.841,1.841,auto_accept,data/banks/foreground/speech_normal/desed_speech_normal_076368b9.wav
desed_speech_normal_07c4e95a,speech_normal,desed,0.0,0.811,0.811,auto_accept,data/banks/foreground/speech_normal/desed_speech_normal_07c4e95a.wav
desed_speech_normal_0819de8b,speech_normal,desed,0.0,0.802,0.802,auto_accept,data/banks/foreground/speech_normal/desed_speech_normal_0819de8b.wav
desed_speech_normal_08de59b2,speech_normal,desed,0.0,1.887,1.887,auto_accept,data/banks/foreground/speech_normal/desed_speech_normal_08de59b2.wav
desed_speech_normal_0a9b45bf,speech_normal,desed,0.0,2.925,2.925,auto_accept,data/banks/foreground/speech_normal/desed_speech_normal_0a9b45bf.wav
desed_speech_normal_0b73ef2f,speech_normal,desed,0.0,1.902,1.902,auto_accept,data/banks/foreground/speech_normal/desed_speech_normal_0b73ef2f.wav
desed_speech_normal_0badeae4,speech_normal,desed,0.0,0.425,0.425,auto_accept,data/banks/foreground/speech_normal/desed_speech_normal_0badeae4.wav
desed_speech_normal_0bce7a6f,speech_normal,desed,0.0,1.658,1.658,auto_accept,data/banks/foreground/speech_normal/desed_speech_normal_0bce7a6f.wav
desed_speech_normal_0d20fc4f,speech_normal,desed,0.0,0.84,0.84,auto_accept,data/banks/foreground/speech_normal/desed_speech_normal_0d20fc4f.wav
desed_speech_normal_109aa4ef,speech_normal,desed,0.0,1.156,1.156,auto_accept,data/banks/foreground/speech_normal/desed_speech_normal_109aa4ef.wav
desed_speech_normal_14fdf11d,speech_normal,desed,0.0,1.252,1.252,auto_accept,data/banks/foreground/speech_normal/desed_speech_normal_14fdf11d.wav
desed_speech_normal_1618b755,speech_normal,desed,0.0,0.531,0.531,auto_accept,data/banks/foreground/speech_normal/desed_speech_normal_1618b755.wav
desed_speech_normal_16de5580,speech_normal,desed,0.0,0.784,0.784,auto_accept,data/banks/foreground/speech_normal/desed_speech_normal_16de5580.wav
desed_speech_normal_1809e681,speech_normal,desed,0.0,0.598,0.598,auto_accept,data/banks/foreground/speech_normal/desed_speech_normal_1809e681.wav
desed_speech_normal_198040b1,speech_normal,desed,0.0,0.815,0.815,auto_accept,data/banks/foreground/speech_normal/desed_speech_normal_198040b1.wav
desed_speech_normal_1c2f1869,speech_normal,desed,0.0,0.408,0.408,auto_accept,data/banks/foreground/speech_normal/desed_speech_normal_1c2f1869.wav
desed_speech_normal_1d575ee5,speech_normal,desed,0.0,0.818,0.818,auto_accept,data/banks/foreground/speech_normal/desed_speech_normal_1d575ee5.wav
desed_speech_normal_2062f03e,speech_normal,desed,0.0,1.677,1.677,auto_accept,data/banks/foreground/speech_normal/desed_speech_normal_2062f03e.wav
desed_speech_normal_209b2b52,speech_normal,desed,0.0,0.921,0.921,auto_accept,data/banks/foreground/speech_normal/desed_speech_normal_209b2b52.wav
desed_speech_normal_2214edca,speech_normal,desed,0.0,0.507,0.507,auto_accept,data/banks/foreground/speech_normal/desed_speech_normal_2214edca.wav
desed_speech_normal_269237d8,speech_normal,desed,0.0,1.697,1.697,auto_accept,data/banks/foreground/speech_normal/desed_speech_normal_269237d8.wav
desed_speech_normal_280592cb,speech_normal,desed,0.0,0.723,0.723,auto_accept,data/banks/foreground/speech_normal/desed_speech_normal_280592cb.wav
desed_speech_normal_296a035e,speech_normal,desed,5.019,7.138,2.119,auto_accept,data/banks/foreground/speech_normal/desed_speech_normal_296a035e.wav
desed_speech_normal_2aff10f7,speech_normal,desed,0.0,0.478,0.478,auto_accept,data/banks/foreground/speech_normal/desed_speech_normal_2aff10f7.wav
desed_speech_normal_2b1c9c77,speech_normal,desed,0.0,0.458,0.458,auto_accept,data/banks/foreground/speech_normal/desed_speech_normal_2b1c9c77.wav
desed_speech_normal_2b8b49b0,speech_normal,desed,0.0,0.73,0.73,auto_accept,data/banks/foreground/speech_normal/desed_speech_normal_2b8b49b0.wav
desed_speech_normal_2bd14776,speech_normal,desed,0.0,1.392,1.392,auto_accept,data/banks/foreground/speech_normal/desed_speech_normal_2bd14776.wav
desed_speech_normal_2dd5825a,speech_normal,desed,0.0,1.136,1.136,auto_accept,data/banks/foreground/speech_normal/desed_speech_normal_2dd5825a.wav
desed_speech_normal_2e242951,speech_normal,desed,0.0,0.841,0.841,auto_accept,data/banks/foreground/speech_normal/desed_speech_normal_2e242951.wav
desed_speech_normal_2e7d9d43,speech_normal,desed,0.0,0.406,0.406,auto_accept,data/banks/foreground/speech_normal/desed_speech_normal_2e7d9d43.wav
desed_speech_normal_3246d560,speech_normal,desed,0.0,1.402,1.402,auto_accept,data/banks/foreground/speech_normal/desed_speech_normal_3246d560.wav
desed_speech_normal_32700ecd,speech_normal,desed,0.0,0.515,0.515,auto_accept,data/banks/foreground/speech_normal/desed_speech_normal_32700ecd.wav
desed_speech_normal_342f0bfa,speech_normal,desed,0.0,1.43,1.43,auto_accept,data/banks/foreground/speech_normal/desed_speech_normal_342f0bfa.wav
desed_speech_normal_3444bfc3,speech_normal,desed,0.0,0.566,0.566,auto_accept,data/banks/foreground/speech_normal/desed_speech_normal_3444bfc3.wav
desed_speech_normal_3617c85d,speech_normal,desed,0.0,1.974,1.974,auto_accept,data/banks/foreground/speech_normal/desed_speech_normal_3617c85d.wav
desed_speech_normal_36180701,speech_normal,desed,3.418,4.967,1.549,auto_accept,data/banks/foreground/speech_normal/desed_speech_normal_36180701.wav
desed_speech_normal_36695326,speech_normal,desed,0.0,0.528,0.528,auto_accept,data/banks/foreground/speech_normal/desed_speech_normal_36695326.wav
desed_speech_normal_369a432f,speech_normal,desed,0.0,2.014,2.014,auto_accept,data/banks/foreground/speech_normal/desed_speech_normal_369a432f.wav
desed_speech_normal_36f52825,speech_normal,desed,0.0,0.339,0.339,auto_accept,data/banks/foreground/speech_normal/desed_speech_normal_36f52825.wav
desed_speech_normal_37a85651,speech_normal,desed,0.0,1.431,1.431,auto_accept,data/banks/foreground/speech_normal/desed_speech_normal_37a85651.wav
desed_speech_normal_39815aa2,speech_normal,desed,0.0,0.981,0.981,auto_accept,data/banks/foreground/speech_normal/desed_speech_normal_39815aa2.wav
desed_speech_normal_3af564b7,speech_normal,desed,0.0,0.725,0.725,auto_accept,data/banks/foreground/speech_normal/desed_speech_normal_3af564b7.wav
desed_speech_normal_3d4ddb40,speech_normal,desed,0.0,1.312,1.312,auto_accept,data/banks/foreground/speech_normal/desed_speech_normal_3d4ddb40.wav
desed_speech_normal_3e07db75,speech_normal,desed,0.0,2.293,2.293,auto_accept,data/banks/foreground/speech_normal/desed_speech_normal_3e07db75.wav
desed_speech_normal_3ef6bd4f,speech_normal,desed,0.0,0.713,0.713,auto_accept,data/banks/foreground/speech_normal/desed_speech_normal_3ef6bd4f.wav
desed_speech_normal_40b85273,speech_normal,desed,0.0,1.066,1.066,auto_accept,data/banks/foreground/speech_normal/desed_speech_normal_40b85273.wav
desed_speech_normal_41998869,speech_normal,desed,0.0,0.426,0.426,auto_accept,data/banks/foreground/speech_normal/desed_speech_normal_41998869.wav
desed_speech_normal_41e6a02f,speech_normal,desed,0.0,2.645,2.645,auto_accept,data/banks/foreground/speech_normal/desed_speech_normal_41e6a02f.wav
desed_speech_normal_42747b70,speech_normal,desed,0.0,0.489,0.489,auto_accept,data/banks/foreground/speech_normal/desed_speech_normal_42747b70.wav
desed_speech_normal_45636e89,speech_normal,desed,0.0,1.802,1.802,auto_accept,data/banks/foreground/speech_normal/desed_speech_normal_45636e89.wav
desed_speech_normal_51552a71,speech_normal,desed,0.0,0.667,0.667,auto_accept,data/banks/foreground/speech_normal/desed_speech_normal_51552a71.wav
desed_speech_normal_524480b9,speech_normal,desed,0.0,1.473,1.473,auto_accept,data/banks/foreground/speech_normal/desed_speech_normal_524480b9.wav
desed_speech_normal_533bece9,speech_normal,desed,0.0,0.524,0.524,auto_accept,data/banks/foreground/speech_normal/desed_speech_normal_533bece9.wav
desed_speech_normal_566ab804,speech_normal,desed,0.0,0.434,0.434,auto_accept,data/banks/foreground/speech_normal/desed_speech_normal_566ab804.wav
desed_speech_normal_59038036,speech_normal,desed,0.0,0.613,0.613,auto_accept,data/banks/foreground/speech_normal/desed_speech_normal_59038036.wav
desed_speech_normal_59b83ca4,speech_normal,desed,0.0,1.642,1.642,auto_accept,data/banks/foreground/speech_normal/desed_speech_normal_59b83ca4.wav
desed_speech_normal_59f56944,speech_normal,desed,0.0,1.595,1.595,auto_accept,data/banks/foreground/speech_normal/desed_speech_normal_59f56944.wav
desed_speech_normal_5ab3a069,speech_normal,desed,0.0,0.336,0.336,auto_accept,data/banks/foreground/speech_normal/desed_speech_normal_5ab3a069.wav
desed_speech_normal_6125018e,speech_normal,desed,0.0,0.317,0.317,auto_accept,data/banks/foreground/speech_normal/desed_speech_normal_6125018e.wav
desed_speech_normal_61959190,speech_normal,desed,0.0,0.301,0.301,auto_accept,data/banks/foreground/speech_normal/desed_speech_normal_61959190.wav
desed_speech_normal_622b42d4,speech_normal,desed,0.0,0.815,0.815,auto_accept,data/banks/foreground/speech_normal/desed_speech_normal_622b42d4.wav
desed_speech_normal_65cfa75f,speech_normal,desed,0.0,1.631,1.631,auto_accept,data/banks/foreground/speech_normal/desed_speech_normal_65cfa75f.wav
desed_speech_normal_6650d00e,speech_normal,desed,0.0,1.648,1.648,auto_accept,data/banks/foreground/speech_normal/desed_speech_normal_6650d00e.wav
desed_speech_normal_66ab17f9,speech_normal,desed,0.0,0.634,0.634,auto_accept,data/banks/foreground/speech_normal/desed_speech_normal_66ab17f9.wav
desed_speech_normal_682f883f,speech_normal,desed,0.0,0.707,0.707,auto_accept,data/banks/foreground/speech_normal/desed_speech_normal_682f883f.wav
desed_speech_normal_6c8de84f,speech_normal,desed,0.0,0.99,0.99,auto_accept,data/banks/foreground/speech_normal/desed_speech_normal_6c8de84f.wav
desed_speech_normal_6d59eacf,speech_normal,desed,0.0,1.376,1.376,auto_accept,data/banks/foreground/speech_normal/desed_speech_normal_6d59eacf.wav
desed_speech_normal_6f86d49b,speech_normal,desed,0.0,1.261,1.261,auto_accept,data/banks/foreground/speech_normal/desed_speech_normal_6f86d49b.wav
desed_speech_normal_70d7e848,speech_normal,desed,0.0,0.795,0.795,auto_accept,data/banks/foreground/speech_normal/desed_speech_normal_70d7e848.wav
desed_speech_normal_71684636,speech_normal,desed,0.0,0.65,0.65,auto_accept,data/banks/foreground/speech_normal/desed_speech_normal_71684636.wav
desed_speech_normal_72847a84,speech_normal,desed,0.0,0.626,0.626,auto_accept,data/banks/foreground/speech_normal/desed_speech_normal_72847a84.wav
desed_speech_normal_7334aafe,speech_normal,desed,0.0,2.406,2.406,auto_accept,data/banks/foreground/speech_normal/desed_speech_normal_7334aafe.wav
desed_speech_normal_7451097a,speech_normal,desed,0.0,0.962,0.962,auto_accept,data/banks/foreground/speech_normal/desed_speech_normal_7451097a.wav
desed_speech_normal_74f47905,speech_normal,desed,0.0,0.601,0.601,auto_accept,data/banks/foreground/speech_normal/desed_speech_normal_74f47905.wav
desed_speech_normal_75770322,speech_normal,desed,0.0,0.731,0.731,auto_accept,data/banks/foreground/speech_normal/desed_speech_normal_75770322.wav
desed_speech_normal_75a4780a,speech_normal,desed,0.0,0.528,0.528,auto_accept,data/banks/foreground/speech_normal/desed_speech_normal_75a4780a.wav
desed_speech_normal_7647c316,speech_normal,desed,0.0,0.786,0.786,auto_accept,data/banks/foreground/speech_normal/desed_speech_normal_7647c316.wav
desed_speech_normal_76e172cc,speech_normal,desed,0.0,1.57,1.57,auto_accept,data/banks/foreground/speech_normal/desed_speech_normal_76e172cc.wav
desed_speech_normal_77d75b0f,speech_normal,desed,0.0,0.477,0.477,auto_accept,data/banks/foreground/speech_normal/desed_speech_normal_77d75b0f.wav
desed_speech_normal_7e65650f,speech_normal,desed,0.0,0.413,0.413,auto_accept,data/banks/foreground/speech_normal/desed_speech_normal_7e65650f.wav
desed_speech_normal_8012fbf5,speech_normal,desed,0.0,0.719,0.719,auto_accept,data/banks/foreground/speech_normal/desed_speech_normal_8012fbf5.wav
desed_speech_normal_8032a0c4,speech_normal,desed,0.0,1.173,1.173,auto_accept,data/banks/foreground/speech_normal/desed_speech_normal_8032a0c4.wav
desed_speech_normal_80555e87,speech_normal,desed,0.0,1.112,1.112,auto_accept,data/banks/foreground/speech_normal/desed_speech_normal_80555e87.wav
desed_speech_normal_817d036e,speech_normal,desed,0.0,0.65,0.65,auto_accept,data/banks/foreground/speech_normal/desed_speech_normal_817d036e.wav
desed_speech_normal_8622af0b,speech_normal,desed,0.0,2.065,2.065,auto_accept,data/banks/foreground/speech_normal/desed_speech_normal_8622af0b.wav
desed_speech_normal_86d99f05,speech_normal,desed,0.0,0.693,0.693,auto_accept,data/banks/foreground/speech_normal/desed_speech_normal_86d99f05.wav
desed_speech_normal_874b2975,speech_normal,desed,0.0,1.86,1.86,auto_accept,data/banks/foreground/speech_normal/desed_speech_normal_874b2975.wav
desed_speech_normal_88045f00,speech_normal,desed,0.0,2.655,2.655,auto_accept,data/banks/foreground/speech_normal/desed_speech_normal_88045f00.wav
desed_speech_normal_88562586,speech_normal,desed,0.0,0.521,0.521,auto_accept,data/banks/foreground/speech_normal/desed_speech_normal_88562586.wav
desed_speech_normal_890cba22,speech_normal,desed,0.0,0.981,0.981,auto_accept,data/banks/foreground/speech_normal/desed_speech_normal_890cba22.wav
desed_speech_normal_925d2219,speech_normal,desed,0.0,0.632,0.632,auto_accept,data/banks/foreground/speech_normal/desed_speech_normal_925d2219.wav
desed_speech_normal_94895b72,speech_normal,desed,0.0,0.62,0.62,auto_accept,data/banks/foreground/speech_normal/desed_speech_normal_94895b72.wav
desed_speech_normal_9495e113,speech_normal,desed,0.0,0.676,0.676,auto_accept,data/banks/foreground/speech_normal/desed_speech_normal_9495e113.wav
desed_speech_normal_9cba5b99,speech_normal,desed,0.0,0.896,0.896,auto_accept,data/banks/foreground/speech_normal/desed_speech_normal_9cba5b99.wav
desed_speech_normal_9d97e514,speech_normal,desed,0.0,0.762,0.762,auto_accept,data/banks/foreground/speech_normal/desed_speech_normal_9d97e514.wav
desed_speech_normal_9f4eeeb5,speech_normal,desed,0.0,0.801,0.801,auto_accept,data/banks/foreground/speech_normal/desed_speech_normal_9f4eeeb5.wav
desed_speech_normal_a1d5f44d,speech_normal,desed,0.0,1.184,1.184,auto_accept,data/banks/foreground/speech_normal/desed_speech_normal_a1d5f44d.wav
desed_speech_normal_a290b0e4,speech_normal,desed,0.0,1.322,1.322,auto_accept,data/banks/foreground/speech_normal/desed_speech_normal_a290b0e4.wav
desed_speech_normal_a4d1322b,speech_normal,desed,0.0,1.036,1.036,auto_accept,data/banks/foreground/speech_normal/desed_speech_normal_a4d1322b.wav
desed_speech_normal_a88f8482,speech_normal,desed,0.0,1.08,1.08,auto_accept,data/banks/foreground/speech_normal/desed_speech_normal_a88f8482.wav
desed_speech_normal_ab2337cf,speech_normal,desed,0.0,0.86,0.86,auto_accept,data/banks/foreground/speech_normal/desed_speech_normal_ab2337cf.wav
desed_speech_normal_ab24e748,speech_normal,desed,0.0,0.825,0.825,auto_accept,data/banks/foreground/speech_normal/desed_speech_normal_ab24e748.wav
desed_speech_normal_ab6d6b75,speech_normal,desed,0.0,1.393,1.393,auto_accept,data/banks/foreground/speech_normal/desed_speech_normal_ab6d6b75.wav
desed_speech_normal_affefe80,speech_normal,desed,0.0,1.835,1.835,auto_accept,data/banks/foreground/speech_normal/desed_speech_normal_affefe80.wav
desed_speech_normal_b0383094,speech_normal,desed,0.0,2.519,2.519,auto_accept,data/banks/foreground/speech_normal/desed_speech_normal_b0383094.wav
desed_speech_normal_b2aec2a9,speech_normal,desed,0.0,0.663,0.663,auto_accept,data/banks/foreground/speech_normal/desed_speech_normal_b2aec2a9.wav
desed_speech_normal_b473f22e,speech_normal,desed,0.0,1.798,1.798,auto_accept,data/banks/foreground/speech_normal/desed_speech_normal_b473f22e.wav
desed_speech_normal_b62d8943,speech_normal,desed,0.0,1.476,1.476,auto_accept,data/banks/foreground/speech_normal/desed_speech_normal_b62d8943.wav
desed_speech_normal_b698a638,speech_normal,desed,0.0,0.545,0.545,auto_accept,data/banks/foreground/speech_normal/desed_speech_normal_b698a638.wav
desed_speech_normal_b89c13c0,speech_normal,desed,0.0,1.374,1.374,auto_accept,data/banks/foreground/speech_normal/desed_speech_normal_b89c13c0.wav
desed_speech_normal_be5e9c07,speech_normal,desed,0.0,0.58,0.58,auto_accept,data/banks/foreground/speech_normal/desed_speech_normal_be5e9c07.wav
desed_speech_normal_c01b2a79,speech_normal,desed,0.0,1.392,1.392,auto_accept,data/banks/foreground/speech_normal/desed_speech_normal_c01b2a79.wav
desed_speech_normal_c177fd17,speech_normal,desed,0.0,2.132,2.132,auto_accept,data/banks/foreground/speech_normal/desed_speech_normal_c177fd17.wav
desed_speech_normal_c3f22ab6,speech_normal,desed,0.0,0.56,0.56,auto_accept,data/banks/foreground/speech_normal/desed_speech_normal_c3f22ab6.wav
desed_speech_normal_c699a838,speech_normal,desed,0.0,0.734,0.734,auto_accept,data/banks/foreground/speech_normal/desed_speech_normal_c699a838.wav
desed_speech_normal_c7437344,speech_normal,desed,0.0,0.832,0.832,auto_accept,data/banks/foreground/speech_normal/desed_speech_normal_c7437344.wav
desed_speech_normal_c9b6aa1d,speech_normal,desed,0.0,1.147,1.147,auto_accept,data/banks/foreground/speech_normal/desed_speech_normal_c9b6aa1d.wav
desed_speech_normal_c9dfeed2,speech_normal,desed,0.0,0.798,0.798,auto_accept,data/banks/foreground/speech_normal/desed_speech_normal_c9dfeed2.wav
desed_speech_normal_cef647d5,speech_normal,desed,0.0,1.281,1.281,auto_accept,data/banks/foreground/speech_normal/desed_speech_normal_cef647d5.wav
desed_speech_normal_cf2925f9,speech_normal,desed,0.0,1.029,1.029,auto_accept,data/banks/foreground/speech_normal/desed_speech_normal_cf2925f9.wav
desed_speech_normal_cf67cba1,speech_normal,desed,0.0,0.765,0.765,auto_accept,data/banks/foreground/speech_normal/desed_speech_normal_cf67cba1.wav
desed_speech_normal_cf74d925,speech_normal,desed,0.0,1.733,1.733,auto_accept,data/banks/foreground/speech_normal/desed_speech_normal_cf74d925.wav
desed_speech_normal_d08dfe10,speech_normal,desed,0.0,1.241,1.241,auto_accept,data/banks/foreground/speech_normal/desed_speech_normal_d08dfe10.wav
desed_speech_normal_d0f8db02,speech_normal,desed,0.0,0.722,0.722,auto_accept,data/banks/foreground/speech_normal/desed_speech_normal_d0f8db02.wav
desed_speech_normal_d1889c94,speech_normal,desed,0.0,1.157,1.157,auto_accept,data/banks/foreground/speech_normal/desed_speech_normal_d1889c94.wav
desed_speech_normal_d27f58e2,speech_normal,desed,0.0,0.732,0.732,auto_accept,data/banks/foreground/speech_normal/desed_speech_normal_d27f58e2.wav
desed_speech_normal_d546dddc,speech_normal,desed,0.0,1.37,1.37,auto_accept,data/banks/foreground/speech_normal/desed_speech_normal_d546dddc.wav
desed_speech_normal_d57cdbd7,speech_normal,desed,0.0,1.42,1.42,auto_accept,data/banks/foreground/speech_normal/desed_speech_normal_d57cdbd7.wav
desed_speech_normal_daabe9bc,speech_normal,desed,0.0,1.454,1.454,auto_accept,data/banks/foreground/speech_normal/desed_speech_normal_daabe9bc.wav
desed_speech_normal_db894e15,speech_normal,desed,0.0,1.036,1.036,auto_accept,data/banks/foreground/speech_normal/desed_speech_normal_db894e15.wav
desed_speech_normal_dd66951a,speech_normal,desed,0.0,0.622,0.622,auto_accept,data/banks/foreground/speech_normal/desed_speech_normal_dd66951a.wav
desed_speech_normal_e46d94de,speech_normal,desed,0.0,2.214,2.214,auto_accept,data/banks/foreground/speech_normal/desed_speech_normal_e46d94de.wav
desed_speech_normal_e66e9bff,speech_normal,desed,0.0,0.885,0.885,auto_accept,data/banks/foreground/speech_normal/desed_speech_normal_e66e9bff.wav
desed_speech_normal_e7ca37f5,speech_normal,desed,0.0,2.278,2.278,auto_accept,data/banks/foreground/speech_normal/desed_speech_normal_e7ca37f5.wav
desed_speech_normal_e86c3ca7,speech_normal,desed,0.0,2.751,2.751,auto_accept,data/banks/foreground/speech_normal/desed_speech_normal_e86c3ca7.wav
desed_speech_normal_e9296c38,speech_normal,desed,0.0,2.406,2.406,auto_accept,data/banks/foreground/speech_normal/desed_speech_normal_e9296c38.wav
desed_speech_normal_ed9eea2c,speech_normal,desed,0.0,1.676,1.676,auto_accept,data/banks/foreground/speech_normal/desed_speech_normal_ed9eea2c.wav
desed_speech_normal_eda05696,speech_normal,desed,0.0,0.886,0.886,auto_accept,data/banks/foreground/speech_normal/desed_speech_normal_eda05696.wav
desed_speech_normal_ef6fe7c9,speech_normal,desed,0.0,0.641,0.641,auto_accept,data/banks/foreground/speech_normal/desed_speech_normal_ef6fe7c9.wav
desed_speech_normal_f0e8e9c2,speech_normal,desed,0.0,0.839,0.839,auto_accept,data/banks/foreground/speech_normal/desed_speech_normal_f0e8e9c2.wav
desed_speech_normal_f107fb0d,speech_normal,desed,1.18,2.769,1.589,auto_accept,data/banks/foreground/speech_normal/desed_speech_normal_f107fb0d.wav
desed_speech_normal_f221943d,speech_normal,desed,0.0,1.379,1.379,auto_accept,data/banks/foreground/speech_normal/desed_speech_normal_f221943d.wav
desed_speech_normal_f4175987,speech_normal,desed,0.0,1.057,1.057,auto_accept,data/banks/foreground/speech_normal/desed_speech_normal_f4175987.wav
desed_speech_normal_f4317d54,speech_normal,desed,0.0,1.925,1.925,auto_accept,data/banks/foreground/speech_normal/desed_speech_normal_f4317d54.wav
desed_speech_normal_f693ae6b,speech_normal,desed,0.0,0.402,0.402,auto_accept,data/banks/foreground/speech_normal/desed_speech_normal_f693ae6b.wav
desed_speech_normal_f6a67906,speech_normal,desed,0.0,2.336,2.336,auto_accept,data/banks/foreground/speech_normal/desed_speech_normal_f6a67906.wav
desed_speech_normal_f74e5640,speech_normal,desed,0.0,0.732,0.732,auto_accept,data/banks/foreground/speech_normal/desed_speech_normal_f74e5640.wav
desed_speech_normal_f950cd86,speech_normal,desed,0.0,1.535,1.535,auto_accept,data/banks/foreground/speech_normal/desed_speech_normal_f950cd86.wav
desed_speech_normal_f9744285,speech_normal,desed,0.0,0.787,0.787,auto_accept,data/banks/foreground/speech_normal/desed_speech_normal_f9744285.wav
desed_speech_normal_fcbadfa8,speech_normal,desed,0.0,1.119,1.119,auto_accept,data/banks/foreground/speech_normal/desed_speech_normal_fcbadfa8.wav
desed_speech_normal_fd4a80a8,speech_normal,desed,0.0,0.558,0.558,auto_accept,data/banks/foreground/speech_normal/desed_speech_normal_fd4a80a8.wav
desed_speech_normal_fdb2c7c0,speech_normal,desed,0.0,1.026,1.026,auto_accept,data/banks/foreground/speech_normal/desed_speech_normal_fdb2c7c0.wav
desed_speech_normal_fefd991f,speech_normal,desed,0.0,0.793,0.793,auto_accept,data/banks/foreground/speech_normal/desed_speech_normal_fefd991f.wav
fsd50k_speech_normal_003e209b,speech_normal,fsd50k,0.0,0.707,0.707,auto_accept,data/banks/foreground/speech_normal/fsd50k_speech_normal_003e209b.wav
fsd50k_speech_normal_00fcc1c3,speech_normal,fsd50k,0.0,1.453,1.453,auto_accept,data/banks/foreground/speech_normal/fsd50k_speech_normal_00fcc1c3.wav
fsd50k_speech_normal_00ff7bce,speech_normal,fsd50k,0.0,2.924,2.924,auto_accept,data/banks/foreground/speech_normal/fsd50k_speech_normal_00ff7bce.wav
fsd50k_speech_normal_0112d730,speech_normal,fsd50k,0.0,0.562,0.562,auto_accept,data/banks/foreground/speech_normal/fsd50k_speech_normal_0112d730.wav
fsd50k_speech_normal_0146c3ec,speech_normal,fsd50k,0.0,1.243,1.243,auto_accept,data/banks/foreground/speech_normal/fsd50k_speech_normal_0146c3ec.wav
fsd50k_speech_normal_0166b4df,speech_normal,fsd50k,0.0,3.974,3.974,auto_accept,data/banks/foreground/speech_normal/fsd50k_speech_normal_0166b4df.wav
fsd50k_speech_normal_017d0dc0,speech_normal,fsd50k,0.0,1.061,1.061,auto_accept,data/banks/foreground/speech_normal/fsd50k_speech_normal_017d0dc0.wav
fsd50k_speech_normal_01811233,speech_normal,fsd50k,0.0,6.513,6.513,auto_accept,data/banks/foreground/speech_normal/fsd50k_speech_normal_01811233.wav
fsd50k_speech_normal_018812d6,speech_normal,fsd50k,0.22,2.038,1.818,auto_accept,data/banks/foreground/speech_normal/fsd50k_speech_normal_018812d6.wav
fsd50k_speech_normal_02247412,speech_normal,fsd50k,0.0,3.603,3.603,auto_accept,data/banks/foreground/speech_normal/fsd50k_speech_normal_02247412.wav
fsd50k_speech_normal_037702f2,speech_normal,fsd50k,0.0,2.375,2.375,auto_accept,data/banks/foreground/speech_normal/fsd50k_speech_normal_037702f2.wav
fsd50k_speech_normal_03aaa104,speech_normal,fsd50k,0.0,1.161,1.161,auto_accept,data/banks/foreground/speech_normal/fsd50k_speech_normal_03aaa104.wav
fsd50k_speech_normal_03f46e80,speech_normal,fsd50k,0.0,1.161,1.161,auto_accept,data/banks/foreground/speech_normal/fsd50k_speech_normal_03f46e80.wav
fsd50k_speech_normal_04469dc5,speech_normal,fsd50k,0.0,2.338,2.338,auto_accept,data/banks/foreground/speech_normal/fsd50k_speech_normal_04469dc5.wav
fsd50k_speech_normal_050bcab8,speech_normal,fsd50k,3.418,8.255,4.837,auto_accept,data/banks/foreground/speech_normal/fsd50k_speech_normal_050bcab8.wav
fsd50k_speech_normal_05347fba,speech_normal,fsd50k,0.0,0.834,0.834,auto_accept,data/banks/foreground/speech_normal/fsd50k_speech_normal_05347fba.wav
fsd50k_speech_normal_05d21fa2,speech_normal,fsd50k,0.538,1.933,1.395,auto_accept,data/banks/foreground/speech_normal/fsd50k_speech_normal_05d21fa2.wav
fsd50k_speech_normal_05f901df,speech_normal,fsd50k,0.0,0.822,0.822,auto_accept,data/banks/foreground/speech_normal/fsd50k_speech_normal_05f901df.wav
fsd50k_speech_normal_0623b44c,speech_normal,fsd50k,0.0,1.567,1.567,auto_accept,data/banks/foreground/speech_normal/fsd50k_speech_normal_0623b44c.wav
fsd50k_speech_normal_063b2132,speech_normal,fsd50k,0.0,1.184,1.184,auto_accept,data/banks/foreground/speech_normal/fsd50k_speech_normal_063b2132.wav
fsd50k_speech_normal_06bbeefe,speech_normal,fsd50k,0.0,1.097,1.097,auto_accept,data/banks/foreground/speech_normal/fsd50k_speech_normal_06bbeefe.wav
fsd50k_speech_normal_06d30ccf,speech_normal,fsd50k,0.0,0.738,0.738,auto_accept,data/banks/foreground/speech_normal/fsd50k_speech_normal_06d30ccf.wav
fsd50k_speech_normal_0702e7d4,speech_normal,fsd50k,2.778,6.496,3.718,auto_accept,data/banks/foreground/speech_normal/fsd50k_speech_normal_0702e7d4.wav
fsd50k_speech_normal_071bb578,speech_normal,fsd50k,0.539,1.696,1.157,auto_accept,data/banks/foreground/speech_normal/fsd50k_speech_normal_071bb578.wav
fsd50k_speech_normal_0812fa4d,speech_normal,fsd50k,0.219,1.816,1.597,auto_accept,data/banks/foreground/speech_normal/fsd50k_speech_normal_0812fa4d.wav
fsd50k_speech_normal_081a16db,speech_normal,fsd50k,0.0,4.371,4.371,auto_accept,data/banks/foreground/speech_normal/fsd50k_speech_normal_081a16db.wav
fsd50k_speech_normal_08427ce2,speech_normal,fsd50k,0.0,2.652,2.652,auto_accept,data/banks/foreground/speech_normal/fsd50k_speech_normal_08427ce2.wav
fsd50k_speech_normal_085d6e39,speech_normal,fsd50k,0.0,1.393,1.393,auto_accept,data/banks/foreground/speech_normal/fsd50k_speech_normal_085d6e39.wav
fsd50k_speech_normal_0894e2cd,speech_normal,fsd50k,0.0,0.565,0.565,auto_accept,data/banks/foreground/speech_normal/fsd50k_speech_normal_0894e2cd.wav
fsd50k_speech_normal_08cbbb56,speech_normal,fsd50k,0.0,0.488,0.488,auto_accept,data/banks/foreground/speech_normal/fsd50k_speech_normal_08cbbb56.wav
fsd50k_speech_normal_09bf63ba,speech_normal,fsd50k,0.0,1.644,1.644,auto_accept,data/banks/foreground/speech_normal/fsd50k_speech_normal_09bf63ba.wav
fsd50k_speech_normal_0a0eda2b,speech_normal,fsd50k,0.0,2.252,2.252,auto_accept,data/banks/foreground/speech_normal/fsd50k_speech_normal_0a0eda2b.wav
fsd50k_speech_normal_0a89c6cf,speech_normal,fsd50k,0.0,1.753,1.753,auto_accept,data/banks/foreground/speech_normal/fsd50k_speech_normal_0a89c6cf.wav
fsd50k_speech_normal_0ae4aff5,speech_normal,fsd50k,0.0,0.794,0.794,auto_accept,data/banks/foreground/speech_normal/fsd50k_speech_normal_0ae4aff5.wav
fsd50k_speech_normal_0c04a3ef,speech_normal,fsd50k,6.94,8.42,1.48,auto_accept,data/banks/foreground/speech_normal/fsd50k_speech_normal_0c04a3ef.wav
fsd50k_speech_normal_0c55988e,speech_normal,fsd50k,0.0,1.828,1.828,auto_accept,data/banks/foreground/speech_normal/fsd50k_speech_normal_0c55988e.wav
fsd50k_speech_normal_0c57c1e6,speech_normal,fsd50k,0.0,0.914,0.914,auto_accept,data/banks/foreground/speech_normal/fsd50k_speech_normal_0c57c1e6.wav
fsd50k_speech_normal_0c7ab56c,speech_normal,fsd50k,0.0,4.493,4.493,auto_accept,data/banks/foreground/speech_normal/fsd50k_speech_normal_0c7ab56c.wav
fsd50k_speech_normal_0c7bc082,speech_normal,fsd50k,0.0,1.369,1.369,auto_accept,data/banks/foreground/speech_normal/fsd50k_speech_normal_0c7bc082.wav
fsd50k_speech_normal_0deb9410,speech_normal,fsd50k,0.0,1.44,1.44,auto_accept,data/banks/foreground/speech_normal/fsd50k_speech_normal_0deb9410.wav
fsd50k_speech_normal_0df0ccaa,speech_normal,fsd50k,0.0,0.627,0.627,auto_accept,data/banks/foreground/speech_normal/fsd50k_speech_normal_0df0ccaa.wav
fsd50k_speech_normal_0e1f7f16,speech_normal,fsd50k,0.0,1.423,1.423,auto_accept,data/banks/foreground/speech_normal/fsd50k_speech_normal_0e1f7f16.wav
fsd50k_speech_normal_0ed5da00,speech_normal,fsd50k,0.0,2.041,2.041,auto_accept,data/banks/foreground/speech_normal/fsd50k_speech_normal_0ed5da00.wav
fsd50k_speech_normal_0f080150,speech_normal,fsd50k,0.0,2.936,2.936,auto_accept,data/banks/foreground/speech_normal/fsd50k_speech_normal_0f080150.wav
fsd50k_speech_normal_0f62f843,speech_normal,fsd50k,0.0,2.693,2.693,auto_accept,data/banks/foreground/speech_normal/fsd50k_speech_normal_0f62f843.wav
fsd50k_speech_normal_0fb3cc4b,speech_normal,fsd50k,0.0,1.875,1.875,auto_accept,data/banks/foreground/speech_normal/fsd50k_speech_normal_0fb3cc4b.wav
fsd50k_speech_normal_1015310c,speech_normal,fsd50k,0.0,0.582,0.582,auto_accept,data/banks/foreground/speech_normal/fsd50k_speech_normal_1015310c.wav
fsd50k_speech_normal_104118bf,speech_normal,fsd50k,0.0,4.258,4.258,auto_accept,data/banks/foreground/speech_normal/fsd50k_speech_normal_104118bf.wav
fsd50k_speech_normal_11ce880c,speech_normal,fsd50k,0.0,1.846,1.846,auto_accept,data/banks/foreground/speech_normal/fsd50k_speech_normal_11ce880c.wav
fsd50k_speech_normal_120934b5,speech_normal,fsd50k,0.0,4.405,4.405,auto_accept,data/banks/foreground/speech_normal/fsd50k_speech_normal_120934b5.wav
fsd50k_speech_normal_12663957,speech_normal,fsd50k,0.0,1.699,1.699,auto_accept,data/banks/foreground/speech_normal/fsd50k_speech_normal_12663957.wav
fsd50k_speech_normal_1312e8ea,speech_normal,fsd50k,0.0,2.032,2.032,auto_accept,data/banks/foreground/speech_normal/fsd50k_speech_normal_1312e8ea.wav
fsd50k_speech_normal_142ff841,speech_normal,fsd50k,1.179,3.827,2.648,auto_accept,data/banks/foreground/speech_normal/fsd50k_speech_normal_142ff841.wav
fsd50k_speech_normal_149a08d1,speech_normal,fsd50k,0.0,0.848,0.848,auto_accept,data/banks/foreground/speech_normal/fsd50k_speech_normal_149a08d1.wav
fsd50k_speech_normal_14fac0b9,speech_normal,fsd50k,0.0,0.824,0.824,auto_accept,data/banks/foreground/speech_normal/fsd50k_speech_normal_14fac0b9.wav
fsd50k_speech_normal_14fece60,speech_normal,fsd50k,0.0,1.8,1.8,auto_accept,data/banks/foreground/speech_normal/fsd50k_speech_normal_14fece60.wav
fsd50k_speech_normal_15252cc2,speech_normal,fsd50k,0.0,0.99,0.99,auto_accept,data/banks/foreground/speech_normal/fsd50k_speech_normal_15252cc2.wav
fsd50k_speech_normal_1555c1be,speech_normal,fsd50k,0.0,4.125,4.125,auto_accept,data/banks/foreground/speech_normal/fsd50k_speech_normal_1555c1be.wav
fsd50k_speech_normal_15d7c9a2,speech_normal,fsd50k,0.0,0.697,0.697,auto_accept,data/banks/foreground/speech_normal/fsd50k_speech_normal_15d7c9a2.wav
fsd50k_speech_normal_163d4814,speech_normal,fsd50k,0.0,1.058,1.058,auto_accept,data/banks/foreground/speech_normal/fsd50k_speech_normal_163d4814.wav
fsd50k_speech_normal_167229d4,speech_normal,fsd50k,1.816,3.303,1.487,auto_accept,data/banks/foreground/speech_normal/fsd50k_speech_normal_167229d4.wav
fsd50k_speech_normal_175bb95a,speech_normal,fsd50k,0.0,1.38,1.38,auto_accept,data/banks/foreground/speech_normal/fsd50k_speech_normal_175bb95a.wav
fsd50k_speech_normal_17611cd3,speech_normal,fsd50k,0.0,2.653,2.653,auto_accept,data/banks/foreground/speech_normal/fsd50k_speech_normal_17611cd3.wav
fsd50k_speech_normal_17ea762b,speech_normal,fsd50k,0.0,3.936,3.936,auto_accept,data/banks/foreground/speech_normal/fsd50k_speech_normal_17ea762b.wav
fsd50k_speech_normal_18a8ff4c,speech_normal,fsd50k,0.0,0.669,0.669,auto_accept,data/banks/foreground/speech_normal/fsd50k_speech_normal_18a8ff4c.wav
fsd50k_speech_normal_18b038a5,speech_normal,fsd50k,0.0,0.7,0.7,auto_accept,data/banks/foreground/speech_normal/fsd50k_speech_normal_18b038a5.wav
fsd50k_speech_normal_1903a466,speech_normal,fsd50k,0.0,1.699,1.699,auto_accept,data/banks/foreground/speech_normal/fsd50k_speech_normal_1903a466.wav
fsd50k_speech_normal_191c1b20,speech_normal,fsd50k,0.0,0.668,0.668,auto_accept,data/banks/foreground/speech_normal/fsd50k_speech_normal_191c1b20.wav
fsd50k_speech_normal_197aa5d2,speech_normal,fsd50k,0.0,1.208,1.208,auto_accept,data/banks/foreground/speech_normal/fsd50k_speech_normal_197aa5d2.wav
fsd50k_speech_normal_19b06dda,speech_normal,fsd50k,0.0,0.49,0.49,auto_accept,data/banks/foreground/speech_normal/fsd50k_speech_normal_19b06dda.wav
fsd50k_speech_normal_19b56388,speech_normal,fsd50k,0.0,2.241,2.241,auto_accept,data/banks/foreground/speech_normal/fsd50k_speech_normal_19b56388.wav
fsd50k_speech_normal_19f26dd0,speech_normal,fsd50k,0.0,1.01,1.01,auto_accept,data/banks/foreground/speech_normal/fsd50k_speech_normal_19f26dd0.wav
fsd50k_speech_normal_1a8e89b4,speech_normal,fsd50k,0.0,2.514,2.514,auto_accept,data/banks/foreground/speech_normal/fsd50k_speech_normal_1a8e89b4.wav
fsd50k_speech_normal_1a97e50c,speech_normal,fsd50k,0.0,1.059,1.059,auto_accept,data/banks/foreground/speech_normal/fsd50k_speech_normal_1a97e50c.wav
fsd50k_speech_normal_1ae16599,speech_normal,fsd50k,0.0,1.427,1.427,auto_accept,data/banks/foreground/speech_normal/fsd50k_speech_normal_1ae16599.wav
fsd50k_speech_normal_1b180594,speech_normal,fsd50k,0.0,1.038,1.038,auto_accept,data/banks/foreground/speech_normal/fsd50k_speech_normal_1b180594.wav
fsd50k_speech_normal_1b52710b,speech_normal,fsd50k,0.0,1.985,1.985,auto_accept,data/banks/foreground/speech_normal/fsd50k_speech_normal_1b52710b.wav
fsd50k_speech_normal_1b70c52e,speech_normal,fsd50k,0.0,1.696,1.696,auto_accept,data/banks/foreground/speech_normal/fsd50k_speech_normal_1b70c52e.wav
fsd50k_speech_normal_1bbe8642,speech_normal,fsd50k,0.0,1.175,1.175,auto_accept,data/banks/foreground/speech_normal/fsd50k_speech_normal_1bbe8642.wav
fsd50k_speech_normal_1bed89f5,speech_normal,fsd50k,0.0,1.697,1.697,auto_accept,data/banks/foreground/speech_normal/fsd50k_speech_normal_1bed89f5.wav
fsd50k_speech_normal_1bf89eb5,speech_normal,fsd50k,0.0,9.859,9.859,auto_accept,data/banks/foreground/speech_normal/fsd50k_speech_normal_1bf89eb5.wav
fsd50k_speech_normal_1c166b08,speech_normal,fsd50k,0.0,1.055,1.055,auto_accept,data/banks/foreground/speech_normal/fsd50k_speech_normal_1c166b08.wav
fsd50k_speech_normal_1c1eda63,speech_normal,fsd50k,0.0,5.226,5.226,auto_accept,data/banks/foreground/speech_normal/fsd50k_speech_normal_1c1eda63.wav
fsd50k_speech_normal_1c36a80e,speech_normal,fsd50k,0.0,0.811,0.811,auto_accept,data/banks/foreground/speech_normal/fsd50k_speech_normal_1c36a80e.wav
fsd50k_speech_normal_1c8044b5,speech_normal,fsd50k,0.0,0.981,0.981,auto_accept,data/banks/foreground/speech_normal/fsd50k_speech_normal_1c8044b5.wav
fsd50k_speech_normal_1cbe5dd9,speech_normal,fsd50k,0.22,4.254,4.034,auto_accept,data/banks/foreground/speech_normal/fsd50k_speech_normal_1cbe5dd9.wav
fsd50k_speech_normal_1cd2c051,speech_normal,fsd50k,0.0,1.799,1.799,auto_accept,data/banks/foreground/speech_normal/fsd50k_speech_normal_1cd2c051.wav
fsd50k_speech_normal_1cddce21,speech_normal,fsd50k,0.54,14.173,13.633,auto_accept,data/banks/foreground/speech_normal/fsd50k_speech_normal_1cddce21.wav
fsd50k_speech_normal_1ce8f282,speech_normal,fsd50k,0.0,0.766,0.766,auto_accept,data/banks/foreground/speech_normal/fsd50k_speech_normal_1ce8f282.wav
fsd50k_speech_normal_1daea2e9,speech_normal,fsd50k,0.0,1.54,1.54,auto_accept,data/banks/foreground/speech_normal/fsd50k_speech_normal_1daea2e9.wav
fsd50k_speech_normal_1e29cb75,speech_normal,fsd50k,0.0,1.284,1.284,auto_accept,data/banks/foreground/speech_normal/fsd50k_speech_normal_1e29cb75.wav
fsd50k_speech_normal_1e73e246,speech_normal,fsd50k,0.0,2.025,2.025,auto_accept,data/banks/foreground/speech_normal/fsd50k_speech_normal_1e73e246.wav
fsd50k_speech_normal_1f1dda76,speech_normal,fsd50k,0.0,0.604,0.604,auto_accept,data/banks/foreground/speech_normal/fsd50k_speech_normal_1f1dda76.wav
fsd50k_speech_normal_1f255508,speech_normal,fsd50k,0.0,1.293,1.293,auto_accept,data/banks/foreground/speech_normal/fsd50k_speech_normal_1f255508.wav
fsd50k_speech_normal_1f633d2f,speech_normal,fsd50k,0.0,1.985,1.985,auto_accept,data/banks/foreground/speech_normal/fsd50k_speech_normal_1f633d2f.wav
fsd50k_speech_normal_20740cf0,speech_normal,fsd50k,0.0,1.289,1.289,auto_accept,data/banks/foreground/speech_normal/fsd50k_speech_normal_20740cf0.wav
fsd50k_speech_normal_21b10903,speech_normal,fsd50k,0.0,1.109,1.109,auto_accept,data/banks/foreground/speech_normal/fsd50k_speech_normal_21b10903.wav
fsd50k_speech_normal_223f04cf,speech_normal,fsd50k,0.0,1.5,1.5,auto_accept,data/banks/foreground/speech_normal/fsd50k_speech_normal_223f04cf.wav
fsd50k_speech_normal_23153cda,speech_normal,fsd50k,0.0,0.559,0.559,auto_accept,data/banks/foreground/speech_normal/fsd50k_speech_normal_23153cda.wav
fsd50k_speech_normal_231fbd6b,speech_normal,fsd50k,0.0,1.064,1.064,auto_accept,data/banks/foreground/speech_normal/fsd50k_speech_normal_231fbd6b.wav
fsd50k_speech_normal_23d59146,speech_normal,fsd50k,0.0,1.113,1.113,auto_accept,data/banks/foreground/speech_normal/fsd50k_speech_normal_23d59146.wav
fsd50k_speech_normal_24165064,speech_normal,fsd50k,0.0,1.463,1.463,auto_accept,data/banks/foreground/speech_normal/fsd50k_speech_normal_24165064.wav
fsd50k_speech_normal_246216f7,speech_normal,fsd50k,0.0,0.667,0.667,auto_accept,data/banks/foreground/speech_normal/fsd50k_speech_normal_246216f7.wav
fsd50k_speech_normal_248db28b,speech_normal,fsd50k,0.0,1.6,1.6,auto_accept,data/banks/foreground/speech_normal/fsd50k_speech_normal_248db28b.wav
fsd50k_speech_normal_25be1baf,speech_normal,fsd50k,0.0,1.173,1.173,auto_accept,data/banks/foreground/speech_normal/fsd50k_speech_normal_25be1baf.wav
fsd50k_speech_normal_26183c77,speech_normal,fsd50k,0.859,2.147,1.288,auto_accept,data/banks/foreground/speech_normal/fsd50k_speech_normal_26183c77.wav
fsd50k_speech_normal_26dd44be,speech_normal,fsd50k,0.0,1.248,1.248,auto_accept,data/banks/foreground/speech_normal/fsd50k_speech_normal_26dd44be.wav
fsd50k_speech_normal_270ebcb2,speech_normal,fsd50k,0.0,3.297,3.297,auto_accept,data/banks/foreground/speech_normal/fsd50k_speech_normal_270ebcb2.wav
fsd50k_speech_normal_27713ca6,speech_normal,fsd50k,0.0,2.055,2.055,auto_accept,data/banks/foreground/speech_normal/fsd50k_speech_normal_27713ca6.wav
fsd50k_speech_normal_27732083,speech_normal,fsd50k,0.0,1.698,1.698,auto_accept,data/banks/foreground/speech_normal/fsd50k_speech_normal_27732083.wav
fsd50k_speech_normal_27b36658,speech_normal,fsd50k,0.0,4.271,4.271,auto_accept,data/banks/foreground/speech_normal/fsd50k_speech_normal_27b36658.wav
fsd50k_speech_normal_28737a7b,speech_normal,fsd50k,0.219,2.653,2.434,auto_accept,data/banks/foreground/speech_normal/fsd50k_speech_normal_28737a7b.wav
fsd50k_speech_normal_288cb528,speech_normal,fsd50k,0.0,1.25,1.25,auto_accept,data/banks/foreground/speech_normal/fsd50k_speech_normal_288cb528.wav
fsd50k_speech_normal_28985ec4,speech_normal,fsd50k,3.097,11.56,8.463,auto_accept,data/banks/foreground/speech_normal/fsd50k_speech_normal_28985ec4.wav
fsd50k_speech_normal_28ba6a91,speech_normal,fsd50k,0.857,2.024,1.167,auto_accept,data/banks/foreground/speech_normal/fsd50k_speech_normal_28ba6a91.wav
fsd50k_speech_normal_28f58089,speech_normal,fsd50k,0.0,0.639,0.639,auto_accept,data/banks/foreground/speech_normal/fsd50k_speech_normal_28f58089.wav
fsd50k_speech_normal_28fec50f,speech_normal,fsd50k,0.0,1.802,1.802,auto_accept,data/banks/foreground/speech_normal/fsd50k_speech_normal_28fec50f.wav
fsd50k_speech_normal_2a42a793,speech_normal,fsd50k,0.54,14.313,13.773,auto_accept,data/banks/foreground/speech_normal/fsd50k_speech_normal_2a42a793.wav
fsd50k_speech_normal_2ab7e5cd,speech_normal,fsd50k,0.0,1.754,1.754,auto_accept,data/banks/foreground/speech_normal/fsd50k_speech_normal_2ab7e5cd.wav
fsd50k_speech_normal_2ac67657,speech_normal,fsd50k,0.0,0.808,0.808,auto_accept,data/banks/foreground/speech_normal/fsd50k_speech_normal_2ac67657.wav
fsd50k_speech_normal_2b2aab52,speech_normal,fsd50k,0.219,4.571,4.352,auto_accept,data/banks/foreground/speech_normal/fsd50k_speech_normal_2b2aab52.wav
fsd50k_speech_normal_2b5aae1c,speech_normal,fsd50k,0.0,1.236,1.236,auto_accept,data/banks/foreground/speech_normal/fsd50k_speech_normal_2b5aae1c.wav
fsd50k_speech_normal_2b6956be,speech_normal,fsd50k,0.22,1.479,1.259,auto_accept,data/banks/foreground/speech_normal/fsd50k_speech_normal_2b6956be.wav
fsd50k_speech_normal_2bc82b58,speech_normal,fsd50k,0.0,0.488,0.488,auto_accept,data/banks/foreground/speech_normal/fsd50k_speech_normal_2bc82b58.wav
fsd50k_speech_normal_2bec078e,speech_normal,fsd50k,0.0,2.003,2.003,auto_accept,data/banks/foreground/speech_normal/fsd50k_speech_normal_2bec078e.wav
fsd50k_speech_normal_2bfc99db,speech_normal,fsd50k,0.0,1.196,1.196,auto_accept,data/banks/foreground/speech_normal/fsd50k_speech_normal_2bfc99db.wav
fsd50k_speech_normal_2c7c2f46,speech_normal,fsd50k,0.0,1.0,1.0,auto_accept,data/banks/foreground/speech_normal/fsd50k_speech_normal_2c7c2f46.wav
fsd50k_speech_normal_2c9d8918,speech_normal,fsd50k,0.0,0.671,0.671,auto_accept,data/banks/foreground/speech_normal/fsd50k_speech_normal_2c9d8918.wav
fsd50k_speech_normal_2cb5420e,speech_normal,fsd50k,3.418,4.967,1.549,auto_accept,data/banks/foreground/speech_normal/fsd50k_speech_normal_2cb5420e.wav
fsd50k_speech_normal_2d41b9eb,speech_normal,fsd50k,0.0,2.467,2.467,auto_accept,data/banks/foreground/speech_normal/fsd50k_speech_normal_2d41b9eb.wav
fsd50k_speech_normal_2d7b2821,speech_normal,fsd50k,0.0,0.615,0.615,auto_accept,data/banks/foreground/speech_normal/fsd50k_speech_normal_2d7b2821.wav
fsd50k_speech_normal_2d8bf0fc,speech_normal,fsd50k,0.0,1.435,1.435,auto_accept,data/banks/foreground/speech_normal/fsd50k_speech_normal_2d8bf0fc.wav
fsd50k_speech_normal_2da62069,speech_normal,fsd50k,0.0,1.544,1.544,auto_accept,data/banks/foreground/speech_normal/fsd50k_speech_normal_2da62069.wav
fsd50k_speech_normal_2dfd03d8,speech_normal,fsd50k,0.0,1.377,1.377,auto_accept,data/banks/foreground/speech_normal/fsd50k_speech_normal_2dfd03d8.wav
fsd50k_speech_normal_2e354966,speech_normal,fsd50k,0.0,0.909,0.909,auto_accept,data/banks/foreground/speech_normal/fsd50k_speech_normal_2e354966.wav
fsd50k_speech_normal_2e6da9c5,speech_normal,fsd50k,0.0,2.043,2.043,auto_accept,data/banks/foreground/speech_normal/fsd50k_speech_normal_2e6da9c5.wav
fsd50k_speech_normal_2e8c5543,speech_normal,fsd50k,0.0,1.5,1.5,auto_accept,data/banks/foreground/speech_normal/fsd50k_speech_normal_2e8c5543.wav
fsd50k_speech_normal_30765d13,speech_normal,fsd50k,0.0,1.059,1.059,auto_accept,data/banks/foreground/speech_normal/fsd50k_speech_normal_30765d13.wav
fsd50k_speech_normal_30dcb362,speech_normal,fsd50k,0.0,2.819,2.819,auto_accept,data/banks/foreground/speech_normal/fsd50k_speech_normal_30dcb362.wav
fsd50k_speech_normal_3110967c,speech_normal,fsd50k,2.778,14.96,12.182,auto_accept,data/banks/foreground/speech_normal/fsd50k_speech_normal_3110967c.wav
fsd50k_speech_normal_3161620b,speech_normal,fsd50k,0.0,1.442,1.442,auto_accept,data/banks/foreground/speech_normal/fsd50k_speech_normal_3161620b.wav
fsd50k_speech_normal_31bac2f7,speech_normal,fsd50k,0.0,1.231,1.231,auto_accept,data/banks/foreground/speech_normal/fsd50k_speech_normal_31bac2f7.wav
fsd50k_speech_normal_32043a56,speech_normal,fsd50k,0.0,1.465,1.465,auto_accept,data/banks/foreground/speech_normal/fsd50k_speech_normal_32043a56.wav
fsd50k_speech_normal_322b680d,speech_normal,fsd50k,1.818,4.206,2.388,auto_accept,data/banks/foreground/speech_normal/fsd50k_speech_normal_322b680d.wav
fsd50k_speech_normal_327dc16b,speech_normal,fsd50k,0.0,2.804,2.804,auto_accept,data/banks/foreground/speech_normal/fsd50k_speech_normal_327dc16b.wav
fsd50k_speech_normal_336dbe79,speech_normal,fsd50k,0.0,0.615,0.615,auto_accept,data/banks/foreground/speech_normal/fsd50k_speech_normal_336dbe79.wav
fsd50k_speech_normal_3370a9cc,speech_normal,fsd50k,0.0,0.814,0.814,auto_accept,data/banks/foreground/speech_normal/fsd50k_speech_normal_3370a9cc.wav
fsd50k_speech_normal_33955483,speech_normal,fsd50k,0.0,6.262,6.262,auto_accept,data/banks/foreground/speech_normal/fsd50k_speech_normal_33955483.wav
fsd50k_speech_normal_349930d5,speech_normal,fsd50k,0.0,1.451,1.451,auto_accept,data/banks/foreground/speech_normal/fsd50k_speech_normal_349930d5.wav
fsd50k_speech_normal_34cc2c5b,speech_normal,fsd50k,1.499,7.136,5.637,auto_accept,data/banks/foreground/speech_normal/fsd50k_speech_normal_34cc2c5b.wav
fsd50k_speech_normal_34ef94ed,speech_normal,fsd50k,0.218,1.4,1.182,auto_accept,data/banks/foreground/speech_normal/fsd50k_speech_normal_34ef94ed.wav
fsd50k_speech_normal_34f01aef,speech_normal,fsd50k,0.0,1.676,1.676,auto_accept,data/banks/foreground/speech_normal/fsd50k_speech_normal_34f01aef.wav
fsd50k_speech_normal_358854e6,speech_normal,fsd50k,0.0,0.989,0.989,auto_accept,data/banks/foreground/speech_normal/fsd50k_speech_normal_358854e6.wav
fsd50k_speech_normal_35bed4f1,speech_normal,fsd50k,0.0,0.627,0.627,auto_accept,data/banks/foreground/speech_normal/fsd50k_speech_normal_35bed4f1.wav
fsd50k_speech_normal_35d5f62f,speech_normal,fsd50k,0.0,1.377,1.377,auto_accept,data/banks/foreground/speech_normal/fsd50k_speech_normal_35d5f62f.wav
fsd50k_speech_normal_36017586,speech_normal,fsd50k,0.0,1.189,1.189,auto_accept,data/banks/foreground/speech_normal/fsd50k_speech_normal_36017586.wav
fsd50k_speech_normal_36bac63d,speech_normal,fsd50k,0.0,0.521,0.521,auto_accept,data/banks/foreground/speech_normal/fsd50k_speech_normal_36bac63d.wav
fsd50k_speech_normal_370621a0,speech_normal,fsd50k,0.0,1.25,1.25,auto_accept,data/banks/foreground/speech_normal/fsd50k_speech_normal_370621a0.wav
fsd50k_speech_normal_376e988d,speech_normal,fsd50k,0.0,0.705,0.705,auto_accept,data/banks/foreground/speech_normal/fsd50k_speech_normal_376e988d.wav
fsd50k_speech_normal_379ccb84,speech_normal,fsd50k,1.819,4.148,2.329,auto_accept,data/banks/foreground/speech_normal/fsd50k_speech_normal_379ccb84.wav
fsd50k_speech_normal_382079b8,speech_normal,fsd50k,0.0,3.489,3.489,auto_accept,data/banks/foreground/speech_normal/fsd50k_speech_normal_382079b8.wav
fsd50k_speech_normal_3826ed76,speech_normal,fsd50k,0.0,1.255,1.255,auto_accept,data/banks/foreground/speech_normal/fsd50k_speech_normal_3826ed76.wav
fsd50k_speech_normal_3870a1bc,speech_normal,fsd50k,0.0,2.647,2.647,auto_accept,data/banks/foreground/speech_normal/fsd50k_speech_normal_3870a1bc.wav
fsd50k_speech_normal_38b581e5,speech_normal,fsd50k,0.0,2.019,2.019,auto_accept,data/banks/foreground/speech_normal/fsd50k_speech_normal_38b581e5.wav
fsd50k_speech_normal_397d3828,speech_normal,fsd50k,0.0,0.546,0.546,auto_accept,data/banks/foreground/speech_normal/fsd50k_speech_normal_397d3828.wav
fsd50k_speech_normal_39eec2aa,speech_normal,fsd50k,0.0,3.846,3.846,auto_accept,data/banks/foreground/speech_normal/fsd50k_speech_normal_39eec2aa.wav
fsd50k_speech_normal_3a28d3ea,speech_normal,fsd50k,0.0,1.697,1.697,auto_accept,data/banks/foreground/speech_normal/fsd50k_speech_normal_3a28d3ea.wav
fsd50k_speech_normal_3a34da04,speech_normal,fsd50k,0.0,1.735,1.735,auto_accept,data/banks/foreground/speech_normal/fsd50k_speech_normal_3a34da04.wav
fsd50k_speech_normal_3a4128cd,speech_normal,fsd50k,0.0,0.987,0.987,auto_accept,data/banks/foreground/speech_normal/fsd50k_speech_normal_3a4128cd.wav
fsd50k_speech_normal_3a4361cf,speech_normal,fsd50k,4.38,6.34,1.96,auto_accept,data/banks/foreground/speech_normal/fsd50k_speech_normal_3a4361cf.wav
fsd50k_speech_normal_3a522fbc,speech_normal,fsd50k,0.0,1.0,1.0,auto_accept,data/banks/foreground/speech_normal/fsd50k_speech_normal_3a522fbc.wav
fsd50k_speech_normal_3a5d6307,speech_normal,fsd50k,0.0,2.38,2.38,auto_accept,data/banks/foreground/speech_normal/fsd50k_speech_normal_3a5d6307.wav
fsd50k_speech_normal_3a605679,speech_normal,fsd50k,0.0,7.132,7.132,auto_accept,data/banks/foreground/speech_normal/fsd50k_speech_normal_3a605679.wav
fsd50k_speech_normal_3a854356,speech_normal,fsd50k,0.0,0.878,0.878,auto_accept,data/banks/foreground/speech_normal/fsd50k_speech_normal_3a854356.wav
fsd50k_speech_normal_3a9a1f7c,speech_normal,fsd50k,0.0,9.268,9.268,auto_accept,data/banks/foreground/speech_normal/fsd50k_speech_normal_3a9a1f7c.wav
fsd50k_speech_normal_3b23924f,speech_normal,fsd50k,0.0,1.213,1.213,auto_accept,data/banks/foreground/speech_normal/fsd50k_speech_normal_3b23924f.wav
fsd50k_speech_normal_3bc067bc,speech_normal,fsd50k,0.0,1.625,1.625,auto_accept,data/banks/foreground/speech_normal/fsd50k_speech_normal_3bc067bc.wav
fsd50k_speech_normal_3c55019f,speech_normal,fsd50k,0.0,3.283,3.283,auto_accept,data/banks/foreground/speech_normal/fsd50k_speech_normal_3c55019f.wav
fsd50k_speech_normal_3c5ccbad,speech_normal,fsd50k,2.455,4.701,2.246,auto_accept,data/banks/foreground/speech_normal/fsd50k_speech_normal_3c5ccbad.wav
fsd50k_speech_normal_3c8b6709,speech_normal,fsd50k,0.0,1.507,1.507,auto_accept,data/banks/foreground/speech_normal/fsd50k_speech_normal_3c8b6709.wav
fsd50k_speech_normal_3cea69e0,speech_normal,fsd50k,0.0,0.973,0.973,auto_accept,data/banks/foreground/speech_normal/fsd50k_speech_normal_3cea69e0.wav
fsd50k_speech_normal_3d7aabf8,speech_normal,fsd50k,0.0,1.333,1.333,auto_accept,data/banks/foreground/speech_normal/fsd50k_speech_normal_3d7aabf8.wav
fsd50k_speech_normal_3da40f7d,speech_normal,fsd50k,0.0,1.378,1.378,auto_accept,data/banks/foreground/speech_normal/fsd50k_speech_normal_3da40f7d.wav
fsd50k_speech_normal_3da7c3f8,speech_normal,fsd50k,0.0,1.676,1.676,auto_accept,data/banks/foreground/speech_normal/fsd50k_speech_normal_3da7c3f8.wav
fsd50k_speech_normal_3dac01b2,speech_normal,fsd50k,0.0,1.216,1.216,auto_accept,data/banks/foreground/speech_normal/fsd50k_speech_normal_3dac01b2.wav
fsd50k_speech_normal_3dea01c8,speech_normal,fsd50k,4.057,8.255,4.198,auto_accept,data/banks/foreground/speech_normal/fsd50k_speech_normal_3dea01c8.wav
fsd50k_speech_normal_3e406777,speech_normal,fsd50k,0.0,4.0,4.0,auto_accept,data/banks/foreground/speech_normal/fsd50k_speech_normal_3e406777.wav
fsd50k_speech_normal_3e42e680,speech_normal,fsd50k,0.0,1.058,1.058,auto_accept,data/banks/foreground/speech_normal/fsd50k_speech_normal_3e42e680.wav
fsd50k_speech_normal_3e4c78a5,speech_normal,fsd50k,0.0,3.132,3.132,auto_accept,data/banks/foreground/speech_normal/fsd50k_speech_normal_3e4c78a5.wav
fsd50k_speech_normal_3e9c0864,speech_normal,fsd50k,0.0,0.542,0.542,auto_accept,data/banks/foreground/speech_normal/fsd50k_speech_normal_3e9c0864.wav
fsd50k_speech_normal_3eac7df7,speech_normal,fsd50k,1.178,3.615,2.437,auto_accept,data/banks/foreground/speech_normal/fsd50k_speech_normal_3eac7df7.wav
fsd50k_speech_normal_3f00ccc1,speech_normal,fsd50k,0.0,0.948,0.948,auto_accept,data/banks/foreground/speech_normal/fsd50k_speech_normal_3f00ccc1.wav
fsd50k_speech_normal_3f653d4b,speech_normal,fsd50k,0.0,0.662,0.662,auto_accept,data/banks/foreground/speech_normal/fsd50k_speech_normal_3f653d4b.wav
fsd50k_speech_normal_3f93dfa0,speech_normal,fsd50k,0.0,1.376,1.376,auto_accept,data/banks/foreground/speech_normal/fsd50k_speech_normal_3f93dfa0.wav
fsd50k_speech_normal_400329d3,speech_normal,fsd50k,0.0,0.488,0.488,auto_accept,data/banks/foreground/speech_normal/fsd50k_speech_normal_400329d3.wav
fsd50k_speech_normal_40092c01,speech_normal,fsd50k,0.858,3.772,2.914,auto_accept,data/banks/foreground/speech_normal/fsd50k_speech_normal_40092c01.wav
fsd50k_speech_normal_4073827a,speech_normal,fsd50k,0.0,1.28,1.28,auto_accept,data/banks/foreground/speech_normal/fsd50k_speech_normal_4073827a.wav
fsd50k_speech_normal_4078e35f,speech_normal,fsd50k,0.0,1.5,1.5,auto_accept,data/banks/foreground/speech_normal/fsd50k_speech_normal_4078e35f.wav
fsd50k_speech_normal_40fcc302,speech_normal,fsd50k,0.0,0.621,0.621,auto_accept,data/banks/foreground/speech_normal/fsd50k_speech_normal_40fcc302.wav
fsd50k_speech_normal_41ad713e,speech_normal,fsd50k,0.0,1.081,1.081,auto_accept,data/banks/foreground/speech_normal/fsd50k_speech_normal_41ad713e.wav
fsd50k_speech_normal_41aefacf,speech_normal,fsd50k,0.0,0.922,0.922,auto_accept,data/banks/foreground/speech_normal/fsd50k_speech_normal_41aefacf.wav
fsd50k_speech_normal_428e084c,speech_normal,fsd50k,0.0,1.606,1.606,auto_accept,data/banks/foreground/speech_normal/fsd50k_speech_normal_428e084c.wav
fsd50k_speech_normal_42a41463,speech_normal,fsd50k,0.0,1.538,1.538,auto_accept,data/banks/foreground/speech_normal/fsd50k_speech_normal_42a41463.wav
fsd50k_speech_normal_42ba7b81,speech_normal,fsd50k,0.0,0.949,0.949,auto_accept,data/banks/foreground/speech_normal/fsd50k_speech_normal_42ba7b81.wav
fsd50k_speech_normal_430a49da,speech_normal,fsd50k,0.0,1.059,1.059,auto_accept,data/banks/foreground/speech_normal/fsd50k_speech_normal_430a49da.wav
fsd50k_speech_normal_434f62a1,speech_normal,fsd50k,0.0,0.407,0.407,auto_accept,data/banks/foreground/speech_normal/fsd50k_speech_normal_434f62a1.wav
fsd50k_speech_normal_43d090e3,speech_normal,fsd50k,0.0,0.84,0.84,auto_accept,data/banks/foreground/speech_normal/fsd50k_speech_normal_43d090e3.wav
fsd50k_speech_normal_4459f705,speech_normal,fsd50k,0.0,1.55,1.55,auto_accept,data/banks/foreground/speech_normal/fsd50k_speech_normal_4459f705.wav
fsd50k_speech_normal_44bab61d,speech_normal,fsd50k,0.0,8.416,8.416,auto_accept,data/banks/foreground/speech_normal/fsd50k_speech_normal_44bab61d.wav
fsd50k_speech_normal_44d9236b,speech_normal,fsd50k,0.0,2.68,2.68,auto_accept,data/banks/foreground/speech_normal/fsd50k_speech_normal_44d9236b.wav
fsd50k_speech_normal_452fb593,speech_normal,fsd50k,0.0,0.953,0.953,auto_accept,data/banks/foreground/speech_normal/fsd50k_speech_normal_452fb593.wav
fsd50k_speech_normal_45362a1a,speech_normal,fsd50k,0.0,4.327,4.327,auto_accept,data/banks/foreground/speech_normal/fsd50k_speech_normal_45362a1a.wav
fsd50k_speech_normal_4553e308,speech_normal,fsd50k,0.0,0.557,0.557,auto_accept,data/banks/foreground/speech_normal/fsd50k_speech_normal_4553e308.wav
fsd50k_speech_normal_458bfd21,speech_normal,fsd50k,0.54,2.199,1.659,auto_accept,data/banks/foreground/speech_normal/fsd50k_speech_normal_458bfd21.wav
fsd50k_speech_normal_45a38188,speech_normal,fsd50k,1.499,3.268,1.769,auto_accept,data/banks/foreground/speech_normal/fsd50k_speech_normal_45a38188.wav
fsd50k_speech_normal_45c7f2b1,speech_normal,fsd50k,0.0,0.766,0.766,auto_accept,data/banks/foreground/speech_normal/fsd50k_speech_normal_45c7f2b1.wav
fsd50k_speech_normal_46610ecb,speech_normal,fsd50k,0.0,0.932,0.932,auto_accept,data/banks/foreground/speech_normal/fsd50k_speech_normal_46610ecb.wav
fsd50k_speech_normal_469b3357,speech_normal,fsd50k,0.0,0.96,0.96,auto_accept,data/banks/foreground/speech_normal/fsd50k_speech_normal_469b3357.wav
fsd50k_speech_normal_46bbdffe,speech_normal,fsd50k,0.0,0.669,0.669,auto_accept,data/banks/foreground/speech_normal/fsd50k_speech_normal_46bbdffe.wav
fsd50k_speech_normal_475bc91b,speech_normal,fsd50k,0.0,7.171,7.171,auto_accept,data/banks/foreground/speech_normal/fsd50k_speech_normal_475bc91b.wav
fsd50k_speech_normal_47bbcf3e,speech_normal,fsd50k,0.0,0.732,0.732,auto_accept,data/banks/foreground/speech_normal/fsd50k_speech_normal_47bbcf3e.wav
fsd50k_speech_normal_483d0017,speech_normal,fsd50k,0.0,1.121,1.121,auto_accept,data/banks/foreground/speech_normal/fsd50k_speech_normal_483d0017.wav
fsd50k_speech_normal_48df56e4,speech_normal,fsd50k,0.0,0.585,0.585,auto_accept,data/banks/foreground/speech_normal/fsd50k_speech_normal_48df56e4.wav
fsd50k_speech_normal_48fe8bd8,speech_normal,fsd50k,0.0,1.018,1.018,auto_accept,data/banks/foreground/speech_normal/fsd50k_speech_normal_48fe8bd8.wav
fsd50k_speech_normal_4999b70e,speech_normal,fsd50k,0.0,1.699,1.699,auto_accept,data/banks/foreground/speech_normal/fsd50k_speech_normal_4999b70e.wav
fsd50k_speech_normal_49cbf9ea,speech_normal,fsd50k,0.0,0.548,0.548,auto_accept,data/banks/foreground/speech_normal/fsd50k_speech_normal_49cbf9ea.wav
fsd50k_speech_normal_49db187e,speech_normal,fsd50k,0.0,1.788,1.788,auto_accept,data/banks/foreground/speech_normal/fsd50k_speech_normal_49db187e.wav
fsd50k_speech_normal_4a6da433,speech_normal,fsd50k,3.739,6.818,3.079,auto_accept,data/banks/foreground/speech_normal/fsd50k_speech_normal_4a6da433.wav
fsd50k_speech_normal_4ad30c99,speech_normal,fsd50k,0.0,0.592,0.592,auto_accept,data/banks/foreground/speech_normal/fsd50k_speech_normal_4ad30c99.wav
fsd50k_speech_normal_4afca8fd,speech_normal,fsd50k,0.0,1.544,1.544,auto_accept,data/banks/foreground/speech_normal/fsd50k_speech_normal_4afca8fd.wav
fsd50k_speech_normal_4b021313,speech_normal,fsd50k,0.0,0.486,0.486,auto_accept,data/banks/foreground/speech_normal/fsd50k_speech_normal_4b021313.wav
fsd50k_speech_normal_4b131ff2,speech_normal,fsd50k,0.0,5.534,5.534,auto_accept,data/banks/foreground/speech_normal/fsd50k_speech_normal_4b131ff2.wav
fsd50k_speech_normal_4c0a272d,speech_normal,fsd50k,1.5,3.939,2.439,auto_accept,data/banks/foreground/speech_normal/fsd50k_speech_normal_4c0a272d.wav
fsd50k_speech_normal_4c9db80d,speech_normal,fsd50k,0.0,1.126,1.126,auto_accept,data/banks/foreground/speech_normal/fsd50k_speech_normal_4c9db80d.wav
fsd50k_speech_normal_4cd93ada,speech_normal,fsd50k,0.0,1.893,1.893,auto_accept,data/banks/foreground/speech_normal/fsd50k_speech_normal_4cd93ada.wav
fsd50k_speech_normal_4d234556,speech_normal,fsd50k,0.0,1.057,1.057,auto_accept,data/banks/foreground/speech_normal/fsd50k_speech_normal_4d234556.wav
fsd50k_speech_normal_4d6306b2,speech_normal,fsd50k,0.0,0.618,0.618,auto_accept,data/banks/foreground/speech_normal/fsd50k_speech_normal_4d6306b2.wav
fsd50k_speech_normal_4dbe0ff0,speech_normal,fsd50k,0.0,0.87,0.87,auto_accept,data/banks/foreground/speech_normal/fsd50k_speech_normal_4dbe0ff0.wav
fsd50k_speech_normal_4dc580cb,speech_normal,fsd50k,0.0,1.374,1.374,auto_accept,data/banks/foreground/speech_normal/fsd50k_speech_normal_4dc580cb.wav
fsd50k_speech_normal_4e48ce5d,speech_normal,fsd50k,0.0,1.376,1.376,auto_accept,data/banks/foreground/speech_normal/fsd50k_speech_normal_4e48ce5d.wav
fsd50k_speech_normal_4ec436b5,speech_normal,fsd50k,0.0,0.558,0.558,auto_accept,data/banks/foreground/speech_normal/fsd50k_speech_normal_4ec436b5.wav
fsd50k_speech_normal_4ee1f7ba,speech_normal,fsd50k,0.539,2.973,2.434,auto_accept,data/banks/foreground/speech_normal/fsd50k_speech_normal_4ee1f7ba.wav
fsd50k_speech_normal_4f46ccaf,speech_normal,fsd50k,0.0,3.152,3.152,auto_accept,data/banks/foreground/speech_normal/fsd50k_speech_normal_4f46ccaf.wav
fsd50k_speech_normal_4f523258,speech_normal,fsd50k,0.0,1.087,1.087,auto_accept,data/banks/foreground/speech_normal/fsd50k_speech_normal_4f523258.wav
fsd50k_speech_normal_4f6eec17,speech_normal,fsd50k,0.0,0.812,0.812,auto_accept,data/banks/foreground/speech_normal/fsd50k_speech_normal_4f6eec17.wav
fsd50k_speech_normal_4f72913d,speech_normal,fsd50k,0.0,3.969,3.969,auto_accept,data/banks/foreground/speech_normal/fsd50k_speech_normal_4f72913d.wav
fsd50k_speech_normal_506f299b,speech_normal,fsd50k,0.0,1.181,1.181,auto_accept,data/banks/foreground/speech_normal/fsd50k_speech_normal_506f299b.wav
fsd50k_speech_normal_509e8a86,speech_normal,fsd50k,0.0,1.376,1.376,auto_accept,data/banks/foreground/speech_normal/fsd50k_speech_normal_509e8a86.wav
fsd50k_speech_normal_51a9926b,speech_normal,fsd50k,0.0,3.21,3.21,auto_accept,data/banks/foreground/speech_normal/fsd50k_speech_normal_51a9926b.wav
fsd50k_speech_normal_51ccb7a4,speech_normal,fsd50k,0.0,1.375,1.375,auto_accept,data/banks/foreground/speech_normal/fsd50k_speech_normal_51ccb7a4.wav
fsd50k_speech_normal_51f5d4a3,speech_normal,fsd50k,3.419,10.656,7.237,auto_accept,data/banks/foreground/speech_normal/fsd50k_speech_normal_51f5d4a3.wav
fsd50k_speech_normal_51fecbd8,speech_normal,fsd50k,1.5,17.057,15.557,auto_accept,data/banks/foreground/speech_normal/fsd50k_speech_normal_51fecbd8.wav
fsd50k_speech_normal_521ccac5,speech_normal,fsd50k,0.0,1.291,1.291,auto_accept,data/banks/foreground/speech_normal/fsd50k_speech_normal_521ccac5.wav
fsd50k_speech_normal_5236b248,speech_normal,fsd50k,0.0,2.107,2.107,auto_accept,data/banks/foreground/speech_normal/fsd50k_speech_normal_5236b248.wav
fsd50k_speech_normal_528285bf,speech_normal,fsd50k,0.0,1.01,1.01,auto_accept,data/banks/foreground/speech_normal/fsd50k_speech_normal_528285bf.wav
fsd50k_speech_normal_52e0676a,speech_normal,fsd50k,0.0,1.149,1.149,auto_accept,data/banks/foreground/speech_normal/fsd50k_speech_normal_52e0676a.wav
fsd50k_speech_normal_52f9653b,speech_normal,fsd50k,0.0,1.067,1.067,auto_accept,data/banks/foreground/speech_normal/fsd50k_speech_normal_52f9653b.wav
fsd50k_speech_normal_535edcba,speech_normal,fsd50k,0.0,3.453,3.453,auto_accept,data/banks/foreground/speech_normal/fsd50k_speech_normal_535edcba.wav
fsd50k_speech_normal_536dcd67,speech_normal,fsd50k,0.0,2.773,2.773,auto_accept,data/banks/foreground/speech_normal/fsd50k_speech_normal_536dcd67.wav
fsd50k_speech_normal_53b3599c,speech_normal,fsd50k,0.0,0.883,0.883,auto_accept,data/banks/foreground/speech_normal/fsd50k_speech_normal_53b3599c.wav
fsd50k_speech_normal_544a3b61,speech_normal,fsd50k,0.0,0.802,0.802,auto_accept,data/banks/foreground/speech_normal/fsd50k_speech_normal_544a3b61.wav
fsd50k_speech_normal_54a5e096,speech_normal,fsd50k,0.219,2.543,2.324,auto_accept,data/banks/foreground/speech_normal/fsd50k_speech_normal_54a5e096.wav
fsd50k_speech_normal_54f0d4a3,speech_normal,fsd50k,18.779,29.868,11.089,auto_accept,data/banks/foreground/speech_normal/fsd50k_speech_normal_54f0d4a3.wav
fsd50k_speech_normal_54fc8098,speech_normal,fsd50k,0.0,1.0,1.0,auto_accept,data/banks/foreground/speech_normal/fsd50k_speech_normal_54fc8098.wav
fsd50k_speech_normal_5508e518,speech_normal,fsd50k,0.0,1.627,1.627,auto_accept,data/banks/foreground/speech_normal/fsd50k_speech_normal_5508e518.wav
fsd50k_speech_normal_553f8d22,speech_normal,fsd50k,6.298,11.076,4.778,auto_accept,data/banks/foreground/speech_normal/fsd50k_speech_normal_553f8d22.wav
fsd50k_speech_normal_55d5424a,speech_normal,fsd50k,0.0,0.772,0.772,auto_accept,data/banks/foreground/speech_normal/fsd50k_speech_normal_55d5424a.wav
fsd50k_speech_normal_55d6a69a,speech_normal,fsd50k,0.219,3.933,3.714,auto_accept,data/banks/foreground/speech_normal/fsd50k_speech_normal_55d6a69a.wav
fsd50k_speech_normal_55effd01,speech_normal,fsd50k,5.659,7.778,2.119,auto_accept,data/banks/foreground/speech_normal/fsd50k_speech_normal_55effd01.wav
fsd50k_speech_normal_560521aa,speech_normal,fsd50k,0.0,1.25,1.25,auto_accept,data/banks/foreground/speech_normal/fsd50k_speech_normal_560521aa.wav
fsd50k_speech_normal_566188ce,speech_normal,fsd50k,0.0,0.721,0.721,auto_accept,data/banks/foreground/speech_normal/fsd50k_speech_normal_566188ce.wav
fsd50k_speech_normal_5666ffa8,speech_normal,fsd50k,0.0,1.694,1.694,auto_accept,data/banks/foreground/speech_normal/fsd50k_speech_normal_5666ffa8.wav
fsd50k_speech_normal_56d2a97d,speech_normal,fsd50k,0.0,0.725,0.725,auto_accept,data/banks/foreground/speech_normal/fsd50k_speech_normal_56d2a97d.wav
fsd50k_speech_normal_56e45e63,speech_normal,fsd50k,0.0,1.657,1.657,auto_accept,data/banks/foreground/speech_normal/fsd50k_speech_normal_56e45e63.wav
fsd50k_speech_normal_572edb8a,speech_normal,fsd50k,0.0,1.117,1.117,auto_accept,data/banks/foreground/speech_normal/fsd50k_speech_normal_572edb8a.wav
fsd50k_speech_normal_576fefc9,speech_normal,fsd50k,0.0,1.099,1.099,auto_accept,data/banks/foreground/speech_normal/fsd50k_speech_normal_576fefc9.wav
fsd50k_speech_normal_5787d0be,speech_normal,fsd50k,0.0,0.776,0.776,auto_accept,data/banks/foreground/speech_normal/fsd50k_speech_normal_5787d0be.wav
fsd50k_speech_normal_57919e48,speech_normal,fsd50k,0.0,1.22,1.22,auto_accept,data/banks/foreground/speech_normal/fsd50k_speech_normal_57919e48.wav
fsd50k_speech_normal_590667cf,speech_normal,fsd50k,0.0,2.013,2.013,auto_accept,data/banks/foreground/speech_normal/fsd50k_speech_normal_590667cf.wav
fsd50k_speech_normal_592b4613,speech_normal,fsd50k,0.0,1.016,1.016,auto_accept,data/banks/foreground/speech_normal/fsd50k_speech_normal_592b4613.wav
fsd50k_speech_normal_59d0fb86,speech_normal,fsd50k,0.22,3.637,3.417,auto_accept,data/banks/foreground/speech_normal/fsd50k_speech_normal_59d0fb86.wav
fsd50k_speech_normal_59d1b6b3,speech_normal,fsd50k,2.138,5.096,2.958,auto_accept,data/banks/foreground/speech_normal/fsd50k_speech_normal_59d1b6b3.wav
fsd50k_speech_normal_5a35f2d1,speech_normal,fsd50k,0.0,0.655,0.655,auto_accept,data/banks/foreground/speech_normal/fsd50k_speech_normal_5a35f2d1.wav
fsd50k_speech_normal_5a4ade94,speech_normal,fsd50k,0.0,2.602,2.602,auto_accept,data/banks/foreground/speech_normal/fsd50k_speech_normal_5a4ade94.wav
fsd50k_speech_normal_5a5960f6,speech_normal,fsd50k,0.0,1.985,1.985,auto_accept,data/banks/foreground/speech_normal/fsd50k_speech_normal_5a5960f6.wav
fsd50k_speech_normal_5b08591b,speech_normal,fsd50k,0.0,0.49,0.49,auto_accept,data/banks/foreground/speech_normal/fsd50k_speech_normal_5b08591b.wav
fsd50k_speech_normal_5b38cd36,speech_normal,fsd50k,0.0,2.183,2.183,auto_accept,data/banks/foreground/speech_normal/fsd50k_speech_normal_5b38cd36.wav
fsd50k_speech_normal_5b9d918f,speech_normal,fsd50k,0.0,3.419,3.419,auto_accept,data/banks/foreground/speech_normal/fsd50k_speech_normal_5b9d918f.wav
fsd50k_speech_normal_5bed3234,speech_normal,fsd50k,0.219,2.016,1.797,auto_accept,data/banks/foreground/speech_normal/fsd50k_speech_normal_5bed3234.wav
fsd50k_speech_normal_5beeb517,speech_normal,fsd50k,0.0,2.452,2.452,auto_accept,data/banks/foreground/speech_normal/fsd50k_speech_normal_5beeb517.wav
fsd50k_speech_normal_5c748a82,speech_normal,fsd50k,0.0,2.5,2.5,auto_accept,data/banks/foreground/speech_normal/fsd50k_speech_normal_5c748a82.wav
fsd50k_speech_normal_5d1e9e9c,speech_normal,fsd50k,0.0,1.643,1.643,auto_accept,data/banks/foreground/speech_normal/fsd50k_speech_normal_5d1e9e9c.wav
fsd50k_speech_normal_5d29ba3e,speech_normal,fsd50k,0.0,0.404,0.404,auto_accept,data/banks/foreground/speech_normal/fsd50k_speech_normal_5d29ba3e.wav
fsd50k_speech_normal_5d3857cb,speech_normal,fsd50k,0.0,2.49,2.49,auto_accept,data/banks/foreground/speech_normal/fsd50k_speech_normal_5d3857cb.wav
fsd50k_speech_normal_5dc991a3,speech_normal,fsd50k,0.0,0.907,0.907,auto_accept,data/banks/foreground/speech_normal/fsd50k_speech_normal_5dc991a3.wav
fsd50k_speech_normal_5de2282d,speech_normal,fsd50k,0.0,1.0,1.0,auto_accept,data/banks/foreground/speech_normal/fsd50k_speech_normal_5de2282d.wav
fsd50k_speech_normal_5e027186,speech_normal,fsd50k,0.0,2.183,2.183,auto_accept,data/banks/foreground/speech_normal/fsd50k_speech_normal_5e027186.wav
fsd50k_speech_normal_5e706559,speech_normal,fsd50k,0.0,0.662,0.662,auto_accept,data/banks/foreground/speech_normal/fsd50k_speech_normal_5e706559.wav
fsd50k_speech_normal_5e89b498,speech_normal,fsd50k,0.0,3.059,3.059,auto_accept,data/banks/foreground/speech_normal/fsd50k_speech_normal_5e89b498.wav
fsd50k_speech_normal_5ec5fc2f,speech_normal,fsd50k,0.0,0.905,0.905,auto_accept,data/banks/foreground/speech_normal/fsd50k_speech_normal_5ec5fc2f.wav
fsd50k_speech_normal_5ec6461e,speech_normal,fsd50k,0.86,10.658,9.798,auto_accept,data/banks/foreground/speech_normal/fsd50k_speech_normal_5ec6461e.wav
fsd50k_speech_normal_5ef71f3e,speech_normal,fsd50k,0.0,6.785,6.785,auto_accept,data/banks/foreground/speech_normal/fsd50k_speech_normal_5ef71f3e.wav
fsd50k_speech_normal_5f098b94,speech_normal,fsd50k,0.0,2.018,2.018,auto_accept,data/banks/foreground/speech_normal/fsd50k_speech_normal_5f098b94.wav
fsd50k_speech_normal_5f2ebdad,speech_normal,fsd50k,0.0,1.117,1.117,auto_accept,data/banks/foreground/speech_normal/fsd50k_speech_normal_5f2ebdad.wav
fsd50k_speech_normal_5f72be73,speech_normal,fsd50k,0.0,1.544,1.544,auto_accept,data/banks/foreground/speech_normal/fsd50k_speech_normal_5f72be73.wav
fsd50k_speech_normal_5f98fd86,speech_normal,fsd50k,0.0,0.76,0.76,auto_accept,data/banks/foreground/speech_normal/fsd50k_speech_normal_5f98fd86.wav
fsd50k_speech_normal_605926ad,speech_normal,fsd50k,0.0,1.39,1.39,auto_accept,data/banks/foreground/speech_normal/fsd50k_speech_normal_605926ad.wav
fsd50k_speech_normal_60fdc3e0,speech_normal,fsd50k,0.0,1.283,1.283,auto_accept,data/banks/foreground/speech_normal/fsd50k_speech_normal_60fdc3e0.wav
fsd50k_speech_normal_612e3af1,speech_normal,fsd50k,0.0,2.979,2.979,auto_accept,data/banks/foreground/speech_normal/fsd50k_speech_normal_612e3af1.wav
fsd50k_speech_normal_6193bb10,speech_normal,fsd50k,0.0,1.0,1.0,auto_accept,data/banks/foreground/speech_normal/fsd50k_speech_normal_6193bb10.wav
fsd50k_speech_normal_6221d9d8,speech_normal,fsd50k,0.0,1.161,1.161,auto_accept,data/banks/foreground/speech_normal/fsd50k_speech_normal_6221d9d8.wav
fsd50k_speech_normal_632f69d2,speech_normal,fsd50k,0.0,0.665,0.665,auto_accept,data/banks/foreground/speech_normal/fsd50k_speech_normal_632f69d2.wav
fsd50k_speech_normal_63547745,speech_normal,fsd50k,0.0,1.175,1.175,auto_accept,data/banks/foreground/speech_normal/fsd50k_speech_normal_63547745.wav
fsd50k_speech_normal_63cce22f,speech_normal,fsd50k,1.175,2.36,1.185,auto_accept,data/banks/foreground/speech_normal/fsd50k_speech_normal_63cce22f.wav
fsd50k_speech_normal_6487ea15,speech_normal,fsd50k,0.0,0.496,0.496,auto_accept,data/banks/foreground/speech_normal/fsd50k_speech_normal_6487ea15.wav
fsd50k_speech_normal_64f0e4b2,speech_normal,fsd50k,0.0,4.419,4.419,auto_accept,data/banks/foreground/speech_normal/fsd50k_speech_normal_64f0e4b2.wav
fsd50k_speech_normal_65a8c68b,speech_normal,fsd50k,0.0,0.697,0.697,auto_accept,data/banks/foreground/speech_normal/fsd50k_speech_normal_65a8c68b.wav
fsd50k_speech_normal_65b33349,speech_normal,fsd50k,0.0,2.472,2.472,auto_accept,data/banks/foreground/speech_normal/fsd50k_speech_normal_65b33349.wav
fsd50k_speech_normal_661a3655,speech_normal,fsd50k,0.0,1.121,1.121,auto_accept,data/banks/foreground/speech_normal/fsd50k_speech_normal_661a3655.wav
fsd50k_speech_normal_663c791e,speech_normal,fsd50k,0.0,1.29,1.29,auto_accept,data/banks/foreground/speech_normal/fsd50k_speech_normal_663c791e.wav
fsd50k_speech_normal_66533a99,speech_normal,fsd50k,0.0,1.376,1.376,auto_accept,data/banks/foreground/speech_normal/fsd50k_speech_normal_66533a99.wav
fsd50k_speech_normal_66844dfa,speech_normal,fsd50k,0.0,0.866,0.866,auto_accept,data/banks/foreground/speech_normal/fsd50k_speech_normal_66844dfa.wav
fsd50k_speech_normal_6701fd61,speech_normal,fsd50k,0.0,0.441,0.441,auto_accept,data/banks/foreground/speech_normal/fsd50k_speech_normal_6701fd61.wav
fsd50k_speech_normal_681f5a99,speech_normal,fsd50k,3.417,4.896,1.479,auto_accept,data/banks/foreground/speech_normal/fsd50k_speech_normal_681f5a99.wav
fsd50k_speech_normal_683ec5fc,speech_normal,fsd50k,0.0,0.695,0.695,auto_accept,data/banks/foreground/speech_normal/fsd50k_speech_normal_683ec5fc.wav
fsd50k_speech_normal_683f9db5,speech_normal,fsd50k,0.0,0.581,0.581,auto_accept,data/banks/foreground/speech_normal/fsd50k_speech_normal_683f9db5.wav
fsd50k_speech_normal_6869b5f6,speech_normal,fsd50k,0.0,1.159,1.159,auto_accept,data/banks/foreground/speech_normal/fsd50k_speech_normal_6869b5f6.wav
fsd50k_speech_normal_686f242d,speech_normal,fsd50k,0.0,0.523,0.523,auto_accept,data/banks/foreground/speech_normal/fsd50k_speech_normal_686f242d.wav
fsd50k_speech_normal_68b0fddb,speech_normal,fsd50k,0.0,1.058,1.058,auto_accept,data/banks/foreground/speech_normal/fsd50k_speech_normal_68b0fddb.wav
fsd50k_speech_normal_6916eab0,speech_normal,fsd50k,0.0,0.672,0.672,auto_accept,data/banks/foreground/speech_normal/fsd50k_speech_normal_6916eab0.wav
fsd50k_speech_normal_69927e79,speech_normal,fsd50k,0.0,2.331,2.331,auto_accept,data/banks/foreground/speech_normal/fsd50k_speech_normal_69927e79.wav
fsd50k_speech_normal_6a273a51,speech_normal,fsd50k,0.22,5.859,5.639,auto_accept,data/banks/foreground/speech_normal/fsd50k_speech_normal_6a273a51.wav
fsd50k_speech_normal_6b218db0,speech_normal,fsd50k,0.0,1.341,1.341,auto_accept,data/banks/foreground/speech_normal/fsd50k_speech_normal_6b218db0.wav
fsd50k_speech_normal_6b363dfd,speech_normal,fsd50k,0.0,1.016,1.016,auto_accept,data/banks/foreground/speech_normal/fsd50k_speech_normal_6b363dfd.wav
fsd50k_speech_normal_6b36a9db,speech_normal,fsd50k,0.0,1.327,1.327,auto_accept,data/banks/foreground/speech_normal/fsd50k_speech_normal_6b36a9db.wav
fsd50k_speech_normal_6b804a6c,speech_normal,fsd50k,0.0,2.911,2.911,auto_accept,data/banks/foreground/speech_normal/fsd50k_speech_normal_6b804a6c.wav
fsd50k_speech_normal_6be25c61,speech_normal,fsd50k,0.0,2.32,2.32,auto_accept,data/banks/foreground/speech_normal/fsd50k_speech_normal_6be25c61.wav
fsd50k_speech_normal_6c4dbb6c,speech_normal,fsd50k,0.0,1.962,1.962,auto_accept,data/banks/foreground/speech_normal/fsd50k_speech_normal_6c4dbb6c.wav
fsd50k_speech_normal_6ca4b0e4,speech_normal,fsd50k,0.0,4.655,4.655,auto_accept,data/banks/foreground/speech_normal/fsd50k_speech_normal_6ca4b0e4.wav
fsd50k_speech_normal_6d1aca16,speech_normal,fsd50k,0.0,0.626,0.626,auto_accept,data/banks/foreground/speech_normal/fsd50k_speech_normal_6d1aca16.wav
fsd50k_speech_normal_6d253744,speech_normal,fsd50k,0.0,2.331,2.331,auto_accept,data/banks/foreground/speech_normal/fsd50k_speech_normal_6d253744.wav
fsd50k_speech_normal_6dbd9fc9,speech_normal,fsd50k,0.86,3.089,2.229,auto_accept,data/banks/foreground/speech_normal/fsd50k_speech_normal_6dbd9fc9.wav
fsd50k_speech_normal_6e1815aa,speech_normal,fsd50k,0.0,0.813,0.813,auto_accept,data/banks/foreground/speech_normal/fsd50k_speech_normal_6e1815aa.wav
fsd50k_speech_normal_6e413ca9,speech_normal,fsd50k,0.0,1.55,1.55,auto_accept,data/banks/foreground/speech_normal/fsd50k_speech_normal_6e413ca9.wav
fsd50k_speech_normal_6e9145e0,speech_normal,fsd50k,1.177,2.654,1.477,auto_accept,data/banks/foreground/speech_normal/fsd50k_speech_normal_6e9145e0.wav
fsd50k_speech_normal_6ef93005,speech_normal,fsd50k,0.0,2.602,2.602,auto_accept,data/banks/foreground/speech_normal/fsd50k_speech_normal_6ef93005.wav
fsd50k_speech_normal_6f189ab3,speech_normal,fsd50k,0.0,0.956,0.956,auto_accept,data/banks/foreground/speech_normal/fsd50k_speech_normal_6f189ab3.wav
fsd50k_speech_normal_6f8b96be,speech_normal,fsd50k,0.0,0.56,0.56,auto_accept,data/banks/foreground/speech_normal/fsd50k_speech_normal_6f8b96be.wav
fsd50k_speech_normal_6f9d0dcb,speech_normal,fsd50k,0.859,2.498,1.639,auto_accept,data/banks/foreground/speech_normal/fsd50k_speech_normal_6f9d0dcb.wav
fsd50k_speech_normal_701006dc,speech_normal,fsd50k,0.0,0.522,0.522,auto_accept,data/banks/foreground/speech_normal/fsd50k_speech_normal_701006dc.wav
fsd50k_speech_normal_7065a271,speech_normal,fsd50k,0.0,0.714,0.714,auto_accept,data/banks/foreground/speech_normal/fsd50k_speech_normal_7065a271.wav
fsd50k_speech_normal_709c0d28,speech_normal,fsd50k,0.22,3.586,3.366,auto_accept,data/banks/foreground/speech_normal/fsd50k_speech_normal_709c0d28.wav
fsd50k_speech_normal_70db1aea,speech_normal,fsd50k,2.459,12.167,9.708,auto_accept,data/banks/foreground/speech_normal/fsd50k_speech_normal_70db1aea.wav
fsd50k_speech_normal_7185ec4e,speech_normal,fsd50k,0.0,1.5,1.5,auto_accept,data/banks/foreground/speech_normal/fsd50k_speech_normal_7185ec4e.wav
fsd50k_speech_normal_71ade30c,speech_normal,fsd50k,0.0,1.277,1.277,auto_accept,data/banks/foreground/speech_normal/fsd50k_speech_normal_71ade30c.wav
fsd50k_speech_normal_71d9e4ee,speech_normal,fsd50k,0.0,1.73,1.73,auto_accept,data/banks/foreground/speech_normal/fsd50k_speech_normal_71d9e4ee.wav
fsd50k_speech_normal_7244708b,speech_normal,fsd50k,0.0,0.66,0.66,auto_accept,data/banks/foreground/speech_normal/fsd50k_speech_normal_7244708b.wav
fsd50k_speech_normal_7287e55a,speech_normal,fsd50k,0.0,1.057,1.057,auto_accept,data/banks/foreground/speech_normal/fsd50k_speech_normal_7287e55a.wav
fsd50k_speech_normal_728a0d5e,speech_normal,fsd50k,0.0,1.375,1.375,auto_accept,data/banks/foreground/speech_normal/fsd50k_speech_normal_728a0d5e.wav
fsd50k_speech_normal_729b04ff,speech_normal,fsd50k,0.0,9.387,9.387,auto_accept,data/banks/foreground/speech_normal/fsd50k_speech_normal_729b04ff.wav
fsd50k_speech_normal_72fcfe58,speech_normal,fsd50k,0.0,1.567,1.567,auto_accept,data/banks/foreground/speech_normal/fsd50k_speech_normal_72fcfe58.wav
fsd50k_speech_normal_7314bc3b,speech_normal,fsd50k,0.0,1.133,1.133,auto_accept,data/banks/foreground/speech_normal/fsd50k_speech_normal_7314bc3b.wav
fsd50k_speech_normal_7334e4f7,speech_normal,fsd50k,0.0,1.057,1.057,auto_accept,data/banks/foreground/speech_normal/fsd50k_speech_normal_7334e4f7.wav
fsd50k_speech_normal_739ad083,speech_normal,fsd50k,2.14,20.555,18.415,auto_accept,data/banks/foreground/speech_normal/fsd50k_speech_normal_739ad083.wav
fsd50k_speech_normal_73eba0a1,speech_normal,fsd50k,0.0,1.053,1.053,auto_accept,data/banks/foreground/speech_normal/fsd50k_speech_normal_73eba0a1.wav
fsd50k_speech_normal_745498a6,speech_normal,fsd50k,0.0,0.801,0.801,auto_accept,data/banks/foreground/speech_normal/fsd50k_speech_normal_745498a6.wav
fsd50k_speech_normal_74bf740e,speech_normal,fsd50k,0.0,0.63,0.63,auto_accept,data/banks/foreground/speech_normal/fsd50k_speech_normal_74bf740e.wav
fsd50k_speech_normal_75237b3b,speech_normal,fsd50k,0.0,1.362,1.362,auto_accept,data/banks/foreground/speech_normal/fsd50k_speech_normal_75237b3b.wav
fsd50k_speech_normal_75498935,speech_normal,fsd50k,0.0,1.602,1.602,auto_accept,data/banks/foreground/speech_normal/fsd50k_speech_normal_75498935.wav
fsd50k_speech_normal_766069a8,speech_normal,fsd50k,5.336,7.454,2.118,auto_accept,data/banks/foreground/speech_normal/fsd50k_speech_normal_766069a8.wav
fsd50k_speech_normal_7665a646,speech_normal,fsd50k,0.0,1.76,1.76,auto_accept,data/banks/foreground/speech_normal/fsd50k_speech_normal_7665a646.wav
fsd50k_speech_normal_766a00a7,speech_normal,fsd50k,0.0,0.999,0.999,auto_accept,data/banks/foreground/speech_normal/fsd50k_speech_normal_766a00a7.wav
fsd50k_speech_normal_770e9f8f,speech_normal,fsd50k,0.0,1.043,1.043,auto_accept,data/banks/foreground/speech_normal/fsd50k_speech_normal_770e9f8f.wav
fsd50k_speech_normal_770f539c,speech_normal,fsd50k,0.0,2.469,2.469,auto_accept,data/banks/foreground/speech_normal/fsd50k_speech_normal_770f539c.wav
fsd50k_speech_normal_77110a14,speech_normal,fsd50k,0.0,0.952,0.952,auto_accept,data/banks/foreground/speech_normal/fsd50k_speech_normal_77110a14.wav
fsd50k_speech_normal_77552673,speech_normal,fsd50k,0.0,0.837,0.837,auto_accept,data/banks/foreground/speech_normal/fsd50k_speech_normal_77552673.wav
fsd50k_speech_normal_77ec5643,speech_normal,fsd50k,1.498,4.453,2.955,auto_accept,data/banks/foreground/speech_normal/fsd50k_speech_normal_77ec5643.wav
fsd50k_speech_normal_78008f1e,speech_normal,fsd50k,0.0,0.519,0.519,auto_accept,data/banks/foreground/speech_normal/fsd50k_speech_normal_78008f1e.wav
fsd50k_speech_normal_7879d140,speech_normal,fsd50k,0.0,0.569,0.569,auto_accept,data/banks/foreground/speech_normal/fsd50k_speech_normal_7879d140.wav
fsd50k_speech_normal_787c82ee,speech_normal,fsd50k,0.0,1.38,1.38,auto_accept,data/banks/foreground/speech_normal/fsd50k_speech_normal_787c82ee.wav
fsd50k_speech_normal_7896b5fd,speech_normal,fsd50k,0.0,0.949,0.949,auto_accept,data/banks/foreground/speech_normal/fsd50k_speech_normal_7896b5fd.wav
fsd50k_speech_normal_7951f637,speech_normal,fsd50k,0.0,0.739,0.739,auto_accept,data/banks/foreground/speech_normal/fsd50k_speech_normal_7951f637.wav
fsd50k_speech_normal_795898a5,speech_normal,fsd50k,0.0,0.904,0.904,auto_accept,data/banks/foreground/speech_normal/fsd50k_speech_normal_795898a5.wav
fsd50k_speech_normal_79856fbe,speech_normal,fsd50k,0.0,1.177,1.177,auto_accept,data/banks/foreground/speech_normal/fsd50k_speech_normal_79856fbe.wav
fsd50k_speech_normal_79ea4e6f,speech_normal,fsd50k,0.0,1.245,1.245,auto_accept,data/banks/foreground/speech_normal/fsd50k_speech_normal_79ea4e6f.wav
fsd50k_speech_normal_7a1017d5,speech_normal,fsd50k,0.0,1.5,1.5,auto_accept,data/banks/foreground/speech_normal/fsd50k_speech_normal_7a1017d5.wav
fsd50k_speech_normal_7acd5d05,speech_normal,fsd50k,0.0,1.66,1.66,auto_accept,data/banks/foreground/speech_normal/fsd50k_speech_normal_7acd5d05.wav
fsd50k_speech_normal_7b134164,speech_normal,fsd50k,0.0,1.697,1.697,auto_accept,data/banks/foreground/speech_normal/fsd50k_speech_normal_7b134164.wav
fsd50k_speech_normal_7b3df563,speech_normal,fsd50k,0.0,1.805,1.805,auto_accept,data/banks/foreground/speech_normal/fsd50k_speech_normal_7b3df563.wav
fsd50k_speech_normal_7b8546cf,speech_normal,fsd50k,0.22,2.017,1.797,auto_accept,data/banks/foreground/speech_normal/fsd50k_speech_normal_7b8546cf.wav
fsd50k_speech_normal_7b9f4f98,speech_normal,fsd50k,0.0,0.79,0.79,auto_accept,data/banks/foreground/speech_normal/fsd50k_speech_normal_7b9f4f98.wav
fsd50k_speech_normal_7c00f68e,speech_normal,fsd50k,0.0,1.256,1.256,auto_accept,data/banks/foreground/speech_normal/fsd50k_speech_normal_7c00f68e.wav
fsd50k_speech_normal_7c0e891d,speech_normal,fsd50k,1.498,3.296,1.798,auto_accept,data/banks/foreground/speech_normal/fsd50k_speech_normal_7c0e891d.wav
fsd50k_speech_normal_7c7e17db,speech_normal,fsd50k,0.0,0.784,0.784,auto_accept,data/banks/foreground/speech_normal/fsd50k_speech_normal_7c7e17db.wav
fsd50k_speech_normal_7d699fee,speech_normal,fsd50k,0.0,1.717,1.717,auto_accept,data/banks/foreground/speech_normal/fsd50k_speech_normal_7d699fee.wav
fsd50k_speech_normal_7d87d847,speech_normal,fsd50k,0.0,1.477,1.477,auto_accept,data/banks/foreground/speech_normal/fsd50k_speech_normal_7d87d847.wav
fsd50k_speech_normal_7edd4c73,speech_normal,fsd50k,0.0,0.592,0.592,auto_accept,data/banks/foreground/speech_normal/fsd50k_speech_normal_7edd4c73.wav
fsd50k_speech_normal_7fe0340b,speech_normal,fsd50k,0.0,0.685,0.685,auto_accept,data/banks/foreground/speech_normal/fsd50k_speech_normal_7fe0340b.wav
fsd50k_speech_normal_804631aa,speech_normal,fsd50k,0.0,1.375,1.375,auto_accept,data/banks/foreground/speech_normal/fsd50k_speech_normal_804631aa.wav
fsd50k_speech_normal_81a4bab7,speech_normal,fsd50k,0.0,2.084,2.084,auto_accept,data/banks/foreground/speech_normal/fsd50k_speech_normal_81a4bab7.wav
fsd50k_speech_normal_82117643,speech_normal,fsd50k,0.0,1.007,1.007,auto_accept,data/banks/foreground/speech_normal/fsd50k_speech_normal_82117643.wav
fsd50k_speech_normal_82289e68,speech_normal,fsd50k,0.219,2.461,2.242,auto_accept,data/banks/foreground/speech_normal/fsd50k_speech_normal_82289e68.wav
fsd50k_speech_normal_82d80b3e,speech_normal,fsd50k,0.0,0.684,0.684,auto_accept,data/banks/foreground/speech_normal/fsd50k_speech_normal_82d80b3e.wav
fsd50k_speech_normal_82f5fe0d,speech_normal,fsd50k,0.0,1.057,1.057,auto_accept,data/banks/foreground/speech_normal/fsd50k_speech_normal_82f5fe0d.wav
fsd50k_speech_normal_83255862,speech_normal,fsd50k,0.0,0.803,0.803,auto_accept,data/banks/foreground/speech_normal/fsd50k_speech_normal_83255862.wav
fsd50k_speech_normal_83bf43a2,speech_normal,fsd50k,0.0,1.695,1.695,auto_accept,data/banks/foreground/speech_normal/fsd50k_speech_normal_83bf43a2.wav
fsd50k_speech_normal_83d393c1,speech_normal,fsd50k,0.0,2.027,2.027,auto_accept,data/banks/foreground/speech_normal/fsd50k_speech_normal_83d393c1.wav
fsd50k_speech_normal_8482de27,speech_normal,fsd50k,0.0,1.54,1.54,auto_accept,data/banks/foreground/speech_normal/fsd50k_speech_normal_8482de27.wav
fsd50k_speech_normal_85b99a16,speech_normal,fsd50k,0.0,1.533,1.533,auto_accept,data/banks/foreground/speech_normal/fsd50k_speech_normal_85b99a16.wav
fsd50k_speech_normal_85d2035b,speech_normal,fsd50k,0.0,2.655,2.655,auto_accept,data/banks/foreground/speech_normal/fsd50k_speech_normal_85d2035b.wav
fsd50k_speech_normal_85d4200a,speech_normal,fsd50k,0.0,5.537,5.537,auto_accept,data/banks/foreground/speech_normal/fsd50k_speech_normal_85d4200a.wav
fsd50k_speech_normal_85fb87c1,speech_normal,fsd50k,0.0,22.073,22.073,auto_accept,data/banks/foreground/speech_normal/fsd50k_speech_normal_85fb87c1.wav
fsd50k_speech_normal_860d5b8a,speech_normal,fsd50k,0.0,0.9,0.9,auto_accept,data/banks/foreground/speech_normal/fsd50k_speech_normal_860d5b8a.wav
fsd50k_speech_normal_8626b64d,speech_normal,fsd50k,0.0,1.0,1.0,auto_accept,data/banks/foreground/speech_normal/fsd50k_speech_normal_8626b64d.wav
fsd50k_speech_normal_864e3e3e,speech_normal,fsd50k,0.0,6.817,6.817,auto_accept,data/banks/foreground/speech_normal/fsd50k_speech_normal_864e3e3e.wav
fsd50k_speech_normal_8759a2dc,speech_normal,fsd50k,0.0,0.689,0.689,auto_accept,data/banks/foreground/speech_normal/fsd50k_speech_normal_8759a2dc.wav
fsd50k_speech_normal_87890c38,speech_normal,fsd50k,0.0,2.659,2.659,auto_accept,data/banks/foreground/speech_normal/fsd50k_speech_normal_87890c38.wav
fsd50k_speech_normal_878e1039,speech_normal,fsd50k,0.0,4.069,4.069,auto_accept,data/banks/foreground/speech_normal/fsd50k_speech_normal_878e1039.wav
fsd50k_speech_normal_879df93d,speech_normal,fsd50k,0.0,1.149,1.149,auto_accept,data/banks/foreground/speech_normal/fsd50k_speech_normal_879df93d.wav
fsd50k_speech_normal_87a3a057,speech_normal,fsd50k,0.0,0.684,0.684,auto_accept,data/banks/foreground/speech_normal/fsd50k_speech_normal_87a3a057.wav
fsd50k_speech_normal_884c9770,speech_normal,fsd50k,0.0,1.057,1.057,auto_accept,data/banks/foreground/speech_normal/fsd50k_speech_normal_884c9770.wav
fsd50k_speech_normal_886b53a1,speech_normal,fsd50k,0.0,1.772,1.772,auto_accept,data/banks/foreground/speech_normal/fsd50k_speech_normal_886b53a1.wav
fsd50k_speech_normal_896e19ba,speech_normal,fsd50k,0.0,1.753,1.753,auto_accept,data/banks/foreground/speech_normal/fsd50k_speech_normal_896e19ba.wav
fsd50k_speech_normal_897bb1f2,speech_normal,fsd50k,1.499,4.577,3.078,auto_accept,data/banks/foreground/speech_normal/fsd50k_speech_normal_897bb1f2.wav
fsd50k_speech_normal_898eb628,speech_normal,fsd50k,0.0,1.465,1.465,auto_accept,data/banks/foreground/speech_normal/fsd50k_speech_normal_898eb628.wav
fsd50k_speech_normal_89e6efd0,speech_normal,fsd50k,0.0,2.789,2.789,auto_accept,data/banks/foreground/speech_normal/fsd50k_speech_normal_89e6efd0.wav
fsd50k_speech_normal_89f7f370,speech_normal,fsd50k,1.818,3.307,1.489,auto_accept,data/banks/foreground/speech_normal/fsd50k_speech_normal_89f7f370.wav
fsd50k_speech_normal_8a57dabb,speech_normal,fsd50k,0.0,0.689,0.689,auto_accept,data/banks/foreground/speech_normal/fsd50k_speech_normal_8a57dabb.wav
fsd50k_speech_normal_8a78211b,speech_normal,fsd50k,0.0,4.122,4.122,auto_accept,data/banks/foreground/speech_normal/fsd50k_speech_normal_8a78211b.wav
fsd50k_speech_normal_8ac8104d,speech_normal,fsd50k,0.0,5.407,5.407,auto_accept,data/banks/foreground/speech_normal/fsd50k_speech_normal_8ac8104d.wav
fsd50k_speech_normal_8b32326a,speech_normal,fsd50k,3.098,19.711,16.613,auto_accept,data/banks/foreground/speech_normal/fsd50k_speech_normal_8b32326a.wav
fsd50k_speech_normal_8c0d1006,speech_normal,fsd50k,0.0,2.682,2.682,auto_accept,data/banks/foreground/speech_normal/fsd50k_speech_normal_8c0d1006.wav
fsd50k_speech_normal_8c7c360d,speech_normal,fsd50k,0.0,0.473,0.473,auto_accept,data/banks/foreground/speech_normal/fsd50k_speech_normal_8c7c360d.wav
fsd50k_speech_normal_8ce8d59f,speech_normal,fsd50k,0.0,2.339,2.339,auto_accept,data/banks/foreground/speech_normal/fsd50k_speech_normal_8ce8d59f.wav
fsd50k_speech_normal_8d18ceaf,speech_normal,fsd50k,0.0,1.28,1.28,auto_accept,data/banks/foreground/speech_normal/fsd50k_speech_normal_8d18ceaf.wav
fsd50k_speech_normal_8d9b63d2,speech_normal,fsd50k,0.0,5.334,5.334,auto_accept,data/banks/foreground/speech_normal/fsd50k_speech_normal_8d9b63d2.wav
fsd50k_speech_normal_8e1f6ee3,speech_normal,fsd50k,0.539,1.688,1.149,auto_accept,data/banks/foreground/speech_normal/fsd50k_speech_normal_8e1f6ee3.wav
fsd50k_speech_normal_8f51a0cd,speech_normal,fsd50k,0.0,1.196,1.196,auto_accept,data/banks/foreground/speech_normal/fsd50k_speech_normal_8f51a0cd.wav
fsd50k_speech_normal_8fe6da0f,speech_normal,fsd50k,0.0,1.5,1.5,auto_accept,data/banks/foreground/speech_normal/fsd50k_speech_normal_8fe6da0f.wav
fsd50k_speech_normal_8fe782bf,speech_normal,fsd50k,0.0,0.905,0.905,auto_accept,data/banks/foreground/speech_normal/fsd50k_speech_normal_8fe782bf.wav
fsd50k_speech_normal_903fde5e,speech_normal,fsd50k,0.0,1.032,1.032,auto_accept,data/banks/foreground/speech_normal/fsd50k_speech_normal_903fde5e.wav
fsd50k_speech_normal_914e2a71,speech_normal,fsd50k,0.0,1.0,1.0,auto_accept,data/banks/foreground/speech_normal/fsd50k_speech_normal_914e2a71.wav
fsd50k_speech_normal_9159e226,speech_normal,fsd50k,0.0,1.056,1.056,auto_accept,data/banks/foreground/speech_normal/fsd50k_speech_normal_9159e226.wav
fsd50k_speech_normal_91f7b48b,speech_normal,fsd50k,0.0,0.837,0.837,auto_accept,data/banks/foreground/speech_normal/fsd50k_speech_normal_91f7b48b.wav
fsd50k_speech_normal_921f3941,speech_normal,fsd50k,2.778,6.226,3.448,auto_accept,data/banks/foreground/speech_normal/fsd50k_speech_normal_921f3941.wav
fsd50k_speech_normal_9220dcd7,speech_normal,fsd50k,0.0,0.606,0.606,auto_accept,data/banks/foreground/speech_normal/fsd50k_speech_normal_9220dcd7.wav
fsd50k_speech_normal_929a40b4,speech_normal,fsd50k,0.0,1.181,1.181,auto_accept,data/banks/foreground/speech_normal/fsd50k_speech_normal_929a40b4.wav
fsd50k_speech_normal_92a717a4,speech_normal,fsd50k,0.216,0.809,0.593,auto_accept,data/banks/foreground/speech_normal/fsd50k_speech_normal_92a717a4.wav
fsd50k_speech_normal_92e947ac,speech_normal,fsd50k,0.0,3.296,3.296,auto_accept,data/banks/foreground/speech_normal/fsd50k_speech_normal_92e947ac.wav
fsd50k_speech_normal_930db832,speech_normal,fsd50k,0.0,1.085,1.085,auto_accept,data/banks/foreground/speech_normal/fsd50k_speech_normal_930db832.wav
fsd50k_speech_normal_9350a023,speech_normal,fsd50k,0.0,1.161,1.161,auto_accept,data/banks/foreground/speech_normal/fsd50k_speech_normal_9350a023.wav
fsd50k_speech_normal_9353199b,speech_normal,fsd50k,0.0,1.476,1.476,auto_accept,data/banks/foreground/speech_normal/fsd50k_speech_normal_9353199b.wav
fsd50k_speech_normal_936c1fe9,speech_normal,fsd50k,0.0,3.618,3.618,auto_accept,data/banks/foreground/speech_normal/fsd50k_speech_normal_936c1fe9.wav
fsd50k_speech_normal_94ebdac4,speech_normal,fsd50k,0.0,1.697,1.697,auto_accept,data/banks/foreground/speech_normal/fsd50k_speech_normal_94ebdac4.wav
fsd50k_speech_normal_95213142,speech_normal,fsd50k,0.0,3.368,3.368,auto_accept,data/banks/foreground/speech_normal/fsd50k_speech_normal_95213142.wav
fsd50k_speech_normal_95545bf1,speech_normal,fsd50k,0.0,0.633,0.633,auto_accept,data/banks/foreground/speech_normal/fsd50k_speech_normal_95545bf1.wav
fsd50k_speech_normal_95fe47a6,speech_normal,fsd50k,0.0,1.191,1.191,auto_accept,data/banks/foreground/speech_normal/fsd50k_speech_normal_95fe47a6.wav
fsd50k_speech_normal_97b7e6b8,speech_normal,fsd50k,0.0,1.804,1.804,auto_accept,data/banks/foreground/speech_normal/fsd50k_speech_normal_97b7e6b8.wav
fsd50k_speech_normal_97c2c6c1,speech_normal,fsd50k,0.0,1.058,1.058,auto_accept,data/banks/foreground/speech_normal/fsd50k_speech_normal_97c2c6c1.wav
fsd50k_speech_normal_9880a241,speech_normal,fsd50k,0.22,4.256,4.036,auto_accept,data/banks/foreground/speech_normal/fsd50k_speech_normal_9880a241.wav
fsd50k_speech_normal_99a70b03,speech_normal,fsd50k,0.0,1.057,1.057,auto_accept,data/banks/foreground/speech_normal/fsd50k_speech_normal_99a70b03.wav
fsd50k_speech_normal_9a16ddda,speech_normal,fsd50k,0.0,0.699,0.699,auto_accept,data/banks/foreground/speech_normal/fsd50k_speech_normal_9a16ddda.wav
fsd50k_speech_normal_9ad5fd53,speech_normal,fsd50k,0.0,2.0,2.0,auto_accept,data/banks/foreground/speech_normal/fsd50k_speech_normal_9ad5fd53.wav
fsd50k_speech_normal_9b7040a5,speech_normal,fsd50k,0.0,1.705,1.705,auto_accept,data/banks/foreground/speech_normal/fsd50k_speech_normal_9b7040a5.wav
fsd50k_speech_normal_9b7f1151,speech_normal,fsd50k,0.0,1.694,1.694,auto_accept,data/banks/foreground/speech_normal/fsd50k_speech_normal_9b7f1151.wav
fsd50k_speech_normal_9bb05250,speech_normal,fsd50k,0.0,0.685,0.685,auto_accept,data/banks/foreground/speech_normal/fsd50k_speech_normal_9bb05250.wav
fsd50k_speech_normal_9c2a3383,speech_normal,fsd50k,0.0,1.105,1.105,auto_accept,data/banks/foreground/speech_normal/fsd50k_speech_normal_9c2a3383.wav
fsd50k_speech_normal_9c6977d8,speech_normal,fsd50k,0.0,0.604,0.604,auto_accept,data/banks/foreground/speech_normal/fsd50k_speech_normal_9c6977d8.wav
fsd50k_speech_normal_9ced9f57,speech_normal,fsd50k,0.0,1.059,1.059,auto_accept,data/banks/foreground/speech_normal/fsd50k_speech_normal_9ced9f57.wav
fsd50k_speech_normal_9cf49120,speech_normal,fsd50k,0.0,0.615,0.615,auto_accept,data/banks/foreground/speech_normal/fsd50k_speech_normal_9cf49120.wav
fsd50k_speech_normal_9d9c989f,speech_normal,fsd50k,0.0,0.972,0.972,auto_accept,data/banks/foreground/speech_normal/fsd50k_speech_normal_9d9c989f.wav
fsd50k_speech_normal_9e8e8d38,speech_normal,fsd50k,1.497,3.143,1.646,auto_accept,data/banks/foreground/speech_normal/fsd50k_speech_normal_9e8e8d38.wav
fsd50k_speech_normal_9eed3f92,speech_normal,fsd50k,0.0,2.066,2.066,auto_accept,data/banks/foreground/speech_normal/fsd50k_speech_normal_9eed3f92.wav
fsd50k_speech_normal_9f00c809,speech_normal,fsd50k,0.0,0.453,0.453,auto_accept,data/banks/foreground/speech_normal/fsd50k_speech_normal_9f00c809.wav
fsd50k_speech_normal_9f3593b3,speech_normal,fsd50k,0.0,1.305,1.305,auto_accept,data/banks/foreground/speech_normal/fsd50k_speech_normal_9f3593b3.wav
fsd50k_speech_normal_9f73e833,speech_normal,fsd50k,0.0,2.0,2.0,auto_accept,data/banks/foreground/speech_normal/fsd50k_speech_normal_9f73e833.wav
fsd50k_speech_normal_9f86e748,speech_normal,fsd50k,0.0,1.068,1.068,auto_accept,data/banks/foreground/speech_normal/fsd50k_speech_normal_9f86e748.wav
fsd50k_speech_normal_9fb72b91,speech_normal,fsd50k,0.0,1.03,1.03,auto_accept,data/banks/foreground/speech_normal/fsd50k_speech_normal_9fb72b91.wav
fsd50k_speech_normal_9fb8ae70,speech_normal,fsd50k,0.0,1.225,1.225,auto_accept,data/banks/foreground/speech_normal/fsd50k_speech_normal_9fb8ae70.wav
fsd50k_speech_normal_a04ea1ff,speech_normal,fsd50k,0.0,1.376,1.376,auto_accept,data/banks/foreground/speech_normal/fsd50k_speech_normal_a04ea1ff.wav
fsd50k_speech_normal_a0586b4c,speech_normal,fsd50k,0.0,0.692,0.692,auto_accept,data/banks/foreground/speech_normal/fsd50k_speech_normal_a0586b4c.wav
fsd50k_speech_normal_a09ab641,speech_normal,fsd50k,0.0,0.978,0.978,auto_accept,data/banks/foreground/speech_normal/fsd50k_speech_normal_a09ab641.wav
fsd50k_speech_normal_a103cf16,speech_normal,fsd50k,0.0,0.535,0.535,auto_accept,data/banks/foreground/speech_normal/fsd50k_speech_normal_a103cf16.wav
fsd50k_speech_normal_a135549e,speech_normal,fsd50k,0.0,0.752,0.752,auto_accept,data/banks/foreground/speech_normal/fsd50k_speech_normal_a135549e.wav
fsd50k_speech_normal_a190d68b,speech_normal,fsd50k,0.0,3.779,3.779,auto_accept,data/banks/foreground/speech_normal/fsd50k_speech_normal_a190d68b.wav
fsd50k_speech_normal_a1d04caa,speech_normal,fsd50k,0.0,0.622,0.622,auto_accept,data/banks/foreground/speech_normal/fsd50k_speech_normal_a1d04caa.wav
fsd50k_speech_normal_a2a3ccb2,speech_normal,fsd50k,0.0,1.016,1.016,auto_accept,data/banks/foreground/speech_normal/fsd50k_speech_normal_a2a3ccb2.wav
fsd50k_speech_normal_a361c585,speech_normal,fsd50k,0.0,3.267,3.267,auto_accept,data/banks/foreground/speech_normal/fsd50k_speech_normal_a361c585.wav
fsd50k_speech_normal_a36cc3a8,speech_normal,fsd50k,0.0,2.5,2.5,auto_accept,data/banks/foreground/speech_normal/fsd50k_speech_normal_a36cc3a8.wav
fsd50k_speech_normal_a403ce76,speech_normal,fsd50k,0.0,3.381,3.381,auto_accept,data/banks/foreground/speech_normal/fsd50k_speech_normal_a403ce76.wav
fsd50k_speech_normal_a4523457,speech_normal,fsd50k,2.78,4.9,2.12,auto_accept,data/banks/foreground/speech_normal/fsd50k_speech_normal_a4523457.wav
fsd50k_speech_normal_a5391be0,speech_normal,fsd50k,0.0,0.511,0.511,auto_accept,data/banks/foreground/speech_normal/fsd50k_speech_normal_a5391be0.wav
fsd50k_speech_normal_a56dec98,speech_normal,fsd50k,0.538,2.654,2.116,auto_accept,data/banks/foreground/speech_normal/fsd50k_speech_normal_a56dec98.wav
fsd50k_speech_normal_a5aebeef,speech_normal,fsd50k,3.735,6.172,2.437,auto_accept,data/banks/foreground/speech_normal/fsd50k_speech_normal_a5aebeef.wav
fsd50k_speech_normal_a6771ff7,speech_normal,fsd50k,0.0,1.904,1.904,auto_accept,data/banks/foreground/speech_normal/fsd50k_speech_normal_a6771ff7.wav
fsd50k_speech_normal_a698a25a,speech_normal,fsd50k,0.0,3.616,3.616,auto_accept,data/banks/foreground/speech_normal/fsd50k_speech_normal_a698a25a.wav
fsd50k_speech_normal_a6cd172b,speech_normal,fsd50k,0.0,0.618,0.618,auto_accept,data/banks/foreground/speech_normal/fsd50k_speech_normal_a6cd172b.wav
fsd50k_speech_normal_a6f590d0,speech_normal,fsd50k,0.0,1.872,1.872,auto_accept,data/banks/foreground/speech_normal/fsd50k_speech_normal_a6f590d0.wav
fsd50k_speech_normal_a6ff21e4,speech_normal,fsd50k,0.0,6.995,6.995,auto_accept,data/banks/foreground/speech_normal/fsd50k_speech_normal_a6ff21e4.wav
fsd50k_speech_normal_a724c46f,speech_normal,fsd50k,0.0,2.337,2.337,auto_accept,data/banks/foreground/speech_normal/fsd50k_speech_normal_a724c46f.wav
fsd50k_speech_normal_a72ddf85,speech_normal,fsd50k,0.0,2.657,2.657,auto_accept,data/banks/foreground/speech_normal/fsd50k_speech_normal_a72ddf85.wav
fsd50k_speech_normal_a7410263,speech_normal,fsd50k,0.0,3.556,3.556,auto_accept,data/banks/foreground/speech_normal/fsd50k_speech_normal_a7410263.wav
fsd50k_speech_normal_a7546872,speech_normal,fsd50k,0.54,2.98,2.44,auto_accept,data/banks/foreground/speech_normal/fsd50k_speech_normal_a7546872.wav
fsd50k_speech_normal_a7ac49fc,speech_normal,fsd50k,1.177,4.48,3.303,auto_accept,data/banks/foreground/speech_normal/fsd50k_speech_normal_a7ac49fc.wav
fsd50k_speech_normal_a7afbf9c,speech_normal,fsd50k,0.0,1.697,1.697,auto_accept,data/banks/foreground/speech_normal/fsd50k_speech_normal_a7afbf9c.wav
fsd50k_speech_normal_a7b417c7,speech_normal,fsd50k,0.0,0.806,0.806,auto_accept,data/banks/foreground/speech_normal/fsd50k_speech_normal_a7b417c7.wav
fsd50k_speech_normal_a816d1fb,speech_normal,fsd50k,0.0,6.494,6.494,auto_accept,data/banks/foreground/speech_normal/fsd50k_speech_normal_a816d1fb.wav
fsd50k_speech_normal_a82d5348,speech_normal,fsd50k,0.0,0.545,0.545,auto_accept,data/banks/foreground/speech_normal/fsd50k_speech_normal_a82d5348.wav
fsd50k_speech_normal_a984026d,speech_normal,fsd50k,0.0,1.694,1.694,auto_accept,data/banks/foreground/speech_normal/fsd50k_speech_normal_a984026d.wav
fsd50k_speech_normal_a9a27cc5,speech_normal,fsd50k,0.0,4.226,4.226,auto_accept,data/banks/foreground/speech_normal/fsd50k_speech_normal_a9a27cc5.wav
fsd50k_speech_normal_a9c11b3c,speech_normal,fsd50k,1.179,5.947,4.768,auto_accept,data/banks/foreground/speech_normal/fsd50k_speech_normal_a9c11b3c.wav
fsd50k_speech_normal_a9ff8f60,speech_normal,fsd50k,0.0,0.915,0.915,auto_accept,data/banks/foreground/speech_normal/fsd50k_speech_normal_a9ff8f60.wav
fsd50k_speech_normal_aa3f3f4f,speech_normal,fsd50k,0.0,0.735,0.735,auto_accept,data/banks/foreground/speech_normal/fsd50k_speech_normal_aa3f3f4f.wav
fsd50k_speech_normal_aa644bee,speech_normal,fsd50k,0.0,2.534,2.534,auto_accept,data/banks/foreground/speech_normal/fsd50k_speech_normal_aa644bee.wav
fsd50k_speech_normal_aa842169,speech_normal,fsd50k,0.0,1.982,1.982,auto_accept,data/banks/foreground/speech_normal/fsd50k_speech_normal_aa842169.wav
fsd50k_speech_normal_aacfe7d4,speech_normal,fsd50k,0.0,1.688,1.688,auto_accept,data/banks/foreground/speech_normal/fsd50k_speech_normal_aacfe7d4.wav
fsd50k_speech_normal_aba16c1a,speech_normal,fsd50k,0.0,1.262,1.262,auto_accept,data/banks/foreground/speech_normal/fsd50k_speech_normal_aba16c1a.wav
fsd50k_speech_normal_abb27ce6,speech_normal,fsd50k,0.0,1.375,1.375,auto_accept,data/banks/foreground/speech_normal/fsd50k_speech_normal_abb27ce6.wav
fsd50k_speech_normal_abf060e5,speech_normal,fsd50k,0.0,1.357,1.357,auto_accept,data/banks/foreground/speech_normal/fsd50k_speech_normal_abf060e5.wav
fsd50k_speech_normal_ac1bc0fb,speech_normal,fsd50k,0.0,2.027,2.027,auto_accept,data/banks/foreground/speech_normal/fsd50k_speech_normal_ac1bc0fb.wav
fsd50k_speech_normal_ac353a03,speech_normal,fsd50k,0.0,1.51,1.51,auto_accept,data/banks/foreground/speech_normal/fsd50k_speech_normal_ac353a03.wav
fsd50k_speech_normal_ac3d03e9,speech_normal,fsd50k,0.0,1.376,1.376,auto_accept,data/banks/foreground/speech_normal/fsd50k_speech_normal_ac3d03e9.wav
fsd50k_speech_normal_ac7dc45c,speech_normal,fsd50k,0.0,1.776,1.776,auto_accept,data/banks/foreground/speech_normal/fsd50k_speech_normal_ac7dc45c.wav
fsd50k_speech_normal_acad1719,speech_normal,fsd50k,0.0,1.117,1.117,auto_accept,data/banks/foreground/speech_normal/fsd50k_speech_normal_acad1719.wav
fsd50k_speech_normal_acd89e17,speech_normal,fsd50k,0.0,0.458,0.458,auto_accept,data/banks/foreground/speech_normal/fsd50k_speech_normal_acd89e17.wav
fsd50k_speech_normal_acf6344f,speech_normal,fsd50k,0.0,1.057,1.057,auto_accept,data/banks/foreground/speech_normal/fsd50k_speech_normal_acf6344f.wav
fsd50k_speech_normal_ad5d25ef,speech_normal,fsd50k,2.137,4.923,2.786,auto_accept,data/banks/foreground/speech_normal/fsd50k_speech_normal_ad5d25ef.wav
fsd50k_speech_normal_ad660dfc,speech_normal,fsd50k,0.0,1.197,1.197,auto_accept,data/banks/foreground/speech_normal/fsd50k_speech_normal_ad660dfc.wav
fsd50k_speech_normal_adb0f9d2,speech_normal,fsd50k,0.0,1.635,1.635,auto_accept,data/banks/foreground/speech_normal/fsd50k_speech_normal_adb0f9d2.wav
fsd50k_speech_normal_ae2df55d,speech_normal,fsd50k,2.137,5.114,2.977,auto_accept,data/banks/foreground/speech_normal/fsd50k_speech_normal_ae2df55d.wav
fsd50k_speech_normal_af1abbc7,speech_normal,fsd50k,0.0,1.407,1.407,auto_accept,data/banks/foreground/speech_normal/fsd50k_speech_normal_af1abbc7.wav
fsd50k_speech_normal_af724c84,speech_normal,fsd50k,0.0,3.5,3.5,auto_accept,data/banks/foreground/speech_normal/fsd50k_speech_normal_af724c84.wav
fsd50k_speech_normal_b0a65923,speech_normal,fsd50k,0.856,2.31,1.454,auto_accept,data/banks/foreground/speech_normal/fsd50k_speech_normal_b0a65923.wav
fsd50k_speech_normal_b0fb7b8e,speech_normal,fsd50k,4.698,8.097,3.399,auto_accept,data/banks/foreground/speech_normal/fsd50k_speech_normal_b0fb7b8e.wav
fsd50k_speech_normal_b0fd7370,speech_normal,fsd50k,0.0,0.727,0.727,auto_accept,data/banks/foreground/speech_normal/fsd50k_speech_normal_b0fd7370.wav
fsd50k_speech_normal_b1977fe7,speech_normal,fsd50k,0.0,1.375,1.375,auto_accept,data/banks/foreground/speech_normal/fsd50k_speech_normal_b1977fe7.wav
fsd50k_speech_normal_b1a7ac77,speech_normal,fsd50k,0.0,1.695,1.695,auto_accept,data/banks/foreground/speech_normal/fsd50k_speech_normal_b1a7ac77.wav
fsd50k_speech_normal_b1c8db50,speech_normal,fsd50k,1.495,2.752,1.257,auto_accept,data/banks/foreground/speech_normal/fsd50k_speech_normal_b1c8db50.wav
fsd50k_speech_normal_b1e0c822,speech_normal,fsd50k,1.177,2.524,1.347,auto_accept,data/banks/foreground/speech_normal/fsd50k_speech_normal_b1e0c822.wav
fsd50k_speech_normal_b29cd7e6,speech_normal,fsd50k,0.0,0.581,0.581,auto_accept,data/banks/foreground/speech_normal/fsd50k_speech_normal_b29cd7e6.wav
fsd50k_speech_normal_b2a7f08a,speech_normal,fsd50k,0.0,4.256,4.256,auto_accept,data/banks/foreground/speech_normal/fsd50k_speech_normal_b2a7f08a.wav
fsd50k_speech_normal_b3d7bb6d,speech_normal,fsd50k,0.0,3.068,3.068,auto_accept,data/banks/foreground/speech_normal/fsd50k_speech_normal_b3d7bb6d.wav
fsd50k_speech_normal_b42a644e,speech_normal,fsd50k,0.0,1.964,1.964,auto_accept,data/banks/foreground/speech_normal/fsd50k_speech_normal_b42a644e.wav
fsd50k_speech_normal_b4a84c19,speech_normal,fsd50k,0.0,2.481,2.481,auto_accept,data/banks/foreground/speech_normal/fsd50k_speech_normal_b4a84c19.wav
fsd50k_speech_normal_b4e5a853,speech_normal,fsd50k,0.0,3.653,3.653,auto_accept,data/banks/foreground/speech_normal/fsd50k_speech_normal_b4e5a853.wav
fsd50k_speech_normal_b4fdb419,speech_normal,fsd50k,0.0,0.633,0.633,auto_accept,data/banks/foreground/speech_normal/fsd50k_speech_normal_b4fdb419.wav
fsd50k_speech_normal_b508b840,speech_normal,fsd50k,0.0,2.867,2.867,auto_accept,data/banks/foreground/speech_normal/fsd50k_speech_normal_b508b840.wav
fsd50k_speech_normal_b50a040c,speech_normal,fsd50k,0.0,1.0,1.0,auto_accept,data/banks/foreground/speech_normal/fsd50k_speech_normal_b50a040c.wav
fsd50k_speech_normal_b5cd69ac,speech_normal,fsd50k,0.0,1.136,1.136,auto_accept,data/banks/foreground/speech_normal/fsd50k_speech_normal_b5cd69ac.wav
fsd50k_speech_normal_b5fdf4e3,speech_normal,fsd50k,0.0,3.347,3.347,auto_accept,data/banks/foreground/speech_normal/fsd50k_speech_normal_b5fdf4e3.wav
fsd50k_speech_normal_b66ef567,speech_normal,fsd50k,0.0,1.622,1.622,auto_accept,data/banks/foreground/speech_normal/fsd50k_speech_normal_b66ef567.wav
fsd50k_speech_normal_b7f3259b,speech_normal,fsd50k,0.0,3.309,3.309,auto_accept,data/banks/foreground/speech_normal/fsd50k_speech_normal_b7f3259b.wav
fsd50k_speech_normal_b85ce3f9,speech_normal,fsd50k,1.815,3.111,1.296,auto_accept,data/banks/foreground/speech_normal/fsd50k_speech_normal_b85ce3f9.wav
fsd50k_speech_normal_b892538f,speech_normal,fsd50k,0.0,1.753,1.753,auto_accept,data/banks/foreground/speech_normal/fsd50k_speech_normal_b892538f.wav
fsd50k_speech_normal_b892f4cb,speech_normal,fsd50k,0.0,6.814,6.814,auto_accept,data/banks/foreground/speech_normal/fsd50k_speech_normal_b892f4cb.wav
fsd50k_speech_normal_b8d43f92,speech_normal,fsd50k,0.0,1.0,1.0,auto_accept,data/banks/foreground/speech_normal/fsd50k_speech_normal_b8d43f92.wav
fsd50k_speech_normal_b8d8f45f,speech_normal,fsd50k,0.0,1.851,1.851,auto_accept,data/banks/foreground/speech_normal/fsd50k_speech_normal_b8d8f45f.wav
fsd50k_speech_normal_b8e8b635,speech_normal,fsd50k,0.0,1.12,1.12,auto_accept,data/banks/foreground/speech_normal/fsd50k_speech_normal_b8e8b635.wav
fsd50k_speech_normal_b8eb433e,speech_normal,fsd50k,0.0,0.499,0.499,auto_accept,data/banks/foreground/speech_normal/fsd50k_speech_normal_b8eb433e.wav
fsd50k_speech_normal_b9dff95b,speech_normal,fsd50k,0.0,1.535,1.535,auto_accept,data/banks/foreground/speech_normal/fsd50k_speech_normal_b9dff95b.wav
fsd50k_speech_normal_ba1548d8,speech_normal,fsd50k,0.0,0.664,0.664,auto_accept,data/banks/foreground/speech_normal/fsd50k_speech_normal_ba1548d8.wav
fsd50k_speech_normal_ba3f7390,speech_normal,fsd50k,0.0,2.902,2.902,auto_accept,data/banks/foreground/speech_normal/fsd50k_speech_normal_ba3f7390.wav
fsd50k_speech_normal_ba9483c2,speech_normal,fsd50k,0.0,3.934,3.934,auto_accept,data/banks/foreground/speech_normal/fsd50k_speech_normal_ba9483c2.wav
fsd50k_speech_normal_bb131175,speech_normal,fsd50k,0.0,2.38,2.38,auto_accept,data/banks/foreground/speech_normal/fsd50k_speech_normal_bb131175.wav
fsd50k_speech_normal_bbe89835,speech_normal,fsd50k,0.0,0.646,0.646,auto_accept,data/banks/foreground/speech_normal/fsd50k_speech_normal_bbe89835.wav
fsd50k_speech_normal_bbfd52df,speech_normal,fsd50k,0.0,0.633,0.633,auto_accept,data/banks/foreground/speech_normal/fsd50k_speech_normal_bbfd52df.wav
fsd50k_speech_normal_bc9bd81a,speech_normal,fsd50k,0.0,1.25,1.25,auto_accept,data/banks/foreground/speech_normal/fsd50k_speech_normal_bc9bd81a.wav
fsd50k_speech_normal_bcdbe5ed,speech_normal,fsd50k,0.0,2.018,2.018,auto_accept,data/banks/foreground/speech_normal/fsd50k_speech_normal_bcdbe5ed.wav
fsd50k_speech_normal_bd8d84aa,speech_normal,fsd50k,0.0,0.822,0.822,auto_accept,data/banks/foreground/speech_normal/fsd50k_speech_normal_bd8d84aa.wav
fsd50k_speech_normal_bf91226a,speech_normal,fsd50k,0.0,1.8,1.8,auto_accept,data/banks/foreground/speech_normal/fsd50k_speech_normal_bf91226a.wav
fsd50k_speech_normal_c0507b68,speech_normal,fsd50k,0.0,3.553,3.553,auto_accept,data/banks/foreground/speech_normal/fsd50k_speech_normal_c0507b68.wav
fsd50k_speech_normal_c0ab5990,speech_normal,fsd50k,0.0,0.965,0.965,auto_accept,data/banks/foreground/speech_normal/fsd50k_speech_normal_c0ab5990.wav
fsd50k_speech_normal_c15e3113,speech_normal,fsd50k,0.0,0.708,0.708,auto_accept,data/banks/foreground/speech_normal/fsd50k_speech_normal_c15e3113.wav
fsd50k_speech_normal_c1d02460,speech_normal,fsd50k,0.0,1.054,1.054,auto_accept,data/banks/foreground/speech_normal/fsd50k_speech_normal_c1d02460.wav
fsd50k_speech_normal_c2b554a4,speech_normal,fsd50k,0.0,0.94,0.94,auto_accept,data/banks/foreground/speech_normal/fsd50k_speech_normal_c2b554a4.wav
fsd50k_speech_normal_c2c07d58,speech_normal,fsd50k,0.0,0.684,0.684,auto_accept,data/banks/foreground/speech_normal/fsd50k_speech_normal_c2c07d58.wav
fsd50k_speech_normal_c2cd0c42,speech_normal,fsd50k,0.0,0.569,0.569,auto_accept,data/banks/foreground/speech_normal/fsd50k_speech_normal_c2cd0c42.wav
fsd50k_speech_normal_c3000fba,speech_normal,fsd50k,0.0,1.407,1.407,auto_accept,data/banks/foreground/speech_normal/fsd50k_speech_normal_c3000fba.wav
fsd50k_speech_normal_c3b79713,speech_normal,fsd50k,0.0,0.53,0.53,auto_accept,data/banks/foreground/speech_normal/fsd50k_speech_normal_c3b79713.wav
fsd50k_speech_normal_c3c91516,speech_normal,fsd50k,0.0,0.627,0.627,auto_accept,data/banks/foreground/speech_normal/fsd50k_speech_normal_c3c91516.wav
fsd50k_speech_normal_c51dc3f2,speech_normal,fsd50k,0.0,0.755,0.755,auto_accept,data/banks/foreground/speech_normal/fsd50k_speech_normal_c51dc3f2.wav
fsd50k_speech_normal_c530acf7,speech_normal,fsd50k,0.0,1.852,1.852,auto_accept,data/banks/foreground/speech_normal/fsd50k_speech_normal_c530acf7.wav
fsd50k_speech_normal_c53e4cf5,speech_normal,fsd50k,0.0,3.007,3.007,auto_accept,data/banks/foreground/speech_normal/fsd50k_speech_normal_c53e4cf5.wav
fsd50k_speech_normal_c5a1aad0,speech_normal,fsd50k,8.857,18.015,9.158,auto_accept,data/banks/foreground/speech_normal/fsd50k_speech_normal_c5a1aad0.wav
fsd50k_speech_normal_c647a41d,speech_normal,fsd50k,0.0,1.237,1.237,auto_accept,data/banks/foreground/speech_normal/fsd50k_speech_normal_c647a41d.wav
fsd50k_speech_normal_c6a25b38,speech_normal,fsd50k,0.0,1.081,1.081,auto_accept,data/banks/foreground/speech_normal/fsd50k_speech_normal_c6a25b38.wav
fsd50k_speech_normal_c6b7b1d1,speech_normal,fsd50k,0.0,1.69,1.69,auto_accept,data/banks/foreground/speech_normal/fsd50k_speech_normal_c6b7b1d1.wav
fsd50k_speech_normal_c720aa0d,speech_normal,fsd50k,0.0,5.74,5.74,auto_accept,data/banks/foreground/speech_normal/fsd50k_speech_normal_c720aa0d.wav
fsd50k_speech_normal_c7627c67,speech_normal,fsd50k,0.0,0.949,0.949,auto_accept,data/banks/foreground/speech_normal/fsd50k_speech_normal_c7627c67.wav
fsd50k_speech_normal_c7ab9ff4,speech_normal,fsd50k,0.0,1.513,1.513,auto_accept,data/banks/foreground/speech_normal/fsd50k_speech_normal_c7ab9ff4.wav
fsd50k_speech_normal_c861aa97,speech_normal,fsd50k,0.0,2.227,2.227,auto_accept,data/banks/foreground/speech_normal/fsd50k_speech_normal_c861aa97.wav
fsd50k_speech_normal_c8844c72,speech_normal,fsd50k,0.0,4.457,4.457,auto_accept,data/banks/foreground/speech_normal/fsd50k_speech_normal_c8844c72.wav
fsd50k_speech_normal_c8a06a9f,speech_normal,fsd50k,0.0,1.463,1.463,auto_accept,data/banks/foreground/speech_normal/fsd50k_speech_normal_c8a06a9f.wav
fsd50k_speech_normal_c9175bbb,speech_normal,fsd50k,0.0,0.627,0.627,auto_accept,data/banks/foreground/speech_normal/fsd50k_speech_normal_c9175bbb.wav
fsd50k_speech_normal_c92e1f51,speech_normal,fsd50k,0.0,2.611,2.611,auto_accept,data/banks/foreground/speech_normal/fsd50k_speech_normal_c92e1f51.wav
fsd50k_speech_normal_c9426f8c,speech_normal,fsd50k,0.0,11.13,11.13,auto_accept,data/banks/foreground/speech_normal/fsd50k_speech_normal_c9426f8c.wav
fsd50k_speech_normal_c949525f,speech_normal,fsd50k,0.0,5.187,5.187,auto_accept,data/banks/foreground/speech_normal/fsd50k_speech_normal_c949525f.wav
fsd50k_speech_normal_c9540297,speech_normal,fsd50k,0.0,0.578,0.578,auto_accept,data/banks/foreground/speech_normal/fsd50k_speech_normal_c9540297.wav
fsd50k_speech_normal_ca3f2341,speech_normal,fsd50k,0.0,0.842,0.842,auto_accept,data/banks/foreground/speech_normal/fsd50k_speech_normal_ca3f2341.wav
fsd50k_speech_normal_cae0b0c7,speech_normal,fsd50k,0.0,2.333,2.333,auto_accept,data/banks/foreground/speech_normal/fsd50k_speech_normal_cae0b0c7.wav
fsd50k_speech_normal_cc4682ba,speech_normal,fsd50k,0.0,1.385,1.385,auto_accept,data/banks/foreground/speech_normal/fsd50k_speech_normal_cc4682ba.wav
fsd50k_speech_normal_cc64330e,speech_normal,fsd50k,0.0,2.547,2.547,auto_accept,data/banks/foreground/speech_normal/fsd50k_speech_normal_cc64330e.wav
fsd50k_speech_normal_cd64015a,speech_normal,fsd50k,0.0,0.872,0.872,auto_accept,data/banks/foreground/speech_normal/fsd50k_speech_normal_cd64015a.wav
fsd50k_speech_normal_cd82ace7,speech_normal,fsd50k,1.18,3.94,2.76,auto_accept,data/banks/foreground/speech_normal/fsd50k_speech_normal_cd82ace7.wav
fsd50k_speech_normal_cd8f4821,speech_normal,fsd50k,0.0,1.378,1.378,auto_accept,data/banks/foreground/speech_normal/fsd50k_speech_normal_cd8f4821.wav
fsd50k_speech_normal_cdb31eeb,speech_normal,fsd50k,0.0,0.739,0.739,auto_accept,data/banks/foreground/speech_normal/fsd50k_speech_normal_cdb31eeb.wav
fsd50k_speech_normal_ce071f16,speech_normal,fsd50k,0.22,2.979,2.759,auto_accept,data/banks/foreground/speech_normal/fsd50k_speech_normal_ce071f16.wav
fsd50k_speech_normal_ce69cd5c,speech_normal,fsd50k,0.0,1.056,1.056,auto_accept,data/banks/foreground/speech_normal/fsd50k_speech_normal_ce69cd5c.wav
fsd50k_speech_normal_cea2aab9,speech_normal,fsd50k,0.0,2.135,2.135,auto_accept,data/banks/foreground/speech_normal/fsd50k_speech_normal_cea2aab9.wav
fsd50k_speech_normal_cf0d12e7,speech_normal,fsd50k,0.0,2.421,2.421,auto_accept,data/banks/foreground/speech_normal/fsd50k_speech_normal_cf0d12e7.wav
fsd50k_speech_normal_cf78a18e,speech_normal,fsd50k,0.0,1.378,1.378,auto_accept,data/banks/foreground/speech_normal/fsd50k_speech_normal_cf78a18e.wav
fsd50k_speech_normal_cf8243dc,speech_normal,fsd50k,0.0,1.059,1.059,auto_accept,data/banks/foreground/speech_normal/fsd50k_speech_normal_cf8243dc.wav
fsd50k_speech_normal_cfa016a9,speech_normal,fsd50k,0.0,1.053,1.053,auto_accept,data/banks/foreground/speech_normal/fsd50k_speech_normal_cfa016a9.wav
fsd50k_speech_normal_cfb0099d,speech_normal,fsd50k,0.0,3.547,3.547,auto_accept,data/banks/foreground/speech_normal/fsd50k_speech_normal_cfb0099d.wav
fsd50k_speech_normal_d007a1f3,speech_normal,fsd50k,0.0,2.653,2.653,auto_accept,data/banks/foreground/speech_normal/fsd50k_speech_normal_d007a1f3.wav
fsd50k_speech_normal_d00dc4f5,speech_normal,fsd50k,0.0,1.377,1.377,auto_accept,data/banks/foreground/speech_normal/fsd50k_speech_normal_d00dc4f5.wav
fsd50k_speech_normal_d021f856,speech_normal,fsd50k,0.0,0.702,0.702,auto_accept,data/banks/foreground/speech_normal/fsd50k_speech_normal_d021f856.wav
fsd50k_speech_normal_d05db17b,speech_normal,fsd50k,0.0,1.556,1.556,auto_accept,data/banks/foreground/speech_normal/fsd50k_speech_normal_d05db17b.wav
fsd50k_speech_normal_d05f75bb,speech_normal,fsd50k,0.0,0.831,0.831,auto_accept,data/banks/foreground/speech_normal/fsd50k_speech_normal_d05f75bb.wav
fsd50k_speech_normal_d08ec3e0,speech_normal,fsd50k,0.0,1.756,1.756,auto_accept,data/banks/foreground/speech_normal/fsd50k_speech_normal_d08ec3e0.wav
fsd50k_speech_normal_d0ce38c7,speech_normal,fsd50k,0.0,1.649,1.649,auto_accept,data/banks/foreground/speech_normal/fsd50k_speech_normal_d0ce38c7.wav
fsd50k_speech_normal_d10ff31d,speech_normal,fsd50k,0.0,1.625,1.625,auto_accept,data/banks/foreground/speech_normal/fsd50k_speech_normal_d10ff31d.wav
fsd50k_speech_normal_d15dbde6,speech_normal,fsd50k,0.0,1.059,1.059,auto_accept,data/banks/foreground/speech_normal/fsd50k_speech_normal_d15dbde6.wav
fsd50k_speech_normal_d200781e,speech_normal,fsd50k,0.0,1.292,1.292,auto_accept,data/banks/foreground/speech_normal/fsd50k_speech_normal_d200781e.wav
fsd50k_speech_normal_d22100b5,speech_normal,fsd50k,0.0,1.697,1.697,auto_accept,data/banks/foreground/speech_normal/fsd50k_speech_normal_d22100b5.wav
fsd50k_speech_normal_d25e7520,speech_normal,fsd50k,0.0,1.699,1.699,auto_accept,data/banks/foreground/speech_normal/fsd50k_speech_normal_d25e7520.wav
fsd50k_speech_normal_d2b5caa6,speech_normal,fsd50k,0.0,1.344,1.344,auto_accept,data/banks/foreground/speech_normal/fsd50k_speech_normal_d2b5caa6.wav
fsd50k_speech_normal_d2f6364a,speech_normal,fsd50k,0.0,0.914,0.914,auto_accept,data/banks/foreground/speech_normal/fsd50k_speech_normal_d2f6364a.wav
fsd50k_speech_normal_d334d1a6,speech_normal,fsd50k,0.0,1.736,1.736,auto_accept,data/banks/foreground/speech_normal/fsd50k_speech_normal_d334d1a6.wav
fsd50k_speech_normal_d3b8d815,speech_normal,fsd50k,1.819,4.357,2.538,auto_accept,data/banks/foreground/speech_normal/fsd50k_speech_normal_d3b8d815.wav
fsd50k_speech_normal_d42f3673,speech_normal,fsd50k,0.0,0.939,0.939,auto_accept,data/banks/foreground/speech_normal/fsd50k_speech_normal_d42f3673.wav
fsd50k_speech_normal_d4317fce,speech_normal,fsd50k,0.0,0.867,0.867,auto_accept,data/banks/foreground/speech_normal/fsd50k_speech_normal_d4317fce.wav
fsd50k_speech_normal_d4cc0941,speech_normal,fsd50k,0.0,8.387,8.387,auto_accept,data/banks/foreground/speech_normal/fsd50k_speech_normal_d4cc0941.wav
fsd50k_speech_normal_d4d3786b,speech_normal,fsd50k,0.0,0.72,0.72,auto_accept,data/banks/foreground/speech_normal/fsd50k_speech_normal_d4d3786b.wav
fsd50k_speech_normal_d513303b,speech_normal,fsd50k,0.0,3.492,3.492,auto_accept,data/banks/foreground/speech_normal/fsd50k_speech_normal_d513303b.wav
fsd50k_speech_normal_d62466d2,speech_normal,fsd50k,0.0,1.0,1.0,auto_accept,data/banks/foreground/speech_normal/fsd50k_speech_normal_d62466d2.wav
fsd50k_speech_normal_d63205e9,speech_normal,fsd50k,0.219,4.571,4.352,auto_accept,data/banks/foreground/speech_normal/fsd50k_speech_normal_d63205e9.wav
fsd50k_speech_normal_d64147f1,speech_normal,fsd50k,0.219,2.334,2.115,auto_accept,data/banks/foreground/speech_normal/fsd50k_speech_normal_d64147f1.wav
fsd50k_speech_normal_d69769e4,speech_normal,fsd50k,0.0,1.298,1.298,auto_accept,data/banks/foreground/speech_normal/fsd50k_speech_normal_d69769e4.wav
fsd50k_speech_normal_d6b77019,speech_normal,fsd50k,0.0,0.764,0.764,auto_accept,data/banks/foreground/speech_normal/fsd50k_speech_normal_d6b77019.wav
fsd50k_speech_normal_d709a3df,speech_normal,fsd50k,0.0,0.679,0.679,auto_accept,data/banks/foreground/speech_normal/fsd50k_speech_normal_d709a3df.wav
fsd50k_speech_normal_d771dbef,speech_normal,fsd50k,0.0,1.459,1.459,auto_accept,data/banks/foreground/speech_normal/fsd50k_speech_normal_d771dbef.wav
fsd50k_speech_normal_d83e9b82,speech_normal,fsd50k,0.0,0.419,0.419,auto_accept,data/banks/foreground/speech_normal/fsd50k_speech_normal_d83e9b82.wav
fsd50k_speech_normal_d899520e,speech_normal,fsd50k,0.0,1.747,1.747,auto_accept,data/banks/foreground/speech_normal/fsd50k_speech_normal_d899520e.wav
fsd50k_speech_normal_d92b89d3,speech_normal,fsd50k,0.0,5.236,5.236,auto_accept,data/banks/foreground/speech_normal/fsd50k_speech_normal_d92b89d3.wav
fsd50k_speech_normal_d940519a,speech_normal,fsd50k,0.0,2.336,2.336,auto_accept,data/banks/foreground/speech_normal/fsd50k_speech_normal_d940519a.wav
fsd50k_speech_normal_d96700de,speech_normal,fsd50k,0.0,1.579,1.579,auto_accept,data/banks/foreground/speech_normal/fsd50k_speech_normal_d96700de.wav
fsd50k_speech_normal_d982c3a8,speech_normal,fsd50k,1.18,10.017,8.837,auto_accept,data/banks/foreground/speech_normal/fsd50k_speech_normal_d982c3a8.wav
fsd50k_speech_normal_d98c7767,speech_normal,fsd50k,0.0,5.612,5.612,auto_accept,data/banks/foreground/speech_normal/fsd50k_speech_normal_d98c7767.wav
fsd50k_speech_normal_db53ffd2,speech_normal,fsd50k,0.0,2.68,2.68,auto_accept,data/banks/foreground/speech_normal/fsd50k_speech_normal_db53ffd2.wav
fsd50k_speech_normal_db8caaca,speech_normal,fsd50k,0.858,3.611,2.753,auto_accept,data/banks/foreground/speech_normal/fsd50k_speech_normal_db8caaca.wav
fsd50k_speech_normal_dba2de56,speech_normal,fsd50k,0.0,1.289,1.289,auto_accept,data/banks/foreground/speech_normal/fsd50k_speech_normal_dba2de56.wav
fsd50k_speech_normal_dc048504,speech_normal,fsd50k,0.0,2.907,2.907,auto_accept,data/banks/foreground/speech_normal/fsd50k_speech_normal_dc048504.wav
fsd50k_speech_normal_dc5c6dbf,speech_normal,fsd50k,0.0,2.252,2.252,auto_accept,data/banks/foreground/speech_normal/fsd50k_speech_normal_dc5c6dbf.wav
fsd50k_speech_normal_dc97a763,speech_normal,fsd50k,0.0,1.027,1.027,auto_accept,data/banks/foreground/speech_normal/fsd50k_speech_normal_dc97a763.wav
fsd50k_speech_normal_dd7ee2a6,speech_normal,fsd50k,0.219,2.603,2.384,auto_accept,data/banks/foreground/speech_normal/fsd50k_speech_normal_dd7ee2a6.wav
fsd50k_speech_normal_dd866960,speech_normal,fsd50k,0.0,2.038,2.038,auto_accept,data/banks/foreground/speech_normal/fsd50k_speech_normal_dd866960.wav
fsd50k_speech_normal_ddbdbd0a,speech_normal,fsd50k,0.0,1.377,1.377,auto_accept,data/banks/foreground/speech_normal/fsd50k_speech_normal_ddbdbd0a.wav
fsd50k_speech_normal_ddf04084,speech_normal,fsd50k,0.0,0.736,0.736,auto_accept,data/banks/foreground/speech_normal/fsd50k_speech_normal_ddf04084.wav
fsd50k_speech_normal_de5f85cc,speech_normal,fsd50k,0.0,0.914,0.914,auto_accept,data/banks/foreground/speech_normal/fsd50k_speech_normal_de5f85cc.wav
fsd50k_speech_normal_df0080f9,speech_normal,fsd50k,0.0,0.778,0.778,auto_accept,data/banks/foreground/speech_normal/fsd50k_speech_normal_df0080f9.wav
fsd50k_speech_normal_dfc02721,speech_normal,fsd50k,0.0,1.022,1.022,auto_accept,data/banks/foreground/speech_normal/fsd50k_speech_normal_dfc02721.wav
fsd50k_speech_normal_e089386f,speech_normal,fsd50k,0.0,2.283,2.283,auto_accept,data/banks/foreground/speech_normal/fsd50k_speech_normal_e089386f.wav
fsd50k_speech_normal_e12dfa1c,speech_normal,fsd50k,0.0,1.362,1.362,auto_accept,data/banks/foreground/speech_normal/fsd50k_speech_normal_e12dfa1c.wav
fsd50k_speech_normal_e1465814,speech_normal,fsd50k,0.0,3.058,3.058,auto_accept,data/banks/foreground/speech_normal/fsd50k_speech_normal_e1465814.wav
fsd50k_speech_normal_e164f0c0,speech_normal,fsd50k,0.0,1.96,1.96,auto_accept,data/banks/foreground/speech_normal/fsd50k_speech_normal_e164f0c0.wav
fsd50k_speech_normal_e1b6b034,speech_normal,fsd50k,0.0,1.145,1.145,auto_accept,data/banks/foreground/speech_normal/fsd50k_speech_normal_e1b6b034.wav
fsd50k_speech_normal_e1cdf503,speech_normal,fsd50k,0.0,0.825,0.825,auto_accept,data/banks/foreground/speech_normal/fsd50k_speech_normal_e1cdf503.wav
fsd50k_speech_normal_e1f27638,speech_normal,fsd50k,1.816,3.453,1.637,auto_accept,data/banks/foreground/speech_normal/fsd50k_speech_normal_e1f27638.wav
fsd50k_speech_normal_e2668f6a,speech_normal,fsd50k,0.0,1.058,1.058,auto_accept,data/banks/foreground/speech_normal/fsd50k_speech_normal_e2668f6a.wav
fsd50k_speech_normal_e278fba7,speech_normal,fsd50k,0.0,4.379,4.379,auto_accept,data/banks/foreground/speech_normal/fsd50k_speech_normal_e278fba7.wav
fsd50k_speech_normal_e3230b3f,speech_normal,fsd50k,0.0,0.673,0.673,auto_accept,data/banks/foreground/speech_normal/fsd50k_speech_normal_e3230b3f.wav
fsd50k_speech_normal_e3b870d3,speech_normal,fsd50k,0.0,2.246,2.246,auto_accept,data/banks/foreground/speech_normal/fsd50k_speech_normal_e3b870d3.wav
fsd50k_speech_normal_e4dedca4,speech_normal,fsd50k,0.0,0.322,0.322,auto_accept,data/banks/foreground/speech_normal/fsd50k_speech_normal_e4dedca4.wav
fsd50k_speech_normal_e54d1a92,speech_normal,fsd50k,0.0,1.698,1.698,auto_accept,data/banks/foreground/speech_normal/fsd50k_speech_normal_e54d1a92.wav
fsd50k_speech_normal_e65f1e32,speech_normal,fsd50k,0.0,0.708,0.708,auto_accept,data/banks/foreground/speech_normal/fsd50k_speech_normal_e65f1e32.wav
fsd50k_speech_normal_e6c1cdd4,speech_normal,fsd50k,0.0,2.658,2.658,auto_accept,data/banks/foreground/speech_normal/fsd50k_speech_normal_e6c1cdd4.wav
fsd50k_speech_normal_e6d505d0,speech_normal,fsd50k,0.0,0.822,0.822,auto_accept,data/banks/foreground/speech_normal/fsd50k_speech_normal_e6d505d0.wav
fsd50k_speech_normal_e752ca7a,speech_normal,fsd50k,0.0,3.0,3.0,auto_accept,data/banks/foreground/speech_normal/fsd50k_speech_normal_e752ca7a.wav
fsd50k_speech_normal_e7ab9eaf,speech_normal,fsd50k,0.0,1.277,1.277,auto_accept,data/banks/foreground/speech_normal/fsd50k_speech_normal_e7ab9eaf.wav
fsd50k_speech_normal_e7bf6f52,speech_normal,fsd50k,0.0,1.057,1.057,auto_accept,data/banks/foreground/speech_normal/fsd50k_speech_normal_e7bf6f52.wav
fsd50k_speech_normal_e84e3300,speech_normal,fsd50k,0.0,1.289,1.289,auto_accept,data/banks/foreground/speech_normal/fsd50k_speech_normal_e84e3300.wav
fsd50k_speech_normal_e85f3ae8,speech_normal,fsd50k,0.0,2.0,2.0,auto_accept,data/banks/foreground/speech_normal/fsd50k_speech_normal_e85f3ae8.wav
fsd50k_speech_normal_e8b151c4,speech_normal,fsd50k,0.0,1.01,1.01,auto_accept,data/banks/foreground/speech_normal/fsd50k_speech_normal_e8b151c4.wav
fsd50k_speech_normal_e8b8c30e,speech_normal,fsd50k,0.0,1.105,1.105,auto_accept,data/banks/foreground/speech_normal/fsd50k_speech_normal_e8b8c30e.wav
fsd50k_speech_normal_e92a133c,speech_normal,fsd50k,0.0,0.946,0.946,auto_accept,data/banks/foreground/speech_normal/fsd50k_speech_normal_e92a133c.wav
fsd50k_speech_normal_e94589f9,speech_normal,fsd50k,0.0,2.977,2.977,auto_accept,data/banks/foreground/speech_normal/fsd50k_speech_normal_e94589f9.wav
fsd50k_speech_normal_e94c943b,speech_normal,fsd50k,0.0,1.698,1.698,auto_accept,data/banks/foreground/speech_normal/fsd50k_speech_normal_e94c943b.wav
fsd50k_speech_normal_e9f67f02,speech_normal,fsd50k,0.0,0.418,0.418,auto_accept,data/banks/foreground/speech_normal/fsd50k_speech_normal_e9f67f02.wav
fsd50k_speech_normal_ea7e032c,speech_normal,fsd50k,0.0,1.909,1.909,auto_accept,data/banks/foreground/speech_normal/fsd50k_speech_normal_ea7e032c.wav
fsd50k_speech_normal_ea807b62,speech_normal,fsd50k,5.658,9.057,3.399,auto_accept,data/banks/foreground/speech_normal/fsd50k_speech_normal_ea807b62.wav
fsd50k_speech_normal_ea89142d,speech_normal,fsd50k,0.0,2.973,2.973,auto_accept,data/banks/foreground/speech_normal/fsd50k_speech_normal_ea89142d.wav
fsd50k_speech_normal_eabf8afe,speech_normal,fsd50k,0.0,0.896,0.896,auto_accept,data/banks/foreground/speech_normal/fsd50k_speech_normal_eabf8afe.wav
fsd50k_speech_normal_eac4bba3,speech_normal,fsd50k,0.0,0.604,0.604,auto_accept,data/banks/foreground/speech_normal/fsd50k_speech_normal_eac4bba3.wav
fsd50k_speech_normal_eafafe4e,speech_normal,fsd50k,0.0,1.021,1.021,auto_accept,data/banks/foreground/speech_normal/fsd50k_speech_normal_eafafe4e.wav
fsd50k_speech_normal_ec18ebf7,speech_normal,fsd50k,0.0,1.408,1.408,auto_accept,data/banks/foreground/speech_normal/fsd50k_speech_normal_ec18ebf7.wav
fsd50k_speech_normal_ec626843,speech_normal,fsd50k,0.0,5.217,5.217,auto_accept,data/banks/foreground/speech_normal/fsd50k_speech_normal_ec626843.wav
fsd50k_speech_normal_ec81d46e,speech_normal,fsd50k,0.0,0.392,0.392,auto_accept,data/banks/foreground/speech_normal/fsd50k_speech_normal_ec81d46e.wav
fsd50k_speech_normal_ecd84e48,speech_normal,fsd50k,0.0,1.058,1.058,auto_accept,data/banks/foreground/speech_normal/fsd50k_speech_normal_ecd84e48.wav
fsd50k_speech_normal_ece94bce,speech_normal,fsd50k,0.0,1.279,1.279,auto_accept,data/banks/foreground/speech_normal/fsd50k_speech_normal_ece94bce.wav
fsd50k_speech_normal_ed0e9f0f,speech_normal,fsd50k,0.0,1.324,1.324,auto_accept,data/banks/foreground/speech_normal/fsd50k_speech_normal_ed0e9f0f.wav
fsd50k_speech_normal_ed379462,speech_normal,fsd50k,0.0,1.254,1.254,auto_accept,data/banks/foreground/speech_normal/fsd50k_speech_normal_ed379462.wav
fsd50k_speech_normal_ee0bb520,speech_normal,fsd50k,10.458,18.017,7.559,auto_accept,data/banks/foreground/speech_normal/fsd50k_speech_normal_ee0bb520.wav
fsd50k_speech_normal_eee1b68c,speech_normal,fsd50k,0.537,2.2,1.663,auto_accept,data/banks/foreground/speech_normal/fsd50k_speech_normal_eee1b68c.wav
fsd50k_speech_normal_ef1b0395,speech_normal,fsd50k,0.0,2.652,2.652,auto_accept,data/banks/foreground/speech_normal/fsd50k_speech_normal_ef1b0395.wav
fsd50k_speech_normal_ef2ed84c,speech_normal,fsd50k,0.0,1.5,1.5,auto_accept,data/banks/foreground/speech_normal/fsd50k_speech_normal_ef2ed84c.wav
fsd50k_speech_normal_ef4af819,speech_normal,fsd50k,0.0,1.058,1.058,auto_accept,data/banks/foreground/speech_normal/fsd50k_speech_normal_ef4af819.wav
fsd50k_speech_normal_ef8b9f94,speech_normal,fsd50k,0.0,0.922,0.922,auto_accept,data/banks/foreground/speech_normal/fsd50k_speech_normal_ef8b9f94.wav
fsd50k_speech_normal_efb74ce1,speech_normal,fsd50k,0.0,1.123,1.123,auto_accept,data/banks/foreground/speech_normal/fsd50k_speech_normal_efb74ce1.wav
fsd50k_speech_normal_eff0f702,speech_normal,fsd50k,0.0,1.37,1.37,auto_accept,data/banks/foreground/speech_normal/fsd50k_speech_normal_eff0f702.wav
fsd50k_speech_normal_f0485954,speech_normal,fsd50k,0.0,2.123,2.123,auto_accept,data/banks/foreground/speech_normal/fsd50k_speech_normal_f0485954.wav
fsd50k_speech_normal_f04cf62c,speech_normal,fsd50k,0.0,3.698,3.698,auto_accept,data/banks/foreground/speech_normal/fsd50k_speech_normal_f04cf62c.wav
fsd50k_speech_normal_f0a3fb0f,speech_normal,fsd50k,0.0,2.48,2.48,auto_accept,data/banks/foreground/speech_normal/fsd50k_speech_normal_f0a3fb0f.wav
fsd50k_speech_normal_f0fd4424,speech_normal,fsd50k,1.18,6.069,4.889,auto_accept,data/banks/foreground/speech_normal/fsd50k_speech_normal_f0fd4424.wav
fsd50k_speech_normal_f10ce30b,speech_normal,fsd50k,0.0,0.65,0.65,auto_accept,data/banks/foreground/speech_normal/fsd50k_speech_normal_f10ce30b.wav
fsd50k_speech_normal_f185d620,speech_normal,fsd50k,0.0,1.757,1.757,auto_accept,data/banks/foreground/speech_normal/fsd50k_speech_normal_f185d620.wav
fsd50k_speech_normal_f1864aa7,speech_normal,fsd50k,0.0,1.376,1.376,auto_accept,data/banks/foreground/speech_normal/fsd50k_speech_normal_f1864aa7.wav
fsd50k_speech_normal_f1e42f90,speech_normal,fsd50k,0.0,2.339,2.339,auto_accept,data/banks/foreground/speech_normal/fsd50k_speech_normal_f1e42f90.wav
fsd50k_speech_normal_f2e51e4b,speech_normal,fsd50k,0.0,2.014,2.014,auto_accept,data/banks/foreground/speech_normal/fsd50k_speech_normal_f2e51e4b.wav
fsd50k_speech_normal_f320ac9e,speech_normal,fsd50k,0.0,0.719,0.719,auto_accept,data/banks/foreground/speech_normal/fsd50k_speech_normal_f320ac9e.wav
fsd50k_speech_normal_f3684954,speech_normal,fsd50k,0.0,3.927,3.927,auto_accept,data/banks/foreground/speech_normal/fsd50k_speech_normal_f3684954.wav
fsd50k_speech_normal_f3b43dcc,speech_normal,fsd50k,0.219,1.176,0.957,auto_accept,data/banks/foreground/speech_normal/fsd50k_speech_normal_f3b43dcc.wav
fsd50k_speech_normal_f3bc9e3c,speech_normal,fsd50k,0.0,1.255,1.255,auto_accept,data/banks/foreground/speech_normal/fsd50k_speech_normal_f3bc9e3c.wav
fsd50k_speech_normal_f52cc9ed,speech_normal,fsd50k,0.0,1.08,1.08,auto_accept,data/banks/foreground/speech_normal/fsd50k_speech_normal_f52cc9ed.wav
fsd50k_speech_normal_f5380f10,speech_normal,fsd50k,0.219,2.833,2.614,auto_accept,data/banks/foreground/speech_normal/fsd50k_speech_normal_f5380f10.wav
fsd50k_speech_normal_f54910a2,speech_normal,fsd50k,0.0,2.119,2.119,auto_accept,data/banks/foreground/speech_normal/fsd50k_speech_normal_f54910a2.wav
fsd50k_speech_normal_f60cd607,speech_normal,fsd50k,0.0,1.347,1.347,auto_accept,data/banks/foreground/speech_normal/fsd50k_speech_normal_f60cd607.wav
fsd50k_speech_normal_f6784809,speech_normal,fsd50k,1.178,2.925,1.747,auto_accept,data/banks/foreground/speech_normal/fsd50k_speech_normal_f6784809.wav
fsd50k_speech_normal_f6f74dc0,speech_normal,fsd50k,0.0,3.0,3.0,auto_accept,data/banks/foreground/speech_normal/fsd50k_speech_normal_f6f74dc0.wav
fsd50k_speech_normal_f71eb116,speech_normal,fsd50k,0.859,2.998,2.139,auto_accept,data/banks/foreground/speech_normal/fsd50k_speech_normal_f71eb116.wav
fsd50k_speech_normal_f766c92c,speech_normal,fsd50k,0.0,0.927,0.927,auto_accept,data/banks/foreground/speech_normal/fsd50k_speech_normal_f766c92c.wav
fsd50k_speech_normal_f7d69fa0,speech_normal,fsd50k,0.0,0.848,0.848,auto_accept,data/banks/foreground/speech_normal/fsd50k_speech_normal_f7d69fa0.wav
fsd50k_speech_normal_f7db25f1,speech_normal,fsd50k,2.139,9.055,6.916,auto_accept,data/banks/foreground/speech_normal/fsd50k_speech_normal_f7db25f1.wav
fsd50k_speech_normal_f811f8d5,speech_normal,fsd50k,0.0,1.249,1.249,auto_accept,data/banks/foreground/speech_normal/fsd50k_speech_normal_f811f8d5.wav
fsd50k_speech_normal_f81f71c5,speech_normal,fsd50k,0.0,0.649,0.649,auto_accept,data/banks/foreground/speech_normal/fsd50k_speech_normal_f81f71c5.wav
fsd50k_speech_normal_f86f7bad,speech_normal,fsd50k,0.0,1.376,1.376,auto_accept,data/banks/foreground/speech_normal/fsd50k_speech_normal_f86f7bad.wav
fsd50k_speech_normal_f87fdf82,speech_normal,fsd50k,0.0,7.779,7.779,auto_accept,data/banks/foreground/speech_normal/fsd50k_speech_normal_f87fdf82.wav
fsd50k_speech_normal_f8eb3994,speech_normal,fsd50k,0.0,1.875,1.875,auto_accept,data/banks/foreground/speech_normal/fsd50k_speech_normal_f8eb3994.wav
fsd50k_speech_normal_f9821126,speech_normal,fsd50k,0.0,1.486,1.486,auto_accept,data/banks/foreground/speech_normal/fsd50k_speech_normal_f9821126.wav
fsd50k_speech_normal_f9ca97b2,speech_normal,fsd50k,0.0,2.012,2.012,auto_accept,data/banks/foreground/speech_normal/fsd50k_speech_normal_f9ca97b2.wav
fsd50k_speech_normal_fa1d16f1,speech_normal,fsd50k,0.0,0.693,0.693,auto_accept,data/banks/foreground/speech_normal/fsd50k_speech_normal_fa1d16f1.wav
fsd50k_speech_normal_fa5a14f0,speech_normal,fsd50k,0.0,0.84,0.84,auto_accept,data/banks/foreground/speech_normal/fsd50k_speech_normal_fa5a14f0.wav
fsd50k_speech_normal_fa821194,speech_normal,fsd50k,0.0,1.032,1.032,auto_accept,data/banks/foreground/speech_normal/fsd50k_speech_normal_fa821194.wav
fsd50k_speech_normal_fb037445,speech_normal,fsd50k,0.0,0.728,0.728,auto_accept,data/banks/foreground/speech_normal/fsd50k_speech_normal_fb037445.wav
fsd50k_speech_normal_fb1b0421,speech_normal,fsd50k,0.0,1.068,1.068,auto_accept,data/banks/foreground/speech_normal/fsd50k_speech_normal_fb1b0421.wav
fsd50k_speech_normal_fb780c4a,speech_normal,fsd50k,0.0,0.841,0.841,auto_accept,data/banks/foreground/speech_normal/fsd50k_speech_normal_fb780c4a.wav
fsd50k_speech_normal_fb9996ef,speech_normal,fsd50k,6.298,8.098,1.8,auto_accept,data/banks/foreground/speech_normal/fsd50k_speech_normal_fb9996ef.wav
fsd50k_speech_normal_fbcb99ce,speech_normal,fsd50k,0.0,1.376,1.376,auto_accept,data/banks/foreground/speech_normal/fsd50k_speech_normal_fbcb99ce.wav
fsd50k_speech_normal_fbee0768,speech_normal,fsd50k,0.0,0.859,0.859,auto_accept,data/banks/foreground/speech_normal/fsd50k_speech_normal_fbee0768.wav
fsd50k_speech_normal_fc1cb4d7,speech_normal,fsd50k,0.0,1.188,1.188,auto_accept,data/banks/foreground/speech_normal/fsd50k_speech_normal_fc1cb4d7.wav
fsd50k_speech_normal_fc536088,speech_normal,fsd50k,0.0,0.717,0.717,auto_accept,data/banks/foreground/speech_normal/fsd50k_speech_normal_fc536088.wav
fsd50k_speech_normal_fcbf426d,speech_normal,fsd50k,0.0,0.725,0.725,auto_accept,data/banks/foreground/speech_normal/fsd50k_speech_normal_fcbf426d.wav
fsd50k_speech_normal_fd3d0ebe,speech_normal,fsd50k,0.0,0.801,0.801,auto_accept,data/banks/foreground/speech_normal/fsd50k_speech_normal_fd3d0ebe.wav
fsd50k_speech_normal_fe369612,speech_normal,fsd50k,0.0,2.624,2.624,auto_accept,data/banks/foreground/speech_normal/fsd50k_speech_normal_fe369612.wav
fsd50k_speech_normal_fe8c1a08,speech_normal,fsd50k,0.0,0.644,0.644,auto_accept,data/banks/foreground/speech_normal/fsd50k_speech_normal_fe8c1a08.wav
fsd50k_speech_normal_fe9f0081,speech_normal,fsd50k,0.0,1.167,1.167,auto_accept,data/banks/foreground/speech_normal/fsd50k_speech_normal_fe9f0081.wav
fsd50k_speech_normal_ff26bff9,speech_normal,fsd50k,0.0,0.823,0.823,auto_accept,data/banks/foreground/speech_normal/fsd50k_speech_normal_ff26bff9.wav
fsd50k_speech_normal_ff2a55cf,speech_normal,fsd50k,0.0,3.613,3.613,auto_accept,data/banks/foreground/speech_normal/fsd50k_speech_normal_ff2a55cf.wav
fsd50k_speech_normal_ff845817,speech_normal,fsd50k,0.0,0.664,0.664,auto_accept,data/banks/foreground/speech_normal/fsd50k_speech_normal_ff845817.wav
