file_id,path_raw,source_dataset,source_id,source_group_id,claimed_class,label_type_orig,orig_split,orig_onset,orig_offset,duration,sample_rate_orig,channels,license,attribution,redistributable,download_date,checksum_sha256
desed_alarm_bell_016586c4,data/raw/desed_soundbank/audio/train/soundbank/foreground/Alarm_bell_ringing/255193_7.wav,desed_soundbank,train/255193_7,freesound_255193,alarm_bell,isolated_event,train,0.0,0.242,0.242,44100,1,CC-BY,michael_kur95 (freesound:255193),yes,2026-09-14,016586c49dee1486577d68a9904b451cc7b464b964606947f2dccce3c4c102e6
desed_alarm_bell_019d4688,data/raw/desed_soundbank/audio/eval/soundbank/foreground/Alarm_bell_ringing/79638.wav,desed_soundbank,eval/79638,freesound_79638,alarm_bell,isolated_event,eval,0.0,2.487,2.487,44100,1,CC-Sampling+,tymaue (freesound:79638),labels_only,2026-09-14,019d4688b0558578411d061aa6da9a32af92e594eaba748ef9853c14d966cb31
desed_alarm_bell_03c25915,data/raw/desed_soundbank/audio/train/soundbank/foreground/Alarm_bell_ringing/382236_4.wav,desed_soundbank,train/382236_4,freesound_382236,alarm_bell,isolated_event,train,0.0,0.318,0.318,44100,1,CC-BY,sforsman (freesound:382236),yes,2026-09-14,03c25915f1ee7224322c82673c284379a468aa43cdaef5a8e1de7c9dfc251518
desed_alarm_bell_03ca7e85,data/raw/desed_soundbank/audio/train/soundbank/foreground/Alarm_bell_ringing/418898_6.wav,desed_soundbank,train/418898_6,freesound_418898,alarm_bell,isolated_event,train,0.0,0.316,0.316,44100,1,CC0,Lynx_5969 (freesound:418898),yes,2026-09-14,03ca7e853749dfff68f77293c40d0428a4e66e75453969a10f800beeea7bf8e5
desed_alarm_bell_044b6f06,data/raw/desed_soundbank/audio/train/soundbank/foreground/Alarm_bell_ringing/34853_2.wav,desed_soundbank,train/34853_2,freesound_34853,alarm_bell,isolated_event,train,0.0,0.353,0.353,44100,1,CC-Sampling+,jackstrebor (freesound:34853),labels_only,2026-09-14,044b6f06b89383a3b432151cff37b460d1ab596628fa286e9e4b2cea856eb7b0
desed_alarm_bell_0576aaa3,data/raw/desed_soundbank/audio/train/soundbank/foreground/Alarm_bell_ringing/424946_1.wav,desed_soundbank,train/424946_1,freesound_424946,alarm_bell,isolated_event,train,0.0,4.189,4.189,44100,1,CC0,blukotek (freesound:424946),yes,2026-09-14,0576aaa30af95c25609e60cd13b7e9fbd1513f4f89a868a37af6a120e5d15c71
desed_alarm_bell_084220bd,data/raw/desed_soundbank/audio/train/soundbank/foreground/Alarm_bell_ringing/370919.wav,desed_soundbank,train/370919,freesound_370919,alarm_bell,isolated_event,train,0.0,4.190,4.19,44100,1,CC-BY,sjturia (freesound:370919),yes,2026-09-14,084220bd8578f5a030f9ebfeb17bc46fdc4829e735c0c4591e75b4ac649ca594
desed_alarm_bell_08817a4e,data/raw/desed_soundbank/audio/train/soundbank/foreground/Alarm_bell_ringing/189332_3.wav,desed_soundbank,train/189332_3,freesound_189332,alarm_bell,isolated_event,train,0.0,0.572,0.572,44100,1,CC0,sangtao (freesound:189332),yes,2026-09-14,08817a4e14f5c4f08a428ad34c67a19596a2e09df59862c1f96e19e0b65030f0
desed_alarm_bell_08dea298,data/raw/desed_soundbank/audio/train/soundbank/foreground/Alarm_bell_ringing/255193_6.wav,desed_soundbank,train/255193_6,freesound_255193,alarm_bell,isolated_event,train,0.0,0.242,0.242,44100,1,CC-BY,michael_kur95 (freesound:255193),yes,2026-09-14,08dea2987d1d991ea482a2dbd98b297d41a4719330799425f8188b8a77f0c2f6
desed_alarm_bell_08e0991d,data/raw/desed_soundbank/audio/eval/soundbank/foreground/Alarm_bell_ringing/329896_6.wav,desed_soundbank,eval/329896_6,freesound_329896,alarm_bell,isolated_event,eval,0.0,0.534,0.534,44100,1,CC-BY,YleArkisto (freesound:329896),yes,2026-09-14,08e0991d46d9f31319d1e9c01ba41a04311ce99c8336103759754764fc5d760f
desed_alarm_bell_097d4455,data/raw/desed_soundbank/audio/train/soundbank/foreground/Alarm_bell_ringing/196376.wav,desed_soundbank,train/196376,freesound_196376,alarm_bell,isolated_event,train,0.0,2.645,2.645,44100,1,CC-BY,maisonsonique (freesound:196376),yes,2026-09-14,097d4455680b2216b0dc06b088eb86c65d4cb060748beb36e9d6a4018ee7ca26
desed_alarm_bell_09b865ef,data/raw/desed_soundbank/audio/train/soundbank/foreground/Alarm_bell_ringing/21986.wav,desed_soundbank,train/21986,freesound_21986,alarm_bell,isolated_event,train,0.0,5.721,5.721,44100,1,CC-BY,mzinsser (freesound:21986),yes,2026-09-14,09b865ef8cfe8f114db6f2b938ba1b110fb776ddd93b4832295023e437e7222f
desed_alarm_bell_0e844103,data/raw/desed_soundbank/audio/eval/soundbank/foreground/Alarm_bell_ringing/233645_6.wav,desed_soundbank,eval/233645_6,freesound_233645,alarm_bell,isolated_event,eval,0.0,0.119,0.119,44100,1,CC-BY-NC,zanox (freesound:233645),labels_only,2026-09-14,0e84410322d7f83e0c01aeb8b3e1ed3ffffb70a9757d2ed2ea20cbd708f94709
desed_alarm_bell_0f458a63,data/raw/desed_soundbank/audio/train/soundbank/foreground/Alarm_bell_ringing/255193_2.wav,desed_soundbank,train/255193_2,freesound_255193,alarm_bell,isolated_event,train,0.0,0.242,0.242,44100,1,CC-BY,michael_kur95 (freesound:255193),yes,2026-09-14,0f458a6393f3351909cb2497ddd3c13deaa679bd3b9d42cb2aea220a0a3da531
desed_alarm_bell_0feed5f4,data/raw/desed_soundbank/audio/train/soundbank/foreground/Alarm_bell_ringing/189332_7.wav,desed_soundbank,train/189332_7,freesound_189332,alarm_bell,isolated_event,train,0.0,0.597,0.597,44100,1,CC0,sangtao (freesound:189332),yes,2026-09-14,0feed5f4c3bd1a886f6135d1757ec953771adb7aadeaa909dac906e03b6d9e57
desed_alarm_bell_10ae73de,data/raw/desed_soundbank/audio/eval/soundbank/foreground/Alarm_bell_ringing/329896_12.wav,desed_soundbank,eval/329896_12,freesound_329896,alarm_bell,isolated_event,eval,0.0,0.559,0.559,44100,1,CC-BY,YleArkisto (freesound:329896),yes,2026-09-14,10ae73defd38993cc781f2647256c989dfca0360f8d3dfaebf962416fb004c17
desed_alarm_bell_10af084e,data/raw/desed_soundbank/audio/train/soundbank/foreground/Alarm_bell_ringing/196838_5.wav,desed_soundbank,train/196838_5,freesound_196838,alarm_bell,isolated_event,train,0.0,0.315,0.315,44100,1,CC-BY,idepe (freesound:196838),yes,2026-09-14,10af084e9cec0b15dc2f68d405e7cf20cdc6ad4063bc2d9863267935223dfbf4
desed_alarm_bell_1421b4bb,data/raw/desed_soundbank/audio/eval/soundbank/foreground/Alarm_bell_ringing/233645_9.wav,desed_soundbank,eval/233645_9,freesound_233645,alarm_bell,isolated_event,eval,0.0,1.008,1.008,44100,1,CC-BY-NC,zanox (freesound:233645),labels_only,2026-09-14,1421b4bb10b256b6923f557bf87bb32dc731568bde9e32d66bd41b7988de4543
desed_alarm_bell_14f28832,data/raw/desed_soundbank/audio/train/soundbank/foreground/Alarm_bell_ringing/177875.wav,desed_soundbank,train/177875,freesound_177875,alarm_bell,isolated_event,train,0.0,1.681,1.681,44100,1,CC-BY,jorickhoofd (freesound:177875),yes,2026-09-14,14f288323e5d2f6b13cd9db7d9e8fd6bf7159ad4999a1491c5ffaa49ee6871a8
desed_alarm_bell_1508a031,data/raw/desed_soundbank/audio/eval/soundbank/foreground/Alarm_bell_ringing/233645_5.wav,desed_soundbank,eval/233645_5,freesound_233645,alarm_bell,isolated_event,eval,0.0,1.008,1.008,44100,1,CC-BY-NC,zanox (freesound:233645),labels_only,2026-09-14,1508a031c820d30c332dd59e3c549d80e19d7d00ad787a46832e71706088e59e
desed_alarm_bell_155a401b,data/raw/desed_soundbank/audio/train/soundbank/foreground/Alarm_bell_ringing/268823_10.wav,desed_soundbank,train/268823_10,freesound_268823,alarm_bell,isolated_event,train,0.0,0.311,0.311,44100,1,CC-BY,kwahmah_02 (freesound:268823),yes,2026-09-14,155a401b05011546bc19b9f062aca502f5cbdcd0615ad645edfe74f837e7fdeb
desed_alarm_bell_182ba4c4,data/raw/desed_soundbank/audio/eval/soundbank/foreground/Alarm_bell_ringing/72558_5.wav,desed_soundbank,eval/72558_5,freesound_72558,alarm_bell,isolated_event,eval,0.0,0.320,0.32,44100,1,CC-BY-NC,Timbre (freesound:72558),labels_only,2026-09-14,182ba4c46ebb71323f6f312f07d256b268a12704e30c978e778dd8d4063fa564
desed_alarm_bell_1931680c,data/raw/desed_soundbank/audio/train/soundbank/foreground/Alarm_bell_ringing/268823_14.wav,desed_soundbank,train/268823_14,freesound_268823,alarm_bell,isolated_event,train,0.0,0.311,0.311,44100,1,CC-BY,kwahmah_02 (freesound:268823),yes,2026-09-14,1931680c7764c3241a826e0fa49dc02013410f8cb874ef3fb747bfcd4e2c5f69
desed_alarm_bell_198a13ac,data/raw/desed_soundbank/audio/train/soundbank/foreground/Alarm_bell_ringing/268823_5.wav,desed_soundbank,train/268823_5,freesound_268823,alarm_bell,isolated_event,train,0.0,0.311,0.311,44100,1,CC-BY,kwahmah_02 (freesound:268823),yes,2026-09-14,198a13ac4c0c549045272f35b4fa8bb16c3093c97347e2f91e1729861c596ba9
desed_alarm_bell_1a188021,data/raw/desed_soundbank/audio/train/soundbank/foreground/Alarm_bell_ringing/259537_1.wav,desed_soundbank,train/259537_1,freesound_259537,alarm_bell,isolated_event,train,0.0,0.519,0.519,44100,1,CC0,Tempouser (freesound:259537),yes,2026-09-14,1a1880214723ac335cb4f5eaed2a779bfcb503e435ff8de6e5f9ed01a32b8a05
desed_alarm_bell_1b0d3a4d,data/raw/desed_soundbank/audio/train/soundbank/foreground/Alarm_bell_ringing/264106_6.wav,desed_soundbank,train/264106_6,freesound_264106,alarm_bell,isolated_event,train,0.0,0.119,0.119,44100,1,CC-BY,kwahmah_02 (freesound:264106),yes,2026-09-14,1b0d3a4debbfd31de34d302a4f8e7b3d6824603f2131b2348d2827fd08587725
desed_alarm_bell_1d312407,data/raw/desed_soundbank/audio/train/soundbank/foreground/Alarm_bell_ringing/268823_8.wav,desed_soundbank,train/268823_8,freesound_268823,alarm_bell,isolated_event,train,0.0,0.311,0.311,44100,1,CC-BY,kwahmah_02 (freesound:268823),yes,2026-09-14,1d312407b28e52bdee40031da3edacda8344d110ef0ba740180b81d1f4790a82
desed_alarm_bell_20191b46,data/raw/desed_soundbank/audio/train/soundbank/foreground/Alarm_bell_ringing/255193_9.wav,desed_soundbank,train/255193_9,freesound_255193,alarm_bell,isolated_event,train,0.0,0.242,0.242,44100,1,CC-BY,michael_kur95 (freesound:255193),yes,2026-09-14,20191b46bd552f336f62f9e711ff199f1d3ac60ba380b269b020d393dba0a3e5
desed_alarm_bell_20245f39,data/raw/desed_soundbank/audio/train/soundbank/foreground/Alarm_bell_ringing/151242_12.wav,desed_soundbank,train/151242_12,freesound_151242,alarm_bell,isolated_event,train,0.0,0.481,0.481,44100,1,CC-BY-NC,Tempouser (freesound:151242),labels_only,2026-09-14,20245f3995d537b76e2a19b386d9af8e79d009cf4cf3649b1696e96a15550869
desed_alarm_bell_207ac269,data/raw/desed_soundbank/audio/train/soundbank/foreground/Alarm_bell_ringing/151242_13.wav,desed_soundbank,train/151242_13,freesound_151242,alarm_bell,isolated_event,train,0.0,0.483,0.483,44100,1,CC-BY-NC,Tempouser (freesound:151242),labels_only,2026-09-14,207ac269aaf597dce0083624569977c7b93f9b9cefe9464b976391d5521b2b36
desed_alarm_bell_212036cc,data/raw/desed_soundbank/audio/train/soundbank/foreground/Alarm_bell_ringing/264106_8.wav,desed_soundbank,train/264106_8,freesound_264106,alarm_bell,isolated_event,train,0.0,0.485,0.485,44100,1,CC-BY,kwahmah_02 (freesound:264106),yes,2026-09-14,212036cc067fb0bbed133fc24aa1625a7bcd94a59ea0cc88d236b1169f2558ed
desed_alarm_bell_21bea9cc,data/raw/desed_soundbank/audio/train/soundbank/foreground/Alarm_bell_ringing/400695.wav,desed_soundbank,train/400695,freesound_400695,alarm_bell,isolated_event,train,0.0,1.764,1.764,44100,1,CC0,dm103 (freesound:400695),yes,2026-09-14,21bea9cc9ff63dbbd76c8e77af2fc8c7340eff5766378a3e77edf48be49aaf49
desed_alarm_bell_22000d5c,data/raw/desed_soundbank/audio/train/soundbank/foreground/Alarm_bell_ringing/268823_13.wav,desed_soundbank,train/268823_13,freesound_268823,alarm_bell,isolated_event,train,0.0,0.311,0.311,44100,1,CC-BY,kwahmah_02 (freesound:268823),yes,2026-09-14,22000d5c16c6d85b96cfd85e33ae28758443a2b88815eed29222ef392526799b
desed_alarm_bell_248cb8a7,data/raw/desed_soundbank/audio/train/soundbank/foreground/Alarm_bell_ringing/141287.wav,desed_soundbank,train/141287,freesound_141287,alarm_bell,isolated_event,train,0.0,25.449,25.449,44100,1,CC-BY,soundrecorder7 (freesound:141287),yes,2026-09-14,248cb8a7887b1ec86e3dc69adfd21377ef7e8e8d05f2b398ab7fb81c32fae254
desed_alarm_bell_26315eee,data/raw/desed_soundbank/audio/eval/soundbank/foreground/Alarm_bell_ringing/329896_4.wav,desed_soundbank,eval/329896_4,freesound_329896,alarm_bell,isolated_event,eval,0.0,0.564,0.564,44100,1,CC-BY,YleArkisto (freesound:329896),yes,2026-09-14,26315eee202fc0dc76646cf207748985e70607faa59fa81a7b9bfb1669f1781f
desed_alarm_bell_279220b2,data/raw/desed_soundbank/audio/train/soundbank/foreground/Alarm_bell_ringing/255194_5.wav,desed_soundbank,train/255194_5,freesound_255194,alarm_bell,isolated_event,train,0.0,0.316,0.316,44100,1,CC-BY,michael_kur95 (freesound:255194),yes,2026-09-14,279220b2a6c3cf78515751947e98e613d2ecc5cc6ca7914b647c8c3137f77319
desed_alarm_bell_2888c09d,data/raw/desed_soundbank/audio/train/soundbank/foreground/Alarm_bell_ringing/268823_12.wav,desed_soundbank,train/268823_12,freesound_268823,alarm_bell,isolated_event,train,0.0,0.311,0.311,44100,1,CC-BY,kwahmah_02 (freesound:268823),yes,2026-09-14,2888c09d1cfe544419b69a04bfd9f7c5f20224829a2b118e94eec49c17001257
desed_alarm_bell_2930494e,data/raw/desed_soundbank/audio/train/soundbank/foreground/Alarm_bell_ringing/164690.wav,desed_soundbank,train/164690,freesound_164690,alarm_bell,isolated_event,train,0.0,4.537,4.537,44100,1,CC0,Adam_N (freesound:164690),yes,2026-09-14,2930494e4f3b2d93f95c4632f6f35c6a4e3afbab9df255b5434e6f5870858e56
desed_alarm_bell_2b643cb8,data/raw/desed_soundbank/audio/train/soundbank/foreground/Alarm_bell_ringing/70102.wav,desed_soundbank,train/70102,freesound_70102,alarm_bell,isolated_event,train,0.0,8.674,8.674,44100,1,CC-BY,gregswinford (freesound:70102),yes,2026-09-14,2b643cb8aa51a26322a2a682adbf9d897b814d9e4138139d48a4a00cbcc8a60d
desed_alarm_bell_2b777247,data/raw/desed_soundbank/audio/train/soundbank/foreground/Alarm_bell_ringing/20101_0.wav,desed_soundbank,train/20101_0,freesound_20101,alarm_bell,isolated_event,train,0.0,2.168,2.168,44100,1,CC-BY,FreqMan (freesound:20101),yes,2026-09-14,2b7772471b4be0b119a0f8be45fd2c34d9babed24b8188683267d766f7bd821e
desed_alarm_bell_2c424415,data/raw/desed_soundbank/audio/train/soundbank/foreground/Alarm_bell_ringing/34853_6.wav,desed_soundbank,train/34853_6,freesound_34853,alarm_bell,isolated_event,train,0.0,0.320,0.32,44100,1,CC-Sampling+,jackstrebor (freesound:34853),labels_only,2026-09-14,2c424415d1942ee12e5655c38e0066d7b30d431b7563472761f174771336d2b8
desed_alarm_bell_2f675ca9,data/raw/desed_soundbank/audio/train/soundbank/foreground/Alarm_bell_ringing/87151.wav,desed_soundbank,train/87151,freesound_87151,alarm_bell,isolated_event,train,0.0,2.427,2.427,44100,1,CC-BY,akanimbus (freesound:87151),yes,2026-09-14,2f675ca93c4c029efc9026a130f32c2a2d6fca665e80a5e982eec9f39081a689
desed_alarm_bell_313321fb,data/raw/desed_soundbank/audio/train/soundbank/foreground/Alarm_bell_ringing/268823_0.wav,desed_soundbank,train/268823_0,freesound_268823,alarm_bell,isolated_event,train,0.0,0.306,0.306,44100,1,CC-BY,kwahmah_02 (freesound:268823),yes,2026-09-14,313321fb5d23ae9791abf26befc4c1ce490ec834626389e06ebec95683694219
desed_alarm_bell_3134eda0,data/raw/desed_soundbank/audio/train/soundbank/foreground/Alarm_bell_ringing/275629.wav,desed_soundbank,train/275629,freesound_275629,alarm_bell,isolated_event,train,0.0,2.444,2.444,44100,1,CC0,hanneswannerberger (freesound:275629),yes,2026-09-14,3134eda05c6783d9e234838f3232cc43df6d77e1362af16faf8df0b00606a0a3
desed_alarm_bell_319b8e25,data/raw/desed_soundbank/audio/train/soundbank/foreground/Alarm_bell_ringing/264106_7.wav,desed_soundbank,train/264106_7,freesound_264106,alarm_bell,isolated_event,train,0.0,0.489,0.489,44100,1,CC-BY,kwahmah_02 (freesound:264106),yes,2026-09-14,319b8e2509da8b8706627e5ae7ca671cbbc71deb189a34179879fe99e33fee75
desed_alarm_bell_3530a9cb,data/raw/desed_soundbank/audio/train/soundbank/foreground/Alarm_bell_ringing/13613_9.wav,desed_soundbank,train/13613_9,freesound_13613,alarm_bell,isolated_event,train,0.0,0.320,0.32,44100,1,CC0,hookhead (freesound:13613),yes,2026-09-14,3530a9cb9644b86e4805301d63aea83e2fa4c6165782ce3a92c51ad27ed6cce5
desed_alarm_bell_355fa571,data/raw/desed_soundbank/audio/train/soundbank/foreground/Alarm_bell_ringing/196838_6.wav,desed_soundbank,train/196838_6,freesound_196838,alarm_bell,isolated_event,train,0.0,0.320,0.32,44100,1,CC-BY,idepe (freesound:196838),yes,2026-09-14,355fa571bdcb574ac852abec862edab10b9a25ba9f07df78abe4b9230799b115
desed_alarm_bell_36e46582,data/raw/desed_soundbank/audio/train/soundbank/foreground/Alarm_bell_ringing/189332_1.wav,desed_soundbank,train/189332_1,freesound_189332,alarm_bell,isolated_event,train,0.0,0.562,0.562,44100,1,CC0,sangtao (freesound:189332),yes,2026-09-14,36e4658245f6bbf5d6815ca99ca5bcdb7d46be4d494008e62c8a21a133133bf9
desed_alarm_bell_3747d982,data/raw/desed_soundbank/audio/eval/soundbank/foreground/Alarm_bell_ringing/329896_20.wav,desed_soundbank,eval/329896_20,freesound_329896,alarm_bell,isolated_event,eval,0.0,0.610,0.61,44100,1,CC-BY,YleArkisto (freesound:329896),yes,2026-09-14,3747d982df3389d8859d304f13149237eb6d2fefb70d74f896d0871e9c54e6b3
desed_alarm_bell_3787c6c4,data/raw/desed_soundbank/audio/train/soundbank/foreground/Alarm_bell_ringing/34853_7.wav,desed_soundbank,train/34853_7,freesound_34853,alarm_bell,isolated_event,train,0.0,0.316,0.316,44100,1,CC-Sampling+,jackstrebor (freesound:34853),labels_only,2026-09-14,3787c6c4e66e8b0048367050c9e864d6ad313bc8a1c1ae827176a36d36669f41
desed_alarm_bell_37a1f4a3,data/raw/desed_soundbank/audio/train/soundbank/foreground/Alarm_bell_ringing/189332_2.wav,desed_soundbank,train/189332_2,freesound_189332,alarm_bell,isolated_event,train,0.0,0.572,0.572,44100,1,CC0,sangtao (freesound:189332),yes,2026-09-14,37a1f4a3b0c08f092a676deeab3c3aca30032d4952848bdb780e503d608838e2
desed_alarm_bell_38ceec78,data/raw/desed_soundbank/audio/train/soundbank/foreground/Alarm_bell_ringing/151242_3.wav,desed_soundbank,train/151242_3,freesound_151242,alarm_bell,isolated_event,train,0.0,0.235,0.235,44100,1,CC-BY-NC,Tempouser (freesound:151242),labels_only,2026-09-14,38ceec78c21aba551ad8875d0cb9932d70f778cf46db53a523370f661b365db7
desed_alarm_bell_39790714,data/raw/desed_soundbank/audio/train/soundbank/foreground/Alarm_bell_ringing/259537_2.wav,desed_soundbank,train/259537_2,freesound_259537,alarm_bell,isolated_event,train,0.0,0.514,0.514,44100,1,CC0,Tempouser (freesound:259537),yes,2026-09-14,3979071401d86781c1cf8586bb2a4663fc0983ad4f930d52f8903e35ee76afee
desed_alarm_bell_399b7f76,data/raw/desed_soundbank/audio/eval/soundbank/foreground/Alarm_bell_ringing/72558_8.wav,desed_soundbank,eval/72558_8,freesound_72558,alarm_bell,isolated_event,eval,0.0,0.320,0.32,44100,1,CC-BY-NC,Timbre (freesound:72558),labels_only,2026-09-14,399b7f76b064fc4cd14e99b69912af8018a56d25f19dec4d53ce4e11369c54d8
desed_alarm_bell_39aad88b,data/raw/desed_soundbank/audio/eval/soundbank/foreground/Alarm_bell_ringing/329896_3.wav,desed_soundbank,eval/329896_3,freesound_329896,alarm_bell,isolated_event,eval,0.0,0.555,0.555,44100,1,CC-BY,YleArkisto (freesound:329896),yes,2026-09-14,39aad88b21902e1096e031701b93d7cde696f748b1240d008f686d66e478f857
desed_alarm_bell_3ab4ee0b,data/raw/desed_soundbank/audio/train/soundbank/foreground/Alarm_bell_ringing/151242_2.wav,desed_soundbank,train/151242_2,freesound_151242,alarm_bell,isolated_event,train,0.0,0.235,0.235,44100,1,CC-BY-NC,Tempouser (freesound:151242),labels_only,2026-09-14,3ab4ee0b2f88eaa3aacd26a93dc3b8394478a4cbaae87ac79415618a6a0cbca0
desed_alarm_bell_3c39b5e5,data/raw/desed_soundbank/audio/train/soundbank/foreground/Alarm_bell_ringing/264106_4.wav,desed_soundbank,train/264106_4,freesound_264106,alarm_bell,isolated_event,train,0.0,0.094,0.094,44100,1,CC-BY,kwahmah_02 (freesound:264106),yes,2026-09-14,3c39b5e5c8e894305a3d2458fbb65ba4a446ec578d00dd9899bc954bb801abee
desed_alarm_bell_3c701262,data/raw/desed_soundbank/audio/train/soundbank/foreground/Alarm_bell_ringing/88021_2.wav,desed_soundbank,train/88021_2,freesound_88021,alarm_bell,isolated_event,train,0.0,2.577,2.577,44100,1,CC-BY-NC,Spleencast (freesound:88021),labels_only,2026-09-14,3c701262778acfc2ab025d38eecfc119b9d5ebf90ddb17bdae1fb044dfe1a921
desed_alarm_bell_3d9c81a5,data/raw/desed_soundbank/audio/eval/soundbank/foreground/Alarm_bell_ringing/329896_13.wav,desed_soundbank,eval/329896_13,freesound_329896,alarm_bell,isolated_event,eval,0.0,0.538,0.538,44100,1,CC-BY,YleArkisto (freesound:329896),yes,2026-09-14,3d9c81a55d1fa40b2f4c7413dd42838af2aefa9853f7004e6e0578ba4faa5ca8
desed_alarm_bell_3def01ac,data/raw/desed_soundbank/audio/train/soundbank/foreground/Alarm_bell_ringing/258175_2.wav,desed_soundbank,train/258175_2,freesound_258175,alarm_bell,isolated_event,train,0.0,3.648,3.648,44100,1,CC-BY,kwahmah_02 (freesound:258175),yes,2026-09-14,3def01ac97ac806f901853ae7bbce66ee710ec1c0072b96208c4bc29c628b13f
desed_alarm_bell_3f9d5aa3,data/raw/desed_soundbank/audio/train/soundbank/foreground/Alarm_bell_ringing/268823_6.wav,desed_soundbank,train/268823_6,freesound_268823,alarm_bell,isolated_event,train,0.0,0.311,0.311,44100,1,CC-BY,kwahmah_02 (freesound:268823),yes,2026-09-14,3f9d5aa384eee9e06829d83b0ea9d15029829a90eb9497abe9bc2813eb209b41
desed_alarm_bell_4028a3da,data/raw/desed_soundbank/audio/train/soundbank/foreground/Alarm_bell_ringing/209536.wav,desed_soundbank,train/209536,freesound_209536,alarm_bell,isolated_event,train,0.0,4.831,4.831,44100,1,CC0,jackjames_tomknevitt (freesound:209536),yes,2026-09-14,4028a3da17c16ebc0b35a3a077516be637e840424ae6170e14be9a8f5555dd4d
desed_alarm_bell_4048080c,data/raw/desed_soundbank/audio/train/soundbank/foreground/Alarm_bell_ringing/264106_3.wav,desed_soundbank,train/264106_3,freesound_264106,alarm_bell,isolated_event,train,0.0,0.104,0.104,44100,1,CC-BY,kwahmah_02 (freesound:264106),yes,2026-09-14,4048080c12fccf003901572044e0d71daea4b19f45d53e208d627acaace0f36a
desed_alarm_bell_412215d7,data/raw/desed_soundbank/audio/eval/soundbank/foreground/Alarm_bell_ringing/79440_0.wav,desed_soundbank,eval/79440_0,freesound_79440,alarm_bell,isolated_event,eval,0.0,3.735,3.735,44100,1,CC0,xyzr_kx (freesound:79440),yes,2026-09-14,412215d7867840d5374aa64c10fad13497db86d11907bc874397731ea42fe377
desed_alarm_bell_412d0e49,data/raw/desed_soundbank/audio/train/soundbank/foreground/Alarm_bell_ringing/54277_0.wav,desed_soundbank,train/54277_0,freesound_54277,alarm_bell,isolated_event,train,0.0,4.233,4.233,44100,1,CC0,guitarguy1985 (freesound:54277),yes,2026-09-14,412d0e498d14af2f71da6190b9a18a76b378dcdf1836ae8dedd7e2bde653a76b
desed_alarm_bell_42a59b74,data/raw/desed_soundbank/audio/train/soundbank/foreground/Alarm_bell_ringing/189332_6.wav,desed_soundbank,train/189332_6,freesound_189332,alarm_bell,isolated_event,train,0.0,0.570,0.57,44100,1,CC0,sangtao (freesound:189332),yes,2026-09-14,42a59b74a83d60bf2baeb0916fef422e41c222268d8baa002bb90d44c5b20a30
desed_alarm_bell_42ad3bf9,data/raw/desed_soundbank/audio/train/soundbank/foreground/Alarm_bell_ringing/151242_0.wav,desed_soundbank,train/151242_0,freesound_151242,alarm_bell,isolated_event,train,0.0,0.229,0.229,44100,1,CC-BY-NC,Tempouser (freesound:151242),labels_only,2026-09-14,42ad3bf9580b061d6e3befcb357ca5a8b2884f5b0c635ae73aeaac7b10bc79f6
desed_alarm_bell_42f68488,data/raw/desed_soundbank/audio/eval/soundbank/foreground/Alarm_bell_ringing/72558_2.wav,desed_soundbank,eval/72558_2,freesound_72558,alarm_bell,isolated_event,eval,0.0,0.313,0.313,44100,1,CC-BY-NC,Timbre (freesound:72558),labels_only,2026-09-14,42f684885b9260a79fc0d3bf056af8466eb7791d21c8fe05897ccb0cbfab7ae1
desed_alarm_bell_46415fd7,data/raw/desed_soundbank/audio/train/soundbank/foreground/Alarm_bell_ringing/264106_5.wav,desed_soundbank,train/264106_5,freesound_264106,alarm_bell,isolated_event,train,0.0,0.095,0.095,44100,1,CC-BY,kwahmah_02 (freesound:264106),yes,2026-09-14,46415fd7e4773bb0d52a7540a9911c1f1cf6a3b66c7f1908e6881046ad27d838
desed_alarm_bell_47161f23,data/raw/desed_soundbank/audio/eval/soundbank/foreground/Alarm_bell_ringing/329896_10.wav,desed_soundbank,eval/329896_10,freesound_329896,alarm_bell,isolated_event,eval,0.0,0.534,0.534,44100,1,CC-BY,YleArkisto (freesound:329896),yes,2026-09-14,47161f238ac7a5f0fb7934c2040bcf0e09040d55f7fdbb46461e66e3ac624003
desed_alarm_bell_475854b8,data/raw/desed_soundbank/audio/train/soundbank/foreground/Alarm_bell_ringing/264106_11.wav,desed_soundbank,train/264106_11,freesound_264106,alarm_bell,isolated_event,train,0.0,0.492,0.492,44100,1,CC-BY,kwahmah_02 (freesound:264106),yes,2026-09-14,475854b82ae868f5cb92e3d21f1b571182cbf5e82b8082d72b873eaa58337772
desed_alarm_bell_49d0ae15,data/raw/desed_soundbank/audio/train/soundbank/foreground/Alarm_bell_ringing/151242_1.wav,desed_soundbank,train/151242_1,freesound_151242,alarm_bell,isolated_event,train,0.0,0.237,0.237,44100,1,CC-BY-NC,Tempouser (freesound:151242),labels_only,2026-09-14,49d0ae15ca31f451a56d742605b9e7ef8bc98b65cdd94902e458fd48d91c1df1
desed_alarm_bell_4a8f8fe2,data/raw/desed_soundbank/audio/eval/soundbank/foreground/Alarm_bell_ringing/329896_7.wav,desed_soundbank,eval/329896_7,freesound_329896,alarm_bell,isolated_event,eval,0.0,0.590,0.59,44100,1,CC-BY,YleArkisto (freesound:329896),yes,2026-09-14,4a8f8fe2c80e9786f06f75b6d6a2928b8062047bd7c72ad302b270a8df8698a6
desed_alarm_bell_4acef7b3,data/raw/desed_soundbank/audio/train/soundbank/foreground/Alarm_bell_ringing/268823_2.wav,desed_soundbank,train/268823_2,freesound_268823,alarm_bell,isolated_event,train,0.0,0.311,0.311,44100,1,CC-BY,kwahmah_02 (freesound:268823),yes,2026-09-14,4acef7b309e3f15239d202c11ec1c867206439b0bfe5db1b27553b91ee1ae2a6
desed_alarm_bell_4c60bea6,data/raw/desed_soundbank/audio/train/soundbank/foreground/Alarm_bell_ringing/131641_0.wav,desed_soundbank,train/131641_0,freesound_131641,alarm_bell,isolated_event,train,0.0,5.375,5.375,44100,1,CC-BY-NC,lth_stp (freesound:131641),labels_only,2026-09-14,4c60bea636b649ef95d8529277caddf0e648cdc4df86d29895ee222d1ae649e9
desed_alarm_bell_4dcf1840,data/raw/desed_soundbank/audio/eval/soundbank/foreground/Alarm_bell_ringing/233645_17.wav,desed_soundbank,eval/233645_17,freesound_233645,alarm_bell,isolated_event,eval,0.0,1.012,1.012,44100,1,CC-BY-NC,zanox (freesound:233645),labels_only,2026-09-14,4dcf1840e6916bbbae1b04d930b6e4dbaae178253bf4a8bc5bd88b7e88eabeb7
desed_alarm_bell_4f72d71e,data/raw/desed_soundbank/audio/train/soundbank/foreground/Alarm_bell_ringing/268823_9.wav,desed_soundbank,train/268823_9,freesound_268823,alarm_bell,isolated_event,train,0.0,0.311,0.311,44100,1,CC-BY,kwahmah_02 (freesound:268823),yes,2026-09-14,4f72d71ef088bd1481ee59b4c63c9e0cd965d21596a43345273c5e1e4cd5e8ca
desed_alarm_bell_50944ebc,data/raw/desed_soundbank/audio/eval/soundbank/foreground/Alarm_bell_ringing/271399_4.wav,desed_soundbank,eval/271399_4,freesound_271399,alarm_bell,isolated_event,eval,0.0,1.895,1.895,44100,1,CC-BY,YleArkisto (freesound:271399),yes,2026-09-14,50944ebc360afb90845553e100f0c5c06d982f531b54087509f95ed7e0e8a6e6
desed_alarm_bell_53935871,data/raw/desed_soundbank/audio/train/soundbank/foreground/Alarm_bell_ringing/151242_9.wav,desed_soundbank,train/151242_9,freesound_151242,alarm_bell,isolated_event,train,0.0,0.485,0.485,44100,1,CC-BY-NC,Tempouser (freesound:151242),labels_only,2026-09-14,53935871bf35f27ed17000e9924b76dd3650e84aee04468185c3451370e70f16
desed_alarm_bell_5620a7d9,data/raw/desed_soundbank/audio/eval/soundbank/foreground/Alarm_bell_ringing/233645_1.wav,desed_soundbank,eval/233645_1,freesound_233645,alarm_bell,isolated_event,eval,0.0,1.001,1.001,44100,1,CC-BY-NC,zanox (freesound:233645),labels_only,2026-09-14,5620a7d91c961f1dfedb410973c8c498658ef7d5bb0ba64982b95e90e53a12ec
desed_alarm_bell_56a3938e,data/raw/desed_soundbank/audio/train/soundbank/foreground/Alarm_bell_ringing/255193_4.wav,desed_soundbank,train/255193_4,freesound_255193,alarm_bell,isolated_event,train,0.0,0.242,0.242,44100,1,CC-BY,michael_kur95 (freesound:255193),yes,2026-09-14,56a3938ee021d4a6a29bed92ef6925bbbfac7a074f453b493c3ae757cf3a2602
desed_alarm_bell_56bca464,data/raw/desed_soundbank/audio/train/soundbank/foreground/Alarm_bell_ringing/151242_11.wav,desed_soundbank,train/151242_11,freesound_151242,alarm_bell,isolated_event,train,0.0,0.482,0.482,44100,1,CC-BY-NC,Tempouser (freesound:151242),labels_only,2026-09-14,56bca4644404fa98154005b8a42227fa0da0d12c4d09f54f26b1e483b54e5561
desed_alarm_bell_5789beb0,data/raw/desed_soundbank/audio/train/soundbank/foreground/Alarm_bell_ringing/264106_9.wav,desed_soundbank,train/264106_9,freesound_264106,alarm_bell,isolated_event,train,0.0,0.486,0.486,44100,1,CC-BY,kwahmah_02 (freesound:264106),yes,2026-09-14,5789beb068b60a512ea8db1107e2eb4a3527a14a45c556662bc00246c45dec28
desed_alarm_bell_589d76f9,data/raw/desed_soundbank/audio/train/soundbank/foreground/Alarm_bell_ringing/424946_3.wav,desed_soundbank,train/424946_3,freesound_424946,alarm_bell,isolated_event,train,0.0,3.832,3.832,44100,1,CC0,blukotek (freesound:424946),yes,2026-09-14,589d76f95267f2918934077a8b9eafecfc2c48b4e806e285fc2f3b70e57200d6
desed_alarm_bell_58e96ac2,data/raw/desed_soundbank/audio/train/soundbank/foreground/Alarm_bell_ringing/41629.wav,desed_soundbank,train/41629,freesound_41629,alarm_bell,isolated_event,train,0.0,3.209,3.209,44100,1,CC-BY,digifishmusic (freesound:41629),yes,2026-09-14,58e96ac2fce0a26ca284bafb9cb219467fc97d8cbbb612efb97e7c83b01fc6c7
desed_alarm_bell_5b9ce681,data/raw/desed_soundbank/audio/train/soundbank/foreground/Alarm_bell_ringing/275565.wav,desed_soundbank,train/275565,freesound_275565,alarm_bell,isolated_event,train,0.0,2.246,2.246,44100,1,CC-BY,kwahmah_02 (freesound:275565),yes,2026-09-14,5b9ce6810fd71119a93cbf55f6a2caa239700c705882dfe76bd801ae1accd093
desed_alarm_bell_5b9e6bd8,data/raw/desed_soundbank/audio/train/soundbank/foreground/Alarm_bell_ringing/196838_3.wav,desed_soundbank,train/196838_3,freesound_196838,alarm_bell,isolated_event,train,0.0,0.315,0.315,44100,1,CC-BY,idepe (freesound:196838),yes,2026-09-14,5b9e6bd8d86b6560b4f76ed5db01a6edc4820cb32aba6b16b34bc6217c328539
desed_alarm_bell_5d6ca0a1,data/raw/desed_soundbank/audio/train/soundbank/foreground/Alarm_bell_ringing/162851_1.wav,desed_soundbank,train/162851_1,freesound_162851,alarm_bell,isolated_event,train,0.0,0.518,0.518,44100,1,CC-BY-NC,Tempouser (freesound:162851),labels_only,2026-09-14,5d6ca0a1be9752c759eab231ed7bc539d201bbd71cc7be1ac37310ee0d1f5611
desed_alarm_bell_5dbbdf69,data/raw/desed_soundbank/audio/train/soundbank/foreground/Alarm_bell_ringing/196838_7.wav,desed_soundbank,train/196838_7,freesound_196838,alarm_bell,isolated_event,train,0.0,0.312,0.312,44100,1,CC-BY,idepe (freesound:196838),yes,2026-09-14,5dbbdf6956c4551db2a40347f015fc949582aaaa1fbc1ed3a6d72715e99fe7ec
desed_alarm_bell_60367f06,data/raw/desed_soundbank/audio/train/soundbank/foreground/Alarm_bell_ringing/151242_6.wav,desed_soundbank,train/151242_6,freesound_151242,alarm_bell,isolated_event,train,0.0,0.359,0.359,44100,1,CC-BY-NC,Tempouser (freesound:151242),labels_only,2026-09-14,60367f0647cf1086db56cd1ffd1734cce461c3035084e0c27f70544b5d362605
desed_alarm_bell_6157608c,data/raw/desed_soundbank/audio/train/soundbank/foreground/Alarm_bell_ringing/264106_12.wav,desed_soundbank,train/264106_12,freesound_264106,alarm_bell,isolated_event,train,0.0,0.495,0.495,44100,1,CC-BY,kwahmah_02 (freesound:264106),yes,2026-09-14,6157608ce0cb274ed48b4eb4c6bda01c13eac436feb4fb7744db4043b37d4649
desed_alarm_bell_61becda7,data/raw/desed_soundbank/audio/train/soundbank/foreground/Alarm_bell_ringing/268823_4.wav,desed_soundbank,train/268823_4,freesound_268823,alarm_bell,isolated_event,train,0.0,0.311,0.311,44100,1,CC-BY,kwahmah_02 (freesound:268823),yes,2026-09-14,61becda7ef937bf2f40c911d18df5ecd9e916650ecffb689e7860122df257701
desed_alarm_bell_6261dc0a,data/raw/desed_soundbank/audio/eval/soundbank/foreground/Alarm_bell_ringing/329896_1.wav,desed_soundbank,eval/329896_1,freesound_329896,alarm_bell,isolated_event,eval,0.0,0.672,0.672,44100,1,CC-BY,YleArkisto (freesound:329896),yes,2026-09-14,6261dc0a1c20b2332ef48b4312ca39576d6e502090c615f2d7e456e081e033bf
desed_alarm_bell_62ed06e7,data/raw/desed_soundbank/audio/train/soundbank/foreground/Alarm_bell_ringing/255194_4.wav,desed_soundbank,train/255194_4,freesound_255194,alarm_bell,isolated_event,train,0.0,0.333,0.333,44100,1,CC-BY,michael_kur95 (freesound:255194),yes,2026-09-14,62ed06e7c41901c0eeba6accb9e6e1adc9590ba7a6685a12472bebfdcf6925c7
desed_alarm_bell_630dc66f,data/raw/desed_soundbank/audio/train/soundbank/foreground/Alarm_bell_ringing/418898_5.wav,desed_soundbank,train/418898_5,freesound_418898,alarm_bell,isolated_event,train,0.0,0.316,0.316,44100,1,CC0,Lynx_5969 (freesound:418898),yes,2026-09-14,630dc66f5879abea8d5f97b91412675197533510c2e0c696bede0cce14feded8
desed_alarm_bell_66037bb2,data/raw/desed_soundbank/audio/eval/soundbank/foreground/Alarm_bell_ringing/233645_3.wav,desed_soundbank,eval/233645_3,freesound_233645,alarm_bell,isolated_event,eval,0.0,1.016,1.016,44100,1,CC-BY-NC,zanox (freesound:233645),labels_only,2026-09-14,66037bb20978de7c93f7780553a29da3d17d3d2d828b260122ed125cc35520a2
desed_alarm_bell_66c738d5,data/raw/desed_soundbank/audio/train/soundbank/foreground/Alarm_bell_ringing/255193_3.wav,desed_soundbank,train/255193_3,freesound_255193,alarm_bell,isolated_event,train,0.0,0.242,0.242,44100,1,CC-BY,michael_kur95 (freesound:255193),yes,2026-09-14,66c738d531b80f5fe4f7fa65874ebf84c716a5abfd26ae7c926af4c7676c54b1
desed_alarm_bell_6b98ee0b,data/raw/desed_soundbank/audio/eval/soundbank/foreground/Alarm_bell_ringing/233645_0.wav,desed_soundbank,eval/233645_0,freesound_233645,alarm_bell,isolated_event,eval,0.0,1.016,1.016,44100,1,CC-BY-NC,zanox (freesound:233645),labels_only,2026-09-14,6b98ee0bd32e93ff8eaac5273993a94adc5745ec0dfbb71813519cca1c550dc8
desed_alarm_bell_6d17d863,data/raw/desed_soundbank/audio/train/soundbank/foreground/Alarm_bell_ringing/189332_0.wav,desed_soundbank,train/189332_0,freesound_189332,alarm_bell,isolated_event,train,0.0,0.476,0.476,44100,1,CC0,sangtao (freesound:189332),yes,2026-09-14,6d17d863c97bbb294070421802b92af6ab693f3ffae8dc99cba1a0e96e32dd03
desed_alarm_bell_6e8803ee,data/raw/desed_soundbank/audio/train/soundbank/foreground/Alarm_bell_ringing/264106_13.wav,desed_soundbank,train/264106_13,freesound_264106,alarm_bell,isolated_event,train,0.0,18.640,18.64,44100,1,CC-BY,kwahmah_02 (freesound:264106),yes,2026-09-14,6e8803eea93315a59cbba1c0e3e0edfd3b9ea8f02c261aee9425cde892d2bf18
desed_alarm_bell_7010b150,data/raw/desed_soundbank/audio/train/soundbank/foreground/Alarm_bell_ringing/34853_3.wav,desed_soundbank,train/34853_3,freesound_34853,alarm_bell,isolated_event,train,0.0,0.321,0.321,44100,1,CC-Sampling+,jackstrebor (freesound:34853),labels_only,2026-09-14,7010b150c56e8fc37c3302f42670cda46f8b9222f1ad1aaf497664392290a75f
desed_alarm_bell_701b77fd,data/raw/desed_soundbank/audio/eval/soundbank/foreground/Alarm_bell_ringing/72558_1.wav,desed_soundbank,eval/72558_1,freesound_72558,alarm_bell,isolated_event,eval,0.0,0.328,0.328,44100,1,CC-BY-NC,Timbre (freesound:72558),labels_only,2026-09-14,701b77fda10ba5937d128d80efcb7703173589b0cceca6c861f68e78cc12a79d
desed_alarm_bell_70f81d45,data/raw/desed_soundbank/audio/train/soundbank/foreground/Alarm_bell_ringing/268823_11.wav,desed_soundbank,train/268823_11,freesound_268823,alarm_bell,isolated_event,train,0.0,0.311,0.311,44100,1,CC-BY,kwahmah_02 (freesound:268823),yes,2026-09-14,70f81d45745c30ad51bd8358ab24fa1a2edc91671946c4d31cf500d9830aade4
desed_alarm_bell_727cfab7,data/raw/desed_soundbank/audio/train/soundbank/foreground/Alarm_bell_ringing/162851_0.wav,desed_soundbank,train/162851_0,freesound_162851,alarm_bell,isolated_event,train,0.0,0.519,0.519,44100,1,CC-BY-NC,Tempouser (freesound:162851),labels_only,2026-09-14,727cfab738a3b8e32e268af0cde633d38f62c20b97a7d9242fa657987b8278d2
desed_alarm_bell_744e48bf,data/raw/desed_soundbank/audio/eval/soundbank/foreground/Alarm_bell_ringing/233645_13.wav,desed_soundbank,eval/233645_13,freesound_233645,alarm_bell,isolated_event,eval,0.0,1.007,1.007,44100,1,CC-BY-NC,zanox (freesound:233645),labels_only,2026-09-14,744e48bf02c7051d583e92ad512ac16fbc7e7463cbab0749850d8f973d379da2
desed_alarm_bell_748515ad,data/raw/desed_soundbank/audio/train/soundbank/foreground/Alarm_bell_ringing/196838_2.wav,desed_soundbank,train/196838_2,freesound_196838,alarm_bell,isolated_event,train,0.0,0.319,0.319,44100,1,CC-BY,idepe (freesound:196838),yes,2026-09-14,748515ad33b6ab90094b5b744c5ac597f55431f7ffb0f4b011039b866c38f17c
desed_alarm_bell_74935f8d,data/raw/desed_soundbank/audio/train/soundbank/foreground/Alarm_bell_ringing/411517_0.wav,desed_soundbank,train/411517_0,freesound_411517,alarm_bell,isolated_event,train,0.0,1.449,1.449,44100,1,CC-BY,mcmacca (freesound:411517),yes,2026-09-14,74935f8d2ba67fd88144859aa2ec643362e42d0f761d60eda1711cfc03326266
desed_alarm_bell_7552527e,data/raw/desed_soundbank/audio/train/soundbank/foreground/Alarm_bell_ringing/151242_5.wav,desed_soundbank,train/151242_5,freesound_151242,alarm_bell,isolated_event,train,0.0,0.361,0.361,44100,1,CC-BY-NC,Tempouser (freesound:151242),labels_only,2026-09-14,7552527e79d979c2b28fde186d7c110f51b5ce7a2bce6b3916c4d3cb3c466edd
desed_alarm_bell_75735c8c,data/raw/desed_soundbank/audio/train/soundbank/foreground/Alarm_bell_ringing/255193_1.wav,desed_soundbank,train/255193_1,freesound_255193,alarm_bell,isolated_event,train,0.0,0.242,0.242,44100,1,CC-BY,michael_kur95 (freesound:255193),yes,2026-09-14,75735c8c43d75af76ecde2cfbdc7d90334e4a8ebb9b5a0deda7a69c875a74504
desed_alarm_bell_77ea9d95,data/raw/desed_soundbank/audio/train/soundbank/foreground/Alarm_bell_ringing/255194_1.wav,desed_soundbank,train/255194_1,freesound_255194,alarm_bell,isolated_event,train,0.0,0.333,0.333,44100,1,CC-BY,michael_kur95 (freesound:255194),yes,2026-09-14,77ea9d95968ae64b83e8d96a107c0b8bd1f8c03e42e4c8f63d6db724f26433d9
desed_alarm_bell_7866e774,data/raw/desed_soundbank/audio/eval/soundbank/foreground/Alarm_bell_ringing/79633.wav,desed_soundbank,eval/79633,freesound_79633,alarm_bell,isolated_event,eval,0.0,9.581,9.581,44100,1,CC-Sampling+,tymaue (freesound:79633),labels_only,2026-09-14,7866e7749310359e1fdf8729af11836ab2a527c55c0d2075ed2bdeb0c52270f9
desed_alarm_bell_7aaad03d,data/raw/desed_soundbank/audio/train/soundbank/foreground/Alarm_bell_ringing/151242_7.wav,desed_soundbank,train/151242_7,freesound_151242,alarm_bell,isolated_event,train,0.0,0.359,0.359,44100,1,CC-BY-NC,Tempouser (freesound:151242),labels_only,2026-09-14,7aaad03d6cd5f2cbb084ffe8b5f4c379acf37a08232835944daeccafb8665913
desed_alarm_bell_7b54a1ea,data/raw/desed_soundbank/audio/train/soundbank/foreground/Alarm_bell_ringing/268823_7.wav,desed_soundbank,train/268823_7,freesound_268823,alarm_bell,isolated_event,train,0.0,0.311,0.311,44100,1,CC-BY,kwahmah_02 (freesound:268823),yes,2026-09-14,7b54a1eac656e2fd8503efb2127049f9d20acee2dd6e5c162825bd4189010970
desed_alarm_bell_7ba72377,data/raw/desed_soundbank/audio/train/soundbank/foreground/Alarm_bell_ringing/54277_3.wav,desed_soundbank,train/54277_3,freesound_54277,alarm_bell,isolated_event,train,0.0,3.884,3.884,44100,1,CC0,guitarguy1985 (freesound:54277),yes,2026-09-14,7ba72377105429983b4e7e0dbb0a2f8a9c53daee83cc8f683125cb8b4c815240
desed_alarm_bell_7bbe1dda,data/raw/desed_soundbank/audio/train/soundbank/foreground/Alarm_bell_ringing/255193_0.wav,desed_soundbank,train/255193_0,freesound_255193,alarm_bell,isolated_event,train,0.0,0.236,0.236,44100,1,CC-BY,michael_kur95 (freesound:255193),yes,2026-09-14,7bbe1dda412650672ba777b917fb910491f76ef174f4128e1195e71b9d01414f
desed_alarm_bell_7ca271e9,data/raw/desed_soundbank/audio/train/soundbank/foreground/Alarm_bell_ringing/330400_0.wav,desed_soundbank,train/330400_0,freesound_330400,alarm_bell,isolated_event,train,0.0,2.392,2.392,44100,1,CC0,dav0r (freesound:330400),yes,2026-09-14,7ca271e91d25d1a2400897a81332a03b4efb456e43bff82ca3cb51571697643a
desed_alarm_bell_7e5012d0,data/raw/desed_soundbank/audio/eval/soundbank/foreground/Alarm_bell_ringing/233645_4.wav,desed_soundbank,eval/233645_4,freesound_233645,alarm_bell,isolated_event,eval,0.0,1.005,1.005,44100,1,CC-BY-NC,zanox (freesound:233645),labels_only,2026-09-14,7e5012d029a43dec3c8757a30af99fda689bd162191291fe8823e8d6b2903426
desed_alarm_bell_7ece994a,data/raw/desed_soundbank/audio/train/soundbank/foreground/Alarm_bell_ringing/382236_8.wav,desed_soundbank,train/382236_8,freesound_382236,alarm_bell,isolated_event,train,0.0,0.317,0.317,44100,1,CC-BY,sforsman (freesound:382236),yes,2026-09-14,7ece994a89facceb66646d2e69b6323f9600876ed6d3195d34b0cc54fff9eb53
desed_alarm_bell_7f3fcf5e,data/raw/desed_soundbank/audio/train/soundbank/foreground/Alarm_bell_ringing/275072.wav,desed_soundbank,train/275072,freesound_275072,alarm_bell,isolated_event,train,0.0,2.238,2.238,44100,1,CC-BY,kwahmah_02 (freesound:275072),yes,2026-09-14,7f3fcf5e9649c53692e662ec7cf8772479b62ffc311640bc8edb0f9365ec9dc8
desed_alarm_bell_8071cb1b,data/raw/desed_soundbank/audio/train/soundbank/foreground/Alarm_bell_ringing/382236_7.wav,desed_soundbank,train/382236_7,freesound_382236,alarm_bell,isolated_event,train,0.0,0.316,0.316,44100,1,CC-BY,sforsman (freesound:382236),yes,2026-09-14,8071cb1b95f4bff346c0bb2e97d4fbcd9b0d3f040e2c56a711afe93b01c8a2f1
desed_alarm_bell_80b5adeb,data/raw/desed_soundbank/audio/train/soundbank/foreground/Alarm_bell_ringing/245445_1.wav,desed_soundbank,train/245445_1,freesound_245445,alarm_bell,isolated_event,train,0.0,2.541,2.541,44100,1,CC0,blukotek (freesound:245445),yes,2026-09-14,80b5adebfa78c5bd0a6b232d582966dad3c443ab00f4355ed97ca12d5c389faa
desed_alarm_bell_812da415,data/raw/desed_soundbank/audio/eval/soundbank/foreground/Alarm_bell_ringing/233645_8.wav,desed_soundbank,eval/233645_8,freesound_233645,alarm_bell,isolated_event,eval,0.0,0.992,0.992,44100,1,CC-BY-NC,zanox (freesound:233645),labels_only,2026-09-14,812da415b7667e4cc774d3caabde7882290b0f14053db71c1d418aff47c2d04c
desed_alarm_bell_84a326ed,data/raw/desed_soundbank/audio/train/soundbank/foreground/Alarm_bell_ringing/110165.wav,desed_soundbank,train/110165,freesound_110165,alarm_bell,isolated_event,train,0.0,4.946,4.946,44100,1,CC0,2887679652 (freesound:110165),yes,2026-09-14,84a326ed5673c53a9096ad0ebec11b791778fa9168372e432e0a511282915e22
desed_alarm_bell_8b2a67c7,data/raw/desed_soundbank/audio/train/soundbank/foreground/Alarm_bell_ringing/81061.wav,desed_soundbank,train/81061,freesound_81061,alarm_bell,isolated_event,train,0.0,2.125,2.125,44100,1,CC-BY-NC,burkay (freesound:81061),labels_only,2026-09-14,8b2a67c7a6913136ad5306257704205610aa7493f7c9c37eaf788371ee1eb0a3
desed_alarm_bell_8c2f0ef9,data/raw/desed_soundbank/audio/train/soundbank/foreground/Alarm_bell_ringing/275069.wav,desed_soundbank,train/275069,freesound_275069,alarm_bell,isolated_event,train,0.0,2.262,2.262,44100,1,CC-BY,kwahmah_02 (freesound:275069),yes,2026-09-14,8c2f0ef96c253e8b5cc8be622b2549ed1d4d2153aa46588d83ecfe7308bfc664
desed_alarm_bell_8f32d817,data/raw/desed_soundbank/audio/eval/soundbank/foreground/Alarm_bell_ringing/271399_3.wav,desed_soundbank,eval/271399_3,freesound_271399,alarm_bell,isolated_event,eval,0.0,2.475,2.475,44100,1,CC-BY,YleArkisto (freesound:271399),yes,2026-09-14,8f32d8171d2f8e2e2156018131fd13e229240bfff08d222c73213ede99994f25
desed_alarm_bell_90839037,data/raw/desed_soundbank/audio/train/soundbank/foreground/Alarm_bell_ringing/258175_1.wav,desed_soundbank,train/258175_1,freesound_258175,alarm_bell,isolated_event,train,0.0,3.648,3.648,44100,1,CC-BY,kwahmah_02 (freesound:258175),yes,2026-09-14,908390376da35d2f22fc5f2bfebd7f5e97169937d7d0b557db8614d8b706b2f9
desed_alarm_bell_91467225,data/raw/desed_soundbank/audio/train/soundbank/foreground/Alarm_bell_ringing/162851_3.wav,desed_soundbank,train/162851_3,freesound_162851,alarm_bell,isolated_event,train,0.0,0.516,0.516,44100,1,CC-BY-NC,Tempouser (freesound:162851),labels_only,2026-09-14,914672253542c7e0a7950cdc2bce0e21414d98a89a95cdd382f87331efe0b8c2
desed_alarm_bell_91cde4de,data/raw/desed_soundbank/audio/train/soundbank/foreground/Alarm_bell_ringing/196838_1.wav,desed_soundbank,train/196838_1,freesound_196838,alarm_bell,isolated_event,train,0.0,0.313,0.313,44100,1,CC-BY,idepe (freesound:196838),yes,2026-09-14,91cde4de8dd333e4ada9fdedb9a1f37028b5d0865c6ba1440f0ca41ecd908854
desed_alarm_bell_934d5d28,data/raw/desed_soundbank/audio/train/soundbank/foreground/Alarm_bell_ringing/418898_2.wav,desed_soundbank,train/418898_2,freesound_418898,alarm_bell,isolated_event,train,0.0,0.315,0.315,44100,1,CC0,Lynx_5969 (freesound:418898),yes,2026-09-14,934d5d2825e7679fd601340a72fd2d0cafe6e4479b7d821652541d82739b7e3b
desed_alarm_bell_935cddf3,data/raw/desed_soundbank/audio/train/soundbank/foreground/Alarm_bell_ringing/330400_2.wav,desed_soundbank,train/330400_2,freesound_330400,alarm_bell,isolated_event,train,0.0,9.045,9.045,44100,1,CC0,dav0r (freesound:330400),yes,2026-09-14,935cddf39592f3048e39490b49378daac296c1ec8969f8e8434a2cdbd9b20dbd
desed_alarm_bell_9548a650,data/raw/desed_soundbank/audio/train/soundbank/foreground/Alarm_bell_ringing/196838_4.wav,desed_soundbank,train/196838_4,freesound_196838,alarm_bell,isolated_event,train,0.0,0.322,0.322,44100,1,CC-BY,idepe (freesound:196838),yes,2026-09-14,9548a650a38daeacde61eb8b76e3739245fa2b7a318f12dda053ff8b2d064180
desed_alarm_bell_9798d0e0,data/raw/desed_soundbank/audio/train/soundbank/foreground/Alarm_bell_ringing/275071.wav,desed_soundbank,train/275071,freesound_275071,alarm_bell,isolated_event,train,0.0,2.238,2.238,44100,1,CC-BY,kwahmah_02 (freesound:275071),yes,2026-09-14,9798d0e0f73fd5353566cc6efcb4b3bb6ed435814f72feb983a8aef2445e557d
desed_alarm_bell_984c7d8f,data/raw/desed_soundbank/audio/eval/soundbank/foreground/Alarm_bell_ringing/329896_15.wav,desed_soundbank,eval/329896_15,freesound_329896,alarm_bell,isolated_event,eval,0.0,0.572,0.572,44100,1,CC-BY,YleArkisto (freesound:329896),yes,2026-09-14,984c7d8f41678629303bf1cd14f628e0235e3faf16a8f5030c3a9b44fd73fffa
desed_alarm_bell_99539dab,data/raw/desed_soundbank/audio/train/soundbank/foreground/Alarm_bell_ringing/255194_0.wav,desed_soundbank,train/255194_0,freesound_255194,alarm_bell,isolated_event,train,0.0,0.274,0.274,44100,1,CC-BY,michael_kur95 (freesound:255194),yes,2026-09-14,99539daba031be93e57f33e12afae06ce5221649b453e1828285c33c9bdd1651
desed_alarm_bell_9c98ff1f,data/raw/desed_soundbank/audio/train/soundbank/foreground/Alarm_bell_ringing/69185.wav,desed_soundbank,train/69185,freesound_69185,alarm_bell,isolated_event,train,0.0,2.434,2.434,44100,1,CC-Sampling+,happyband (freesound:69185),labels_only,2026-09-14,9c98ff1f6cb3475708cd4f38eba79eb51cc064ab8459cd46fdf85c22e4403077
desed_alarm_bell_9ca1a188,data/raw/desed_soundbank/audio/eval/soundbank/foreground/Alarm_bell_ringing/72558_0.wav,desed_soundbank,eval/72558_0,freesound_72558,alarm_bell,isolated_event,eval,0.0,0.315,0.315,44100,1,CC-BY-NC,Timbre (freesound:72558),labels_only,2026-09-14,9ca1a188e7b2668e1c26dd84e327348fbfad566fc97936115bc74842bddd5896
desed_alarm_bell_9ce1c5d8,data/raw/desed_soundbank/audio/train/soundbank/foreground/Alarm_bell_ringing/424946_2.wav,desed_soundbank,train/424946_2,freesound_424946,alarm_bell,isolated_event,train,0.0,3.860,3.86,44100,1,CC0,blukotek (freesound:424946),yes,2026-09-14,9ce1c5d86c0ff29b3018aff78b20253521738b0cd79c36232da3a77ea93d9f45
desed_alarm_bell_9dc444f3,data/raw/desed_soundbank/audio/train/soundbank/foreground/Alarm_bell_ringing/259537_0.wav,desed_soundbank,train/259537_0,freesound_259537,alarm_bell,isolated_event,train,0.0,0.520,0.52,44100,1,CC0,Tempouser (freesound:259537),yes,2026-09-14,9dc444f3cb927f0a0414157b7388327be85b0d5f4c452a30472e09b8f5e3818b
desed_alarm_bell_9deb99fd,data/raw/desed_soundbank/audio/eval/soundbank/foreground/Alarm_bell_ringing/79440_2.wav,desed_soundbank,eval/79440_2,freesound_79440,alarm_bell,isolated_event,eval,0.0,4.037,4.037,44100,1,CC0,xyzr_kx (freesound:79440),yes,2026-09-14,9deb99fdd7d23a578a301a76c714e506edf971726670502b39ac315e29aade0a
desed_alarm_bell_9e2f9d5e,data/raw/desed_soundbank/audio/eval/soundbank/foreground/Alarm_bell_ringing/329896_17.wav,desed_soundbank,eval/329896_17,freesound_329896,alarm_bell,isolated_event,eval,0.0,0.605,0.605,44100,1,CC-BY,YleArkisto (freesound:329896),yes,2026-09-14,9e2f9d5ed3f1ea4fcf1255b1fe59cf98f1cb398c0a1b35f3d44a2ec4151ff67e
desed_alarm_bell_9fabdd47,data/raw/desed_soundbank/audio/train/soundbank/foreground/Alarm_bell_ringing/382236_2.wav,desed_soundbank,train/382236_2,freesound_382236,alarm_bell,isolated_event,train,0.0,0.317,0.317,44100,1,CC-BY,sforsman (freesound:382236),yes,2026-09-14,9fabdd4764d4af157b675cfd9cde515e2f9a4fc92e1d66279f8d1b28d181065e
desed_alarm_bell_9fbc219f,data/raw/desed_soundbank/audio/train/soundbank/foreground/Alarm_bell_ringing/54277_2.wav,desed_soundbank,train/54277_2,freesound_54277,alarm_bell,isolated_event,train,0.0,4.233,4.233,44100,1,CC0,guitarguy1985 (freesound:54277),yes,2026-09-14,9fbc219f770760e6a343a8f54996d766f9cd08464ed6d322f2cef1aa1c63ea87
desed_alarm_bell_a00f28b7,data/raw/desed_soundbank/audio/train/soundbank/foreground/Alarm_bell_ringing/382236_5.wav,desed_soundbank,train/382236_5,freesound_382236,alarm_bell,isolated_event,train,0.0,0.318,0.318,44100,1,CC-BY,sforsman (freesound:382236),yes,2026-09-14,a00f28b7e11f5af46142ccb75902d16dbfa0de3ba9a07f05cdf3ec05d824e80c
desed_alarm_bell_a2084b19,data/raw/desed_soundbank/audio/train/soundbank/foreground/Alarm_bell_ringing/189332_5.wav,desed_soundbank,train/189332_5,freesound_189332,alarm_bell,isolated_event,train,0.0,0.568,0.568,44100,1,CC0,sangtao (freesound:189332),yes,2026-09-14,a2084b1995d715fcd23dd55ab0752d738300a8818e7ad6ff81b3c992333260e0
desed_alarm_bell_a4c3f2bd,data/raw/desed_soundbank/audio/train/soundbank/foreground/Alarm_bell_ringing/20101_1.wav,desed_soundbank,train/20101_1,freesound_20101,alarm_bell,isolated_event,train,0.0,2.190,2.19,44100,1,CC-BY,FreqMan (freesound:20101),yes,2026-09-14,a4c3f2bd70c8ab73c2663bdcd5a451b1fe92d8fe759d44102e7e3e6b34641117
desed_alarm_bell_a8946f3c,data/raw/desed_soundbank/audio/train/soundbank/foreground/Alarm_bell_ringing/418898_1.wav,desed_soundbank,train/418898_1,freesound_418898,alarm_bell,isolated_event,train,0.0,0.315,0.315,44100,1,CC0,Lynx_5969 (freesound:418898),yes,2026-09-14,a8946f3c3bbb08109dcc4c61ba5bbb17992ac79f53e61eca39d5642852998ee3
desed_alarm_bell_aa831035,data/raw/desed_soundbank/audio/train/soundbank/foreground/Alarm_bell_ringing/418898_0.wav,desed_soundbank,train/418898_0,freesound_418898,alarm_bell,isolated_event,train,0.0,0.310,0.31,44100,1,CC0,Lynx_5969 (freesound:418898),yes,2026-09-14,aa831035af3b0cd4eb4a729149c4363844a7bc78a4ff506807e998dc9a4b0676
desed_alarm_bell_ac76986a,data/raw/desed_soundbank/audio/train/soundbank/foreground/Alarm_bell_ringing/80341.wav,desed_soundbank,train/80341,freesound_80341,alarm_bell,isolated_event,train,0.0,6.004,6.004,44100,1,CC0,hyderpotter (freesound:80341),yes,2026-09-14,ac76986a202e2a7df17507b8b11488a542bf5ed292ca461e88b9988ab19e9c0f
desed_alarm_bell_ad217d82,data/raw/desed_soundbank/audio/eval/soundbank/foreground/Alarm_bell_ringing/72558_9.wav,desed_soundbank,eval/72558_9,freesound_72558,alarm_bell,isolated_event,eval,0.0,0.320,0.32,44100,1,CC-BY-NC,Timbre (freesound:72558),labels_only,2026-09-14,ad217d822378cf3a06be3fa1df382fa893da70e67097d9dc060052d98b971fcd
desed_alarm_bell_ae315091,data/raw/desed_soundbank/audio/eval/soundbank/foreground/Alarm_bell_ringing/329896_9.wav,desed_soundbank,eval/329896_9,freesound_329896,alarm_bell,isolated_event,eval,0.0,0.624,0.624,44100,1,CC-BY,YleArkisto (freesound:329896),yes,2026-09-14,ae315091630dbdf767640287e2793e64943f523f6ee38c181b853d6e7d73ce86
desed_alarm_bell_af29effd,data/raw/desed_soundbank/audio/eval/soundbank/foreground/Alarm_bell_ringing/233645_11.wav,desed_soundbank,eval/233645_11,freesound_233645,alarm_bell,isolated_event,eval,0.0,1.035,1.035,44100,1,CC-BY-NC,zanox (freesound:233645),labels_only,2026-09-14,af29effdbb6d2d143c078864cbc18ad7b4d647069cdca5f6cd85a0d855f8a814
desed_alarm_bell_af5c4ba2,data/raw/desed_soundbank/audio/train/soundbank/foreground/Alarm_bell_ringing/275070.wav,desed_soundbank,train/275070,freesound_275070,alarm_bell,isolated_event,train,0.0,7.826,7.826,44100,1,CC-BY,kwahmah_02 (freesound:275070),yes,2026-09-14,af5c4ba2e320d40ed6270b4ebfd61b544e0ba22dc61dbcbbb6333c0223ea274c
desed_alarm_bell_b0f61b42,data/raw/desed_soundbank/audio/train/soundbank/foreground/Alarm_bell_ringing/274289.wav,desed_soundbank,train/274289,freesound_274289,alarm_bell,isolated_event,train,0.0,4.695,4.695,44100,1,CC0,AberNStein (freesound:274289),yes,2026-09-14,b0f61b4256e551be7a14e2d403580aaf31ec18eeb2334ba440ae8044a8bea343
desed_alarm_bell_b35268d5,data/raw/desed_soundbank/audio/eval/soundbank/foreground/Alarm_bell_ringing/22627_3.wav,desed_soundbank,eval/22627_3,freesound_22627,alarm_bell,isolated_event,eval,0.0,0.095,0.095,44100,1,CC-BY,tim.kahn (freesound:22627),yes,2026-09-14,b35268d5405d8a0ed92c0fb79a8189e3ce92397336b38a62f8b87a44f9be26d4
desed_alarm_bell_b5321f49,data/raw/desed_soundbank/audio/train/soundbank/foreground/Alarm_bell_ringing/162851_2.wav,desed_soundbank,train/162851_2,freesound_162851,alarm_bell,isolated_event,train,0.0,0.491,0.491,44100,1,CC-BY-NC,Tempouser (freesound:162851),labels_only,2026-09-14,b5321f49748234e28053aa4a7031663e470084778bff5dba8db4bb9bb4c8da09
desed_alarm_bell_b6ab58a8,data/raw/desed_soundbank/audio/eval/soundbank/foreground/Alarm_bell_ringing/233645_12.wav,desed_soundbank,eval/233645_12,freesound_233645,alarm_bell,isolated_event,eval,0.0,1.037,1.037,44100,1,CC-BY-NC,zanox (freesound:233645),labels_only,2026-09-14,b6ab58a8622a9672794013e54f0cb4cf227891cc7afd5d6db23125dc15211828
desed_alarm_bell_b6dc51d5,data/raw/desed_soundbank/audio/train/soundbank/foreground/Alarm_bell_ringing/258175_4.wav,desed_soundbank,train/258175_4,freesound_258175,alarm_bell,isolated_event,train,0.0,3.648,3.648,44100,1,CC-BY,kwahmah_02 (freesound:258175),yes,2026-09-14,b6dc51d59ec57f663f6edac2afa8395ddb7202b24bc0e3e9668101e0de3982a0
desed_alarm_bell_b781464b,data/raw/desed_soundbank/audio/train/soundbank/foreground/Alarm_bell_ringing/164036_0.wav,desed_soundbank,train/164036_0,freesound_164036,alarm_bell,isolated_event,train,0.0,4.982,4.982,44100,1,CC-BY-NC,DrNI (freesound:164036),labels_only,2026-09-14,b781464b181bef58b0da869b09bc19288e080151bfb3cd8deb9cae1091f95278
desed_alarm_bell_b8348a60,data/raw/desed_soundbank/audio/eval/soundbank/foreground/Alarm_bell_ringing/329896_5.wav,desed_soundbank,eval/329896_5,freesound_329896,alarm_bell,isolated_event,eval,0.0,0.548,0.548,44100,1,CC-BY,YleArkisto (freesound:329896),yes,2026-09-14,b8348a60fefbfa71e7f49f89c6fb60ef97f1a1ed6cf6d9c116e965d559c0ee9f
desed_alarm_bell_b865d300,data/raw/desed_soundbank/audio/train/soundbank/foreground/Alarm_bell_ringing/34853_0.wav,desed_soundbank,train/34853_0,freesound_34853,alarm_bell,isolated_event,train,0.0,0.320,0.32,44100,1,CC-Sampling+,jackstrebor (freesound:34853),labels_only,2026-09-14,b865d3008caa03967b8f904ebd3bc3477c903f9d833213bb5972c319fc4e19f4
desed_alarm_bell_b8915b16,data/raw/desed_soundbank/audio/train/soundbank/foreground/Alarm_bell_ringing/268823_1.wav,desed_soundbank,train/268823_1,freesound_268823,alarm_bell,isolated_event,train,0.0,0.311,0.311,44100,1,CC-BY,kwahmah_02 (freesound:268823),yes,2026-09-14,b8915b16081b80b9932c8477cdaebbec3efeb939b9e43da29a0fb7df658d424e
desed_alarm_bell_b8c5accb,data/raw/desed_soundbank/audio/train/soundbank/foreground/Alarm_bell_ringing/345805.wav,desed_soundbank,train/345805,freesound_345805,alarm_bell,isolated_event,train,0.0,3.477,3.477,44100,1,CC0,knufds (freesound:345805),yes,2026-09-14,b8c5accb03c671b8b591a6e999a0f0448018ff0352c806ca581289141f91a005
desed_alarm_bell_b92ce32e,data/raw/desed_soundbank/audio/eval/soundbank/foreground/Alarm_bell_ringing/72558_6.wav,desed_soundbank,eval/72558_6,freesound_72558,alarm_bell,isolated_event,eval,0.0,0.320,0.32,44100,1,CC-BY-NC,Timbre (freesound:72558),labels_only,2026-09-14,b92ce32e05aec7d9af77a29848cee7b6cfcc72b4ba56bb08e6889cba39c6968a
desed_alarm_bell_b9bc75ff,data/raw/desed_soundbank/audio/train/soundbank/foreground/Alarm_bell_ringing/192761.wav,desed_soundbank,train/192761,freesound_192761,alarm_bell,isolated_event,train,0.0,0.535,0.535,44100,1,CC0,ryuuzan (freesound:192761),yes,2026-09-14,b9bc75ff5b5dc125d42a037807dd2d7650114fb9d492d342e5a348f55e671684
desed_alarm_bell_b9d2412a,data/raw/desed_soundbank/audio/train/soundbank/foreground/Alarm_bell_ringing/255194_3.wav,desed_soundbank,train/255194_3,freesound_255194,alarm_bell,isolated_event,train,0.0,0.333,0.333,44100,1,CC-BY,michael_kur95 (freesound:255194),yes,2026-09-14,b9d2412aff4d7a87a7a57aca88d833b562ceff0292d425bbaa7200efd359bd10
desed_alarm_bell_bab1f161,data/raw/desed_soundbank/audio/train/soundbank/foreground/Alarm_bell_ringing/34853_5.wav,desed_soundbank,train/34853_5,freesound_34853,alarm_bell,isolated_event,train,0.0,0.313,0.313,44100,1,CC-Sampling+,jackstrebor (freesound:34853),labels_only,2026-09-14,bab1f1617897d62bc0fc7285b6606a2b4705ede4ee2662c682fa7425a4e3a74f
desed_alarm_bell_bad6edb3,data/raw/desed_soundbank/audio/train/soundbank/foreground/Alarm_bell_ringing/330400_1.wav,desed_soundbank,train/330400_1,freesound_330400,alarm_bell,isolated_event,train,0.0,6.356,6.356,44100,1,CC0,dav0r (freesound:330400),yes,2026-09-14,bad6edb38e5cf327e7a4e057466e276bba4a69a2464eb4748c59e17d7b1c1c79
desed_alarm_bell_bb1ce08d,data/raw/desed_soundbank/audio/train/soundbank/foreground/Alarm_bell_ringing/258175_0.wav,desed_soundbank,train/258175_0,freesound_258175,alarm_bell,isolated_event,train,0.0,3.648,3.648,44100,1,CC-BY,kwahmah_02 (freesound:258175),yes,2026-09-14,bb1ce08d96cf698f0ad94b3ae4e4e441ec52fbf8ec2940bec9dc7622498d3ab3
desed_alarm_bell_bb2f50f9,data/raw/desed_soundbank/audio/train/soundbank/foreground/Alarm_bell_ringing/34853_4.wav,desed_soundbank,train/34853_4,freesound_34853,alarm_bell,isolated_event,train,0.0,0.328,0.328,44100,1,CC-Sampling+,jackstrebor (freesound:34853),labels_only,2026-09-14,bb2f50f9bced232e2aa958d886567b436d592addfc3268b3b1b53c9c3cbe4fb3
desed_alarm_bell_bc1f0722,data/raw/desed_soundbank/audio/train/soundbank/foreground/Alarm_bell_ringing/264106_1.wav,desed_soundbank,train/264106_1,freesound_264106,alarm_bell,isolated_event,train,0.0,0.098,0.098,44100,1,CC-BY,kwahmah_02 (freesound:264106),yes,2026-09-14,bc1f0722e9a5212624ff9026958a30f1d0cb57453ea3a0e491cecad2d8c22df3
desed_alarm_bell_bd44db60,data/raw/desed_soundbank/audio/train/soundbank/foreground/Alarm_bell_ringing/264106_0.wav,desed_soundbank,train/264106_0,freesound_264106,alarm_bell,isolated_event,train,0.0,0.126,0.126,44100,1,CC-BY,kwahmah_02 (freesound:264106),yes,2026-09-14,bd44db609937e09a835cf4d289ad818dd841be00aaf9ef6b13f4956b46ea7433
desed_alarm_bell_be8ba650,data/raw/desed_soundbank/audio/eval/soundbank/foreground/Alarm_bell_ringing/329896_11.wav,desed_soundbank,eval/329896_11,freesound_329896,alarm_bell,isolated_event,eval,0.0,0.553,0.553,44100,1,CC-BY,YleArkisto (freesound:329896),yes,2026-09-14,be8ba650956f2b8399841f84957817e4a260ed5eade7720df9e8e6f1716bb926
desed_alarm_bell_bee584ac,data/raw/desed_soundbank/audio/train/soundbank/foreground/Alarm_bell_ringing/189332_4.wav,desed_soundbank,train/189332_4,freesound_189332,alarm_bell,isolated_event,train,0.0,0.571,0.571,44100,1,CC0,sangtao (freesound:189332),yes,2026-09-14,bee584ac1f877cb14172e1fec437ea922eb9767db31fbe6161170edb90c14eca
desed_alarm_bell_bf572b6d,data/raw/desed_soundbank/audio/train/soundbank/foreground/Alarm_bell_ringing/212128.wav,desed_soundbank,train/212128,freesound_212128,alarm_bell,isolated_event,train,0.0,0.866,0.866,44100,1,CC-BY,Taira Komori (freesound:212128),yes,2026-09-14,bf572b6dc27593fe8fdb164de0664b6ce5694105399e688e118b8b596a10518e
desed_alarm_bell_bfa154e7,data/raw/desed_soundbank/audio/train/soundbank/foreground/Alarm_bell_ringing/34853_1.wav,desed_soundbank,train/34853_1,freesound_34853,alarm_bell,isolated_event,train,0.0,0.320,0.32,44100,1,CC-Sampling+,jackstrebor (freesound:34853),labels_only,2026-09-14,bfa154e795fe48850b69122a2d6aac97e3a5176186cd79c2ea0b26794f4e9be8
desed_alarm_bell_bfe33787,data/raw/desed_soundbank/audio/train/soundbank/foreground/Alarm_bell_ringing/88021_1.wav,desed_soundbank,train/88021_1,freesound_88021,alarm_bell,isolated_event,train,0.0,2.327,2.327,44100,1,CC-BY-NC,Spleencast (freesound:88021),labels_only,2026-09-14,bfe33787db711b93278f43e8b1b1c0835363d202d9d5eb2595051db980941aaf
desed_alarm_bell_c02541d9,data/raw/desed_soundbank/audio/train/soundbank/foreground/Alarm_bell_ringing/264106_10.wav,desed_soundbank,train/264106_10,freesound_264106,alarm_bell,isolated_event,train,0.0,0.487,0.487,44100,1,CC-BY,kwahmah_02 (freesound:264106),yes,2026-09-14,c02541d99f1db015894258f02622a07ceeca831c7b891e13efe5731378a25f64
desed_alarm_bell_c1383453,data/raw/desed_soundbank/audio/train/soundbank/foreground/Alarm_bell_ringing/255194_2.wav,desed_soundbank,train/255194_2,freesound_255194,alarm_bell,isolated_event,train,0.0,0.316,0.316,44100,1,CC-BY,michael_kur95 (freesound:255194),yes,2026-09-14,c1383453629d44e85f0ae007fe2cbe79f7ca7b15dbda2b920eedf83100fd504f
desed_alarm_bell_c1e32f27,data/raw/desed_soundbank/audio/train/soundbank/foreground/Alarm_bell_ringing/164036_2.wav,desed_soundbank,train/164036_2,freesound_164036,alarm_bell,isolated_event,train,0.0,3.156,3.156,44100,1,CC-BY-NC,DrNI (freesound:164036),labels_only,2026-09-14,c1e32f27dc578542e6256a7616cb759769db5aaf63358e6a12a9302447657184
desed_alarm_bell_c23378b2,data/raw/desed_soundbank/audio/train/soundbank/foreground/Alarm_bell_ringing/255194_9.wav,desed_soundbank,train/255194_9,freesound_255194,alarm_bell,isolated_event,train,0.0,0.333,0.333,44100,1,CC-BY,michael_kur95 (freesound:255194),yes,2026-09-14,c23378b223f7e459223e19d78ce66529ed5cf7e47c8868f9c8b246022483938f
desed_alarm_bell_c23d8cc1,data/raw/desed_soundbank/audio/train/soundbank/foreground/Alarm_bell_ringing/88021_0.wav,desed_soundbank,train/88021_0,freesound_88021,alarm_bell,isolated_event,train,0.0,2.315,2.315,44100,1,CC-BY-NC,Spleencast (freesound:88021),labels_only,2026-09-14,c23d8cc12a9b4d276ac7a5a17eed5f6e8656ce631b4fc2cabab92fc286ca7797
desed_alarm_bell_c2837498,data/raw/desed_soundbank/audio/train/soundbank/foreground/Alarm_bell_ringing/151242_10.wav,desed_soundbank,train/151242_10,freesound_151242,alarm_bell,isolated_event,train,0.0,0.484,0.484,44100,1,CC-BY-NC,Tempouser (freesound:151242),labels_only,2026-09-14,c2837498175f1d7ad6ed33fd9c813f844032f8b264f62582d021726625bf8250
desed_alarm_bell_c3056946,data/raw/desed_soundbank/audio/eval/soundbank/foreground/Alarm_bell_ringing/233645_16.wav,desed_soundbank,eval/233645_16,freesound_233645,alarm_bell,isolated_event,eval,0.0,0.097,0.097,44100,1,CC-BY-NC,zanox (freesound:233645),labels_only,2026-09-14,c3056946b36aaf1df202b80d2a9915ca6cc4a25d833eacf93b3511f2ddb46f3a
desed_alarm_bell_c375974a,data/raw/desed_soundbank/audio/eval/soundbank/foreground/Alarm_bell_ringing/271399_2.wav,desed_soundbank,eval/271399_2,freesound_271399,alarm_bell,isolated_event,eval,0.0,1.516,1.516,44100,1,CC-BY,YleArkisto (freesound:271399),yes,2026-09-14,c375974ad08c722552c9acd2f28c2cf73f2e51b68ba7f55afc9a077fc1e88102
desed_alarm_bell_c47ac082,data/raw/desed_soundbank/audio/train/soundbank/foreground/Alarm_bell_ringing/268823_15.wav,desed_soundbank,train/268823_15,freesound_268823,alarm_bell,isolated_event,train,0.0,0.311,0.311,44100,1,CC-BY,kwahmah_02 (freesound:268823),yes,2026-09-14,c47ac082314fa0424493cd298c8bdbdef8699f9fd4c724839bef1f1e48df93c9
desed_alarm_bell_c50cab9f,data/raw/desed_soundbank/audio/train/soundbank/foreground/Alarm_bell_ringing/151242_4.wav,desed_soundbank,train/151242_4,freesound_151242,alarm_bell,isolated_event,train,0.0,0.360,0.36,44100,1,CC-BY-NC,Tempouser (freesound:151242),labels_only,2026-09-14,c50cab9f5297135920d426feae5ad2bf591c50d0bbd6f72e7db12f0fcd1e4c92
desed_alarm_bell_c7140117,data/raw/desed_soundbank/audio/train/soundbank/foreground/Alarm_bell_ringing/196838_0.wav,desed_soundbank,train/196838_0,freesound_196838,alarm_bell,isolated_event,train,0.0,0.304,0.304,44100,1,CC-BY,idepe (freesound:196838),yes,2026-09-14,c7140117aa912aab2dba6bc6585332b65208f1cafe85cadf170c14255519902b
desed_alarm_bell_c7ed22de,data/raw/desed_soundbank/audio/eval/soundbank/foreground/Alarm_bell_ringing/233645_14.wav,desed_soundbank,eval/233645_14,freesound_233645,alarm_bell,isolated_event,eval,0.0,0.112,0.112,44100,1,CC-BY-NC,zanox (freesound:233645),labels_only,2026-09-14,c7ed22dee5284f76f7dac56840e142184dc429651fda749104a6b7923fd5b70b
desed_alarm_bell_c8b75c1d,data/raw/desed_soundbank/audio/train/soundbank/foreground/Alarm_bell_ringing/38229_0.wav,desed_soundbank,train/38229_0,freesound_38229,alarm_bell,isolated_event,train,0.0,2.438,2.438,44100,1,CC0,Charliefarley (freesound:38229),yes,2026-09-14,c8b75c1dd1dc03af8e0b9670608e715388397d8e48f4b7c80786194a26b9227d
desed_alarm_bell_c9541d57,data/raw/desed_soundbank/audio/train/soundbank/foreground/Alarm_bell_ringing/268823_3.wav,desed_soundbank,train/268823_3,freesound_268823,alarm_bell,isolated_event,train,0.0,0.311,0.311,44100,1,CC-BY,kwahmah_02 (freesound:268823),yes,2026-09-14,c9541d572da6b2d15731c968b0d067ab4ae42b51bfc381161b1e73e29b365d82
desed_alarm_bell_c9677274,data/raw/desed_soundbank/audio/train/soundbank/foreground/Alarm_bell_ringing/249303_0.wav,desed_soundbank,train/249303_0,freesound_249303,alarm_bell,isolated_event,train,0.0,1.985,1.985,44100,1,CC-BY,kwahmah_02 (freesound:249303),yes,2026-09-14,c9677274f0e3eafdfb928655e8db5c545f1f52a4c7d48adfafe6c72b3fa5d686
desed_alarm_bell_cbab91c8,data/raw/desed_soundbank/audio/eval/soundbank/foreground/Alarm_bell_ringing/271399_0.wav,desed_soundbank,eval/271399_0,freesound_271399,alarm_bell,isolated_event,eval,0.0,2.203,2.203,44100,1,CC-BY,YleArkisto (freesound:271399),yes,2026-09-14,cbab91c829864e41a9653d9577509eedbd80dfcc5697f1c3fbb1d301f8ccea4e
desed_alarm_bell_cc754470,data/raw/desed_soundbank/audio/train/soundbank/foreground/Alarm_bell_ringing/424946_0.wav,desed_soundbank,train/424946_0,freesound_424946,alarm_bell,isolated_event,train,0.0,4.100,4.1,44100,1,CC0,blukotek (freesound:424946),yes,2026-09-14,cc754470eb83a352380d02c4e47029b6b00af58600ff7b39de79b5cf705f11d9
desed_alarm_bell_ccdb132e,data/raw/desed_soundbank/audio/eval/soundbank/foreground/Alarm_bell_ringing/329896_19.wav,desed_soundbank,eval/329896_19,freesound_329896,alarm_bell,isolated_event,eval,0.0,0.616,0.616,44100,1,CC-BY,YleArkisto (freesound:329896),yes,2026-09-14,ccdb132eea1e9c69855ab7b1f8151bbdc46f87fd8594dbb0b088dad559c3561b
desed_alarm_bell_cdf977e0,data/raw/desed_soundbank/audio/train/soundbank/foreground/Alarm_bell_ringing/69385.wav,desed_soundbank,train/69385,freesound_69385,alarm_bell,isolated_event,train,0.0,8.117,8.117,44100,1,CC0,guitarguy1985 (freesound:69385),yes,2026-09-14,cdf977e0c5cbaf7b93cd1addf905fa904636614a02d9e239ce2f5161b41671b5
desed_alarm_bell_d02f950a,data/raw/desed_soundbank/audio/train/soundbank/foreground/Alarm_bell_ringing/382236_9.wav,desed_soundbank,train/382236_9,freesound_382236,alarm_bell,isolated_event,train,0.0,0.318,0.318,44100,1,CC-BY,sforsman (freesound:382236),yes,2026-09-14,d02f950af97625f22440c1a1e8d70a66e7e2411ab22f353c4e5b7427d4e7eab7
desed_alarm_bell_d09bd9f7,data/raw/desed_soundbank/audio/eval/soundbank/foreground/Alarm_bell_ringing/329896_2.wav,desed_soundbank,eval/329896_2,freesound_329896,alarm_bell,isolated_event,eval,0.0,0.687,0.687,44100,1,CC-BY,YleArkisto (freesound:329896),yes,2026-09-14,d09bd9f71c6cf33f03997dd0a949120d71fbc5cd71226ee6c3509cab3ec48e23
desed_alarm_bell_d0f17cb8,data/raw/desed_soundbank/audio/train/soundbank/foreground/Alarm_bell_ringing/164036_1.wav,desed_soundbank,train/164036_1,freesound_164036,alarm_bell,isolated_event,train,0.0,3.239,3.239,44100,1,CC-BY-NC,DrNI (freesound:164036),labels_only,2026-09-14,d0f17cb8a026b0dee31b3633294717a5df3ae997d301a3a774957ec87f69e153
desed_alarm_bell_d258794f,data/raw/desed_soundbank/audio/train/soundbank/foreground/Alarm_bell_ringing/255194_6.wav,desed_soundbank,train/255194_6,freesound_255194,alarm_bell,isolated_event,train,0.0,0.333,0.333,44100,1,CC-BY,michael_kur95 (freesound:255194),yes,2026-09-14,d258794f03637e886cd7edafdeb8c458014d64e2edc5ce8bb315e44947a5da1d
desed_alarm_bell_d42d9967,data/raw/desed_soundbank/audio/eval/soundbank/foreground/Alarm_bell_ringing/233645_15.wav,desed_soundbank,eval/233645_15,freesound_233645,alarm_bell,isolated_event,eval,0.0,1.119,1.119,44100,1,CC-BY-NC,zanox (freesound:233645),labels_only,2026-09-14,d42d99670d44de8b5e7355e70e23b7801f5f3532db1a3d534ab651344ce71713
desed_alarm_bell_d4ae5400,data/raw/desed_soundbank/audio/train/soundbank/foreground/Alarm_bell_ringing/13613_10.wav,desed_soundbank,train/13613_10,freesound_13613,alarm_bell,isolated_event,train,0.0,0.320,0.32,44100,1,CC0,hookhead (freesound:13613),yes,2026-09-14,d4ae5400c7bb8860cf8109917add1ecb50a2d860accc75119ac4621dc5ea7146
desed_alarm_bell_d6c819cd,data/raw/desed_soundbank/audio/train/soundbank/foreground/Alarm_bell_ringing/131641_1.wav,desed_soundbank,train/131641_1,freesound_131641,alarm_bell,isolated_event,train,0.0,1.956,1.956,44100,1,CC-BY-NC,lth_stp (freesound:131641),labels_only,2026-09-14,d6c819cd1471eec09c880b6df88209e6bffbcf2d1b335a8730be72372a8cf17e
desed_alarm_bell_d7595079,data/raw/desed_soundbank/audio/train/soundbank/foreground/Alarm_bell_ringing/13613_12.wav,desed_soundbank,train/13613_12,freesound_13613,alarm_bell,isolated_event,train,0.0,0.320,0.32,44100,1,CC0,hookhead (freesound:13613),yes,2026-09-14,d759507941e3ed5bc0d58225da663f58b45871abfc25f4a4fc671afdc5bd9403
desed_alarm_bell_d7f40860,data/raw/desed_soundbank/audio/train/soundbank/foreground/Alarm_bell_ringing/255194_7.wav,desed_soundbank,train/255194_7,freesound_255194,alarm_bell,isolated_event,train,0.0,0.316,0.316,44100,1,CC-BY,michael_kur95 (freesound:255194),yes,2026-09-14,d7f408609363b385699eb6fd290f54e67637e6ea7035e785f70b38fe149f586b
desed_alarm_bell_d8aabdb7,data/raw/desed_soundbank/audio/train/soundbank/foreground/Alarm_bell_ringing/249303_1.wav,desed_soundbank,train/249303_1,freesound_249303,alarm_bell,isolated_event,train,0.0,1.985,1.985,44100,1,CC-BY,kwahmah_02 (freesound:249303),yes,2026-09-14,d8aabdb71e8336eaeebf54d079b103f259fb6c37bc5d8052fa46557132264753
desed_alarm_bell_dd2eafd1,data/raw/desed_soundbank/audio/eval/soundbank/foreground/Alarm_bell_ringing/329896_0.wav,desed_soundbank,eval/329896_0,freesound_329896,alarm_bell,isolated_event,eval,0.0,0.526,0.526,44100,1,CC-BY,YleArkisto (freesound:329896),yes,2026-09-14,dd2eafd1b0eb0d47350d1097451443001428d1d3efd6166d3219e90c4ee8445d
desed_alarm_bell_ded23e29,data/raw/desed_soundbank/audio/eval/soundbank/foreground/Alarm_bell_ringing/22627_2.wav,desed_soundbank,eval/22627_2,freesound_22627,alarm_bell,isolated_event,eval,0.0,0.095,0.095,44100,1,CC-BY,tim.kahn (freesound:22627),yes,2026-09-14,ded23e299366d1342d306ab09392e4c6ff9469670eb0bd8c94bc749cfaee4e87
desed_alarm_bell_e2bfb294,data/raw/desed_soundbank/audio/train/soundbank/foreground/Alarm_bell_ringing/13613_11.wav,desed_soundbank,train/13613_11,freesound_13613,alarm_bell,isolated_event,train,0.0,0.320,0.32,44100,1,CC0,hookhead (freesound:13613),yes,2026-09-14,e2bfb294e728fb7bcbc0d237c1dc4aa8361a38fda0d599336182b81a557a1b2e
desed_alarm_bell_e3014586,data/raw/desed_soundbank/audio/train/soundbank/foreground/Alarm_bell_ringing/264106_2.wav,desed_soundbank,train/264106_2,freesound_264106,alarm_bell,isolated_event,train,0.0,0.112,0.112,44100,1,CC-BY,kwahmah_02 (freesound:264106),yes,2026-09-14,e3014586a91b79939f68ed74c7c61576fd378f662654906f802060ac18dc7a2f
desed_alarm_bell_e3e31aaa,data/raw/desed_soundbank/audio/train/soundbank/foreground/Alarm_bell_ringing/418898_4.wav,desed_soundbank,train/418898_4,freesound_418898,alarm_bell,isolated_event,train,0.0,0.316,0.316,44100,1,CC0,Lynx_5969 (freesound:418898),yes,2026-09-14,e3e31aaa72c40638a441278c147b040c0792cce193abb5f0acd06c1810bc8434
desed_alarm_bell_e4b69fbb,data/raw/desed_soundbank/audio/train/soundbank/foreground/Alarm_bell_ringing/259537_3.wav,desed_soundbank,train/259537_3,freesound_259537,alarm_bell,isolated_event,train,0.0,0.517,0.517,44100,1,CC0,Tempouser (freesound:259537),yes,2026-09-14,e4b69fbb219cd3f0e40e4b34c1fa01729078f10ac8a66601a9cc9fd953f48da6
desed_alarm_bell_e545d797,data/raw/desed_soundbank/audio/train/soundbank/foreground/Alarm_bell_ringing/189332_8.wav,desed_soundbank,train/189332_8,freesound_189332,alarm_bell,isolated_event,train,0.0,0.569,0.569,44100,1,CC0,sangtao (freesound:189332),yes,2026-09-14,e545d7974c40116f1975163e5dfdb69453f3f585eaa9406ee85b4059cc796759
desed_alarm_bell_e557f032,data/raw/desed_soundbank/audio/train/soundbank/foreground/Alarm_bell_ringing/255193_8.wav,desed_soundbank,train/255193_8,freesound_255193,alarm_bell,isolated_event,train,0.0,0.242,0.242,44100,1,CC-BY,michael_kur95 (freesound:255193),yes,2026-09-14,e557f03205d3253aa23662605951de4e76368acb08c9dc0a49528f79ff9ff9bf
desed_alarm_bell_e5e328c5,data/raw/desed_soundbank/audio/eval/soundbank/foreground/Alarm_bell_ringing/233645_2.wav,desed_soundbank,eval/233645_2,freesound_233645,alarm_bell,isolated_event,eval,0.0,1.002,1.002,44100,1,CC-BY-NC,zanox (freesound:233645),labels_only,2026-09-14,e5e328c5014e44b5f1b4e7a159591dc08edea8522eb01b52cf380ffabb6e1dce
desed_alarm_bell_e5fffcb7,data/raw/desed_soundbank/audio/train/soundbank/foreground/Alarm_bell_ringing/54277_1.wav,desed_soundbank,train/54277_1,freesound_54277,alarm_bell,isolated_event,train,0.0,4.006,4.006,44100,1,CC0,guitarguy1985 (freesound:54277),yes,2026-09-14,e5fffcb71517a3134d1af2c194a6a20a57c05655a4236a6ac31e932a6f8c05c8
desed_alarm_bell_e639f795,data/raw/desed_soundbank/audio/eval/soundbank/foreground/Alarm_bell_ringing/329896_8.wav,desed_soundbank,eval/329896_8,freesound_329896,alarm_bell,isolated_event,eval,0.0,0.543,0.543,44100,1,CC-BY,YleArkisto (freesound:329896),yes,2026-09-14,e639f7952a117b639a90a1494b2f5b3635688eebf4219818d4e41d8d8ecb29bc
desed_alarm_bell_e7076506,data/raw/desed_soundbank/audio/eval/soundbank/foreground/Alarm_bell_ringing/233645_10.wav,desed_soundbank,eval/233645_10,freesound_233645,alarm_bell,isolated_event,eval,0.0,0.995,0.995,44100,1,CC-BY-NC,zanox (freesound:233645),labels_only,2026-09-14,e7076506c98e389a7c8dd6cd1620f870a181dbcc9ec422e3b13442159e06fa68
desed_alarm_bell_e74b45e6,data/raw/desed_soundbank/audio/train/soundbank/foreground/Alarm_bell_ringing/20101_2.wav,desed_soundbank,train/20101_2,freesound_20101,alarm_bell,isolated_event,train,0.0,2.142,2.142,44100,1,CC-BY,FreqMan (freesound:20101),yes,2026-09-14,e74b45e66285e1c056e0866973ae90410f6f71e23041c9c6a5194b1ce88d4984
desed_alarm_bell_e8a560a4,data/raw/desed_soundbank/audio/eval/soundbank/foreground/Alarm_bell_ringing/22627_0.wav,desed_soundbank,eval/22627_0,freesound_22627,alarm_bell,isolated_event,eval,0.0,0.094,0.094,44100,1,CC-BY,tim.kahn (freesound:22627),yes,2026-09-14,e8a560a411124c0477f52ee59370d487b0ad6c90447971a681b6ecc3d78f412a
desed_alarm_bell_e8c622e7,data/raw/desed_soundbank/audio/eval/soundbank/foreground/Alarm_bell_ringing/72558_3.wav,desed_soundbank,eval/72558_3,freesound_72558,alarm_bell,isolated_event,eval,0.0,0.320,0.32,44100,1,CC-BY-NC,Timbre (freesound:72558),labels_only,2026-09-14,e8c622e7b56a2faba9905810426f99d17823fef92714b5b95a1d87762cb7f2dd
desed_alarm_bell_e9fb2edf,data/raw/desed_soundbank/audio/train/soundbank/foreground/Alarm_bell_ringing/382236_3.wav,desed_soundbank,train/382236_3,freesound_382236,alarm_bell,isolated_event,train,0.0,0.317,0.317,44100,1,CC-BY,sforsman (freesound:382236),yes,2026-09-14,e9fb2edf36c74b3bd8525c232f96171c598152ef240eb6136c37e21dca2738d4
desed_alarm_bell_eaf6d8c7,data/raw/desed_soundbank/audio/train/soundbank/foreground/Alarm_bell_ringing/382236_6.wav,desed_soundbank,train/382236_6,freesound_382236,alarm_bell,isolated_event,train,0.0,0.318,0.318,44100,1,CC-BY,sforsman (freesound:382236),yes,2026-09-14,eaf6d8c7c1630920e12d2b0f1935cc6f9eb767754fe3093263c409ae3130af00
desed_alarm_bell_ebf46738,data/raw/desed_soundbank/audio/train/soundbank/foreground/Alarm_bell_ringing/255193_5.wav,desed_soundbank,train/255193_5,freesound_255193,alarm_bell,isolated_event,train,0.0,0.242,0.242,44100,1,CC-BY,michael_kur95 (freesound:255193),yes,2026-09-14,ebf46738247205af1c56b8da7b1a4c5854bffd0d42c24af9f5e9a5054219b34f
desed_alarm_bell_ec18194e,data/raw/desed_soundbank/audio/eval/soundbank/foreground/Alarm_bell_ringing/271399_1.wav,desed_soundbank,eval/271399_1,freesound_271399,alarm_bell,isolated_event,eval,0.0,2.155,2.155,44100,1,CC-BY,YleArkisto (freesound:271399),yes,2026-09-14,ec18194eaf7ae9f036cb2da89b88579e83ff64e27bde045b32f8a63b1fc86b96
desed_alarm_bell_ede6dc6b,data/raw/desed_soundbank/audio/train/soundbank/foreground/Alarm_bell_ringing/418898_3.wav,desed_soundbank,train/418898_3,freesound_418898,alarm_bell,isolated_event,train,0.0,0.314,0.314,44100,1,CC0,Lynx_5969 (freesound:418898),yes,2026-09-14,ede6dc6b25fa098121b598ac1b48d426e75d7f92c5ae3d66da8ba99cc870d044
desed_alarm_bell_ee047905,data/raw/desed_soundbank/audio/train/soundbank/foreground/Alarm_bell_ringing/382236_1.wav,desed_soundbank,train/382236_1,freesound_382236,alarm_bell,isolated_event,train,0.0,0.317,0.317,44100,1,CC-BY,sforsman (freesound:382236),yes,2026-09-14,ee047905e79db76ec0ed3db941bc92a2c04f7fa94f36ba3a433e67c43523a71b
desed_alarm_bell_ee68c35c,data/raw/desed_soundbank/audio/train/soundbank/foreground/Alarm_bell_ringing/245445_0.wav,desed_soundbank,train/245445_0,freesound_245445,alarm_bell,isolated_event,train,0.0,1.929,1.929,44100,1,CC0,blukotek (freesound:245445),yes,2026-09-14,ee68c35c18293e8b833710fe82890eab2a881f1599b8550c8dac5645a51bcbfa
desed_alarm_bell_ee8c0dc7,data/raw/desed_soundbank/audio/train/soundbank/foreground/Alarm_bell_ringing/151242_8.wav,desed_soundbank,train/151242_8,freesound_151242,alarm_bell,isolated_event,train,0.0,0.483,0.483,44100,1,CC-BY-NC,Tempouser (freesound:151242),labels_only,2026-09-14,ee8c0dc76587c4a5a1b7efa798f82d82c199020f0545e24d7feb8624d4d87d94
desed_alarm_bell_eec10006,data/raw/desed_soundbank/audio/eval/soundbank/foreground/Alarm_bell_ringing/329896_18.wav,desed_soundbank,eval/329896_18,freesound_329896,alarm_bell,isolated_event,eval,0.0,0.565,0.565,44100,1,CC-BY,YleArkisto (freesound:329896),yes,2026-09-14,eec1000611d477a54922e1bcf059d6f6edafdb0a8ec55e7ceb2e5079660f28a6
desed_alarm_bell_f0c11650,data/raw/desed_soundbank/audio/train/soundbank/foreground/Alarm_bell_ringing/38229_1.wav,desed_soundbank,train/38229_1,freesound_38229,alarm_bell,isolated_event,train,0.0,1.736,1.736,44100,1,CC0,Charliefarley (freesound:38229),yes,2026-09-14,f0c116506edf23bf717e72a435fc041847a33176572d4c273049ccd99e313ec3
desed_alarm_bell_f2b3fc34,data/raw/desed_soundbank/audio/eval/soundbank/foreground/Alarm_bell_ringing/233645_7.wav,desed_soundbank,eval/233645_7,freesound_233645,alarm_bell,isolated_event,eval,0.0,1.001,1.001,44100,1,CC-BY-NC,zanox (freesound:233645),labels_only,2026-09-14,f2b3fc34cbf37ea52c41ab319f0f2588ab6e16454086790f795bbceafef355a7
desed_alarm_bell_f2f7f7b9,data/raw/desed_soundbank/audio/eval/soundbank/foreground/Alarm_bell_ringing/22627_1.wav,desed_soundbank,eval/22627_1,freesound_22627,alarm_bell,isolated_event,eval,0.0,0.095,0.095,44100,1,CC-BY,tim.kahn (freesound:22627),yes,2026-09-14,f2f7f7b9ca9eeadb22521f0f29a891d39c5057351c64f3e7605ea19d36784a4f
desed_alarm_bell_f4af2a9c,data/raw/desed_soundbank/audio/eval/soundbank/foreground/Alarm_bell_ringing/329896_14.wav,desed_soundbank,eval/329896_14,freesound_329896,alarm_bell,isolated_event,eval,0.0,0.532,0.532,44100,1,CC-BY,YleArkisto (freesound:329896),yes,2026-09-14,f4af2a9c8d8c78d8fbbb460f0dd679bff649f2e52ae38f6b45066baa95abd3cb
desed_alarm_bell_f6ec9dfc,data/raw/desed_soundbank/audio/train/soundbank/foreground/Alarm_bell_ringing/275566.wav,desed_soundbank,train/275566,freesound_275566,alarm_bell,isolated_event,train,0.0,2.248,2.248,44100,1,CC-BY,kwahmah_02 (freesound:275566),yes,2026-09-14,f6ec9dfce7f11cd05ed488e54f545155aac408f1300102bbb612e56bfeb2d1ce
desed_alarm_bell_f72a8416,data/raw/desed_soundbank/audio/train/soundbank/foreground/Alarm_bell_ringing/382236_0.wav,desed_soundbank,train/382236_0,freesound_382236,alarm_bell,isolated_event,train,0.0,0.317,0.317,44100,1,CC-BY,sforsman (freesound:382236),yes,2026-09-14,f72a84167dc7a3b21f73bc9efd57f3f445285e83b5b34cd7fc41275ed5060ffe
desed_alarm_bell_f815d53a,data/raw/desed_soundbank/audio/train/soundbank/foreground/Alarm_bell_ringing/196368.wav,desed_soundbank,train/196368,freesound_196368,alarm_bell,isolated_event,train,0.0,2.569,2.569,44100,1,CC-BY,maisonsonique (freesound:196368),yes,2026-09-14,f815d53ae0b04edd788eebd10bb90069b9578b1f2c942455af71f6fd9f9ebca3
desed_alarm_bell_f95c30bf,data/raw/desed_soundbank/audio/train/soundbank/foreground/Alarm_bell_ringing/255194_8.wav,desed_soundbank,train/255194_8,freesound_255194,alarm_bell,isolated_event,train,0.0,0.333,0.333,44100,1,CC-BY,michael_kur95 (freesound:255194),yes,2026-09-14,f95c30bf038d5a0ed9da51c8bef762ffb8da8ccbf030e726f95224377c36c9f4
desed_alarm_bell_f9bde753,data/raw/desed_soundbank/audio/eval/soundbank/foreground/Alarm_bell_ringing/72558_7.wav,desed_soundbank,eval/72558_7,freesound_72558,alarm_bell,isolated_event,eval,0.0,0.320,0.32,44100,1,CC-BY-NC,Timbre (freesound:72558),labels_only,2026-09-14,f9bde753026e069b20b0bfdcbbfa9bbe3511fa9a09684894c3eba354307f03e6
desed_alarm_bell_fb89116a,data/raw/desed_soundbank/audio/train/soundbank/foreground/Alarm_bell_ringing/13613_8.wav,desed_soundbank,train/13613_8,freesound_13613,alarm_bell,isolated_event,train,0.0,0.320,0.32,44100,1,CC0,hookhead (freesound:13613),yes,2026-09-14,fb89116a95b3f6158a9e92642ca84dddf5f94202b996d3ffd9d23a3e851d1292
desed_alarm_bell_fc13687e,data/raw/desed_soundbank/audio/eval/soundbank/foreground/Alarm_bell_ringing/79440_1.wav,desed_soundbank,eval/79440_1,freesound_79440,alarm_bell,isolated_event,eval,0.0,4.207,4.207,44100,1,CC0,xyzr_kx (freesound:79440),yes,2026-09-14,fc13687e3350be44c3e8376fd7885d71a47dca8d1bfe6f57d3e409ee6e9b5e3e
desed_alarm_bell_fc42e9a7,data/raw/desed_soundbank/audio/eval/soundbank/foreground/Alarm_bell_ringing/329896_16.wav,desed_soundbank,eval/329896_16,freesound_329896,alarm_bell,isolated_event,eval,0.0,0.538,0.538,44100,1,CC-BY,YleArkisto (freesound:329896),yes,2026-09-14,fc42e9a74d8c2ac9dd6a4d1afa9ff666cf04d894789b2dae7cb8b2aa026906aa
desed_alarm_bell_fe313670,data/raw/desed_soundbank/audio/train/soundbank/foreground/Alarm_bell_ringing/258175_3.wav,desed_soundbank,train/258175_3,freesound_258175,alarm_bell,isolated_event,train,0.0,3.648,3.648,44100,1,CC-BY,kwahmah_02 (freesound:258175),yes,2026-09-14,fe31367071f32417a0dd97951231328fdc56c1eb12d4746039a576ae27616c85
desed_alarm_bell_ffb90bce,data/raw/desed_soundbank/audio/train/soundbank/foreground/Alarm_bell_ringing/411517_1.wav,desed_soundbank,train/411517_1,freesound_411517,alarm_bell,isolated_event,train,0.0,1.546,1.546,44100,1,CC-BY,mcmacca (freesound:411517),yes,2026-09-14,ffb90bcedec98aed7583a77e24732a90e81d90073d55ede55822125af2924145
desed_alarm_bell_ffbbde52,data/raw/desed_soundbank/audio/eval/soundbank/foreground/Alarm_bell_ringing/72558_4.wav,desed_soundbank,eval/72558_4,freesound_72558,alarm_bell,isolated_event,eval,0.0,0.316,0.316,44100,1,CC-BY-NC,Timbre (freesound:72558),labels_only,2026-09-14,ffbbde52d71156dfd8ced17cffc1d3a706914c9a5d80d5924977584638a370fe
desed_object_drop_dishes_0064291e,data/raw/desed_soundbank/audio/eval/soundbank/foreground/Dishes/272022_1.wav,desed_soundbank,eval/272022_1,freesound_272022,object_drop_dishes,isolated_event,eval,0.0,0.194,0.194,44100,1,CC0,aldenroth2 (freesound:272022),yes,2026-09-14,0064291ed0bc0ba822c3f14af5ca410522e80ba3d00848302ea83257caab3fc0
desed_object_drop_dishes_0370956b,data/raw/desed_soundbank/audio/eval/soundbank/foreground/Dishes/365519_0.wav,desed_soundbank,eval/365519_0,freesound_365519,object_drop_dishes,isolated_event,eval,0.0,0.258,0.258,44100,1,CC0,Caitlin_100 (freesound:365519),yes,2026-09-14,0370956b06427d4422761fb8ef3236ae93feca5cf7e211c454ea98d3221a441d
desed_object_drop_dishes_06b460d7,data/raw/desed_soundbank/audio/eval/soundbank/foreground/Dishes/20081_3.wav,desed_soundbank,eval/20081_3,freesound_20081,object_drop_dishes,isolated_event,eval,0.0,0.201,0.201,44100,1,CC-BY,clammyhands (freesound:20081),yes,2026-09-14,06b460d7a53ff424680ff0cb4f0734b7e24f4f14531ab9808435f4848544a53b
desed_object_drop_dishes_0857705b,data/raw/desed_soundbank/audio/train/soundbank/foreground/Dishes/88839_1.wav,desed_soundbank,train/88839_1,freesound_88839,object_drop_dishes,isolated_event,train,0.0,0.371,0.371,44100,1,CC-BY,lsprice (freesound:88839),yes,2026-09-14,0857705b697b5c47661bd91c594bc7b5a07fc98440ccf31de275b5a1759da667
desed_object_drop_dishes_0931f2af,data/raw/desed_soundbank/audio/eval/soundbank/foreground/Dishes/325254_3.wav,desed_soundbank,eval/325254_3,freesound_325254,object_drop_dishes,isolated_event,eval,0.0,0.244,0.244,44100,1,CC0,Adam_N (freesound:325254),yes,2026-09-14,0931f2afe9bd49dc5780c9d55af99aa870ad0b346f11ff8e586fa21045b07966
desed_object_drop_dishes_0a3d0289,data/raw/desed_soundbank/audio/eval/soundbank/foreground/Dishes/50114.wav,desed_soundbank,eval/50114,freesound_50114,object_drop_dishes,isolated_event,eval,0.0,0.634,0.634,44100,1,CC-BY,andre.nascimento (freesound:50114),yes,2026-09-14,0a3d02892466ab7e404ec4eed7a8e732528ed010092a89e62e08287076f5fda2
desed_object_drop_dishes_0bfd743e,data/raw/desed_soundbank/audio/train/soundbank/foreground/Dishes/322406_0.wav,desed_soundbank,train/322406_0,freesound_322406,object_drop_dishes,isolated_event,train,0.0,0.071,0.071,44100,1,CC0,Glitchedtones (freesound:322406),yes,2026-09-14,0bfd743e418930b626f80230aaa32a2903c22cdc1ef1440ba2334aabd69db878
desed_object_drop_dishes_0cc28912,data/raw/desed_soundbank/audio/train/soundbank/foreground/Dishes/138050_1.wav,desed_soundbank,train/138050_1,freesound_138050,object_drop_dishes,isolated_event,train,0.0,1.262,1.262,44100,1,CC0,daboy291 (freesound:138050),yes,2026-09-14,0cc28912cb9a0ef8e89c9e8032e1c88ca815a28dff931cedc053a2b121393c05
desed_object_drop_dishes_142102c7,data/raw/desed_soundbank/audio/train/soundbank/foreground/Dishes/209006_1.wav,desed_soundbank,train/209006_1,freesound_209006,object_drop_dishes,isolated_event,train,0.0,0.927,0.927,44100,1,CC0,OwlStorm (freesound:209006),yes,2026-09-14,142102c7b1f47f1740d95a8b5386290e3790bd6dfb8b93eb2bd8ebb8e80076fe
desed_object_drop_dishes_16291240,data/raw/desed_soundbank/audio/train/soundbank/foreground/Dishes/209002_0.wav,desed_soundbank,train/209002_0,freesound_209002,object_drop_dishes,isolated_event,train,0.0,0.916,0.916,44100,1,CC0,OwlStorm (freesound:209002),yes,2026-09-14,1629124045cd4cc9ef6cf1f72591a72fa545206b694e8c490fa7caacfbc8052d
desed_object_drop_dishes_1942649b,data/raw/desed_soundbank/audio/train/soundbank/foreground/Dishes/88839_0.wav,desed_soundbank,train/88839_0,freesound_88839,object_drop_dishes,isolated_event,train,0.0,0.113,0.113,44100,1,CC-BY,lsprice (freesound:88839),yes,2026-09-14,1942649b1c617f3d6ce5ce33663d62730b8e4ea89d19ad3290415ae20ab575f8
desed_object_drop_dishes_195f76e7,data/raw/desed_soundbank/audio/train/soundbank/foreground/Dishes/12826.wav,desed_soundbank,train/12826,freesound_12826,object_drop_dishes,isolated_event,train,0.0,0.281,0.281,44100,1,CC-BY,schluppipuppie (freesound:12826),yes,2026-09-14,195f76e7e4b3f41327d8ed11dceb50d724167635efc251ca287f5914969069a3
desed_object_drop_dishes_19dfc39d,data/raw/desed_soundbank/audio/train/soundbank/foreground/Dishes/266949.wav,desed_soundbank,train/266949,freesound_266949,object_drop_dishes,isolated_event,train,0.0,1.418,1.418,44100,1,CC0,UlfHubert (freesound:266949),yes,2026-09-14,19dfc39d880f4ebc63fa1671821188174923ceb8ce925ada6a1a1082f0dd5fae
desed_object_drop_dishes_19f1f36d,data/raw/desed_soundbank/audio/train/soundbank/foreground/Dishes/29913_2.wav,desed_soundbank,train/29913_2,freesound_29913,object_drop_dishes,isolated_event,train,0.0,0.165,0.165,44100,1,CC-BY,LG (freesound:29913),yes,2026-09-14,19f1f36d9f041d14bbd4ab36cc5e341102fd714513b1c9ca661bdf06d822a455
desed_object_drop_dishes_1ff5a71e,data/raw/desed_soundbank/audio/train/soundbank/foreground/Dishes/29888_0.wav,desed_soundbank,train/29888_0,freesound_29888,object_drop_dishes,isolated_event,train,0.0,0.893,0.893,44100,1,CC-BY,LG (freesound:29888),yes,2026-09-14,1ff5a71efd6be37fa14065f8876ca24d6b09ef8afae970cf8f6cef3af12ad735
desed_object_drop_dishes_21038e85,data/raw/desed_soundbank/audio/eval/soundbank/foreground/Dishes/20081_0.wav,desed_soundbank,eval/20081_0,freesound_20081,object_drop_dishes,isolated_event,eval,0.0,0.225,0.225,44100,1,CC-BY,clammyhands (freesound:20081),yes,2026-09-14,21038e85beb0119a0ddb34843c7a3302e6ffcbf0605fdcd94dd2f5d3aa8b9541
desed_object_drop_dishes_215d8cba,data/raw/desed_soundbank/audio/train/soundbank/foreground/Dishes/29913_1.wav,desed_soundbank,train/29913_1,freesound_29913,object_drop_dishes,isolated_event,train,0.0,0.409,0.409,44100,1,CC-BY,LG (freesound:29913),yes,2026-09-14,215d8cba653b2fc50e4c33c8cb797e4f074dafbc8e2e0f63ec5e2104a16e1a86
desed_object_drop_dishes_22544b34,data/raw/desed_soundbank/audio/eval/soundbank/foreground/Dishes/379144_0.wav,desed_soundbank,eval/379144_0,freesound_379144,object_drop_dishes,isolated_event,eval,0.0,0.230,0.23,44100,1,CC0,13GPanska_Novakova_Klara (freesound:379144),yes,2026-09-14,22544b3429ef5f3def8f8a3218624acdf9b7305b72d9feb5ea085782de322729
desed_object_drop_dishes_236f63f1,data/raw/desed_soundbank/audio/eval/soundbank/foreground/Dishes/325254_0.wav,desed_soundbank,eval/325254_0,freesound_325254,object_drop_dishes,isolated_event,eval,0.0,0.250,0.25,44100,1,CC0,Adam_N (freesound:325254),yes,2026-09-14,236f63f1797131a7d721c25b2e1ccd897a123e10d334835a4397fbedb56fbeff
desed_object_drop_dishes_23f796a4,data/raw/desed_soundbank/audio/train/soundbank/foreground/Dishes/88856.wav,desed_soundbank,train/88856,freesound_88856,object_drop_dishes,isolated_event,train,0.0,0.361,0.361,44100,1,CC-BY,lsprice (freesound:88856),yes,2026-09-14,23f796a4fb232857599c0ef235eab75bf36a21944d35a30fed126352e4d319cb
desed_object_drop_dishes_24217991,data/raw/desed_soundbank/audio/train/soundbank/foreground/Dishes/12832.wav,desed_soundbank,train/12832,freesound_12832,object_drop_dishes,isolated_event,train,0.0,0.328,0.328,44100,1,CC-BY,schluppipuppie (freesound:12832),yes,2026-09-14,24217991a01b71470c08f26fda68655383df6ad9c45e8a72a98660d8ccd6f6bc
desed_object_drop_dishes_24b19e80,data/raw/desed_soundbank/audio/train/soundbank/foreground/Dishes/105023_2.wav,desed_soundbank,train/105023_2,freesound_105023,object_drop_dishes,isolated_event,train,0.0,0.780,0.78,44100,1,CC-BY-NC,Robinhood76 (freesound:105023),labels_only,2026-09-14,24b19e80801015e3d18cc27cb0314ae9fcde60f097b3722b6b3eebc5f51117fc
desed_object_drop_dishes_2546b788,data/raw/desed_soundbank/audio/eval/soundbank/foreground/Dishes/20081_1.wav,desed_soundbank,eval/20081_1,freesound_20081,object_drop_dishes,isolated_event,eval,0.0,0.652,0.652,44100,1,CC-BY,clammyhands (freesound:20081),yes,2026-09-14,2546b788a441dcdf521c09398b62bc3730b40e0268316a68b120f0b579e2ac1f
desed_object_drop_dishes_2636a50e,data/raw/desed_soundbank/audio/train/soundbank/foreground/Dishes/412380_0.wav,desed_soundbank,train/412380_0,freesound_412380,object_drop_dishes,isolated_event,train,0.0,0.576,0.576,44100,1,CC-BY,smokenweewALT (freesound:412380),yes,2026-09-14,2636a50e0f88c5fa52d909f151ba7a08508107a4ea2cdf0489672d9f32222f3d
desed_object_drop_dishes_2890ec53,data/raw/desed_soundbank/audio/train/soundbank/foreground/Dishes/389685.wav,desed_soundbank,train/389685,freesound_389685,object_drop_dishes,isolated_event,train,0.0,0.613,0.613,44100,1,CC0,meggiepie (freesound:389685),yes,2026-09-14,2890ec53126dfbb564a1b2636fa00b442e297c0c65ae0604a243d61300b573aa
desed_object_drop_dishes_2ac172dc,data/raw/desed_soundbank/audio/train/soundbank/foreground/Dishes/322406_1.wav,desed_soundbank,train/322406_1,freesound_322406,object_drop_dishes,isolated_event,train,0.0,0.244,0.244,44100,1,CC0,Glitchedtones (freesound:322406),yes,2026-09-14,2ac172dc893d8b44d6574adfabd96bec6ab9467d32a65fe4e20e9c471ada1d77
desed_object_drop_dishes_2fe6a14a,data/raw/desed_soundbank/audio/eval/soundbank/foreground/Dishes/20081_2.wav,desed_soundbank,eval/20081_2,freesound_20081,object_drop_dishes,isolated_event,eval,0.0,0.160,0.16,44100,1,CC-BY,clammyhands (freesound:20081),yes,2026-09-14,2fe6a14a357f6ccc2725de3c607891ecc67948266cb888b9a2979567a9a1c3db
desed_object_drop_dishes_30258c69,data/raw/desed_soundbank/audio/eval/soundbank/foreground/Dishes/325254_2.wav,desed_soundbank,eval/325254_2,freesound_325254,object_drop_dishes,isolated_event,eval,0.0,0.254,0.254,44100,1,CC0,Adam_N (freesound:325254),yes,2026-09-14,30258c698e811868a396d4bc27688f94d8f0a6e3a77a58598d44b03ae667aa10
desed_object_drop_dishes_33e82a2d,data/raw/desed_soundbank/audio/train/soundbank/foreground/Dishes/208905_0.wav,desed_soundbank,train/208905_0,freesound_208905,object_drop_dishes,isolated_event,train,0.0,0.075,0.075,44100,1,CC-BY,Trentyham (freesound:208905),yes,2026-09-14,33e82a2db3821834b1fd75a31fffb72513771fad9e2b2434bc229fa154d108c8
desed_object_drop_dishes_35b9cb2f,data/raw/desed_soundbank/audio/eval/soundbank/foreground/Dishes/429494_2.wav,desed_soundbank,eval/429494_2,freesound_429494,object_drop_dishes,isolated_event,eval,0.0,0.363,0.363,44100,1,CC0,Cabelin_Brabo (freesound:429494),yes,2026-09-14,35b9cb2fcecc13293d90301c9609a7b83b8cc18e123adc651c5160757baf519b
desed_object_drop_dishes_362ce37f,data/raw/desed_soundbank/audio/train/soundbank/foreground/Dishes/214850_1.wav,desed_soundbank,train/214850_1,freesound_214850,object_drop_dishes,isolated_event,train,0.0,0.231,0.231,44100,1,CC0,kikuchiyo (freesound:214850),yes,2026-09-14,362ce37f905c2505104c6c8ffd354b8cf110a2f74d0750c4cf31dda3958a92f4
desed_object_drop_dishes_36d570d4,data/raw/desed_soundbank/audio/train/soundbank/foreground/Dishes/29891.wav,desed_soundbank,train/29891,freesound_29891,object_drop_dishes,isolated_event,train,0.0,0.216,0.216,44100,1,CC-BY,LG (freesound:29891),yes,2026-09-14,36d570d4f46909c7075474c92cca5eaa06215fa6fa168444871d8aa35025c24a
desed_object_drop_dishes_3c03faf4,data/raw/desed_soundbank/audio/train/soundbank/foreground/Dishes/12887.wav,desed_soundbank,train/12887,freesound_12887,object_drop_dishes,isolated_event,train,0.0,0.286,0.286,44100,1,CC-BY,schluppipuppie (freesound:12887),yes,2026-09-14,3c03faf45d4053cfe80b3b9918e8f0767f86e5687698142fb37758a9cfc2b564
desed_object_drop_dishes_3d9309d4,data/raw/desed_soundbank/audio/train/soundbank/foreground/Dishes/263608_1.wav,desed_soundbank,train/263608_1,freesound_263608,object_drop_dishes,isolated_event,train,0.0,0.207,0.207,44100,1,CC-BY,limbo63 (freesound:263608),yes,2026-09-14,3d9309d4454daf0725aa9c927ad0d45bc746060ad1d821645971d2abc5c7ac50
desed_object_drop_dishes_3f706c32,data/raw/desed_soundbank/audio/train/soundbank/foreground/Dishes/80115.wav,desed_soundbank,train/80115,freesound_80115,object_drop_dishes,isolated_event,train,0.0,1.512,1.512,44100,1,CC-BY,volivieri (freesound:80115),yes,2026-09-14,3f706c327a52e2c8de364fb30a2de7cbecdab102959b8ece3e8cc3865d5425b7
desed_object_drop_dishes_41fe53be,data/raw/desed_soundbank/audio/train/soundbank/foreground/Dishes/205016.wav,desed_soundbank,train/205016,freesound_205016,object_drop_dishes,isolated_event,train,0.0,0.325,0.325,44100,1,CC-BY,Thalamus_Lab (freesound:205016),yes,2026-09-14,41fe53becd8825e7106947b8956ba52a55267740ad9e3831eaf8a2185331ec22
desed_object_drop_dishes_43f5889b,data/raw/desed_soundbank/audio/train/soundbank/foreground/Dishes/88826_0.wav,desed_soundbank,train/88826_0,freesound_88826,object_drop_dishes,isolated_event,train,0.0,0.230,0.23,44100,1,CC-BY,lsprice (freesound:88826),yes,2026-09-14,43f5889b6ebe6d50863bef19ac7f13f449b9a47ec8c18ec9660a0f090dec131d
desed_object_drop_dishes_44cb5689,data/raw/desed_soundbank/audio/train/soundbank/foreground/Dishes/322407_0.wav,desed_soundbank,train/322407_0,freesound_322407,object_drop_dishes,isolated_event,train,0.0,0.528,0.528,44100,1,CC0,Glitchedtones (freesound:322407),yes,2026-09-14,44cb56894bcfd515d8cb1094e2f205c801b960ff5f24d7bb37a25b4c6b2b92f6
desed_object_drop_dishes_4694d4d5,data/raw/desed_soundbank/audio/train/soundbank/foreground/Dishes/82048.wav,desed_soundbank,train/82048,freesound_82048,object_drop_dishes,isolated_event,train,0.0,1.940,1.94,44100,1,CC-Sampling+,sir_majelians (freesound:82048),labels_only,2026-09-14,4694d4d5ccb6a716c9037e99bb6457168861e7d6fe06914f8ca512387cd8b016
desed_object_drop_dishes_4812c9c9,data/raw/desed_soundbank/audio/eval/soundbank/foreground/Dishes/365519_1.wav,desed_soundbank,eval/365519_1,freesound_365519,object_drop_dishes,isolated_event,eval,0.0,0.206,0.206,44100,1,CC0,Caitlin_100 (freesound:365519),yes,2026-09-14,4812c9c91ed8a621bf16d572d38653f729d3300847b149f0e50d9d3c07debc77
desed_object_drop_dishes_4a44ca36,data/raw/desed_soundbank/audio/train/soundbank/foreground/Dishes/80125_2.wav,desed_soundbank,train/80125_2,freesound_80125,object_drop_dishes,isolated_event,train,0.0,0.756,0.756,44100,1,CC-BY,volivieri (freesound:80125),yes,2026-09-14,4a44ca3619226fa59d39515bbc97414a7dd85a37e75b05e6ab85486e508a9522
desed_object_drop_dishes_4a8c0d08,data/raw/desed_soundbank/audio/eval/soundbank/foreground/Dishes/377501_0.wav,desed_soundbank,eval/377501_0,freesound_377501,object_drop_dishes,isolated_event,eval,0.0,0.355,0.355,44100,1,CC0,13GPanska_Nalevajko_Filip (freesound:377501),yes,2026-09-14,4a8c0d08b60070bb20d221029611c9e73f873bc5a64e765005a7e9b97d2579a4
desed_object_drop_dishes_4b7a604e,data/raw/desed_soundbank/audio/train/soundbank/foreground/Dishes/80125_0.wav,desed_soundbank,train/80125_0,freesound_80125,object_drop_dishes,isolated_event,train,0.0,0.830,0.83,44100,1,CC-BY,volivieri (freesound:80125),yes,2026-09-14,4b7a604e1e381f3d4605dff4c035f568c133dc7077afb89ae472455d7f38f1b0
desed_object_drop_dishes_4bbbbb16,data/raw/desed_soundbank/audio/eval/soundbank/foreground/Dishes/377501_1.wav,desed_soundbank,eval/377501_1,freesound_377501,object_drop_dishes,isolated_event,eval,0.0,0.417,0.417,44100,1,CC0,13GPanska_Nalevajko_Filip (freesound:377501),yes,2026-09-14,4bbbbb165eb9bf45d30beec8945d9e5e2e9aecf975dac0b4ad28124f230ff076
desed_object_drop_dishes_4be4e5df,data/raw/desed_soundbank/audio/train/soundbank/foreground/Dishes/88839_2.wav,desed_soundbank,train/88839_2,freesound_88839,object_drop_dishes,isolated_event,train,0.0,0.957,0.957,44100,1,CC-BY,lsprice (freesound:88839),yes,2026-09-14,4be4e5df600d6e5d347fd59e653840d73133e645d5bd6b8b15ed57adc72030b5
desed_object_drop_dishes_4c8fb8ab,data/raw/desed_soundbank/audio/train/soundbank/foreground/Dishes/406433.wav,desed_soundbank,train/406433,freesound_406433,object_drop_dishes,isolated_event,train,0.0,0.133,0.133,44100,1,CC0,kretopi (freesound:406433),yes,2026-09-14,4c8fb8ab6264fb67f97b962a8a35b924f45a968de921c3a0b4327cd89219084a
desed_object_drop_dishes_4d584fa1,data/raw/desed_soundbank/audio/eval/soundbank/foreground/Dishes/418508.wav,desed_soundbank,eval/418508,freesound_418508,object_drop_dishes,isolated_event,eval,0.0,1.044,1.044,44100,1,CC0,14FPanskaKremenakova_Marie (freesound:418508),yes,2026-09-14,4d584fa1878b3551514b1c73ad17b684388d9441abf488344f8a095684192896
desed_object_drop_dishes_4d5d30f9,data/raw/desed_soundbank/audio/train/soundbank/foreground/Dishes/29913_3.wav,desed_soundbank,train/29913_3,freesound_29913,object_drop_dishes,isolated_event,train,0.0,0.166,0.166,44100,1,CC-BY,LG (freesound:29913),yes,2026-09-14,4d5d30f9357150b4f6143fdccc8baa47002cd79235bcfcc0db7d4f6ce6d14f28
desed_object_drop_dishes_4d89ebdd,data/raw/desed_soundbank/audio/eval/soundbank/foreground/Dishes/377982.wav,desed_soundbank,eval/377982,freesound_377982,object_drop_dishes,isolated_event,eval,0.0,7.182,7.182,44100,1,CC0,13GPanska_Gorbusinova_Anna (freesound:377982),yes,2026-09-14,4d89ebddcf6121ea063738c83142f2fdeb72043eecbdfc056d7ed070a6dde46a
desed_object_drop_dishes_4ed95c7a,data/raw/desed_soundbank/audio/eval/soundbank/foreground/Dishes/427113_1.wav,desed_soundbank,eval/427113_1,freesound_427113,object_drop_dishes,isolated_event,eval,0.0,2.237,2.237,44100,1,CC0,Caap (freesound:427113),yes,2026-09-14,4ed95c7a626b34817cda54af127b175a8826d83c803b5894b88fa652ea0e9c76
desed_object_drop_dishes_507798c9,data/raw/desed_soundbank/audio/train/soundbank/foreground/Dishes/267486.wav,desed_soundbank,train/267486,freesound_267486,object_drop_dishes,isolated_event,train,0.0,0.463,0.463,44100,1,CC0,LightDJ (freesound:267486),yes,2026-09-14,507798c9100134113db5e34159619bd1a57f8fb49cb6f7974a6c130ffb3d5fde
desed_object_drop_dishes_51064989,data/raw/desed_soundbank/audio/train/soundbank/foreground/Dishes/29888_1.wav,desed_soundbank,train/29888_1,freesound_29888,object_drop_dishes,isolated_event,train,0.0,0.690,0.69,44100,1,CC-BY,LG (freesound:29888),yes,2026-09-14,5106498929d378c8457c7b9f85f04f43da8c35c108f53509f16aad0b60ba9532
desed_object_drop_dishes_51a77bfc,data/raw/desed_soundbank/audio/train/soundbank/foreground/Dishes/208905_1.wav,desed_soundbank,train/208905_1,freesound_208905,object_drop_dishes,isolated_event,train,0.0,0.066,0.066,44100,1,CC-BY,Trentyham (freesound:208905),yes,2026-09-14,51a77bfc4ef28195e362f701c3994206bd700d886ac17b426247bae2aee016a2
desed_object_drop_dishes_54033c63,data/raw/desed_soundbank/audio/train/soundbank/foreground/Dishes/267008.wav,desed_soundbank,train/267008,freesound_267008,object_drop_dishes,isolated_event,train,0.0,0.679,0.679,44100,1,CC-BY,SophronsineSoundDesign (freesound:267008),yes,2026-09-14,54033c6317fd44d121b2dcc004d4504c37c9c8177e45b2255504f0e4243878f0
desed_object_drop_dishes_5628f41b,data/raw/desed_soundbank/audio/eval/soundbank/foreground/Dishes/429494_3.wav,desed_soundbank,eval/429494_3,freesound_429494,object_drop_dishes,isolated_event,eval,0.0,0.304,0.304,44100,1,CC0,Cabelin_Brabo (freesound:429494),yes,2026-09-14,5628f41be5bb41fa62a23cd249465d865cf0c6b9433f7ead537865820de1efc7
desed_object_drop_dishes_5994b36c,data/raw/desed_soundbank/audio/train/soundbank/foreground/Dishes/412380_1.wav,desed_soundbank,train/412380_1,freesound_412380,object_drop_dishes,isolated_event,train,0.0,0.176,0.176,44100,1,CC-BY,smokenweewALT (freesound:412380),yes,2026-09-14,5994b36cb9f847018d914ec9c79108d8cdd91199e5ab26e2c69a6e7f7912f331
desed_object_drop_dishes_5ffecb99,data/raw/desed_soundbank/audio/train/soundbank/foreground/Dishes/16391.wav,desed_soundbank,train/16391,freesound_16391,object_drop_dishes,isolated_event,train,0.0,1.400,1.4,44100,1,CC-Sampling+,JonathanJansen (freesound:16391),labels_only,2026-09-14,5ffecb99db204ea484f5d31639cdbb11aae316f549893640e23e09d2c70d7929
desed_object_drop_dishes_60bd244d,data/raw/desed_soundbank/audio/train/soundbank/foreground/Dishes/29913_0.wav,desed_soundbank,train/29913_0,freesound_29913,object_drop_dishes,isolated_event,train,0.0,0.295,0.295,44100,1,CC-BY,LG (freesound:29913),yes,2026-09-14,60bd244d9e1b87068ee83e980cf4ff3e6d09a3d84a381d5a45a0496a640ef9e8
desed_object_drop_dishes_63210c7f,data/raw/desed_soundbank/audio/train/soundbank/foreground/Dishes/339675_2.wav,desed_soundbank,train/339675_2,freesound_339675,object_drop_dishes,isolated_event,train,0.0,0.316,0.316,44100,1,CC0,jeremjuru (freesound:339675),yes,2026-09-14,63210c7fb26bdb6439d5165e20c264811ca5db1a0542b044c5306762954d9ed8
desed_object_drop_dishes_63c1e056,data/raw/desed_soundbank/audio/train/soundbank/foreground/Dishes/414218.wav,desed_soundbank,train/414218,freesound_414218,object_drop_dishes,isolated_event,train,0.0,0.771,0.771,44100,1,CC-BY-NC,Seidhepriest (freesound:414218),labels_only,2026-09-14,63c1e0564046f5f688a5740398a8d1244ff1ff92926acf152e57638a8fcaa961
desed_object_drop_dishes_63d8f1a6,data/raw/desed_soundbank/audio/train/soundbank/foreground/Dishes/214187.wav,desed_soundbank,train/214187,freesound_214187,object_drop_dishes,isolated_event,train,0.0,0.243,0.243,44100,1,CC0,kikuchiyo (freesound:214187),yes,2026-09-14,63d8f1a6ac95219cd58be42bcf99b606ab51a704131dce77ae750325177dd925
desed_object_drop_dishes_63f0e0ba,data/raw/desed_soundbank/audio/train/soundbank/foreground/Dishes/377048.wav,desed_soundbank,train/377048,freesound_377048,object_drop_dishes,isolated_event,train,0.0,1.544,1.544,44100,1,CC0,MilanKovanda (freesound:377048),yes,2026-09-14,63f0e0ba76b6de18c99e2e536324af0c6ab29261d776be0241e7f02bc3df8718
desed_object_drop_dishes_65524b3c,data/raw/desed_soundbank/audio/train/soundbank/foreground/Dishes/205040.wav,desed_soundbank,train/205040,freesound_205040,object_drop_dishes,isolated_event,train,0.0,0.257,0.257,44100,1,CC-BY,Thalamus_Lab (freesound:205040),yes,2026-09-14,65524b3cb6a96a54f2b702286d9e9a1474fb8a9e3d433494d87d67476fade61b
desed_object_drop_dishes_65c09025,data/raw/desed_soundbank/audio/train/soundbank/foreground/Dishes/33932.wav,desed_soundbank,train/33932,freesound_33932,object_drop_dishes,isolated_event,train,0.0,0.353,0.353,44100,1,CC0,Necrosensual (freesound:33932),yes,2026-09-14,65c09025bd5405387564fb043e0c05f1e625ea4816d3057ae5067bb4e959c4f0
desed_object_drop_dishes_65c30dd1,data/raw/desed_soundbank/audio/eval/soundbank/foreground/Dishes/20097_0.wav,desed_soundbank,eval/20097_0,freesound_20097,object_drop_dishes,isolated_event,eval,0.0,0.315,0.315,44100,1,CC-BY,clammyhands (freesound:20097),yes,2026-09-14,65c30dd17562e4544a7438da375c5af1ad26dbbd9b1cbf9874ae75a3ec3e0594
desed_object_drop_dishes_662b6953,data/raw/desed_soundbank/audio/train/soundbank/foreground/Dishes/412389.wav,desed_soundbank,train/412389,freesound_412389,object_drop_dishes,isolated_event,train,0.0,0.304,0.304,44100,1,CC-BY,smokenweewALT (freesound:412389),yes,2026-09-14,662b695375d25400059a577c258f91290a5587cb9996c0c0997ba49ec892f265
desed_object_drop_dishes_6af1b8e5,data/raw/desed_soundbank/audio/train/soundbank/foreground/Dishes/88826_3.wav,desed_soundbank,train/88826_3,freesound_88826,object_drop_dishes,isolated_event,train,0.0,0.117,0.117,44100,1,CC-BY,lsprice (freesound:88826),yes,2026-09-14,6af1b8e50734a12b8f4288c497f9e2a46121165b22c6e1897747f8345638f6a7
desed_object_drop_dishes_6afd3ab1,data/raw/desed_soundbank/audio/train/soundbank/foreground/Dishes/322407_4.wav,desed_soundbank,train/322407_4,freesound_322407,object_drop_dishes,isolated_event,train,0.0,0.596,0.596,44100,1,CC0,Glitchedtones (freesound:322407),yes,2026-09-14,6afd3ab1217963ecaa1943eebb90469aacdc260ca84335ecd9518bc416db236c
desed_object_drop_dishes_6b74f904,data/raw/desed_soundbank/audio/train/soundbank/foreground/Dishes/214850_0.wav,desed_soundbank,train/214850_0,freesound_214850,object_drop_dishes,isolated_event,train,0.0,0.163,0.163,44100,1,CC0,kikuchiyo (freesound:214850),yes,2026-09-14,6b74f904fbb75fc1cd71db11287e246e455447c9e6a4251a83fa8e2ae8d86450
desed_object_drop_dishes_6c43c880,data/raw/desed_soundbank/audio/train/soundbank/foreground/Dishes/29913_4.wav,desed_soundbank,train/29913_4,freesound_29913,object_drop_dishes,isolated_event,train,0.0,0.210,0.21,44100,1,CC-BY,LG (freesound:29913),yes,2026-09-14,6c43c8806462405d41619c3c7ef4087d27d05cd0e5a19d60d1738f3d104257c7
desed_object_drop_dishes_6d173548,data/raw/desed_soundbank/audio/train/soundbank/foreground/Dishes/105023_0.wav,desed_soundbank,train/105023_0,freesound_105023,object_drop_dishes,isolated_event,train,0.0,0.565,0.565,44100,1,CC-BY-NC,Robinhood76 (freesound:105023),labels_only,2026-09-14,6d173548dab7ed2c70ada99f61d650b0cac0867a35ad36ba24e35c1aa572b209
desed_object_drop_dishes_6e0e0c11,data/raw/desed_soundbank/audio/train/soundbank/foreground/Dishes/219550.wav,desed_soundbank,train/219550,freesound_219550,object_drop_dishes,isolated_event,train,0.0,0.425,0.425,44100,1,CC-BY,vumseplutten1709 (freesound:219550),yes,2026-09-14,6e0e0c112b4c06fad5b5b399ccd5d2728a342072b90ff693f71a22848b17de32
desed_object_drop_dishes_6e6410dc,data/raw/desed_soundbank/audio/train/soundbank/foreground/Dishes/88826_1.wav,desed_soundbank,train/88826_1,freesound_88826,object_drop_dishes,isolated_event,train,0.0,0.055,0.055,44100,1,CC-BY,lsprice (freesound:88826),yes,2026-09-14,6e6410dc4ee44a59e1aa215952be68970782a54c09774869459cddcb2011d249
desed_object_drop_dishes_707e0ddf,data/raw/desed_soundbank/audio/train/soundbank/foreground/Dishes/145124_1.wav,desed_soundbank,train/145124_1,freesound_145124,object_drop_dishes,isolated_event,train,0.0,1.848,1.848,44100,1,CC-BY,D W (freesound:145124),yes,2026-09-14,707e0ddf2c9affb57feca0675b26abfa8acff47f4031e8381ad1ef0f803e30cd
desed_object_drop_dishes_72530247,data/raw/desed_soundbank/audio/train/soundbank/foreground/Dishes/322407_9.wav,desed_soundbank,train/322407_9,freesound_322407,object_drop_dishes,isolated_event,train,0.0,0.448,0.448,44100,1,CC0,Glitchedtones (freesound:322407),yes,2026-09-14,725302472afddbe2d0d66beee738382bb001b44e4ccba1335d7f75a067f9419b
desed_object_drop_dishes_7358dda0,data/raw/desed_soundbank/audio/train/soundbank/foreground/Dishes/88826_4.wav,desed_soundbank,train/88826_4,freesound_88826,object_drop_dishes,isolated_event,train,0.0,0.092,0.092,44100,1,CC-BY,lsprice (freesound:88826),yes,2026-09-14,7358dda0d2b504ad6964322e2be6d33f5c77a29b5abf131234fd681131f0d04e
desed_object_drop_dishes_7651ef54,data/raw/desed_soundbank/audio/train/soundbank/foreground/Dishes/263608_2.wav,desed_soundbank,train/263608_2,freesound_263608,object_drop_dishes,isolated_event,train,0.0,0.459,0.459,44100,1,CC-BY,limbo63 (freesound:263608),yes,2026-09-14,7651ef54854b9379bcb675dd4e2f8353aa9cb5a0ec7b13f84db0f3e03e1bf277
desed_object_drop_dishes_791f7f91,data/raw/desed_soundbank/audio/eval/soundbank/foreground/Dishes/20079_1.wav,desed_soundbank,eval/20079_1,freesound_20079,object_drop_dishes,isolated_event,eval,0.0,0.838,0.838,44100,1,CC-BY,clammyhands (freesound:20079),yes,2026-09-14,791f7f9154379891e80b9eb6119e2edf854004060d95a8be92a65c47723781ae
desed_object_drop_dishes_7a75038b,data/raw/desed_soundbank/audio/train/soundbank/foreground/Dishes/394795.wav,desed_soundbank,train/394795,freesound_394795,object_drop_dishes,isolated_event,train,0.0,0.565,0.565,44100,1,CC0,LanooskiProductions (freesound:394795),yes,2026-09-14,7a75038b3cfa4ea9111c12e59bb8469f88d9c3d12382327e511a1e83b919b8df
desed_object_drop_dishes_7c6e0c91,data/raw/desed_soundbank/audio/train/soundbank/foreground/Dishes/339675_0.wav,desed_soundbank,train/339675_0,freesound_339675,object_drop_dishes,isolated_event,train,0.0,0.185,0.185,44100,1,CC0,jeremjuru (freesound:339675),yes,2026-09-14,7c6e0c91b5d36bb670e1bf41d46ac247fd0f4a5aed6fba5871c58df2d852560b
desed_object_drop_dishes_7ce7866a,data/raw/desed_soundbank/audio/train/soundbank/foreground/Dishes/208919.wav,desed_soundbank,train/208919,freesound_208919,object_drop_dishes,isolated_event,train,0.0,0.511,0.511,44100,1,CC-BY,Trentyham (freesound:208919),yes,2026-09-14,7ce7866a3a3896861ca1bb8721919d962053937e5e9313d48ec43fe120198d62
desed_object_drop_dishes_7dc980ac,data/raw/desed_soundbank/audio/train/soundbank/foreground/Dishes/240785.wav,desed_soundbank,train/240785,freesound_240785,object_drop_dishes,isolated_event,train,0.0,0.071,0.071,44100,1,CC-BY,f4ngy (freesound:240785),yes,2026-09-14,7dc980acab3d45fb96b49ac7646b40fddb719a31f1fa36a3eb27cc8a47aa536c
desed_object_drop_dishes_7f9a132c,data/raw/desed_soundbank/audio/train/soundbank/foreground/Dishes/339675_1.wav,desed_soundbank,train/339675_1,freesound_339675,object_drop_dishes,isolated_event,train,0.0,0.367,0.367,44100,1,CC0,jeremjuru (freesound:339675),yes,2026-09-14,7f9a132c3779f36685f8ada28484c6e9c8154fccfadd817f7b801095051934e4
desed_object_drop_dishes_807b6a21,data/raw/desed_soundbank/audio/eval/soundbank/foreground/Dishes/20093.wav,desed_soundbank,eval/20093,freesound_20093,object_drop_dishes,isolated_event,eval,0.0,0.480,0.48,44100,1,CC-BY,clammyhands (freesound:20093),yes,2026-09-14,807b6a216760b823ff7e40cd6a59551eda0cfd67e3ac18148c2d9c82df626be2
desed_object_drop_dishes_85f2a8ba,data/raw/desed_soundbank/audio/train/soundbank/foreground/Dishes/406428.wav,desed_soundbank,train/406428,freesound_406428,object_drop_dishes,isolated_event,train,0.0,0.194,0.194,44100,1,CC0,kretopi (freesound:406428),yes,2026-09-14,85f2a8ba3432f794bec8d9ae07d441646df772b14c1970d0b1c1103fc42b6907
desed_object_drop_dishes_877407c0,data/raw/desed_soundbank/audio/eval/soundbank/foreground/Dishes/379144_1.wav,desed_soundbank,eval/379144_1,freesound_379144,object_drop_dishes,isolated_event,eval,0.0,0.543,0.543,44100,1,CC0,13GPanska_Novakova_Klara (freesound:379144),yes,2026-09-14,877407c0a2db791350ff60f77c9aabe2dca26c8a51c04369724bc54eb0dc3abc
desed_object_drop_dishes_87e2de21,data/raw/desed_soundbank/audio/train/soundbank/foreground/Dishes/322407_1.wav,desed_soundbank,train/322407_1,freesound_322407,object_drop_dishes,isolated_event,train,0.0,0.177,0.177,44100,1,CC0,Glitchedtones (freesound:322407),yes,2026-09-14,87e2de2195f750c944448a3ab0fb141144b2513baa433f191c19b8e7f43a6ca6
desed_object_drop_dishes_87eefa3a,data/raw/desed_soundbank/audio/train/soundbank/foreground/Dishes/237383.wav,desed_soundbank,train/237383,freesound_237383,object_drop_dishes,isolated_event,train,0.0,2.734,2.734,44100,1,CC0,squareal (freesound:237383),yes,2026-09-14,87eefa3afcf077b151248f53c44200af316b2317f8f347d9f5a93e3f3a5a9b9b
desed_object_drop_dishes_8802594f,data/raw/desed_soundbank/audio/train/soundbank/foreground/Dishes/138050_0.wav,desed_soundbank,train/138050_0,freesound_138050,object_drop_dishes,isolated_event,train,0.0,1.096,1.096,44100,1,CC0,daboy291 (freesound:138050),yes,2026-09-14,8802594f61e3939d562e0a54beb3bc862c57e4af89b9f330e3bd643a050e2dd4
desed_object_drop_dishes_8b5f5eb9,data/raw/desed_soundbank/audio/eval/soundbank/foreground/Dishes/20097_1.wav,desed_soundbank,eval/20097_1,freesound_20097,object_drop_dishes,isolated_event,eval,0.0,0.217,0.217,44100,1,CC-BY,clammyhands (freesound:20097),yes,2026-09-14,8b5f5eb9c62be3bb188b8421ac2fa621b08cc96adcc32f013d73040f7936f29e
desed_object_drop_dishes_8b7d12d7,data/raw/desed_soundbank/audio/train/soundbank/foreground/Dishes/128275.wav,desed_soundbank,train/128275,freesound_128275,object_drop_dishes,isolated_event,train,0.0,0.161,0.161,44100,1,CC0,rebeat (freesound:128275),yes,2026-09-14,8b7d12d7deb5b076a329dead377555486a029ac9a69e963561ddc3e916c6a673
desed_object_drop_dishes_8fd1fe72,data/raw/desed_soundbank/audio/train/soundbank/foreground/Dishes/322407_3.wav,desed_soundbank,train/322407_3,freesound_322407,object_drop_dishes,isolated_event,train,0.0,0.157,0.157,44100,1,CC0,Glitchedtones (freesound:322407),yes,2026-09-14,8fd1fe721882165ba3a3316074e1faa6ab0bb3aac956a48af4b92baadf03968f
desed_object_drop_dishes_926dc52c,data/raw/desed_soundbank/audio/train/soundbank/foreground/Dishes/214850_2.wav,desed_soundbank,train/214850_2,freesound_214850,object_drop_dishes,isolated_event,train,0.0,0.566,0.566,44100,1,CC0,kikuchiyo (freesound:214850),yes,2026-09-14,926dc52cc26fb4910490a142557a1a714d4e588ab4f34e8c83c6f88805138a69
desed_object_drop_dishes_9464d95f,data/raw/desed_soundbank/audio/train/soundbank/foreground/Dishes/234588.wav,desed_soundbank,train/234588,freesound_234588,object_drop_dishes,isolated_event,train,0.0,0.436,0.436,44100,1,CC-BY,riddzy (freesound:234588),yes,2026-09-14,9464d95f84eab819008f525a6cb52f44d8b4b482a8ce8b78db8a50166782efe1
desed_object_drop_dishes_9735e767,data/raw/desed_soundbank/audio/train/soundbank/foreground/Dishes/322407_8.wav,desed_soundbank,train/322407_8,freesound_322407,object_drop_dishes,isolated_event,train,0.0,0.499,0.499,44100,1,CC0,Glitchedtones (freesound:322407),yes,2026-09-14,9735e7675fdf9ba1b25a9c959b8f9392b96d3e1878a3dfb806d09d73b5476d58
desed_object_drop_dishes_9ae10f8b,data/raw/desed_soundbank/audio/train/soundbank/foreground/Dishes/320909_0.wav,desed_soundbank,train/320909_0,freesound_320909,object_drop_dishes,isolated_event,train,0.0,0.153,0.153,44100,1,CC-BY,suzenako (freesound:320909),yes,2026-09-14,9ae10f8b0d59ad7234f0f03140f40e79691a1703a8db04042804d8b2e59c2d23
desed_object_drop_dishes_9c86fd85,data/raw/desed_soundbank/audio/train/soundbank/foreground/Dishes/88826_2.wav,desed_soundbank,train/88826_2,freesound_88826,object_drop_dishes,isolated_event,train,0.0,0.102,0.102,44100,1,CC-BY,lsprice (freesound:88826),yes,2026-09-14,9c86fd85c42d80c66722d960301bc708bb241f5c8a138fadebb88d39f14b3ea7
desed_object_drop_dishes_9f62685f,data/raw/desed_soundbank/audio/eval/soundbank/foreground/Dishes/427113_0.wav,desed_soundbank,eval/427113_0,freesound_427113,object_drop_dishes,isolated_event,eval,0.0,0.142,0.142,44100,1,CC0,Caap (freesound:427113),yes,2026-09-14,9f62685f47d469ee7ad7e7241eea49a29171b34c2b8aefb995331cc1a6322426
desed_object_drop_dishes_a141e13c,data/raw/desed_soundbank/audio/train/soundbank/foreground/Dishes/71802.wav,desed_soundbank,train/71802,freesound_71802,object_drop_dishes,isolated_event,train,0.0,0.832,0.832,44100,1,CC-BY,timlaroche (freesound:71802),yes,2026-09-14,a141e13c36a5edb9a28713343a162ba2d9c8dbe29b89e71a15b7b5bbb460f0a0
desed_object_drop_dishes_a2d4c4e7,data/raw/desed_soundbank/audio/train/soundbank/foreground/Dishes/322395.wav,desed_soundbank,train/322395,freesound_322395,object_drop_dishes,isolated_event,train,0.0,0.653,0.653,44100,1,CC0,Glitchedtones (freesound:322395),yes,2026-09-14,a2d4c4e733aba0da48ab6201d10b18078fc58ef70835691fcd825c704342d6e1
desed_object_drop_dishes_a3bbf9de,data/raw/desed_soundbank/audio/eval/soundbank/foreground/Dishes/325254_1.wav,desed_soundbank,eval/325254_1,freesound_325254,object_drop_dishes,isolated_event,eval,0.0,0.286,0.286,44100,1,CC0,Adam_N (freesound:325254),yes,2026-09-14,a3bbf9decd02ae69c837cc3ee1d6afbac899a3a954ecf615a5f3c5e24c83d1ea
desed_object_drop_dishes_a3de2858,data/raw/desed_soundbank/audio/train/soundbank/foreground/Dishes/88858.wav,desed_soundbank,train/88858,freesound_88858,object_drop_dishes,isolated_event,train,0.0,0.356,0.356,44100,1,CC-BY,lsprice (freesound:88858),yes,2026-09-14,a3de28587d4d94057cb2bbd200105126e29d66ccd46be1cd464720ad8c616256
desed_object_drop_dishes_a7e77a7d,data/raw/desed_soundbank/audio/eval/soundbank/foreground/Dishes/365519_2.wav,desed_soundbank,eval/365519_2,freesound_365519,object_drop_dishes,isolated_event,eval,0.0,0.245,0.245,44100,1,CC0,Caitlin_100 (freesound:365519),yes,2026-09-14,a7e77a7dd297fe642fa75df1ecaca9c1cdd84e9da0cd977e6f6d0c9981dda6c0
desed_object_drop_dishes_a7e8ba1b,data/raw/desed_soundbank/audio/train/soundbank/foreground/Dishes/214850_3.wav,desed_soundbank,train/214850_3,freesound_214850,object_drop_dishes,isolated_event,train,0.0,0.134,0.134,44100,1,CC0,kikuchiyo (freesound:214850),yes,2026-09-14,a7e8ba1b290045d2b8ee684229221e65e63452c565583ffc876a198dac82c91b
desed_object_drop_dishes_acebad04,data/raw/desed_soundbank/audio/eval/soundbank/foreground/Dishes/20079_0.wav,desed_soundbank,eval/20079_0,freesound_20079,object_drop_dishes,isolated_event,eval,0.0,0.801,0.801,44100,1,CC-BY,clammyhands (freesound:20079),yes,2026-09-14,acebad043f03f2693884bafcb157e282e7a1a3ab73cc63344abcd5f88deb7bc5
desed_object_drop_dishes_ad2dee57,data/raw/desed_soundbank/audio/train/soundbank/foreground/Dishes/80131.wav,desed_soundbank,train/80131,freesound_80131,object_drop_dishes,isolated_event,train,0.0,1.415,1.415,44100,1,CC-BY,volivieri (freesound:80131),yes,2026-09-14,ad2dee5732856a1e937197e064996d05fa64057418a7ee164bf9352a80705387
desed_object_drop_dishes_b24bc78f,data/raw/desed_soundbank/audio/train/soundbank/foreground/Dishes/233381.wav,desed_soundbank,train/233381,freesound_233381,object_drop_dishes,isolated_event,train,0.0,0.492,0.492,44100,1,CC-BY-NC,syl2014 (freesound:233381),labels_only,2026-09-14,b24bc78ff4a2af256b4edf2fadb4b491169c3cb45311a300d4b5f0b9761464ee
desed_object_drop_dishes_b759027b,data/raw/desed_soundbank/audio/train/soundbank/foreground/Dishes/12828.wav,desed_soundbank,train/12828,freesound_12828,object_drop_dishes,isolated_event,train,0.0,0.423,0.423,44100,1,CC-BY,schluppipuppie (freesound:12828),yes,2026-09-14,b759027b9b330f03feb30f13523b79c3ebd568a886a75e693ffc0c173ef715b9
desed_object_drop_dishes_b898eb6c,data/raw/desed_soundbank/audio/train/soundbank/foreground/Dishes/105385.wav,desed_soundbank,train/105385,freesound_105385,object_drop_dishes,isolated_event,train,0.0,1.522,1.522,44100,1,CC-BY,DrZoom (freesound:105385),yes,2026-09-14,b898eb6c8af3d649c06ad1ce63babe427ecb759c4155493add257f1b3cebf2fb
desed_object_drop_dishes_b950dcb4,data/raw/desed_soundbank/audio/eval/soundbank/foreground/Dishes/20079_2.wav,desed_soundbank,eval/20079_2,freesound_20079,object_drop_dishes,isolated_event,eval,0.0,0.163,0.163,44100,1,CC-BY,clammyhands (freesound:20079),yes,2026-09-14,b950dcb4fb2c661d6ae096ecbbb96208ddd14c87551326c5d0fbceece8bf961f
desed_object_drop_dishes_babea0a4,data/raw/desed_soundbank/audio/train/soundbank/foreground/Dishes/105023_1.wav,desed_soundbank,train/105023_1,freesound_105023,object_drop_dishes,isolated_event,train,0.0,0.371,0.371,44100,1,CC-BY-NC,Robinhood76 (freesound:105023),labels_only,2026-09-14,babea0a477c16e6288933f468318a83296f6512788253801be9740020e9baf50
desed_object_drop_dishes_bb4a2fa5,data/raw/desed_soundbank/audio/train/soundbank/foreground/Dishes/214850_4.wav,desed_soundbank,train/214850_4,freesound_214850,object_drop_dishes,isolated_event,train,0.0,0.568,0.568,44100,1,CC0,kikuchiyo (freesound:214850),yes,2026-09-14,bb4a2fa500692b7300c0127a07a08d460b5ffd37eefff8d8642d50789bf5273a
desed_object_drop_dishes_bbe0dbef,data/raw/desed_soundbank/audio/train/soundbank/foreground/Dishes/427257.wav,desed_soundbank,train/427257,freesound_427257,object_drop_dishes,isolated_event,train,0.0,0.324,0.324,44100,1,CC-BY,GET_Accel (freesound:427257),yes,2026-09-14,bbe0dbef07ff2a69df246074d526f9dcad17c3a3340d601bc0a9a2cb3614a5df
desed_object_drop_dishes_c0555ffd,data/raw/desed_soundbank/audio/train/soundbank/foreground/Dishes/322407_6.wav,desed_soundbank,train/322407_6,freesound_322407,object_drop_dishes,isolated_event,train,0.0,0.229,0.229,44100,1,CC0,Glitchedtones (freesound:322407),yes,2026-09-14,c0555ffd56ffe502913b02c0d159bf33e922917ab19a931ac5f6fda2ec470d70
desed_object_drop_dishes_c3689da0,data/raw/desed_soundbank/audio/train/soundbank/foreground/Dishes/320909_1.wav,desed_soundbank,train/320909_1,freesound_320909,object_drop_dishes,isolated_event,train,0.0,0.503,0.503,44100,1,CC-BY,suzenako (freesound:320909),yes,2026-09-14,c3689da0910af7385bfd37a13e604a08028d332a2a1267dfa2830e5ab57a9048
desed_object_drop_dishes_c42d1840,data/raw/desed_soundbank/audio/train/soundbank/foreground/Dishes/348082.wav,desed_soundbank,train/348082,freesound_348082,object_drop_dishes,isolated_event,train,0.0,0.293,0.293,44100,1,CC0,kingsrow (freesound:348082),yes,2026-09-14,c42d18401a6faa9117f8381322872abcb9cbf05c57a080f1354a31abf2c783b4
desed_object_drop_dishes_c543bb6d,data/raw/desed_soundbank/audio/train/soundbank/foreground/Dishes/322407_7.wav,desed_soundbank,train/322407_7,freesound_322407,object_drop_dishes,isolated_event,train,0.0,0.143,0.143,44100,1,CC0,Glitchedtones (freesound:322407),yes,2026-09-14,c543bb6d9c30ac4413164b87e9f93c6f4eb7dff0bdb5c491819cfad56ad2fbe3
desed_object_drop_dishes_c5a0d2b9,data/raw/desed_soundbank/audio/train/soundbank/foreground/Dishes/145124_0.wav,desed_soundbank,train/145124_0,freesound_145124,object_drop_dishes,isolated_event,train,0.0,0.876,0.876,44100,1,CC-BY,D W (freesound:145124),yes,2026-09-14,c5a0d2b9a7ad79741c190a0360ba446e72f84d17b4ca941f80610b819acc0f14
desed_object_drop_dishes_c722ee68,data/raw/desed_soundbank/audio/train/soundbank/foreground/Dishes/12862.wav,desed_soundbank,train/12862,freesound_12862,object_drop_dishes,isolated_event,train,0.0,0.579,0.579,44100,1,CC-BY,schluppipuppie (freesound:12862),yes,2026-09-14,c722ee6858155b71ed210297b67a58ab5905f09db67571b23be999bc654e3425
desed_object_drop_dishes_c9d2e5be,data/raw/desed_soundbank/audio/eval/soundbank/foreground/Dishes/377500.wav,desed_soundbank,eval/377500,freesound_377500,object_drop_dishes,isolated_event,eval,0.0,0.237,0.237,44100,1,CC0,13GPanska_Nalevajko_Filip (freesound:377500),yes,2026-09-14,c9d2e5be51ba7cb8813ed1eaf00ce8327f191490fa5b72413edf16a1bc9fed87
desed_object_drop_dishes_cae5fb40,data/raw/desed_soundbank/audio/train/soundbank/foreground/Dishes/376854.wav,desed_soundbank,train/376854,freesound_376854,object_drop_dishes,isolated_event,train,0.0,1.029,1.029,44100,1,CC0,MilanKovanda (freesound:376854),yes,2026-09-14,cae5fb40458f3211dbcfd38cded367bf77fde148f9f7ee98d7d369dc7aeb1904
desed_object_drop_dishes_d0a3d6e4,data/raw/desed_soundbank/audio/train/soundbank/foreground/Dishes/320909_2.wav,desed_soundbank,train/320909_2,freesound_320909,object_drop_dishes,isolated_event,train,0.0,0.207,0.207,44100,1,CC-BY,suzenako (freesound:320909),yes,2026-09-14,d0a3d6e483d058e8c631e21ef87f174411a37eadbb008677020f23c84dda90a4
desed_object_drop_dishes_d2a6cdd2,data/raw/desed_soundbank/audio/train/soundbank/foreground/Dishes/97559.wav,desed_soundbank,train/97559,freesound_97559,object_drop_dishes,isolated_event,train,0.0,0.216,0.216,44100,1,CC0,egolessdub (freesound:97559),yes,2026-09-14,d2a6cdd2b3947e9430d5e1010ae9e5a5c134766689ea80af0e37b9da299edb22
desed_object_drop_dishes_d4ec4266,data/raw/desed_soundbank/audio/eval/soundbank/foreground/Dishes/272022_0.wav,desed_soundbank,eval/272022_0,freesound_272022,object_drop_dishes,isolated_event,eval,0.0,0.097,0.097,44100,1,CC0,aldenroth2 (freesound:272022),yes,2026-09-14,d4ec4266ec7856c2845aef7e9621fcf9a67c50d7ff0a4efed3ac2c1df7b028ef
desed_object_drop_dishes_d50816c9,data/raw/desed_soundbank/audio/train/soundbank/foreground/Dishes/80125_1.wav,desed_soundbank,train/80125_1,freesound_80125,object_drop_dishes,isolated_event,train,0.0,0.257,0.257,44100,1,CC-BY,volivieri (freesound:80125),yes,2026-09-14,d50816c98a80bcdc530a019e5a8e2256106df66f2daa98f088554fd481f6719a
desed_object_drop_dishes_d7220b1a,data/raw/desed_soundbank/audio/train/soundbank/foreground/Dishes/263608_0.wav,desed_soundbank,train/263608_0,freesound_263608,object_drop_dishes,isolated_event,train,0.0,0.748,0.748,44100,1,CC-BY,limbo63 (freesound:263608),yes,2026-09-14,d7220b1a9497501e14c9262b189b6fc9d28384a2dc1a3469287b0a52b8286c39
desed_object_drop_dishes_d7274723,data/raw/desed_soundbank/audio/train/soundbank/foreground/Dishes/322407_2.wav,desed_soundbank,train/322407_2,freesound_322407,object_drop_dishes,isolated_event,train,0.0,0.151,0.151,44100,1,CC0,Glitchedtones (freesound:322407),yes,2026-09-14,d7274723392b4f29548a35da4229e246a167797b7bee6ac10f8a38f2d3abf10e
desed_object_drop_dishes_da92eaf0,data/raw/desed_soundbank/audio/train/soundbank/foreground/Dishes/267004.wav,desed_soundbank,train/267004,freesound_267004,object_drop_dishes,isolated_event,train,0.0,0.491,0.491,44100,1,CC-BY,SophronsineSoundDesign (freesound:267004),yes,2026-09-14,da92eaf061ad66798fe8a1df1c0eb8f00ce5151d4ef547a783d9e20d1b6f70ad
desed_object_drop_dishes_dd5802d9,data/raw/desed_soundbank/audio/train/soundbank/foreground/Dishes/179174.wav,desed_soundbank,train/179174,freesound_179174,object_drop_dishes,isolated_event,train,0.0,0.190,0.19,44100,1,CC-BY,Snapper4298 (freesound:179174),yes,2026-09-14,dd5802d9f8a601574e16d37e3ca69694100e4d12dd9716c70394e1081bb8691d
desed_object_drop_dishes_e16d0bc6,data/raw/desed_soundbank/audio/eval/soundbank/foreground/Dishes/429494_0.wav,desed_soundbank,eval/429494_0,freesound_429494,object_drop_dishes,isolated_event,eval,0.0,1.755,1.755,44100,1,CC0,Cabelin_Brabo (freesound:429494),yes,2026-09-14,e16d0bc6b96e3cdfbebed44eb725c033925f978cf7b3d7be068bdbce190fe96b
desed_object_drop_dishes_e2ab024f,data/raw/desed_soundbank/audio/train/soundbank/foreground/Dishes/145124_2.wav,desed_soundbank,train/145124_2,freesound_145124,object_drop_dishes,isolated_event,train,0.0,2.424,2.424,44100,1,CC-BY,D W (freesound:145124),yes,2026-09-14,e2ab024fdfdc4409c2f6af97127efbf46622904c6e36b94c49f469ab879bce4b
desed_object_drop_dishes_e2ef3ac7,data/raw/desed_soundbank/audio/eval/soundbank/foreground/Dishes/429494_1.wav,desed_soundbank,eval/429494_1,freesound_429494,object_drop_dishes,isolated_event,eval,0.0,2.568,2.568,44100,1,CC0,Cabelin_Brabo (freesound:429494),yes,2026-09-14,e2ef3ac78fcae6f6c0a1a39ece360e4d492433b945d510a2bff8e014381c1279
desed_object_drop_dishes_e558553d,data/raw/desed_soundbank/audio/train/soundbank/foreground/Dishes/322407_10.wav,desed_soundbank,train/322407_10,freesound_322407,object_drop_dishes,isolated_event,train,0.0,0.434,0.434,44100,1,CC0,Glitchedtones (freesound:322407),yes,2026-09-14,e558553d343cdbfaae00abe6130e41c71b93956a8af3525c0aef42f77e303dae
desed_object_drop_dishes_e55e5e93,data/raw/desed_soundbank/audio/train/soundbank/foreground/Dishes/209006_0.wav,desed_soundbank,train/209006_0,freesound_209006,object_drop_dishes,isolated_event,train,0.0,0.151,0.151,44100,1,CC0,OwlStorm (freesound:209006),yes,2026-09-14,e55e5e93a9a9f3969c918b04ea203f686668479d577f0d67163054cbe62d59b4
desed_object_drop_dishes_e6ab2350,data/raw/desed_soundbank/audio/train/soundbank/foreground/Dishes/209002_1.wav,desed_soundbank,train/209002_1,freesound_209002,object_drop_dishes,isolated_event,train,0.0,1.759,1.759,44100,1,CC0,OwlStorm (freesound:209002),yes,2026-09-14,e6ab2350fa2c9fbd5ecab79d1b86d7121578f33bfbfb683d87f1a374f1ce967e
desed_object_drop_dishes_f1b06202,data/raw/desed_soundbank/audio/eval/soundbank/foreground/Dishes/164574.wav,desed_soundbank,eval/164574,freesound_164574,object_drop_dishes,isolated_event,eval,0.0,0.098,0.098,44100,1,CC0,Adam_N (freesound:164574),yes,2026-09-14,f1b06202e6ba272393524e8d764e1ef7aaa97821d65f7d69dd032f8af29aa48a
desed_object_drop_dishes_f3404fb8,data/raw/desed_soundbank/audio/train/soundbank/foreground/Dishes/29888_3.wav,desed_soundbank,train/29888_3,freesound_29888,object_drop_dishes,isolated_event,train,0.0,0.918,0.918,44100,1,CC-BY,LG (freesound:29888),yes,2026-09-14,f3404fb8a1f400afb42f77c0da9ca0c08bc185c9b37620d88b2388308904b07e
desed_object_drop_dishes_f6026252,data/raw/desed_soundbank/audio/train/soundbank/foreground/Dishes/29888_2.wav,desed_soundbank,train/29888_2,freesound_29888,object_drop_dishes,isolated_event,train,0.0,0.229,0.229,44100,1,CC-BY,LG (freesound:29888),yes,2026-09-14,f6026252f7349e485acdfdd4ce289c38ea2e8fdb1eddde762222cab09f22325e
desed_object_drop_dishes_f6b34129,data/raw/desed_soundbank/audio/train/soundbank/foreground/Dishes/221791.wav,desed_soundbank,train/221791,freesound_221791,object_drop_dishes,isolated_event,train,0.0,0.260,0.26,44100,1,CC-BY,Puniho (freesound:221791),yes,2026-09-14,f6b341295248ba73cf77c8b3a83ed681e360a40e7072b91863142bc1bf1d0eb9
desed_object_drop_dishes_f72d721b,data/raw/desed_soundbank/audio/train/soundbank/foreground/Dishes/322407_5.wav,desed_soundbank,train/322407_5,freesound_322407,object_drop_dishes,isolated_event,train,0.0,0.413,0.413,44100,1,CC0,Glitchedtones (freesound:322407),yes,2026-09-14,f72d721b2f93761ced866be461de4be7bb1b9644d3ba3d747e04457d282c7370
desed_object_drop_dishes_f9e0bd76,data/raw/desed_soundbank/audio/train/soundbank/foreground/Dishes/266989.wav,desed_soundbank,train/266989,freesound_266989,object_drop_dishes,isolated_event,train,0.0,0.601,0.601,44100,1,CC-BY,SophronsineSoundDesign (freesound:266989),yes,2026-09-14,f9e0bd76fab16046264a02d82cf38de1761386b344c58e81549cf2ac044cbad0
desed_object_drop_dishes_fbe96a66,data/raw/desed_soundbank/audio/train/soundbank/foreground/Dishes/71797.wav,desed_soundbank,train/71797,freesound_71797,object_drop_dishes,isolated_event,train,0.0,0.437,0.437,44100,1,CC-BY,timlaroche (freesound:71797),yes,2026-09-14,fbe96a66d6009c1d77ef4eb2dd8fea6a9e5b9df56874e45e2d3b7166e1e03108
desed_object_drop_dishes_fcaa3d1c,data/raw/desed_soundbank/audio/train/soundbank/foreground/Dishes/331646.wav,desed_soundbank,train/331646,freesound_331646,object_drop_dishes,isolated_event,train,0.0,0.453,0.453,44100,1,CC0,Mikirog (freesound:331646),yes,2026-09-14,fcaa3d1cbcffb3f476cd1716cee9751a80e69a2d583e0dd616c86845b7e2c4dc
desed_speech_normal_00d1ebe8,data/raw/desed_soundbank/audio/train/soundbank/foreground/Speech/71558.wav,desed_soundbank,train/71558,freesound_71558,speech_normal,isolated_event,train,0.0,0.539,0.539,44100,1,CC0,Lindsayanng (freesound:71558),yes,2026-09-14,00d1ebe84f1e7d8428547db758612a36b384b48c89a3a59fc6ccbd1ca3be06f8
desed_speech_normal_011d528d,data/raw/desed_soundbank/audio/eval/soundbank/foreground/Speech/92965.wav,desed_soundbank,eval/92965,freesound_92965,speech_normal,isolated_event,eval,0.0,1.792,1.792,44100,1,CC-BY-NC,bulldozia (freesound:92965),labels_only,2026-09-14,011d528d4f7e3430476f062f6c24c41e9f22631566f98825a48da174d03c32e6
desed_speech_normal_02efdffa,data/raw/desed_soundbank/audio/train/soundbank/foreground/Speech/95800.wav,desed_soundbank,train/95800,freesound_95800,speech_normal,isolated_event,train,0.0,1.523,1.523,44100,1,CC-BY,tim.kahn (freesound:95800),yes,2026-09-14,02efdffa362b18668ca54f15fbd0f4e33002041148fd04dec9fec6c8fdccf8c6
desed_speech_normal_031bcffd,data/raw/desed_soundbank/audio/train/soundbank/foreground/Speech/422724.wav,desed_soundbank,train/422724,freesound_422724,speech_normal,isolated_event,train,0.0,0.381,0.381,44100,1,CC0,Grubzyy (freesound:422724),yes,2026-09-14,031bcffdcb787e535128d36457c69d1cb536d13be9752ae0874758a9858751c1
desed_speech_normal_03782c56,data/raw/desed_soundbank/audio/train/soundbank/foreground/Speech/147985_5.wav,desed_soundbank,train/147985_5,freesound_147985,speech_normal,isolated_event,train,0.0,1.963,1.963,44100,1,CC0,tekgnosis (freesound:147985),yes,2026-09-14,03782c563b02255d7fc2846cdc4f61ad3a2fa69da9795d3f75cf706b8b12ad59
desed_speech_normal_054bedbd,data/raw/desed_soundbank/audio/train/soundbank/foreground/Speech/96543_0.wav,desed_soundbank,train/96543_0,freesound_96543,speech_normal,isolated_event,train,0.0,1.181,1.181,44100,1,CC-BY,tim.kahn (freesound:96543),yes,2026-09-14,054bedbd0147afed0e2e885812771ed4a6e923ddd03303a12e25016495e2e906
desed_speech_normal_06907bd2,data/raw/desed_soundbank/audio/train/soundbank/foreground/Speech/108885_1.wav,desed_soundbank,train/108885_1,freesound_108885,speech_normal,isolated_event,train,0.0,0.344,0.344,44100,1,CC-BY,tim.kahn (freesound:108885),yes,2026-09-14,06907bd2db29a3771a7ec0655254d1a6239fc5f43630b44ae3b4c2089802ba0a
desed_speech_normal_076368b9,data/raw/desed_soundbank/audio/train/soundbank/foreground/Speech/106454_0.wav,desed_soundbank,train/106454_0,freesound_106454,speech_normal,isolated_event,train,0.0,1.841,1.841,44100,1,CC-BY,tim.kahn (freesound:106454),yes,2026-09-14,076368b95967ab0a387bf12b7e18924076311ec1e308a3740d401e873b95660d
desed_speech_normal_07c4e95a,data/raw/desed_soundbank/audio/eval/soundbank/foreground/Speech/92955.wav,desed_soundbank,eval/92955,freesound_92955,speech_normal,isolated_event,eval,0.0,0.811,0.811,44100,1,CC-BY-NC,bulldozia (freesound:92955),labels_only,2026-09-14,07c4e95a85a1584ac11697e95e43e95912bb0f6c0d4f7d3e8f69e8623116643a
desed_speech_normal_0819de8b,data/raw/desed_soundbank/audio/eval/soundbank/foreground/Speech/189415.wav,desed_soundbank,eval/189415,freesound_189415,speech_normal,isolated_event,eval,0.0,0.802,0.802,44100,1,CC-BY,dobroide (freesound:189415),yes,2026-09-14,0819de8bd483f008b65061764376352d8f7316c5bd1f547d5e8336c5d8290ca2
desed_speech_normal_08de59b2,data/raw/desed_soundbank/audio/train/soundbank/foreground/Speech/147985_4.wav,desed_soundbank,train/147985_4,freesound_147985,speech_normal,isolated_event,train,0.0,1.887,1.887,44100,1,CC0,tekgnosis (freesound:147985),yes,2026-09-14,08de59b2bce51961d6d2c44709accba06f0a02a2121e6903deefbd337c2abb2b
desed_speech_normal_0a9b45bf,data/raw/desed_soundbank/audio/train/soundbank/foreground/Speech/91028.wav,desed_soundbank,train/91028,freesound_91028,speech_normal,isolated_event,train,0.0,2.925,2.925,44100,1,CC-BY,tim.kahn (freesound:91028),yes,2026-09-14,0a9b45bf16adaa1ea3fe37a9dcd975ddab20c23559fad6132c024d1858dddc66
desed_speech_normal_0b73ef2f,data/raw/desed_soundbank/audio/train/soundbank/foreground/Speech/107542.wav,desed_soundbank,train/107542,freesound_107542,speech_normal,isolated_event,train,0.0,1.902,1.902,44100,1,CC-BY,tim.kahn (freesound:107542),yes,2026-09-14,0b73ef2fd5c53a86dd70da2ea82bf53e65595891ede2a200abb103030c57ecf4
desed_speech_normal_0badeae4,data/raw/desed_soundbank/audio/train/soundbank/foreground/Speech/87687_7.wav,desed_soundbank,train/87687_7,freesound_87687,speech_normal,isolated_event,train,0.0,0.425,0.425,44100,1,CC-Sampling+,idelgado (freesound:87687),labels_only,2026-09-14,0badeae484b17eef2c42e5aaa1e923b6e9a9cbbef8646a76ca3941c7660d02bd
desed_speech_normal_0bce7a6f,data/raw/desed_soundbank/audio/eval/soundbank/foreground/Speech/97828.wav,desed_soundbank,eval/97828,freesound_97828,speech_normal,isolated_event,eval,0.0,1.658,1.658,44100,1,CC-BY,deleted_user_1390811 (freesound:97828),yes,2026-09-14,0bce7a6f441a8a3d6075b986e69b2add770cce635d02183693461586da3aec9a
desed_speech_normal_0d20fc4f,data/raw/desed_soundbank/audio/eval/soundbank/foreground/Speech/189407.wav,desed_soundbank,eval/189407,freesound_189407,speech_normal,isolated_event,eval,0.0,0.840,0.84,44100,1,CC-BY,dobroide (freesound:189407),yes,2026-09-14,0d20fc4f8e8b9f37eaa85962073133e644f8105c275d4c3a8eb9d67458623225
desed_speech_normal_109aa4ef,data/raw/desed_soundbank/audio/train/soundbank/foreground/Speech/124810_0.wav,desed_soundbank,train/124810_0,freesound_124810,speech_normal,isolated_event,train,0.0,1.156,1.156,44100,1,CC-BY,Greencouch (freesound:124810),yes,2026-09-14,109aa4ef33f6617d06792766a6650d0f29fbcf13237586b0ce4202aa8b11e242
desed_speech_normal_14fdf11d,data/raw/desed_soundbank/audio/train/soundbank/foreground/Speech/81936.wav,desed_soundbank,train/81936,freesound_81936,speech_normal,isolated_event,train,0.0,1.251,1.251,44100,1,CC-BY,tim.kahn (freesound:81936),yes,2026-09-14,14fdf11d0e99e8f3ec102f98fc1d1a5c8d308470345a4a4e07a222fed9834979
desed_speech_normal_1618b755,data/raw/desed_soundbank/audio/eval/soundbank/foreground/Speech/92962.wav,desed_soundbank,eval/92962,freesound_92962,speech_normal,isolated_event,eval,0.0,0.531,0.531,44100,1,CC-BY-NC,bulldozia (freesound:92962),labels_only,2026-09-14,1618b7553ff2c712e8048ff6225e01606dcbee1dc34c477e4b7751e7710d217a
desed_speech_normal_16de5580,data/raw/desed_soundbank/audio/eval/soundbank/foreground/Speech/189433.wav,desed_soundbank,eval/189433,freesound_189433,speech_normal,isolated_event,eval,0.0,0.784,0.784,44100,1,CC-BY,dobroide (freesound:189433),yes,2026-09-14,16de5580ec4d9ab005974d832dcd7574fd48b8c3906ad83d02b2665d64696238
desed_speech_normal_1809e681,data/raw/desed_soundbank/audio/train/soundbank/foreground/Speech/106436_2.wav,desed_soundbank,train/106436_2,freesound_106436,speech_normal,isolated_event,train,0.0,0.598,0.598,44100,1,CC-BY,tim.kahn (freesound:106436),yes,2026-09-14,1809e68158373bd9c3a4500ca14cd378e90398bbcdea69ef508abd205fbf286f
desed_speech_normal_198040b1,data/raw/desed_soundbank/audio/train/soundbank/foreground/Speech/106468_3.wav,desed_soundbank,train/106468_3,freesound_106468,speech_normal,isolated_event,train,0.0,0.815,0.815,44100,1,CC-BY,tim.kahn (freesound:106468),yes,2026-09-14,198040b18b35b0eb60f9c66c24356fc820a2eaaef28902e59b67ee4cfa4a33e1
desed_speech_normal_1c2f1869,data/raw/desed_soundbank/audio/eval/soundbank/foreground/Speech/236487_2.wav,desed_soundbank,eval/236487_2,freesound_236487,speech_normal,isolated_event,eval,0.0,0.408,0.408,44100,1,CC-BY,bcimmet (freesound:236487),yes,2026-09-14,1c2f1869862d6a2e6b3aad8a0f7f9b4a07682236f4c6aa1d02392a0b9e72d0dd
desed_speech_normal_1d575ee5,data/raw/desed_soundbank/audio/eval/soundbank/foreground/Speech/277010_2.wav,desed_soundbank,eval/277010_2,freesound_277010,speech_normal,isolated_event,eval,0.0,0.818,0.818,44100,1,CC-BY-NC,barcelonetasonora (freesound:277010),labels_only,2026-09-14,1d575ee55137e986fd9869a653d68fd8abefa902f0a62fd8b1dcd34ba5214b2a
desed_speech_normal_2062f03e,data/raw/desed_soundbank/audio/eval/soundbank/foreground/Speech/92931.wav,desed_soundbank,eval/92931,freesound_92931,speech_normal,isolated_event,eval,0.0,1.677,1.677,44100,1,CC-BY-NC,bulldozia (freesound:92931),labels_only,2026-09-14,2062f03ef9fb0feb5acc3ee3fe90324083b537c311cd35f4601719078d807a8d
desed_speech_normal_209b2b52,data/raw/desed_soundbank/audio/train/soundbank/foreground/Speech/106441_0.wav,desed_soundbank,train/106441_0,freesound_106441,speech_normal,isolated_event,train,0.0,0.921,0.921,44100,1,CC-BY,tim.kahn (freesound:106441),yes,2026-09-14,209b2b52969b3d7d1a163ef97f2b316c331124b6d20a132039a8fd12a278ae0b
desed_speech_normal_2214edca,data/raw/desed_soundbank/audio/train/soundbank/foreground/Speech/77422_0.wav,desed_soundbank,train/77422_0,freesound_77422,speech_normal,isolated_event,train,0.0,0.507,0.507,44100,1,CC-BY-NC,Ephemeral_Rift (freesound:77422),labels_only,2026-09-14,2214edca88937d4502ca4f4e519e16980cd54e8fd7b35727e4157ba3bf0e4e0a
desed_speech_normal_269237d8,data/raw/desed_soundbank/audio/eval/soundbank/foreground/Speech/236420.wav,desed_soundbank,eval/236420,freesound_236420,speech_normal,isolated_event,eval,0.0,2.375,2.375,44100,1,CC-BY,bcimmet (freesound:236420),yes,2026-09-14,269237d8823ed68f2062ef70949a5aeb306fe595ffc1e7c8c51515ec9d1650fe
desed_speech_normal_280592cb,data/raw/desed_soundbank/audio/train/soundbank/foreground/Speech/95786_0.wav,desed_soundbank,train/95786_0,freesound_95786,speech_normal,isolated_event,train,0.0,0.723,0.723,44100,1,CC-BY,tim.kahn (freesound:95786),yes,2026-09-14,280592cb3848f2fb80ba2d402507e882e6c51606fdb3f062b12d47b65e9f6478
desed_speech_normal_296a035e,data/raw/desed_soundbank/audio/train/soundbank/foreground/Speech/59041.wav,desed_soundbank,train/59041,freesound_59041,speech_normal,isolated_event,train,0.0,9.648,9.648,44100,1,CC-BY-NC,FannyLH (freesound:59041),labels_only,2026-09-14,296a035ee6c70edb267071548cecdf8626cf3d8940d67f161b6e481e4249686f
desed_speech_normal_29890c4f,data/raw/desed_soundbank/audio/train/soundbank/foreground/Speech/109859_1.wav,desed_soundbank,train/109859_1,freesound_109859,speech_normal,isolated_event,train,0.0,2.433,2.433,44100,1,CC-BY,tim.kahn (freesound:109859),yes,2026-09-14,29890c4f7983e48c4c51d85d43bc2d665fb30cd3d6c01f7b84372d0c075b5a70
desed_speech_normal_2aff10f7,data/raw/desed_soundbank/audio/train/soundbank/foreground/Speech/109911_0.wav,desed_soundbank,train/109911_0,freesound_109911,speech_normal,isolated_event,train,0.0,0.478,0.478,44100,1,CC-BY,tim.kahn (freesound:109911),yes,2026-09-14,2aff10f7bdeee95afd27c719018ee72c384beb14843e2c972d90d6abff2abf51
desed_speech_normal_2b1c9c77,data/raw/desed_soundbank/audio/train/soundbank/foreground/Speech/87687_1.wav,desed_soundbank,train/87687_1,freesound_87687,speech_normal,isolated_event,train,0.0,0.458,0.458,44100,1,CC-Sampling+,idelgado (freesound:87687),labels_only,2026-09-14,2b1c9c7737ad08db6b31c2de04510cf93207da1118276480becc3f3b19e9dcb5
desed_speech_normal_2b8b49b0,data/raw/desed_soundbank/audio/train/soundbank/foreground/Speech/106454_1.wav,desed_soundbank,train/106454_1,freesound_106454,speech_normal,isolated_event,train,0.0,0.730,0.73,44100,1,CC-BY,tim.kahn (freesound:106454),yes,2026-09-14,2b8b49b08103d2305113b43a736fc834d06985036560cfa8978f0b6b72f8ebef
desed_speech_normal_2bd14776,data/raw/desed_soundbank/audio/train/soundbank/foreground/Speech/94393_1.wav,desed_soundbank,train/94393_1,freesound_94393,speech_normal,isolated_event,train,0.0,1.392,1.392,44100,1,CC-BY,tim.kahn (freesound:94393),yes,2026-09-14,2bd14776fa2f30a7c7d587ea541dfb744ea15af8eea7e6c393a31671ec4611ba
desed_speech_normal_2dd5825a,data/raw/desed_soundbank/audio/train/soundbank/foreground/Speech/106436_0.wav,desed_soundbank,train/106436_0,freesound_106436,speech_normal,isolated_event,train,0.0,1.136,1.136,44100,1,CC-BY,tim.kahn (freesound:106436),yes,2026-09-14,2dd5825ab9fb1ab886f3d68c1b8b68144ca3e0ee46221c184d8fcc2e491f4eff
desed_speech_normal_2e242951,data/raw/desed_soundbank/audio/eval/soundbank/foreground/Speech/189421.wav,desed_soundbank,eval/189421,freesound_189421,speech_normal,isolated_event,eval,0.0,0.841,0.841,44100,1,CC-BY,dobroide (freesound:189421),yes,2026-09-14,2e242951ff3cb78cec692a4ef7dfc0989b136fd84d93c16f1b3531b804fb52c2
desed_speech_normal_2e7d9d43,data/raw/desed_soundbank/audio/train/soundbank/foreground/Speech/67744_0.wav,desed_soundbank,train/67744_0,freesound_67744,speech_normal,isolated_event,train,0.0,0.406,0.406,44100,1,CC-BY,tim.kahn (freesound:67744),yes,2026-09-14,2e7d9d437278de60152ba25ced77c32e8013cfb6eb9740f143442b3b7af0b9a2
desed_speech_normal_3246d560,data/raw/desed_soundbank/audio/eval/soundbank/foreground/Speech/236561_0.wav,desed_soundbank,eval/236561_0,freesound_236561,speech_normal,isolated_event,eval,0.0,1.402,1.402,44100,1,CC-BY,bcimmet (freesound:236561),yes,2026-09-14,3246d5606611e8d144c3505910735104c718d0790874d4e8ad9e86d4d80a775e
desed_speech_normal_32700ecd,data/raw/desed_soundbank/audio/eval/soundbank/foreground/Speech/236487_3.wav,desed_soundbank,eval/236487_3,freesound_236487,speech_normal,isolated_event,eval,0.0,0.515,0.515,44100,1,CC-BY,bcimmet (freesound:236487),yes,2026-09-14,32700ecd3682e36efb8fea114521f44532d11b8ff6de01c4a67953641c024942
desed_speech_normal_329d6a24,data/raw/desed_soundbank/audio/train/soundbank/foreground/Speech/275791.wav,desed_soundbank,train/275791,freesound_275791,speech_normal,isolated_event,train,0.0,1.221,1.221,44100,1,CC0,hatchetgirl (freesound:275791),yes,2026-09-14,329d6a248da0a29a5959eb8d5362d2aafc2e7d308085fe3b957cd8af6932e8f9
desed_speech_normal_342f0bfa,data/raw/desed_soundbank/audio/train/soundbank/foreground/Speech/108875.wav,desed_soundbank,train/108875,freesound_108875,speech_normal,isolated_event,train,0.0,1.430,1.43,44100,1,CC-BY,tim.kahn (freesound:108875),yes,2026-09-14,342f0bfab2be9f9aeafe0cfdbc8d86c920459ddfdfe3379e90dd21407dac1b17
desed_speech_normal_3444bfc3,data/raw/desed_soundbank/audio/eval/soundbank/foreground/Speech/236487_1.wav,desed_soundbank,eval/236487_1,freesound_236487,speech_normal,isolated_event,eval,0.0,0.566,0.566,44100,1,CC-BY,bcimmet (freesound:236487),yes,2026-09-14,3444bfc3575074068171264bf2cdcdede8f7d0b8517dcffa3c207b5eb107e5d8
desed_speech_normal_3617c85d,data/raw/desed_soundbank/audio/train/soundbank/foreground/Speech/147985_17.wav,desed_soundbank,train/147985_17,freesound_147985,speech_normal,isolated_event,train,0.0,1.974,1.974,44100,1,CC0,tekgnosis (freesound:147985),yes,2026-09-14,3617c85dca8ba7ab31259ba3b6d7a57589f81073436cb613ff013bfc0092ddbb
desed_speech_normal_36180701,data/raw/desed_soundbank/audio/train/soundbank/foreground/Speech/104736.wav,desed_soundbank,train/104736,freesound_104736,speech_normal,isolated_event,train,0.0,4.967,4.967,44100,1,CC-BY,tim.kahn (freesound:104736),yes,2026-09-14,3618070101daee1cb1b3f0d5c09f559966785f7dce37c34a8771eacb3b0aee7d
desed_speech_normal_36695326,data/raw/desed_soundbank/audio/train/soundbank/foreground/Speech/402021.wav,desed_soundbank,train/402021,freesound_402021,speech_normal,isolated_event,train,0.0,0.528,0.528,44100,1,CC-BY,theuncertainman (freesound:402021),yes,2026-09-14,3669532693a5c27297aa2d51d31137b0f23e02e4fef2675c0363a91fb0ab2ff7
desed_speech_normal_369a432f,data/raw/desed_soundbank/audio/train/soundbank/foreground/Speech/106468_1.wav,desed_soundbank,train/106468_1,freesound_106468,speech_normal,isolated_event,train,0.0,2.393,2.393,44100,1,CC-BY,tim.kahn (freesound:106468),yes,2026-09-14,369a432fd8af341e3c56fa62179defcdee7594765a61dbd43f9d5c67cf942fd4
desed_speech_normal_36f52825,data/raw/desed_soundbank/audio/train/soundbank/foreground/Speech/87687_2.wav,desed_soundbank,train/87687_2,freesound_87687,speech_normal,isolated_event,train,0.0,0.339,0.339,44100,1,CC-Sampling+,idelgado (freesound:87687),labels_only,2026-09-14,36f52825b9e470effff1f9df25198b38bbceed0f76a48a6678b4f55d3bf2304e
desed_speech_normal_37a85651,data/raw/desed_soundbank/audio/eval/soundbank/foreground/Speech/92961_0.wav,desed_soundbank,eval/92961_0,freesound_92961,speech_normal,isolated_event,eval,0.0,1.431,1.431,44100,1,CC-BY-NC,bulldozia (freesound:92961),labels_only,2026-09-14,37a856511fb9d043e371b5d74b4eda5aefd974684f57cfcc7f32c9872522804a
desed_speech_normal_39815aa2,data/raw/desed_soundbank/audio/eval/soundbank/foreground/Speech/92961_1.wav,desed_soundbank,eval/92961_1,freesound_92961,speech_normal,isolated_event,eval,0.0,0.981,0.981,44100,1,CC-BY-NC,bulldozia (freesound:92961),labels_only,2026-09-14,39815aa24ab76ac932893cd8d531fd92e7e4c7fe709fed65e758d07b29db3436
desed_speech_normal_3af564b7,data/raw/desed_soundbank/audio/eval/soundbank/foreground/Speech/189386.wav,desed_soundbank,eval/189386,freesound_189386,speech_normal,isolated_event,eval,0.0,0.725,0.725,44100,1,CC-BY,dobroide (freesound:189386),yes,2026-09-14,3af564b749577012af5c467c9fea4a134ae05635f545fcddbb8fa16654d58933
desed_speech_normal_3cbea9a2,data/raw/desed_soundbank/audio/train/soundbank/foreground/Speech/234996.wav,desed_soundbank,train/234996,freesound_234996,speech_normal,isolated_event,train,0.0,0.564,0.564,44100,1,CC0,Reitanna (freesound:234996),yes,2026-09-14,3cbea9a2ba8cce3c52bcb4be8cf994c1d583d6792a57fdd88c8ab34868477db4
desed_speech_normal_3d4ddb40,data/raw/desed_soundbank/audio/train/soundbank/foreground/Speech/77420.wav,desed_soundbank,train/77420,freesound_77420,speech_normal,isolated_event,train,0.0,1.311,1.311,44100,1,CC-BY-NC,Ephemeral_Rift (freesound:77420),labels_only,2026-09-14,3d4ddb4035ecab10e622b141ec1d06617520c6a2e2fe80125401d9014675397f
desed_speech_normal_3e07db75,data/raw/desed_soundbank/audio/eval/soundbank/foreground/Speech/361089_0.wav,desed_soundbank,eval/361089_0,freesound_361089,speech_normal,isolated_event,eval,0.0,2.293,2.293,44100,1,CC0,balloonhead (freesound:361089),yes,2026-09-14,3e07db755e5fe9b219bde3f661b5c18832642621a805225aa2f4364556fedf53
desed_speech_normal_3ef6bd4f,data/raw/desed_soundbank/audio/train/soundbank/foreground/Speech/93379_0.wav,desed_soundbank,train/93379_0,freesound_93379,speech_normal,isolated_event,train,0.0,0.713,0.713,44100,1,CC-BY,tim.kahn (freesound:93379),yes,2026-09-14,3ef6bd4fb2896b6f23d53c693e31d578aa98af75dab7be1789e5ef0b2a750300
desed_speech_normal_40b85273,data/raw/desed_soundbank/audio/train/soundbank/foreground/Speech/108885_0.wav,desed_soundbank,train/108885_0,freesound_108885,speech_normal,isolated_event,train,0.0,1.066,1.066,44100,1,CC-BY,tim.kahn (freesound:108885),yes,2026-09-14,40b85273ea3904720d4c9cebdca18e6a3f194d2976866c0ad68f61b8909c4738
desed_speech_normal_41998869,data/raw/desed_soundbank/audio/train/soundbank/foreground/Speech/67744_1.wav,desed_soundbank,train/67744_1,freesound_67744,speech_normal,isolated_event,train,0.0,0.426,0.426,44100,1,CC-BY,tim.kahn (freesound:67744),yes,2026-09-14,41998869ceda6e1d4c9927637b138dc25b4e787dd1d952dbf29edb156c7df9e8
desed_speech_normal_41e6a02f,data/raw/desed_soundbank/audio/train/soundbank/foreground/Speech/33687_1.wav,desed_soundbank,train/33687_1,freesound_33687,speech_normal,isolated_event,train,0.0,2.645,2.645,44100,1,CC-BY,tim.kahn (freesound:33687),yes,2026-09-14,41e6a02fbcff1e2843a54628960d475c7991d368cbe8b5d5a7f611e429874f8f
desed_speech_normal_42747b70,data/raw/desed_soundbank/audio/train/soundbank/foreground/Speech/106436_1.wav,desed_soundbank,train/106436_1,freesound_106436,speech_normal,isolated_event,train,0.0,0.489,0.489,44100,1,CC-BY,tim.kahn (freesound:106436),yes,2026-09-14,42747b702e55ad4c4d1a2256680a22f2c17a22e75291e22bd5252f6df2e72430
desed_speech_normal_45636e89,data/raw/desed_soundbank/audio/train/soundbank/foreground/Speech/215682_1.wav,desed_soundbank,train/215682_1,freesound_215682,speech_normal,isolated_event,train,0.0,1.802,1.802,44100,1,CC-BY,unfa (freesound:215682),yes,2026-09-14,45636e89de7e375965380d096b088866eae077ad63ec2a5317680c66ed249f43
desed_speech_normal_48fd105c,data/raw/desed_soundbank/audio/train/soundbank/foreground/Speech/109911_1.wav,desed_soundbank,train/109911_1,freesound_109911,speech_normal,isolated_event,train,0.0,0.345,0.345,44100,1,CC-BY,tim.kahn (freesound:109911),yes,2026-09-14,48fd105ca815a9e4a0bfa57c5133b8f8c5033cddb5b7aa7949691f6ec7ec2a06
desed_speech_normal_51552a71,data/raw/desed_soundbank/audio/eval/soundbank/foreground/Speech/189382.wav,desed_soundbank,eval/189382,freesound_189382,speech_normal,isolated_event,eval,0.0,0.667,0.667,44100,1,CC-BY,dobroide (freesound:189382),yes,2026-09-14,51552a71de67d56165f78126e761d5b458162a2c3c1fb55b220b563172f94201
desed_speech_normal_524480b9,data/raw/desed_soundbank/audio/train/soundbank/foreground/Speech/124810_2.wav,desed_soundbank,train/124810_2,freesound_124810,speech_normal,isolated_event,train,0.0,1.473,1.473,44100,1,CC-BY,Greencouch (freesound:124810),yes,2026-09-14,524480b9cbe7f36109dc1e83faeb21c097057844e92e80377d069b4f35d22f80
desed_speech_normal_52d7e5a3,data/raw/desed_soundbank/audio/train/soundbank/foreground/Speech/77409.wav,desed_soundbank,train/77409,freesound_77409,speech_normal,isolated_event,train,0.0,0.682,0.682,44100,1,CC-BY-NC,Ephemeral_Rift (freesound:77409),labels_only,2026-09-14,52d7e5a32a4be0c1cbf6362a2c23c2ad610770f5fb976f3b51c72a396dd09ad8
desed_speech_normal_533bece9,data/raw/desed_soundbank/audio/eval/soundbank/foreground/Speech/236368.wav,desed_soundbank,eval/236368,freesound_236368,speech_normal,isolated_event,eval,0.0,0.524,0.524,44100,1,CC-BY,bcimmet (freesound:236368),yes,2026-09-14,533bece9ea0fb42d5be135c1ce7c62db60ec7cf77df169dd3ce571a266ba34b6
desed_speech_normal_566ab804,data/raw/desed_soundbank/audio/train/soundbank/foreground/Speech/89312_1.wav,desed_soundbank,train/89312_1,freesound_89312,speech_normal,isolated_event,train,0.0,0.434,0.434,44100,1,CC-BY,tim.kahn (freesound:89312),yes,2026-09-14,566ab8041962471dbdfca3f9d3a098026180ca8ab493cf6d170821c439951eaf
desed_speech_normal_59038036,data/raw/desed_soundbank/audio/train/soundbank/foreground/Speech/328711_3.wav,desed_soundbank,train/328711_3,freesound_328711,speech_normal,isolated_event,train,0.0,0.613,0.613,44100,1,CC-BY,fawkes1118 (freesound:328711),yes,2026-09-14,59038036654b2b557a9ed10ee75f27a1dc976c1e5f9667e149f9b1e9254cf4ff
desed_speech_normal_59b83ca4,data/raw/desed_soundbank/audio/train/soundbank/foreground/Speech/33689_0.wav,desed_soundbank,train/33689_0,freesound_33689,speech_normal,isolated_event,train,0.0,1.642,1.642,44100,1,CC-BY,tim.kahn (freesound:33689),yes,2026-09-14,59b83ca43768a77eea1cb316e0ac7bc5e89c24ca613c5e073748f0de54be79f0
desed_speech_normal_59f56944,data/raw/desed_soundbank/audio/train/soundbank/foreground/Speech/262233_1.wav,desed_soundbank,train/262233_1,freesound_262233,speech_normal,isolated_event,train,0.0,1.595,1.595,44100,1,CC-BY,wjoojoo (freesound:262233),yes,2026-09-14,59f5694441616ce6656f7a7acc01f8f2a811b8d1c266d107c408c17e1c1bc965
desed_speech_normal_5ab3a069,data/raw/desed_soundbank/audio/train/soundbank/foreground/Speech/96543_1.wav,desed_soundbank,train/96543_1,freesound_96543,speech_normal,isolated_event,train,0.0,0.336,0.336,44100,1,CC-BY,tim.kahn (freesound:96543),yes,2026-09-14,5ab3a069f3f9dc93cf024ca800fa2e445bb9cfd3e70f6e04f0c0fe2879c03327
desed_speech_normal_6125018e,data/raw/desed_soundbank/audio/train/soundbank/foreground/Speech/235149_0.wav,desed_soundbank,train/235149_0,freesound_235149,speech_normal,isolated_event,train,0.0,0.317,0.317,44100,1,CC0,Reitanna (freesound:235149),yes,2026-09-14,6125018ee90af4091760f23821d81b92b3c254099bd7d4a657c848eb124a7dd2
desed_speech_normal_61959190,data/raw/desed_soundbank/audio/train/soundbank/foreground/Speech/235149_1.wav,desed_soundbank,train/235149_1,freesound_235149,speech_normal,isolated_event,train,0.0,0.301,0.301,44100,1,CC0,Reitanna (freesound:235149),yes,2026-09-14,6195919094879d31ffaaa89c49371849de665fd146d644061f23297173dccac9
desed_speech_normal_622b42d4,data/raw/desed_soundbank/audio/train/soundbank/foreground/Speech/260992.wav,desed_soundbank,train/260992,freesound_260992,speech_normal,isolated_event,train,0.0,0.815,0.815,44100,1,CC-BY,GregTheHun (freesound:260992),yes,2026-09-14,622b42d4d63bb6fd190f77fbae855491f80ffcbefde6ef23911eec9fa6e48c08
desed_speech_normal_65cfa75f,data/raw/desed_soundbank/audio/train/soundbank/foreground/Speech/77415.wav,desed_soundbank,train/77415,freesound_77415,speech_normal,isolated_event,train,0.0,1.631,1.631,44100,1,CC-BY-NC,Ephemeral_Rift (freesound:77415),labels_only,2026-09-14,65cfa75f62e1909a2124b09c2443ee23049abf8462fb2e2a85026597c6056b73
desed_speech_normal_6650d00e,data/raw/desed_soundbank/audio/train/soundbank/foreground/Speech/147985_16.wav,desed_soundbank,train/147985_16,freesound_147985,speech_normal,isolated_event,train,0.0,1.648,1.648,44100,1,CC0,tekgnosis (freesound:147985),yes,2026-09-14,6650d00e29ce88032fa21ec344401fc6ea17777ecfb80c0d4e04235526ea91b8
desed_speech_normal_66ab17f9,data/raw/desed_soundbank/audio/train/soundbank/foreground/Speech/93363_0.wav,desed_soundbank,train/93363_0,freesound_93363,speech_normal,isolated_event,train,0.0,0.634,0.634,44100,1,CC-BY,tim.kahn (freesound:93363),yes,2026-09-14,66ab17f93ba6d41d78fa7b035c9fb24436475530cb57eeb23b13bff061503dda
desed_speech_normal_682f883f,data/raw/desed_soundbank/audio/train/soundbank/foreground/Speech/106441_1.wav,desed_soundbank,train/106441_1,freesound_106441,speech_normal,isolated_event,train,0.0,0.707,0.707,44100,1,CC-BY,tim.kahn (freesound:106441),yes,2026-09-14,682f883f9f9d0dadec4a1f26e4f2d12d989a7044cd48d103cf9977eb992ce84f
desed_speech_normal_69b8dc1e,data/raw/desed_soundbank/audio/train/soundbank/foreground/Speech/242663.wav,desed_soundbank,train/242663,freesound_242663,speech_normal,isolated_event,train,0.0,0.280,0.28,44100,1,CC0,Reitanna (freesound:242663),yes,2026-09-14,69b8dc1e5af912150b243850a17b5311aa8f0f5d1f41909372dab129fcb7dd8d
desed_speech_normal_6c8de84f,data/raw/desed_soundbank/audio/eval/soundbank/foreground/Speech/189419.wav,desed_soundbank,eval/189419,freesound_189419,speech_normal,isolated_event,eval,0.0,0.990,0.99,44100,1,CC-BY,dobroide (freesound:189419),yes,2026-09-14,6c8de84ffcc9643b883ebe5b92e47c63df6607e6b6c7d95ce9e4751c455f7e02
desed_speech_normal_6d59eacf,data/raw/desed_soundbank/audio/train/soundbank/foreground/Speech/99464_2.wav,desed_soundbank,train/99464_2,freesound_99464,speech_normal,isolated_event,train,0.0,1.376,1.376,44100,1,CC-BY,tim.kahn (freesound:99464),yes,2026-09-14,6d59eacf15aa0087c8268ad7da04efc3c7d2971d0e312d126749e6c3f632b649
desed_speech_normal_6f86d49b,data/raw/desed_soundbank/audio/train/soundbank/foreground/Speech/147985_21.wav,desed_soundbank,train/147985_21,freesound_147985,speech_normal,isolated_event,train,0.0,1.261,1.261,44100,1,CC0,tekgnosis (freesound:147985),yes,2026-09-14,6f86d49b5d5acfc5cbc77b91cd115bc76b1e8ac78b1e3392709bf377c6eb03da
desed_speech_normal_70d7e848,data/raw/desed_soundbank/audio/eval/soundbank/foreground/Speech/92967.wav,desed_soundbank,eval/92967,freesound_92967,speech_normal,isolated_event,eval,0.0,0.795,0.795,44100,1,CC-BY-NC,bulldozia (freesound:92967),labels_only,2026-09-14,70d7e848265e618795b74eba2da459ebdf7d69120be9240345ea460335261dce
desed_speech_normal_71684636,data/raw/desed_soundbank/audio/eval/soundbank/foreground/Speech/189413.wav,desed_soundbank,eval/189413,freesound_189413,speech_normal,isolated_event,eval,0.0,0.650,0.65,44100,1,CC-BY,dobroide (freesound:189413),yes,2026-09-14,7168463601d7bbeec0de5b4e20c8fbba7bcfdcbf91fbcaa526694853d784faf0
desed_speech_normal_72847a84,data/raw/desed_soundbank/audio/train/soundbank/foreground/Speech/87687_6.wav,desed_soundbank,train/87687_6,freesound_87687,speech_normal,isolated_event,train,0.0,0.626,0.626,44100,1,CC-Sampling+,idelgado (freesound:87687),labels_only,2026-09-14,72847a844f632f3d988489b827446ef1ee2ee1b20615e5a68c8f138ebb2b15ec
desed_speech_normal_7334aafe,data/raw/desed_soundbank/audio/eval/soundbank/foreground/Speech/277010_0.wav,desed_soundbank,eval/277010_0,freesound_277010,speech_normal,isolated_event,eval,0.0,2.406,2.406,44100,1,CC-BY-NC,barcelonetasonora (freesound:277010),labels_only,2026-09-14,7334aafe351d59c1ea6213114807ff48165c6a26232a8aedc2ae96bbc5caaeed
desed_speech_normal_7451097a,data/raw/desed_soundbank/audio/train/soundbank/foreground/Speech/147985_7.wav,desed_soundbank,train/147985_7,freesound_147985,speech_normal,isolated_event,train,0.0,0.962,0.962,44100,1,CC0,tekgnosis (freesound:147985),yes,2026-09-14,7451097a7a6b8fedd4a18a94eebf21869a1638363cdeb05c7671217793dc318c
desed_speech_normal_74f47905,data/raw/desed_soundbank/audio/eval/soundbank/foreground/Speech/189361.wav,desed_soundbank,eval/189361,freesound_189361,speech_normal,isolated_event,eval,0.0,0.601,0.601,44100,1,CC-BY,dobroide (freesound:189361),yes,2026-09-14,74f479054b39ef7eb69784f054012c1399820cde3224cb4c3c968e47ff41f8b9
desed_speech_normal_75770322,data/raw/desed_soundbank/audio/eval/soundbank/foreground/Speech/92972.wav,desed_soundbank,eval/92972,freesound_92972,speech_normal,isolated_event,eval,0.0,0.731,0.731,44100,1,CC-BY-NC,bulldozia (freesound:92972),labels_only,2026-09-14,757703223b91e65b863b41fa39642f16ed83674fc456ae990c9d5d373d75d5a2
desed_speech_normal_75a4780a,data/raw/desed_soundbank/audio/train/soundbank/foreground/Speech/147985_12.wav,desed_soundbank,train/147985_12,freesound_147985,speech_normal,isolated_event,train,0.0,0.528,0.528,44100,1,CC0,tekgnosis (freesound:147985),yes,2026-09-14,75a4780a56985a75703736e596b1fc9f5bb663ff5f1f5a383d7b33bda9618ab1
desed_speech_normal_7647c316,data/raw/desed_soundbank/audio/eval/soundbank/foreground/Speech/122204.wav,desed_soundbank,eval/122204,freesound_122204,speech_normal,isolated_event,eval,0.0,0.786,0.786,44100,1,CC-BY,dobroide (freesound:122204),yes,2026-09-14,7647c31671c21bb04ab8b64274ae799accca514e8fcdac7513d05270356b0a60
desed_speech_normal_76e172cc,data/raw/desed_soundbank/audio/train/soundbank/foreground/Speech/95286.wav,desed_soundbank,train/95286,freesound_95286,speech_normal,isolated_event,train,0.0,1.570,1.57,44100,1,CC-BY,tim.kahn (freesound:95286),yes,2026-09-14,76e172ccfc2150bb04f9e28acd154745dc4aa6992151fa8b67f31d5cc978faa8
desed_speech_normal_77d75b0f,data/raw/desed_soundbank/audio/train/soundbank/foreground/Speech/89312_0.wav,desed_soundbank,train/89312_0,freesound_89312,speech_normal,isolated_event,train,0.0,0.477,0.477,44100,1,CC-BY,tim.kahn (freesound:89312),yes,2026-09-14,77d75b0f42f5ef11c533d7f84f50c13c5a5501299a35a87a91cf27c8a45280ad
desed_speech_normal_7e65650f,data/raw/desed_soundbank/audio/train/soundbank/foreground/Speech/241581.wav,desed_soundbank,train/241581,freesound_241581,speech_normal,isolated_event,train,0.0,0.413,0.413,44100,1,CC0,Reitanna (freesound:241581),yes,2026-09-14,7e65650fcb5815e3b06b144007306ca3bdac62edaa9042e03762156ad99af27f
desed_speech_normal_8012fbf5,data/raw/desed_soundbank/audio/eval/soundbank/foreground/Speech/189410.wav,desed_soundbank,eval/189410,freesound_189410,speech_normal,isolated_event,eval,0.0,0.719,0.719,44100,1,CC-BY,dobroide (freesound:189410),yes,2026-09-14,8012fbf53f9664d598714bb599e9e06d57e49c205913b4a775791937114b5d02
desed_speech_normal_8032a0c4,data/raw/desed_soundbank/audio/train/soundbank/foreground/Speech/328711_1.wav,desed_soundbank,train/328711_1,freesound_328711,speech_normal,isolated_event,train,0.0,1.173,1.173,44100,1,CC-BY,fawkes1118 (freesound:328711),yes,2026-09-14,8032a0c42d85e63a6f5baac279bf76686e9f8b8b64fc0a926af1a3a0758a597b
desed_speech_normal_80555e87,data/raw/desed_soundbank/audio/train/soundbank/foreground/Speech/87687_0.wav,desed_soundbank,train/87687_0,freesound_87687,speech_normal,isolated_event,train,0.0,1.112,1.112,44100,1,CC-Sampling+,idelgado (freesound:87687),labels_only,2026-09-14,80555e8720f21838525ccc6d26ce7b9fc6df32218df8a24bc196aeaee2349a77
desed_speech_normal_817d036e,data/raw/desed_soundbank/audio/train/soundbank/foreground/Speech/87687_5.wav,desed_soundbank,train/87687_5,freesound_87687,speech_normal,isolated_event,train,0.0,0.650,0.65,44100,1,CC-Sampling+,idelgado (freesound:87687),labels_only,2026-09-14,817d036e048f17d9c2a9e513c9e389df51cd49ff30b056fc2181ca620d80c1ea
desed_speech_normal_8622af0b,data/raw/desed_soundbank/audio/train/soundbank/foreground/Speech/33687_0.wav,desed_soundbank,train/33687_0,freesound_33687,speech_normal,isolated_event,train,0.0,2.065,2.065,44100,1,CC-BY,tim.kahn (freesound:33687),yes,2026-09-14,8622af0bf69f13319425b7a9c0ed2167e4d312c4685c3c432d008cf318c118bc
desed_speech_normal_86d99f05,data/raw/desed_soundbank/audio/eval/soundbank/foreground/Speech/236531.wav,desed_soundbank,eval/236531,freesound_236531,speech_normal,isolated_event,eval,0.0,0.693,0.693,44100,1,CC-BY,bcimmet (freesound:236531),yes,2026-09-14,86d99f057508927b3445bf2ab947501de7cb019e29b2ecce167524bab0a1ce6e
desed_speech_normal_874b2975,data/raw/desed_soundbank/audio/train/soundbank/foreground/Speech/147985_11.wav,desed_soundbank,train/147985_11,freesound_147985,speech_normal,isolated_event,train,0.0,1.860,1.86,44100,1,CC0,tekgnosis (freesound:147985),yes,2026-09-14,874b29754f08027b8c5d2fce3daf9ee936943ab73f357adda2552f2c38e76b04
desed_speech_normal_88045f00,data/raw/desed_soundbank/audio/train/soundbank/foreground/Speech/99464_1.wav,desed_soundbank,train/99464_1,freesound_99464,speech_normal,isolated_event,train,0.0,4.640,4.64,44100,1,CC-BY,tim.kahn (freesound:99464),yes,2026-09-14,88045f001e690e9bfa4598fe201c688b18c4d95d90385d3658bb4943a8af7b2b
desed_speech_normal_88562586,data/raw/desed_soundbank/audio/train/soundbank/foreground/Speech/93368_1.wav,desed_soundbank,train/93368_1,freesound_93368,speech_normal,isolated_event,train,0.0,0.521,0.521,44100,1,CC-BY,tim.kahn (freesound:93368),yes,2026-09-14,8856258616d8221d9eda8356cdeacb1d5302c10237a8ed926ef1229752326309
desed_speech_normal_890cba22,data/raw/desed_soundbank/audio/train/soundbank/foreground/Speech/106438.wav,desed_soundbank,train/106438,freesound_106438,speech_normal,isolated_event,train,0.0,0.981,0.981,44100,1,CC-BY,tim.kahn (freesound:106438),yes,2026-09-14,890cba224f43bf6a8bef542f1dd39a848c6c2e1aee3f1ba736c27076c19a4f86
desed_speech_normal_925d2219,data/raw/desed_soundbank/audio/train/soundbank/foreground/Speech/95786_1.wav,desed_soundbank,train/95786_1,freesound_95786,speech_normal,isolated_event,train,0.0,0.632,0.632,44100,1,CC-BY,tim.kahn (freesound:95786),yes,2026-09-14,925d22196e87b7d695f06ccc188d2798156c99b53e05fce6a4e7bdd6e2f408ba
desed_speech_normal_94895b72,data/raw/desed_soundbank/audio/train/soundbank/foreground/Speech/87687_3.wav,desed_soundbank,train/87687_3,freesound_87687,speech_normal,isolated_event,train,0.0,0.620,0.62,44100,1,CC-Sampling+,idelgado (freesound:87687),labels_only,2026-09-14,94895b728bebcf108741c525c8341f9a96b48547255d6f02ceec12e0a3b1871f
desed_speech_normal_9495e113,data/raw/desed_soundbank/audio/eval/soundbank/foreground/Speech/236605.wav,desed_soundbank,eval/236605,freesound_236605,speech_normal,isolated_event,eval,0.0,0.676,0.676,44100,1,CC-BY,bcimmet (freesound:236605),yes,2026-09-14,9495e1133018d06d42c5d8a104c25920293923ed566bc47b2ebb0b6ad60cada8
desed_speech_normal_9b0004ef,data/raw/desed_soundbank/audio/train/soundbank/foreground/Speech/80613.wav,desed_soundbank,train/80613,freesound_80613,speech_normal,isolated_event,train,0.0,1.891,1.891,44100,1,CC-BY,tim.kahn (freesound:80613),yes,2026-09-14,9b0004ef64d7fc9b9c454c0ffa5db4449f5dc33a231cb08d348946e3e4816ea4
desed_speech_normal_9cba5b99,data/raw/desed_soundbank/audio/train/soundbank/foreground/Speech/215682_2.wav,desed_soundbank,train/215682_2,freesound_215682,speech_normal,isolated_event,train,0.0,0.896,0.896,44100,1,CC-BY,unfa (freesound:215682),yes,2026-09-14,9cba5b99603486afa222104a7ac763b074f6380cce529c515dfe4545f4627679
desed_speech_normal_9d97e514,data/raw/desed_soundbank/audio/eval/soundbank/foreground/Speech/236651.wav,desed_soundbank,eval/236651,freesound_236651,speech_normal,isolated_event,eval,0.0,0.762,0.762,44100,1,CC-BY,bcimmet (freesound:236651),yes,2026-09-14,9d97e514951959f6b8ccb3ff811f2cf35e5f535c9f5131784e29af02e63ebbf7
desed_speech_normal_9f1f4948,data/raw/desed_soundbank/audio/train/soundbank/foreground/Speech/93379_1.wav,desed_soundbank,train/93379_1,freesound_93379,speech_normal,isolated_event,train,0.0,0.137,0.137,44100,1,CC-BY,tim.kahn (freesound:93379),yes,2026-09-14,9f1f49488a7baa25ebe54cc0812405ce10c4d30a40cdb4bd477e0732dc4fe329
desed_speech_normal_9f4eeeb5,data/raw/desed_soundbank/audio/train/soundbank/foreground/Speech/241578.wav,desed_soundbank,train/241578,freesound_241578,speech_normal,isolated_event,train,0.0,0.801,0.801,44100,1,CC0,Reitanna (freesound:241578),yes,2026-09-14,9f4eeeb5f9242db5422d766d6a2c63084450033341bc3c2c51f7753401bf75b5
desed_speech_normal_a1d5f44d,data/raw/desed_soundbank/audio/train/soundbank/foreground/Speech/95786_2.wav,desed_soundbank,train/95786_2,freesound_95786,speech_normal,isolated_event,train,0.0,1.184,1.184,44100,1,CC-BY,tim.kahn (freesound:95786),yes,2026-09-14,a1d5f44d887cd6ed1424d2d43a9a58d48a0e09deda9f315f73ab1b8e90018562
desed_speech_normal_a290b0e4,data/raw/desed_soundbank/audio/train/soundbank/foreground/Speech/147985_3.wav,desed_soundbank,train/147985_3,freesound_147985,speech_normal,isolated_event,train,0.0,1.322,1.322,44100,1,CC0,tekgnosis (freesound:147985),yes,2026-09-14,a290b0e4b38651859e34e9d38ae8971b1163c93bd348180dae95d51dfa38a268
desed_speech_normal_a4d1322b,data/raw/desed_soundbank/audio/eval/soundbank/foreground/Speech/277010_3.wav,desed_soundbank,eval/277010_3,freesound_277010,speech_normal,isolated_event,eval,0.0,1.036,1.036,44100,1,CC-BY-NC,barcelonetasonora (freesound:277010),labels_only,2026-09-14,a4d1322bdb0af47147c402feaa370d97dee47f0c4297d5cdb73d452932e61377
desed_speech_normal_a88f8482,data/raw/desed_soundbank/audio/train/soundbank/foreground/Speech/235016.wav,desed_soundbank,train/235016,freesound_235016,speech_normal,isolated_event,train,0.0,1.080,1.08,44100,1,CC0,Reitanna (freesound:235016),yes,2026-09-14,a88f84820516ff6d4d394a22c3fa4c1c5a5a0c168ca0f2af7946cdffdf328d35
desed_speech_normal_ab2337cf,data/raw/desed_soundbank/audio/eval/soundbank/foreground/Speech/189377.wav,desed_soundbank,eval/189377,freesound_189377,speech_normal,isolated_event,eval,0.0,0.860,0.86,44100,1,CC-BY,dobroide (freesound:189377),yes,2026-09-14,ab2337cf5879850830638f376ed7000e3be9b88d50981b0077bdc30fae475bf6
desed_speech_normal_ab24e748,data/raw/desed_soundbank/audio/eval/soundbank/foreground/Speech/189405.wav,desed_soundbank,eval/189405,freesound_189405,speech_normal,isolated_event,eval,0.0,0.824,0.824,44100,1,CC-BY,dobroide (freesound:189405),yes,2026-09-14,ab24e748c9a77eff1d758231e6e2dcef6551b05ab79fe340615fcefa4cb44fa3
desed_speech_normal_ab6d6b75,data/raw/desed_soundbank/audio/train/soundbank/foreground/Speech/94393_0.wav,desed_soundbank,train/94393_0,freesound_94393,speech_normal,isolated_event,train,0.0,1.393,1.393,44100,1,CC-BY,tim.kahn (freesound:94393),yes,2026-09-14,ab6d6b750b583c70e077aeb765e6d763d194e99dbffa5d96e4b1f83a1893986b
desed_speech_normal_affefe80,data/raw/desed_soundbank/audio/train/soundbank/foreground/Speech/262233_0.wav,desed_soundbank,train/262233_0,freesound_262233,speech_normal,isolated_event,train,0.0,1.835,1.835,44100,1,CC-BY,wjoojoo (freesound:262233),yes,2026-09-14,affefe80618c5c36870f95b5738d2718c1467347254d0b1a0fdd56e368cae416
desed_speech_normal_b0383094,data/raw/desed_soundbank/audio/train/soundbank/foreground/Speech/106468_2.wav,desed_soundbank,train/106468_2,freesound_106468,speech_normal,isolated_event,train,0.0,2.519,2.519,44100,1,CC-BY,tim.kahn (freesound:106468),yes,2026-09-14,b0383094f031da8e1e379da5fbf00d0038e4cc31a67c0bea5000cfc19c10895e
desed_speech_normal_b2aec2a9,data/raw/desed_soundbank/audio/train/soundbank/foreground/Speech/328711_2.wav,desed_soundbank,train/328711_2,freesound_328711,speech_normal,isolated_event,train,0.0,0.663,0.663,44100,1,CC-BY,fawkes1118 (freesound:328711),yes,2026-09-14,b2aec2a9973063bff4cee0a651e4ad3f456dfe29c166f6a8e8b9104b3ed05752
desed_speech_normal_b473f22e,data/raw/desed_soundbank/audio/train/soundbank/foreground/Speech/107808_0.wav,desed_soundbank,train/107808_0,freesound_107808,speech_normal,isolated_event,train,0.0,1.798,1.798,44100,1,CC-BY,tim.kahn (freesound:107808),yes,2026-09-14,b473f22ed0ae3ff90e61d185a1718fee25641a656a4694388a397811630bc3ec
desed_speech_normal_b62d8943,data/raw/desed_soundbank/audio/train/soundbank/foreground/Speech/107808_1.wav,desed_soundbank,train/107808_1,freesound_107808,speech_normal,isolated_event,train,0.0,1.476,1.476,44100,1,CC-BY,tim.kahn (freesound:107808),yes,2026-09-14,b62d8943690cdbd60022ad68e1f350b5f65fb0a330de5e8126d18a3b69f203ff
desed_speech_normal_b698a638,data/raw/desed_soundbank/audio/eval/soundbank/foreground/Speech/236561_2.wav,desed_soundbank,eval/236561_2,freesound_236561,speech_normal,isolated_event,eval,0.0,0.545,0.545,44100,1,CC-BY,bcimmet (freesound:236561),yes,2026-09-14,b698a638cb2c66f39c785a9e4945dfea46ec6ef993a0f8932274548099fa815b
desed_speech_normal_b89c13c0,data/raw/desed_soundbank/audio/eval/soundbank/foreground/Speech/236348.wav,desed_soundbank,eval/236348,freesound_236348,speech_normal,isolated_event,eval,0.0,2.250,2.25,44100,1,CC-BY,bcimmet (freesound:236348),yes,2026-09-14,b89c13c0455ff7fdb27800bb191d037e0a7117a6a66797ce505e74ebbae1f8f2
desed_speech_normal_ba31b660,data/raw/desed_soundbank/audio/train/soundbank/foreground/Speech/93368_0.wav,desed_soundbank,train/93368_0,freesound_93368,speech_normal,isolated_event,train,0.0,0.259,0.259,44100,1,CC-BY,tim.kahn (freesound:93368),yes,2026-09-14,ba31b660f646789ab3eb42704879fe2ce6d76c3b7349cb811a0199247e16a34a
desed_speech_normal_be5e9c07,data/raw/desed_soundbank/audio/train/soundbank/foreground/Speech/147985_0.wav,desed_soundbank,train/147985_0,freesound_147985,speech_normal,isolated_event,train,0.0,0.580,0.58,44100,1,CC0,tekgnosis (freesound:147985),yes,2026-09-14,be5e9c07130d405dd96f1f4e1f5e30ebcecc69328b8fd5805dcd9bc7e7603c7b
desed_speech_normal_c01b2a79,data/raw/desed_soundbank/audio/eval/soundbank/foreground/Speech/236561_1.wav,desed_soundbank,eval/236561_1,freesound_236561,speech_normal,isolated_event,eval,0.0,1.392,1.392,44100,1,CC-BY,bcimmet (freesound:236561),yes,2026-09-14,c01b2a796d7e74121388b000803c08503822a66619236b8b1fd7269b5a69f35f
desed_speech_normal_c177fd17,data/raw/desed_soundbank/audio/train/soundbank/foreground/Speech/99464_0.wav,desed_soundbank,train/99464_0,freesound_99464,speech_normal,isolated_event,train,0.0,2.132,2.132,44100,1,CC-BY,tim.kahn (freesound:99464),yes,2026-09-14,c177fd1746f065fa3e5b9c5908dc9af558f4b561b3a09fa8611be8dc33abfc4e
desed_speech_normal_c1c10f8b,data/raw/desed_soundbank/audio/train/soundbank/foreground/Speech/77422_1.wav,desed_soundbank,train/77422_1,freesound_77422,speech_normal,isolated_event,train,0.0,2.431,2.431,44100,1,CC-BY-NC,Ephemeral_Rift (freesound:77422),labels_only,2026-09-14,c1c10f8b742c83e89d88663973c70e74edce7d3fe1b8cad7efe9f2e564dcca55
desed_speech_normal_c3f22ab6,data/raw/desed_soundbank/audio/train/soundbank/foreground/Speech/106454_2.wav,desed_soundbank,train/106454_2,freesound_106454,speech_normal,isolated_event,train,0.0,0.560,0.56,44100,1,CC-BY,tim.kahn (freesound:106454),yes,2026-09-14,c3f22ab6d0eadf2551353701eca08d8d82ce6c35228f4a5cf2151e5f43429580
desed_speech_normal_c699a838,data/raw/desed_soundbank/audio/eval/soundbank/foreground/Speech/92922.wav,desed_soundbank,eval/92922,freesound_92922,speech_normal,isolated_event,eval,0.0,1.001,1.001,44100,1,CC-BY-NC,bulldozia (freesound:92922),labels_only,2026-09-14,c699a838a4a88f4d83e73b65f0f4e2d59919e171304305a6365490f5c6233fae
desed_speech_normal_c7437344,data/raw/desed_soundbank/audio/train/soundbank/foreground/Speech/87687_4.wav,desed_soundbank,train/87687_4,freesound_87687,speech_normal,isolated_event,train,0.0,0.832,0.832,44100,1,CC-Sampling+,idelgado (freesound:87687),labels_only,2026-09-14,c74373441790d98143efadff765254c0cf296a5c951fa94fdaf1cf9ccbe1b486
desed_speech_normal_c9b6aa1d,data/raw/desed_soundbank/audio/train/soundbank/foreground/Speech/106468_0.wav,desed_soundbank,train/106468_0,freesound_106468,speech_normal,isolated_event,train,0.0,1.147,1.147,44100,1,CC-BY,tim.kahn (freesound:106468),yes,2026-09-14,c9b6aa1d0e5e703c55f60116a70badb4c278a14708721f3d52581155a7cb90b4
desed_speech_normal_c9dfeed2,data/raw/desed_soundbank/audio/eval/soundbank/foreground/Speech/236487_0.wav,desed_soundbank,eval/236487_0,freesound_236487,speech_normal,isolated_event,eval,0.0,0.798,0.798,44100,1,CC-BY,bcimmet (freesound:236487),yes,2026-09-14,c9dfeed267fe851bef5976165d7ccd441ed07b3bc72f2505263d8d6cbfe798e7
desed_speech_normal_cb5fc912,data/raw/desed_soundbank/audio/train/soundbank/foreground/Speech/96543_2.wav,desed_soundbank,train/96543_2,freesound_96543,speech_normal,isolated_event,train,0.0,0.169,0.169,44100,1,CC-BY,tim.kahn (freesound:96543),yes,2026-09-14,cb5fc912fe5a3c642a185b12a8c0be6ca3ee6b8974d35a2781c09270eb6c1401
desed_speech_normal_cef647d5,data/raw/desed_soundbank/audio/train/soundbank/foreground/Speech/147985_2.wav,desed_soundbank,train/147985_2,freesound_147985,speech_normal,isolated_event,train,0.0,1.281,1.281,44100,1,CC0,tekgnosis (freesound:147985),yes,2026-09-14,cef647d50724bd0d740b2a559976fb1d0eba7291aea73963dddc982913b7a016
desed_speech_normal_cf2925f9,data/raw/desed_soundbank/audio/train/soundbank/foreground/Speech/215682_0.wav,desed_soundbank,train/215682_0,freesound_215682,speech_normal,isolated_event,train,0.0,1.029,1.029,44100,1,CC-BY,unfa (freesound:215682),yes,2026-09-14,cf2925f979a2e8c997e621c57b08834ee4452382ef9cde74b25b9ccec85e2b23
desed_speech_normal_cf67cba1,data/raw/desed_soundbank/audio/train/soundbank/foreground/Speech/77423_0.wav,desed_soundbank,train/77423_0,freesound_77423,speech_normal,isolated_event,train,0.0,0.765,0.765,44100,1,CC-BY-NC,Ephemeral_Rift (freesound:77423),labels_only,2026-09-14,cf67cba161800222d55ebaf00971e90a16cc680aa500e7d47aebb8c5ff2bf41c
desed_speech_normal_cf74d925,data/raw/desed_soundbank/audio/train/soundbank/foreground/Speech/147985_13.wav,desed_soundbank,train/147985_13,freesound_147985,speech_normal,isolated_event,train,0.0,1.733,1.733,44100,1,CC0,tekgnosis (freesound:147985),yes,2026-09-14,cf74d9252e1ed3d42246fde240799d2f4824817475d49af4ad4ff0baef4cda61
desed_speech_normal_d08dfe10,data/raw/desed_soundbank/audio/train/soundbank/foreground/Speech/124810_1.wav,desed_soundbank,train/124810_1,freesound_124810,speech_normal,isolated_event,train,0.0,1.241,1.241,44100,1,CC-BY,Greencouch (freesound:124810),yes,2026-09-14,d08dfe10356016c9431e804ebc61add9c34e74264f726f6d22f46ad2e51502bd
desed_speech_normal_d0f8db02,data/raw/desed_soundbank/audio/train/soundbank/foreground/Speech/320658.wav,desed_soundbank,train/320658,freesound_320658,speech_normal,isolated_event,train,0.0,0.722,0.722,44100,1,CC-BY,rhodesmas (freesound:320658),yes,2026-09-14,d0f8db023ce5f9091f47c58dec72a71cd53e43db618200f4ead6755ce8fec362
desed_speech_normal_d1889c94,data/raw/desed_soundbank/audio/train/soundbank/foreground/Speech/147985_6.wav,desed_soundbank,train/147985_6,freesound_147985,speech_normal,isolated_event,train,0.0,1.157,1.157,44100,1,CC0,tekgnosis (freesound:147985),yes,2026-09-14,d1889c94c84dea84ca5e517f3a91070719a0512700c249833dc5220d573472ef
desed_speech_normal_d27f58e2,data/raw/desed_soundbank/audio/train/soundbank/foreground/Speech/328711_0.wav,desed_soundbank,train/328711_0,freesound_328711,speech_normal,isolated_event,train,0.0,0.732,0.732,44100,1,CC-BY,fawkes1118 (freesound:328711),yes,2026-09-14,d27f58e28a45a5d948949334c23a2aa007e4675f1ddee5b2b2535df8c28d6064
desed_speech_normal_d2f2f46a,data/raw/desed_soundbank/audio/train/soundbank/foreground/Speech/93363_1.wav,desed_soundbank,train/93363_1,freesound_93363,speech_normal,isolated_event,train,0.0,0.169,0.169,44100,1,CC-BY,tim.kahn (freesound:93363),yes,2026-09-14,d2f2f46aed3a1f9937853848efab2eb3617f6ff87d3d6db099bf4ec09f6cb65f
desed_speech_normal_d546dddc,data/raw/desed_soundbank/audio/train/soundbank/foreground/Speech/124818.wav,desed_soundbank,train/124818,freesound_124818,speech_normal,isolated_event,train,0.0,1.370,1.37,44100,1,CC-BY,Greencouch (freesound:124818),yes,2026-09-14,d546dddc761a22e3f6bfeb6a23e74bce86283631418d6dee054659524a6e5453
desed_speech_normal_d57cdbd7,data/raw/desed_soundbank/audio/train/soundbank/foreground/Speech/147985_19.wav,desed_soundbank,train/147985_19,freesound_147985,speech_normal,isolated_event,train,0.0,1.420,1.42,44100,1,CC0,tekgnosis (freesound:147985),yes,2026-09-14,d57cdbd7fe2304542cecefd9ff7428a7729d044e3330d7ed2b0e61939cac106a
desed_speech_normal_daabe9bc,data/raw/desed_soundbank/audio/train/soundbank/foreground/Speech/147985_9.wav,desed_soundbank,train/147985_9,freesound_147985,speech_normal,isolated_event,train,0.0,1.454,1.454,44100,1,CC0,tekgnosis (freesound:147985),yes,2026-09-14,daabe9bc38e2d80558aa7fb1216ffd737fbad24bc07403f15021ddd6a67f2819
desed_speech_normal_db894e15,data/raw/desed_soundbank/audio/eval/soundbank/foreground/Speech/361089_1.wav,desed_soundbank,eval/361089_1,freesound_361089,speech_normal,isolated_event,eval,0.0,1.035,1.035,44100,1,CC0,balloonhead (freesound:361089),yes,2026-09-14,db894e15cfefbbf82864c3a54772d5c0bd8543053f1a7bad879ff3d40d0ea828
desed_speech_normal_dd66951a,data/raw/desed_soundbank/audio/eval/soundbank/foreground/Speech/189420.wav,desed_soundbank,eval/189420,freesound_189420,speech_normal,isolated_event,eval,0.0,0.622,0.622,44100,1,CC-BY,dobroide (freesound:189420),yes,2026-09-14,dd66951af835b78a791e4811618a9e11bf47f782c2d6170623faa974310d121d
desed_speech_normal_e46d94de,data/raw/desed_soundbank/audio/train/soundbank/foreground/Speech/147985_20.wav,desed_soundbank,train/147985_20,freesound_147985,speech_normal,isolated_event,train,0.0,2.214,2.214,44100,1,CC0,tekgnosis (freesound:147985),yes,2026-09-14,e46d94dec5e78d8920a313a76d7f90ded196b4e773ec7ffc3771a689895cf8a6
desed_speech_normal_e66e9bff,data/raw/desed_soundbank/audio/train/soundbank/foreground/Speech/80190.wav,desed_soundbank,train/80190,freesound_80190,speech_normal,isolated_event,train,0.0,0.885,0.885,44100,1,CC-BY,tim.kahn (freesound:80190),yes,2026-09-14,e66e9bff081419b1d7eaad48db0f2db2250a0cd054fced37a8ae9aa8062a33f4
desed_speech_normal_e7ca37f5,data/raw/desed_soundbank/audio/train/soundbank/foreground/Speech/147985_10.wav,desed_soundbank,train/147985_10,freesound_147985,speech_normal,isolated_event,train,0.0,2.278,2.278,44100,1,CC0,tekgnosis (freesound:147985),yes,2026-09-14,e7ca37f561b4b79e9fcb897857074dbcee0d8754c81c43c29dfa8e0c56384092
desed_speech_normal_e86c3ca7,data/raw/desed_soundbank/audio/train/soundbank/foreground/Speech/33689_1.wav,desed_soundbank,train/33689_1,freesound_33689,speech_normal,isolated_event,train,0.0,2.751,2.751,44100,1,CC-BY,tim.kahn (freesound:33689),yes,2026-09-14,e86c3ca724660bc6f0c4ad6a16508a17ec7240c100433bef2a6177ff43754af1
desed_speech_normal_e9296c38,data/raw/desed_soundbank/audio/eval/soundbank/foreground/Speech/277010_1.wav,desed_soundbank,eval/277010_1,freesound_277010,speech_normal,isolated_event,eval,0.0,2.406,2.406,44100,1,CC-BY-NC,barcelonetasonora (freesound:277010),labels_only,2026-09-14,e9296c38327b4daafdefab307db311e8be63c899df6b622dbb7f47073eb43f5b
desed_speech_normal_eb574e22,data/raw/desed_soundbank/audio/train/soundbank/foreground/Speech/93368_2.wav,desed_soundbank,train/93368_2,freesound_93368,speech_normal,isolated_event,train,0.0,0.130,0.13,44100,1,CC-BY,tim.kahn (freesound:93368),yes,2026-09-14,eb574e22a57b58ba7ccee03916e2c4b1b59158e65a55e28a13b3544e025a50f9
desed_speech_normal_ed9eea2c,data/raw/desed_soundbank/audio/train/soundbank/foreground/Speech/147985_15.wav,desed_soundbank,train/147985_15,freesound_147985,speech_normal,isolated_event,train,0.0,1.676,1.676,44100,1,CC0,tekgnosis (freesound:147985),yes,2026-09-14,ed9eea2c5b7e46d0f02e6dee635b916ad3a6ba02757eab0fd4f05da63b4b1b7a
desed_speech_normal_eda05696,data/raw/desed_soundbank/audio/train/soundbank/foreground/Speech/63331.wav,desed_soundbank,train/63331,freesound_63331,speech_normal,isolated_event,train,0.0,0.886,0.886,44100,1,CC-BY,reinsamba (freesound:63331),yes,2026-09-14,eda05696da26712bea9cddfcb36f24214c5c50265ba02c09635dc59274575845
desed_speech_normal_ef6fe7c9,data/raw/desed_soundbank/audio/train/soundbank/foreground/Speech/429038.wav,desed_soundbank,train/429038,freesound_429038,speech_normal,isolated_event,train,0.0,0.641,0.641,44100,1,CC0,theuncertainman (freesound:429038),yes,2026-09-14,ef6fe7c9ed367d967b5122379b3bb738dc92fc2e9fafd6f4668cf75d264ab024
desed_speech_normal_f0e8e9c2,data/raw/desed_soundbank/audio/eval/soundbank/foreground/Speech/92951.wav,desed_soundbank,eval/92951,freesound_92951,speech_normal,isolated_event,eval,0.0,0.839,0.839,44100,1,CC-BY-NC,bulldozia (freesound:92951),labels_only,2026-09-14,f0e8e9c21408bf3df42b5bec7fd51e1682754e69c63e5ffbe42fc68934d73ebd
desed_speech_normal_f107fb0d,data/raw/desed_soundbank/audio/train/soundbank/foreground/Speech/82788_1.wav,desed_soundbank,train/82788_1,freesound_82788,speech_normal,isolated_event,train,0.0,2.769,2.769,44100,1,CC-BY,tim.kahn (freesound:82788),yes,2026-09-14,f107fb0d9d13e300d7fd1fad3270cd39eacf195d4ba99b07501925d884056fc1
desed_speech_normal_f221943d,data/raw/desed_soundbank/audio/train/soundbank/foreground/Speech/77423_1.wav,desed_soundbank,train/77423_1,freesound_77423,speech_normal,isolated_event,train,0.0,1.379,1.379,44100,1,CC-BY-NC,Ephemeral_Rift (freesound:77423),labels_only,2026-09-14,f221943d893bcbd94e2c7d0833a02b80948ffa89499a3338c833dfe5e8263e62
desed_speech_normal_f4175987,data/raw/desed_soundbank/audio/train/soundbank/foreground/Speech/254034.wav,desed_soundbank,train/254034,freesound_254034,speech_normal,isolated_event,train,0.0,1.375,1.375,44100,1,CC-BY-NC,Jagadamba (freesound:254034),labels_only,2026-09-14,f4175987d4304a34535f5d18235ebd0c351b1acaed13153295022f5880cfd950
desed_speech_normal_f4317d54,data/raw/desed_soundbank/audio/train/soundbank/foreground/Speech/147985_14.wav,desed_soundbank,train/147985_14,freesound_147985,speech_normal,isolated_event,train,0.0,1.925,1.925,44100,1,CC0,tekgnosis (freesound:147985),yes,2026-09-14,f4317d54646103dc75f11d19515b3072e73ae06a9866c388d423cbfb1938306b
desed_speech_normal_f6286392,data/raw/desed_soundbank/audio/eval/soundbank/foreground/Speech/146291.wav,desed_soundbank,eval/146291,freesound_146291,speech_normal,isolated_event,eval,0.0,1.060,1.06,44100,1,CC0,Andrew5DMII (freesound:146291),yes,2026-09-14,f62863928c2a713be2b30b74fa678cc06cba97eae026b1cc4b2db361c3db6a7e
desed_speech_normal_f693ae6b,data/raw/desed_soundbank/audio/train/soundbank/foreground/Speech/147985_18.wav,desed_soundbank,train/147985_18,freesound_147985,speech_normal,isolated_event,train,0.0,0.402,0.402,44100,1,CC0,tekgnosis (freesound:147985),yes,2026-09-14,f693ae6b382bcda2bd3de98c2948837950f2aa7e9ea34470fe69990e801743fd
desed_speech_normal_f6a67906,data/raw/desed_soundbank/audio/train/soundbank/foreground/Speech/82788_0.wav,desed_soundbank,train/82788_0,freesound_82788,speech_normal,isolated_event,train,0.0,3.553,3.553,44100,1,CC-BY,tim.kahn (freesound:82788),yes,2026-09-14,f6a679064cdf856a64a9cf2c62357e8cdd0c13f8a30abd726d9202a63ef90dca
desed_speech_normal_f74e5640,data/raw/desed_soundbank/audio/eval/soundbank/foreground/Speech/92932.wav,desed_soundbank,eval/92932,freesound_92932,speech_normal,isolated_event,eval,0.0,0.732,0.732,44100,1,CC-BY-NC,bulldozia (freesound:92932),labels_only,2026-09-14,f74e5640562a24df53b2b112378de479695c184f4156978d6f80d35e232f12ff
desed_speech_normal_f950cd86,data/raw/desed_soundbank/audio/train/soundbank/foreground/Speech/93375_0.wav,desed_soundbank,train/93375_0,freesound_93375,speech_normal,isolated_event,train,0.0,1.535,1.535,44100,1,CC-BY,tim.kahn (freesound:93375),yes,2026-09-14,f950cd86e5e4243945e30ebd2d463b04f21fe900b52459f367015779bb399b32
desed_speech_normal_f9744285,data/raw/desed_soundbank/audio/train/soundbank/foreground/Speech/147985_8.wav,desed_soundbank,train/147985_8,freesound_147985,speech_normal,isolated_event,train,0.0,0.787,0.787,44100,1,CC0,tekgnosis (freesound:147985),yes,2026-09-14,f9744285c06cfc939228907fc9360ecda437170596ddfa2354979c0f4db03e3e
desed_speech_normal_fcbadfa8,data/raw/desed_soundbank/audio/eval/soundbank/foreground/Speech/86461.wav,desed_soundbank,eval/86461,freesound_86461,speech_normal,isolated_event,eval,0.0,1.119,1.119,44100,1,CC-BY,deleted_user_1390811 (freesound:86461),yes,2026-09-14,fcbadfa878d0e473e2443be02c352db0f25660ba309da80c46aa1f15965b67a6
desed_speech_normal_fd4a80a8,data/raw/desed_soundbank/audio/train/soundbank/foreground/Speech/254393.wav,desed_soundbank,train/254393,freesound_254393,speech_normal,isolated_event,train,0.0,0.558,0.558,44100,1,CC-BY-NC,Jagadamba (freesound:254393),labels_only,2026-09-14,fd4a80a8f3f8ab540bc25dfd621c25ce867b62c8d41394a633db5a68f1bba037
desed_speech_normal_fdb2c7c0,data/raw/desed_soundbank/audio/train/soundbank/foreground/Speech/147985_1.wav,desed_soundbank,train/147985_1,freesound_147985,speech_normal,isolated_event,train,0.0,1.026,1.026,44100,1,CC0,tekgnosis (freesound:147985),yes,2026-09-14,fdb2c7c0169ac235ef3605da2c062cb629466a6dbc5bb33e8f1c6b16ddbfbc13
desed_speech_normal_fef39363,data/raw/desed_soundbank/audio/train/soundbank/foreground/Speech/93375_1.wav,desed_soundbank,train/93375_1,freesound_93375,speech_normal,isolated_event,train,0.0,0.692,0.692,44100,1,CC-BY,tim.kahn (freesound:93375),yes,2026-09-14,fef39363870ea89732e8983e1208afc9740518d5898a239f87d09276507bc649
desed_speech_normal_fefd991f,data/raw/desed_soundbank/audio/train/soundbank/foreground/Speech/109859_0.wav,desed_soundbank,train/109859_0,freesound_109859,speech_normal,isolated_event,train,0.0,0.793,0.793,44100,1,CC-BY,tim.kahn (freesound:109859),yes,2026-09-14,fefd991f72bab803d308b98bdac0333e06ab1ad7fef468d8980e09e14075d68c
esc50_alarm_bell_0f0e831a,data/raw/esc50/ESC-50-master/audio/4-140034-A-46.wav,esc50,4-140034-A-46,freesound_140034,alarm_bell,weak,,,,5.0,44100,1,CC-BY,reinsamba (http://www.freesound.org/people/reinsamba/sounds/140034/),yes,2026-09-14,0f0e831ad6c1df8e9367f1390c35ff464c1df60205d5688eab478e71fecdb0bd
esc50_alarm_bell_0f99cf9a,data/raw/esc50/ESC-50-master/audio/5-234247-A-37.wav,esc50,5-234247-A-37,freesound_234247,alarm_bell,weak,,,,5.0,44100,1,CC-BY,rivernile7 (http://www.freesound.org/people/rivernile7/sounds/234247/),yes,2026-09-14,0f99cf9aecfa93e37ba0de4c4a80849ded00cd52f80fc11c9315261512f94702
esc50_alarm_bell_119c2783,data/raw/esc50/ESC-50-master/audio/1-74517-A-37.wav,esc50,1-74517-A-37,freesound_74517,alarm_bell,weak,,,,5.0,44100,1,CC0,galeku (http://www.freesound.org/people/galeku/sounds/74517/),yes,2026-09-14,119c27838962b7aee90e1d26fbad8a7da2977da8f788d79a1ada43d27f15e4aa
esc50_alarm_bell_1583d0be,data/raw/esc50/ESC-50-master/audio/2-56926-A-46.wav,esc50,2-56926-A-46,freesound_56926,alarm_bell,weak,,,,5.0,44100,1,CC0,dADDoiT (http://www.freesound.org/people/dADDoiT/sounds/56926/),yes,2026-09-14,1583d0be06e9869e2647770cc58c35018337157ca1652bfb7b911e6139e6cb03
esc50_alarm_bell_1b78f0e6,data/raw/esc50/ESC-50-master/audio/4-169508-A-37.wav,esc50,4-169508-A-37,freesound_169508,alarm_bell,weak,,,,5.0,44100,1,CC0,Olalr (http://www.freesound.org/people/Olalr/sounds/169508/),yes,2026-09-14,1b78f0e61352c9d8d4c95987ba852cc3f9e84c3d6a4f3be7424e2704057570a2
esc50_alarm_bell_1c5a500b,data/raw/esc50/ESC-50-master/audio/5-219242-A-37.wav,esc50,5-219242-A-37,freesound_219242,alarm_bell,weak,,,,5.0,44100,1,CC0,ZyryTSounds (http://www.freesound.org/people/ZyryTSounds/sounds/219242/),yes,2026-09-14,1c5a500bc3c9d8546bf57377724aad24957d8a8c67cba7c0f3f2d4a4ed7ba9d1
esc50_alarm_bell_1ccb7137,data/raw/esc50/ESC-50-master/audio/4-147657-A-46.wav,esc50,4-147657-A-46,freesound_147657,alarm_bell,weak,,,,5.0,44100,1,CC-BY-NC,jsahab (http://www.freesound.org/people/jsahab/sounds/147657/),labels_only,2026-09-14,1ccb7137cf0c9ff4226cc7a9d6200af0b1f9cd6b06b8799493f8cfd4be8feb2e
esc50_alarm_bell_1d12a9f2,data/raw/esc50/ESC-50-master/audio/3-131943-A-37.wav,esc50,3-131943-A-37,freesound_131943,alarm_bell,weak,,,,5.0,44100,1,CC0,AngryAdam (http://www.freesound.org/people/AngryAdam/sounds/131943/),yes,2026-09-14,1d12a9f29903f1d8c5ed2cfd86873a768724b818d38f418afd924327c428e539
esc50_alarm_bell_21679508,data/raw/esc50/ESC-50-master/audio/5-219242-B-37.wav,esc50,5-219242-B-37,freesound_219242,alarm_bell,weak,,,,5.0,44100,1,CC0,ZyryTSounds (http://www.freesound.org/people/ZyryTSounds/sounds/219242/),yes,2026-09-14,21679508d50f7b025c74d8c9bd332fb835ce51b2768d6e98eb5c118810dfdf8d
esc50_alarm_bell_218a6463,data/raw/esc50/ESC-50-master/audio/5-233645-A-37.wav,esc50,5-233645-A-37,freesound_233645,alarm_bell,weak,,,,5.0,44100,1,CC-BY-NC,zanox (http://www.freesound.org/people/zanox/sounds/233645/),labels_only,2026-09-14,218a6463e3618d4cb98a725827dc51901682b6ffcf3c15763c73032870f1ac94
esc50_alarm_bell_220c3d12,data/raw/esc50/ESC-50-master/audio/1-14262-A-37.wav,esc50,1-14262-A-37,freesound_14262,alarm_bell,weak,,,,5.0,44100,1,CC0,xyzr_kx (http://www.freesound.org/people/xyzr_kx/sounds/14262/),yes,2026-09-14,220c3d127df2f0d8979a2edde5318aaaa3aed19d8c5d3b4a40d529f979bba453
esc50_alarm_bell_2212340e,data/raw/esc50/ESC-50-master/audio/1-22804-A-46.wav,esc50,1-22804-A-46,freesound_22804,alarm_bell,weak,,,,5.0,44100,1,CC-BY-NC,acclivity (http://www.freesound.org/people/acclivity/sounds/22804/),labels_only,2026-09-14,2212340e03c7e481a21f0e4845f54dc521d6c8a5c961d3421445b85f9bdf1ca9
esc50_alarm_bell_2d2ae224,data/raw/esc50/ESC-50-master/audio/4-204684-A-37.wav,esc50,4-204684-A-37,freesound_204684,alarm_bell,weak,,,,5.0,44100,1,CC-BY-NC,Fredemo (http://www.freesound.org/people/Fredemo/sounds/204684/),labels_only,2026-09-14,2d2ae2240ee02f8208eab138101ff702013bcc018327bae3aeeae53c2716d04b
esc50_alarm_bell_2e28b25e,data/raw/esc50/ESC-50-master/audio/1-13613-A-37.wav,esc50,1-13613-A-37,freesound_13613,alarm_bell,weak,,,,5.0,44100,1,CC0,hookhead (http://www.freesound.org/people/hookhead/sounds/13613/),yes,2026-09-14,2e28b25e14611723cdcc0becfa36468a8d0329a0c141e4f1d894bd6bb5773f34
esc50_alarm_bell_3b2f085b,data/raw/esc50/ESC-50-master/audio/2-104475-A-37.wav,esc50,2-104475-A-37,freesound_104475,alarm_bell,weak,,,,5.0,44100,1,CC-Sampling+,rparson (http://www.freesound.org/people/rparson/sounds/104475/),labels_only,2026-09-14,3b2f085ba02fd9a1070e28f42ba5c132bde45be96753349258f566bb24172d69
esc50_alarm_bell_3e1cd1eb,data/raw/esc50/ESC-50-master/audio/3-148297-A-37.wav,esc50,3-148297-A-37,freesound_148297,alarm_bell,weak,,,,5.0,44100,1,CC0,are16ocean (http://www.freesound.org/people/are16ocean/sounds/148297/),yes,2026-09-14,3e1cd1eb5c9bfe18c841b222af19d3d0fb999a931c4665c9c43385f5f26739ce
esc50_alarm_bell_403a522c,data/raw/esc50/ESC-50-master/audio/3-117793-A-37.wav,esc50,3-117793-A-37,freesound_117793,alarm_bell,weak,,,,5.0,44100,1,CC0,gerrygregory (http://www.freesound.org/people/gerrygregory/sounds/117793/),yes,2026-09-14,403a522c137b94195bdf3d9175aa3432a76018e41fd049f74cbd6da900f38cd4
esc50_alarm_bell_44316710,data/raw/esc50/ESC-50-master/audio/5-201172-A-46.wav,esc50,5-201172-A-46,freesound_201172,alarm_bell,weak,,,,5.0,44100,1,CC-BY,phonoflora (http://www.freesound.org/people/phonoflora/sounds/201172/),yes,2026-09-14,4431671073f418b236baca9cd8da6c91796fd38eccf1b85e66721e0639992bdf
esc50_alarm_bell_45473028,data/raw/esc50/ESC-50-master/audio/1-21421-A-46.wav,esc50,1-21421-A-46,freesound_21421,alarm_bell,weak,,,,5.0,44100,1,CC-BY,dobroide (http://www.freesound.org/people/dobroide/sounds/21421/),yes,2026-09-14,4547302835eb89a4fddaebca32b56e26784cc8453f7ee1984c014ffc8af6819e
esc50_alarm_bell_48e8337f,data/raw/esc50/ESC-50-master/audio/1-96890-A-37.wav,esc50,1-96890-A-37,freesound_96890,alarm_bell,weak,,,,5.0,44100,1,CC-BY,TinyJiro (http://www.freesound.org/people/TinyJiro/sounds/96890/),yes,2026-09-14,48e8337f9d0df547ca9784597aea7f00d4ec3984ee5aa5894d21fed0f4f8a399
esc50_alarm_bell_49223fa4,data/raw/esc50/ESC-50-master/audio/4-198841-A-37.wav,esc50,4-198841-A-37,freesound_198841,alarm_bell,weak,,,,5.0,44100,1,CC-BY,bone666138 (http://www.freesound.org/people/bone666138/sounds/198841/),yes,2026-09-14,49223fa45a7db4a1ca663d7c0f4c2de3e46a76f7f0e740fa5511f1fd3107062c
esc50_alarm_bell_495ea115,data/raw/esc50/ESC-50-master/audio/2-61618-A-46.wav,esc50,2-61618-A-46,freesound_61618,alarm_bell,weak,,,,5.0,44100,1,CC-BY,ariepaul (http://www.freesound.org/people/ariepaul/sounds/61618/),yes,2026-09-14,495ea1156f726d49eec02edeed6a8be6f5dce80d3262fd4da50134870e09e24d
esc50_alarm_bell_5822815c,data/raw/esc50/ESC-50-master/audio/5-223176-A-37.wav,esc50,5-223176-A-37,freesound_223176,alarm_bell,weak,,,,5.0,44100,1,CC0,Yoyodaman234 (http://www.freesound.org/people/Yoyodaman234/sounds/223176/),yes,2026-09-14,5822815ceb1589bc11f05f26b6972e5ebd9dd1a7f12568645140a82852664db8
esc50_alarm_bell_5e790539,data/raw/esc50/ESC-50-master/audio/2-78562-B-37.wav,esc50,2-78562-B-37,freesound_78562,alarm_bell,weak,,,,5.0,44100,1,CC-BY,joedeshon (http://www.freesound.org/people/joedeshon/sounds/78562/),yes,2026-09-14,5e7905399bf6604eab686cdf53301d4af34a48fa2fba98262deb217e8a401f51
esc50_alarm_bell_6917ce39,data/raw/esc50/ESC-50-master/audio/2-102435-A-37.wav,esc50,2-102435-A-37,freesound_102435,alarm_bell,weak,,,,5.0,44100,1,CC0,tuberatanka (http://www.freesound.org/people/tuberatanka/sounds/102435/),yes,2026-09-14,6917ce398c3cb7cb426c65224f59e63794eeabd732ad2f399c23f5b091bbcd12
esc50_alarm_bell_796a0d89,data/raw/esc50/ESC-50-master/audio/4-125825-A-46.wav,esc50,4-125825-A-46,freesound_125825,alarm_bell,weak,,,,5.0,44100,1,CC0,thaighaudio (http://www.freesound.org/people/thaighaudio/sounds/125825/),yes,2026-09-14,796a0d8975ce9db3eb4e6d8ce438f6dbbd4ad4a1a8a6a18de4521face6eeb28a
esc50_alarm_bell_7b8aad41,data/raw/esc50/ESC-50-master/audio/5-197988-A-46.wav,esc50,5-197988-A-46,freesound_197988,alarm_bell,weak,,,,5.0,44100,1,CC-BY-NC,Joao_Santos (http://www.freesound.org/people/Joao_Santos/sounds/197988/),labels_only,2026-09-14,7b8aad416b5c8a5e6d240ee7aa4d5e1493ff12bf441925ea43f8edf3702e68de
esc50_alarm_bell_7dbc0346,data/raw/esc50/ESC-50-master/audio/5-219044-A-46.wav,esc50,5-219044-A-46,freesound_219044,alarm_bell,weak,,,,5.0,44100,1,CC0,JarredGibb (http://www.freesound.org/people/JarredGibb/sounds/219044/),yes,2026-09-14,7dbc0346a35a4e74f4a1c4752df6345de914da1796091d99cd216e89779b891a
esc50_alarm_bell_81ff3870,data/raw/esc50/ESC-50-master/audio/2-59566-A-46.wav,esc50,2-59566-A-46,freesound_59566,alarm_bell,weak,,,,5.0,44100,1,CC-BY,3bagbrew (http://www.freesound.org/people/3bagbrew/sounds/59566/),yes,2026-09-14,81ff3870e169f9ceb10a4ebe58be40c5b7a30ef9f21cf215bbbd5a747eb4bcbe
esc50_alarm_bell_82212458,data/raw/esc50/ESC-50-master/audio/3-132340-A-37.wav,esc50,3-132340-A-37,freesound_132340,alarm_bell,weak,,,,5.0,44100,1,CC0,PlayPauseAndRewind (http://www.freesound.org/people/PlayPauseAndRewind/sounds/132340/),yes,2026-09-14,822124583e9e57218af01ea91f97c04d373deea3548d106d822106670486a3c8
esc50_alarm_bell_87c0ead3,data/raw/esc50/ESC-50-master/audio/1-34853-A-37.wav,esc50,1-34853-A-37,freesound_34853,alarm_bell,weak,,,,5.0,44100,1,CC-Sampling+,jackstrebor (http://www.freesound.org/people/jackstrebor/sounds/34853/),labels_only,2026-09-14,87c0ead33b915845a8d86437b78755278408aedf8ed19e4880674a3679122cf4
esc50_alarm_bell_892a04fe,data/raw/esc50/ESC-50-master/audio/4-189332-A-37.wav,esc50,4-189332-A-37,freesound_189332,alarm_bell,weak,,,,5.0,44100,1,CC0,sangtao (http://www.freesound.org/people/sangtao/sounds/189332/),yes,2026-09-14,892a04fea067db4c75b8d8e835a55d852dfd44f96c85c354ee86f5c63ce52721
esc50_alarm_bell_8b402796,data/raw/esc50/ESC-50-master/audio/2-78381-A-46.wav,esc50,2-78381-A-46,freesound_78381,alarm_bell,weak,,,,5.0,44100,1,CC-BY,Peaveycroquette (http://www.freesound.org/people/Peaveycroquette/sounds/78381/),yes,2026-09-14,8b402796ab92ed28495b1f9f93c22db4c916cc40fa1459e1376078acf8f1bd43
esc50_alarm_bell_8dbf786d,data/raw/esc50/ESC-50-master/audio/4-147658-A-46.wav,esc50,4-147658-A-46,freesound_147658,alarm_bell,weak,,,,5.0,44100,1,CC-BY-NC,jsahab (http://www.freesound.org/people/jsahab/sounds/147658/),labels_only,2026-09-14,8dbf786d91c8678bc846b37163c4235122fa8cf5976802bbeab4186f754d5633
esc50_alarm_bell_8f8f7c9c,data/raw/esc50/ESC-50-master/audio/5-198373-A-46.wav,esc50,5-198373-A-46,freesound_198373,alarm_bell,weak,,,,5.0,44100,1,CC0,organicmanpl (http://www.freesound.org/people/organicmanpl/sounds/198373/),yes,2026-09-14,8f8f7c9c79e6ae65d068c431986e0621e7066512bf3e3f54203542059a5e7c90
esc50_alarm_bell_92baf64d,data/raw/esc50/ESC-50-master/audio/1-13571-A-46.wav,esc50,1-13571-A-46,freesound_13571,alarm_bell,weak,,,,5.0,44100,1,CC-BY-NC,acclivity (http://www.freesound.org/people/acclivity/sounds/13571/),labels_only,2026-09-14,92baf64d0e246d513e7a94e3778459558dcc222ec7cd30b12c58092a3d903142
esc50_alarm_bell_93064c31,data/raw/esc50/ESC-50-master/audio/3-117883-A-37.wav,esc50,3-117883-A-37,freesound_117883,alarm_bell,weak,,,,5.0,44100,1,CC-Sampling+,ArcLegend05 (http://www.freesound.org/people/ArcLegend05/sounds/117883/),labels_only,2026-09-14,93064c312872ee32c74e893a7b2a7fa2b8fa83170a17ce6267227186178ddcdb
esc50_alarm_bell_973df7c6,data/raw/esc50/ESC-50-master/audio/3-98193-A-46.wav,esc50,3-98193-A-46,freesound_98193,alarm_bell,weak,,,,5.0,44100,1,CC-BY-NC,Robinhood76 (http://www.freesound.org/people/Robinhood76/sounds/98193/),labels_only,2026-09-14,973df7c6b56c4ba23ab3c26b385a64429dc3845693c640e07449207ce32af6f3
esc50_alarm_bell_9a8b1499,data/raw/esc50/ESC-50-master/audio/2-57191-A-46.wav,esc50,2-57191-A-46,freesound_57191,alarm_bell,weak,,,,5.0,44100,1,CC0,dADDoiT (http://www.freesound.org/people/dADDoiT/sounds/57191/),yes,2026-09-14,9a8b14997744a923922052ac97d9a43ac1ec9d39e04b8a89649dc0d58177d8f1
esc50_alarm_bell_9e45012b,data/raw/esc50/ESC-50-master/audio/3-120526-A-37.wav,esc50,3-120526-A-37,freesound_120526,alarm_bell,weak,,,,5.0,44100,1,CC0,PlayPauseAndRewind (http://www.freesound.org/people/PlayPauseAndRewind/sounds/120526/),yes,2026-09-14,9e45012b982eeb50eeaeb84f1ba27035027f1d5967b593707840306e880e4ab3
esc50_alarm_bell_a0664359,data/raw/esc50/ESC-50-master/audio/1-54747-A-46.wav,esc50,1-54747-A-46,freesound_54747,alarm_bell,weak,,,,5.0,44100,1,CC-BY,Satoration (http://www.freesound.org/people/Satoration/sounds/54747/),yes,2026-09-14,a0664359aa21e7b44f8de962632c9ed2bca9f86728056ae8dd14ae7ac5cd0330
esc50_alarm_bell_a6b64ebb,data/raw/esc50/ESC-50-master/audio/3-87936-A-46.wav,esc50,3-87936-A-46,freesound_87936,alarm_bell,weak,,,,5.0,44100,1,CC0,Ohrwurm (http://www.freesound.org/people/Ohrwurm/sounds/87936/),yes,2026-09-14,a6b64ebbceb2f946ab37609967aedaf8d66a5299f270071a5afff4e220eb01c3
esc50_alarm_bell_ae91dd8b,data/raw/esc50/ESC-50-master/audio/3-111102-B-46.wav,esc50,3-111102-B-46,freesound_111102,alarm_bell,weak,,,,5.0,44100,1,CC-BY,dobroide (http://www.freesound.org/people/dobroide/sounds/111102/),yes,2026-09-14,ae91dd8bd047cd9046ab7f429a4a34d32254749dc9bdde00ed6a22444fa5d37a
esc50_alarm_bell_af64f859,data/raw/esc50/ESC-50-master/audio/3-139109-A-46.wav,esc50,3-139109-A-46,freesound_139109,alarm_bell,weak,,,,5.0,44100,1,CC0,Mxsmanic (http://www.freesound.org/people/Mxsmanic/sounds/139109/),yes,2026-09-14,af64f85921ab2491f4dc060eeada635c2a547d96afb3731e1386661165e96af1
esc50_alarm_bell_b13da802,data/raw/esc50/ESC-50-master/audio/3-98869-A-46.wav,esc50,3-98869-A-46,freesound_98869,alarm_bell,weak,,,,5.0,44100,1,CC-BY-NC,LondonSoundSurvey (http://www.freesound.org/people/LondonSoundSurvey/sounds/98869/),labels_only,2026-09-14,b13da802e507aa019c34b3ec44f8f64aa101ab2a3f16ac6aaba125062faec084
esc50_alarm_bell_b6d260c3,data/raw/esc50/ESC-50-master/audio/4-172366-A-37.wav,esc50,4-172366-A-37,freesound_172366,alarm_bell,weak,,,,5.0,44100,1,CC-BY,avakas (http://www.freesound.org/people/avakas/sounds/172366/),yes,2026-09-14,b6d260c3b1823bdd45c9d8968b87a9bc6d57c0b99bfef07362cae506ae38b32a
esc50_alarm_bell_b863f411,data/raw/esc50/ESC-50-master/audio/3-139958-A-37.wav,esc50,3-139958-A-37,freesound_139958,alarm_bell,weak,,,,5.0,44100,1,CC0,jessepash (http://www.freesound.org/people/jessepash/sounds/139958/),yes,2026-09-14,b863f4119feb3ca8b754fa25ce918542b8421947823df89ef53948af726a21f3
esc50_alarm_bell_b8b67daf,data/raw/esc50/ESC-50-master/audio/4-209698-A-37.wav,esc50,4-209698-A-37,freesound_209698,alarm_bell,weak,,,,5.0,44100,1,CC0,EagleStealthTeam (http://www.freesound.org/people/EagleStealthTeam/sounds/209698/),yes,2026-09-14,b8b67daf8895617ba9f2b6b266e6cdc32845ddcc9153b017d06874a95d780945
esc50_alarm_bell_bb41577f,data/raw/esc50/ESC-50-master/audio/3-120526-B-37.wav,esc50,3-120526-B-37,freesound_120526,alarm_bell,weak,,,,5.0,44100,1,CC0,PlayPauseAndRewind (http://www.freesound.org/people/PlayPauseAndRewind/sounds/120526/),yes,2026-09-14,bb41577fe3816b9447a12823add1f4126aba6c023eb20022ec44645179bf5429
esc50_alarm_bell_be37da47,data/raw/esc50/ESC-50-master/audio/5-201170-A-46.wav,esc50,5-201170-A-46,freesound_201170,alarm_bell,weak,,,,5.0,44100,1,CC-BY,phonoflora (http://www.freesound.org/people/phonoflora/sounds/201170/),yes,2026-09-14,be37da4780551030bdb58779905a7748070c0fa48504c2db87b276d20efd789e
esc50_alarm_bell_c08a0615,data/raw/esc50/ESC-50-master/audio/5-210612-A-37.wav,esc50,5-210612-A-37,freesound_210612,alarm_bell,weak,,,,5.0,44100,1,CC0,mefrancis13 (http://www.freesound.org/people/mefrancis13/sounds/210612/),yes,2026-09-14,c08a0615afcfbe6b30ba536eeb3cc555d4bd25580a36f12f8b32330b83228dfb
esc50_alarm_bell_c1d8172c,data/raw/esc50/ESC-50-master/audio/2-117116-A-37.wav,esc50,2-117116-A-37,freesound_117116,alarm_bell,weak,,,,5.0,44100,1,CC-BY-NC,crazy_sam (http://www.freesound.org/people/crazy_sam/sounds/117116/),labels_only,2026-09-14,c1d8172cb41dd3338c2f48475c13b0bccaa99515c111e24f1a638a76774f0979
esc50_alarm_bell_c2605d58,data/raw/esc50/ESC-50-master/audio/4-156827-A-46.wav,esc50,4-156827-A-46,freesound_156827,alarm_bell,weak,,,,5.0,44100,1,CC0,JAN69 (http://www.freesound.org/people/JAN69/sounds/156827/),yes,2026-09-14,c2605d58bbdc380fdb235cbe6a3f156cb94d962bdb941b9fe126c40fc8188952
esc50_alarm_bell_c592d9af,data/raw/esc50/ESC-50-master/audio/2-59565-A-46.wav,esc50,2-59565-A-46,freesound_59565,alarm_bell,weak,,,,5.0,44100,1,CC-BY,3bagbrew (http://www.freesound.org/people/3bagbrew/sounds/59565/),yes,2026-09-14,c592d9af027fb1e53d98bcb330f013854a498ab6953b0528d3606718a3a27a8e
esc50_alarm_bell_c6a19ee5,data/raw/esc50/ESC-50-master/audio/3-122110-A-46.wav,esc50,3-122110-A-46,freesound_122110,alarm_bell,weak,,,,5.0,44100,1,CC-BY,ondrosik (http://www.freesound.org/people/ondrosik/sounds/122110/),yes,2026-09-14,c6a19ee5012def48fb7aecf119fc7aea76907da1d7689d2e649675f2059e99e0
esc50_alarm_bell_c6a4d689,data/raw/esc50/ESC-50-master/audio/4-125825-B-46.wav,esc50,4-125825-B-46,freesound_125825,alarm_bell,weak,,,,5.0,44100,1,CC0,thaighaudio (http://www.freesound.org/people/thaighaudio/sounds/125825/),yes,2026-09-14,c6a4d689547aa3ac03eb683104f00f8be7b6eed00b57c9a7a64e06a935f9d9a4
esc50_alarm_bell_c78db93c,data/raw/esc50/ESC-50-master/audio/5-211408-A-37.wav,esc50,5-211408-A-37,freesound_211408,alarm_bell,weak,,,,5.0,44100,1,CC-BY,squeakyballoon (http://www.freesound.org/people/squeakyballoon/sounds/211408/),yes,2026-09-14,c78db93c244fafc7d835cc32e64959c93ce3fdfc0ffd5b58067cbc99f845a239
esc50_alarm_bell_c7d05248,data/raw/esc50/ESC-50-master/audio/4-209536-A-37.wav,esc50,4-209536-A-37,freesound_209536,alarm_bell,weak,,,,5.0,44100,1,CC0,jackjames_tomknevitt (http://www.freesound.org/people/jackjames_tomknevitt/sounds/209536/),yes,2026-09-14,c7d052483af976895f91bc5fc48b32467ac8b3968c47b33daff87c5e93527877
esc50_alarm_bell_c8378919,data/raw/esc50/ESC-50-master/audio/4-151242-A-37.wav,esc50,4-151242-A-37,freesound_151242,alarm_bell,weak,,,,5.0,44100,1,CC-BY-NC,Tempouser (http://www.freesound.org/people/Tempouser/sounds/151242/),labels_only,2026-09-14,c83789199d3a2794323f9151cae42fa478b7ae408a624f483399316bd44cf899
esc50_alarm_bell_cb564046,data/raw/esc50/ESC-50-master/audio/5-204741-A-46.wav,esc50,5-204741-A-46,freesound_204741,alarm_bell,weak,,,,5.0,44100,1,CC-BY,klankbeeld (http://www.freesound.org/people/klankbeeld/sounds/204741/),yes,2026-09-14,cb564046559739c4bea22b6bebf7be5c328769cea83e822044f172a4b6f9ccaf
esc50_alarm_bell_cd9fd493,data/raw/esc50/ESC-50-master/audio/5-250629-A-37.wav,esc50,5-250629-A-37,freesound_250629,alarm_bell,weak,,,,5.0,44100,1,CC-BY,kwahmah_02 (http://www.freesound.org/people/kwahmah_02/sounds/250629/),yes,2026-09-14,cd9fd493266fcc36b6a89a8427b88c745feaf0b1315ad7fb14f57cd2c08e343e
esc50_alarm_bell_cf3361dd,data/raw/esc50/ESC-50-master/audio/5-179294-A-46.wav,esc50,5-179294-A-46,freesound_179294,alarm_bell,weak,,,,5.0,44100,1,CC0,jamesrodavidson (http://www.freesound.org/people/jamesrodavidson/sounds/179294/),yes,2026-09-14,cf3361dd0aa9599293f29f1f5a090fbb58b02dbbc0c8d2f366752c0387ded722
esc50_alarm_bell_d2232652,data/raw/esc50/ESC-50-master/audio/2-96063-A-37.wav,esc50,2-96063-A-37,freesound_96063,alarm_bell,weak,,,,5.0,44100,1,CC0,reecord2 (http://www.freesound.org/people/reecord2/sounds/96063/),yes,2026-09-14,d2232652538520fdd06fa275470eb166ab0794705fdf3922ca8aa82c89d78cb8
esc50_alarm_bell_d4bf2130,data/raw/esc50/ESC-50-master/audio/1-72195-A-37.wav,esc50,1-72195-A-37,freesound_72195,alarm_bell,weak,,,,5.0,44100,1,CC0,snowflakes (http://www.freesound.org/people/snowflakes/sounds/72195/),yes,2026-09-14,d4bf2130de0d593abb7cd7c96867e4f26a3ae266cf07413a3a7804781d221d02
esc50_alarm_bell_d8761cb9,data/raw/esc50/ESC-50-master/audio/3-111102-A-46.wav,esc50,3-111102-A-46,freesound_111102,alarm_bell,weak,,,,5.0,44100,1,CC-BY,dobroide (http://www.freesound.org/people/dobroide/sounds/111102/),yes,2026-09-14,d8761cb9528326a37bd8fba7ab3d9330dcdb6d1cc73798a21a6d069ba1c539cb
esc50_alarm_bell_da6a7b9e,data/raw/esc50/ESC-50-master/audio/1-48298-A-46.wav,esc50,1-48298-A-46,freesound_48298,alarm_bell,weak,,,,5.0,44100,1,CC0,melarancida (http://www.freesound.org/people/melarancida/sounds/48298/),yes,2026-09-14,da6a7b9e762834c586b6e4e273754a3255f9910b781cd4c29997df7aa7ecc9a6
esc50_alarm_bell_db92bfce,data/raw/esc50/ESC-50-master/audio/5-188716-A-46.wav,esc50,5-188716-A-46,freesound_188716,alarm_bell,weak,,,,5.0,44100,1,CC0,TrygveN (http://www.freesound.org/people/TrygveN/sounds/188716/),yes,2026-09-14,db92bfce468a286fe4cad679bac89e05bd8ed32e40d9edde5fe0bb157df30d85
esc50_alarm_bell_dc52aabc,data/raw/esc50/ESC-50-master/audio/2-89516-A-37.wav,esc50,2-89516-A-37,freesound_89516,alarm_bell,weak,,,,5.0,44100,1,CC-BY,CGEffex (http://www.freesound.org/people/CGEffex/sounds/89516/),yes,2026-09-14,dc52aabca65500b637d2cc526f7f09a9f5d9ad1951b1c00ad02558002159a039
esc50_alarm_bell_e00a8c06,data/raw/esc50/ESC-50-master/audio/1-67033-A-37.wav,esc50,1-67033-A-37,freesound_67033,alarm_bell,weak,,,,5.0,44100,1,CC-Sampling+,ytiesl2s (http://www.freesound.org/people/ytiesl2s/sounds/67033/),labels_only,2026-09-14,e00a8c065c7797e35ac9857dfdd8ae4272a22cc1a41af0ed245068774a8b9cea
esc50_alarm_bell_e071e9a3,data/raw/esc50/ESC-50-master/audio/2-77347-A-46.wav,esc50,2-77347-A-46,freesound_77347,alarm_bell,weak,,,,5.0,44100,1,CC-BY,xserra (http://www.freesound.org/people/xserra/sounds/77347/),yes,2026-09-14,e071e9a3fe23d98359303ba0a6e98531fd32060302988700de36798345b25de3
esc50_alarm_bell_e0de072c,data/raw/esc50/ESC-50-master/audio/1-56907-A-46.wav,esc50,1-56907-A-46,freesound_56907,alarm_bell,weak,,,,5.0,44100,1,CC0,waterpump (http://www.freesound.org/people/waterpump/sounds/56907/),yes,2026-09-14,e0de072c2a397fb68b373c758ebf13481ade9c6330444180d40b0518cfb62ff3
esc50_alarm_bell_e40a1b2b,data/raw/esc50/ESC-50-master/audio/3-87936-B-46.wav,esc50,3-87936-B-46,freesound_87936,alarm_bell,weak,,,,5.0,44100,1,CC0,Ohrwurm (http://www.freesound.org/people/Ohrwurm/sounds/87936/),yes,2026-09-14,e40a1b2be44ddf458085cb46a1f504646b5190916924efc0d4ddfa808a7ada5a
esc50_alarm_bell_e7aab383,data/raw/esc50/ESC-50-master/audio/1-72195-B-37.wav,esc50,1-72195-B-37,freesound_72195,alarm_bell,weak,,,,5.0,44100,1,CC0,snowflakes (http://www.freesound.org/people/snowflakes/sounds/72195/),yes,2026-09-14,e7aab3836068e1776bc2a16086b49e57046d728812b4ed9989053ebc705a4f7e
esc50_alarm_bell_e89e5bee,data/raw/esc50/ESC-50-master/audio/2-78562-A-37.wav,esc50,2-78562-A-37,freesound_78562,alarm_bell,weak,,,,5.0,44100,1,CC-BY,joedeshon (http://www.freesound.org/people/joedeshon/sounds/78562/),yes,2026-09-14,e89e5beebe92c819855411884b7294bb32b3f07bcde4671bba66064fc7b40d60
esc50_alarm_bell_ea7a0ee2,data/raw/esc50/ESC-50-master/audio/1-40154-A-46.wav,esc50,1-40154-A-46,freesound_40154,alarm_bell,weak,,,,5.0,44100,1,CC-BY,genghis attenborough (http://www.freesound.org/people/genghis%20attenborough/sounds/40154/),yes,2026-09-14,ea7a0ee2d9bd383afbe44dbec23fb3688ca0f96fe90758b6d952d3e8ce33513b
esc50_alarm_bell_eb652724,data/raw/esc50/ESC-50-master/audio/2-104476-A-37.wav,esc50,2-104476-A-37,freesound_104476,alarm_bell,weak,,,,5.0,44100,1,CC-Sampling+,rparson (http://www.freesound.org/people/rparson/sounds/104476/),labels_only,2026-09-14,eb652724ba0a12a9665073a2b7130c685c67ac69c2d55cd8fd6c5b4593e28548
esc50_alarm_bell_ebb61152,data/raw/esc50/ESC-50-master/audio/4-150364-A-46.wav,esc50,4-150364-A-46,freesound_150364,alarm_bell,weak,,,,5.0,44100,1,CC0,sarson (http://www.freesound.org/people/sarson/sounds/150364/),yes,2026-09-14,ebb611528a40fda78511be8673d194a5c8e1127b924bbe540c5e30044ff8758b
esc50_alarm_bell_ebc3196b,data/raw/esc50/ESC-50-master/audio/2-77346-A-46.wav,esc50,2-77346-A-46,freesound_77346,alarm_bell,weak,,,,5.0,44100,1,CC-BY,xserra (http://www.freesound.org/people/xserra/sounds/77346/),yes,2026-09-14,ebc3196bb19c9174e56d5a5cc1c37e6e296803a340ef057eddeb60401e219531
esc50_alarm_bell_ecb38a81,data/raw/esc50/ESC-50-master/audio/4-150364-B-46.wav,esc50,4-150364-B-46,freesound_150364,alarm_bell,weak,,,,5.0,44100,1,CC0,sarson (http://www.freesound.org/people/sarson/sounds/150364/),yes,2026-09-14,ecb38a815e3f00f37614cae9830d7c27e2f3f2c829bc5cead31b1406c84c444d
esc50_alarm_bell_fdbfa039,data/raw/esc50/ESC-50-master/audio/1-13572-A-46.wav,esc50,1-13572-A-46,freesound_13572,alarm_bell,weak,,,,5.0,44100,1,CC-BY-NC,acclivity (http://www.freesound.org/people/acclivity/sounds/13572/),labels_only,2026-09-14,fdbfa0391e7433b24a268a0f716afd057ca7f75c79fe0245f5072869baf19018
esc50_fireworks_04745e57,data/raw/esc50/ESC-50-master/audio/4-119648-B-48.wav,esc50,4-119648-B-48,freesound_119648,fireworks,weak,,,,5.0,44100,1,CC-BY,ramagochi (http://www.freesound.org/people/ramagochi/sounds/119648/),yes,2026-09-14,04745e572b2833cbb1a468ef35a1863cb1804347ecd7379c1630352932c4e88b
esc50_fireworks_0b196e12,data/raw/esc50/ESC-50-master/audio/5-160614-H-48.wav,esc50,5-160614-H-48,freesound_160614,fireworks,weak,,,,5.0,44100,1,CC0,daveincamas (http://www.freesound.org/people/daveincamas/sounds/160614/),yes,2026-09-14,0b196e1283ad392bbd38ed0cab7a347b4385f464eed00b9f3d2f4a0c99b77174
esc50_fireworks_0ee8c78b,data/raw/esc50/ESC-50-master/audio/4-119647-A-48.wav,esc50,4-119647-A-48,freesound_119647,fireworks,weak,,,,5.0,44100,1,CC-BY,ramagochi (http://www.freesound.org/people/ramagochi/sounds/119647/),yes,2026-09-14,0ee8c78bf99e24c3733bfa9044f543f9437909ca12dc85d9322e1f45b03cc526
esc50_fireworks_1b7a55d6,data/raw/esc50/ESC-50-master/audio/4-119647-D-48.wav,esc50,4-119647-D-48,freesound_119647,fireworks,weak,,,,5.0,44100,1,CC-BY,ramagochi (http://www.freesound.org/people/ramagochi/sounds/119647/),yes,2026-09-14,1b7a55d645f0a844e4ddad4956481b8598c9458e7991ea53efcf8ca3f1a2cd8b
esc50_fireworks_1d6a5f08,data/raw/esc50/ESC-50-master/audio/2-165801-A-48.wav,esc50,2-165801-A-48,freesound_165801,fireworks,weak,,,,5.0,44100,1,CC-BY-NC,ramagochi (http://www.freesound.org/people/ramagochi/sounds/165801/),labels_only,2026-09-14,1d6a5f08886c020928e6c93af4c27d04995e74e42b0be4a99f32fd7bc292ec4a
esc50_fireworks_1da86942,data/raw/esc50/ESC-50-master/audio/3-119120-D-48.wav,esc50,3-119120-D-48,freesound_119120,fireworks,weak,,,,5.0,44100,1,CC-BY,ramagochi (http://www.freesound.org/people/ramagochi/sounds/119120/),yes,2026-09-14,1da8694228e5a3ac0a90c85f431f49a4d51583128cd8bc440bfda30b67cb7999
esc50_fireworks_1dfdaa1f,data/raw/esc50/ESC-50-master/audio/2-117615-B-48.wav,esc50,2-117615-B-48,freesound_117615,fireworks,weak,,,,5.0,44100,1,CC0,soundmary (http://www.freesound.org/people/soundmary/sounds/117615/),yes,2026-09-14,1dfdaa1f7b217ba393c52ce9bb70a945393ab3b73af9b1ce56627a56d38caabb
esc50_fireworks_214ffae3,data/raw/esc50/ESC-50-master/audio/5-160614-F-48.wav,esc50,5-160614-F-48,freesound_160614,fireworks,weak,,,,5.0,44100,1,CC0,daveincamas (http://www.freesound.org/people/daveincamas/sounds/160614/),yes,2026-09-14,214ffae385b2635c67b6d459251e0a7d1ba2b500be5e5678278843452d6c5ae8
esc50_fireworks_272ece9c,data/raw/esc50/ESC-50-master/audio/4-119647-C-48.wav,esc50,4-119647-C-48,freesound_119647,fireworks,weak,,,,5.0,44100,1,CC-BY,ramagochi (http://www.freesound.org/people/ramagochi/sounds/119647/),yes,2026-09-14,272ece9c7bdd78695b3e1c48b89dc1cf1e59213000d4b01ad5b8afbb04628463
esc50_fireworks_28df9b3d,data/raw/esc50/ESC-50-master/audio/3-172881-A-48.wav,esc50,3-172881-A-48,freesound_172881,fireworks,weak,,,,5.0,44100,1,CC-BY,klankbeeld (http://www.freesound.org/people/klankbeeld/sounds/172881/),yes,2026-09-14,28df9b3d7cf31985dbabae39d09e84e6f427ab7f4c3b012d185e5336effe786e
esc50_fireworks_319fb7db,data/raw/esc50/ESC-50-master/audio/3-172922-A-48.wav,esc50,3-172922-A-48,freesound_172922,fireworks,weak,,,,5.0,44100,1,CC-BY,matucha (http://www.freesound.org/people/matucha/sounds/172922/),yes,2026-09-14,319fb7db7a182ce44acd1d0cc692da12aa94183b064e9ee8621b6eb0aaac604b
esc50_fireworks_3ac50abf,data/raw/esc50/ESC-50-master/audio/1-115545-A-48.wav,esc50,1-115545-A-48,freesound_115545,fireworks,weak,,,,5.0,44100,1,CC-BY,matucha (http://www.freesound.org/people/matucha/sounds/115545/),yes,2026-09-14,3ac50abf1e7c9b3086585d7d786c2f6b7b4b884108ceb4c4f643f8e3fa4caaab
esc50_fireworks_3dbb9798,data/raw/esc50/ESC-50-master/audio/3-119120-B-48.wav,esc50,3-119120-B-48,freesound_119120,fireworks,weak,,,,5.0,44100,1,CC-BY,ramagochi (http://www.freesound.org/people/ramagochi/sounds/119120/),yes,2026-09-14,3dbb97983366a994bd607b064da52879a47b68f7194f202987aa45e0d947cf9e
esc50_fireworks_53e46153,data/raw/esc50/ESC-50-master/audio/2-117615-D-48.wav,esc50,2-117615-D-48,freesound_117615,fireworks,weak,,,,5.0,44100,1,CC0,soundmary (http://www.freesound.org/people/soundmary/sounds/117615/),yes,2026-09-14,53e46153374aff6b0d291cddc20065d9421356aaea08cd6fdb930c7f55af523f
esc50_fireworks_57496037,data/raw/esc50/ESC-50-master/audio/5-160614-A-48.wav,esc50,5-160614-A-48,freesound_160614,fireworks,weak,,,,5.0,44100,1,CC0,daveincamas (http://www.freesound.org/people/daveincamas/sounds/160614/),yes,2026-09-14,57496037b7b4ab12b6b755c73d17afb8b89ec1b7fad73d7d54d37ae7af9818bd
esc50_fireworks_5f0f6888,data/raw/esc50/ESC-50-master/audio/1-115545-B-48.wav,esc50,1-115545-B-48,freesound_115545,fireworks,weak,,,,5.0,44100,1,CC-BY,matucha (http://www.freesound.org/people/matucha/sounds/115545/),yes,2026-09-14,5f0f6888b96325412665b9265ffecfc6337f07d9e71bf98205304f9e28fd34a2
esc50_fireworks_7565850a,data/raw/esc50/ESC-50-master/audio/4-119648-D-48.wav,esc50,4-119648-D-48,freesound_119648,fireworks,weak,,,,5.0,44100,1,CC-BY,ramagochi (http://www.freesound.org/people/ramagochi/sounds/119648/),yes,2026-09-14,7565850a7dae66f173fdd1b11dedbaf549ae3ecddd736f357b4890cd417b12a8
esc50_fireworks_767834d6,data/raw/esc50/ESC-50-master/audio/2-117615-A-48.wav,esc50,2-117615-A-48,freesound_117615,fireworks,weak,,,,5.0,44100,1,CC0,soundmary (http://www.freesound.org/people/soundmary/sounds/117615/),yes,2026-09-14,767834d60f2684da8efbcfa1a91709670bce90919ef579cc36bb13ff514f1f08
esc50_fireworks_7a3a19a4,data/raw/esc50/ESC-50-master/audio/1-25781-A-48.wav,esc50,1-25781-A-48,freesound_25781,fireworks,weak,,,,5.0,44100,1,CC-BY-NC,ermine (http://www.freesound.org/people/ermine/sounds/25781/),labels_only,2026-09-14,7a3a19a4d9c8eda970c76dd5c04fa9bb030475625aa94431bb5710ce59a028e4
esc50_fireworks_7fcd04a7,data/raw/esc50/ESC-50-master/audio/4-119647-B-48.wav,esc50,4-119647-B-48,freesound_119647,fireworks,weak,,,,5.0,44100,1,CC-BY,ramagochi (http://www.freesound.org/people/ramagochi/sounds/119647/),yes,2026-09-14,7fcd04a7f1498553b18ea495a3a7ff2780a7987fda56c3269da8cabe2ea7c1c0
esc50_fireworks_810d1ca9,data/raw/esc50/ESC-50-master/audio/1-160563-B-48.wav,esc50,1-160563-B-48,freesound_160563,fireworks,weak,,,,5.0,44100,1,CC0,daveincamas (http://www.freesound.org/people/daveincamas/sounds/160563/),yes,2026-09-14,810d1ca90e7a6b3ce1b84dcd918b11c010c38a0b0c3a0ae95f96f9c91c789c49
esc50_fireworks_83e988d6,data/raw/esc50/ESC-50-master/audio/3-119120-E-48.wav,esc50,3-119120-E-48,freesound_119120,fireworks,weak,,,,5.0,44100,1,CC-BY,ramagochi (http://www.freesound.org/people/ramagochi/sounds/119120/),yes,2026-09-14,83e988d6a8a8c388dd5e6fcf26d82576a37808cd5f60b44d3171036602603db8
esc50_fireworks_853c5cea,data/raw/esc50/ESC-50-master/audio/1-160563-A-48.wav,esc50,1-160563-A-48,freesound_160563,fireworks,weak,,,,5.0,44100,1,CC0,daveincamas (http://www.freesound.org/people/daveincamas/sounds/160563/),yes,2026-09-14,853c5ceac82891c53d4c8f918ee74e91fa56187c5c5c0442020440f2e4bfcd84
esc50_fireworks_8f377a0e,data/raw/esc50/ESC-50-master/audio/1-115545-C-48.wav,esc50,1-115545-C-48,freesound_115545,fireworks,weak,,,,5.0,44100,1,CC-BY,matucha (http://www.freesound.org/people/matucha/sounds/115545/),yes,2026-09-14,8f377a0ec82ef2e7c0e7b59714180edc0a4bc039b8f362d2eeead8b1e6c5bd58
esc50_fireworks_90fcd379,data/raw/esc50/ESC-50-master/audio/5-160614-E-48.wav,esc50,5-160614-E-48,freesound_160614,fireworks,weak,,,,5.0,44100,1,CC0,daveincamas (http://www.freesound.org/people/daveincamas/sounds/160614/),yes,2026-09-14,90fcd379c212f4a92ec1ceb45c9b4482f442b691da228fa2dbd7020c5437232f
esc50_fireworks_9d1b69c0,data/raw/esc50/ESC-50-master/audio/5-160614-G-48.wav,esc50,5-160614-G-48,freesound_160614,fireworks,weak,,,,5.0,44100,1,CC0,daveincamas (http://www.freesound.org/people/daveincamas/sounds/160614/),yes,2026-09-14,9d1b69c0be10cf245ef400ea0466a0be5d4235ccd6c549740c06c1582bc413f7
esc50_fireworks_a0745691,data/raw/esc50/ESC-50-master/audio/5-160614-B-48.wav,esc50,5-160614-B-48,freesound_160614,fireworks,weak,,,,5.0,44100,1,CC0,daveincamas (http://www.freesound.org/people/daveincamas/sounds/160614/),yes,2026-09-14,a07456913dcad28d93b278a68ecfdc4a2182ac707374b7f96e040de95a03ed57
esc50_fireworks_abb7aaa5,data/raw/esc50/ESC-50-master/audio/1-115546-A-48.wav,esc50,1-115546-A-48,freesound_115546,fireworks,weak,,,,5.0,44100,1,CC-BY,matucha (http://www.freesound.org/people/matucha/sounds/115546/),yes,2026-09-14,abb7aaa557626692d532e71ec5257399df56df36cae6657c63522425dde0581f
esc50_fireworks_aefb7915,data/raw/esc50/ESC-50-master/audio/5-160614-C-48.wav,esc50,5-160614-C-48,freesound_160614,fireworks,weak,,,,5.0,44100,1,CC0,daveincamas (http://www.freesound.org/people/daveincamas/sounds/160614/),yes,2026-09-14,aefb79157a94f1141c008448a35f235cddb9c12894d93f816e7b27797c71f606
esc50_fireworks_b8e4b741,data/raw/esc50/ESC-50-master/audio/1-25777-A-48.wav,esc50,1-25777-A-48,freesound_25777,fireworks,weak,,,,5.0,44100,1,CC-BY-NC,ermine (http://www.freesound.org/people/ermine/sounds/25777/),labels_only,2026-09-14,b8e4b7411b687d7aea986070bee7ea02b2f13a6aec6c176961b7e53263a2c3af
esc50_fireworks_baad57c9,data/raw/esc50/ESC-50-master/audio/3-119120-A-48.wav,esc50,3-119120-A-48,freesound_119120,fireworks,weak,,,,5.0,44100,1,CC-BY,ramagochi (http://www.freesound.org/people/ramagochi/sounds/119120/),yes,2026-09-14,baad57c9428d78f0e0de5eaa79fff661478c37433bfd6cb6031c0c92135a4cc0
esc50_fireworks_bbc06aa3,data/raw/esc50/ESC-50-master/audio/2-117615-E-48.wav,esc50,2-117615-E-48,freesound_117615,fireworks,weak,,,,5.0,44100,1,CC0,soundmary (http://www.freesound.org/people/soundmary/sounds/117615/),yes,2026-09-14,bbc06aa38e2b5126fc5d1f7fa4ea4d92c6819080ef264935985af53f7b160db4
esc50_fireworks_c02bc79e,data/raw/esc50/ESC-50-master/audio/3-251617-A-48.wav,esc50,3-251617-A-48,freesound_251617,fireworks,weak,,,,5.0,44100,1,CC-BY,bmlake (http://www.freesound.org/people/bmlake/sounds/251617/),yes,2026-09-14,c02bc79e3791fc839ec666f8ab183680e8e49aeadce03b025f193f150d9a4c3a
esc50_fireworks_c205760c,data/raw/esc50/ESC-50-master/audio/4-119648-A-48.wav,esc50,4-119648-A-48,freesound_119648,fireworks,weak,,,,5.0,44100,1,CC-BY,ramagochi (http://www.freesound.org/people/ramagochi/sounds/119648/),yes,2026-09-14,c205760c87ea392acd3300d75ab6a1f6185cce1f2cd38884041340c2f578dddb
esc50_fireworks_c5489d2c,data/raw/esc50/ESC-50-master/audio/4-119648-C-48.wav,esc50,4-119648-C-48,freesound_119648,fireworks,weak,,,,5.0,44100,1,CC-BY,ramagochi (http://www.freesound.org/people/ramagochi/sounds/119648/),yes,2026-09-14,c5489d2c84907f48d781105accf34c2758700fe2bb50d9b1a6b2d5d2afa2e859
esc50_fireworks_c772c002,data/raw/esc50/ESC-50-master/audio/2-117617-A-48.wav,esc50,2-117617-A-48,freesound_117617,fireworks,weak,,,,5.0,44100,1,CC0,soundmary (http://www.freesound.org/people/soundmary/sounds/117617/),yes,2026-09-14,c772c0024807c6d571e08afc929b564fa1cfaea367ef686cf4ccd2fa0db6acc0
esc50_fireworks_d055eb62,data/raw/esc50/ESC-50-master/audio/3-119120-C-48.wav,esc50,3-119120-C-48,freesound_119120,fireworks,weak,,,,5.0,44100,1,CC-BY,ramagochi (http://www.freesound.org/people/ramagochi/sounds/119120/),yes,2026-09-14,d055eb62ef340654913fda0c1a7c9c16a185016458bb0f33af20f134bf0f81c5
esc50_fireworks_e5a9aead,data/raw/esc50/ESC-50-master/audio/2-117615-C-48.wav,esc50,2-117615-C-48,freesound_117615,fireworks,weak,,,,5.0,44100,1,CC0,soundmary (http://www.freesound.org/people/soundmary/sounds/117615/),yes,2026-09-14,e5a9aeaddae0a2e5bc5fd757607654c2883836679baeff21d44a3d2cc32dd88e
esc50_fireworks_e6aecd59,data/raw/esc50/ESC-50-master/audio/5-160614-D-48.wav,esc50,5-160614-D-48,freesound_160614,fireworks,weak,,,,5.0,44100,1,CC0,daveincamas (http://www.freesound.org/people/daveincamas/sounds/160614/),yes,2026-09-14,e6aecd5987afca659eef0207edbe4af0fdffdc2d221f860d57ca05809a63a8e9
esc50_fireworks_f87acf8b,data/raw/esc50/ESC-50-master/audio/2-117616-A-48.wav,esc50,2-117616-A-48,freesound_117616,fireworks,weak,,,,5.0,44100,1,CC0,soundmary (http://www.freesound.org/people/soundmary/sounds/117616/),yes,2026-09-14,f87acf8b797d8ae54c604106f9e51e01f1f6f1b00bfe8b69af089b8160d0b6b8
esc50_glass_breaking_04a46ed5,data/raw/esc50/ESC-50-master/audio/5-260433-A-39.wav,esc50,5-260433-A-39,freesound_260433,glass_breaking,weak,,,,5.0,44100,1,CC-BY,RoganDerrick (http://www.freesound.org/people/RoganDerrick/sounds/260433/),yes,2026-09-14,04a46ed54d5159b4afa7015d9799901a2806f3012507fa6bc923e23124efcdfc
esc50_glass_breaking_08fcf5a7,data/raw/esc50/ESC-50-master/audio/1-85168-A-39.wav,esc50,1-85168-A-39,freesound_85168,glass_breaking,weak,,,,5.0,44100,1,CC-BY,cmusounddesign (http://www.freesound.org/people/cmusounddesign/sounds/85168/),yes,2026-09-14,08fcf5a7656cc1c824122aba2a7dd1107130a0f9d6f3e3b73e7d06575b246ed5
esc50_glass_breaking_2fbc4acd,data/raw/esc50/ESC-50-master/audio/4-204119-A-39.wav,esc50,4-204119-A-39,freesound_204119,glass_breaking,weak,,,,5.0,44100,1,CC-BY,Craxic (http://www.freesound.org/people/Craxic/sounds/204119/),yes,2026-09-14,2fbc4acd76fa931f8461c3370eeef3e417b1ea28da20eff7874d4b4e2177fc41
esc50_glass_breaking_2ff2076e,data/raw/esc50/ESC-50-master/audio/3-216280-A-39.wav,esc50,3-216280-A-39,freesound_216280,glass_breaking,weak,,,,5.0,44100,1,CC-BY,RSilveira_88 (http://www.freesound.org/people/RSilveira_88/sounds/216280/),yes,2026-09-14,2ff2076e898eb818ee6ce5edb615126500b72f6c2fb525ea6bd411d73f8ca580
esc50_glass_breaking_3863f509,data/raw/esc50/ESC-50-master/audio/5-221529-A-39.wav,esc50,5-221529-A-39,freesound_221529,glass_breaking,weak,,,,5.0,44100,1,CC-BY,unfa (http://www.freesound.org/people/unfa/sounds/221529/),yes,2026-09-14,3863f5097117a5eebbb75ca1a9eddd13fb2cd735542313fe5aa88c940db6a758
esc50_glass_breaking_3d4a5201,data/raw/esc50/ESC-50-master/audio/4-204115-A-39.wav,esc50,4-204115-A-39,freesound_204115,glass_breaking,weak,,,,5.0,44100,1,CC-BY,Craxic (http://www.freesound.org/people/Craxic/sounds/204115/),yes,2026-09-14,3d4a520122727b384d55738c254f33103e1eee73152f4c45893736089915eff9
esc50_glass_breaking_3ef4dae6,data/raw/esc50/ESC-50-master/audio/2-141563-A-39.wav,esc50,2-141563-A-39,freesound_141563,glass_breaking,weak,,,,5.0,44100,1,CC0,avrahamy (http://www.freesound.org/people/avrahamy/sounds/141563/),yes,2026-09-14,3ef4dae6a116b3d18a0f9f18d4373f0247debb168b0718eee89c0a30a38890c7
esc50_glass_breaking_4491d08b,data/raw/esc50/ESC-50-master/audio/4-212698-A-39.wav,esc50,4-212698-A-39,freesound_212698,glass_breaking,weak,,,,5.0,44100,1,CC0,dasebr (http://www.freesound.org/people/dasebr/sounds/212698/),yes,2026-09-14,4491d08becad3c0074b46fbe25eeb7536a458036ecd5eed77f5709ed77313ef8
esc50_glass_breaking_55cc0786,data/raw/esc50/ESC-50-master/audio/2-173607-A-39.wav,esc50,2-173607-A-39,freesound_173607,glass_breaking,weak,,,,5.0,44100,1,CC0,gevaroy (http://www.freesound.org/people/gevaroy/sounds/173607/),yes,2026-09-14,55cc07864f3f8195e51bbdf10fda1601df6b5ff0d5f486a356d79b60c0beb3d6
esc50_glass_breaking_60a600ff,data/raw/esc50/ESC-50-master/audio/3-203371-A-39.wav,esc50,3-203371-A-39,freesound_203371,glass_breaking,weak,,,,5.0,44100,1,CC0,C_Rogers (http://www.freesound.org/people/C_Rogers/sounds/203371/),yes,2026-09-14,60a600ff3e1ac00b41c60b0e3979ee8b1b46ebfcbc370523389094e4fbda415b
esc50_glass_breaking_66c6c338,data/raw/esc50/ESC-50-master/audio/3-203377-A-39.wav,esc50,3-203377-A-39,freesound_203377,glass_breaking,weak,,,,5.0,44100,1,CC0,C_Rogers (http://www.freesound.org/people/C_Rogers/sounds/203377/),yes,2026-09-14,66c6c338f75f509754b454cedae44597f70c97a44f79a3079da0183a63e34562
esc50_glass_breaking_67c88e07,data/raw/esc50/ESC-50-master/audio/1-977-A-39.wav,esc50,1-977-A-39,freesound_977,glass_breaking,weak,,,,5.0,44100,1,CC-BY,RHumphries (http://www.freesound.org/people/RHumphries/sounds/977/),yes,2026-09-14,67c88e07db9e2dd7a7551f0c5b99da315ce7df041f83ed57b479d8fda8fbfe27
esc50_glass_breaking_6f0ae114,data/raw/esc50/ESC-50-master/audio/3-216281-A-39.wav,esc50,3-216281-A-39,freesound_216281,glass_breaking,weak,,,,5.0,44100,1,CC-BY,RSilveira_88 (http://www.freesound.org/people/RSilveira_88/sounds/216281/),yes,2026-09-14,6f0ae114a872f560946a6a45d474f2b9e0664325ac5b236bc396723ecfbcb5ff
esc50_glass_breaking_79efba4c,data/raw/esc50/ESC-50-master/audio/1-84536-A-39.wav,esc50,1-84536-A-39,freesound_84536,glass_breaking,weak,,,,5.0,44100,1,CC-BY,cmusounddesign (http://www.freesound.org/people/cmusounddesign/sounds/84536/),yes,2026-09-14,79efba4c0c54acadc88783e83b428fc9c430db94515b25339a6b5598e2ade0c0
esc50_glass_breaking_872608ee,data/raw/esc50/ESC-50-master/audio/4-204777-A-39.wav,esc50,4-204777-A-39,freesound_204777,glass_breaking,weak,,,,5.0,44100,1,CC0,ngruber (http://www.freesound.org/people/ngruber/sounds/204777/),yes,2026-09-14,872608ee9201b147b13b9cdc871558b39368bd09d3eb7dc469544866e414c0f8
esc50_glass_breaking_88bbd7af,data/raw/esc50/ESC-50-master/audio/4-204777-C-39.wav,esc50,4-204777-C-39,freesound_204777,glass_breaking,weak,,,,5.0,44100,1,CC0,ngruber (http://www.freesound.org/people/ngruber/sounds/204777/),yes,2026-09-14,88bbd7af8f04d1b46f9e0c13a304223efea777c1dd908564b8eff73b9774477b
esc50_glass_breaking_9170ecdc,data/raw/esc50/ESC-50-master/audio/2-173618-A-39.wav,esc50,2-173618-A-39,freesound_173618,glass_breaking,weak,,,,5.0,44100,1,CC0,gevaroy (http://www.freesound.org/people/gevaroy/sounds/173618/),yes,2026-09-14,9170ecdc0903514ded47782447d6f0828d752ebc9765fa0cb257f869529dd830
esc50_glass_breaking_92d7ac3d,data/raw/esc50/ESC-50-master/audio/5-260434-A-39.wav,esc50,5-260434-A-39,freesound_260434,glass_breaking,weak,,,,5.0,44100,1,CC-BY,RoganDerrick (http://www.freesound.org/people/RoganDerrick/sounds/260434/),yes,2026-09-14,92d7ac3de371429d81338c1233cadfbcfb3873253c005f2f6aa4be7dce8a014e
esc50_glass_breaking_98b930c2,data/raw/esc50/ESC-50-master/audio/4-204777-B-39.wav,esc50,4-204777-B-39,freesound_204777,glass_breaking,weak,,,,5.0,44100,1,CC0,ngruber (http://www.freesound.org/people/ngruber/sounds/204777/),yes,2026-09-14,98b930c2e4028e80749d82616ccba7640e58650a9ccf7770a77f814e3b2dcd24
esc50_glass_breaking_a35fd222,data/raw/esc50/ESC-50-master/audio/4-204123-A-39.wav,esc50,4-204123-A-39,freesound_204123,glass_breaking,weak,,,,5.0,44100,1,CC-BY,Craxic (http://www.freesound.org/people/Craxic/sounds/204123/),yes,2026-09-14,a35fd2223acb65ae87ab1e3ad4c774e8cda44a5482b639f11b6aa0d8065b4a7a
esc50_glass_breaking_a6b60fb2,data/raw/esc50/ESC-50-master/audio/2-112213-A-39.wav,esc50,2-112213-A-39,freesound_112213,glass_breaking,weak,,,,5.0,44100,1,CC0,m1a2t3z4 (http://www.freesound.org/people/m1a2t3z4/sounds/112213/),yes,2026-09-14,a6b60fb2268d7f0ceda0ff6f798d2d51b4ceb08218b3ac5ca91980a42d9c706b
esc50_glass_breaking_a9374792,data/raw/esc50/ESC-50-master/audio/5-257642-A-39.wav,esc50,5-257642-A-39,freesound_257642,glass_breaking,weak,,,,5.0,44100,1,CC-BY,speedygonzo (http://www.freesound.org/people/speedygonzo/sounds/257642/),yes,2026-09-14,a93747921a23b090d444c7ecc57adace2d856abbe18c038bd52773a57512613b
esc50_glass_breaking_aafacfae,data/raw/esc50/ESC-50-master/audio/1-85184-A-39.wav,esc50,1-85184-A-39,freesound_85184,glass_breaking,weak,,,,5.0,44100,1,CC-BY,cmusounddesign (http://www.freesound.org/people/cmusounddesign/sounds/85184/),yes,2026-09-14,aafacfae6a441ba21f4c76a11042726f933272709a099a54a15a905a1d65b837
esc50_glass_breaking_ad42b3c9,data/raw/esc50/ESC-50-master/audio/4-204121-A-39.wav,esc50,4-204121-A-39,freesound_204121,glass_breaking,weak,,,,5.0,44100,1,CC-BY,Craxic (http://www.freesound.org/people/Craxic/sounds/204121/),yes,2026-09-14,ad42b3c91dd21d4f3a8238290c20dac179e7a7674320dab7029c5b111116d1d1
esc50_glass_breaking_ae86e74b,data/raw/esc50/ESC-50-master/audio/5-233605-A-39.wav,esc50,5-233605-A-39,freesound_233605,glass_breaking,weak,,,,5.0,44100,1,CC0,Agaxly (http://www.freesound.org/people/Agaxly/sounds/233605/),yes,2026-09-14,ae86e74bf03c69cb2c2962b7327b5524dda7d531e553b9fab91a375de5299bff
esc50_glass_breaking_b494fb47,data/raw/esc50/ESC-50-master/audio/3-216284-A-39.wav,esc50,3-216284-A-39,freesound_216284,glass_breaking,weak,,,,5.0,44100,1,CC-BY,RSilveira_88 (http://www.freesound.org/people/RSilveira_88/sounds/216284/),yes,2026-09-14,b494fb47b9afd88715976c1476e6115024b8869681a293ea761fea72a03abf3e
esc50_glass_breaking_b6a987fe,data/raw/esc50/ESC-50-master/audio/3-203375-A-39.wav,esc50,3-203375-A-39,freesound_203375,glass_breaking,weak,,,,5.0,44100,1,CC0,C_Rogers (http://www.freesound.org/people/C_Rogers/sounds/203375/),yes,2026-09-14,b6a987feb4855cf91f55498dcc04bee4fd0f8ed06290d451ce37a07fff230feb
esc50_glass_breaking_beb06055,data/raw/esc50/ESC-50-master/audio/3-203373-A-39.wav,esc50,3-203373-A-39,freesound_203373,glass_breaking,weak,,,,5.0,44100,1,CC0,C_Rogers (http://www.freesound.org/people/C_Rogers/sounds/203373/),yes,2026-09-14,beb0605537f3fe20e98b54f19f20842d92b7a95f9408dee41e620a8955b33111
esc50_glass_breaking_c2988d2e,data/raw/esc50/ESC-50-master/audio/5-233607-A-39.wav,esc50,5-233607-A-39,freesound_233607,glass_breaking,weak,,,,5.0,44100,1,CC0,Agaxly (http://www.freesound.org/people/Agaxly/sounds/233607/),yes,2026-09-14,c2988d2ecd448a3e27bc80a248355a5d3bb85c769ec25f37fda4b9ec990c94dc
esc50_glass_breaking_c3e1abf0,data/raw/esc50/ESC-50-master/audio/1-84704-A-39.wav,esc50,1-84704-A-39,freesound_84704,glass_breaking,weak,,,,5.0,44100,1,CC-BY,cmusounddesign (http://www.freesound.org/people/cmusounddesign/sounds/84704/),yes,2026-09-14,c3e1abf0273f02b5f89e7d51cb890f3ad1575dc55fe1023650b0860b6f3abd15
esc50_glass_breaking_ca0b7286,data/raw/esc50/ESC-50-master/audio/2-250710-A-39.wav,esc50,2-250710-A-39,freesound_250710,glass_breaking,weak,,,,5.0,44100,1,CC-BY,Aiwha (http://www.freesound.org/people/Aiwha/sounds/250710/),yes,2026-09-14,ca0b7286ded500bd1f1928ef96ad5c35704bec66a790181afeb17ec7d995dbac
esc50_glass_breaking_d1d70553,data/raw/esc50/ESC-50-master/audio/2-112213-B-39.wav,esc50,2-112213-B-39,freesound_112213,glass_breaking,weak,,,,5.0,44100,1,CC0,m1a2t3z4 (http://www.freesound.org/people/m1a2t3z4/sounds/112213/),yes,2026-09-14,d1d705535a4506b6e7f94c8ebff688bc0aa8bc115b42e8daf13542bec4f90ac7
esc50_glass_breaking_d2d0b97a,data/raw/esc50/ESC-50-master/audio/3-203374-A-39.wav,esc50,3-203374-A-39,freesound_203374,glass_breaking,weak,,,,5.0,44100,1,CC0,C_Rogers (http://www.freesound.org/people/C_Rogers/sounds/203374/),yes,2026-09-14,d2d0b97a0ad01b927a83605cd4e5cc988c4b868e1e01a4fa874563c038e16473
esc50_glass_breaking_db694613,data/raw/esc50/ESC-50-master/audio/1-20133-A-39.wav,esc50,1-20133-A-39,freesound_20133,glass_breaking,weak,,,,5.0,44100,1,CC-BY,gezortenplotz (http://www.freesound.org/people/gezortenplotz/sounds/20133/),yes,2026-09-14,db6946133c37fbd4513fe932dbb71e0b077bf7d240beaed339eb6c88e48c903b
esc50_glass_breaking_e1da0f73,data/raw/esc50/ESC-50-master/audio/5-260432-A-39.wav,esc50,5-260432-A-39,freesound_260432,glass_breaking,weak,,,,5.0,44100,1,CC-BY,RoganDerrick (http://www.freesound.org/people/RoganDerrick/sounds/260432/),yes,2026-09-14,e1da0f73ebaca89112dfd6aff25d154c08961aab7eeea5ed033223d6cabfaef0
esc50_glass_breaking_e54a661c,data/raw/esc50/ESC-50-master/audio/2-106881-A-39.wav,esc50,2-106881-A-39,freesound_106881,glass_breaking,weak,,,,5.0,44100,1,CC-BY,Tomlija (http://www.freesound.org/people/Tomlija/sounds/106881/),yes,2026-09-14,e54a661c1fff8150b7c34d54da1686a18eaeaaf454394b866a251ceb68e3f886
esc50_glass_breaking_e5c36817,data/raw/esc50/ESC-50-master/audio/1-88807-A-39.wav,esc50,1-88807-A-39,freesound_88807,glass_breaking,weak,,,,5.0,44100,1,CC-BY,lsprice (http://www.freesound.org/people/lsprice/sounds/88807/),yes,2026-09-14,e5c368173342c2acba450c7d3116fac74fcec86bc8dc26055c6da7ebc509d191
esc50_glass_breaking_e60d74d1,data/raw/esc50/ESC-50-master/audio/2-173559-A-39.wav,esc50,2-173559-A-39,freesound_173559,glass_breaking,weak,,,,5.0,44100,1,CC0,gevaroy (http://www.freesound.org/people/gevaroy/sounds/173559/),yes,2026-09-14,e60d74d17651551cb82e4fd8a542ceae3f278da1a6b4393fe9e704c786ff4125
esc50_glass_breaking_e8cc52dd,data/raw/esc50/ESC-50-master/audio/1-84705-A-39.wav,esc50,1-84705-A-39,freesound_84705,glass_breaking,weak,,,,5.0,44100,1,CC-BY,cmusounddesign (http://www.freesound.org/people/cmusounddesign/sounds/84705/),yes,2026-09-14,e8cc52dd91213cd69031e10c0fe15f77230f588ececb13cc7c906c43ece32336
esc50_glass_breaking_f4796e4e,data/raw/esc50/ESC-50-master/audio/5-221528-A-39.wav,esc50,5-221528-A-39,freesound_221528,glass_breaking,weak,,,,5.0,44100,1,CC-BY,unfa (http://www.freesound.org/people/unfa/sounds/221528/),yes,2026-09-14,f4796e4ec53c1dee2257365e58ff5ab75cf37d9a813f07b681927e85ee472cde
esc50_laughter_cheering_00e40dab,data/raw/esc50/ESC-50-master/audio/1-72695-A-26.wav,esc50,1-72695-A-26,freesound_72695,laughter_cheering,weak,,,,5.0,44100,1,CC0,sagetyrtle (http://www.freesound.org/people/sagetyrtle/sounds/72695/),yes,2026-09-14,00e40dabc61f55f7b41edb89a6690f1dc12c69321eb14c7272fb57d286f97e9a
esc50_laughter_cheering_03845830,data/raw/esc50/ESC-50-master/audio/4-167571-A-26.wav,esc50,4-167571-A-26,freesound_167571,laughter_cheering,weak,,,,5.0,44100,1,CC0,dlovere (http://www.freesound.org/people/dlovere/sounds/167571/),yes,2026-09-14,0384583066e8dd028d98ca571e55a99ef2a3ee158be227e241e167b577bb2955
esc50_laughter_cheering_0a7ba8bb,data/raw/esc50/ESC-50-master/audio/3-152997-A-26.wav,esc50,3-152997-A-26,freesound_152997,laughter_cheering,weak,,,,5.0,44100,1,CC-BY,fmaudio (http://www.freesound.org/people/fmaudio/sounds/152997/),yes,2026-09-14,0a7ba8bbefee74c4e6c1a4ce399cdd8fa0e344b44d8adf5345ad84ba90611290
esc50_laughter_cheering_0d4298f6,data/raw/esc50/ESC-50-master/audio/2-76408-D-22.wav,esc50,2-76408-D-22,freesound_76408,laughter_cheering,weak,,,,5.0,44100,1,CC0,therabidfrog (http://www.freesound.org/people/therabidfrog/sounds/76408/),yes,2026-09-14,0d4298f6b4df70ba5c69570564448deed802e566e821194753a319882c706e76
esc50_laughter_cheering_0dd59218,data/raw/esc50/ESC-50-master/audio/3-138114-A-22.wav,esc50,3-138114-A-22,freesound_138114,laughter_cheering,weak,,,,5.0,44100,1,CC0,snakebarney (http://www.freesound.org/people/snakebarney/sounds/138114/),yes,2026-09-14,0dd59218eee6155a51d69b3f2a6d618550d55f56260bf12032b46dbdd3ca5d0b
esc50_laughter_cheering_127724ca,data/raw/esc50/ESC-50-master/audio/4-189838-A-22.wav,esc50,4-189838-A-22,freesound_189838,laughter_cheering,weak,,,,5.0,44100,1,CC-BY,klankbeeld (http://www.freesound.org/people/klankbeeld/sounds/189838/),yes,2026-09-14,127724ca559c3747cd0be8dc9a9110ea71f6b2e0a075b50f7711224b15d3e5b3
esc50_laughter_cheering_13a9c47c,data/raw/esc50/ESC-50-master/audio/4-189828-A-22.wav,esc50,4-189828-A-22,freesound_189828,laughter_cheering,weak,,,,5.0,44100,1,CC-BY,klankbeeld (http://www.freesound.org/people/klankbeeld/sounds/189828/),yes,2026-09-14,13a9c47cba0d2dab78358fa78a6ffe10d7fd209b94b4f062b260dd7ea1b67243
esc50_laughter_cheering_157dc3eb,data/raw/esc50/ESC-50-master/audio/3-119459-A-26.wav,esc50,3-119459-A-26,freesound_119459,laughter_cheering,weak,,,,5.0,44100,1,CC0,Eneasz (http://www.freesound.org/people/Eneasz/sounds/119459/),yes,2026-09-14,157dc3eb648f0422b60fdfd02960ce9b61948d76338addab30981bb0755ee016
esc50_laughter_cheering_160104c7,data/raw/esc50/ESC-50-master/audio/2-60795-A-26.wav,esc50,2-60795-A-26,freesound_60795,laughter_cheering,weak,,,,5.0,44100,1,CC-BY,J.Zazvurek (http://www.freesound.org/people/J.Zazvurek/sounds/60795/),yes,2026-09-14,160104c769dc88fa6958c3e6207cd646bb5d77950f9ba7ed23dd3ef0a2e8c3f7
esc50_laughter_cheering_1674d1ae,data/raw/esc50/ESC-50-master/audio/1-115920-B-22.wav,esc50,1-115920-B-22,freesound_115920,laughter_cheering,weak,,,,5.0,44100,1,CC0,issalcake (http://www.freesound.org/people/issalcake/sounds/115920/),yes,2026-09-14,1674d1ae06080afb7d4d91b3228fe1ab8fd4f27170c5ad76751db4e844aaf0e2
esc50_laughter_cheering_18ae26ef,data/raw/esc50/ESC-50-master/audio/4-189832-A-22.wav,esc50,4-189832-A-22,freesound_189832,laughter_cheering,weak,,,,5.0,44100,1,CC-BY,klankbeeld (http://www.freesound.org/people/klankbeeld/sounds/189832/),yes,2026-09-14,18ae26ef98e957692b8ee2ba4405adfd99f864ad589470501c90bf10193bd123
esc50_laughter_cheering_1e458a12,data/raw/esc50/ESC-50-master/audio/1-36164-A-26.wav,esc50,1-36164-A-26,freesound_36164,laughter_cheering,weak,,,,5.0,44100,1,CC0,sagetyrtle (http://www.freesound.org/people/sagetyrtle/sounds/36164/),yes,2026-09-14,1e458a12c75bae2b27e719449f4a8036e315da58c4c1871318f39170039bc193
esc50_laughter_cheering_1f7b0a94,data/raw/esc50/ESC-50-master/audio/1-30043-A-26.wav,esc50,1-30043-A-26,freesound_30043,laughter_cheering,weak,,,,5.0,44100,1,CC-BY,Corsica_S (http://www.freesound.org/people/Corsica_S/sounds/30043/),yes,2026-09-14,1f7b0a945875fa57a2c213e8e09afb4898675f87aafd59b2bdbfcaae9f750723
esc50_laughter_cheering_20993c74,data/raw/esc50/ESC-50-master/audio/4-189832-B-22.wav,esc50,4-189832-B-22,freesound_189832,laughter_cheering,weak,,,,5.0,44100,1,CC-BY,klankbeeld (http://www.freesound.org/people/klankbeeld/sounds/189832/),yes,2026-09-14,20993c740bd3db3ca2f5c4ec49ab6f48fb2ce4afddc45e10ec1619d612366eaa
esc50_laughter_cheering_251c0840,data/raw/esc50/ESC-50-master/audio/5-253534-A-26.wav,esc50,5-253534-A-26,freesound_253534,laughter_cheering,weak,,,,5.0,44100,1,CC-BY,Nanakisan (http://www.freesound.org/people/Nanakisan/sounds/253534/),yes,2026-09-14,251c084088b365d60f5509569e97cbf6d10259926470a53f004c4adec97fcfba
esc50_laughter_cheering_252276ae,data/raw/esc50/ESC-50-master/audio/3-118487-A-26.wav,esc50,3-118487-A-26,freesound_118487,laughter_cheering,weak,,,,5.0,44100,1,CC0,morningfrost (http://www.freesound.org/people/morningfrost/sounds/118487/),yes,2026-09-14,252276ae67705b907d8346888c1d71ca4aa9cb20dde6a9b6ea15f4e2ff921f49
esc50_laughter_cheering_277d2039,data/raw/esc50/ESC-50-master/audio/3-177083-A-22.wav,esc50,3-177083-A-22,freesound_177083,laughter_cheering,weak,,,,5.0,44100,1,CC-BY,GB01 (http://www.freesound.org/people/GB01/sounds/177083/),yes,2026-09-14,277d203965e622db944e34669c403b81532f6c0d589a9126827adde77ce64fc3
esc50_laughter_cheering_2b08bf04,data/raw/esc50/ESC-50-master/audio/3-130330-A-22.wav,esc50,3-130330-A-22,freesound_130330,laughter_cheering,weak,,,,5.0,44100,1,CC0,dianadesim (http://www.freesound.org/people/dianadesim/sounds/130330/),yes,2026-09-14,2b08bf04f38ce08b05f00ab62eeccb5b8dd1996020ade19a1e8e8505783340b5
esc50_laughter_cheering_2b6ec14a,data/raw/esc50/ESC-50-master/audio/1-104089-A-22.wav,esc50,1-104089-A-22,freesound_104089,laughter_cheering,weak,,,,5.0,44100,1,CC-BY,sorohanro (http://www.freesound.org/people/sorohanro/sounds/104089/),yes,2026-09-14,2b6ec14aafc6ed98c833c5c7e56780d283f3ceaea0d4c3c142b2f49fcc2fd215
esc50_laughter_cheering_33c1225c,data/raw/esc50/ESC-50-master/audio/1-94036-A-22.wav,esc50,1-94036-A-22,freesound_94036,laughter_cheering,weak,,,,5.0,44100,1,CC-BY-NC,kukla (http://www.freesound.org/people/kukla/sounds/94036/),labels_only,2026-09-14,33c1225c50c7819dc5110271a1fdfde802925a3606cae438270e8e3c1c95400d
esc50_laughter_cheering_3617e0ef,data/raw/esc50/ESC-50-master/audio/2-60791-A-26.wav,esc50,2-60791-A-26,freesound_60791,laughter_cheering,weak,,,,5.0,44100,1,CC-BY,J.Zazvurek (http://www.freesound.org/people/J.Zazvurek/sounds/60791/),yes,2026-09-14,3617e0efead9f24c01d37b5127870e3b703464f759a5ac89617e358c3dcd25c0
esc50_laughter_cheering_372c161a,data/raw/esc50/ESC-50-master/audio/1-33658-A-26.wav,esc50,1-33658-A-26,freesound_33658,laughter_cheering,weak,,,,5.0,44100,1,CC0,sagetyrtle (http://www.freesound.org/people/sagetyrtle/sounds/33658/),yes,2026-09-14,372c161a4c9720a4ff4f14499dcfe763de12b6ab428c430dbed22bb46d1e1528
esc50_laughter_cheering_3addc067,data/raw/esc50/ESC-50-master/audio/5-221950-A-22.wav,esc50,5-221950-A-22,freesound_221950,laughter_cheering,weak,,,,5.0,44100,1,CC-BY,sonsdebarcelona (http://www.freesound.org/people/sonsdebarcelona/sounds/221950/),yes,2026-09-14,3addc067d728e69b197c761fac5f8c589f579fe7b73d8cca81e4c282fd257a05
esc50_laughter_cheering_3da4f980,data/raw/esc50/ESC-50-master/audio/5-263775-A-26.wav,esc50,5-263775-A-26,freesound_263775,laughter_cheering,weak,,,,5.0,44100,1,CC0,scottemoil (http://www.freesound.org/people/scottemoil/sounds/263775/),yes,2026-09-14,3da4f9803fcd4044d76160ac5a4bcdbfc167f8422c6ca089e957be938d8b1dfe
esc50_laughter_cheering_481d063f,data/raw/esc50/ESC-50-master/audio/2-60900-A-22.wav,esc50,2-60900-A-22,freesound_60900,laughter_cheering,weak,,,,5.0,44100,1,CC-BY-NC,timtube (http://www.freesound.org/people/timtube/sounds/60900/),labels_only,2026-09-14,481d063f497cc7cc17f3dc8d18cfe68a4fe99cd33912ba2e1e5cfd9cf824fdfa
esc50_laughter_cheering_4e108347,data/raw/esc50/ESC-50-master/audio/2-60794-A-26.wav,esc50,2-60794-A-26,freesound_60794,laughter_cheering,weak,,,,5.0,44100,1,CC-BY,J.Zazvurek (http://www.freesound.org/people/J.Zazvurek/sounds/60794/),yes,2026-09-14,4e108347a69a7e5079b18a08626bbc7e5cd7f26896535e62f3c883b131b24d09
esc50_laughter_cheering_521fe28d,data/raw/esc50/ESC-50-master/audio/5-254160-A-22.wav,esc50,5-254160-A-22,freesound_254160,laughter_cheering,weak,,,,5.0,44100,1,CC-BY,rivernile7 (http://www.freesound.org/people/rivernile7/sounds/254160/),yes,2026-09-14,521fe28d463217441ae3d3f4d415e56a0ee5718aad73af3b5c5725e345a28a72
esc50_laughter_cheering_541bf9f0,data/raw/esc50/ESC-50-master/audio/5-209989-A-22.wav,esc50,5-209989-A-22,freesound_209989,laughter_cheering,weak,,,,5.0,44100,1,CC-BY,kellieskitchen (http://www.freesound.org/people/kellieskitchen/sounds/209989/),yes,2026-09-14,541bf9f04ee89bb9a6e1ac1780e2bc0715d60d2343329d4d4f092c36d1adc4aa
esc50_laughter_cheering_558345f5,data/raw/esc50/ESC-50-master/audio/4-164243-A-26.wav,esc50,4-164243-A-26,freesound_164243,laughter_cheering,weak,,,,5.0,44100,1,CC0,caculo (http://www.freesound.org/people/caculo/sounds/164243/),yes,2026-09-14,558345f57ac5e2ec558fcf6011bdd1381df3eab7b6315463908856fa4b7a9db2
esc50_laughter_cheering_57eca907,data/raw/esc50/ESC-50-master/audio/2-76408-C-22.wav,esc50,2-76408-C-22,freesound_76408,laughter_cheering,weak,,,,5.0,44100,1,CC0,therabidfrog (http://www.freesound.org/people/therabidfrog/sounds/76408/),yes,2026-09-14,57eca9070e8343193114d29f2b7e569e7617fd1384878eeef9481d621c826b50
esc50_laughter_cheering_61adeef1,data/raw/esc50/ESC-50-master/audio/1-104089-B-22.wav,esc50,1-104089-B-22,freesound_104089,laughter_cheering,weak,,,,5.0,44100,1,CC-BY,sorohanro (http://www.freesound.org/people/sorohanro/sounds/104089/),yes,2026-09-14,61adeef196a98fc7b2c22104cd160bded3ce89b7e9867814b22e40a08e993291
esc50_laughter_cheering_64e6f858,data/raw/esc50/ESC-50-master/audio/3-152912-A-26.wav,esc50,3-152912-A-26,freesound_152912,laughter_cheering,weak,,,,5.0,44100,1,CC-BY,fmaudio (http://www.freesound.org/people/fmaudio/sounds/152912/),yes,2026-09-14,64e6f858d87c27697ec95eb37e3137a71ad8b4ab4402ee98a33095a42003e1d0
esc50_laughter_cheering_6bfd7d48,data/raw/esc50/ESC-50-master/audio/2-76408-B-22.wav,esc50,2-76408-B-22,freesound_76408,laughter_cheering,weak,,,,5.0,44100,1,CC0,therabidfrog (http://www.freesound.org/people/therabidfrog/sounds/76408/),yes,2026-09-14,6bfd7d486b4c298ddeeb6ac0278ae80c067194928a2f2a9673dd1bff2084db8f
esc50_laughter_cheering_6e1e23f2,data/raw/esc50/ESC-50-master/audio/4-189833-A-22.wav,esc50,4-189833-A-22,freesound_189833,laughter_cheering,weak,,,,5.0,44100,1,CC-BY,klankbeeld (http://www.freesound.org/people/klankbeeld/sounds/189833/),yes,2026-09-14,6e1e23f2d71d057489dc0e630e25271af4c1a9b73888b666eebdae268d7ad0ac
esc50_laughter_cheering_73d5f7a9,data/raw/esc50/ESC-50-master/audio/5-249937-A-22.wav,esc50,5-249937-A-22,freesound_249937,laughter_cheering,weak,,,,5.0,44100,1,CC-BY,IllusiaProductions (http://www.freesound.org/people/IllusiaProductions/sounds/249937/),yes,2026-09-14,73d5f7a986c53114400cf11f5a35dc3657b975c2a5dab67fb59f0cfba9cd5114
esc50_laughter_cheering_7b0f9348,data/raw/esc50/ESC-50-master/audio/4-133674-A-26.wav,esc50,4-133674-A-26,freesound_133674,laughter_cheering,weak,,,,5.0,44100,1,CC-BY,klankbeeld (http://www.freesound.org/people/klankbeeld/sounds/133674/),yes,2026-09-14,7b0f9348022ff7ff2f4466565aa8cf6396d79eae07d3269fa2fb174a8fa03552
esc50_laughter_cheering_7f2d8f41,data/raw/esc50/ESC-50-master/audio/3-197435-B-22.wav,esc50,3-197435-B-22,freesound_197435,laughter_cheering,weak,,,,5.0,44100,1,CC-BY-NC,Yuval (http://www.freesound.org/people/Yuval/sounds/197435/),labels_only,2026-09-14,7f2d8f418cf04396186919ad53bba73fd9ac92fd761fa40bf33f6565bec1977d
esc50_laughter_cheering_8057fd39,data/raw/esc50/ESC-50-master/audio/1-73123-A-26.wav,esc50,1-73123-A-26,freesound_73123,laughter_cheering,weak,,,,5.0,44100,1,CC0,sagetyrtle (http://www.freesound.org/people/sagetyrtle/sounds/73123/),yes,2026-09-14,8057fd399edeefc25205d97ef8577693154507e9be4fcd7c4663eb14a6ee59f7
esc50_laughter_cheering_868e46e5,data/raw/esc50/ESC-50-master/audio/3-177082-A-22.wav,esc50,3-177082-A-22,freesound_177082,laughter_cheering,weak,,,,5.0,44100,1,CC-BY,GB01 (http://www.freesound.org/people/GB01/sounds/177082/),yes,2026-09-14,868e46e5e1d968b7ef1ab759d2c0c9dd87ae2badf640cecc232f8a0a6967d4d3
esc50_laughter_cheering_8da0720b,data/raw/esc50/ESC-50-master/audio/4-205738-A-22.wav,esc50,4-205738-A-22,freesound_205738,laughter_cheering,weak,,,,5.0,44100,1,CC-BY,SamKolber (http://www.freesound.org/people/SamKolber/sounds/205738/),yes,2026-09-14,8da0720bbb6582e9c5a479b00b8288e5dff8d4fd945faf6fe3b331adc9f707e2
esc50_laughter_cheering_8ed0886b,data/raw/esc50/ESC-50-master/audio/1-115920-A-22.wav,esc50,1-115920-A-22,freesound_115920,laughter_cheering,weak,,,,5.0,44100,1,CC0,issalcake (http://www.freesound.org/people/issalcake/sounds/115920/),yes,2026-09-14,8ed0886be0b6491573df97a5541b270415f95573cfef9b9ff0360a2b0d042bb6
esc50_laughter_cheering_8ed1db17,data/raw/esc50/ESC-50-master/audio/2-79775-A-26.wav,esc50,2-79775-A-26,freesound_79775,laughter_cheering,weak,,,,5.0,44100,1,CC-Sampling+,engreitz (http://www.freesound.org/people/engreitz/sounds/79775/),labels_only,2026-09-14,8ed1db1744128556b36925ec2e5fa2b85284304db5b7b015d72f6e94b1f9fc9b
esc50_laughter_cheering_91ad8339,data/raw/esc50/ESC-50-master/audio/5-263775-B-26.wav,esc50,5-263775-B-26,freesound_263775,laughter_cheering,weak,,,,5.0,44100,1,CC0,scottemoil (http://www.freesound.org/people/scottemoil/sounds/263775/),yes,2026-09-14,91ad833977880350aac446f5d3ea2b01cb307609d0e5b7f6fba821b57eeb3e2f
esc50_laughter_cheering_9368b760,data/raw/esc50/ESC-50-master/audio/4-155670-A-26.wav,esc50,4-155670-A-26,freesound_155670,laughter_cheering,weak,,,,5.0,44100,1,CC-BY-NC,totya (http://www.freesound.org/people/totya/sounds/155670/),labels_only,2026-09-14,9368b7604caf4337cb81e95bb2461fa80a90011c94fdfffef10e0ab819d9842e
esc50_laughter_cheering_97e2141a,data/raw/esc50/ESC-50-master/audio/3-181278-A-22.wav,esc50,3-181278-A-22,freesound_181278,laughter_cheering,weak,,,,5.0,44100,1,CC0,toiletrolltube (http://www.freesound.org/people/toiletrolltube/sounds/181278/),yes,2026-09-14,97e2141a16f5144c1e9959f9e8783017f60c1f8b7d034d6f2a152ebfc0929ad5
esc50_laughter_cheering_9b6a405f,data/raw/esc50/ESC-50-master/audio/3-107123-A-26.wav,esc50,3-107123-A-26,freesound_107123,laughter_cheering,weak,,,,5.0,44100,1,CC-BY,tagirov (http://www.freesound.org/people/tagirov/sounds/107123/),yes,2026-09-14,9b6a405f45bad8af59b0c17aacbda14dc6162b434345353adaf28cd182334d0d
esc50_laughter_cheering_9c202168,data/raw/esc50/ESC-50-master/audio/5-242932-A-26.wav,esc50,5-242932-A-26,freesound_242932,laughter_cheering,weak,,,,5.0,44100,1,CC-BY,OBXJohn (http://www.freesound.org/people/OBXJohn/sounds/242932/),yes,2026-09-14,9c2021684ccd03cbb5606565178197bc1251de351c65e2e10c068e0da0499a87
esc50_laughter_cheering_9d061b30,data/raw/esc50/ESC-50-master/audio/1-110537-A-22.wav,esc50,1-110537-A-22,freesound_110537,laughter_cheering,weak,,,,5.0,44100,1,CC-Sampling+,soundbyter.com (http://www.freesound.org/people/soundbyter.com/sounds/110537/),labels_only,2026-09-14,9d061b30110d82a33f97eb42146d20e827b34683983a4e10fe83765f58f9d4d5
esc50_laughter_cheering_9e710284,data/raw/esc50/ESC-50-master/audio/2-76408-A-22.wav,esc50,2-76408-A-22,freesound_76408,laughter_cheering,weak,,,,5.0,44100,1,CC0,therabidfrog (http://www.freesound.org/people/therabidfrog/sounds/76408/),yes,2026-09-14,9e710284e17bfea6dd1c4850e0b9f72ba114e03520418be97a19da1a81eafbbc
esc50_laughter_cheering_a254709b,data/raw/esc50/ESC-50-master/audio/2-109759-A-26.wav,esc50,2-109759-A-26,freesound_109759,laughter_cheering,weak,,,,5.0,44100,1,CC-BY,choplin (http://www.freesound.org/people/choplin/sounds/109759/),yes,2026-09-14,a254709bbf039a760772033127d7ddd1b1296827c1c4bf91397c4eed47630415
esc50_laughter_cheering_a34f340f,data/raw/esc50/ESC-50-master/audio/2-25292-A-22.wav,esc50,2-25292-A-22,freesound_25292,laughter_cheering,weak,,,,5.0,44100,1,CC0,freesound (http://www.freesound.org/people/freesound/sounds/25292/),yes,2026-09-14,a34f340fe36d0d55a5b47f69593e7f49d7ac59e68e26571f53784b79e37722eb
esc50_laughter_cheering_a7d72dd0,data/raw/esc50/ESC-50-master/audio/5-242932-B-26.wav,esc50,5-242932-B-26,freesound_242932,laughter_cheering,weak,,,,5.0,44100,1,CC-BY,OBXJohn (http://www.freesound.org/people/OBXJohn/sounds/242932/),yes,2026-09-14,a7d72dd0f1e81bcae369ea26db6c2495829c7c308ceb50670a33b2fe925bb564
esc50_laughter_cheering_a91622b0,data/raw/esc50/ESC-50-master/audio/1-105224-A-22.wav,esc50,1-105224-A-22,freesound_105224,laughter_cheering,weak,,,,5.0,44100,1,CC-BY-NC,club sound (http://www.freesound.org/people/club%20sound/sounds/105224/),labels_only,2026-09-14,a91622b0235b622d7913ae2cc9af3785a546356310507bb7ffd6f1cb6d38ab85
esc50_laughter_cheering_ac22151d,data/raw/esc50/ESC-50-master/audio/3-132747-A-26.wav,esc50,3-132747-A-26,freesound_132747,laughter_cheering,weak,,,,5.0,44100,1,CC-BY,Nanakisan (http://www.freesound.org/people/Nanakisan/sounds/132747/),yes,2026-09-14,ac22151d27e63ba67a9108638c824a43c17a3bafd4549063bb765a1653707968
esc50_laughter_cheering_acf4fc66,data/raw/esc50/ESC-50-master/audio/5-171118-A-26.wav,esc50,5-171118-A-26,freesound_171118,laughter_cheering,weak,,,,5.0,44100,1,CC-BY-NC,ondrosik (http://www.freesound.org/people/ondrosik/sounds/171118/),labels_only,2026-09-14,acf4fc669f782f4b85e601fb61cddef90599416c519741428e1e62ea6228e2c2
esc50_laughter_cheering_ad612364,data/raw/esc50/ESC-50-master/audio/2-79769-A-26.wav,esc50,2-79769-A-26,freesound_79769,laughter_cheering,weak,,,,5.0,44100,1,CC-Sampling+,engreitz (http://www.freesound.org/people/engreitz/sounds/79769/),labels_only,2026-09-14,ad612364637a6a7f546b1e4c0fb3eaaa516bead72ebc60ada09081017770abf1
esc50_laughter_cheering_af85ee4f,data/raw/esc50/ESC-50-master/audio/4-189830-A-22.wav,esc50,4-189830-A-22,freesound_189830,laughter_cheering,weak,,,,5.0,44100,1,CC-BY,klankbeeld (http://www.freesound.org/people/klankbeeld/sounds/189830/),yes,2026-09-14,af85ee4f6c5441e6a92956b69bee17f45207ef8fe3f2917c6a02fdb06bea38bc
esc50_laughter_cheering_b13e8ec2,data/raw/esc50/ESC-50-master/audio/2-109759-B-26.wav,esc50,2-109759-B-26,freesound_109759,laughter_cheering,weak,,,,5.0,44100,1,CC-BY,choplin (http://www.freesound.org/people/choplin/sounds/109759/),yes,2026-09-14,b13e8ec284aaa51991b9de66ccf1ace3bc9d46fc8e76f6bc318dfa6ffddc7e52
esc50_laughter_cheering_b2d5c158,data/raw/esc50/ESC-50-master/audio/4-132816-A-26.wav,esc50,4-132816-A-26,freesound_132816,laughter_cheering,weak,,,,5.0,44100,1,CC-BY,Nanakisan (http://www.freesound.org/people/Nanakisan/sounds/132816/),yes,2026-09-14,b2d5c158cb461eae5001862bfdbbdbfb1367d6e80e3e187dc52ebbba869a8b85
esc50_laughter_cheering_b3e78475,data/raw/esc50/ESC-50-master/audio/3-110536-A-26.wav,esc50,3-110536-A-26,freesound_110536,laughter_cheering,weak,,,,5.0,44100,1,CC-Sampling+,soundbyter.com (http://www.freesound.org/people/soundbyter.com/sounds/110536/),labels_only,2026-09-14,b3e784756507d4b37c8bc019d0d951c1a3981728a9af466dc7574584423b352e
esc50_laughter_cheering_b81b94db,data/raw/esc50/ESC-50-master/audio/2-57733-A-22.wav,esc50,2-57733-A-22,freesound_57733,laughter_cheering,weak,,,,5.0,44100,1,CC-BY-NC,timtube (http://www.freesound.org/people/timtube/sounds/57733/),labels_only,2026-09-14,b81b94dbc6008a9dfa25fd1856fdd5f92a5810513967e3db27dabbc0d10e6a85
esc50_laughter_cheering_b87d3085,data/raw/esc50/ESC-50-master/audio/1-115921-A-22.wav,esc50,1-115921-A-22,freesound_115921,laughter_cheering,weak,,,,5.0,44100,1,CC0,issalcake (http://www.freesound.org/people/issalcake/sounds/115921/),yes,2026-09-14,b87d30852b565dd2b7d5c33b6ef5d4bbaaf1c03235f98a85fde1d3ba70f1c027
esc50_laughter_cheering_bff4fba0,data/raw/esc50/ESC-50-master/audio/5-259514-A-26.wav,esc50,5-259514-A-26,freesound_259514,laughter_cheering,weak,,,,5.0,44100,1,CC0,fattirewhitey (http://www.freesound.org/people/fattirewhitey/sounds/259514/),yes,2026-09-14,bff4fba03e6137cd08b1f0eeb5512e238a047fbcd49d7de923d6d9262ad25296
esc50_laughter_cheering_c24516da,data/raw/esc50/ESC-50-master/audio/2-62226-A-26.wav,esc50,2-62226-A-26,freesound_62226,laughter_cheering,weak,,,,5.0,44100,1,CC-BY-NC,Robinhood76 (http://www.freesound.org/people/Robinhood76/sounds/62226/),labels_only,2026-09-14,c24516dab6222edf2357eab0339ab50f51d255b33ac447178d05c9f651ea8742
esc50_laughter_cheering_c4ae2f70,data/raw/esc50/ESC-50-master/audio/1-36164-B-26.wav,esc50,1-36164-B-26,freesound_36164,laughter_cheering,weak,,,,5.0,44100,1,CC0,sagetyrtle (http://www.freesound.org/people/sagetyrtle/sounds/36164/),yes,2026-09-14,c4ae2f7010e965c71e0564f4300c3b24b3ea32be65ece7ca885c95b8883e6cc9
esc50_laughter_cheering_c7f7466f,data/raw/esc50/ESC-50-master/audio/4-132810-A-26.wav,esc50,4-132810-A-26,freesound_132810,laughter_cheering,weak,,,,5.0,44100,1,CC-BY,Nanakisan (http://www.freesound.org/people/Nanakisan/sounds/132810/),yes,2026-09-14,c7f7466fe1fa3d585fbf7a1fe9692e1890f0b05d6910b81504e808b4fb885bb8
esc50_laughter_cheering_c8641fdb,data/raw/esc50/ESC-50-master/audio/5-218494-A-22.wav,esc50,5-218494-A-22,freesound_218494,laughter_cheering,weak,,,,5.0,44100,1,CC-BY-NC,Robinhood76 (http://www.freesound.org/people/Robinhood76/sounds/218494/),labels_only,2026-09-14,c8641fdb05314f3ae6da3cab60963c2bdd61a8823e602958ec6ad73dd0c3247b
esc50_laughter_cheering_c8ddf769,data/raw/esc50/ESC-50-master/audio/2-25293-A-22.wav,esc50,2-25293-A-22,freesound_25293,laughter_cheering,weak,,,,5.0,44100,1,CC0,freesound (http://www.freesound.org/people/freesound/sounds/25293/),yes,2026-09-14,c8ddf76965ae2928c07e61d083825398c20ea06fe09d3a999c1a99492c771006
esc50_laughter_cheering_d195bb2e,data/raw/esc50/ESC-50-master/audio/4-189836-A-22.wav,esc50,4-189836-A-22,freesound_189836,laughter_cheering,weak,,,,5.0,44100,1,CC-BY,klankbeeld (http://www.freesound.org/people/klankbeeld/sounds/189836/),yes,2026-09-14,d195bb2ea440b17f6537e717f0708aec37f10d51c47343e5c3731caf3596e78e
esc50_laughter_cheering_d3165c02,data/raw/esc50/ESC-50-master/audio/5-244526-A-26.wav,esc50,5-244526-A-26,freesound_244526,laughter_cheering,weak,,,,5.0,44100,1,CC0,smartxxd (http://www.freesound.org/people/smartxxd/sounds/244526/),yes,2026-09-14,d3165c0292b08ca116b10f3fcfe24978eefef40dcacb751723c13cf8816ffbd0
esc50_laughter_cheering_dc6cd665,data/raw/esc50/ESC-50-master/audio/1-1791-A-26.wav,esc50,1-1791-A-26,freesound_1791,laughter_cheering,weak,,,,5.0,44100,1,CC-BY,nicStage (http://www.freesound.org/people/nicStage/sounds/1791/),yes,2026-09-14,dc6cd665f3d20eed6089d9593a2b776104d8671c57ce6c48e6be030c75a53643
esc50_laughter_cheering_dcb1b2c6,data/raw/esc50/ESC-50-master/audio/1-30039-A-26.wav,esc50,1-30039-A-26,freesound_30039,laughter_cheering,weak,,,,5.0,44100,1,CC-BY,Corsica_S (http://www.freesound.org/people/Corsica_S/sounds/30039/),yes,2026-09-14,dcb1b2c6686b090bf63775eb79a64d96c243987e6ae66cbb96a4a66610b37809
esc50_laughter_cheering_de5e5960,data/raw/esc50/ESC-50-master/audio/4-132803-A-26.wav,esc50,4-132803-A-26,freesound_132803,laughter_cheering,weak,,,,5.0,44100,1,CC-BY,Nanakisan (http://www.freesound.org/people/Nanakisan/sounds/132803/),yes,2026-09-14,de5e596027c88e0e27334e4dfeb024238bc0b6028dba0f96c764017e534e8233
esc50_laughter_cheering_e414fc3b,data/raw/esc50/ESC-50-master/audio/4-181599-A-26.wav,esc50,4-181599-A-26,freesound_181599,laughter_cheering,weak,,,,5.0,44100,1,CC0,JulieBaka (http://www.freesound.org/people/JulieBaka/sounds/181599/),yes,2026-09-14,e414fc3ba7dea88437d0be3c0dd1101177cfcc0052e2a2b2cb8973cad984e178
esc50_laughter_cheering_ecaafbc5,data/raw/esc50/ESC-50-master/audio/5-221568-A-22.wav,esc50,5-221568-A-22,freesound_221568,laughter_cheering,weak,,,,5.0,44100,1,CC0,AlaskaRobotics (http://www.freesound.org/people/AlaskaRobotics/sounds/221568/),yes,2026-09-14,ecaafbc58de276019dc7f47fee77bb73d437c4583d6e32bbc023188f96e2401e
esc50_laughter_cheering_ee4fb4e2,data/raw/esc50/ESC-50-master/audio/3-149465-A-22.wav,esc50,3-149465-A-22,freesound_149465,laughter_cheering,weak,,,,5.0,44100,1,CC0,Clagnut (http://www.freesound.org/people/Clagnut/sounds/149465/),yes,2026-09-14,ee4fb4e272d455fba80256516334d4842a3d3206f3653fd5e3f37c42e1372bf1
esc50_laughter_cheering_f385093d,data/raw/esc50/ESC-50-master/audio/5-262957-A-22.wav,esc50,5-262957-A-22,freesound_262957,laughter_cheering,weak,,,,5.0,44100,1,CC-BY,Cell31_Sound_Productions (http://www.freesound.org/people/Cell31_Sound_Productions/sounds/262957/),yes,2026-09-14,f385093df5a3ba607f47356bab51f48501376ff67f167f60e932a89509878a93
esc50_laughter_cheering_f53b4f40,data/raw/esc50/ESC-50-master/audio/3-197435-A-22.wav,esc50,3-197435-A-22,freesound_197435,laughter_cheering,weak,,,,5.0,44100,1,CC-BY-NC,Yuval (http://www.freesound.org/people/Yuval/sounds/197435/),labels_only,2026-09-14,f53b4f40d335fea48b1bf90ee59e60bd29501214c8acac9c7cefebd89fbb9703
esc50_laughter_cheering_fa437400,data/raw/esc50/ESC-50-master/audio/3-126113-A-26.wav,esc50,3-126113-A-26,freesound_126113,laughter_cheering,weak,,,,5.0,44100,1,CC-BY,klankbeeld (http://www.freesound.org/people/klankbeeld/sounds/126113/),yes,2026-09-14,fa437400cd1875436258ceaa9a3014ad5a0927e90911f24ca62e1d9d79316062
esc50_laughter_cheering_feac8206,data/raw/esc50/ESC-50-master/audio/5-221567-A-22.wav,esc50,5-221567-A-22,freesound_221567,laughter_cheering,weak,,,,5.0,44100,1,CC0,AlaskaRobotics (http://www.freesound.org/people/AlaskaRobotics/sounds/221567/),yes,2026-09-14,feac82061feabf0fbad0fae318ec3ec047ebbdf2b4fda6d4bc679fee319ffcac
esc50_running_footsteps_17ba4c24,data/raw/esc50/ESC-50-master/audio/5-263491-A-25.wav,esc50,5-263491-A-25,freesound_263491,running_footsteps,weak,,,,5.0,44100,1,CC0,lwdickens (http://www.freesound.org/people/lwdickens/sounds/263491/),yes,2026-09-14,17ba4c24a5065450732d07633e1ccfddda384b253150d659d0bd87735426a183
esc50_running_footsteps_1842d2cc,data/raw/esc50/ESC-50-master/audio/1-155858-D-25.wav,esc50,1-155858-D-25,freesound_155858,running_footsteps,weak,,,,5.0,44100,1,CC0,RutgerMuller (http://www.freesound.org/people/RutgerMuller/sounds/155858/),yes,2026-09-14,1842d2cc95f18f873b159b41ade87620b9e3232098947528d80af1e60380d25a
esc50_running_footsteps_1c4aa8ef,data/raw/esc50/ESC-50-master/audio/2-209472-A-25.wav,esc50,2-209472-A-25,freesound_209472,running_footsteps,weak,,,,5.0,44100,1,CC-BY,sinatra314 (http://www.freesound.org/people/sinatra314/sounds/209472/),yes,2026-09-14,1c4aa8effdf21245b610377a7a94060c0661ceb002d2c37b35ae345de1f4cca0
esc50_running_footsteps_234358f7,data/raw/esc50/ESC-50-master/audio/1-155858-B-25.wav,esc50,1-155858-B-25,freesound_155858,running_footsteps,weak,,,,5.0,44100,1,CC0,RutgerMuller (http://www.freesound.org/people/RutgerMuller/sounds/155858/),yes,2026-09-14,234358f787b98c5903fcf56f7fc4c97fda2b4f0ad5311bd35f9c6c6c9a4b2277
esc50_running_footsteps_279e4b3e,data/raw/esc50/ESC-50-master/audio/3-103599-A-25.wav,esc50,3-103599-A-25,freesound_103599,running_footsteps,weak,,,,5.0,44100,1,CC-BY-NC,floating tree (http://www.freesound.org/people/floating%20tree/sounds/103599/),labels_only,2026-09-14,279e4b3eb5fff0ff31b458132ba0a46a50a88fd01963f3cc175fd56c3b14997b
esc50_running_footsteps_36766921,data/raw/esc50/ESC-50-master/audio/2-209474-A-25.wav,esc50,2-209474-A-25,freesound_209474,running_footsteps,weak,,,,5.0,44100,1,CC-BY,sinatra314 (http://www.freesound.org/people/sinatra314/sounds/209474/),yes,2026-09-14,36766921dd5baab292bd4238353f94e23304af6b3c0069b3d965f50a4fc7a754
esc50_running_footsteps_3cc28773,data/raw/esc50/ESC-50-master/audio/3-94344-A-25.wav,esc50,3-94344-A-25,freesound_94344,running_footsteps,weak,,,,5.0,44100,1,CC0,Ryding (http://www.freesound.org/people/Ryding/sounds/94344/),yes,2026-09-14,3cc287735d092ad54971f68131d02130b80e9a728fdd4b1aede9f7623c6bf7b7
esc50_running_footsteps_3d54fb53,data/raw/esc50/ESC-50-master/audio/4-218304-B-25.wav,esc50,4-218304-B-25,freesound_218304,running_footsteps,weak,,,,5.0,44100,1,CC0,MentalSanityOff (http://www.freesound.org/people/MentalSanityOff/sounds/218304/),yes,2026-09-14,3d54fb53e375367b67d8552e4e626b38696af91badea46eb09aa923051f3d71c
esc50_running_footsteps_40ae1001,data/raw/esc50/ESC-50-master/audio/5-263501-A-25.wav,esc50,5-263501-A-25,freesound_263501,running_footsteps,weak,,,,5.0,44100,1,CC0,lwdickens (http://www.freesound.org/people/lwdickens/sounds/263501/),yes,2026-09-14,40ae1001eb9f0bb32368a6f5b76b9ddcffef05ae1519581151ab7f229c7feeef
esc50_running_footsteps_4479d474,data/raw/esc50/ESC-50-master/audio/5-243025-A-25.wav,esc50,5-243025-A-25,freesound_243025,running_footsteps,weak,,,,5.0,44100,1,CC-BY,AdamWayneGistarb (http://www.freesound.org/people/AdamWayneGistarb/sounds/243025/),yes,2026-09-14,4479d47415b811e5459c8420a1b8a721eca414147b017fed5b5a80636762028e
esc50_running_footsteps_47c7c305,data/raw/esc50/ESC-50-master/audio/1-155858-C-25.wav,esc50,1-155858-C-25,freesound_155858,running_footsteps,weak,,,,5.0,44100,1,CC0,RutgerMuller (http://www.freesound.org/people/RutgerMuller/sounds/155858/),yes,2026-09-14,47c7c305285136b8a3673f0143e42d832eec4ab1c907d2492396c4aa13943426
esc50_running_footsteps_4a9fd033,data/raw/esc50/ESC-50-master/audio/4-198962-B-25.wav,esc50,4-198962-B-25,freesound_198962,running_footsteps,weak,,,,5.0,44100,1,CC0,Mydo1 (http://www.freesound.org/people/Mydo1/sounds/198962/),yes,2026-09-14,4a9fd033241d235416314dcc577acb6f62c7de290ea706fed597aaf15d323971
esc50_running_footsteps_4d1fca32,data/raw/esc50/ESC-50-master/audio/3-103597-A-25.wav,esc50,3-103597-A-25,freesound_103597,running_footsteps,weak,,,,5.0,44100,1,CC-BY-NC,floating tree (http://www.freesound.org/people/floating%20tree/sounds/103597/),labels_only,2026-09-14,4d1fca3296291bcb12ca41ebf0a1f7edb2e2c8213cc04d61e8ebb62b98bf5638
esc50_running_footsteps_4e0e2251,data/raw/esc50/ESC-50-master/audio/1-223162-A-25.wav,esc50,1-223162-A-25,freesound_223162,running_footsteps,weak,,,,5.0,44100,1,CC0,Yoyodaman234 (http://www.freesound.org/people/Yoyodaman234/sounds/223162/),yes,2026-09-14,4e0e2251d9819f49e8d9ee6c4106f9e4de95995e336be88c517269d57cda39b0
esc50_running_footsteps_5939a63a,data/raw/esc50/ESC-50-master/audio/2-209477-A-25.wav,esc50,2-209477-A-25,freesound_209477,running_footsteps,weak,,,,5.0,44100,1,CC-BY,sinatra314 (http://www.freesound.org/people/sinatra314/sounds/209477/),yes,2026-09-14,5939a63a47e717e02de2c262190f3754e5ec43ccc4d7948f5aa46c19fe3f5237
esc50_running_footsteps_5ca208aa,data/raw/esc50/ESC-50-master/audio/2-209476-A-25.wav,esc50,2-209476-A-25,freesound_209476,running_footsteps,weak,,,,5.0,44100,1,CC-BY,sinatra314 (http://www.freesound.org/people/sinatra314/sounds/209476/),yes,2026-09-14,5ca208aa08d66d304077f2a54a518f33e58c2d06c9dd34e5a7f51dc11429af96
esc50_running_footsteps_622d1930,data/raw/esc50/ESC-50-master/audio/4-198962-A-25.wav,esc50,4-198962-A-25,freesound_198962,running_footsteps,weak,,,,5.0,44100,1,CC0,Mydo1 (http://www.freesound.org/people/Mydo1/sounds/198962/),yes,2026-09-14,622d193035a6635af9c3b552bc3b0414de0c79b3408f7d3f21397d2929f1ed69
esc50_running_footsteps_69512e2e,data/raw/esc50/ESC-50-master/audio/4-194981-A-25.wav,esc50,4-194981-A-25,freesound_194981,running_footsteps,weak,,,,5.0,44100,1,CC-BY,soundmary (http://www.freesound.org/people/soundmary/sounds/194981/),yes,2026-09-14,69512e2e391473e9ae3d8cf69b9b3b0fed8310c81265fefb8b8262f88a6a21a6
esc50_running_footsteps_6ee260dd,data/raw/esc50/ESC-50-master/audio/5-263490-A-25.wav,esc50,5-263490-A-25,freesound_263490,running_footsteps,weak,,,,5.0,44100,1,CC0,lwdickens (http://www.freesound.org/people/lwdickens/sounds/263490/),yes,2026-09-14,6ee260dd4ef0d0329c7a2e06c4c331db4f61049733f19e6535f041732384566e
esc50_running_footsteps_6f5c1eea,data/raw/esc50/ESC-50-master/audio/5-244310-A-25.wav,esc50,5-244310-A-25,freesound_244310,running_footsteps,weak,,,,5.0,44100,1,CC0,JohnsonBrandEditing (http://www.freesound.org/people/JohnsonBrandEditing/sounds/244310/),yes,2026-09-14,6f5c1eea1ef6068ead03b6f5a12a2698da258cb0bc49b56fa01976a9371a7c02
esc50_running_footsteps_70beb5f1,data/raw/esc50/ESC-50-master/audio/4-117630-A-25.wav,esc50,4-117630-A-25,freesound_117630,running_footsteps,weak,,,,5.0,44100,1,CC0,soundmary (http://www.freesound.org/people/soundmary/sounds/117630/),yes,2026-09-14,70beb5f16c161f46b7c672b8bc85724ced5d69db1e29d7f137ad94f4c1215d08
esc50_running_footsteps_778725b4,data/raw/esc50/ESC-50-master/audio/5-51149-A-25.wav,esc50,5-51149-A-25,freesound_51149,running_footsteps,weak,,,,5.0,44100,1,CC0,RutgerMuller (http://www.freesound.org/people/RutgerMuller/sounds/51149/),yes,2026-09-14,778725b447e5f8ae4528d62ec978c915116d8e2a9043494c0e5e1708772fee76
esc50_running_footsteps_7ba54c69,data/raw/esc50/ESC-50-master/audio/2-209478-A-25.wav,esc50,2-209478-A-25,freesound_209478,running_footsteps,weak,,,,5.0,44100,1,CC-BY,sinatra314 (http://www.freesound.org/people/sinatra314/sounds/209478/),yes,2026-09-14,7ba54c692fb8af61a12bbdc480822a27bf3500de75daad7160da78e96301151a
esc50_running_footsteps_7d07efd2,data/raw/esc50/ESC-50-master/audio/3-103598-A-25.wav,esc50,3-103598-A-25,freesound_103598,running_footsteps,weak,,,,5.0,44100,1,CC-BY-NC,floating tree (http://www.freesound.org/people/floating%20tree/sounds/103598/),labels_only,2026-09-14,7d07efd243f85872330deb7ed4d78dd3f03cd415228259e9dce712140a1d7cec
esc50_running_footsteps_975e559e,data/raw/esc50/ESC-50-master/audio/3-94343-A-25.wav,esc50,3-94343-A-25,freesound_94343,running_footsteps,weak,,,,5.0,44100,1,CC0,Ryding (http://www.freesound.org/people/Ryding/sounds/94343/),yes,2026-09-14,975e559e9ac1a97093a4b9bc61344bf15b1ce4b4f76a88a6cf8184c197e9e634
esc50_running_footsteps_9e831ab8,data/raw/esc50/ESC-50-master/audio/2-209475-A-25.wav,esc50,2-209475-A-25,freesound_209475,running_footsteps,weak,,,,5.0,44100,1,CC-BY,sinatra314 (http://www.freesound.org/people/sinatra314/sounds/209475/),yes,2026-09-14,9e831ab88a17a5d44d47890a9859e6bd4388d3be309b8d58f3d656c930547754
esc50_running_footsteps_a2fa1671,data/raw/esc50/ESC-50-master/audio/4-218304-A-25.wav,esc50,4-218304-A-25,freesound_218304,running_footsteps,weak,,,,5.0,44100,1,CC0,MentalSanityOff (http://www.freesound.org/people/MentalSanityOff/sounds/218304/),yes,2026-09-14,a2fa1671642d712458d6913a72a55f357ef5ee7f49d82e1ab4d17d355a5efd9c
esc50_running_footsteps_a8eb9f3e,data/raw/esc50/ESC-50-master/audio/3-249913-A-25.wav,esc50,3-249913-A-25,freesound_249913,running_footsteps,weak,,,,5.0,44100,1,CC0,hintringer (http://www.freesound.org/people/hintringer/sounds/249913/),yes,2026-09-14,a8eb9f3e0c59dea33b9152c7da3f758087c30f9b9d6a969efd7393816e32976d
esc50_running_footsteps_aa5f1654,data/raw/esc50/ESC-50-master/audio/3-94342-A-25.wav,esc50,3-94342-A-25,freesound_94342,running_footsteps,weak,,,,5.0,44100,1,CC0,Ryding (http://www.freesound.org/people/Ryding/sounds/94342/),yes,2026-09-14,aa5f165461dce46867d6be56a5362ea28e93574379041ba2395563b629aee3ea
esc50_running_footsteps_b83813a8,data/raw/esc50/ESC-50-master/audio/5-234263-A-25.wav,esc50,5-234263-A-25,freesound_234263,running_footsteps,weak,,,,5.0,44100,1,CC-BY,Fewes (http://www.freesound.org/people/Fewes/sounds/234263/),yes,2026-09-14,b83813a8a07ac187c280204b4ac4a015c0cff5a84bf5a7b7e3aa03b6e726910d
esc50_running_footsteps_bee53dc6,data/raw/esc50/ESC-50-master/audio/4-117627-A-25.wav,esc50,4-117627-A-25,freesound_117627,running_footsteps,weak,,,,5.0,44100,1,CC0,soundmary (http://www.freesound.org/people/soundmary/sounds/117627/),yes,2026-09-14,bee53dc6ab282257b4a70a852d6235104ec74bdb380f0a83b706f1ab88b356ca
esc50_running_footsteps_c5c88b84,data/raw/esc50/ESC-50-master/audio/1-51147-A-25.wav,esc50,1-51147-A-25,freesound_51147,running_footsteps,weak,,,,5.0,44100,1,CC0,RutgerMuller (http://www.freesound.org/people/RutgerMuller/sounds/51147/),yes,2026-09-14,c5c88b84b54d976693bf3c55575d065986a00e46362f6b111536fcfae7fabb1d
esc50_running_footsteps_cb524320,data/raw/esc50/ESC-50-master/audio/2-209471-A-25.wav,esc50,2-209471-A-25,freesound_209471,running_footsteps,weak,,,,5.0,44100,1,CC-BY,sinatra314 (http://www.freesound.org/people/sinatra314/sounds/209471/),yes,2026-09-14,cb524320343acf17254aea4035a3b83aaa3a92000720d6a90014816f7096d0bf
esc50_running_footsteps_cb90f52c,data/raw/esc50/ESC-50-master/audio/1-155858-A-25.wav,esc50,1-155858-A-25,freesound_155858,running_footsteps,weak,,,,5.0,44100,1,CC0,RutgerMuller (http://www.freesound.org/people/RutgerMuller/sounds/155858/),yes,2026-09-14,cb90f52c7fe7d0d994941b2e6de555cb36e898fb49b52cc31f08401ac464e7c6
esc50_running_footsteps_ced56c4d,data/raw/esc50/ESC-50-master/audio/1-155858-F-25.wav,esc50,1-155858-F-25,freesound_155858,running_footsteps,weak,,,,5.0,44100,1,CC0,RutgerMuller (http://www.freesound.org/people/RutgerMuller/sounds/155858/),yes,2026-09-14,ced56c4dbe120cc2d6121232b73ddff8f79a1b1b9da69cb0765ebfc261998ba5
esc50_running_footsteps_d1b33538,data/raw/esc50/ESC-50-master/audio/5-234855-A-25.wav,esc50,5-234855-A-25,freesound_234855,running_footsteps,weak,,,,5.0,44100,1,CC0,mlsulli (http://www.freesound.org/people/mlsulli/sounds/234855/),yes,2026-09-14,d1b33538a11d787c1f9ff9e33a9160a66570e0830b2e9b349df3d10d16179f8a
esc50_running_footsteps_d2b278e3,data/raw/esc50/ESC-50-master/audio/2-209473-A-25.wav,esc50,2-209473-A-25,freesound_209473,running_footsteps,weak,,,,5.0,44100,1,CC-BY,sinatra314 (http://www.freesound.org/people/sinatra314/sounds/209473/),yes,2026-09-14,d2b278e315fb09b9aa8c0184272e29a8aed8c7898531d816c128068c718a5c7e
esc50_running_footsteps_ef46de92,data/raw/esc50/ESC-50-master/audio/4-194979-A-25.wav,esc50,4-194979-A-25,freesound_194979,running_footsteps,weak,,,,5.0,44100,1,CC-BY,soundmary (http://www.freesound.org/people/soundmary/sounds/194979/),yes,2026-09-14,ef46de922532c82310795bd5bd705a1837eb051b73997cddd0d39c1d8283d8e9
esc50_running_footsteps_f20bcbe2,data/raw/esc50/ESC-50-master/audio/1-155858-E-25.wav,esc50,1-155858-E-25,freesound_155858,running_footsteps,weak,,,,5.0,44100,1,CC0,RutgerMuller (http://www.freesound.org/people/RutgerMuller/sounds/155858/),yes,2026-09-14,f20bcbe29484e399bda52e2e2dba9de478ae0147a7b588242b0d6acc1534b9d9
esc50_running_footsteps_fc6a08cb,data/raw/esc50/ESC-50-master/audio/3-103599-B-25.wav,esc50,3-103599-B-25,freesound_103599,running_footsteps,weak,,,,5.0,44100,1,CC-BY-NC,floating tree (http://www.freesound.org/people/floating%20tree/sounds/103599/),labels_only,2026-09-14,fc6a08cb96eb842eb46fe277743538f6fd41d2a21822ebeddf394522cd7c3450
esc50_siren_012cf9bf,data/raw/esc50/ESC-50-master/audio/2-70052-A-42.wav,esc50,2-70052-A-42,freesound_70052,siren,weak,,,,5.0,44100,1,CC-BY-NC,Trinity101 (http://www.freesound.org/people/Trinity101/sounds/70052/),labels_only,2026-09-14,012cf9bf49d8619a9c60cf0a606af4b0e32645d9220e9fa266865a858a906608
esc50_siren_02683131,data/raw/esc50/ESC-50-master/audio/3-51731-A-42.wav,esc50,3-51731-A-42,freesound_51731,siren,weak,,,,5.0,44100,1,CC-BY-NC,Connum (http://www.freesound.org/people/Connum/sounds/51731/),labels_only,2026-09-14,0268313151d1865b712d5556e6a0fc7fcf87807639c68de23d9951d38474208e
esc50_siren_187e6149,data/raw/esc50/ESC-50-master/audio/2-70936-A-42.wav,esc50,2-70936-A-42,freesound_70936,siren,weak,,,,5.0,44100,1,CC0,guitarguy1985 (http://www.freesound.org/people/guitarguy1985/sounds/70936/),yes,2026-09-14,187e6149565a5c95d350d672dfca2750e9471d6cad846ba5ddc998e7a3958f58
esc50_siren_1b1d4849,data/raw/esc50/ESC-50-master/audio/5-117122-A-42.wav,esc50,5-117122-A-42,freesound_117122,siren,weak,,,,5.0,44100,1,CC0,UncleSigmund (http://www.freesound.org/people/UncleSigmund/sounds/117122/),yes,2026-09-14,1b1d4849a6a95b40d9ac1ce01ff8f3ba5899bf1dc025da6646c1008e1a7caf65
esc50_siren_2446a3eb,data/raw/esc50/ESC-50-master/audio/1-31482-B-42.wav,esc50,1-31482-B-42,freesound_31482,siren,weak,,,,5.0,44100,1,CC-BY,dobroide (http://www.freesound.org/people/dobroide/sounds/31482/),yes,2026-09-14,2446a3eb69758de0ddde8962ab8966790a19960c71ab649cff52aae3d5d93a54
esc50_siren_3192ab47,data/raw/esc50/ESC-50-master/audio/4-67358-A-42.wav,esc50,4-67358-A-42,freesound_67358,siren,weak,,,,5.0,44100,1,CC-BY,Benboncan (http://www.freesound.org/people/Benboncan/sounds/67358/),yes,2026-09-14,3192ab47aff92ef5dcec1ce178e342e24ecadf826dc6c9dd3f0515a4c53c58d2
esc50_siren_365e4a2a,data/raw/esc50/ESC-50-master/audio/4-111671-A-42.wav,esc50,4-111671-A-42,freesound_111671,siren,weak,,,,5.0,44100,1,CC-BY,FatLane (http://www.freesound.org/people/FatLane/sounds/111671/),yes,2026-09-14,365e4a2a7fcb455894d3b0a7b7ad08ac9725f6565fc4d3ace32876b5afc4c2cd
esc50_siren_376353be,data/raw/esc50/ESC-50-master/audio/2-43806-A-42.wav,esc50,2-43806-A-42,freesound_43806,siren,weak,,,,5.0,44100,1,CC-BY,daveincamas (http://www.freesound.org/people/daveincamas/sounds/43806/),yes,2026-09-14,376353be53fe9eff3dc25d6ff94fd685510a985ba11cdfea39ea5ae33bbd42c2
esc50_siren_387866fa,data/raw/esc50/ESC-50-master/audio/3-62878-B-42.wav,esc50,3-62878-B-42,freesound_62878,siren,weak,,,,5.0,44100,1,CC-BY-NC,mungous (http://www.freesound.org/people/mungous/sounds/62878/),labels_only,2026-09-14,387866faea68816ac73cf30fecf94ae886660fbce7e80992d23eaa108ba82990
esc50_siren_40622578,data/raw/esc50/ESC-50-master/audio/2-72688-A-42.wav,esc50,2-72688-A-42,freesound_72688,siren,weak,,,,5.0,44100,1,CC-BY,djscrizzle (http://www.freesound.org/people/djscrizzle/sounds/72688/),yes,2026-09-14,406225783170623a673c8104c9eef1871d8a693f5f93372965e1041543530f30
esc50_siren_4918f7e9,data/raw/esc50/ESC-50-master/audio/3-51731-B-42.wav,esc50,3-51731-B-42,freesound_51731,siren,weak,,,,5.0,44100,1,CC-BY-NC,Connum (http://www.freesound.org/people/Connum/sounds/51731/),labels_only,2026-09-14,4918f7e9c5b2056580ea7261db9b13d026c21aa132bcc6ff981e09c2b7d0518e
esc50_siren_4b3084ef,data/raw/esc50/ESC-50-master/audio/1-76831-A-42.wav,esc50,1-76831-A-42,freesound_76831,siren,weak,,,,5.0,44100,1,CC-Sampling+,Rodney Gilliam (http://www.freesound.org/people/Rodney%20Gilliam/sounds/76831/),labels_only,2026-09-14,4b3084efd71e12121f459df54c21b24e4a4710f93dd4f1585d2c2d507b6ec365
esc50_siren_5e91fb8a,data/raw/esc50/ESC-50-master/audio/1-76831-B-42.wav,esc50,1-76831-B-42,freesound_76831,siren,weak,,,,5.0,44100,1,CC-Sampling+,Rodney Gilliam (http://www.freesound.org/people/Rodney%20Gilliam/sounds/76831/),labels_only,2026-09-14,5e91fb8adabdc48483e968357f839d801e29054c7fdb1338f8781ececbd9e76c
esc50_siren_5f5c273e,data/raw/esc50/ESC-50-master/audio/3-51909-A-42.wav,esc50,3-51909-A-42,freesound_51909,siren,weak,,,,5.0,44100,1,CC0,guitarguy1985 (http://www.freesound.org/people/guitarguy1985/sounds/51909/),yes,2026-09-14,5f5c273e29bd8fbcb52cecc798cbbcdb4497f503e04731ef7bcdc3094d0b046d
esc50_siren_65bf1c84,data/raw/esc50/ESC-50-master/audio/2-70052-B-42.wav,esc50,2-70052-B-42,freesound_70052,siren,weak,,,,5.0,44100,1,CC-BY-NC,Trinity101 (http://www.freesound.org/people/Trinity101/sounds/70052/),labels_only,2026-09-14,65bf1c84e863a15e878f73c316d66df38872ec63462efc0989cf06538e01aa62
esc50_siren_6cc7555c,data/raw/esc50/ESC-50-master/audio/5-160551-A-42.wav,esc50,5-160551-A-42,freesound_160551,siren,weak,,,,5.0,44100,1,CC-BY,GaryEdstrom (http://www.freesound.org/people/GaryEdstrom/sounds/160551/),yes,2026-09-14,6cc7555cafe56d7ec8a9c1f672885a73601970ef0687f37a0445131bd5020650
esc50_siren_6e69b251,data/raw/esc50/ESC-50-master/audio/1-76831-D-42.wav,esc50,1-76831-D-42,freesound_76831,siren,weak,,,,5.0,44100,1,CC-Sampling+,Rodney Gilliam (http://www.freesound.org/people/Rodney%20Gilliam/sounds/76831/),labels_only,2026-09-14,6e69b25168dae7ff0833fd132c37fe599ed98a946cf1e44d702444e06b9a1913
esc50_siren_7521bb9b,data/raw/esc50/ESC-50-master/audio/5-133989-A-42.wav,esc50,5-133989-A-42,freesound_133989,siren,weak,,,,5.0,44100,1,CC0,2887679652 (http://www.freesound.org/people/2887679652/sounds/133989/),yes,2026-09-14,7521bb9b94ef12283db760cb97338b7c9a3145b8c78ce3931e03953c6d91f08e
esc50_siren_75bf135f,data/raw/esc50/ESC-50-master/audio/3-51909-B-42.wav,esc50,3-51909-B-42,freesound_51909,siren,weak,,,,5.0,44100,1,CC0,guitarguy1985 (http://www.freesound.org/people/guitarguy1985/sounds/51909/),yes,2026-09-14,75bf135fc612f63b9e79fcf0461c2ea30677d0254c84f43005cfc7d337da75e8
esc50_siren_79cbdaf2,data/raw/esc50/ESC-50-master/audio/5-117118-A-42.wav,esc50,5-117118-A-42,freesound_117118,siren,weak,,,,5.0,44100,1,CC0,UncleSigmund (http://www.freesound.org/people/UncleSigmund/sounds/117118/),yes,2026-09-14,79cbdaf2156d7af410fe97a5c131ee6f46f2f7a99f4051fadd01e931ad8c9e14
esc50_siren_7b862bec,data/raw/esc50/ESC-50-master/audio/4-111671-B-42.wav,esc50,4-111671-B-42,freesound_111671,siren,weak,,,,5.0,44100,1,CC-BY,FatLane (http://www.freesound.org/people/FatLane/sounds/111671/),yes,2026-09-14,7b862bec0a634cc342e53fe54fbac85c28801588903e2a35e9eff705b5593b05
esc50_siren_7fc6af65,data/raw/esc50/ESC-50-master/audio/4-90014-B-42.wav,esc50,4-90014-B-42,freesound_90014,siren,weak,,,,5.0,44100,1,CC-BY,thfc140491 (http://www.freesound.org/people/thfc140491/sounds/90014/),yes,2026-09-14,7fc6af65b6c6bbbadf39426c3ce9300367f5fefce8725a7df990a58ffc9130fb
esc50_siren_8b91f090,data/raw/esc50/ESC-50-master/audio/5-133989-B-42.wav,esc50,5-133989-B-42,freesound_133989,siren,weak,,,,5.0,44100,1,CC0,2887679652 (http://www.freesound.org/people/2887679652/sounds/133989/),yes,2026-09-14,8b91f090b3339c1a4b780b454062ef65ba16c49a2a3c0068cced69b07ef3a119
esc50_siren_942d1f4b,data/raw/esc50/ESC-50-master/audio/2-70938-A-42.wav,esc50,2-70938-A-42,freesound_70938,siren,weak,,,,5.0,44100,1,CC0,guitarguy1985 (http://www.freesound.org/people/guitarguy1985/sounds/70938/),yes,2026-09-14,942d1f4b4959e4f72b8176377934f26015f58863102188a25c07189bffe743d2
esc50_siren_9a68c6a6,data/raw/esc50/ESC-50-master/audio/3-62878-A-42.wav,esc50,3-62878-A-42,freesound_62878,siren,weak,,,,5.0,44100,1,CC-BY-NC,mungous (http://www.freesound.org/people/mungous/sounds/62878/),labels_only,2026-09-14,9a68c6a6678a7fda587c12dd45064d12093befd4b8b4b10e187ad2248c71e445
esc50_siren_9dabae27,data/raw/esc50/ESC-50-master/audio/4-102871-A-42.wav,esc50,4-102871-A-42,freesound_102871,siren,weak,,,,5.0,44100,1,CC-BY,dobroide (http://www.freesound.org/people/dobroide/sounds/102871/),yes,2026-09-14,9dabae27ebcd55cc16ea57e813fc1984ec444159b62f246c0399cb4f920454ea
esc50_siren_9e8901e0,data/raw/esc50/ESC-50-master/audio/5-150409-A-42.wav,esc50,5-150409-A-42,freesound_150409,siren,weak,,,,5.0,44100,1,CC0,radiopassiveboy (http://www.freesound.org/people/radiopassiveboy/sounds/150409/),yes,2026-09-14,9e8901e0a7f22c3546c2f1b42bcc3e2ca8077e94f755702ba744feb2f39d55ac
esc50_siren_9f7d3289,data/raw/esc50/ESC-50-master/audio/4-121532-A-42.wav,esc50,4-121532-A-42,freesound_121532,siren,weak,,,,5.0,44100,1,CC0,thaighaudio (http://www.freesound.org/people/thaighaudio/sounds/121532/),yes,2026-09-14,9f7d32892f55d06a7ce39a0c97c5fd24fcc477c3e517c6e34003a5a9d2c822f5
esc50_siren_a3b366a4,data/raw/esc50/ESC-50-master/audio/2-70939-A-42.wav,esc50,2-70939-A-42,freesound_70939,siren,weak,,,,5.0,44100,1,CC0,guitarguy1985 (http://www.freesound.org/people/guitarguy1985/sounds/70939/),yes,2026-09-14,a3b366a40193537c92bc4053a1691a36f102c6067514f116cf07773498a0decf
esc50_siren_b0ce84a3,data/raw/esc50/ESC-50-master/audio/1-54084-A-42.wav,esc50,1-54084-A-42,freesound_54084,siren,weak,,,,5.0,44100,1,CC0,guitarguy1985 (http://www.freesound.org/people/guitarguy1985/sounds/54084/),yes,2026-09-14,b0ce84a3c012d144a1f97394cab2830512078d660e809eecb8abc4fa8ad0a9e1
esc50_siren_b22c04d1,data/raw/esc50/ESC-50-master/audio/5-117120-A-42.wav,esc50,5-117120-A-42,freesound_117120,siren,weak,,,,5.0,44100,1,CC0,UncleSigmund (http://www.freesound.org/people/UncleSigmund/sounds/117120/),yes,2026-09-14,b22c04d1ea6841f9a1b79e21f2d44c8f9f446a204d28f5a3e4b4f57071c669aa
esc50_siren_b7b50b9b,data/raw/esc50/ESC-50-master/audio/3-58772-A-42.wav,esc50,3-58772-A-42,freesound_58772,siren,weak,,,,5.0,44100,1,CC-BY-NC,auvikogue (http://www.freesound.org/people/auvikogue/sounds/58772/),labels_only,2026-09-14,b7b50b9bd964f0026d5d29d9bffd4b7be78171a231d4a190b9addd8ce3390352
esc50_siren_ba6777f4,data/raw/esc50/ESC-50-master/audio/2-43802-A-42.wav,esc50,2-43802-A-42,freesound_43802,siren,weak,,,,5.0,44100,1,CC-BY,daveincamas (http://www.freesound.org/people/daveincamas/sounds/43802/),yes,2026-09-14,ba6777f4ea87490953ec0fe89499368ce993afb99ba9eec60747cbb94785eb4f
esc50_siren_bbde0117,data/raw/esc50/ESC-50-master/audio/4-90014-A-42.wav,esc50,4-90014-A-42,freesound_90014,siren,weak,,,,5.0,44100,1,CC-BY,thfc140491 (http://www.freesound.org/people/thfc140491/sounds/90014/),yes,2026-09-14,bbde0117f66201fe236b2bedccd231efe8e74b5c3361471a32159bbef5777e9a
esc50_siren_bc3d8abd,data/raw/esc50/ESC-50-master/audio/5-184323-A-42.wav,esc50,5-184323-A-42,freesound_184323,siren,weak,,,,5.0,44100,1,CC-BY,reinsamba (http://www.freesound.org/people/reinsamba/sounds/184323/),yes,2026-09-14,bc3d8abd08b3e37ed980c21972acb5ce5ba83ee001f7ddffd95f04e5e6b642ea
esc50_siren_bed7848f,data/raw/esc50/ESC-50-master/audio/1-76831-C-42.wav,esc50,1-76831-C-42,freesound_76831,siren,weak,,,,5.0,44100,1,CC-Sampling+,Rodney Gilliam (http://www.freesound.org/people/Rodney%20Gilliam/sounds/76831/),labels_only,2026-09-14,bed7848fd5b111ba310961c15e6a89520f14f5f3207178035a0807f5f60ab841
esc50_siren_d1301a63,data/raw/esc50/ESC-50-master/audio/4-80761-A-42.wav,esc50,4-80761-A-42,freesound_80761,siren,weak,,,,5.0,44100,1,CC-BY,fmagrao (http://www.freesound.org/people/fmagrao/sounds/80761/),yes,2026-09-14,d1301a63a3d7f4429b40244d7a52f11636c3ed28b846f6213bda6e0005b1c072
esc50_siren_d45df4c5,data/raw/esc50/ESC-50-master/audio/1-76831-E-42.wav,esc50,1-76831-E-42,freesound_76831,siren,weak,,,,5.0,44100,1,CC-Sampling+,Rodney Gilliam (http://www.freesound.org/people/Rodney%20Gilliam/sounds/76831/),labels_only,2026-09-14,d45df4c567ab2398c4fae35654266e74f92de5022d36944fef4c9f79d919288a
esc50_siren_de32c52b,data/raw/esc50/ESC-50-master/audio/3-51376-A-42.wav,esc50,3-51376-A-42,freesound_51376,siren,weak,,,,5.0,44100,1,CC-BY-NC,acclivity (http://www.freesound.org/people/acclivity/sounds/51376/),labels_only,2026-09-14,de32c52b3f928f02ad8dd388f424bbe7c7e22dbe4614cfcd2a271946aec3325a
esc50_siren_e4c640a0,data/raw/esc50/ESC-50-master/audio/1-31482-A-42.wav,esc50,1-31482-A-42,freesound_31482,siren,weak,,,,5.0,44100,1,CC-BY,dobroide (http://www.freesound.org/people/dobroide/sounds/31482/),yes,2026-09-14,e4c640a001c2abe808389c90b90ba7084fb1922d58235e3ec95c18c4afb4ef5c
