priority,file_id,class_id,p_target,p_confusable,top_confusable,onset,offset,path_norm
high,fsd50k_alarm_bell_f6333590,alarm_bell,0.3632,0.4706,siren,0.27,3.89,D:\IUH_K18\HK1N5\KLTN\audio-security-rag\data\interim\normalized\alarm_bell\fsd50k_alarm_bell_f6333590.wav
high,fsd50k_alarm_bell_3a5a8661,alarm_bell,0.2471,0.4856,siren,0.0,12.527,D:\IUH_K18\HK1N5\KLTN\audio-security-rag\data\interim\normalized\alarm_bell\fsd50k_alarm_bell_3a5a8661.wav
high,fsd50k_alarm_bell_80963bba,alarm_bell,0.2233,0.3631,siren,0.0,1.005,D:\IUH_K18\HK1N5\KLTN\audio-security-rag\data\interim\normalized\alarm_bell\fsd50k_alarm_bell_80963bba.wav
high,desed_alarm_bell_bab1f161,alarm_bell,0.1885,0.1986,siren,0.0,0.313,D:\IUH_K18\HK1N5\KLTN\audio-security-rag\data\interim\normalized\alarm_bell\desed_alarm_bell_bab1f161.wav
high,desed_alarm_bell_b865d300,alarm_bell,0.1873,0.2071,siren,0.0,0.32,D:\IUH_K18\HK1N5\KLTN\audio-security-rag\data\interim\normalized\alarm_bell\desed_alarm_bell_b865d300.wav
high,desed_alarm_bell_42f68488,alarm_bell,0.1838,0.2207,siren,0.0,0.313,D:\IUH_K18\HK1N5\KLTN\audio-security-rag\data\interim\normalized\alarm_bell\desed_alarm_bell_42f68488.wav
high,desed_alarm_bell_b92ce32e,alarm_bell,0.1809,0.186,siren,0.0,0.32,D:\IUH_K18\HK1N5\KLTN\audio-security-rag\data\interim\normalized\alarm_bell\desed_alarm_bell_b92ce32e.wav
high,desed_alarm_bell_9ca1a188,alarm_bell,0.1798,0.2523,siren,0.0,0.315,D:\IUH_K18\HK1N5\KLTN\audio-security-rag\data\interim\normalized\alarm_bell\desed_alarm_bell_9ca1a188.wav
high,desed_alarm_bell_b8915b16,alarm_bell,0.1753,0.332,siren,0.0,0.311,D:\IUH_K18\HK1N5\KLTN\audio-security-rag\data\interim\normalized\alarm_bell\desed_alarm_bell_b8915b16.wav
high,desed_alarm_bell_22000d5c,alarm_bell,0.1752,0.3322,siren,0.0,0.311,D:\IUH_K18\HK1N5\KLTN\audio-security-rag\data\interim\normalized\alarm_bell\desed_alarm_bell_22000d5c.wav
high,desed_alarm_bell_155a401b,alarm_bell,0.1751,0.3321,siren,0.0,0.311,D:\IUH_K18\HK1N5\KLTN\audio-security-rag\data\interim\normalized\alarm_bell\desed_alarm_bell_155a401b.wav
high,desed_alarm_bell_7b54a1ea,alarm_bell,0.1751,0.3323,siren,0.0,0.311,D:\IUH_K18\HK1N5\KLTN\audio-security-rag\data\interim\normalized\alarm_bell\desed_alarm_bell_7b54a1ea.wav
high,desed_alarm_bell_61becda7,alarm_bell,0.175,0.332,siren,0.0,0.311,D:\IUH_K18\HK1N5\KLTN\audio-security-rag\data\interim\normalized\alarm_bell\desed_alarm_bell_61becda7.wav
high,desed_alarm_bell_1931680c,alarm_bell,0.1738,0.3326,siren,0.0,0.311,D:\IUH_K18\HK1N5\KLTN\audio-security-rag\data\interim\normalized\alarm_bell\desed_alarm_bell_1931680c.wav
high,desed_alarm_bell_70f81d45,alarm_bell,0.1738,0.3326,siren,0.0,0.311,D:\IUH_K18\HK1N5\KLTN\audio-security-rag\data\interim\normalized\alarm_bell\desed_alarm_bell_70f81d45.wav
high,desed_alarm_bell_c47ac082,alarm_bell,0.1736,0.3327,siren,0.0,0.311,D:\IUH_K18\HK1N5\KLTN\audio-security-rag\data\interim\normalized\alarm_bell\desed_alarm_bell_c47ac082.wav
high,desed_alarm_bell_1d312407,alarm_bell,0.1719,0.3335,siren,0.0,0.311,D:\IUH_K18\HK1N5\KLTN\audio-security-rag\data\interim\normalized\alarm_bell\desed_alarm_bell_1d312407.wav
high,desed_alarm_bell_4f72d71e,alarm_bell,0.1715,0.3335,siren,0.0,0.311,D:\IUH_K18\HK1N5\KLTN\audio-security-rag\data\interim\normalized\alarm_bell\desed_alarm_bell_4f72d71e.wav
high,desed_alarm_bell_c9541d57,alarm_bell,0.1709,0.3339,siren,0.0,0.311,D:\IUH_K18\HK1N5\KLTN\audio-security-rag\data\interim\normalized\alarm_bell\desed_alarm_bell_c9541d57.wav
high,desed_alarm_bell_3f9d5aa3,alarm_bell,0.1705,0.3342,siren,0.0,0.311,D:\IUH_K18\HK1N5\KLTN\audio-security-rag\data\interim\normalized\alarm_bell\desed_alarm_bell_3f9d5aa3.wav
high,desed_alarm_bell_198a13ac,alarm_bell,0.1691,0.3346,siren,0.0,0.311,D:\IUH_K18\HK1N5\KLTN\audio-security-rag\data\interim\normalized\alarm_bell\desed_alarm_bell_198a13ac.wav
high,desed_alarm_bell_2888c09d,alarm_bell,0.1691,0.3345,siren,0.0,0.311,D:\IUH_K18\HK1N5\KLTN\audio-security-rag\data\interim\normalized\alarm_bell\desed_alarm_bell_2888c09d.wav
high,desed_alarm_bell_4acef7b3,alarm_bell,0.1688,0.3348,siren,0.0,0.311,D:\IUH_K18\HK1N5\KLTN\audio-security-rag\data\interim\normalized\alarm_bell\desed_alarm_bell_4acef7b3.wav
high,fsd50k_alarm_bell_499f0667,alarm_bell,0.1652,0.2284,siren,0.0,0.903,D:\IUH_K18\HK1N5\KLTN\audio-security-rag\data\interim\normalized\alarm_bell\fsd50k_alarm_bell_499f0667.wav
high,desed_alarm_bell_bfa154e7,alarm_bell,0.1578,0.1684,siren,0.0,0.32,D:\IUH_K18\HK1N5\KLTN\audio-security-rag\data\interim\normalized\alarm_bell\desed_alarm_bell_bfa154e7.wav
high,desed_alarm_bell_399b7f76,alarm_bell,0.1451,0.2295,siren,0.0,0.32,D:\IUH_K18\HK1N5\KLTN\audio-security-rag\data\interim\normalized\alarm_bell\desed_alarm_bell_399b7f76.wav
high,desed_alarm_bell_3787c6c4,alarm_bell,0.142,0.2133,siren,0.0,0.316,D:\IUH_K18\HK1N5\KLTN\audio-security-rag\data\interim\normalized\alarm_bell\desed_alarm_bell_3787c6c4.wav
high,desed_alarm_bell_313321fb,alarm_bell,0.1387,0.3201,siren,0.0,0.306,D:\IUH_K18\HK1N5\KLTN\audio-security-rag\data\interim\normalized\alarm_bell\desed_alarm_bell_313321fb.wav
high,desed_alarm_bell_ffbbde52,alarm_bell,0.117,0.3191,siren,0.0,0.316,D:\IUH_K18\HK1N5\KLTN\audio-security-rag\data\interim\normalized\alarm_bell\desed_alarm_bell_ffbbde52.wav
high,fsd50k_alarm_bell_16269762,alarm_bell,0.1091,0.2111,siren,0.588,1.685,D:\IUH_K18\HK1N5\KLTN\audio-security-rag\data\interim\normalized\alarm_bell\fsd50k_alarm_bell_16269762.wav
high,fsd50k_alarm_bell_a6a35d95,alarm_bell,0.0946,0.5577,siren,0.0,1.957,D:\IUH_K18\HK1N5\KLTN\audio-security-rag\data\interim\normalized\alarm_bell\fsd50k_alarm_bell_a6a35d95.wav
high,fsd50k_door_slam_67fb65d6,door_slam,0.1441,0.2359,object_drop_dishes,0.0,0.534,D:\IUH_K18\HK1N5\KLTN\audio-security-rag\data\interim\normalized\door_slam\fsd50k_door_slam_67fb65d6.wav
high,fsd50k_door_slam_0dabf3bc,door_slam,0.1293,0.1541,object_drop_dishes,0.0,0.688,D:\IUH_K18\HK1N5\KLTN\audio-security-rag\data\interim\normalized\door_slam\fsd50k_door_slam_0dabf3bc.wav
high,fsd50k_door_slam_225e40ad,door_slam,0.1153,0.1157,object_drop_dishes,1.228,2.605,D:\IUH_K18\HK1N5\KLTN\audio-security-rag\data\interim\normalized\door_slam\fsd50k_door_slam_225e40ad.wav
high,fsd50k_door_slam_4cc9da40,door_slam,0.1003,0.1103,object_drop_dishes,0.0,0.689,D:\IUH_K18\HK1N5\KLTN\audio-security-rag\data\interim\normalized\door_slam\fsd50k_door_slam_4cc9da40.wav
high,fsd50k_door_slam_ff58e43f,door_slam,0.0858,0.1474,object_drop_dishes,0.0,0.531,D:\IUH_K18\HK1N5\KLTN\audio-security-rag\data\interim\normalized\door_slam\fsd50k_door_slam_ff58e43f.wav
high,fsd50k_door_slam_d87823f9,door_slam,0.0852,0.23,object_drop_dishes,0.0,0.686,D:\IUH_K18\HK1N5\KLTN\audio-security-rag\data\interim\normalized\door_slam\fsd50k_door_slam_d87823f9.wav
high,fsd50k_door_slam_365d7796,door_slam,0.0745,0.2324,object_drop_dishes,0.0,0.723,D:\IUH_K18\HK1N5\KLTN\audio-security-rag\data\interim\normalized\door_slam\fsd50k_door_slam_365d7796.wav
high,fsd50k_door_slam_5c872487,door_slam,0.0621,0.0927,object_drop_dishes,0.0,0.687,D:\IUH_K18\HK1N5\KLTN\audio-security-rag\data\interim\normalized\door_slam\fsd50k_door_slam_5c872487.wav
high,fsd50k_door_slam_cac0590b,door_slam,0.0571,0.078,object_drop_dishes,0.0,0.685,D:\IUH_K18\HK1N5\KLTN\audio-security-rag\data\interim\normalized\door_slam\fsd50k_door_slam_cac0590b.wav
high,fsd50k_explosion_fc9977b4,explosion,0.2973,0.3182,gunshot,0.0,1.005,D:\IUH_K18\HK1N5\KLTN\audio-security-rag\data\interim\normalized\explosion\fsd50k_explosion_fc9977b4.wav
high,fsd50k_explosion_fef926c2,explosion,0.2425,0.4427,gunshot,0.0,0.814,D:\IUH_K18\HK1N5\KLTN\audio-security-rag\data\interim\normalized\explosion\fsd50k_explosion_fef926c2.wav
high,fsd50k_explosion_03e699d1,explosion,0.151,0.2231,gunshot,0.0,1.009,D:\IUH_K18\HK1N5\KLTN\audio-security-rag\data\interim\normalized\explosion\fsd50k_explosion_03e699d1.wav
high,fsd50k_explosion_8bff52d5,explosion,0.1374,0.3473,gunshot,0.0,0.346,D:\IUH_K18\HK1N5\KLTN\audio-security-rag\data\interim\normalized\explosion\fsd50k_explosion_8bff52d5.wav
high,fsd50k_explosion_60ebe589,explosion,0.1271,0.2324,gunshot,0.0,1.007,D:\IUH_K18\HK1N5\KLTN\audio-security-rag\data\interim\normalized\explosion\fsd50k_explosion_60ebe589.wav
high,fsd50k_explosion_cc809249,explosion,0.1156,0.1888,gunshot,0.0,1.504,D:\IUH_K18\HK1N5\KLTN\audio-security-rag\data\interim\normalized\explosion\fsd50k_explosion_cc809249.wav
high,fsd50k_explosion_508dd7c8,explosion,0.1025,0.579,gunshot,1.87,3.89,D:\IUH_K18\HK1N5\KLTN\audio-security-rag\data\interim\normalized\explosion\fsd50k_explosion_508dd7c8.wav
high,fsd50k_explosion_9a463f63,explosion,0.0871,0.1758,fireworks,0.0,1.009,D:\IUH_K18\HK1N5\KLTN\audio-security-rag\data\interim\normalized\explosion\fsd50k_explosion_9a463f63.wav
high,fsd50k_explosion_4c051381,explosion,0.0803,0.2899,fireworks,0.0,1.33,D:\IUH_K18\HK1N5\KLTN\audio-security-rag\data\interim\normalized\explosion\fsd50k_explosion_4c051381.wav
high,fsd50k_explosion_57f90970,explosion,0.0726,0.5961,fireworks,0.0,0.365,D:\IUH_K18\HK1N5\KLTN\audio-security-rag\data\interim\normalized\explosion\fsd50k_explosion_57f90970.wav
high,fsd50k_explosion_524ddf5a,explosion,0.0659,0.2308,gunshot,0.0,0.398,D:\IUH_K18\HK1N5\KLTN\audio-security-rag\data\interim\normalized\explosion\fsd50k_explosion_524ddf5a.wav
high,fsd50k_fireworks_9c0a8820,fireworks,0.2627,0.4365,explosion,0.0,0.689,D:\IUH_K18\HK1N5\KLTN\audio-security-rag\data\interim\normalized\fireworks\fsd50k_fireworks_9c0a8820.wav
high,fsd50k_fireworks_6800c878,fireworks,0.2449,0.3707,explosion,0.0,0.689,D:\IUH_K18\HK1N5\KLTN\audio-security-rag\data\interim\normalized\fireworks\fsd50k_fireworks_6800c878.wav
high,fsd50k_fireworks_b05f431b,fireworks,0.2173,0.3403,explosion,0.0,0.689,D:\IUH_K18\HK1N5\KLTN\audio-security-rag\data\interim\normalized\fireworks\fsd50k_fireworks_b05f431b.wav
high,fsd50k_fireworks_cdc9172d,fireworks,0.1174,0.3688,explosion,0.0,1.009,D:\IUH_K18\HK1N5\KLTN\audio-security-rag\data\interim\normalized\fireworks\fsd50k_fireworks_cdc9172d.wav
high,fsd50k_fireworks_34ba8a2e,fireworks,0.1161,0.5121,gunshot,0.0,1.008,D:\IUH_K18\HK1N5\KLTN\audio-security-rag\data\interim\normalized\fireworks\fsd50k_fireworks_34ba8a2e.wav
high,fsd50k_fireworks_2e73845c,fireworks,0.1131,0.1291,gunshot,1.228,2.607,D:\IUH_K18\HK1N5\KLTN\audio-security-rag\data\interim\normalized\fireworks\fsd50k_fireworks_2e73845c.wav
high,fsd50k_fireworks_2b7ae166,fireworks,0.099,0.2022,explosion,0.0,0.687,D:\IUH_K18\HK1N5\KLTN\audio-security-rag\data\interim\normalized\fireworks\fsd50k_fireworks_2b7ae166.wav
high,fsd50k_fireworks_c7edd2d0,fireworks,0.0801,0.2497,gunshot,0.0,0.689,D:\IUH_K18\HK1N5\KLTN\audio-security-rag\data\interim\normalized\fireworks\fsd50k_fireworks_c7edd2d0.wav
high,fsd50k_fireworks_79a2d496,fireworks,0.0777,0.4789,gunshot,0.0,0.685,D:\IUH_K18\HK1N5\KLTN\audio-security-rag\data\interim\normalized\fireworks\fsd50k_fireworks_79a2d496.wav
high,fsd50k_fireworks_c41e4f94,fireworks,0.0557,0.0729,gunshot,0.27,1.33,D:\IUH_K18\HK1N5\KLTN\audio-security-rag\data\interim\normalized\fireworks\fsd50k_fireworks_c41e4f94.wav
high,fsd50k_fireworks_e300fa40,fireworks,0.0542,0.1471,explosion,0.0,0.689,D:\IUH_K18\HK1N5\KLTN\audio-security-rag\data\interim\normalized\fireworks\fsd50k_fireworks_e300fa40.wav
high,fsd50k_glass_breaking_c2db8bfd,glass_breaking,0.0662,0.0685,object_drop_dishes,0.0,1.01,D:\IUH_K18\HK1N5\KLTN\audio-security-rag\data\interim\normalized\glass_breaking\fsd50k_glass_breaking_c2db8bfd.wav
high,fsd50k_glass_breaking_14e8e350,glass_breaking,0.0505,0.0578,vehicle_crash,0.269,1.327,D:\IUH_K18\HK1N5\KLTN\audio-security-rag\data\interim\normalized\glass_breaking\fsd50k_glass_breaking_14e8e350.wav
high,fsd50k_gunshot_00fa9f7a,gunshot,0.7224,0.8947,explosion,0.0,0.687,D:\IUH_K18\HK1N5\KLTN\audio-security-rag\data\interim\normalized\gunshot\fsd50k_gunshot_00fa9f7a.wav
high,fsd50k_gunshot_259ad471,gunshot,0.4786,0.5163,explosion,0.0,1.009,D:\IUH_K18\HK1N5\KLTN\audio-security-rag\data\interim\normalized\gunshot\fsd50k_gunshot_259ad471.wav
high,fsd50k_gunshot_d19ed653,gunshot,0.3613,0.4367,explosion,0.0,1.008,D:\IUH_K18\HK1N5\KLTN\audio-security-rag\data\interim\normalized\gunshot\fsd50k_gunshot_d19ed653.wav
high,urbansound8k_gunshot_8ef34fac,gunshot,0.3544,0.4514,explosion,0.0,1.006,D:\IUH_K18\HK1N5\KLTN\audio-security-rag\data\interim\normalized\gunshot\urbansound8k_gunshot_8ef34fac.wav
high,urbansound8k_gunshot_b7e77b67,gunshot,0.3467,0.3606,explosion,0.0,1.008,D:\IUH_K18\HK1N5\KLTN\audio-security-rag\data\interim\normalized\gunshot\urbansound8k_gunshot_b7e77b67.wav
high,urbansound8k_gunshot_1820f28c,gunshot,0.3328,0.3835,explosion,0.0,1.006,D:\IUH_K18\HK1N5\KLTN\audio-security-rag\data\interim\normalized\gunshot\urbansound8k_gunshot_1820f28c.wav
high,urbansound8k_gunshot_2288c6f8,gunshot,0.3105,0.3461,explosion,0.0,1.008,D:\IUH_K18\HK1N5\KLTN\audio-security-rag\data\interim\normalized\gunshot\urbansound8k_gunshot_2288c6f8.wav
high,urbansound8k_gunshot_761e05b7,gunshot,0.3032,0.3056,fireworks,0.0,1.219,D:\IUH_K18\HK1N5\KLTN\audio-security-rag\data\interim\normalized\gunshot\urbansound8k_gunshot_761e05b7.wav
high,urbansound8k_gunshot_d2dd2312,gunshot,0.3029,0.4322,fireworks,0.0,1.003,D:\IUH_K18\HK1N5\KLTN\audio-security-rag\data\interim\normalized\gunshot\urbansound8k_gunshot_d2dd2312.wav
high,urbansound8k_gunshot_0859c2ab,gunshot,0.2785,0.2822,fireworks,0.0,1.009,D:\IUH_K18\HK1N5\KLTN\audio-security-rag\data\interim\normalized\gunshot\urbansound8k_gunshot_0859c2ab.wav
high,fsd50k_gunshot_a217d21f,gunshot,0.2768,0.3318,explosion,0.0,0.689,D:\IUH_K18\HK1N5\KLTN\audio-security-rag\data\interim\normalized\gunshot\fsd50k_gunshot_a217d21f.wav
high,fsd50k_gunshot_c2c90576,gunshot,0.2677,0.3251,explosion,0.0,0.688,D:\IUH_K18\HK1N5\KLTN\audio-security-rag\data\interim\normalized\gunshot\fsd50k_gunshot_c2c90576.wav
high,fsd50k_gunshot_5fa02c21,gunshot,0.2632,0.2782,explosion,0.0,0.688,D:\IUH_K18\HK1N5\KLTN\audio-security-rag\data\interim\normalized\gunshot\fsd50k_gunshot_5fa02c21.wav
high,urbansound8k_gunshot_68796832,gunshot,0.2592,0.4025,fireworks,0.0,0.746,D:\IUH_K18\HK1N5\KLTN\audio-security-rag\data\interim\normalized\gunshot\urbansound8k_gunshot_68796832.wav
high,urbansound8k_gunshot_d6801aaf,gunshot,0.2551,0.4069,fireworks,0.0,1.008,D:\IUH_K18\HK1N5\KLTN\audio-security-rag\data\interim\normalized\gunshot\urbansound8k_gunshot_d6801aaf.wav
high,urbansound8k_gunshot_18c9616a,gunshot,0.2544,0.5237,fireworks,0.0,0.682,D:\IUH_K18\HK1N5\KLTN\audio-security-rag\data\interim\normalized\gunshot\urbansound8k_gunshot_18c9616a.wav
high,urbansound8k_gunshot_fe7db81b,gunshot,0.2485,0.3563,fireworks,0.0,1.004,D:\IUH_K18\HK1N5\KLTN\audio-security-rag\data\interim\normalized\gunshot\urbansound8k_gunshot_fe7db81b.wav
high,fsd50k_gunshot_1530dd4d,gunshot,0.2411,0.2833,fireworks,0.0,1.648,D:\IUH_K18\HK1N5\KLTN\audio-security-rag\data\interim\normalized\gunshot\fsd50k_gunshot_1530dd4d.wav
high,fsd50k_gunshot_0c6eeca9,gunshot,0.2409,0.2765,fireworks,0.27,1.648,D:\IUH_K18\HK1N5\KLTN\audio-security-rag\data\interim\normalized\gunshot\fsd50k_gunshot_0c6eeca9.wav
high,urbansound8k_gunshot_771a26be,gunshot,0.2355,0.4719,fireworks,0.0,1.05,D:\IUH_K18\HK1N5\KLTN\audio-security-rag\data\interim\normalized\gunshot\urbansound8k_gunshot_771a26be.wav
high,urbansound8k_gunshot_5f55375c,gunshot,0.2336,0.2851,fireworks,0.0,1.004,D:\IUH_K18\HK1N5\KLTN\audio-security-rag\data\interim\normalized\gunshot\urbansound8k_gunshot_5f55375c.wav
high,urbansound8k_gunshot_f9ce4871,gunshot,0.2292,0.2771,fireworks,0.0,1.219,D:\IUH_K18\HK1N5\KLTN\audio-security-rag\data\interim\normalized\gunshot\urbansound8k_gunshot_f9ce4871.wav
high,urbansound8k_gunshot_eed4db29,gunshot,0.2206,0.262,fireworks,0.0,0.685,D:\IUH_K18\HK1N5\KLTN\audio-security-rag\data\interim\normalized\gunshot\urbansound8k_gunshot_eed4db29.wav
high,urbansound8k_gunshot_1ed37a8c,gunshot,0.2202,0.4482,fireworks,0.0,0.683,D:\IUH_K18\HK1N5\KLTN\audio-security-rag\data\interim\normalized\gunshot\urbansound8k_gunshot_1ed37a8c.wav
high,urbansound8k_gunshot_6a41f9ea,gunshot,0.219,0.5241,fireworks,0.0,1.003,D:\IUH_K18\HK1N5\KLTN\audio-security-rag\data\interim\normalized\gunshot\urbansound8k_gunshot_6a41f9ea.wav
high,fsd50k_gunshot_d199dcec,gunshot,0.2187,0.294,explosion,0.0,0.688,D:\IUH_K18\HK1N5\KLTN\audio-security-rag\data\interim\normalized\gunshot\fsd50k_gunshot_d199dcec.wav
high,urbansound8k_gunshot_02afa64a,gunshot,0.217,0.3103,fireworks,0.0,0.87,D:\IUH_K18\HK1N5\KLTN\audio-security-rag\data\interim\normalized\gunshot\urbansound8k_gunshot_02afa64a.wav
high,urbansound8k_gunshot_3a0eafd1,gunshot,0.1886,0.5271,fireworks,0.0,1.004,D:\IUH_K18\HK1N5\KLTN\audio-security-rag\data\interim\normalized\gunshot\urbansound8k_gunshot_3a0eafd1.wav
high,fsd50k_gunshot_23acaa20,gunshot,0.1874,0.3076,fireworks,0.269,1.327,D:\IUH_K18\HK1N5\KLTN\audio-security-rag\data\interim\normalized\gunshot\fsd50k_gunshot_23acaa20.wav
high,fsd50k_gunshot_529f7862,gunshot,0.1847,0.4259,explosion,0.59,1.969,D:\IUH_K18\HK1N5\KLTN\audio-security-rag\data\interim\normalized\gunshot\fsd50k_gunshot_529f7862.wav
high,urbansound8k_gunshot_bc133e8c,gunshot,0.1816,0.3043,fireworks,0.0,0.685,D:\IUH_K18\HK1N5\KLTN\audio-security-rag\data\interim\normalized\gunshot\urbansound8k_gunshot_bc133e8c.wav
high,urbansound8k_gunshot_d7e367bc,gunshot,0.1805,0.2722,explosion,0.0,0.686,D:\IUH_K18\HK1N5\KLTN\audio-security-rag\data\interim\normalized\gunshot\urbansound8k_gunshot_d7e367bc.wav
high,fsd50k_gunshot_2cf3fec3,gunshot,0.1799,0.2285,door_slam,4.424,5.482,D:\IUH_K18\HK1N5\KLTN\audio-security-rag\data\interim\normalized\gunshot\fsd50k_gunshot_2cf3fec3.wav
high,urbansound8k_gunshot_0096ccb0,gunshot,0.1786,0.2057,fireworks,0.0,0.687,D:\IUH_K18\HK1N5\KLTN\audio-security-rag\data\interim\normalized\gunshot\urbansound8k_gunshot_0096ccb0.wav
high,urbansound8k_gunshot_a003caa3,gunshot,0.1755,0.3945,fireworks,0.0,0.687,D:\IUH_K18\HK1N5\KLTN\audio-security-rag\data\interim\normalized\gunshot\urbansound8k_gunshot_a003caa3.wav
high,urbansound8k_gunshot_f4ede6ec,gunshot,0.1729,0.2549,fireworks,0.0,1.006,D:\IUH_K18\HK1N5\KLTN\audio-security-rag\data\interim\normalized\gunshot\urbansound8k_gunshot_f4ede6ec.wav
high,urbansound8k_gunshot_ab88727c,gunshot,0.1712,0.2071,fireworks,0.0,0.686,D:\IUH_K18\HK1N5\KLTN\audio-security-rag\data\interim\normalized\gunshot\urbansound8k_gunshot_ab88727c.wav
high,urbansound8k_gunshot_e18d03e8,gunshot,0.1648,0.5388,fireworks,0.0,0.685,D:\IUH_K18\HK1N5\KLTN\audio-security-rag\data\interim\normalized\gunshot\urbansound8k_gunshot_e18d03e8.wav
high,urbansound8k_gunshot_380ea505,gunshot,0.1644,0.2129,fireworks,0.0,1.009,D:\IUH_K18\HK1N5\KLTN\audio-security-rag\data\interim\normalized\gunshot\urbansound8k_gunshot_380ea505.wav
high,urbansound8k_gunshot_6f0bc71c,gunshot,0.1631,0.2959,fireworks,0.0,1.01,D:\IUH_K18\HK1N5\KLTN\audio-security-rag\data\interim\normalized\gunshot\urbansound8k_gunshot_6f0bc71c.wav
high,urbansound8k_gunshot_b6016ae5,gunshot,0.1606,0.2192,fireworks,0.0,0.689,D:\IUH_K18\HK1N5\KLTN\audio-security-rag\data\interim\normalized\gunshot\urbansound8k_gunshot_b6016ae5.wav
high,urbansound8k_gunshot_77442c03,gunshot,0.1602,0.2315,fireworks,0.0,1.006,D:\IUH_K18\HK1N5\KLTN\audio-security-rag\data\interim\normalized\gunshot\urbansound8k_gunshot_77442c03.wav
high,urbansound8k_gunshot_9ee4e384,gunshot,0.1593,0.2141,fireworks,0.0,0.689,D:\IUH_K18\HK1N5\KLTN\audio-security-rag\data\interim\normalized\gunshot\urbansound8k_gunshot_9ee4e384.wav
high,urbansound8k_gunshot_a612d6ff,gunshot,0.1588,0.2161,fireworks,0.0,1.01,D:\IUH_K18\HK1N5\KLTN\audio-security-rag\data\interim\normalized\gunshot\urbansound8k_gunshot_a612d6ff.wav
high,fsd50k_gunshot_bdf7dd38,gunshot,0.1586,0.3276,fireworks,0.27,1.329,D:\IUH_K18\HK1N5\KLTN\audio-security-rag\data\interim\normalized\gunshot\fsd50k_gunshot_bdf7dd38.wav
high,urbansound8k_gunshot_d7689e22,gunshot,0.1586,0.252,fireworks,0.0,1.005,D:\IUH_K18\HK1N5\KLTN\audio-security-rag\data\interim\normalized\gunshot\urbansound8k_gunshot_d7689e22.wav
high,urbansound8k_gunshot_19e27924,gunshot,0.158,0.3569,fireworks,0.0,1.009,D:\IUH_K18\HK1N5\KLTN\audio-security-rag\data\interim\normalized\gunshot\urbansound8k_gunshot_19e27924.wav
high,urbansound8k_gunshot_f3e7fa5a,gunshot,0.1538,0.5327,fireworks,0.0,1.005,D:\IUH_K18\HK1N5\KLTN\audio-security-rag\data\interim\normalized\gunshot\urbansound8k_gunshot_f3e7fa5a.wav
high,urbansound8k_gunshot_5ffcab35,gunshot,0.1502,0.2705,fireworks,0.0,1.009,D:\IUH_K18\HK1N5\KLTN\audio-security-rag\data\interim\normalized\gunshot\urbansound8k_gunshot_5ffcab35.wav
high,urbansound8k_gunshot_a18e7b8c,gunshot,0.1453,0.266,fireworks,0.0,1.009,D:\IUH_K18\HK1N5\KLTN\audio-security-rag\data\interim\normalized\gunshot\urbansound8k_gunshot_a18e7b8c.wav
high,fsd50k_gunshot_770d4c7d,gunshot,0.1439,0.2389,fireworks,0.0,3.242,D:\IUH_K18\HK1N5\KLTN\audio-security-rag\data\interim\normalized\gunshot\fsd50k_gunshot_770d4c7d.wav
high,urbansound8k_gunshot_f09983f4,gunshot,0.143,0.2426,fireworks,0.0,1.01,D:\IUH_K18\HK1N5\KLTN\audio-security-rag\data\interim\normalized\gunshot\urbansound8k_gunshot_f09983f4.wav
high,fsd50k_gunshot_040a211d,gunshot,0.1395,0.1912,explosion,0.0,0.69,D:\IUH_K18\HK1N5\KLTN\audio-security-rag\data\interim\normalized\gunshot\fsd50k_gunshot_040a211d.wav
high,urbansound8k_gunshot_db8335dc,gunshot,0.1342,0.4847,fireworks,0.0,1.009,D:\IUH_K18\HK1N5\KLTN\audio-security-rag\data\interim\normalized\gunshot\urbansound8k_gunshot_db8335dc.wav
high,urbansound8k_gunshot_eb0c0fec,gunshot,0.1317,0.1822,fireworks,0.0,0.685,D:\IUH_K18\HK1N5\KLTN\audio-security-rag\data\interim\normalized\gunshot\urbansound8k_gunshot_eb0c0fec.wav
high,urbansound8k_gunshot_354a2eca,gunshot,0.1314,0.1409,fireworks,0.0,0.69,D:\IUH_K18\HK1N5\KLTN\audio-security-rag\data\interim\normalized\gunshot\urbansound8k_gunshot_354a2eca.wav
high,fsd50k_gunshot_21c74b25,gunshot,0.1308,0.5103,fireworks,0.0,3.566,D:\IUH_K18\HK1N5\KLTN\audio-security-rag\data\interim\normalized\gunshot\fsd50k_gunshot_21c74b25.wav
high,fsd50k_gunshot_6efc093f,gunshot,0.1308,0.6362,fireworks,8.585,9.964,D:\IUH_K18\HK1N5\KLTN\audio-security-rag\data\interim\normalized\gunshot\fsd50k_gunshot_6efc093f.wav
high,fsd50k_gunshot_8cabd436,gunshot,0.1305,0.2785,explosion,0.27,1.329,D:\IUH_K18\HK1N5\KLTN\audio-security-rag\data\interim\normalized\gunshot\fsd50k_gunshot_8cabd436.wav
high,urbansound8k_gunshot_9b908837,gunshot,0.1251,0.135,fireworks,0.0,0.636,D:\IUH_K18\HK1N5\KLTN\audio-security-rag\data\interim\normalized\gunshot\urbansound8k_gunshot_9b908837.wav
high,urbansound8k_gunshot_534405a3,gunshot,0.1247,0.4628,fireworks,0.0,1.007,D:\IUH_K18\HK1N5\KLTN\audio-security-rag\data\interim\normalized\gunshot\urbansound8k_gunshot_534405a3.wav
high,urbansound8k_gunshot_57b2fd67,gunshot,0.1231,0.3432,fireworks,0.0,1.007,D:\IUH_K18\HK1N5\KLTN\audio-security-rag\data\interim\normalized\gunshot\urbansound8k_gunshot_57b2fd67.wav
high,urbansound8k_gunshot_54fa2ead,gunshot,0.1198,0.5533,fireworks,0.0,1.33,D:\IUH_K18\HK1N5\KLTN\audio-security-rag\data\interim\normalized\gunshot\urbansound8k_gunshot_54fa2ead.wav
high,urbansound8k_gunshot_47bb9cef,gunshot,0.1156,0.322,fireworks,0.0,1.01,D:\IUH_K18\HK1N5\KLTN\audio-security-rag\data\interim\normalized\gunshot\urbansound8k_gunshot_47bb9cef.wav
high,urbansound8k_gunshot_3656a326,gunshot,0.1152,0.4827,fireworks,0.0,1.007,D:\IUH_K18\HK1N5\KLTN\audio-security-rag\data\interim\normalized\gunshot\urbansound8k_gunshot_3656a326.wav
high,urbansound8k_gunshot_e147d627,gunshot,0.1141,0.2856,fireworks,0.0,0.685,D:\IUH_K18\HK1N5\KLTN\audio-security-rag\data\interim\normalized\gunshot\urbansound8k_gunshot_e147d627.wav
high,fsd50k_gunshot_c1c887c6,gunshot,0.1128,0.136,fireworks,0.0,1.01,D:\IUH_K18\HK1N5\KLTN\audio-security-rag\data\interim\normalized\gunshot\fsd50k_gunshot_c1c887c6.wav
high,urbansound8k_gunshot_5346c270,gunshot,0.1121,0.207,fireworks,0.0,0.686,D:\IUH_K18\HK1N5\KLTN\audio-security-rag\data\interim\normalized\gunshot\urbansound8k_gunshot_5346c270.wav
high,fsd50k_gunshot_60aba1f5,gunshot,0.1117,0.1352,explosion,0.0,1.009,D:\IUH_K18\HK1N5\KLTN\audio-security-rag\data\interim\normalized\gunshot\fsd50k_gunshot_60aba1f5.wav
high,urbansound8k_gunshot_7720a358,gunshot,0.1108,0.279,fireworks,0.0,1.33,D:\IUH_K18\HK1N5\KLTN\audio-security-rag\data\interim\normalized\gunshot\urbansound8k_gunshot_7720a358.wav
high,urbansound8k_gunshot_1258ae4e,gunshot,0.1101,0.6896,fireworks,0.0,1.009,D:\IUH_K18\HK1N5\KLTN\audio-security-rag\data\interim\normalized\gunshot\urbansound8k_gunshot_1258ae4e.wav
high,urbansound8k_gunshot_c426a723,gunshot,0.1074,0.3048,fireworks,0.0,0.686,D:\IUH_K18\HK1N5\KLTN\audio-security-rag\data\interim\normalized\gunshot\urbansound8k_gunshot_c426a723.wav
high,urbansound8k_gunshot_f7b72f0e,gunshot,0.1061,0.1989,fireworks,0.0,1.01,D:\IUH_K18\HK1N5\KLTN\audio-security-rag\data\interim\normalized\gunshot\urbansound8k_gunshot_f7b72f0e.wav
high,urbansound8k_gunshot_e8594e61,gunshot,0.1056,0.4093,fireworks,0.0,1.007,D:\IUH_K18\HK1N5\KLTN\audio-security-rag\data\interim\normalized\gunshot\urbansound8k_gunshot_e8594e61.wav
high,urbansound8k_gunshot_3965f881,gunshot,0.1043,0.3417,fireworks,0.0,1.01,D:\IUH_K18\HK1N5\KLTN\audio-security-rag\data\interim\normalized\gunshot\urbansound8k_gunshot_3965f881.wav
high,urbansound8k_gunshot_fd5294d7,gunshot,0.1032,0.1068,fireworks,0.0,0.689,D:\IUH_K18\HK1N5\KLTN\audio-security-rag\data\interim\normalized\gunshot\urbansound8k_gunshot_fd5294d7.wav
high,urbansound8k_gunshot_c5a12ae6,gunshot,0.0997,0.5318,fireworks,0.0,0.306,D:\IUH_K18\HK1N5\KLTN\audio-security-rag\data\interim\normalized\gunshot\urbansound8k_gunshot_c5a12ae6.wav
high,urbansound8k_gunshot_ea465dd0,gunshot,0.0997,0.3441,fireworks,0.0,1.006,D:\IUH_K18\HK1N5\KLTN\audio-security-rag\data\interim\normalized\gunshot\urbansound8k_gunshot_ea465dd0.wav
high,urbansound8k_gunshot_534e6858,gunshot,0.0991,0.3554,fireworks,0.0,1.009,D:\IUH_K18\HK1N5\KLTN\audio-security-rag\data\interim\normalized\gunshot\urbansound8k_gunshot_534e6858.wav
high,fsd50k_gunshot_e069782c,gunshot,0.0986,0.1831,door_slam,0.0,0.686,D:\IUH_K18\HK1N5\KLTN\audio-security-rag\data\interim\normalized\gunshot\fsd50k_gunshot_e069782c.wav
high,urbansound8k_gunshot_904e8dbc,gunshot,0.0975,0.2693,fireworks,0.0,1.007,D:\IUH_K18\HK1N5\KLTN\audio-security-rag\data\interim\normalized\gunshot\urbansound8k_gunshot_904e8dbc.wav
high,urbansound8k_gunshot_9b8d9043,gunshot,0.0973,0.3573,fireworks,0.0,0.688,D:\IUH_K18\HK1N5\KLTN\audio-security-rag\data\interim\normalized\gunshot\urbansound8k_gunshot_9b8d9043.wav
high,urbansound8k_gunshot_468a035a,gunshot,0.0966,0.2112,fireworks,0.0,0.687,D:\IUH_K18\HK1N5\KLTN\audio-security-rag\data\interim\normalized\gunshot\urbansound8k_gunshot_468a035a.wav
high,urbansound8k_gunshot_bf966240,gunshot,0.0956,0.4229,fireworks,0.0,0.499,D:\IUH_K18\HK1N5\KLTN\audio-security-rag\data\interim\normalized\gunshot\urbansound8k_gunshot_bf966240.wav
high,urbansound8k_gunshot_b715f52b,gunshot,0.094,0.1746,fireworks,0.0,1.008,D:\IUH_K18\HK1N5\KLTN\audio-security-rag\data\interim\normalized\gunshot\urbansound8k_gunshot_b715f52b.wav
high,urbansound8k_gunshot_b6ff67bf,gunshot,0.0938,0.3957,fireworks,0.0,1.006,D:\IUH_K18\HK1N5\KLTN\audio-security-rag\data\interim\normalized\gunshot\urbansound8k_gunshot_b6ff67bf.wav
high,urbansound8k_gunshot_560e55a7,gunshot,0.0927,0.2682,fireworks,0.0,0.686,D:\IUH_K18\HK1N5\KLTN\audio-security-rag\data\interim\normalized\gunshot\urbansound8k_gunshot_560e55a7.wav
high,urbansound8k_gunshot_ca783dac,gunshot,0.0907,0.1356,fireworks,0.0,0.69,D:\IUH_K18\HK1N5\KLTN\audio-security-rag\data\interim\normalized\gunshot\urbansound8k_gunshot_ca783dac.wav
high,urbansound8k_gunshot_98cb6960,gunshot,0.0903,0.1666,fireworks,0.0,0.688,D:\IUH_K18\HK1N5\KLTN\audio-security-rag\data\interim\normalized\gunshot\urbansound8k_gunshot_98cb6960.wav
high,urbansound8k_gunshot_a6794579,gunshot,0.0902,0.4214,fireworks,0.0,1.009,D:\IUH_K18\HK1N5\KLTN\audio-security-rag\data\interim\normalized\gunshot\urbansound8k_gunshot_a6794579.wav
high,urbansound8k_gunshot_0ade5cc6,gunshot,0.0877,0.4194,fireworks,0.0,1.329,D:\IUH_K18\HK1N5\KLTN\audio-security-rag\data\interim\normalized\gunshot\urbansound8k_gunshot_0ade5cc6.wav
high,fsd50k_gunshot_08b18e64,gunshot,0.0861,0.101,explosion,0.0,0.685,D:\IUH_K18\HK1N5\KLTN\audio-security-rag\data\interim\normalized\gunshot\fsd50k_gunshot_08b18e64.wav
high,urbansound8k_gunshot_01b2844c,gunshot,0.0861,0.1172,fireworks,0.0,0.687,D:\IUH_K18\HK1N5\KLTN\audio-security-rag\data\interim\normalized\gunshot\urbansound8k_gunshot_01b2844c.wav
high,urbansound8k_gunshot_b1ff5f44,gunshot,0.0861,0.308,fireworks,0.0,1.009,D:\IUH_K18\HK1N5\KLTN\audio-security-rag\data\interim\normalized\gunshot\urbansound8k_gunshot_b1ff5f44.wav
high,urbansound8k_gunshot_7a75c7e8,gunshot,0.0836,0.3035,fireworks,0.0,1.01,D:\IUH_K18\HK1N5\KLTN\audio-security-rag\data\interim\normalized\gunshot\urbansound8k_gunshot_7a75c7e8.wav
high,fsd50k_gunshot_b82986bf,gunshot,0.081,0.335,fireworks,0.0,1.01,D:\IUH_K18\HK1N5\KLTN\audio-security-rag\data\interim\normalized\gunshot\fsd50k_gunshot_b82986bf.wav
high,urbansound8k_gunshot_1c00c6b9,gunshot,0.0805,0.3391,fireworks,0.0,1.008,D:\IUH_K18\HK1N5\KLTN\audio-security-rag\data\interim\normalized\gunshot\urbansound8k_gunshot_1c00c6b9.wav
high,urbansound8k_gunshot_1c4eafc3,gunshot,0.08,0.5435,fireworks,0.0,2.284,D:\IUH_K18\HK1N5\KLTN\audio-security-rag\data\interim\normalized\gunshot\urbansound8k_gunshot_1c4eafc3.wav
high,urbansound8k_gunshot_815e4986,gunshot,0.0799,0.3147,fireworks,0.0,0.619,D:\IUH_K18\HK1N5\KLTN\audio-security-rag\data\interim\normalized\gunshot\urbansound8k_gunshot_815e4986.wav
high,urbansound8k_gunshot_39de7744,gunshot,0.0793,0.2207,fireworks,0.0,0.687,D:\IUH_K18\HK1N5\KLTN\audio-security-rag\data\interim\normalized\gunshot\urbansound8k_gunshot_39de7744.wav
high,urbansound8k_gunshot_68829893,gunshot,0.0786,0.1823,fireworks,0.0,0.689,D:\IUH_K18\HK1N5\KLTN\audio-security-rag\data\interim\normalized\gunshot\urbansound8k_gunshot_68829893.wav
high,urbansound8k_gunshot_8a24ca67,gunshot,0.0783,0.6674,fireworks,0.0,0.34,D:\IUH_K18\HK1N5\KLTN\audio-security-rag\data\interim\normalized\gunshot\urbansound8k_gunshot_8a24ca67.wav
high,urbansound8k_gunshot_a08aaf35,gunshot,0.0783,0.156,fireworks,0.0,0.685,D:\IUH_K18\HK1N5\KLTN\audio-security-rag\data\interim\normalized\gunshot\urbansound8k_gunshot_a08aaf35.wav
high,fsd50k_gunshot_c7e625f0,gunshot,0.0781,0.185,explosion,0.0,0.69,D:\IUH_K18\HK1N5\KLTN\audio-security-rag\data\interim\normalized\gunshot\fsd50k_gunshot_c7e625f0.wav
high,fsd50k_gunshot_58dddbf0,gunshot,0.0771,0.1581,door_slam,0.0,0.686,D:\IUH_K18\HK1N5\KLTN\audio-security-rag\data\interim\normalized\gunshot\fsd50k_gunshot_58dddbf0.wav
high,fsd50k_gunshot_96f46e9c,gunshot,0.0761,0.1377,fireworks,0.27,1.328,D:\IUH_K18\HK1N5\KLTN\audio-security-rag\data\interim\normalized\gunshot\fsd50k_gunshot_96f46e9c.wav
high,urbansound8k_gunshot_ca22d762,gunshot,0.0757,0.4889,fireworks,0.0,1.329,D:\IUH_K18\HK1N5\KLTN\audio-security-rag\data\interim\normalized\gunshot\urbansound8k_gunshot_ca22d762.wav
high,urbansound8k_gunshot_1d06088a,gunshot,0.0712,0.4337,fireworks,0.0,1.004,D:\IUH_K18\HK1N5\KLTN\audio-security-rag\data\interim\normalized\gunshot\urbansound8k_gunshot_1d06088a.wav
high,urbansound8k_gunshot_36b70ec2,gunshot,0.0686,0.4625,fireworks,0.0,1.006,D:\IUH_K18\HK1N5\KLTN\audio-security-rag\data\interim\normalized\gunshot\urbansound8k_gunshot_36b70ec2.wav
high,urbansound8k_gunshot_aa48fe10,gunshot,0.0684,0.1869,fireworks,0.0,0.59,D:\IUH_K18\HK1N5\KLTN\audio-security-rag\data\interim\normalized\gunshot\urbansound8k_gunshot_aa48fe10.wav
high,fsd50k_gunshot_10a72796,gunshot,0.068,0.5607,fireworks,0.91,1.33,D:\IUH_K18\HK1N5\KLTN\audio-security-rag\data\interim\normalized\gunshot\fsd50k_gunshot_10a72796.wav
high,urbansound8k_gunshot_9f2082a1,gunshot,0.068,0.3929,fireworks,0.0,1.005,D:\IUH_K18\HK1N5\KLTN\audio-security-rag\data\interim\normalized\gunshot\urbansound8k_gunshot_9f2082a1.wav
high,fsd50k_gunshot_2bef82d3,gunshot,0.0675,0.1297,fireworks,0.27,1.649,D:\IUH_K18\HK1N5\KLTN\audio-security-rag\data\interim\normalized\gunshot\fsd50k_gunshot_2bef82d3.wav
high,urbansound8k_gunshot_5ac4230b,gunshot,0.0669,0.5158,fireworks,0.0,0.689,D:\IUH_K18\HK1N5\KLTN\audio-security-rag\data\interim\normalized\gunshot\urbansound8k_gunshot_5ac4230b.wav
high,urbansound8k_gunshot_e3d6c1ac,gunshot,0.0666,0.3866,fireworks,0.0,0.627,D:\IUH_K18\HK1N5\KLTN\audio-security-rag\data\interim\normalized\gunshot\urbansound8k_gunshot_e3d6c1ac.wav
high,urbansound8k_gunshot_9ab17611,gunshot,0.0652,0.0959,fireworks,0.0,0.684,D:\IUH_K18\HK1N5\KLTN\audio-security-rag\data\interim\normalized\gunshot\urbansound8k_gunshot_9ab17611.wav
high,urbansound8k_gunshot_678a4edf,gunshot,0.0633,0.3372,fireworks,0.0,0.77,D:\IUH_K18\HK1N5\KLTN\audio-security-rag\data\interim\normalized\gunshot\urbansound8k_gunshot_678a4edf.wav
high,urbansound8k_gunshot_65e78f57,gunshot,0.0627,0.5212,fireworks,0.906,1.325,D:\IUH_K18\HK1N5\KLTN\audio-security-rag\data\interim\normalized\gunshot\urbansound8k_gunshot_65e78f57.wav
high,urbansound8k_gunshot_c9cf64bd,gunshot,0.0624,0.3262,fireworks,0.0,1.006,D:\IUH_K18\HK1N5\KLTN\audio-security-rag\data\interim\normalized\gunshot\urbansound8k_gunshot_c9cf64bd.wav
high,urbansound8k_gunshot_09f5b069,gunshot,0.0617,0.5183,fireworks,0.0,1.015,D:\IUH_K18\HK1N5\KLTN\audio-security-rag\data\interim\normalized\gunshot\urbansound8k_gunshot_09f5b069.wav
high,urbansound8k_gunshot_bb69bff9,gunshot,0.0616,0.1397,fireworks,0.0,0.686,D:\IUH_K18\HK1N5\KLTN\audio-security-rag\data\interim\normalized\gunshot\urbansound8k_gunshot_bb69bff9.wav
high,urbansound8k_gunshot_92efdb0d,gunshot,0.0614,0.0629,fireworks,0.0,0.369,D:\IUH_K18\HK1N5\KLTN\audio-security-rag\data\interim\normalized\gunshot\urbansound8k_gunshot_92efdb0d.wav
high,urbansound8k_gunshot_86a27804,gunshot,0.0607,0.282,fireworks,0.0,1.007,D:\IUH_K18\HK1N5\KLTN\audio-security-rag\data\interim\normalized\gunshot\urbansound8k_gunshot_86a27804.wav
high,urbansound8k_gunshot_30d0e963,gunshot,0.0602,0.6015,fireworks,0.0,1.009,D:\IUH_K18\HK1N5\KLTN\audio-security-rag\data\interim\normalized\gunshot\urbansound8k_gunshot_30d0e963.wav
high,urbansound8k_gunshot_90d53305,gunshot,0.0598,0.7404,fireworks,0.0,1.007,D:\IUH_K18\HK1N5\KLTN\audio-security-rag\data\interim\normalized\gunshot\urbansound8k_gunshot_90d53305.wav
high,urbansound8k_gunshot_afe02bc2,gunshot,0.0592,0.4737,fireworks,0.0,1.008,D:\IUH_K18\HK1N5\KLTN\audio-security-rag\data\interim\normalized\gunshot\urbansound8k_gunshot_afe02bc2.wav
high,fsd50k_gunshot_1c90cbd9,gunshot,0.0582,0.347,fireworks,0.268,1.48,D:\IUH_K18\HK1N5\KLTN\audio-security-rag\data\interim\normalized\gunshot\fsd50k_gunshot_1c90cbd9.wav
high,urbansound8k_gunshot_efb71585,gunshot,0.0582,0.3038,fireworks,0.0,1.003,D:\IUH_K18\HK1N5\KLTN\audio-security-rag\data\interim\normalized\gunshot\urbansound8k_gunshot_efb71585.wav
high,urbansound8k_gunshot_7d64f962,gunshot,0.0563,0.2016,fireworks,0.0,0.689,D:\IUH_K18\HK1N5\KLTN\audio-security-rag\data\interim\normalized\gunshot\urbansound8k_gunshot_7d64f962.wav
high,urbansound8k_gunshot_a6e0a0a7,gunshot,0.0563,0.4003,fireworks,0.0,1.005,D:\IUH_K18\HK1N5\KLTN\audio-security-rag\data\interim\normalized\gunshot\urbansound8k_gunshot_a6e0a0a7.wav
high,urbansound8k_gunshot_97c17525,gunshot,0.0555,0.4025,fireworks,0.0,1.006,D:\IUH_K18\HK1N5\KLTN\audio-security-rag\data\interim\normalized\gunshot\urbansound8k_gunshot_97c17525.wav
high,fsd50k_gunshot_78a5376a,gunshot,0.055,0.1353,fireworks,0.0,1.328,D:\IUH_K18\HK1N5\KLTN\audio-security-rag\data\interim\normalized\gunshot\fsd50k_gunshot_78a5376a.wav
high,urbansound8k_gunshot_33062ea2,gunshot,0.0548,0.4925,fireworks,0.0,1.005,D:\IUH_K18\HK1N5\KLTN\audio-security-rag\data\interim\normalized\gunshot\urbansound8k_gunshot_33062ea2.wav
high,urbansound8k_gunshot_8bda9ae0,gunshot,0.0545,0.1368,fireworks,0.0,1.008,D:\IUH_K18\HK1N5\KLTN\audio-security-rag\data\interim\normalized\gunshot\urbansound8k_gunshot_8bda9ae0.wav
high,fsd50k_gunshot_299d4a01,gunshot,0.0541,0.5966,fireworks,0.589,1.648,D:\IUH_K18\HK1N5\KLTN\audio-security-rag\data\interim\normalized\gunshot\fsd50k_gunshot_299d4a01.wav
high,urbansound8k_gunshot_8d009da4,gunshot,0.0526,0.0725,fireworks,0.0,1.139,D:\IUH_K18\HK1N5\KLTN\audio-security-rag\data\interim\normalized\gunshot\urbansound8k_gunshot_8d009da4.wav
high,fsd50k_gunshot_5f3ec134,gunshot,0.0517,0.2243,explosion,0.0,1.009,D:\IUH_K18\HK1N5\KLTN\audio-security-rag\data\interim\normalized\gunshot\fsd50k_gunshot_5f3ec134.wav
high,esc50_laughter_91ad8339,laughter,0.2501,0.3637,scream,0.0,1.008,D:\IUH_K18\HK1N5\KLTN\audio-security-rag\data\interim\normalized\laughter\esc50_laughter_91ad8339.wav
high,fsd50k_laughter_5a41d745,laughter,0.1382,0.2331,scream,0.269,1.566,D:\IUH_K18\HK1N5\KLTN\audio-security-rag\data\interim\normalized\laughter\fsd50k_laughter_5a41d745.wav
high,fsd50k_laughter_acc21dce,laughter,0.0795,0.3452,scream,3.145,3.885,D:\IUH_K18\HK1N5\KLTN\audio-security-rag\data\interim\normalized\laughter\fsd50k_laughter_acc21dce.wav
high,fsd50k_laughter_75151690,laughter,0.0579,0.0597,scream,0.59,2.929,D:\IUH_K18\HK1N5\KLTN\audio-security-rag\data\interim\normalized\laughter\fsd50k_laughter_75151690.wav
high,fsd50k_object_drop_dishes_1ee83b71,object_drop_dishes,0.2444,0.3957,glass_breaking,0.0,0.69,D:\IUH_K18\HK1N5\KLTN\audio-security-rag\data\interim\normalized\object_drop_dishes\fsd50k_object_drop_dishes_1ee83b71.wav
high,fsd50k_object_drop_dishes_38387c2c,object_drop_dishes,0.2132,0.5354,glass_breaking,0.0,1.648,D:\IUH_K18\HK1N5\KLTN\audio-security-rag\data\interim\normalized\object_drop_dishes\fsd50k_object_drop_dishes_38387c2c.wav
high,fsd50k_object_drop_dishes_dc3db20a,object_drop_dishes,0.1414,0.194,glass_breaking,6.981,8.0,D:\IUH_K18\HK1N5\KLTN\audio-security-rag\data\interim\normalized\object_drop_dishes\fsd50k_object_drop_dishes_dc3db20a.wav
high,fsd50k_object_drop_dishes_ad527616,object_drop_dishes,0.1099,0.6309,glass_breaking,0.0,0.688,D:\IUH_K18\HK1N5\KLTN\audio-security-rag\data\interim\normalized\object_drop_dishes\fsd50k_object_drop_dishes_ad527616.wav
high,fsd50k_object_drop_dishes_2b04bd10,object_drop_dishes,0.1038,0.1097,glass_breaking,0.588,1.963,D:\IUH_K18\HK1N5\KLTN\audio-security-rag\data\interim\normalized\object_drop_dishes\fsd50k_object_drop_dishes_2b04bd10.wav
high,fsd50k_object_drop_dishes_acf2f50d,object_drop_dishes,0.0919,0.1904,door_slam,0.0,1.328,D:\IUH_K18\HK1N5\KLTN\audio-security-rag\data\interim\normalized\object_drop_dishes\fsd50k_object_drop_dishes_acf2f50d.wav
high,fsd50k_object_drop_dishes_bbcbc2c8,object_drop_dishes,0.0804,0.2038,glass_breaking,0.265,0.739,D:\IUH_K18\HK1N5\KLTN\audio-security-rag\data\interim\normalized\object_drop_dishes\fsd50k_object_drop_dishes_bbcbc2c8.wav
high,fsd50k_object_drop_dishes_16b3d03b,object_drop_dishes,0.0725,0.1431,glass_breaking,1.229,2.288,D:\IUH_K18\HK1N5\KLTN\audio-security-rag\data\interim\normalized\object_drop_dishes\fsd50k_object_drop_dishes_16b3d03b.wav
high,fsd50k_object_drop_dishes_765fd0aa,object_drop_dishes,0.0723,0.249,glass_breaking,0.0,0.689,D:\IUH_K18\HK1N5\KLTN\audio-security-rag\data\interim\normalized\object_drop_dishes\fsd50k_object_drop_dishes_765fd0aa.wav
high,fsd50k_object_drop_dishes_d2e3efa7,object_drop_dishes,0.062,0.083,door_slam,0.0,0.546,D:\IUH_K18\HK1N5\KLTN\audio-security-rag\data\interim\normalized\object_drop_dishes\fsd50k_object_drop_dishes_d2e3efa7.wav
high,desed_object_drop_dishes_807b6a21,object_drop_dishes,0.0617,0.0675,glass_breaking,0.0,0.48,D:\IUH_K18\HK1N5\KLTN\audio-security-rag\data\interim\normalized\object_drop_dishes\desed_object_drop_dishes_807b6a21.wav
high,fsd50k_object_drop_dishes_a3df0532,object_drop_dishes,0.0615,0.1018,door_slam,0.0,0.963,D:\IUH_K18\HK1N5\KLTN\audio-security-rag\data\interim\normalized\object_drop_dishes\fsd50k_object_drop_dishes_a3df0532.wav
high,desed_object_drop_dishes_662b6953,object_drop_dishes,0.0571,0.085,glass_breaking,0.0,0.304,D:\IUH_K18\HK1N5\KLTN\audio-security-rag\data\interim\normalized\object_drop_dishes\desed_object_drop_dishes_662b6953.wav
high,fsd50k_object_drop_dishes_51c98315,object_drop_dishes,0.0571,0.1198,door_slam,0.0,1.329,D:\IUH_K18\HK1N5\KLTN\audio-security-rag\data\interim\normalized\object_drop_dishes\fsd50k_object_drop_dishes_51c98315.wav
high,fsd50k_object_drop_dishes_0f3279b1,object_drop_dishes,0.0562,0.0673,glass_breaking,0.907,1.964,D:\IUH_K18\HK1N5\KLTN\audio-security-rag\data\interim\normalized\object_drop_dishes\fsd50k_object_drop_dishes_0f3279b1.wav
high,fsd50k_object_drop_dishes_5cc7b7a6,object_drop_dishes,0.0543,0.0793,glass_breaking,0.0,0.689,D:\IUH_K18\HK1N5\KLTN\audio-security-rag\data\interim\normalized\object_drop_dishes\fsd50k_object_drop_dishes_5cc7b7a6.wav
high,fsd50k_object_drop_dishes_07e506c8,object_drop_dishes,0.0523,0.0581,door_slam,0.0,0.444,D:\IUH_K18\HK1N5\KLTN\audio-security-rag\data\interim\normalized\object_drop_dishes\fsd50k_object_drop_dishes_07e506c8.wav
high,fsd50k_object_drop_dishes_0739e6d3,object_drop_dishes,0.0522,0.1464,glass_breaking,0.589,2.286,D:\IUH_K18\HK1N5\KLTN\audio-security-rag\data\interim\normalized\object_drop_dishes\fsd50k_object_drop_dishes_0739e6d3.wav
high,fsd50k_object_drop_dishes_25d91001,object_drop_dishes,0.0515,0.1049,door_slam,1.548,2.607,D:\IUH_K18\HK1N5\KLTN\audio-security-rag\data\interim\normalized\object_drop_dishes\fsd50k_object_drop_dishes_25d91001.wav
high,fsd50k_object_drop_dishes_80dd78ad,object_drop_dishes,0.0513,0.0584,door_slam,0.0,0.352,D:\IUH_K18\HK1N5\KLTN\audio-security-rag\data\interim\normalized\object_drop_dishes\fsd50k_object_drop_dishes_80dd78ad.wav
high,fsd50k_running_footsteps_7f297167,running_footsteps,0.0903,0.1026,object_drop_dishes,0.589,1.647,D:\IUH_K18\HK1N5\KLTN\audio-security-rag\data\interim\normalized\running_footsteps\fsd50k_running_footsteps_7f297167.wav
high,fsd50k_running_footsteps_80b04e1b,running_footsteps,0.0729,0.3212,object_drop_dishes,6.029,7.089,D:\IUH_K18\HK1N5\KLTN\audio-security-rag\data\interim\normalized\running_footsteps\fsd50k_running_footsteps_80b04e1b.wav
high,fsd50k_running_footsteps_2a86bf66,running_footsteps,0.0613,0.212,object_drop_dishes,1.868,5.166,D:\IUH_K18\HK1N5\KLTN\audio-security-rag\data\interim\normalized\running_footsteps\fsd50k_running_footsteps_2a86bf66.wav
high,fsd50k_running_footsteps_ccfaa94c,running_footsteps,0.058,0.071,object_drop_dishes,3.148,4.208,D:\IUH_K18\HK1N5\KLTN\audio-security-rag\data\interim\normalized\running_footsteps\fsd50k_running_footsteps_ccfaa94c.wav
high,fsd50k_running_footsteps_545a5492,running_footsteps,0.0515,0.0886,object_drop_dishes,0.589,2.286,D:\IUH_K18\HK1N5\KLTN\audio-security-rag\data\interim\normalized\running_footsteps\fsd50k_running_footsteps_545a5492.wav
high,fsd50k_running_footsteps_129df256,running_footsteps,0.0514,0.0675,object_drop_dishes,3.143,4.75,D:\IUH_K18\HK1N5\KLTN\audio-security-rag\data\interim\normalized\running_footsteps\fsd50k_running_footsteps_129df256.wav
high,fsd50k_running_footsteps_31cf9231,running_footsteps,0.0513,0.7008,object_drop_dishes,10.829,12.208,D:\IUH_K18\HK1N5\KLTN\audio-security-rag\data\interim\normalized\running_footsteps\fsd50k_running_footsteps_31cf9231.wav
high,fsd50k_shout_yell_7c6e4663,shout_yell,0.0967,0.4254,speech_normal,3.47,4.209,D:\IUH_K18\HK1N5\KLTN\audio-security-rag\data\interim\normalized\shout_yell\fsd50k_shout_yell_7c6e4663.wav
high,fsd50k_shout_yell_b9c712ed,shout_yell,0.0831,0.7748,speech_normal,16.266,17.006,D:\IUH_K18\HK1N5\KLTN\audio-security-rag\data\interim\normalized\shout_yell\fsd50k_shout_yell_b9c712ed.wav
high,fsd50k_shout_yell_f3a86be4,shout_yell,0.0609,0.6798,speech_normal,0.269,1.328,D:\IUH_K18\HK1N5\KLTN\audio-security-rag\data\interim\normalized\shout_yell\fsd50k_shout_yell_f3a86be4.wav
high,fsd50k_shout_yell_7c7f9908,shout_yell,0.0508,0.7217,speech_normal,0.0,1.008,D:\IUH_K18\HK1N5\KLTN\audio-security-rag\data\interim\normalized\shout_yell\fsd50k_shout_yell_7c7f9908.wav
high,esc50_siren_5e91fb8a,siren,0.384,0.5602,alarm_bell,0.0,1.008,D:\IUH_K18\HK1N5\KLTN\audio-security-rag\data\interim\normalized\siren\esc50_siren_5e91fb8a.wav
high,esc50_siren_bed7848f,siren,0.3767,0.5757,alarm_bell,2.824,5.0,D:\IUH_K18\HK1N5\KLTN\audio-security-rag\data\interim\normalized\siren\esc50_siren_bed7848f.wav
high,fsd50k_siren_48c46d9b,siren,0.175,0.5988,alarm_bell,5.709,10.929,D:\IUH_K18\HK1N5\KLTN\audio-security-rag\data\interim\normalized\siren\fsd50k_siren_48c46d9b.wav
high,urbansound8k_siren_49ecafd2,siren,0.1223,0.5531,alarm_bell,0.0,0.28,D:\IUH_K18\HK1N5\KLTN\audio-security-rag\data\interim\normalized\siren\urbansound8k_siren_49ecafd2.wav
high,urbansound8k_siren_20bbbe69,siren,0.0824,0.5332,alarm_bell,0.0,0.26,D:\IUH_K18\HK1N5\KLTN\audio-security-rag\data\interim\normalized\siren\urbansound8k_siren_20bbbe69.wav
normal,desed_alarm_bell_1421b4bb,alarm_bell,0.2989,0.0035,siren,0.0,1.008,D:\IUH_K18\HK1N5\KLTN\audio-security-rag\data\interim\normalized\alarm_bell\desed_alarm_bell_1421b4bb.wav
normal,desed_alarm_bell_77ea9d95,alarm_bell,0.2988,0.0825,siren,0.0,0.333,D:\IUH_K18\HK1N5\KLTN\audio-security-rag\data\interim\normalized\alarm_bell\desed_alarm_bell_77ea9d95.wav
normal,desed_alarm_bell_e7076506,alarm_bell,0.2979,0.0033,siren,0.0,0.995,D:\IUH_K18\HK1N5\KLTN\audio-security-rag\data\interim\normalized\alarm_bell\desed_alarm_bell_e7076506.wav
normal,desed_alarm_bell_1a188021,alarm_bell,0.2969,0.0016,siren,0.0,0.519,D:\IUH_K18\HK1N5\KLTN\audio-security-rag\data\interim\normalized\alarm_bell\desed_alarm_bell_1a188021.wav
normal,fsd50k_alarm_bell_35172106,alarm_bell,0.294,0.0002,siren,0.27,1.329,D:\IUH_K18\HK1N5\KLTN\audio-security-rag\data\interim\normalized\alarm_bell\fsd50k_alarm_bell_35172106.wav
normal,desed_alarm_bell_6e8803ee,alarm_bell,0.285,0.0005,siren,0.27,1.97,D:\IUH_K18\HK1N5\KLTN\audio-security-rag\data\interim\normalized\alarm_bell\desed_alarm_bell_6e8803ee.wav
normal,desed_alarm_bell_e4b69fbb,alarm_bell,0.2846,0.0017,siren,0.0,0.517,D:\IUH_K18\HK1N5\KLTN\audio-security-rag\data\interim\normalized\alarm_bell\desed_alarm_bell_e4b69fbb.wav
normal,esc50_alarm_bell_a0664359,alarm_bell,0.2845,0.0006,siren,0.0,4.521,D:\IUH_K18\HK1N5\KLTN\audio-security-rag\data\interim\normalized\alarm_bell\esc50_alarm_bell_a0664359.wav
normal,desed_alarm_bell_319b8e25,alarm_bell,0.2838,0.0014,siren,0.0,0.489,D:\IUH_K18\HK1N5\KLTN\audio-security-rag\data\interim\normalized\alarm_bell\desed_alarm_bell_319b8e25.wav
normal,fsd50k_alarm_bell_5cf007d7,alarm_bell,0.2815,0.0006,siren,0.0,1.01,D:\IUH_K18\HK1N5\KLTN\audio-security-rag\data\interim\normalized\alarm_bell\fsd50k_alarm_bell_5cf007d7.wav
normal,fsd50k_alarm_bell_8566448c,alarm_bell,0.2806,0.0009,siren,0.0,1.33,D:\IUH_K18\HK1N5\KLTN\audio-security-rag\data\interim\normalized\alarm_bell\fsd50k_alarm_bell_8566448c.wav
normal,desed_alarm_bell_9548a650,alarm_bell,0.2802,0.0073,siren,0.0,0.322,D:\IUH_K18\HK1N5\KLTN\audio-security-rag\data\interim\normalized\alarm_bell\desed_alarm_bell_9548a650.wav
normal,desed_alarm_bell_5d6ca0a1,alarm_bell,0.2774,0.002,siren,0.0,0.518,D:\IUH_K18\HK1N5\KLTN\audio-security-rag\data\interim\normalized\alarm_bell\desed_alarm_bell_5d6ca0a1.wav
normal,fsd50k_alarm_bell_086de703,alarm_bell,0.2745,0.0007,siren,0.0,1.009,D:\IUH_K18\HK1N5\KLTN\audio-security-rag\data\interim\normalized\alarm_bell\fsd50k_alarm_bell_086de703.wav
normal,desed_alarm_bell_d258794f,alarm_bell,0.2737,0.0829,siren,0.0,0.333,D:\IUH_K18\HK1N5\KLTN\audio-security-rag\data\interim\normalized\alarm_bell\desed_alarm_bell_d258794f.wav
normal,esc50_alarm_bell_495ea115,alarm_bell,0.2714,0.0002,siren,0.0,5.0,D:\IUH_K18\HK1N5\KLTN\audio-security-rag\data\interim\normalized\alarm_bell\esc50_alarm_bell_495ea115.wav
normal,desed_alarm_bell_c23378b2,alarm_bell,0.2705,0.0612,siren,0.0,0.333,D:\IUH_K18\HK1N5\KLTN\audio-security-rag\data\interim\normalized\alarm_bell\desed_alarm_bell_c23378b2.wav
normal,desed_alarm_bell_3134eda0,alarm_bell,0.2695,0.0011,siren,0.0,1.008,D:\IUH_K18\HK1N5\KLTN\audio-security-rag\data\interim\normalized\alarm_bell\desed_alarm_bell_3134eda0.wav
normal,desed_alarm_bell_09b865ef,alarm_bell,0.2692,0.0018,siren,0.589,1.967,D:\IUH_K18\HK1N5\KLTN\audio-security-rag\data\interim\normalized\alarm_bell\desed_alarm_bell_09b865ef.wav
normal,desed_alarm_bell_5dbbdf69,alarm_bell,0.2678,0.0012,siren,0.0,0.312,D:\IUH_K18\HK1N5\KLTN\audio-security-rag\data\interim\normalized\alarm_bell\desed_alarm_bell_5dbbdf69.wav
normal,esc50_alarm_bell_b863f411,alarm_bell,0.2673,0.0009,siren,0.0,1.327,D:\IUH_K18\HK1N5\KLTN\audio-security-rag\data\interim\normalized\alarm_bell\esc50_alarm_bell_b863f411.wav
normal,fsd50k_alarm_bell_2f957ac7,alarm_bell,0.2667,0.0034,siren,0.0,1.015,D:\IUH_K18\HK1N5\KLTN\audio-security-rag\data\interim\normalized\alarm_bell\fsd50k_alarm_bell_2f957ac7.wav
normal,esc50_alarm_bell_44316710,alarm_bell,0.2633,0.0001,siren,0.0,5.0,D:\IUH_K18\HK1N5\KLTN\audio-security-rag\data\interim\normalized\alarm_bell\esc50_alarm_bell_44316710.wav
normal,desed_alarm_bell_9c98ff1f,alarm_bell,0.2625,0.0016,siren,0.588,2.434,D:\IUH_K18\HK1N5\KLTN\audio-security-rag\data\interim\normalized\alarm_bell\desed_alarm_bell_9c98ff1f.wav
normal,fsd50k_alarm_bell_97b32d35,alarm_bell,0.262,0.0033,siren,1.549,3.887,D:\IUH_K18\HK1N5\KLTN\audio-security-rag\data\interim\normalized\alarm_bell\fsd50k_alarm_bell_97b32d35.wav
normal,fsd50k_alarm_bell_34bc0efc,alarm_bell,0.2601,0.0001,siren,2.827,6.443,D:\IUH_K18\HK1N5\KLTN\audio-security-rag\data\interim\normalized\alarm_bell\fsd50k_alarm_bell_34bc0efc.wav
normal,fsd50k_alarm_bell_a52334df,alarm_bell,0.2581,0.0003,siren,0.0,1.009,D:\IUH_K18\HK1N5\KLTN\audio-security-rag\data\interim\normalized\alarm_bell\fsd50k_alarm_bell_a52334df.wav
normal,fsd50k_alarm_bell_8727ba00,alarm_bell,0.2546,0.001,siren,0.91,2.289,D:\IUH_K18\HK1N5\KLTN\audio-security-rag\data\interim\normalized\alarm_bell\fsd50k_alarm_bell_8727ba00.wav
normal,fsd50k_alarm_bell_3b1dba79,alarm_bell,0.252,0.0002,siren,0.589,1.647,D:\IUH_K18\HK1N5\KLTN\audio-security-rag\data\interim\normalized\alarm_bell\fsd50k_alarm_bell_3b1dba79.wav
normal,fsd50k_alarm_bell_6cd0b897,alarm_bell,0.2499,0.0014,siren,0.908,3.103,D:\IUH_K18\HK1N5\KLTN\audio-security-rag\data\interim\normalized\alarm_bell\fsd50k_alarm_bell_6cd0b897.wav
normal,esc50_alarm_bell_da6a7b9e,alarm_bell,0.2482,0.0007,siren,1.227,2.605,D:\IUH_K18\HK1N5\KLTN\audio-security-rag\data\interim\normalized\alarm_bell\esc50_alarm_bell_da6a7b9e.wav
normal,desed_alarm_bell_212036cc,alarm_bell,0.2474,0.0012,siren,0.0,0.485,D:\IUH_K18\HK1N5\KLTN\audio-security-rag\data\interim\normalized\alarm_bell\desed_alarm_bell_212036cc.wav
normal,fsd50k_alarm_bell_52fc31de,alarm_bell,0.2452,0.0004,siren,0.0,0.685,D:\IUH_K18\HK1N5\KLTN\audio-security-rag\data\interim\normalized\alarm_bell\fsd50k_alarm_bell_52fc31de.wav
normal,fsd50k_alarm_bell_29706bba,alarm_bell,0.2442,0.001,siren,0.0,0.688,D:\IUH_K18\HK1N5\KLTN\audio-security-rag\data\interim\normalized\alarm_bell\fsd50k_alarm_bell_29706bba.wav
normal,fsd50k_alarm_bell_21b78244,alarm_bell,0.2434,0.0002,siren,0.27,2.288,D:\IUH_K18\HK1N5\KLTN\audio-security-rag\data\interim\normalized\alarm_bell\fsd50k_alarm_bell_21b78244.wav
normal,fsd50k_alarm_bell_a6049e55,alarm_bell,0.243,0.0091,siren,1.549,3.247,D:\IUH_K18\HK1N5\KLTN\audio-security-rag\data\interim\normalized\alarm_bell\fsd50k_alarm_bell_a6049e55.wav
normal,esc50_alarm_bell_ecb38a81,alarm_bell,0.242,0.0006,siren,2.505,4.521,D:\IUH_K18\HK1N5\KLTN\audio-security-rag\data\interim\normalized\alarm_bell\esc50_alarm_bell_ecb38a81.wav
normal,desed_alarm_bell_b9d2412a,alarm_bell,0.2415,0.0762,siren,0.0,0.333,D:\IUH_K18\HK1N5\KLTN\audio-security-rag\data\interim\normalized\alarm_bell\desed_alarm_bell_b9d2412a.wav
normal,desed_alarm_bell_ad217d82,alarm_bell,0.2399,0.1453,siren,0.0,0.32,D:\IUH_K18\HK1N5\KLTN\audio-security-rag\data\interim\normalized\alarm_bell\desed_alarm_bell_ad217d82.wav
normal,fsd50k_alarm_bell_ebc0553b,alarm_bell,0.2384,0.0003,siren,1.868,3.885,D:\IUH_K18\HK1N5\KLTN\audio-security-rag\data\interim\normalized\alarm_bell\fsd50k_alarm_bell_ebc0553b.wav
normal,fsd50k_alarm_bell_a0fe7386,alarm_bell,0.2361,0.0001,siren,2.51,4.529,D:\IUH_K18\HK1N5\KLTN\audio-security-rag\data\interim\normalized\alarm_bell\fsd50k_alarm_bell_a0fe7386.wav
normal,fsd50k_alarm_bell_8af89660,alarm_bell,0.236,0.0004,siren,3.149,5.808,D:\IUH_K18\HK1N5\KLTN\audio-security-rag\data\interim\normalized\alarm_bell\fsd50k_alarm_bell_8af89660.wav
normal,desed_alarm_bell_39790714,alarm_bell,0.2358,0.0019,siren,0.0,0.514,D:\IUH_K18\HK1N5\KLTN\audio-security-rag\data\interim\normalized\alarm_bell\desed_alarm_bell_39790714.wav
normal,esc50_alarm_bell_ae91dd8b,alarm_bell,0.2339,0.0016,siren,0.0,1.327,D:\IUH_K18\HK1N5\KLTN\audio-security-rag\data\interim\normalized\alarm_bell\esc50_alarm_bell_ae91dd8b.wav
normal,esc50_alarm_bell_b13da802,alarm_bell,0.2339,0.0003,siren,0.0,3.244,D:\IUH_K18\HK1N5\KLTN\audio-security-rag\data\interim\normalized\alarm_bell\esc50_alarm_bell_b13da802.wav
normal,desed_alarm_bell_f9bde753,alarm_bell,0.233,0.1804,siren,0.0,0.32,D:\IUH_K18\HK1N5\KLTN\audio-security-rag\data\interim\normalized\alarm_bell\desed_alarm_bell_f9bde753.wav
normal,desed_alarm_bell_727cfab7,alarm_bell,0.2289,0.0029,siren,0.0,0.519,D:\IUH_K18\HK1N5\KLTN\audio-security-rag\data\interim\normalized\alarm_bell\desed_alarm_bell_727cfab7.wav
normal,desed_alarm_bell_7aaad03d,alarm_bell,0.2283,0.0018,siren,0.0,0.359,D:\IUH_K18\HK1N5\KLTN\audio-security-rag\data\interim\normalized\alarm_bell\desed_alarm_bell_7aaad03d.wav
normal,fsd50k_alarm_bell_362f0ba9,alarm_bell,0.2275,0.0002,siren,3.786,5.165,D:\IUH_K18\HK1N5\KLTN\audio-security-rag\data\interim\normalized\alarm_bell\fsd50k_alarm_bell_362f0ba9.wav
normal,esc50_alarm_bell_ea7a0ee2,alarm_bell,0.2269,0.0003,siren,0.0,5.0,D:\IUH_K18\HK1N5\KLTN\audio-security-rag\data\interim\normalized\alarm_bell\esc50_alarm_bell_ea7a0ee2.wav
normal,desed_alarm_bell_6d17d863,alarm_bell,0.2268,0.0005,siren,0.0,0.476,D:\IUH_K18\HK1N5\KLTN\audio-security-rag\data\interim\normalized\alarm_bell\desed_alarm_bell_6d17d863.wav
normal,esc50_alarm_bell_2212340e,alarm_bell,0.2268,0.0003,siren,1.866,5.0,D:\IUH_K18\HK1N5\KLTN\audio-security-rag\data\interim\normalized\alarm_bell\esc50_alarm_bell_2212340e.wav
normal,desed_alarm_bell_3530a9cb,alarm_bell,0.2267,0.1675,siren,0.0,0.32,D:\IUH_K18\HK1N5\KLTN\audio-security-rag\data\interim\normalized\alarm_bell\desed_alarm_bell_3530a9cb.wav
normal,fsd50k_alarm_bell_4f4e5959,alarm_bell,0.222,0.0021,siren,0.59,5.489,D:\IUH_K18\HK1N5\KLTN\audio-security-rag\data\interim\normalized\alarm_bell\fsd50k_alarm_bell_4f4e5959.wav
normal,esc50_alarm_bell_1ccb7137,alarm_bell,0.221,0.005,siren,0.269,3.244,D:\IUH_K18\HK1N5\KLTN\audio-security-rag\data\interim\normalized\alarm_bell\esc50_alarm_bell_1ccb7137.wav
normal,desed_alarm_bell_279220b2,alarm_bell,0.2183,0.0655,siren,0.0,0.316,D:\IUH_K18\HK1N5\KLTN\audio-security-rag\data\interim\normalized\alarm_bell\desed_alarm_bell_279220b2.wav
normal,esc50_alarm_bell_c2605d58,alarm_bell,0.2166,0.0007,siren,2.824,5.0,D:\IUH_K18\HK1N5\KLTN\audio-security-rag\data\interim\normalized\alarm_bell\esc50_alarm_bell_c2605d58.wav
normal,esc50_alarm_bell_ebb61152,alarm_bell,0.2144,0.0004,siren,0.0,5.0,D:\IUH_K18\HK1N5\KLTN\audio-security-rag\data\interim\normalized\alarm_bell\esc50_alarm_bell_ebb61152.wav
normal,esc50_alarm_bell_af64f859,alarm_bell,0.2131,0.0001,siren,0.0,5.0,D:\IUH_K18\HK1N5\KLTN\audio-security-rag\data\interim\normalized\alarm_bell\esc50_alarm_bell_af64f859.wav
normal,desed_alarm_bell_c1383453,alarm_bell,0.2123,0.0136,siren,0.0,0.316,D:\IUH_K18\HK1N5\KLTN\audio-security-rag\data\interim\normalized\alarm_bell\desed_alarm_bell_c1383453.wav
normal,fsd50k_alarm_bell_8e2be63a,alarm_bell,0.212,0.003,siren,0.0,1.01,D:\IUH_K18\HK1N5\KLTN\audio-security-rag\data\interim\normalized\alarm_bell\fsd50k_alarm_bell_8e2be63a.wav
normal,desed_alarm_bell_9dc444f3,alarm_bell,0.2109,0.0025,siren,0.0,0.52,D:\IUH_K18\HK1N5\KLTN\audio-security-rag\data\interim\normalized\alarm_bell\desed_alarm_bell_9dc444f3.wav
normal,esc50_alarm_bell_c6a4d689,alarm_bell,0.2097,0.0043,siren,1.866,2.924,D:\IUH_K18\HK1N5\KLTN\audio-security-rag\data\interim\normalized\alarm_bell\esc50_alarm_bell_c6a4d689.wav
normal,desed_alarm_bell_b5321f49,alarm_bell,0.2096,0.0014,siren,0.0,0.491,D:\IUH_K18\HK1N5\KLTN\audio-security-rag\data\interim\normalized\alarm_bell\desed_alarm_bell_b5321f49.wav
normal,esc50_alarm_bell_db92bfce,alarm_bell,0.2067,0.0003,siren,0.0,5.0,D:\IUH_K18\HK1N5\KLTN\audio-security-rag\data\interim\normalized\alarm_bell\esc50_alarm_bell_db92bfce.wav
normal,desed_alarm_bell_d7595079,alarm_bell,0.206,0.157,siren,0.0,0.32,D:\IUH_K18\HK1N5\KLTN\audio-security-rag\data\interim\normalized\alarm_bell\desed_alarm_bell_d7595079.wav
normal,fsd50k_alarm_bell_8ab24cfd,alarm_bell,0.2051,0.001,siren,0.0,0.69,D:\IUH_K18\HK1N5\KLTN\audio-security-rag\data\interim\normalized\alarm_bell\fsd50k_alarm_bell_8ab24cfd.wav
normal,fsd50k_alarm_bell_25b09159,alarm_bell,0.204,0.0033,siren,0.269,1.008,D:\IUH_K18\HK1N5\KLTN\audio-security-rag\data\interim\normalized\alarm_bell\fsd50k_alarm_bell_25b09159.wav
normal,desed_alarm_bell_20245f39,alarm_bell,0.201,0.0012,siren,0.0,0.481,D:\IUH_K18\HK1N5\KLTN\audio-security-rag\data\interim\normalized\alarm_bell\desed_alarm_bell_20245f39.wav
normal,fsd50k_alarm_bell_c80b86cb,alarm_bell,0.2008,0.0004,siren,0.59,1.969,D:\IUH_K18\HK1N5\KLTN\audio-security-rag\data\interim\normalized\alarm_bell\fsd50k_alarm_bell_c80b86cb.wav
normal,fsd50k_alarm_bell_bdef6b9f,alarm_bell,0.1997,0.0002,siren,4.428,6.767,D:\IUH_K18\HK1N5\KLTN\audio-security-rag\data\interim\normalized\alarm_bell\fsd50k_alarm_bell_bdef6b9f.wav
normal,desed_alarm_bell_53935871,alarm_bell,0.1996,0.0012,siren,0.0,0.485,D:\IUH_K18\HK1N5\KLTN\audio-security-rag\data\interim\normalized\alarm_bell\desed_alarm_bell_53935871.wav
normal,fsd50k_alarm_bell_87e9f55c,alarm_bell,0.1973,0.0009,siren,0.269,1.647,D:\IUH_K18\HK1N5\KLTN\audio-security-rag\data\interim\normalized\alarm_bell\fsd50k_alarm_bell_87e9f55c.wav
normal,fsd50k_alarm_bell_4b60b645,alarm_bell,0.1971,0.0005,siren,3.79,5.17,D:\IUH_K18\HK1N5\KLTN\audio-security-rag\data\interim\normalized\alarm_bell\fsd50k_alarm_bell_4b60b645.wav
normal,desed_alarm_bell_ee8c0dc7,alarm_bell,0.1944,0.0016,siren,0.0,0.483,D:\IUH_K18\HK1N5\KLTN\audio-security-rag\data\interim\normalized\alarm_bell\desed_alarm_bell_ee8c0dc7.wav
normal,fsd50k_alarm_bell_9c8240f5,alarm_bell,0.1942,0.0027,siren,3.469,7.088,D:\IUH_K18\HK1N5\KLTN\audio-security-rag\data\interim\normalized\alarm_bell\fsd50k_alarm_bell_9c8240f5.wav
normal,desed_alarm_bell_62ed06e7,alarm_bell,0.1906,0.055,siren,0.0,0.333,D:\IUH_K18\HK1N5\KLTN\audio-security-rag\data\interim\normalized\alarm_bell\desed_alarm_bell_62ed06e7.wav
normal,desed_alarm_bell_91cde4de,alarm_bell,0.1902,0.0035,siren,0.0,0.313,D:\IUH_K18\HK1N5\KLTN\audio-security-rag\data\interim\normalized\alarm_bell\desed_alarm_bell_91cde4de.wav
normal,desed_alarm_bell_d4ae5400,alarm_bell,0.1875,0.1242,siren,0.0,0.32,D:\IUH_K18\HK1N5\KLTN\audio-security-rag\data\interim\normalized\alarm_bell\desed_alarm_bell_d4ae5400.wav
normal,desed_alarm_bell_e2bfb294,alarm_bell,0.1871,0.1718,siren,0.0,0.32,D:\IUH_K18\HK1N5\KLTN\audio-security-rag\data\interim\normalized\alarm_bell\desed_alarm_bell_e2bfb294.wav
normal,esc50_alarm_bell_cf3361dd,alarm_bell,0.1849,0.0002,siren,0.0,5.0,D:\IUH_K18\HK1N5\KLTN\audio-security-rag\data\interim\normalized\alarm_bell\esc50_alarm_bell_cf3361dd.wav
normal,desed_alarm_bell_c2837498,alarm_bell,0.1797,0.0017,siren,0.0,0.484,D:\IUH_K18\HK1N5\KLTN\audio-security-rag\data\interim\normalized\alarm_bell\desed_alarm_bell_c2837498.wav
normal,desed_alarm_bell_f95c30bf,alarm_bell,0.1781,0.0385,siren,0.0,0.333,D:\IUH_K18\HK1N5\KLTN\audio-security-rag\data\interim\normalized\alarm_bell\desed_alarm_bell_f95c30bf.wav
normal,desed_alarm_bell_207ac269,alarm_bell,0.1773,0.0012,siren,0.0,0.483,D:\IUH_K18\HK1N5\KLTN\audio-security-rag\data\interim\normalized\alarm_bell\desed_alarm_bell_207ac269.wav
normal,desed_alarm_bell_56bca464,alarm_bell,0.1753,0.0014,siren,0.0,0.482,D:\IUH_K18\HK1N5\KLTN\audio-security-rag\data\interim\normalized\alarm_bell\desed_alarm_bell_56bca464.wav
normal,fsd50k_alarm_bell_e01cff34,alarm_bell,0.1742,0.0002,siren,1.87,4.21,D:\IUH_K18\HK1N5\KLTN\audio-security-rag\data\interim\normalized\alarm_bell\fsd50k_alarm_bell_e01cff34.wav
normal,desed_alarm_bell_c1e32f27,alarm_bell,0.1739,0.0006,siren,0.27,1.328,D:\IUH_K18\HK1N5\KLTN\audio-security-rag\data\interim\normalized\alarm_bell\desed_alarm_bell_c1e32f27.wav
normal,desed_alarm_bell_c02541d9,alarm_bell,0.1716,0.001,siren,0.0,0.487,D:\IUH_K18\HK1N5\KLTN\audio-security-rag\data\interim\normalized\alarm_bell\desed_alarm_bell_c02541d9.wav
normal,fsd50k_alarm_bell_4ec55058,alarm_bell,0.171,0.0017,siren,4.107,5.167,D:\IUH_K18\HK1N5\KLTN\audio-security-rag\data\interim\normalized\alarm_bell\fsd50k_alarm_bell_4ec55058.wav
normal,desed_alarm_bell_7552527e,alarm_bell,0.1701,0.0016,siren,0.0,0.361,D:\IUH_K18\HK1N5\KLTN\audio-security-rag\data\interim\normalized\alarm_bell\desed_alarm_bell_7552527e.wav
normal,fsd50k_alarm_bell_5efede55,alarm_bell,0.17,0.0002,siren,0.0,1.326,D:\IUH_K18\HK1N5\KLTN\audio-security-rag\data\interim\normalized\alarm_bell\fsd50k_alarm_bell_5efede55.wav
normal,desed_alarm_bell_60367f06,alarm_bell,0.1695,0.0017,siren,0.0,0.359,D:\IUH_K18\HK1N5\KLTN\audio-security-rag\data\interim\normalized\alarm_bell\desed_alarm_bell_60367f06.wav
normal,desed_alarm_bell_e8c622e7,alarm_bell,0.1686,0.0801,siren,0.0,0.32,D:\IUH_K18\HK1N5\KLTN\audio-security-rag\data\interim\normalized\alarm_bell\desed_alarm_bell_e8c622e7.wav
normal,desed_alarm_bell_bb2f50f9,alarm_bell,0.1673,0.0833,siren,0.0,0.328,D:\IUH_K18\HK1N5\KLTN\audio-security-rag\data\interim\normalized\alarm_bell\desed_alarm_bell_bb2f50f9.wav
normal,desed_alarm_bell_7010b150,alarm_bell,0.1667,0.1667,siren,0.0,0.321,D:\IUH_K18\HK1N5\KLTN\audio-security-rag\data\interim\normalized\alarm_bell\desed_alarm_bell_7010b150.wav
normal,fsd50k_alarm_bell_68a153ee,alarm_bell,0.1655,0.0021,siren,13.386,14.445,D:\IUH_K18\HK1N5\KLTN\audio-security-rag\data\interim\normalized\alarm_bell\fsd50k_alarm_bell_68a153ee.wav
normal,fsd50k_alarm_bell_62573df3,alarm_bell,0.1606,0.0002,siren,1.869,4.527,D:\IUH_K18\HK1N5\KLTN\audio-security-rag\data\interim\normalized\alarm_bell\fsd50k_alarm_bell_62573df3.wav
normal,fsd50k_alarm_bell_6f986339,alarm_bell,0.1559,0.0559,siren,0.0,1.328,D:\IUH_K18\HK1N5\KLTN\audio-security-rag\data\interim\normalized\alarm_bell\fsd50k_alarm_bell_6f986339.wav
normal,esc50_alarm_bell_b8b67daf,alarm_bell,0.1516,0.0021,siren,0.0,1.008,D:\IUH_K18\HK1N5\KLTN\audio-security-rag\data\interim\normalized\alarm_bell\esc50_alarm_bell_b8b67daf.wav
normal,fsd50k_alarm_bell_4b47e194,alarm_bell,0.1497,0.0007,siren,0.269,1.008,D:\IUH_K18\HK1N5\KLTN\audio-security-rag\data\interim\normalized\alarm_bell\fsd50k_alarm_bell_4b47e194.wav
normal,desed_alarm_bell_7866e774,alarm_bell,0.1493,0.0013,siren,3.787,4.846,D:\IUH_K18\HK1N5\KLTN\audio-security-rag\data\interim\normalized\alarm_bell\desed_alarm_bell_7866e774.wav
normal,fsd50k_alarm_bell_c2ae1cea,alarm_bell,0.1493,0.0003,siren,0.0,1.329,D:\IUH_K18\HK1N5\KLTN\audio-security-rag\data\interim\normalized\alarm_bell\fsd50k_alarm_bell_c2ae1cea.wav
normal,fsd50k_alarm_bell_628ab2cd,alarm_bell,0.1488,0.0008,siren,0.0,0.69,D:\IUH_K18\HK1N5\KLTN\audio-security-rag\data\interim\normalized\alarm_bell\fsd50k_alarm_bell_628ab2cd.wav
normal,fsd50k_alarm_bell_50ba73c5,alarm_bell,0.1486,0.0003,siren,3.148,5.806,D:\IUH_K18\HK1N5\KLTN\audio-security-rag\data\interim\normalized\alarm_bell\fsd50k_alarm_bell_50ba73c5.wav
normal,fsd50k_alarm_bell_593ed111,alarm_bell,0.1483,0.0004,siren,3.15,6.129,D:\IUH_K18\HK1N5\KLTN\audio-security-rag\data\interim\normalized\alarm_bell\fsd50k_alarm_bell_593ed111.wav
normal,esc50_alarm_bell_218a6463,alarm_bell,0.1481,0.0038,siren,3.463,4.521,D:\IUH_K18\HK1N5\KLTN\audio-security-rag\data\interim\normalized\alarm_bell\esc50_alarm_bell_218a6463.wav
normal,fsd50k_alarm_bell_b9018f3e,alarm_bell,0.1472,0.0008,siren,0.909,1.968,D:\IUH_K18\HK1N5\KLTN\audio-security-rag\data\interim\normalized\alarm_bell\fsd50k_alarm_bell_b9018f3e.wav
normal,fsd50k_alarm_bell_6dae627b,alarm_bell,0.1463,0.0003,siren,3.148,6.127,D:\IUH_K18\HK1N5\KLTN\audio-security-rag\data\interim\normalized\alarm_bell\fsd50k_alarm_bell_6dae627b.wav
normal,desed_alarm_bell_10af084e,alarm_bell,0.1436,0.0047,siren,0.0,0.315,D:\IUH_K18\HK1N5\KLTN\audio-security-rag\data\interim\normalized\alarm_bell\desed_alarm_bell_10af084e.wav
normal,desed_alarm_bell_182ba4c4,alarm_bell,0.1415,0.0373,siren,0.0,0.32,D:\IUH_K18\HK1N5\KLTN\audio-security-rag\data\interim\normalized\alarm_bell\desed_alarm_bell_182ba4c4.wav
normal,fsd50k_alarm_bell_93369369,alarm_bell,0.1402,0.0025,siren,6.67,7.73,D:\IUH_K18\HK1N5\KLTN\audio-security-rag\data\interim\normalized\alarm_bell\fsd50k_alarm_bell_93369369.wav
normal,fsd50k_alarm_bell_207a8986,alarm_bell,0.1342,0.0002,siren,2.83,4.529,D:\IUH_K18\HK1N5\KLTN\audio-security-rag\data\interim\normalized\alarm_bell\fsd50k_alarm_bell_207a8986.wav
normal,fsd50k_alarm_bell_a9059f83,alarm_bell,0.1331,0.0012,siren,0.0,0.469,D:\IUH_K18\HK1N5\KLTN\audio-security-rag\data\interim\normalized\alarm_bell\fsd50k_alarm_bell_a9059f83.wav
normal,fsd50k_alarm_bell_dbf15c64,alarm_bell,0.132,0.0011,siren,0.0,1.01,D:\IUH_K18\HK1N5\KLTN\audio-security-rag\data\interim\normalized\alarm_bell\fsd50k_alarm_bell_dbf15c64.wav
normal,desed_alarm_bell_5789beb0,alarm_bell,0.1313,0.001,siren,0.0,0.486,D:\IUH_K18\HK1N5\KLTN\audio-security-rag\data\interim\normalized\alarm_bell\desed_alarm_bell_5789beb0.wav
normal,fsd50k_alarm_bell_fcedff7e,alarm_bell,0.1264,0.0008,siren,0.59,1.969,D:\IUH_K18\HK1N5\KLTN\audio-security-rag\data\interim\normalized\alarm_bell\fsd50k_alarm_bell_fcedff7e.wav
normal,fsd50k_alarm_bell_3b32df10,alarm_bell,0.1261,0.0062,siren,5.388,6.448,D:\IUH_K18\HK1N5\KLTN\audio-security-rag\data\interim\normalized\alarm_bell\fsd50k_alarm_bell_3b32df10.wav
normal,desed_alarm_bell_097d4455,alarm_bell,0.1218,0.0002,siren,0.269,1.647,D:\IUH_K18\HK1N5\KLTN\audio-security-rag\data\interim\normalized\alarm_bell\desed_alarm_bell_097d4455.wav
normal,fsd50k_alarm_bell_92880d9f,alarm_bell,0.1215,0.0005,siren,2.19,3.25,D:\IUH_K18\HK1N5\KLTN\audio-security-rag\data\interim\normalized\alarm_bell\fsd50k_alarm_bell_92880d9f.wav
normal,fsd50k_alarm_bell_142fa174,alarm_bell,0.1196,0.0001,siren,3.467,4.526,D:\IUH_K18\HK1N5\KLTN\audio-security-rag\data\interim\normalized\alarm_bell\fsd50k_alarm_bell_142fa174.wav
normal,fsd50k_alarm_bell_7fe0e186,alarm_bell,0.1193,0.0002,siren,2.83,3.57,D:\IUH_K18\HK1N5\KLTN\audio-security-rag\data\interim\normalized\alarm_bell\fsd50k_alarm_bell_7fe0e186.wav
normal,fsd50k_alarm_bell_77dd97c5,alarm_bell,0.1174,0.0004,siren,0.0,0.69,D:\IUH_K18\HK1N5\KLTN\audio-security-rag\data\interim\normalized\alarm_bell\fsd50k_alarm_bell_77dd97c5.wav
normal,fsd50k_alarm_bell_69890917,alarm_bell,0.116,0.0022,siren,1.23,2.289,D:\IUH_K18\HK1N5\KLTN\audio-security-rag\data\interim\normalized\alarm_bell\fsd50k_alarm_bell_69890917.wav
normal,fsd50k_alarm_bell_b08bed87,alarm_bell,0.1157,0.0042,siren,0.0,0.69,D:\IUH_K18\HK1N5\KLTN\audio-security-rag\data\interim\normalized\alarm_bell\fsd50k_alarm_bell_b08bed87.wav
normal,fsd50k_alarm_bell_45d660fc,alarm_bell,0.1155,0.0003,siren,0.0,0.687,D:\IUH_K18\HK1N5\KLTN\audio-security-rag\data\interim\normalized\alarm_bell\fsd50k_alarm_bell_45d660fc.wav
normal,fsd50k_alarm_bell_33c37548,alarm_bell,0.1147,0.0021,siren,6.029,8.369,D:\IUH_K18\HK1N5\KLTN\audio-security-rag\data\interim\normalized\alarm_bell\fsd50k_alarm_bell_33c37548.wav
normal,fsd50k_alarm_bell_6fd3f5ed,alarm_bell,0.1144,0.0002,siren,0.0,1.329,D:\IUH_K18\HK1N5\KLTN\audio-security-rag\data\interim\normalized\alarm_bell\fsd50k_alarm_bell_6fd3f5ed.wav
normal,desed_alarm_bell_355fa571,alarm_bell,0.1137,0.0023,siren,0.0,0.32,D:\IUH_K18\HK1N5\KLTN\audio-security-rag\data\interim\normalized\alarm_bell\desed_alarm_bell_355fa571.wav
normal,fsd50k_alarm_bell_646275c6,alarm_bell,0.1126,0.0044,siren,0.0,0.689,D:\IUH_K18\HK1N5\KLTN\audio-security-rag\data\interim\normalized\alarm_bell\fsd50k_alarm_bell_646275c6.wav
normal,fsd50k_alarm_bell_539f277d,alarm_bell,0.1123,0.0013,siren,3.147,4.526,D:\IUH_K18\HK1N5\KLTN\audio-security-rag\data\interim\normalized\alarm_bell\fsd50k_alarm_bell_539f277d.wav
normal,fsd50k_alarm_bell_6c9e8e61,alarm_bell,0.1119,0.0018,siren,3.148,4.527,D:\IUH_K18\HK1N5\KLTN\audio-security-rag\data\interim\normalized\alarm_bell\fsd50k_alarm_bell_6c9e8e61.wav
normal,fsd50k_alarm_bell_715222c4,alarm_bell,0.1117,0.0016,siren,0.0,1.108,D:\IUH_K18\HK1N5\KLTN\audio-security-rag\data\interim\normalized\alarm_bell\fsd50k_alarm_bell_715222c4.wav
normal,fsd50k_alarm_bell_09d8215b,alarm_bell,0.111,0.0002,siren,5.388,7.407,D:\IUH_K18\HK1N5\KLTN\audio-security-rag\data\interim\normalized\alarm_bell\fsd50k_alarm_bell_09d8215b.wav
normal,fsd50k_alarm_bell_c0225163,alarm_bell,0.1101,0.0004,siren,3.147,4.845,D:\IUH_K18\HK1N5\KLTN\audio-security-rag\data\interim\normalized\alarm_bell\fsd50k_alarm_bell_c0225163.wav
normal,desed_alarm_bell_c7140117,alarm_bell,0.1088,0.0043,siren,0.0,0.304,D:\IUH_K18\HK1N5\KLTN\audio-security-rag\data\interim\normalized\alarm_bell\desed_alarm_bell_c7140117.wav
normal,fsd50k_alarm_bell_3bc6ab9f,alarm_bell,0.1073,0.003,siren,0.0,0.687,D:\IUH_K18\HK1N5\KLTN\audio-security-rag\data\interim\normalized\alarm_bell\fsd50k_alarm_bell_3bc6ab9f.wav
normal,fsd50k_alarm_bell_1f1c8dd7,alarm_bell,0.1065,0.0006,siren,0.269,1.007,D:\IUH_K18\HK1N5\KLTN\audio-security-rag\data\interim\normalized\alarm_bell\fsd50k_alarm_bell_1f1c8dd7.wav
normal,fsd50k_alarm_bell_4f063a65,alarm_bell,0.1062,0.0005,siren,3.147,6.763,D:\IUH_K18\HK1N5\KLTN\audio-security-rag\data\interim\normalized\alarm_bell\fsd50k_alarm_bell_4f063a65.wav
normal,fsd50k_alarm_bell_3830cd9d,alarm_bell,0.1052,0.0005,siren,4.746,5.805,D:\IUH_K18\HK1N5\KLTN\audio-security-rag\data\interim\normalized\alarm_bell\fsd50k_alarm_bell_3830cd9d.wav
normal,fsd50k_alarm_bell_8f792f08,alarm_bell,0.1048,0.0001,siren,1.869,4.209,D:\IUH_K18\HK1N5\KLTN\audio-security-rag\data\interim\normalized\alarm_bell\fsd50k_alarm_bell_8f792f08.wav
normal,fsd50k_alarm_bell_b939854e,alarm_bell,0.1022,0.0014,siren,0.0,1.33,D:\IUH_K18\HK1N5\KLTN\audio-security-rag\data\interim\normalized\alarm_bell\fsd50k_alarm_bell_b939854e.wav
normal,desed_alarm_bell_b9bc75ff,alarm_bell,0.0993,0.0004,siren,0.0,0.535,D:\IUH_K18\HK1N5\KLTN\audio-security-rag\data\interim\normalized\alarm_bell\desed_alarm_bell_b9bc75ff.wav
normal,fsd50k_alarm_bell_6cb9ceb5,alarm_bell,0.0972,0.0006,siren,3.468,5.167,D:\IUH_K18\HK1N5\KLTN\audio-security-rag\data\interim\normalized\alarm_bell\fsd50k_alarm_bell_6cb9ceb5.wav
normal,fsd50k_alarm_bell_aaefbaf0,alarm_bell,0.0953,0.0021,siren,0.0,1.008,D:\IUH_K18\HK1N5\KLTN\audio-security-rag\data\interim\normalized\alarm_bell\fsd50k_alarm_bell_aaefbaf0.wav
normal,fsd50k_alarm_bell_dc26a804,alarm_bell,0.0951,0.0007,siren,6.028,7.408,D:\IUH_K18\HK1N5\KLTN\audio-security-rag\data\interim\normalized\alarm_bell\fsd50k_alarm_bell_dc26a804.wav
normal,fsd50k_alarm_bell_ba67269d,alarm_bell,0.0949,0.0023,siren,0.589,1.678,D:\IUH_K18\HK1N5\KLTN\audio-security-rag\data\interim\normalized\alarm_bell\fsd50k_alarm_bell_ba67269d.wav
normal,fsd50k_alarm_bell_1e91d671,alarm_bell,0.0943,0.0021,siren,0.0,1.009,D:\IUH_K18\HK1N5\KLTN\audio-security-rag\data\interim\normalized\alarm_bell\fsd50k_alarm_bell_1e91d671.wav
normal,fsd50k_alarm_bell_7f65acc0,alarm_bell,0.0929,0.0024,siren,3.148,5.167,D:\IUH_K18\HK1N5\KLTN\audio-security-rag\data\interim\normalized\alarm_bell\fsd50k_alarm_bell_7f65acc0.wav
normal,esc50_alarm_bell_9e45012b,alarm_bell,0.0913,0.0016,siren,0.269,2.924,D:\IUH_K18\HK1N5\KLTN\audio-security-rag\data\interim\normalized\alarm_bell\esc50_alarm_bell_9e45012b.wav
normal,desed_alarm_bell_2c424415,alarm_bell,0.0906,0.033,siren,0.0,0.32,D:\IUH_K18\HK1N5\KLTN\audio-security-rag\data\interim\normalized\alarm_bell\desed_alarm_bell_2c424415.wav
normal,fsd50k_alarm_bell_baa7c92c,alarm_bell,0.0895,0.0004,siren,0.59,3.248,D:\IUH_K18\HK1N5\KLTN\audio-security-rag\data\interim\normalized\alarm_bell\fsd50k_alarm_bell_baa7c92c.wav
normal,fsd50k_alarm_bell_847e2c10,alarm_bell,0.0881,0.0009,siren,0.0,1.009,D:\IUH_K18\HK1N5\KLTN\audio-security-rag\data\interim\normalized\alarm_bell\fsd50k_alarm_bell_847e2c10.wav
normal,fsd50k_alarm_bell_608c2114,alarm_bell,0.0879,0.0006,siren,2.187,4.204,D:\IUH_K18\HK1N5\KLTN\audio-security-rag\data\interim\normalized\alarm_bell\fsd50k_alarm_bell_608c2114.wav
normal,fsd50k_alarm_bell_08c32526,alarm_bell,0.0877,0.0003,siren,0.27,1.649,D:\IUH_K18\HK1N5\KLTN\audio-security-rag\data\interim\normalized\alarm_bell\fsd50k_alarm_bell_08c32526.wav
normal,fsd50k_alarm_bell_da075e44,alarm_bell,0.0875,0.0007,siren,0.0,1.008,D:\IUH_K18\HK1N5\KLTN\audio-security-rag\data\interim\normalized\alarm_bell\fsd50k_alarm_bell_da075e44.wav
normal,fsd50k_alarm_bell_10e149f9,alarm_bell,0.0872,0.0008,siren,0.0,1.01,D:\IUH_K18\HK1N5\KLTN\audio-security-rag\data\interim\normalized\alarm_bell\fsd50k_alarm_bell_10e149f9.wav
normal,fsd50k_alarm_bell_912d6657,alarm_bell,0.0868,0.0004,siren,0.0,0.687,D:\IUH_K18\HK1N5\KLTN\audio-security-rag\data\interim\normalized\alarm_bell\fsd50k_alarm_bell_912d6657.wav
normal,fsd50k_alarm_bell_b8791fe0,alarm_bell,0.0864,0.0003,siren,0.589,1.327,D:\IUH_K18\HK1N5\KLTN\audio-security-rag\data\interim\normalized\alarm_bell\fsd50k_alarm_bell_b8791fe0.wav
normal,desed_alarm_bell_5b9e6bd8,alarm_bell,0.0863,0.0045,siren,0.0,0.315,D:\IUH_K18\HK1N5\KLTN\audio-security-rag\data\interim\normalized\alarm_bell\desed_alarm_bell_5b9e6bd8.wav
normal,fsd50k_alarm_bell_660cebb2,alarm_bell,0.0859,0.0001,siren,1.549,2.609,D:\IUH_K18\HK1N5\KLTN\audio-security-rag\data\interim\normalized\alarm_bell\fsd50k_alarm_bell_660cebb2.wav
normal,fsd50k_alarm_bell_2f41f01c,alarm_bell,0.0854,0.0005,siren,0.0,1.01,D:\IUH_K18\HK1N5\KLTN\audio-security-rag\data\interim\normalized\alarm_bell\fsd50k_alarm_bell_2f41f01c.wav
normal,fsd50k_alarm_bell_bcd804b3,alarm_bell,0.084,0.0001,siren,0.588,1.646,D:\IUH_K18\HK1N5\KLTN\audio-security-rag\data\interim\normalized\alarm_bell\fsd50k_alarm_bell_bcd804b3.wav
normal,fsd50k_alarm_bell_cbd8f5f7,alarm_bell,0.0818,0.0006,siren,1.87,3.57,D:\IUH_K18\HK1N5\KLTN\audio-security-rag\data\interim\normalized\alarm_bell\fsd50k_alarm_bell_cbd8f5f7.wav
normal,desed_alarm_bell_4c60bea6,alarm_bell,0.081,0.0008,siren,0.0,1.009,D:\IUH_K18\HK1N5\KLTN\audio-security-rag\data\interim\normalized\alarm_bell\desed_alarm_bell_4c60bea6.wav
normal,fsd50k_alarm_bell_d9dc3c4a,alarm_bell,0.0806,0.0001,siren,0.59,1.329,D:\IUH_K18\HK1N5\KLTN\audio-security-rag\data\interim\normalized\alarm_bell\fsd50k_alarm_bell_d9dc3c4a.wav
normal,fsd50k_alarm_bell_9184677b,alarm_bell,0.0804,0.0043,siren,0.0,1.023,D:\IUH_K18\HK1N5\KLTN\audio-security-rag\data\interim\normalized\alarm_bell\fsd50k_alarm_bell_9184677b.wav
normal,esc50_alarm_bell_2e28b25e,alarm_bell,0.0792,0.0013,siren,2.505,3.563,D:\IUH_K18\HK1N5\KLTN\audio-security-rag\data\interim\normalized\alarm_bell\esc50_alarm_bell_2e28b25e.wav
normal,fsd50k_alarm_bell_713f1932,alarm_bell,0.079,0.0018,siren,0.0,1.104,D:\IUH_K18\HK1N5\KLTN\audio-security-rag\data\interim\normalized\alarm_bell\fsd50k_alarm_bell_713f1932.wav
normal,fsd50k_alarm_bell_177d6683,alarm_bell,0.0783,0.0006,siren,0.0,1.006,D:\IUH_K18\HK1N5\KLTN\audio-security-rag\data\interim\normalized\alarm_bell\fsd50k_alarm_bell_177d6683.wav
normal,fsd50k_alarm_bell_346a8e18,alarm_bell,0.0772,0.0006,siren,0.266,0.682,D:\IUH_K18\HK1N5\KLTN\audio-security-rag\data\interim\normalized\alarm_bell\fsd50k_alarm_bell_346a8e18.wav
normal,fsd50k_alarm_bell_81c84516,alarm_bell,0.077,0.0005,siren,0.0,0.689,D:\IUH_K18\HK1N5\KLTN\audio-security-rag\data\interim\normalized\alarm_bell\fsd50k_alarm_bell_81c84516.wav
normal,fsd50k_alarm_bell_c7ae4bce,alarm_bell,0.0757,0.0008,siren,3.785,6.122,D:\IUH_K18\HK1N5\KLTN\audio-security-rag\data\interim\normalized\alarm_bell\fsd50k_alarm_bell_c7ae4bce.wav
normal,fsd50k_alarm_bell_02c1e0e6,alarm_bell,0.0744,0.0029,siren,0.27,1.328,D:\IUH_K18\HK1N5\KLTN\audio-security-rag\data\interim\normalized\alarm_bell\fsd50k_alarm_bell_02c1e0e6.wav
normal,fsd50k_alarm_bell_663c91a8,alarm_bell,0.0739,0.0003,siren,0.0,1.329,D:\IUH_K18\HK1N5\KLTN\audio-security-rag\data\interim\normalized\alarm_bell\fsd50k_alarm_bell_663c91a8.wav
normal,fsd50k_alarm_bell_9c7b3ff9,alarm_bell,0.0738,0.0013,siren,0.0,1.005,D:\IUH_K18\HK1N5\KLTN\audio-security-rag\data\interim\normalized\alarm_bell\fsd50k_alarm_bell_9c7b3ff9.wav
normal,fsd50k_alarm_bell_6934c633,alarm_bell,0.0701,0.0003,siren,0.0,1.009,D:\IUH_K18\HK1N5\KLTN\audio-security-rag\data\interim\normalized\alarm_bell\fsd50k_alarm_bell_6934c633.wav
normal,fsd50k_alarm_bell_b471f21d,alarm_bell,0.0691,0.0006,siren,0.589,1.648,D:\IUH_K18\HK1N5\KLTN\audio-security-rag\data\interim\normalized\alarm_bell\fsd50k_alarm_bell_b471f21d.wav
normal,fsd50k_alarm_bell_fb82065f,alarm_bell,0.0689,0.0008,siren,0.0,1.009,D:\IUH_K18\HK1N5\KLTN\audio-security-rag\data\interim\normalized\alarm_bell\fsd50k_alarm_bell_fb82065f.wav
normal,fsd50k_alarm_bell_ffa18004,alarm_bell,0.0688,0.0029,siren,2.503,3.561,D:\IUH_K18\HK1N5\KLTN\audio-security-rag\data\interim\normalized\alarm_bell\fsd50k_alarm_bell_ffa18004.wav
normal,fsd50k_alarm_bell_949aaf58,alarm_bell,0.0682,0.0007,siren,0.0,1.008,D:\IUH_K18\HK1N5\KLTN\audio-security-rag\data\interim\normalized\alarm_bell\fsd50k_alarm_bell_949aaf58.wav
normal,fsd50k_alarm_bell_44a6f795,alarm_bell,0.0681,0.0006,siren,0.588,1.644,D:\IUH_K18\HK1N5\KLTN\audio-security-rag\data\interim\normalized\alarm_bell\fsd50k_alarm_bell_44a6f795.wav
normal,fsd50k_alarm_bell_8d4de89e,alarm_bell,0.068,0.0009,siren,0.0,1.01,D:\IUH_K18\HK1N5\KLTN\audio-security-rag\data\interim\normalized\alarm_bell\fsd50k_alarm_bell_8d4de89e.wav
normal,fsd50k_alarm_bell_19fc3d33,alarm_bell,0.0678,0.0004,siren,0.0,1.009,D:\IUH_K18\HK1N5\KLTN\audio-security-rag\data\interim\normalized\alarm_bell\fsd50k_alarm_bell_19fc3d33.wav
normal,fsd50k_alarm_bell_b65eba67,alarm_bell,0.0676,0.0007,siren,0.0,1.008,D:\IUH_K18\HK1N5\KLTN\audio-security-rag\data\interim\normalized\alarm_bell\fsd50k_alarm_bell_b65eba67.wav
normal,desed_alarm_bell_fb89116a,alarm_bell,0.0658,0.0309,siren,0.0,0.32,D:\IUH_K18\HK1N5\KLTN\audio-security-rag\data\interim\normalized\alarm_bell\desed_alarm_bell_fb89116a.wav
normal,fsd50k_alarm_bell_3bdd4c95,alarm_bell,0.0655,0.0006,siren,0.906,1.723,D:\IUH_K18\HK1N5\KLTN\audio-security-rag\data\interim\normalized\alarm_bell\fsd50k_alarm_bell_3bdd4c95.wav
normal,fsd50k_alarm_bell_572f8cd8,alarm_bell,0.0653,0.0001,siren,0.59,1.65,D:\IUH_K18\HK1N5\KLTN\audio-security-rag\data\interim\normalized\alarm_bell\fsd50k_alarm_bell_572f8cd8.wav
normal,fsd50k_alarm_bell_31e9a82e,alarm_bell,0.0649,0.0004,siren,0.0,0.688,D:\IUH_K18\HK1N5\KLTN\audio-security-rag\data\interim\normalized\alarm_bell\fsd50k_alarm_bell_31e9a82e.wav
normal,fsd50k_alarm_bell_948c414c,alarm_bell,0.0648,0.0005,siren,0.0,0.882,D:\IUH_K18\HK1N5\KLTN\audio-security-rag\data\interim\normalized\alarm_bell\fsd50k_alarm_bell_948c414c.wav
normal,esc50_alarm_bell_403a522c,alarm_bell,0.0638,0.0136,siren,0.0,1.008,D:\IUH_K18\HK1N5\KLTN\audio-security-rag\data\interim\normalized\alarm_bell\esc50_alarm_bell_403a522c.wav
normal,fsd50k_alarm_bell_963cbc4f,alarm_bell,0.0617,0.0001,siren,2.509,4.529,D:\IUH_K18\HK1N5\KLTN\audio-security-rag\data\interim\normalized\alarm_bell\fsd50k_alarm_bell_963cbc4f.wav
normal,desed_alarm_bell_8b2a67c7,alarm_bell,0.0612,0.0006,siren,0.0,1.646,D:\IUH_K18\HK1N5\KLTN\audio-security-rag\data\interim\normalized\alarm_bell\desed_alarm_bell_8b2a67c7.wav
normal,desed_alarm_bell_2f675ca9,alarm_bell,0.059,0.0009,siren,0.0,0.689,D:\IUH_K18\HK1N5\KLTN\audio-security-rag\data\interim\normalized\alarm_bell\desed_alarm_bell_2f675ca9.wav
normal,fsd50k_alarm_bell_629f1423,alarm_bell,0.0589,0.0002,siren,0.0,1.008,D:\IUH_K18\HK1N5\KLTN\audio-security-rag\data\interim\normalized\alarm_bell\fsd50k_alarm_bell_629f1423.wav
normal,fsd50k_alarm_bell_5d2bb1ce,alarm_bell,0.0584,0.0002,siren,0.0,0.689,D:\IUH_K18\HK1N5\KLTN\audio-security-rag\data\interim\normalized\alarm_bell\fsd50k_alarm_bell_5d2bb1ce.wav
normal,fsd50k_alarm_bell_fc1716fa,alarm_bell,0.0583,0.0169,siren,0.0,1.009,D:\IUH_K18\HK1N5\KLTN\audio-security-rag\data\interim\normalized\alarm_bell\fsd50k_alarm_bell_fc1716fa.wav
normal,fsd50k_alarm_bell_669691e6,alarm_bell,0.0574,0.0002,siren,8.59,9.97,D:\IUH_K18\HK1N5\KLTN\audio-security-rag\data\interim\normalized\alarm_bell\fsd50k_alarm_bell_669691e6.wav
normal,fsd50k_alarm_bell_f3d4d36c,alarm_bell,0.0572,0.0003,siren,2.51,4.53,D:\IUH_K18\HK1N5\KLTN\audio-security-rag\data\interim\normalized\alarm_bell\fsd50k_alarm_bell_f3d4d36c.wav
normal,fsd50k_alarm_bell_c6b95d61,alarm_bell,0.0556,0.0016,siren,6.985,7.805,D:\IUH_K18\HK1N5\KLTN\audio-security-rag\data\interim\normalized\alarm_bell\fsd50k_alarm_bell_c6b95d61.wav
normal,fsd50k_alarm_bell_d2e488da,alarm_bell,0.0556,0.0005,siren,0.269,1.326,D:\IUH_K18\HK1N5\KLTN\audio-security-rag\data\interim\normalized\alarm_bell\fsd50k_alarm_bell_d2e488da.wav
normal,fsd50k_alarm_bell_e32905d4,alarm_bell,0.0555,0.0019,siren,0.0,1.329,D:\IUH_K18\HK1N5\KLTN\audio-security-rag\data\interim\normalized\alarm_bell\fsd50k_alarm_bell_e32905d4.wav
normal,desed_alarm_bell_90839037,alarm_bell,0.0542,0.0007,siren,0.59,1.969,D:\IUH_K18\HK1N5\KLTN\audio-security-rag\data\interim\normalized\alarm_bell\desed_alarm_bell_90839037.wav
normal,fsd50k_alarm_bell_3351359a,alarm_bell,0.0537,0.0008,siren,0.0,3.246,D:\IUH_K18\HK1N5\KLTN\audio-security-rag\data\interim\normalized\alarm_bell\fsd50k_alarm_bell_3351359a.wav
normal,desed_alarm_bell_3c701262,alarm_bell,0.0534,0.0007,siren,0.0,1.648,D:\IUH_K18\HK1N5\KLTN\audio-security-rag\data\interim\normalized\alarm_bell\desed_alarm_bell_3c701262.wav
normal,desed_alarm_bell_fe313670,alarm_bell,0.052,0.0007,siren,0.59,1.969,D:\IUH_K18\HK1N5\KLTN\audio-security-rag\data\interim\normalized\alarm_bell\desed_alarm_bell_fe313670.wav
normal,fsd50k_alarm_bell_6a64206a,alarm_bell,0.0516,0.0002,siren,0.0,1.009,D:\IUH_K18\HK1N5\KLTN\audio-security-rag\data\interim\normalized\alarm_bell\fsd50k_alarm_bell_6a64206a.wav
normal,fsd50k_alarm_bell_5a968bc2,alarm_bell,0.0507,0.0009,siren,0.589,1.008,D:\IUH_K18\HK1N5\KLTN\audio-security-rag\data\interim\normalized\alarm_bell\fsd50k_alarm_bell_5a968bc2.wav
normal,fsd50k_alarm_bell_fb821064,alarm_bell,0.0504,0.0004,siren,2.188,3.247,D:\IUH_K18\HK1N5\KLTN\audio-security-rag\data\interim\normalized\alarm_bell\fsd50k_alarm_bell_fb821064.wav
normal,fsd50k_applause_cheering_6c08ee87,applause_cheering,0.2918,0.0006,shout_yell,3.47,5.17,D:\IUH_K18\HK1N5\KLTN\audio-security-rag\data\interim\normalized\applause_cheering\fsd50k_applause_cheering_6c08ee87.wav
normal,fsd50k_applause_cheering_e9759a04,applause_cheering,0.2807,0.0003,shout_yell,1.869,8.047,D:\IUH_K18\HK1N5\KLTN\audio-security-rag\data\interim\normalized\applause_cheering\fsd50k_applause_cheering_e9759a04.wav
normal,esc50_applause_cheering_f385093d,applause_cheering,0.2795,0.0004,shout_yell,0.908,2.924,D:\IUH_K18\HK1N5\KLTN\audio-security-rag\data\interim\normalized\applause_cheering\esc50_applause_cheering_f385093d.wav
normal,fsd50k_applause_cheering_91344410,applause_cheering,0.2715,0.0005,shout_yell,2.19,4.21,D:\IUH_K18\HK1N5\KLTN\audio-security-rag\data\interim\normalized\applause_cheering\fsd50k_applause_cheering_91344410.wav
normal,fsd50k_applause_cheering_07f7fd8c,applause_cheering,0.2706,0.083,scream,0.27,1.329,D:\IUH_K18\HK1N5\KLTN\audio-security-rag\data\interim\normalized\applause_cheering\fsd50k_applause_cheering_07f7fd8c.wav
normal,fsd50k_applause_cheering_0c53e653,applause_cheering,0.2368,0.0009,shout_yell,2.189,4.529,D:\IUH_K18\HK1N5\KLTN\audio-security-rag\data\interim\normalized\applause_cheering\fsd50k_applause_cheering_0c53e653.wav
normal,esc50_applause_cheering_ecaafbc5,applause_cheering,0.226,0.0016,scream,0.589,2.286,D:\IUH_K18\HK1N5\KLTN\audio-security-rag\data\interim\normalized\applause_cheering\esc50_applause_cheering_ecaafbc5.wav
normal,fsd50k_applause_cheering_f764db34,applause_cheering,0.2015,0.0005,shout_yell,0.27,3.25,D:\IUH_K18\HK1N5\KLTN\audio-security-rag\data\interim\normalized\applause_cheering\fsd50k_applause_cheering_f764db34.wav
normal,esc50_applause_cheering_541bf9f0,applause_cheering,0.1866,0.0009,shout_yell,1.547,2.924,D:\IUH_K18\HK1N5\KLTN\audio-security-rag\data\interim\normalized\applause_cheering\esc50_applause_cheering_541bf9f0.wav
normal,fsd50k_applause_cheering_9b37ee40,applause_cheering,0.1854,0.0007,scream,4.108,7.726,D:\IUH_K18\HK1N5\KLTN\audio-security-rag\data\interim\normalized\applause_cheering\fsd50k_applause_cheering_9b37ee40.wav
normal,fsd50k_applause_cheering_d300ea48,applause_cheering,0.1792,0.0008,shout_yell,0.908,2.605,D:\IUH_K18\HK1N5\KLTN\audio-security-rag\data\interim\normalized\applause_cheering\fsd50k_applause_cheering_d300ea48.wav
normal,esc50_applause_cheering_481d063f,applause_cheering,0.1757,0.0016,shout_yell,0.589,2.286,D:\IUH_K18\HK1N5\KLTN\audio-security-rag\data\interim\normalized\applause_cheering\esc50_applause_cheering_481d063f.wav
normal,esc50_applause_cheering_b87d3085,applause_cheering,0.1721,0.0017,shout_yell,2.186,3.563,D:\IUH_K18\HK1N5\KLTN\audio-security-rag\data\interim\normalized\applause_cheering\esc50_applause_cheering_b87d3085.wav
normal,fsd50k_applause_cheering_bc3b1cb4,applause_cheering,0.1641,0.0005,shout_yell,2.19,4.529,D:\IUH_K18\HK1N5\KLTN\audio-security-rag\data\interim\normalized\applause_cheering\fsd50k_applause_cheering_bc3b1cb4.wav
normal,fsd50k_applause_cheering_7ba98a42,applause_cheering,0.1585,0.1063,scream,9.549,10.609,D:\IUH_K18\HK1N5\KLTN\audio-security-rag\data\interim\normalized\applause_cheering\fsd50k_applause_cheering_7ba98a42.wav
normal,fsd50k_applause_cheering_a87f1954,applause_cheering,0.1533,0.0022,shout_yell,1.23,4.529,D:\IUH_K18\HK1N5\KLTN\audio-security-rag\data\interim\normalized\applause_cheering\fsd50k_applause_cheering_a87f1954.wav
normal,fsd50k_applause_cheering_d0a5af4d,applause_cheering,0.1447,0.0493,scream,0.27,3.887,D:\IUH_K18\HK1N5\KLTN\audio-security-rag\data\interim\normalized\applause_cheering\fsd50k_applause_cheering_d0a5af4d.wav
normal,esc50_applause_cheering_c8ddf769,applause_cheering,0.1321,0.0012,scream,0.0,0.689,D:\IUH_K18\HK1N5\KLTN\audio-security-rag\data\interim\normalized\applause_cheering\esc50_applause_cheering_c8ddf769.wav
normal,fsd50k_applause_cheering_b70e0585,applause_cheering,0.1268,0.0004,shout_yell,1.869,3.248,D:\IUH_K18\HK1N5\KLTN\audio-security-rag\data\interim\normalized\applause_cheering\fsd50k_applause_cheering_b70e0585.wav
normal,fsd50k_applause_cheering_fde1b8d3,applause_cheering,0.1226,0.0787,scream,2.189,3.569,D:\IUH_K18\HK1N5\KLTN\audio-security-rag\data\interim\normalized\applause_cheering\fsd50k_applause_cheering_fde1b8d3.wav
normal,esc50_applause_cheering_1674d1ae,applause_cheering,0.1209,0.0025,shout_yell,2.186,4.521,D:\IUH_K18\HK1N5\KLTN\audio-security-rag\data\interim\normalized\applause_cheering\esc50_applause_cheering_1674d1ae.wav
normal,esc50_applause_cheering_af85ee4f,applause_cheering,0.1014,0.0013,shout_yell,0.0,1.966,D:\IUH_K18\HK1N5\KLTN\audio-security-rag\data\interim\normalized\applause_cheering\esc50_applause_cheering_af85ee4f.wav
normal,fsd50k_applause_cheering_6c8cecee,applause_cheering,0.1006,0.0129,scream,3.789,5.169,D:\IUH_K18\HK1N5\KLTN\audio-security-rag\data\interim\normalized\applause_cheering\fsd50k_applause_cheering_6c8cecee.wav
normal,esc50_applause_cheering_8ed0886b,applause_cheering,0.0954,0.0003,shout_yell,3.144,5.0,D:\IUH_K18\HK1N5\KLTN\audio-security-rag\data\interim\normalized\applause_cheering\esc50_applause_cheering_8ed0886b.wav
normal,fsd50k_applause_cheering_966dc69e,applause_cheering,0.0763,0.0002,shout_yell,8.589,10.609,D:\IUH_K18\HK1N5\KLTN\audio-security-rag\data\interim\normalized\applause_cheering\fsd50k_applause_cheering_966dc69e.wav
normal,fsd50k_applause_cheering_f87a9898,applause_cheering,0.0734,0.0644,shout_yell,0.0,2.927,D:\IUH_K18\HK1N5\KLTN\audio-security-rag\data\interim\normalized\applause_cheering\fsd50k_applause_cheering_f87a9898.wav
normal,fsd50k_applause_cheering_3e7c8403,applause_cheering,0.0691,0.0109,shout_yell,2.509,4.528,D:\IUH_K18\HK1N5\KLTN\audio-security-rag\data\interim\normalized\applause_cheering\fsd50k_applause_cheering_3e7c8403.wav
normal,fsd50k_applause_cheering_b40355ee,applause_cheering,0.0676,0.0003,shout_yell,3.148,5.486,D:\IUH_K18\HK1N5\KLTN\audio-security-rag\data\interim\normalized\applause_cheering\fsd50k_applause_cheering_b40355ee.wav
normal,esc50_applause_cheering_2b6ec14a,applause_cheering,0.0669,0.0002,shout_yell,0.589,3.563,D:\IUH_K18\HK1N5\KLTN\audio-security-rag\data\interim\normalized\applause_cheering\esc50_applause_cheering_2b6ec14a.wav
normal,fsd50k_applause_cheering_11e6a8d9,applause_cheering,0.0661,0.006,shout_yell,0.0,1.328,D:\IUH_K18\HK1N5\KLTN\audio-security-rag\data\interim\normalized\applause_cheering\fsd50k_applause_cheering_11e6a8d9.wav
normal,fsd50k_applause_cheering_a34396d6,applause_cheering,0.062,0.0257,shout_yell,0.0,0.687,D:\IUH_K18\HK1N5\KLTN\audio-security-rag\data\interim\normalized\applause_cheering\fsd50k_applause_cheering_a34396d6.wav
normal,esc50_applause_cheering_3addc067,applause_cheering,0.0507,0.0003,shout_yell,1.866,3.563,D:\IUH_K18\HK1N5\KLTN\audio-security-rag\data\interim\normalized\applause_cheering\esc50_applause_cheering_3addc067.wav
normal,fsd50k_door_slam_c62137e7,door_slam,0.2942,0.0981,object_drop_dishes,0.0,0.684,D:\IUH_K18\HK1N5\KLTN\audio-security-rag\data\interim\normalized\door_slam\fsd50k_door_slam_c62137e7.wav
normal,fsd50k_door_slam_4b3bc73b,door_slam,0.2795,0.0208,object_drop_dishes,0.0,0.686,D:\IUH_K18\HK1N5\KLTN\audio-security-rag\data\interim\normalized\door_slam\fsd50k_door_slam_4b3bc73b.wav
normal,fsd50k_door_slam_25a04a34,door_slam,0.2794,0.0013,object_drop_dishes,0.0,1.046,D:\IUH_K18\HK1N5\KLTN\audio-security-rag\data\interim\normalized\door_slam\fsd50k_door_slam_25a04a34.wav
normal,fsd50k_door_slam_bc113e45,door_slam,0.2746,0.0041,object_drop_dishes,0.0,1.101,D:\IUH_K18\HK1N5\KLTN\audio-security-rag\data\interim\normalized\door_slam\fsd50k_door_slam_bc113e45.wav
normal,fsd50k_door_slam_efd73a82,door_slam,0.2719,0.03,object_drop_dishes,0.0,1.235,D:\IUH_K18\HK1N5\KLTN\audio-security-rag\data\interim\normalized\door_slam\fsd50k_door_slam_efd73a82.wav
normal,fsd50k_door_slam_a9bbb038,door_slam,0.269,0.0038,object_drop_dishes,0.27,1.009,D:\IUH_K18\HK1N5\KLTN\audio-security-rag\data\interim\normalized\door_slam\fsd50k_door_slam_a9bbb038.wav
normal,fsd50k_door_slam_ced26757,door_slam,0.262,0.0036,object_drop_dishes,0.0,1.2,D:\IUH_K18\HK1N5\KLTN\audio-security-rag\data\interim\normalized\door_slam\fsd50k_door_slam_ced26757.wav
normal,fsd50k_door_slam_c139fc17,door_slam,0.2563,0.0386,object_drop_dishes,0.269,1.776,D:\IUH_K18\HK1N5\KLTN\audio-security-rag\data\interim\normalized\door_slam\fsd50k_door_slam_c139fc17.wav
normal,fsd50k_door_slam_e043be21,door_slam,0.2508,0.026,object_drop_dishes,0.0,1.007,D:\IUH_K18\HK1N5\KLTN\audio-security-rag\data\interim\normalized\door_slam\fsd50k_door_slam_e043be21.wav
normal,fsd50k_door_slam_487b43d0,door_slam,0.2498,0.0023,object_drop_dishes,3.149,4.208,D:\IUH_K18\HK1N5\KLTN\audio-security-rag\data\interim\normalized\door_slam\fsd50k_door_slam_487b43d0.wav
normal,fsd50k_door_slam_83a8fc5d,door_slam,0.2404,0.0011,object_drop_dishes,0.27,1.44,D:\IUH_K18\HK1N5\KLTN\audio-security-rag\data\interim\normalized\door_slam\fsd50k_door_slam_83a8fc5d.wav
normal,fsd50k_door_slam_7f43d4d1,door_slam,0.2371,0.0766,object_drop_dishes,0.0,0.685,D:\IUH_K18\HK1N5\KLTN\audio-security-rag\data\interim\normalized\door_slam\fsd50k_door_slam_7f43d4d1.wav
normal,fsd50k_door_slam_edd6889a,door_slam,0.2339,0.0073,object_drop_dishes,0.0,1.008,D:\IUH_K18\HK1N5\KLTN\audio-security-rag\data\interim\normalized\door_slam\fsd50k_door_slam_edd6889a.wav
normal,fsd50k_door_slam_bbf20f12,door_slam,0.231,0.025,object_drop_dishes,0.0,1.004,D:\IUH_K18\HK1N5\KLTN\audio-security-rag\data\interim\normalized\door_slam\fsd50k_door_slam_bbf20f12.wav
normal,fsd50k_door_slam_94b6f1c3,door_slam,0.2286,0.0044,object_drop_dishes,0.0,1.024,D:\IUH_K18\HK1N5\KLTN\audio-security-rag\data\interim\normalized\door_slam\fsd50k_door_slam_94b6f1c3.wav
normal,fsd50k_door_slam_e44a7390,door_slam,0.2269,0.0135,object_drop_dishes,0.0,0.69,D:\IUH_K18\HK1N5\KLTN\audio-security-rag\data\interim\normalized\door_slam\fsd50k_door_slam_e44a7390.wav
normal,fsd50k_door_slam_11b45099,door_slam,0.2258,0.0298,object_drop_dishes,0.0,0.689,D:\IUH_K18\HK1N5\KLTN\audio-security-rag\data\interim\normalized\door_slam\fsd50k_door_slam_11b45099.wav
normal,fsd50k_door_slam_35ee109c,door_slam,0.223,0.0374,object_drop_dishes,1.869,2.929,D:\IUH_K18\HK1N5\KLTN\audio-security-rag\data\interim\normalized\door_slam\fsd50k_door_slam_35ee109c.wav
normal,fsd50k_door_slam_d0576e6d,door_slam,0.2184,0.0088,object_drop_dishes,0.0,1.008,D:\IUH_K18\HK1N5\KLTN\audio-security-rag\data\interim\normalized\door_slam\fsd50k_door_slam_d0576e6d.wav
normal,fsd50k_door_slam_3201310e,door_slam,0.2161,0.0466,object_drop_dishes,0.589,1.646,D:\IUH_K18\HK1N5\KLTN\audio-security-rag\data\interim\normalized\door_slam\fsd50k_door_slam_3201310e.wav
normal,fsd50k_door_slam_3a8f2549,door_slam,0.2103,0.008,object_drop_dishes,0.0,0.853,D:\IUH_K18\HK1N5\KLTN\audio-security-rag\data\interim\normalized\door_slam\fsd50k_door_slam_3a8f2549.wav
normal,fsd50k_door_slam_83a597f5,door_slam,0.2071,0.0162,object_drop_dishes,3.466,4.525,D:\IUH_K18\HK1N5\KLTN\audio-security-rag\data\interim\normalized\door_slam\fsd50k_door_slam_83a597f5.wav
normal,fsd50k_door_slam_38f6b608,door_slam,0.2055,0.0126,object_drop_dishes,0.0,1.133,D:\IUH_K18\HK1N5\KLTN\audio-security-rag\data\interim\normalized\door_slam\fsd50k_door_slam_38f6b608.wav
normal,fsd50k_door_slam_c59d1731,door_slam,0.2022,0.0492,object_drop_dishes,0.0,1.009,D:\IUH_K18\HK1N5\KLTN\audio-security-rag\data\interim\normalized\door_slam\fsd50k_door_slam_c59d1731.wav
normal,fsd50k_door_slam_27f77354,door_slam,0.2016,0.0229,object_drop_dishes,0.906,1.913,D:\IUH_K18\HK1N5\KLTN\audio-security-rag\data\interim\normalized\door_slam\fsd50k_door_slam_27f77354.wav
normal,fsd50k_door_slam_98392fda,door_slam,0.2008,0.017,object_drop_dishes,0.0,0.509,D:\IUH_K18\HK1N5\KLTN\audio-security-rag\data\interim\normalized\door_slam\fsd50k_door_slam_98392fda.wav
normal,fsd50k_door_slam_e18e5c61,door_slam,0.1971,0.0319,object_drop_dishes,0.269,1.326,D:\IUH_K18\HK1N5\KLTN\audio-security-rag\data\interim\normalized\door_slam\fsd50k_door_slam_e18e5c61.wav
normal,fsd50k_door_slam_007f2c5b,door_slam,0.1954,0.006,object_drop_dishes,1.23,2.289,D:\IUH_K18\HK1N5\KLTN\audio-security-rag\data\interim\normalized\door_slam\fsd50k_door_slam_007f2c5b.wav
normal,fsd50k_door_slam_809260b5,door_slam,0.1885,0.0026,object_drop_dishes,0.0,1.059,D:\IUH_K18\HK1N5\KLTN\audio-security-rag\data\interim\normalized\door_slam\fsd50k_door_slam_809260b5.wav
normal,fsd50k_door_slam_394a76b5,door_slam,0.1863,0.0007,object_drop_dishes,0.0,1.009,D:\IUH_K18\HK1N5\KLTN\audio-security-rag\data\interim\normalized\door_slam\fsd50k_door_slam_394a76b5.wav
normal,fsd50k_door_slam_bd68659a,door_slam,0.1855,0.0036,object_drop_dishes,0.0,1.233,D:\IUH_K18\HK1N5\KLTN\audio-security-rag\data\interim\normalized\door_slam\fsd50k_door_slam_bd68659a.wav
normal,fsd50k_door_slam_75c51ae5,door_slam,0.1838,0.0189,object_drop_dishes,0.0,0.705,D:\IUH_K18\HK1N5\KLTN\audio-security-rag\data\interim\normalized\door_slam\fsd50k_door_slam_75c51ae5.wav
normal,fsd50k_door_slam_c043101d,door_slam,0.1831,0.0246,object_drop_dishes,0.269,0.688,D:\IUH_K18\HK1N5\KLTN\audio-security-rag\data\interim\normalized\door_slam\fsd50k_door_slam_c043101d.wav
normal,fsd50k_door_slam_4e08af2a,door_slam,0.1753,0.0065,object_drop_dishes,5.382,6.441,D:\IUH_K18\HK1N5\KLTN\audio-security-rag\data\interim\normalized\door_slam\fsd50k_door_slam_4e08af2a.wav
normal,fsd50k_door_slam_81f090ee,door_slam,0.1731,0.0109,object_drop_dishes,0.0,1.009,D:\IUH_K18\HK1N5\KLTN\audio-security-rag\data\interim\normalized\door_slam\fsd50k_door_slam_81f090ee.wav
normal,fsd50k_door_slam_153ee304,door_slam,0.1723,0.0101,object_drop_dishes,0.0,1.003,D:\IUH_K18\HK1N5\KLTN\audio-security-rag\data\interim\normalized\door_slam\fsd50k_door_slam_153ee304.wav
normal,fsd50k_door_slam_7b491ad1,door_slam,0.1645,0.0254,object_drop_dishes,0.0,0.522,D:\IUH_K18\HK1N5\KLTN\audio-security-rag\data\interim\normalized\door_slam\fsd50k_door_slam_7b491ad1.wav
normal,fsd50k_door_slam_dec3f61e,door_slam,0.1602,0.0064,object_drop_dishes,0.0,1.008,D:\IUH_K18\HK1N5\KLTN\audio-security-rag\data\interim\normalized\door_slam\fsd50k_door_slam_dec3f61e.wav
normal,fsd50k_door_slam_ae564da3,door_slam,0.1597,0.0579,object_drop_dishes,0.0,0.687,D:\IUH_K18\HK1N5\KLTN\audio-security-rag\data\interim\normalized\door_slam\fsd50k_door_slam_ae564da3.wav
normal,fsd50k_door_slam_fc5189b8,door_slam,0.1572,0.1041,object_drop_dishes,0.0,1.007,D:\IUH_K18\HK1N5\KLTN\audio-security-rag\data\interim\normalized\door_slam\fsd50k_door_slam_fc5189b8.wav
normal,fsd50k_door_slam_48108482,door_slam,0.157,0.0233,object_drop_dishes,0.907,1.645,D:\IUH_K18\HK1N5\KLTN\audio-security-rag\data\interim\normalized\door_slam\fsd50k_door_slam_48108482.wav
normal,fsd50k_door_slam_82955d7b,door_slam,0.1549,0.0376,object_drop_dishes,0.0,0.367,D:\IUH_K18\HK1N5\KLTN\audio-security-rag\data\interim\normalized\door_slam\fsd50k_door_slam_82955d7b.wav
normal,fsd50k_door_slam_62e5d19d,door_slam,0.1427,0.0644,object_drop_dishes,0.0,0.686,D:\IUH_K18\HK1N5\KLTN\audio-security-rag\data\interim\normalized\door_slam\fsd50k_door_slam_62e5d19d.wav
normal,fsd50k_door_slam_c940c64e,door_slam,0.1385,0.0817,object_drop_dishes,0.0,0.742,D:\IUH_K18\HK1N5\KLTN\audio-security-rag\data\interim\normalized\door_slam\fsd50k_door_slam_c940c64e.wav
normal,fsd50k_door_slam_de92e8d5,door_slam,0.1373,0.0043,object_drop_dishes,0.0,1.007,D:\IUH_K18\HK1N5\KLTN\audio-security-rag\data\interim\normalized\door_slam\fsd50k_door_slam_de92e8d5.wav
normal,fsd50k_door_slam_50d0667d,door_slam,0.1341,0.0168,object_drop_dishes,2.184,2.603,D:\IUH_K18\HK1N5\KLTN\audio-security-rag\data\interim\normalized\door_slam\fsd50k_door_slam_50d0667d.wav
normal,fsd50k_door_slam_f2479fff,door_slam,0.1271,0.004,object_drop_dishes,0.0,1.858,D:\IUH_K18\HK1N5\KLTN\audio-security-rag\data\interim\normalized\door_slam\fsd50k_door_slam_f2479fff.wav
normal,fsd50k_door_slam_67016da9,door_slam,0.1266,0.1066,object_drop_dishes,0.0,1.007,D:\IUH_K18\HK1N5\KLTN\audio-security-rag\data\interim\normalized\door_slam\fsd50k_door_slam_67016da9.wav
normal,fsd50k_door_slam_489a863a,door_slam,0.1264,0.0052,object_drop_dishes,0.269,1.645,D:\IUH_K18\HK1N5\KLTN\audio-security-rag\data\interim\normalized\door_slam\fsd50k_door_slam_489a863a.wav
normal,fsd50k_door_slam_2cff4391,door_slam,0.1259,0.0036,object_drop_dishes,0.588,1.646,D:\IUH_K18\HK1N5\KLTN\audio-security-rag\data\interim\normalized\door_slam\fsd50k_door_slam_2cff4391.wav
normal,fsd50k_door_slam_41131ee2,door_slam,0.1184,0.0704,object_drop_dishes,0.269,1.327,D:\IUH_K18\HK1N5\KLTN\audio-security-rag\data\interim\normalized\door_slam\fsd50k_door_slam_41131ee2.wav
normal,fsd50k_door_slam_bac31e5f,door_slam,0.117,0.0053,object_drop_dishes,0.0,0.428,D:\IUH_K18\HK1N5\KLTN\audio-security-rag\data\interim\normalized\door_slam\fsd50k_door_slam_bac31e5f.wav
normal,fsd50k_door_slam_12304f58,door_slam,0.1125,0.0178,object_drop_dishes,0.0,0.656,D:\IUH_K18\HK1N5\KLTN\audio-security-rag\data\interim\normalized\door_slam\fsd50k_door_slam_12304f58.wav
normal,fsd50k_door_slam_f5948c4c,door_slam,0.1111,0.0025,object_drop_dishes,0.0,1.327,D:\IUH_K18\HK1N5\KLTN\audio-security-rag\data\interim\normalized\door_slam\fsd50k_door_slam_f5948c4c.wav
normal,fsd50k_door_slam_bf20914c,door_slam,0.1101,0.0007,object_drop_dishes,0.908,1.965,D:\IUH_K18\HK1N5\KLTN\audio-security-rag\data\interim\normalized\door_slam\fsd50k_door_slam_bf20914c.wav
normal,fsd50k_door_slam_357ede8c,door_slam,0.1099,0.007,object_drop_dishes,0.0,1.253,D:\IUH_K18\HK1N5\KLTN\audio-security-rag\data\interim\normalized\door_slam\fsd50k_door_slam_357ede8c.wav
normal,fsd50k_door_slam_7ec63f4e,door_slam,0.1083,0.0014,object_drop_dishes,0.0,1.005,D:\IUH_K18\HK1N5\KLTN\audio-security-rag\data\interim\normalized\door_slam\fsd50k_door_slam_7ec63f4e.wav
normal,fsd50k_door_slam_4627373d,door_slam,0.1066,0.0345,object_drop_dishes,0.0,0.768,D:\IUH_K18\HK1N5\KLTN\audio-security-rag\data\interim\normalized\door_slam\fsd50k_door_slam_4627373d.wav
normal,fsd50k_door_slam_1ed145d4,door_slam,0.1055,0.075,object_drop_dishes,0.0,0.811,D:\IUH_K18\HK1N5\KLTN\audio-security-rag\data\interim\normalized\door_slam\fsd50k_door_slam_1ed145d4.wav
normal,fsd50k_door_slam_de9930c5,door_slam,0.1,0.0061,object_drop_dishes,0.0,1.277,D:\IUH_K18\HK1N5\KLTN\audio-security-rag\data\interim\normalized\door_slam\fsd50k_door_slam_de9930c5.wav
normal,fsd50k_door_slam_f0ac98a1,door_slam,0.0992,0.0003,object_drop_dishes,2.19,3.25,D:\IUH_K18\HK1N5\KLTN\audio-security-rag\data\interim\normalized\door_slam\fsd50k_door_slam_f0ac98a1.wav
normal,fsd50k_door_slam_067d6269,door_slam,0.0958,0.0071,object_drop_dishes,0.0,0.532,D:\IUH_K18\HK1N5\KLTN\audio-security-rag\data\interim\normalized\door_slam\fsd50k_door_slam_067d6269.wav
normal,fsd50k_door_slam_26061e18,door_slam,0.0948,0.091,object_drop_dishes,0.0,0.688,D:\IUH_K18\HK1N5\KLTN\audio-security-rag\data\interim\normalized\door_slam\fsd50k_door_slam_26061e18.wav
normal,fsd50k_door_slam_5e45d3af,door_slam,0.085,0.003,object_drop_dishes,4.103,4.842,D:\IUH_K18\HK1N5\KLTN\audio-security-rag\data\interim\normalized\door_slam\fsd50k_door_slam_5e45d3af.wav
normal,fsd50k_door_slam_a4bc57d2,door_slam,0.0833,0.0038,object_drop_dishes,0.0,0.688,D:\IUH_K18\HK1N5\KLTN\audio-security-rag\data\interim\normalized\door_slam\fsd50k_door_slam_a4bc57d2.wav
normal,fsd50k_door_slam_93a32130,door_slam,0.0794,0.0028,object_drop_dishes,0.0,0.475,D:\IUH_K18\HK1N5\KLTN\audio-security-rag\data\interim\normalized\door_slam\fsd50k_door_slam_93a32130.wav
normal,fsd50k_door_slam_713cb396,door_slam,0.0789,0.0266,object_drop_dishes,0.0,0.688,D:\IUH_K18\HK1N5\KLTN\audio-security-rag\data\interim\normalized\door_slam\fsd50k_door_slam_713cb396.wav
normal,fsd50k_door_slam_1a9890c1,door_slam,0.0749,0.0053,object_drop_dishes,2.187,2.926,D:\IUH_K18\HK1N5\KLTN\audio-security-rag\data\interim\normalized\door_slam\fsd50k_door_slam_1a9890c1.wav
normal,fsd50k_door_slam_d54dd4e5,door_slam,0.0719,0.004,object_drop_dishes,0.0,1.091,D:\IUH_K18\HK1N5\KLTN\audio-security-rag\data\interim\normalized\door_slam\fsd50k_door_slam_d54dd4e5.wav
normal,fsd50k_door_slam_0296ab18,door_slam,0.0706,0.001,object_drop_dishes,2.505,3.273,D:\IUH_K18\HK1N5\KLTN\audio-security-rag\data\interim\normalized\door_slam\fsd50k_door_slam_0296ab18.wav
normal,fsd50k_door_slam_dbd678ac,door_slam,0.0674,0.0029,object_drop_dishes,0.0,0.689,D:\IUH_K18\HK1N5\KLTN\audio-security-rag\data\interim\normalized\door_slam\fsd50k_door_slam_dbd678ac.wav
normal,fsd50k_door_slam_fe4b6f56,door_slam,0.066,0.0023,object_drop_dishes,0.0,1.009,D:\IUH_K18\HK1N5\KLTN\audio-security-rag\data\interim\normalized\door_slam\fsd50k_door_slam_fe4b6f56.wav
normal,fsd50k_door_slam_84816f6a,door_slam,0.063,0.0135,object_drop_dishes,0.268,1.321,D:\IUH_K18\HK1N5\KLTN\audio-security-rag\data\interim\normalized\door_slam\fsd50k_door_slam_84816f6a.wav
normal,fsd50k_door_slam_0538ff75,door_slam,0.062,0.0304,object_drop_dishes,0.0,0.704,D:\IUH_K18\HK1N5\KLTN\audio-security-rag\data\interim\normalized\door_slam\fsd50k_door_slam_0538ff75.wav
normal,fsd50k_door_slam_855b6270,door_slam,0.0612,0.0052,object_drop_dishes,0.0,0.69,D:\IUH_K18\HK1N5\KLTN\audio-security-rag\data\interim\normalized\door_slam\fsd50k_door_slam_855b6270.wav
normal,fsd50k_door_slam_53760c89,door_slam,0.0596,0.0083,object_drop_dishes,0.59,1.009,D:\IUH_K18\HK1N5\KLTN\audio-security-rag\data\interim\normalized\door_slam\fsd50k_door_slam_53760c89.wav
normal,fsd50k_door_slam_a8900a67,door_slam,0.0554,0.0014,object_drop_dishes,2.505,3.244,D:\IUH_K18\HK1N5\KLTN\audio-security-rag\data\interim\normalized\door_slam\fsd50k_door_slam_a8900a67.wav
normal,fsd50k_door_slam_27b21f1c,door_slam,0.0553,0.0018,object_drop_dishes,0.27,1.009,D:\IUH_K18\HK1N5\KLTN\audio-security-rag\data\interim\normalized\door_slam\fsd50k_door_slam_27b21f1c.wav
normal,fsd50k_door_slam_05c43189,door_slam,0.0544,0.0174,object_drop_dishes,0.0,0.468,D:\IUH_K18\HK1N5\KLTN\audio-security-rag\data\interim\normalized\door_slam\fsd50k_door_slam_05c43189.wav
normal,fsd50k_door_slam_36328495,door_slam,0.054,0.0079,object_drop_dishes,0.267,0.703,D:\IUH_K18\HK1N5\KLTN\audio-security-rag\data\interim\normalized\door_slam\fsd50k_door_slam_36328495.wav
normal,fsd50k_door_slam_078e0a7d,door_slam,0.0523,0.0067,gunshot,0.589,1.648,D:\IUH_K18\HK1N5\KLTN\audio-security-rag\data\interim\normalized\door_slam\fsd50k_door_slam_078e0a7d.wav
normal,fsd50k_door_slam_ebda5c49,door_slam,0.0523,0.0417,object_drop_dishes,0.0,1.009,D:\IUH_K18\HK1N5\KLTN\audio-security-rag\data\interim\normalized\door_slam\fsd50k_door_slam_ebda5c49.wav
normal,fsd50k_door_slam_71fb07f4,door_slam,0.0516,0.0284,object_drop_dishes,0.0,0.455,D:\IUH_K18\HK1N5\KLTN\audio-security-rag\data\interim\normalized\door_slam\fsd50k_door_slam_71fb07f4.wav
normal,fsd50k_explosion_ea68b988,explosion,0.299,0.0158,gunshot,1.227,2.286,D:\IUH_K18\HK1N5\KLTN\audio-security-rag\data\interim\normalized\explosion\fsd50k_explosion_ea68b988.wav
normal,fsd50k_explosion_09491395,explosion,0.2799,0.1802,gunshot,0.0,1.329,D:\IUH_K18\HK1N5\KLTN\audio-security-rag\data\interim\normalized\explosion\fsd50k_explosion_09491395.wav
normal,fsd50k_explosion_db5526a1,explosion,0.2755,0.2561,gunshot,0.0,1.01,D:\IUH_K18\HK1N5\KLTN\audio-security-rag\data\interim\normalized\explosion\fsd50k_explosion_db5526a1.wav
normal,fsd50k_explosion_a5bc134a,explosion,0.272,0.2064,fireworks,0.0,2.29,D:\IUH_K18\HK1N5\KLTN\audio-security-rag\data\interim\normalized\explosion\fsd50k_explosion_a5bc134a.wav
normal,fsd50k_explosion_4d1d9740,explosion,0.2669,0.1176,gunshot,0.0,1.006,D:\IUH_K18\HK1N5\KLTN\audio-security-rag\data\interim\normalized\explosion\fsd50k_explosion_4d1d9740.wav
normal,fsd50k_explosion_d8195358,explosion,0.2604,0.2014,gunshot,0.0,1.645,D:\IUH_K18\HK1N5\KLTN\audio-security-rag\data\interim\normalized\explosion\fsd50k_explosion_d8195358.wav
normal,fsd50k_explosion_1fe77bbb,explosion,0.2603,0.105,gunshot,0.0,1.007,D:\IUH_K18\HK1N5\KLTN\audio-security-rag\data\interim\normalized\explosion\fsd50k_explosion_1fe77bbb.wav
normal,fsd50k_explosion_f3042fd7,explosion,0.25,0.2481,fireworks,0.0,0.69,D:\IUH_K18\HK1N5\KLTN\audio-security-rag\data\interim\normalized\explosion\fsd50k_explosion_f3042fd7.wav
normal,fsd50k_explosion_2e34314f,explosion,0.2478,0.0582,gunshot,0.0,1.007,D:\IUH_K18\HK1N5\KLTN\audio-security-rag\data\interim\normalized\explosion\fsd50k_explosion_2e34314f.wav
normal,fsd50k_explosion_4a78cb96,explosion,0.2398,0.0479,gunshot,4.11,6.45,D:\IUH_K18\HK1N5\KLTN\audio-security-rag\data\interim\normalized\explosion\fsd50k_explosion_4a78cb96.wav
normal,fsd50k_explosion_b98a875f,explosion,0.2369,0.0095,gunshot,0.908,2.286,D:\IUH_K18\HK1N5\KLTN\audio-security-rag\data\interim\normalized\explosion\fsd50k_explosion_b98a875f.wav
normal,fsd50k_explosion_b3c54f0f,explosion,0.2181,0.0084,gunshot,1.227,2.286,D:\IUH_K18\HK1N5\KLTN\audio-security-rag\data\interim\normalized\explosion\fsd50k_explosion_b3c54f0f.wav
normal,fsd50k_explosion_3c1cc8bc,explosion,0.2051,0.0974,gunshot,0.0,1.432,D:\IUH_K18\HK1N5\KLTN\audio-security-rag\data\interim\normalized\explosion\fsd50k_explosion_3c1cc8bc.wav
normal,fsd50k_explosion_b4359562,explosion,0.1192,0.0331,gunshot,0.0,1.327,D:\IUH_K18\HK1N5\KLTN\audio-security-rag\data\interim\normalized\explosion\fsd50k_explosion_b4359562.wav
normal,fsd50k_explosion_9152a677,explosion,0.1116,0.0778,gunshot,0.0,1.009,D:\IUH_K18\HK1N5\KLTN\audio-security-rag\data\interim\normalized\explosion\fsd50k_explosion_9152a677.wav
normal,fsd50k_explosion_1dfaa0f2,explosion,0.1044,0.0268,gunshot,0.0,1.009,D:\IUH_K18\HK1N5\KLTN\audio-security-rag\data\interim\normalized\explosion\fsd50k_explosion_1dfaa0f2.wav
normal,fsd50k_explosion_fb252c39,explosion,0.0684,0.0553,gunshot,0.0,0.687,D:\IUH_K18\HK1N5\KLTN\audio-security-rag\data\interim\normalized\explosion\fsd50k_explosion_fb252c39.wav
normal,fsd50k_explosion_93037d76,explosion,0.0607,0.014,gunshot,0.0,0.69,D:\IUH_K18\HK1N5\KLTN\audio-security-rag\data\interim\normalized\explosion\fsd50k_explosion_93037d76.wav
normal,fsd50k_fireworks_08f39bde,fireworks,0.2934,0.1425,explosion,0.0,1.008,D:\IUH_K18\HK1N5\KLTN\audio-security-rag\data\interim\normalized\fireworks\fsd50k_fireworks_08f39bde.wav
normal,esc50_fireworks_bbc06aa3,fireworks,0.285,0.0416,gunshot,0.589,1.647,D:\IUH_K18\HK1N5\KLTN\audio-security-rag\data\interim\normalized\fireworks\esc50_fireworks_bbc06aa3.wav
normal,esc50_fireworks_3dbb9798,fireworks,0.2841,0.0255,explosion,0.0,0.689,D:\IUH_K18\HK1N5\KLTN\audio-security-rag\data\interim\normalized\fireworks\esc50_fireworks_3dbb9798.wav
normal,fsd50k_fireworks_ecbed2e9,fireworks,0.277,0.2444,explosion,1.548,2.786,D:\IUH_K18\HK1N5\KLTN\audio-security-rag\data\interim\normalized\fireworks\fsd50k_fireworks_ecbed2e9.wav
normal,fsd50k_fireworks_f4fc7031,fireworks,0.2753,0.1697,gunshot,1.227,2.454,D:\IUH_K18\HK1N5\KLTN\audio-security-rag\data\interim\normalized\fireworks\fsd50k_fireworks_f4fc7031.wav
normal,fsd50k_fireworks_e0d7e87d,fireworks,0.2529,0.0402,explosion,0.0,1.01,D:\IUH_K18\HK1N5\KLTN\audio-security-rag\data\interim\normalized\fireworks\fsd50k_fireworks_e0d7e87d.wav
normal,fsd50k_fireworks_c917e2e1,fireworks,0.2475,0.0172,explosion,5.389,6.449,D:\IUH_K18\HK1N5\KLTN\audio-security-rag\data\interim\normalized\fireworks\fsd50k_fireworks_c917e2e1.wav
normal,fsd50k_fireworks_3ac51983,fireworks,0.239,0.094,gunshot,0.0,0.688,D:\IUH_K18\HK1N5\KLTN\audio-security-rag\data\interim\normalized\fireworks\fsd50k_fireworks_3ac51983.wav
normal,fsd50k_fireworks_65b5b11f,fireworks,0.2377,0.1938,explosion,0.0,1.008,D:\IUH_K18\HK1N5\KLTN\audio-security-rag\data\interim\normalized\fireworks\fsd50k_fireworks_65b5b11f.wav
normal,esc50_fireworks_90fcd379,fireworks,0.2306,0.0607,explosion,0.908,1.647,D:\IUH_K18\HK1N5\KLTN\audio-security-rag\data\interim\normalized\fireworks\esc50_fireworks_90fcd379.wav
normal,fsd50k_fireworks_e9eb95a0,fireworks,0.2285,0.0503,explosion,0.0,0.689,D:\IUH_K18\HK1N5\KLTN\audio-security-rag\data\interim\normalized\fireworks\fsd50k_fireworks_e9eb95a0.wav
normal,fsd50k_fireworks_2609b995,fireworks,0.1891,0.0086,gunshot,1.23,2.13,D:\IUH_K18\HK1N5\KLTN\audio-security-rag\data\interim\normalized\fireworks\fsd50k_fireworks_2609b995.wav
normal,fsd50k_fireworks_02044952,fireworks,0.1797,0.0151,gunshot,0.587,1.643,D:\IUH_K18\HK1N5\KLTN\audio-security-rag\data\interim\normalized\fireworks\fsd50k_fireworks_02044952.wav
normal,fsd50k_fireworks_b549d1c1,fireworks,0.1625,0.0224,explosion,8.589,9.649,D:\IUH_K18\HK1N5\KLTN\audio-security-rag\data\interim\normalized\fireworks\fsd50k_fireworks_b549d1c1.wav
normal,esc50_fireworks_3ac50abf,fireworks,0.1589,0.1516,explosion,0.908,2.286,D:\IUH_K18\HK1N5\KLTN\audio-security-rag\data\interim\normalized\fireworks\esc50_fireworks_3ac50abf.wav
normal,esc50_fireworks_214ffae3,fireworks,0.1248,0.0022,explosion,4.102,5.0,D:\IUH_K18\HK1N5\KLTN\audio-security-rag\data\interim\normalized\fireworks\esc50_fireworks_214ffae3.wav
normal,fsd50k_fireworks_9eef1db2,fireworks,0.1122,0.0228,gunshot,1.225,2.142,D:\IUH_K18\HK1N5\KLTN\audio-security-rag\data\interim\normalized\fireworks\fsd50k_fireworks_9eef1db2.wav
normal,fsd50k_fireworks_6303db5d,fireworks,0.0982,0.027,explosion,2.51,3.249,D:\IUH_K18\HK1N5\KLTN\audio-security-rag\data\interim\normalized\fireworks\fsd50k_fireworks_6303db5d.wav
normal,fsd50k_fireworks_bffde590,fireworks,0.0981,0.0041,explosion,0.27,1.01,D:\IUH_K18\HK1N5\KLTN\audio-security-rag\data\interim\normalized\fireworks\fsd50k_fireworks_bffde590.wav
normal,fsd50k_fireworks_2bd90c74,fireworks,0.0972,0.0835,explosion,0.0,0.688,D:\IUH_K18\HK1N5\KLTN\audio-security-rag\data\interim\normalized\fireworks\fsd50k_fireworks_2bd90c74.wav
normal,fsd50k_fireworks_60f2b4d0,fireworks,0.0737,0.0095,gunshot,1.549,3.008,D:\IUH_K18\HK1N5\KLTN\audio-security-rag\data\interim\normalized\fireworks\fsd50k_fireworks_60f2b4d0.wav
normal,fsd50k_fireworks_5c10868f,fireworks,0.0573,0.0096,gunshot,0.0,0.683,D:\IUH_K18\HK1N5\KLTN\audio-security-rag\data\interim\normalized\fireworks\fsd50k_fireworks_5c10868f.wav
normal,fsd50k_fireworks_c0d08237,fireworks,0.0543,0.0163,gunshot,16.586,17.326,D:\IUH_K18\HK1N5\KLTN\audio-security-rag\data\interim\normalized\fireworks\fsd50k_fireworks_c0d08237.wav
normal,fsd50k_glass_breaking_45f7518f,glass_breaking,0.2936,0.0518,vehicle_crash,0.269,1.057,D:\IUH_K18\HK1N5\KLTN\audio-security-rag\data\interim\normalized\glass_breaking\fsd50k_glass_breaking_45f7518f.wav
normal,fsd50k_glass_breaking_25247a8f,glass_breaking,0.2922,0.1265,vehicle_crash,0.269,1.964,D:\IUH_K18\HK1N5\KLTN\audio-security-rag\data\interim\normalized\glass_breaking\fsd50k_glass_breaking_25247a8f.wav
normal,fsd50k_glass_breaking_16800c95,glass_breaking,0.2913,0.0067,object_drop_dishes,0.0,1.009,D:\IUH_K18\HK1N5\KLTN\audio-security-rag\data\interim\normalized\glass_breaking\fsd50k_glass_breaking_16800c95.wav
normal,fsd50k_glass_breaking_6195c573,glass_breaking,0.29,0.045,vehicle_crash,0.0,0.587,D:\IUH_K18\HK1N5\KLTN\audio-security-rag\data\interim\normalized\glass_breaking\fsd50k_glass_breaking_6195c573.wav
normal,fsd50k_glass_breaking_b67a6864,glass_breaking,0.2862,0.0247,vehicle_crash,0.0,0.687,D:\IUH_K18\HK1N5\KLTN\audio-security-rag\data\interim\normalized\glass_breaking\fsd50k_glass_breaking_b67a6864.wav
normal,fsd50k_glass_breaking_e214d2d0,glass_breaking,0.2858,0.0228,object_drop_dishes,0.0,1.324,D:\IUH_K18\HK1N5\KLTN\audio-security-rag\data\interim\normalized\glass_breaking\fsd50k_glass_breaking_e214d2d0.wav
normal,fsd50k_glass_breaking_1af3fbb8,glass_breaking,0.2834,0.0097,object_drop_dishes,0.0,0.489,D:\IUH_K18\HK1N5\KLTN\audio-security-rag\data\interim\normalized\glass_breaking\fsd50k_glass_breaking_1af3fbb8.wav
normal,fsd50k_glass_breaking_c6aa9872,glass_breaking,0.2686,0.0143,vehicle_crash,0.0,1.192,D:\IUH_K18\HK1N5\KLTN\audio-security-rag\data\interim\normalized\glass_breaking\fsd50k_glass_breaking_c6aa9872.wav
normal,fsd50k_glass_breaking_c0f9dbaa,glass_breaking,0.2682,0.0087,vehicle_crash,0.0,0.503,D:\IUH_K18\HK1N5\KLTN\audio-security-rag\data\interim\normalized\glass_breaking\fsd50k_glass_breaking_c0f9dbaa.wav
normal,fsd50k_glass_breaking_2e38efa1,glass_breaking,0.2623,0.0291,vehicle_crash,0.59,1.329,D:\IUH_K18\HK1N5\KLTN\audio-security-rag\data\interim\normalized\glass_breaking\fsd50k_glass_breaking_2e38efa1.wav
normal,fsd50k_glass_breaking_341a6dbf,glass_breaking,0.2549,0.0076,vehicle_crash,0.0,1.328,D:\IUH_K18\HK1N5\KLTN\audio-security-rag\data\interim\normalized\glass_breaking\fsd50k_glass_breaking_341a6dbf.wav
normal,fsd50k_glass_breaking_8fb847df,glass_breaking,0.2532,0.058,object_drop_dishes,0.0,0.685,D:\IUH_K18\HK1N5\KLTN\audio-security-rag\data\interim\normalized\glass_breaking\fsd50k_glass_breaking_8fb847df.wav
normal,fsd50k_glass_breaking_18f95f99,glass_breaking,0.2517,0.0121,vehicle_crash,0.91,1.97,D:\IUH_K18\HK1N5\KLTN\audio-security-rag\data\interim\normalized\glass_breaking\fsd50k_glass_breaking_18f95f99.wav
normal,fsd50k_glass_breaking_4dc0e24f,glass_breaking,0.2499,0.0481,object_drop_dishes,1.229,2.288,D:\IUH_K18\HK1N5\KLTN\audio-security-rag\data\interim\normalized\glass_breaking\fsd50k_glass_breaking_4dc0e24f.wav
normal,fsd50k_glass_breaking_691277ea,glass_breaking,0.2448,0.0012,object_drop_dishes,1.55,4.529,D:\IUH_K18\HK1N5\KLTN\audio-security-rag\data\interim\normalized\glass_breaking\fsd50k_glass_breaking_691277ea.wav
normal,esc50_glass_breaking_e54a661c,glass_breaking,0.2386,0.0853,vehicle_crash,0.0,0.689,D:\IUH_K18\HK1N5\KLTN\audio-security-rag\data\interim\normalized\glass_breaking\esc50_glass_breaking_e54a661c.wav
normal,fsd50k_glass_breaking_5b2af414,glass_breaking,0.2353,0.1756,object_drop_dishes,5.388,6.818,D:\IUH_K18\HK1N5\KLTN\audio-security-rag\data\interim\normalized\glass_breaking\fsd50k_glass_breaking_5b2af414.wav
normal,fsd50k_glass_breaking_2ee0e277,glass_breaking,0.2332,0.0334,vehicle_crash,0.0,0.796,D:\IUH_K18\HK1N5\KLTN\audio-security-rag\data\interim\normalized\glass_breaking\fsd50k_glass_breaking_2ee0e277.wav
normal,fsd50k_glass_breaking_883c1701,glass_breaking,0.2302,0.0778,vehicle_crash,0.0,0.683,D:\IUH_K18\HK1N5\KLTN\audio-security-rag\data\interim\normalized\glass_breaking\fsd50k_glass_breaking_883c1701.wav
normal,fsd50k_glass_breaking_4e28b25b,glass_breaking,0.2298,0.0171,vehicle_crash,0.908,2.286,D:\IUH_K18\HK1N5\KLTN\audio-security-rag\data\interim\normalized\glass_breaking\fsd50k_glass_breaking_4e28b25b.wav
normal,fsd50k_glass_breaking_c1ea5490,glass_breaking,0.224,0.012,vehicle_crash,0.0,0.681,D:\IUH_K18\HK1N5\KLTN\audio-security-rag\data\interim\normalized\glass_breaking\fsd50k_glass_breaking_c1ea5490.wav
normal,esc50_glass_breaking_c2988d2e,glass_breaking,0.2199,0.0686,vehicle_crash,0.0,0.689,D:\IUH_K18\HK1N5\KLTN\audio-security-rag\data\interim\normalized\glass_breaking\esc50_glass_breaking_c2988d2e.wav
normal,esc50_glass_breaking_ad42b3c9,glass_breaking,0.2159,0.0585,vehicle_crash,0.0,1.008,D:\IUH_K18\HK1N5\KLTN\audio-security-rag\data\interim\normalized\glass_breaking\esc50_glass_breaking_ad42b3c9.wav
normal,fsd50k_glass_breaking_b295928e,glass_breaking,0.2143,0.0104,vehicle_crash,0.0,0.686,D:\IUH_K18\HK1N5\KLTN\audio-security-rag\data\interim\normalized\glass_breaking\fsd50k_glass_breaking_b295928e.wav
normal,fsd50k_glass_breaking_44e6f99e,glass_breaking,0.211,0.0298,vehicle_crash,0.27,1.08,D:\IUH_K18\HK1N5\KLTN\audio-security-rag\data\interim\normalized\glass_breaking\fsd50k_glass_breaking_44e6f99e.wav
normal,fsd50k_glass_breaking_8d98e597,glass_breaking,0.2108,0.0298,vehicle_crash,0.27,1.08,D:\IUH_K18\HK1N5\KLTN\audio-security-rag\data\interim\normalized\glass_breaking\fsd50k_glass_breaking_8d98e597.wav
normal,fsd50k_glass_breaking_d9332c59,glass_breaking,0.2086,0.0119,object_drop_dishes,0.0,1.196,D:\IUH_K18\HK1N5\KLTN\audio-security-rag\data\interim\normalized\glass_breaking\fsd50k_glass_breaking_d9332c59.wav
normal,fsd50k_glass_breaking_210aafd7,glass_breaking,0.1994,0.0013,object_drop_dishes,0.27,1.648,D:\IUH_K18\HK1N5\KLTN\audio-security-rag\data\interim\normalized\glass_breaking\fsd50k_glass_breaking_210aafd7.wav
normal,fsd50k_glass_breaking_3d7efb0e,glass_breaking,0.1802,0.0163,vehicle_crash,0.0,0.684,D:\IUH_K18\HK1N5\KLTN\audio-security-rag\data\interim\normalized\glass_breaking\fsd50k_glass_breaking_3d7efb0e.wav
normal,fsd50k_glass_breaking_5b9408d7,glass_breaking,0.1784,0.0095,object_drop_dishes,0.0,0.611,D:\IUH_K18\HK1N5\KLTN\audio-security-rag\data\interim\normalized\glass_breaking\fsd50k_glass_breaking_5b9408d7.wav
normal,fsd50k_glass_breaking_30b3d60c,glass_breaking,0.1771,0.0454,vehicle_crash,0.0,0.69,D:\IUH_K18\HK1N5\KLTN\audio-security-rag\data\interim\normalized\glass_breaking\fsd50k_glass_breaking_30b3d60c.wav
normal,fsd50k_glass_breaking_d4aad51d,glass_breaking,0.1763,0.0269,object_drop_dishes,0.0,0.758,D:\IUH_K18\HK1N5\KLTN\audio-security-rag\data\interim\normalized\glass_breaking\fsd50k_glass_breaking_d4aad51d.wav
normal,fsd50k_glass_breaking_1122f631,glass_breaking,0.1739,0.0295,object_drop_dishes,0.27,1.009,D:\IUH_K18\HK1N5\KLTN\audio-security-rag\data\interim\normalized\glass_breaking\fsd50k_glass_breaking_1122f631.wav
normal,fsd50k_glass_breaking_4fa400d1,glass_breaking,0.1703,0.129,vehicle_crash,8.91,9.97,D:\IUH_K18\HK1N5\KLTN\audio-security-rag\data\interim\normalized\glass_breaking\fsd50k_glass_breaking_4fa400d1.wav
normal,fsd50k_glass_breaking_8f88939e,glass_breaking,0.1699,0.0998,vehicle_crash,0.589,1.008,D:\IUH_K18\HK1N5\KLTN\audio-security-rag\data\interim\normalized\glass_breaking\fsd50k_glass_breaking_8f88939e.wav
normal,fsd50k_glass_breaking_68b11879,glass_breaking,0.1697,0.0116,vehicle_crash,0.0,1.195,D:\IUH_K18\HK1N5\KLTN\audio-security-rag\data\interim\normalized\glass_breaking\fsd50k_glass_breaking_68b11879.wav
normal,fsd50k_glass_breaking_2f10a03a,glass_breaking,0.1688,0.0152,object_drop_dishes,0.0,0.456,D:\IUH_K18\HK1N5\KLTN\audio-security-rag\data\interim\normalized\glass_breaking\fsd50k_glass_breaking_2f10a03a.wav
normal,fsd50k_glass_breaking_905249a0,glass_breaking,0.1671,0.0233,object_drop_dishes,0.0,0.687,D:\IUH_K18\HK1N5\KLTN\audio-security-rag\data\interim\normalized\glass_breaking\fsd50k_glass_breaking_905249a0.wav
normal,esc50_glass_breaking_2ff2076e,glass_breaking,0.165,0.0273,vehicle_crash,0.0,0.689,D:\IUH_K18\HK1N5\KLTN\audio-security-rag\data\interim\normalized\glass_breaking\esc50_glass_breaking_2ff2076e.wav
normal,esc50_glass_breaking_e5c36817,glass_breaking,0.1618,0.0072,object_drop_dishes,0.269,1.327,D:\IUH_K18\HK1N5\KLTN\audio-security-rag\data\interim\normalized\glass_breaking\esc50_glass_breaking_e5c36817.wav
normal,fsd50k_glass_breaking_037a78f9,glass_breaking,0.1616,0.0365,object_drop_dishes,0.269,0.689,D:\IUH_K18\HK1N5\KLTN\audio-security-rag\data\interim\normalized\glass_breaking\fsd50k_glass_breaking_037a78f9.wav
normal,fsd50k_glass_breaking_830be8b8,glass_breaking,0.1607,0.034,vehicle_crash,0.0,1.009,D:\IUH_K18\HK1N5\KLTN\audio-security-rag\data\interim\normalized\glass_breaking\fsd50k_glass_breaking_830be8b8.wav
normal,fsd50k_glass_breaking_b96b1711,glass_breaking,0.1561,0.0019,object_drop_dishes,0.0,0.408,D:\IUH_K18\HK1N5\KLTN\audio-security-rag\data\interim\normalized\glass_breaking\fsd50k_glass_breaking_b96b1711.wav
normal,esc50_glass_breaking_4491d08b,glass_breaking,0.152,0.0913,vehicle_crash,0.589,1.327,D:\IUH_K18\HK1N5\KLTN\audio-security-rag\data\interim\normalized\glass_breaking\esc50_glass_breaking_4491d08b.wav
normal,fsd50k_glass_breaking_d1736eb3,glass_breaking,0.1485,0.013,object_drop_dishes,0.269,1.494,D:\IUH_K18\HK1N5\KLTN\audio-security-rag\data\interim\normalized\glass_breaking\fsd50k_glass_breaking_d1736eb3.wav
normal,fsd50k_glass_breaking_48b57444,glass_breaking,0.1426,0.007,object_drop_dishes,0.589,1.229,D:\IUH_K18\HK1N5\KLTN\audio-security-rag\data\interim\normalized\glass_breaking\fsd50k_glass_breaking_48b57444.wav
normal,fsd50k_glass_breaking_4d0953cf,glass_breaking,0.1422,0.0011,object_drop_dishes,0.0,1.008,D:\IUH_K18\HK1N5\KLTN\audio-security-rag\data\interim\normalized\glass_breaking\fsd50k_glass_breaking_4d0953cf.wav
normal,fsd50k_glass_breaking_7e7796d8,glass_breaking,0.1411,0.0025,object_drop_dishes,0.0,1.966,D:\IUH_K18\HK1N5\KLTN\audio-security-rag\data\interim\normalized\glass_breaking\fsd50k_glass_breaking_7e7796d8.wav
normal,fsd50k_glass_breaking_4bfc9c83,glass_breaking,0.141,0.0204,vehicle_crash,0.0,0.682,D:\IUH_K18\HK1N5\KLTN\audio-security-rag\data\interim\normalized\glass_breaking\fsd50k_glass_breaking_4bfc9c83.wav
normal,esc50_glass_breaking_3d4a5201,glass_breaking,0.1394,0.1089,vehicle_crash,0.0,0.369,D:\IUH_K18\HK1N5\KLTN\audio-security-rag\data\interim\normalized\glass_breaking\esc50_glass_breaking_3d4a5201.wav
normal,fsd50k_glass_breaking_7417a7e8,glass_breaking,0.1331,0.0031,object_drop_dishes,2.507,3.886,D:\IUH_K18\HK1N5\KLTN\audio-security-rag\data\interim\normalized\glass_breaking\fsd50k_glass_breaking_7417a7e8.wav
normal,fsd50k_glass_breaking_8b523c63,glass_breaking,0.1293,0.0322,object_drop_dishes,0.0,0.81,D:\IUH_K18\HK1N5\KLTN\audio-security-rag\data\interim\normalized\glass_breaking\fsd50k_glass_breaking_8b523c63.wav
normal,fsd50k_glass_breaking_4b608566,glass_breaking,0.1268,0.0814,vehicle_crash,0.0,0.689,D:\IUH_K18\HK1N5\KLTN\audio-security-rag\data\interim\normalized\glass_breaking\fsd50k_glass_breaking_4b608566.wav
normal,fsd50k_glass_breaking_fd71c9d0,glass_breaking,0.1256,0.0168,object_drop_dishes,0.269,1.007,D:\IUH_K18\HK1N5\KLTN\audio-security-rag\data\interim\normalized\glass_breaking\fsd50k_glass_breaking_fd71c9d0.wav
normal,fsd50k_glass_breaking_66822934,glass_breaking,0.1229,0.0212,object_drop_dishes,0.0,0.69,D:\IUH_K18\HK1N5\KLTN\audio-security-rag\data\interim\normalized\glass_breaking\fsd50k_glass_breaking_66822934.wav
normal,fsd50k_glass_breaking_8fbe097a,glass_breaking,0.1205,0.0004,vehicle_crash,0.908,2.604,D:\IUH_K18\HK1N5\KLTN\audio-security-rag\data\interim\normalized\glass_breaking\fsd50k_glass_breaking_8fbe097a.wav
normal,fsd50k_glass_breaking_e197d4d6,glass_breaking,0.1204,0.0238,vehicle_crash,0.0,0.357,D:\IUH_K18\HK1N5\KLTN\audio-security-rag\data\interim\normalized\glass_breaking\fsd50k_glass_breaking_e197d4d6.wav
normal,fsd50k_glass_breaking_98db263c,glass_breaking,0.1184,0.0037,object_drop_dishes,0.0,0.647,D:\IUH_K18\HK1N5\KLTN\audio-security-rag\data\interim\normalized\glass_breaking\fsd50k_glass_breaking_98db263c.wav
normal,fsd50k_glass_breaking_923385d5,glass_breaking,0.1178,0.0399,vehicle_crash,0.0,1.0,D:\IUH_K18\HK1N5\KLTN\audio-security-rag\data\interim\normalized\glass_breaking\fsd50k_glass_breaking_923385d5.wav
normal,fsd50k_glass_breaking_4f6c6525,glass_breaking,0.1133,0.0087,vehicle_crash,0.0,1.561,D:\IUH_K18\HK1N5\KLTN\audio-security-rag\data\interim\normalized\glass_breaking\fsd50k_glass_breaking_4f6c6525.wav
normal,fsd50k_glass_breaking_52354f21,glass_breaking,0.1124,0.0217,vehicle_crash,0.0,0.424,D:\IUH_K18\HK1N5\KLTN\audio-security-rag\data\interim\normalized\glass_breaking\fsd50k_glass_breaking_52354f21.wav
normal,fsd50k_glass_breaking_61941be0,glass_breaking,0.1112,0.0218,object_drop_dishes,0.0,1.005,D:\IUH_K18\HK1N5\KLTN\audio-security-rag\data\interim\normalized\glass_breaking\fsd50k_glass_breaking_61941be0.wav
normal,fsd50k_glass_breaking_53a93f41,glass_breaking,0.1102,0.0106,vehicle_crash,0.0,1.008,D:\IUH_K18\HK1N5\KLTN\audio-security-rag\data\interim\normalized\glass_breaking\fsd50k_glass_breaking_53a93f41.wav
normal,fsd50k_glass_breaking_ded589ca,glass_breaking,0.1097,0.0275,vehicle_crash,0.0,0.629,D:\IUH_K18\HK1N5\KLTN\audio-security-rag\data\interim\normalized\glass_breaking\fsd50k_glass_breaking_ded589ca.wav
normal,fsd50k_glass_breaking_bf126e85,glass_breaking,0.1077,0.0092,object_drop_dishes,0.0,1.26,D:\IUH_K18\HK1N5\KLTN\audio-security-rag\data\interim\normalized\glass_breaking\fsd50k_glass_breaking_bf126e85.wav
normal,fsd50k_glass_breaking_3f4a7f6d,glass_breaking,0.1016,0.0217,vehicle_crash,0.59,1.65,D:\IUH_K18\HK1N5\KLTN\audio-security-rag\data\interim\normalized\glass_breaking\fsd50k_glass_breaking_3f4a7f6d.wav
normal,esc50_glass_breaking_a35fd222,glass_breaking,0.0996,0.0438,vehicle_crash,0.269,0.689,D:\IUH_K18\HK1N5\KLTN\audio-security-rag\data\interim\normalized\glass_breaking\esc50_glass_breaking_a35fd222.wav
normal,fsd50k_glass_breaking_7f418359,glass_breaking,0.0964,0.0103,vehicle_crash,1.227,1.646,D:\IUH_K18\HK1N5\KLTN\audio-security-rag\data\interim\normalized\glass_breaking\fsd50k_glass_breaking_7f418359.wav
normal,fsd50k_glass_breaking_1ac16fe4,glass_breaking,0.0963,0.0337,vehicle_crash,0.0,0.811,D:\IUH_K18\HK1N5\KLTN\audio-security-rag\data\interim\normalized\glass_breaking\fsd50k_glass_breaking_1ac16fe4.wav
normal,fsd50k_glass_breaking_2e9985c0,glass_breaking,0.0939,0.0192,object_drop_dishes,1.549,2.609,D:\IUH_K18\HK1N5\KLTN\audio-security-rag\data\interim\normalized\glass_breaking\fsd50k_glass_breaking_2e9985c0.wav
normal,fsd50k_glass_breaking_e844f154,glass_breaking,0.0925,0.0315,vehicle_crash,0.0,0.69,D:\IUH_K18\HK1N5\KLTN\audio-security-rag\data\interim\normalized\glass_breaking\fsd50k_glass_breaking_e844f154.wav
normal,fsd50k_glass_breaking_194d6f4d,glass_breaking,0.0904,0.0052,object_drop_dishes,0.0,0.414,D:\IUH_K18\HK1N5\KLTN\audio-security-rag\data\interim\normalized\glass_breaking\fsd50k_glass_breaking_194d6f4d.wav
normal,fsd50k_glass_breaking_99cc9bd8,glass_breaking,0.0894,0.015,object_drop_dishes,0.0,0.829,D:\IUH_K18\HK1N5\KLTN\audio-security-rag\data\interim\normalized\glass_breaking\fsd50k_glass_breaking_99cc9bd8.wav
normal,fsd50k_glass_breaking_d02aab80,glass_breaking,0.0889,0.0174,vehicle_crash,0.0,0.883,D:\IUH_K18\HK1N5\KLTN\audio-security-rag\data\interim\normalized\glass_breaking\fsd50k_glass_breaking_d02aab80.wav
normal,fsd50k_glass_breaking_eab92fe3,glass_breaking,0.0857,0.0162,vehicle_crash,0.59,1.65,D:\IUH_K18\HK1N5\KLTN\audio-security-rag\data\interim\normalized\glass_breaking\fsd50k_glass_breaking_eab92fe3.wav
normal,fsd50k_glass_breaking_3b6befc5,glass_breaking,0.0764,0.0064,vehicle_crash,0.27,1.329,D:\IUH_K18\HK1N5\KLTN\audio-security-rag\data\interim\normalized\glass_breaking\fsd50k_glass_breaking_3b6befc5.wav
normal,fsd50k_glass_breaking_1c01aca9,glass_breaking,0.0738,0.0414,vehicle_crash,0.27,1.328,D:\IUH_K18\HK1N5\KLTN\audio-security-rag\data\interim\normalized\glass_breaking\fsd50k_glass_breaking_1c01aca9.wav
normal,fsd50k_glass_breaking_fb2de83b,glass_breaking,0.0721,0.0047,object_drop_dishes,0.0,0.485,D:\IUH_K18\HK1N5\KLTN\audio-security-rag\data\interim\normalized\glass_breaking\fsd50k_glass_breaking_fb2de83b.wav
normal,fsd50k_glass_breaking_dad2386c,glass_breaking,0.0714,0.0023,object_drop_dishes,0.0,0.688,D:\IUH_K18\HK1N5\KLTN\audio-security-rag\data\interim\normalized\glass_breaking\fsd50k_glass_breaking_dad2386c.wav
normal,fsd50k_glass_breaking_e6106d96,glass_breaking,0.0711,0.0336,vehicle_crash,0.0,1.004,D:\IUH_K18\HK1N5\KLTN\audio-security-rag\data\interim\normalized\glass_breaking\fsd50k_glass_breaking_e6106d96.wav
normal,fsd50k_glass_breaking_b3e081ab,glass_breaking,0.07,0.0188,object_drop_dishes,0.269,1.327,D:\IUH_K18\HK1N5\KLTN\audio-security-rag\data\interim\normalized\glass_breaking\fsd50k_glass_breaking_b3e081ab.wav
normal,fsd50k_glass_breaking_d028a019,glass_breaking,0.0675,0.015,object_drop_dishes,0.0,1.01,D:\IUH_K18\HK1N5\KLTN\audio-security-rag\data\interim\normalized\glass_breaking\fsd50k_glass_breaking_d028a019.wav
normal,fsd50k_glass_breaking_8c470911,glass_breaking,0.0645,0.0153,object_drop_dishes,0.909,2.287,D:\IUH_K18\HK1N5\KLTN\audio-security-rag\data\interim\normalized\glass_breaking\fsd50k_glass_breaking_8c470911.wav
normal,fsd50k_glass_breaking_2fd53723,glass_breaking,0.0637,0.0316,vehicle_crash,0.0,1.007,D:\IUH_K18\HK1N5\KLTN\audio-security-rag\data\interim\normalized\glass_breaking\fsd50k_glass_breaking_2fd53723.wav
normal,esc50_glass_breaking_ca0b7286,glass_breaking,0.0624,0.0318,object_drop_dishes,0.908,1.966,D:\IUH_K18\HK1N5\KLTN\audio-security-rag\data\interim\normalized\glass_breaking\esc50_glass_breaking_ca0b7286.wav
normal,fsd50k_glass_breaking_7a58a983,glass_breaking,0.0617,0.0281,vehicle_crash,0.0,0.687,D:\IUH_K18\HK1N5\KLTN\audio-security-rag\data\interim\normalized\glass_breaking\fsd50k_glass_breaking_7a58a983.wav
normal,fsd50k_glass_breaking_7a823391,glass_breaking,0.0598,0.0268,vehicle_crash,0.27,1.009,D:\IUH_K18\HK1N5\KLTN\audio-security-rag\data\interim\normalized\glass_breaking\fsd50k_glass_breaking_7a823391.wav
normal,fsd50k_glass_breaking_0f1e2cc4,glass_breaking,0.0576,0.0106,object_drop_dishes,0.0,0.689,D:\IUH_K18\HK1N5\KLTN\audio-security-rag\data\interim\normalized\glass_breaking\fsd50k_glass_breaking_0f1e2cc4.wav
normal,fsd50k_glass_breaking_f18c44f2,glass_breaking,0.057,0.0332,vehicle_crash,0.269,1.264,D:\IUH_K18\HK1N5\KLTN\audio-security-rag\data\interim\normalized\glass_breaking\fsd50k_glass_breaking_f18c44f2.wav
normal,fsd50k_glass_breaking_a1c17905,glass_breaking,0.0559,0.0139,vehicle_crash,0.0,1.004,D:\IUH_K18\HK1N5\KLTN\audio-security-rag\data\interim\normalized\glass_breaking\fsd50k_glass_breaking_a1c17905.wav
normal,fsd50k_glass_breaking_b3f1e29f,glass_breaking,0.0558,0.0264,vehicle_crash,0.269,1.328,D:\IUH_K18\HK1N5\KLTN\audio-security-rag\data\interim\normalized\glass_breaking\fsd50k_glass_breaking_b3f1e29f.wav
normal,fsd50k_glass_breaking_28a3b2f1,glass_breaking,0.0522,0.01,object_drop_dishes,0.59,1.65,D:\IUH_K18\HK1N5\KLTN\audio-security-rag\data\interim\normalized\glass_breaking\fsd50k_glass_breaking_28a3b2f1.wav
normal,fsd50k_gunshot_8c8f12cc,gunshot,0.2999,0.0566,fireworks,0.0,0.672,D:\IUH_K18\HK1N5\KLTN\audio-security-rag\data\interim\normalized\gunshot\fsd50k_gunshot_8c8f12cc.wav
normal,urbansound8k_gunshot_e090915e,gunshot,0.298,0.2079,fireworks,0.0,1.006,D:\IUH_K18\HK1N5\KLTN\audio-security-rag\data\interim\normalized\gunshot\urbansound8k_gunshot_e090915e.wav
normal,urbansound8k_gunshot_fe0eff76,gunshot,0.2964,0.2393,fireworks,0.0,0.768,D:\IUH_K18\HK1N5\KLTN\audio-security-rag\data\interim\normalized\gunshot\urbansound8k_gunshot_fe0eff76.wav
normal,fsd50k_gunshot_5b0857a8,gunshot,0.2951,0.1019,fireworks,1.55,2.609,D:\IUH_K18\HK1N5\KLTN\audio-security-rag\data\interim\normalized\gunshot\fsd50k_gunshot_5b0857a8.wav
normal,fsd50k_gunshot_4814ce35,gunshot,0.2941,0.0087,fireworks,4.11,5.49,D:\IUH_K18\HK1N5\KLTN\audio-security-rag\data\interim\normalized\gunshot\fsd50k_gunshot_4814ce35.wav
normal,fsd50k_gunshot_72f3dbb1,gunshot,0.294,0.2337,explosion,0.0,0.687,D:\IUH_K18\HK1N5\KLTN\audio-security-rag\data\interim\normalized\gunshot\fsd50k_gunshot_72f3dbb1.wav
normal,urbansound8k_gunshot_9ea3d9ca,gunshot,0.2931,0.1728,fireworks,0.0,1.004,D:\IUH_K18\HK1N5\KLTN\audio-security-rag\data\interim\normalized\gunshot\urbansound8k_gunshot_9ea3d9ca.wav
normal,urbansound8k_gunshot_7332ffac,gunshot,0.2929,0.0269,explosion,0.0,0.7,D:\IUH_K18\HK1N5\KLTN\audio-security-rag\data\interim\normalized\gunshot\urbansound8k_gunshot_7332ffac.wav
normal,urbansound8k_gunshot_2cf22cd1,gunshot,0.2927,0.0034,explosion,0.0,0.537,D:\IUH_K18\HK1N5\KLTN\audio-security-rag\data\interim\normalized\gunshot\urbansound8k_gunshot_2cf22cd1.wav
normal,fsd50k_gunshot_a8903c9a,gunshot,0.2888,0.2032,explosion,0.0,1.323,D:\IUH_K18\HK1N5\KLTN\audio-security-rag\data\interim\normalized\gunshot\fsd50k_gunshot_a8903c9a.wav
normal,fsd50k_gunshot_56665d67,gunshot,0.2871,0.183,fireworks,0.0,0.682,D:\IUH_K18\HK1N5\KLTN\audio-security-rag\data\interim\normalized\gunshot\fsd50k_gunshot_56665d67.wav
normal,urbansound8k_gunshot_aa801c10,gunshot,0.2863,0.0754,explosion,0.0,1.006,D:\IUH_K18\HK1N5\KLTN\audio-security-rag\data\interim\normalized\gunshot\urbansound8k_gunshot_aa801c10.wav
normal,urbansound8k_gunshot_eb0d292b,gunshot,0.2814,0.0346,explosion,0.0,1.33,D:\IUH_K18\HK1N5\KLTN\audio-security-rag\data\interim\normalized\gunshot\urbansound8k_gunshot_eb0d292b.wav
normal,fsd50k_gunshot_07494ea6,gunshot,0.2777,0.1995,explosion,0.0,1.007,D:\IUH_K18\HK1N5\KLTN\audio-security-rag\data\interim\normalized\gunshot\fsd50k_gunshot_07494ea6.wav
normal,urbansound8k_gunshot_df52846b,gunshot,0.2766,0.0122,explosion,0.0,0.689,D:\IUH_K18\HK1N5\KLTN\audio-security-rag\data\interim\normalized\gunshot\urbansound8k_gunshot_df52846b.wav
normal,urbansound8k_gunshot_60684bac,gunshot,0.2752,0.0101,fireworks,0.0,0.577,D:\IUH_K18\HK1N5\KLTN\audio-security-rag\data\interim\normalized\gunshot\urbansound8k_gunshot_60684bac.wav
normal,urbansound8k_gunshot_4be31912,gunshot,0.2749,0.0661,explosion,0.0,0.682,D:\IUH_K18\HK1N5\KLTN\audio-security-rag\data\interim\normalized\gunshot\urbansound8k_gunshot_4be31912.wav
normal,urbansound8k_gunshot_3cb0142d,gunshot,0.2748,0.2647,explosion,0.0,0.665,D:\IUH_K18\HK1N5\KLTN\audio-security-rag\data\interim\normalized\gunshot\urbansound8k_gunshot_3cb0142d.wav
normal,urbansound8k_gunshot_4d837a1e,gunshot,0.2732,0.0034,fireworks,0.0,0.645,D:\IUH_K18\HK1N5\KLTN\audio-security-rag\data\interim\normalized\gunshot\urbansound8k_gunshot_4d837a1e.wav
normal,urbansound8k_gunshot_ea008e93,gunshot,0.2722,0.1346,fireworks,0.0,0.87,D:\IUH_K18\HK1N5\KLTN\audio-security-rag\data\interim\normalized\gunshot\urbansound8k_gunshot_ea008e93.wav
normal,urbansound8k_gunshot_e2aece0b,gunshot,0.2701,0.011,fireworks,0.0,0.57,D:\IUH_K18\HK1N5\KLTN\audio-security-rag\data\interim\normalized\gunshot\urbansound8k_gunshot_e2aece0b.wav
normal,urbansound8k_gunshot_d63965a6,gunshot,0.2674,0.1628,explosion,0.0,1.006,D:\IUH_K18\HK1N5\KLTN\audio-security-rag\data\interim\normalized\gunshot\urbansound8k_gunshot_d63965a6.wav
normal,urbansound8k_gunshot_d38dfd13,gunshot,0.2668,0.224,fireworks,0.0,1.005,D:\IUH_K18\HK1N5\KLTN\audio-security-rag\data\interim\normalized\gunshot\urbansound8k_gunshot_d38dfd13.wav
normal,fsd50k_gunshot_97267944,gunshot,0.2647,0.0443,fireworks,0.0,1.524,D:\IUH_K18\HK1N5\KLTN\audio-security-rag\data\interim\normalized\gunshot\fsd50k_gunshot_97267944.wav
normal,urbansound8k_gunshot_543492e0,gunshot,0.2632,0.1825,fireworks,0.0,0.683,D:\IUH_K18\HK1N5\KLTN\audio-security-rag\data\interim\normalized\gunshot\urbansound8k_gunshot_543492e0.wav
normal,fsd50k_gunshot_057174a3,gunshot,0.2631,0.1046,fireworks,10.507,12.207,D:\IUH_K18\HK1N5\KLTN\audio-security-rag\data\interim\normalized\gunshot\fsd50k_gunshot_057174a3.wav
normal,fsd50k_gunshot_2dce5509,gunshot,0.2614,0.1509,fireworks,0.0,0.362,D:\IUH_K18\HK1N5\KLTN\audio-security-rag\data\interim\normalized\gunshot\fsd50k_gunshot_2dce5509.wav
normal,fsd50k_gunshot_e56b4f21,gunshot,0.2603,0.0897,explosion,0.0,0.687,D:\IUH_K18\HK1N5\KLTN\audio-security-rag\data\interim\normalized\gunshot\fsd50k_gunshot_e56b4f21.wav
normal,urbansound8k_gunshot_4daf6169,gunshot,0.2583,0.1151,fireworks,0.0,1.323,D:\IUH_K18\HK1N5\KLTN\audio-security-rag\data\interim\normalized\gunshot\urbansound8k_gunshot_4daf6169.wav
normal,urbansound8k_gunshot_2da2fcc0,gunshot,0.2557,0.1877,fireworks,0.0,1.004,D:\IUH_K18\HK1N5\KLTN\audio-security-rag\data\interim\normalized\gunshot\urbansound8k_gunshot_2da2fcc0.wav
normal,fsd50k_gunshot_245d4e46,gunshot,0.2529,0.0195,explosion,0.0,1.006,D:\IUH_K18\HK1N5\KLTN\audio-security-rag\data\interim\normalized\gunshot\fsd50k_gunshot_245d4e46.wav
normal,urbansound8k_gunshot_8d771a62,gunshot,0.2477,0.2317,fireworks,0.0,0.689,D:\IUH_K18\HK1N5\KLTN\audio-security-rag\data\interim\normalized\gunshot\urbansound8k_gunshot_8d771a62.wav
normal,urbansound8k_gunshot_bf5e7070,gunshot,0.2466,0.0607,explosion,0.0,0.687,D:\IUH_K18\HK1N5\KLTN\audio-security-rag\data\interim\normalized\gunshot\urbansound8k_gunshot_bf5e7070.wav
normal,urbansound8k_gunshot_55ad9e3c,gunshot,0.2464,0.032,fireworks,0.0,0.196,D:\IUH_K18\HK1N5\KLTN\audio-security-rag\data\interim\normalized\gunshot\urbansound8k_gunshot_55ad9e3c.wav
normal,fsd50k_gunshot_48c1d185,gunshot,0.2435,0.0372,fireworks,0.0,1.008,D:\IUH_K18\HK1N5\KLTN\audio-security-rag\data\interim\normalized\gunshot\fsd50k_gunshot_48c1d185.wav
normal,fsd50k_gunshot_962444c6,gunshot,0.2434,0.1013,explosion,0.0,0.686,D:\IUH_K18\HK1N5\KLTN\audio-security-rag\data\interim\normalized\gunshot\fsd50k_gunshot_962444c6.wav
normal,urbansound8k_gunshot_e2d4fe47,gunshot,0.2432,0.0181,fireworks,0.0,0.73,D:\IUH_K18\HK1N5\KLTN\audio-security-rag\data\interim\normalized\gunshot\urbansound8k_gunshot_e2d4fe47.wav
normal,urbansound8k_gunshot_fff33ed0,gunshot,0.2405,0.0651,fireworks,0.0,1.01,D:\IUH_K18\HK1N5\KLTN\audio-security-rag\data\interim\normalized\gunshot\urbansound8k_gunshot_fff33ed0.wav
normal,fsd50k_gunshot_d967061e,gunshot,0.2392,0.0183,door_slam,0.908,2.924,D:\IUH_K18\HK1N5\KLTN\audio-security-rag\data\interim\normalized\gunshot\fsd50k_gunshot_d967061e.wav
normal,urbansound8k_gunshot_7f6e69bc,gunshot,0.2358,0.19,fireworks,0.0,0.684,D:\IUH_K18\HK1N5\KLTN\audio-security-rag\data\interim\normalized\gunshot\urbansound8k_gunshot_7f6e69bc.wav
normal,urbansound8k_gunshot_df3a9e95,gunshot,0.2349,0.1882,fireworks,0.0,0.688,D:\IUH_K18\HK1N5\KLTN\audio-security-rag\data\interim\normalized\gunshot\urbansound8k_gunshot_df3a9e95.wav
normal,fsd50k_gunshot_39ccba85,gunshot,0.2339,0.113,explosion,0.0,0.688,D:\IUH_K18\HK1N5\KLTN\audio-security-rag\data\interim\normalized\gunshot\fsd50k_gunshot_39ccba85.wav
normal,urbansound8k_gunshot_d139816b,gunshot,0.2322,0.0423,explosion,0.0,0.577,D:\IUH_K18\HK1N5\KLTN\audio-security-rag\data\interim\normalized\gunshot\urbansound8k_gunshot_d139816b.wav
normal,urbansound8k_gunshot_c464af64,gunshot,0.2318,0.0298,explosion,0.0,0.687,D:\IUH_K18\HK1N5\KLTN\audio-security-rag\data\interim\normalized\gunshot\urbansound8k_gunshot_c464af64.wav
normal,urbansound8k_gunshot_d3414510,gunshot,0.229,0.198,fireworks,0.0,1.003,D:\IUH_K18\HK1N5\KLTN\audio-security-rag\data\interim\normalized\gunshot\urbansound8k_gunshot_d3414510.wav
normal,fsd50k_gunshot_cf3ca35f,gunshot,0.2288,0.0697,explosion,0.0,0.516,D:\IUH_K18\HK1N5\KLTN\audio-security-rag\data\interim\normalized\gunshot\fsd50k_gunshot_cf3ca35f.wav
normal,urbansound8k_gunshot_7bd325f9,gunshot,0.2274,0.0087,fireworks,0.0,0.83,D:\IUH_K18\HK1N5\KLTN\audio-security-rag\data\interim\normalized\gunshot\urbansound8k_gunshot_7bd325f9.wav
normal,urbansound8k_gunshot_94728d83,gunshot,0.2248,0.1705,fireworks,1.228,1.967,D:\IUH_K18\HK1N5\KLTN\audio-security-rag\data\interim\normalized\gunshot\urbansound8k_gunshot_94728d83.wav
normal,fsd50k_gunshot_3ad92abe,gunshot,0.2235,0.1006,explosion,0.0,0.688,D:\IUH_K18\HK1N5\KLTN\audio-security-rag\data\interim\normalized\gunshot\fsd50k_gunshot_3ad92abe.wav
normal,urbansound8k_gunshot_8cfe4765,gunshot,0.2222,0.0075,explosion,0.0,0.51,D:\IUH_K18\HK1N5\KLTN\audio-security-rag\data\interim\normalized\gunshot\urbansound8k_gunshot_8cfe4765.wav
normal,urbansound8k_gunshot_40507a0c,gunshot,0.2217,0.0356,explosion,0.0,0.69,D:\IUH_K18\HK1N5\KLTN\audio-security-rag\data\interim\normalized\gunshot\urbansound8k_gunshot_40507a0c.wav
normal,urbansound8k_gunshot_6b250443,gunshot,0.2199,0.2066,explosion,0.0,0.684,D:\IUH_K18\HK1N5\KLTN\audio-security-rag\data\interim\normalized\gunshot\urbansound8k_gunshot_6b250443.wav
normal,urbansound8k_gunshot_fa0bbed3,gunshot,0.2193,0.0911,fireworks,0.0,0.687,D:\IUH_K18\HK1N5\KLTN\audio-security-rag\data\interim\normalized\gunshot\urbansound8k_gunshot_fa0bbed3.wav
normal,urbansound8k_gunshot_1e729155,gunshot,0.2191,0.0052,explosion,0.0,0.43,D:\IUH_K18\HK1N5\KLTN\audio-security-rag\data\interim\normalized\gunshot\urbansound8k_gunshot_1e729155.wav
normal,fsd50k_gunshot_3ba25ff3,gunshot,0.2183,0.1393,fireworks,0.0,1.01,D:\IUH_K18\HK1N5\KLTN\audio-security-rag\data\interim\normalized\gunshot\fsd50k_gunshot_3ba25ff3.wav
normal,urbansound8k_gunshot_0946a453,gunshot,0.2168,0.0091,fireworks,0.0,0.499,D:\IUH_K18\HK1N5\KLTN\audio-security-rag\data\interim\normalized\gunshot\urbansound8k_gunshot_0946a453.wav
normal,urbansound8k_gunshot_3e486218,gunshot,0.214,0.0248,fireworks,0.0,0.682,D:\IUH_K18\HK1N5\KLTN\audio-security-rag\data\interim\normalized\gunshot\urbansound8k_gunshot_3e486218.wav
normal,urbansound8k_gunshot_d783718e,gunshot,0.2133,0.0604,fireworks,0.0,0.63,D:\IUH_K18\HK1N5\KLTN\audio-security-rag\data\interim\normalized\gunshot\urbansound8k_gunshot_d783718e.wav
normal,urbansound8k_gunshot_e448490f,gunshot,0.2125,0.0351,explosion,0.0,1.008,D:\IUH_K18\HK1N5\KLTN\audio-security-rag\data\interim\normalized\gunshot\urbansound8k_gunshot_e448490f.wav
normal,fsd50k_gunshot_1d64c020,gunshot,0.2094,0.0529,explosion,0.0,1.01,D:\IUH_K18\HK1N5\KLTN\audio-security-rag\data\interim\normalized\gunshot\fsd50k_gunshot_1d64c020.wav
normal,urbansound8k_gunshot_1b968d8b,gunshot,0.2092,0.0324,explosion,0.0,0.681,D:\IUH_K18\HK1N5\KLTN\audio-security-rag\data\interim\normalized\gunshot\urbansound8k_gunshot_1b968d8b.wav
normal,urbansound8k_gunshot_8d0b49a7,gunshot,0.2088,0.0498,explosion,0.0,0.686,D:\IUH_K18\HK1N5\KLTN\audio-security-rag\data\interim\normalized\gunshot\urbansound8k_gunshot_8d0b49a7.wav
normal,urbansound8k_gunshot_e33f3d37,gunshot,0.207,0.0918,explosion,0.0,1.008,D:\IUH_K18\HK1N5\KLTN\audio-security-rag\data\interim\normalized\gunshot\urbansound8k_gunshot_e33f3d37.wav
normal,fsd50k_gunshot_1788cd96,gunshot,0.2064,0.1911,explosion,0.0,1.007,D:\IUH_K18\HK1N5\KLTN\audio-security-rag\data\interim\normalized\gunshot\fsd50k_gunshot_1788cd96.wav
normal,urbansound8k_gunshot_9ddff002,gunshot,0.2056,0.0914,fireworks,0.0,1.003,D:\IUH_K18\HK1N5\KLTN\audio-security-rag\data\interim\normalized\gunshot\urbansound8k_gunshot_9ddff002.wav
normal,fsd50k_gunshot_c4b4c796,gunshot,0.2038,0.1067,fireworks,0.27,1.33,D:\IUH_K18\HK1N5\KLTN\audio-security-rag\data\interim\normalized\gunshot\fsd50k_gunshot_c4b4c796.wav
normal,urbansound8k_gunshot_3c635107,gunshot,0.2031,0.1222,fireworks,0.0,0.689,D:\IUH_K18\HK1N5\KLTN\audio-security-rag\data\interim\normalized\gunshot\urbansound8k_gunshot_3c635107.wav
normal,urbansound8k_gunshot_e8b169b1,gunshot,0.2022,0.0415,fireworks,0.0,0.54,D:\IUH_K18\HK1N5\KLTN\audio-security-rag\data\interim\normalized\gunshot\urbansound8k_gunshot_e8b169b1.wav
normal,urbansound8k_gunshot_4004a5bc,gunshot,0.2012,0.181,fireworks,0.0,1.17,D:\IUH_K18\HK1N5\KLTN\audio-security-rag\data\interim\normalized\gunshot\urbansound8k_gunshot_4004a5bc.wav
normal,urbansound8k_gunshot_cd192765,gunshot,0.1945,0.1227,fireworks,0.0,0.75,D:\IUH_K18\HK1N5\KLTN\audio-security-rag\data\interim\normalized\gunshot\urbansound8k_gunshot_cd192765.wav
normal,urbansound8k_gunshot_7a99f097,gunshot,0.1936,0.1575,fireworks,0.0,0.688,D:\IUH_K18\HK1N5\KLTN\audio-security-rag\data\interim\normalized\gunshot\urbansound8k_gunshot_7a99f097.wav
normal,urbansound8k_gunshot_295a0e40,gunshot,0.1929,0.0031,fireworks,0.0,0.53,D:\IUH_K18\HK1N5\KLTN\audio-security-rag\data\interim\normalized\gunshot\urbansound8k_gunshot_295a0e40.wav
normal,fsd50k_gunshot_1c25f0cf,gunshot,0.1911,0.0021,explosion,0.0,0.688,D:\IUH_K18\HK1N5\KLTN\audio-security-rag\data\interim\normalized\gunshot\fsd50k_gunshot_1c25f0cf.wav
normal,urbansound8k_gunshot_efab0b29,gunshot,0.1907,0.0293,fireworks,0.0,1.009,D:\IUH_K18\HK1N5\KLTN\audio-security-rag\data\interim\normalized\gunshot\urbansound8k_gunshot_efab0b29.wav
normal,urbansound8k_gunshot_75182c54,gunshot,0.1902,0.0095,fireworks,0.0,0.688,D:\IUH_K18\HK1N5\KLTN\audio-security-rag\data\interim\normalized\gunshot\urbansound8k_gunshot_75182c54.wav
normal,urbansound8k_gunshot_16faaf2e,gunshot,0.1896,0.1675,fireworks,0.0,0.687,D:\IUH_K18\HK1N5\KLTN\audio-security-rag\data\interim\normalized\gunshot\urbansound8k_gunshot_16faaf2e.wav
normal,urbansound8k_gunshot_2fcbe674,gunshot,0.1884,0.1068,fireworks,0.0,0.688,D:\IUH_K18\HK1N5\KLTN\audio-security-rag\data\interim\normalized\gunshot\urbansound8k_gunshot_2fcbe674.wav
normal,urbansound8k_gunshot_f3113624,gunshot,0.1881,0.0584,explosion,0.0,0.687,D:\IUH_K18\HK1N5\KLTN\audio-security-rag\data\interim\normalized\gunshot\urbansound8k_gunshot_f3113624.wav
normal,urbansound8k_gunshot_6f4d0ae4,gunshot,0.1875,0.1721,fireworks,0.0,1.008,D:\IUH_K18\HK1N5\KLTN\audio-security-rag\data\interim\normalized\gunshot\urbansound8k_gunshot_6f4d0ae4.wav
normal,fsd50k_gunshot_1f092be4,gunshot,0.1859,0.0706,explosion,0.0,0.538,D:\IUH_K18\HK1N5\KLTN\audio-security-rag\data\interim\normalized\gunshot\fsd50k_gunshot_1f092be4.wav
normal,urbansound8k_gunshot_5d0e581f,gunshot,0.1853,0.0149,explosion,0.0,0.86,D:\IUH_K18\HK1N5\KLTN\audio-security-rag\data\interim\normalized\gunshot\urbansound8k_gunshot_5d0e581f.wav
normal,fsd50k_gunshot_d729f23e,gunshot,0.1816,0.0214,explosion,0.0,0.687,D:\IUH_K18\HK1N5\KLTN\audio-security-rag\data\interim\normalized\gunshot\fsd50k_gunshot_d729f23e.wav
normal,urbansound8k_gunshot_7b2b1c4e,gunshot,0.1768,0.064,fireworks,0.0,1.327,D:\IUH_K18\HK1N5\KLTN\audio-security-rag\data\interim\normalized\gunshot\urbansound8k_gunshot_7b2b1c4e.wav
normal,urbansound8k_gunshot_cf53c668,gunshot,0.1767,0.0075,explosion,0.0,1.076,D:\IUH_K18\HK1N5\KLTN\audio-security-rag\data\interim\normalized\gunshot\urbansound8k_gunshot_cf53c668.wav
normal,urbansound8k_gunshot_a8107af0,gunshot,0.1763,0.047,fireworks,0.0,0.857,D:\IUH_K18\HK1N5\KLTN\audio-security-rag\data\interim\normalized\gunshot\urbansound8k_gunshot_a8107af0.wav
normal,fsd50k_gunshot_41377fbd,gunshot,0.1751,0.1009,fireworks,0.0,0.686,D:\IUH_K18\HK1N5\KLTN\audio-security-rag\data\interim\normalized\gunshot\fsd50k_gunshot_41377fbd.wav
normal,fsd50k_gunshot_d17bbe49,gunshot,0.175,0.0579,explosion,0.909,2.288,D:\IUH_K18\HK1N5\KLTN\audio-security-rag\data\interim\normalized\gunshot\fsd50k_gunshot_d17bbe49.wav
normal,urbansound8k_gunshot_c82f9af6,gunshot,0.173,0.1318,fireworks,0.0,0.786,D:\IUH_K18\HK1N5\KLTN\audio-security-rag\data\interim\normalized\gunshot\urbansound8k_gunshot_c82f9af6.wav
normal,urbansound8k_gunshot_6c07a105,gunshot,0.1717,0.0061,fireworks,0.0,0.43,D:\IUH_K18\HK1N5\KLTN\audio-security-rag\data\interim\normalized\gunshot\urbansound8k_gunshot_6c07a105.wav
normal,urbansound8k_gunshot_8fea0630,gunshot,0.1679,0.019,fireworks,0.0,0.683,D:\IUH_K18\HK1N5\KLTN\audio-security-rag\data\interim\normalized\gunshot\urbansound8k_gunshot_8fea0630.wav
normal,urbansound8k_gunshot_d0495522,gunshot,0.1667,0.0284,fireworks,0.0,0.681,D:\IUH_K18\HK1N5\KLTN\audio-security-rag\data\interim\normalized\gunshot\urbansound8k_gunshot_d0495522.wav
normal,urbansound8k_gunshot_6a513d78,gunshot,0.1636,0.0252,fireworks,0.0,0.577,D:\IUH_K18\HK1N5\KLTN\audio-security-rag\data\interim\normalized\gunshot\urbansound8k_gunshot_6a513d78.wav
normal,urbansound8k_gunshot_fceb4bd3,gunshot,0.1623,0.0049,fireworks,0.0,0.44,D:\IUH_K18\HK1N5\KLTN\audio-security-rag\data\interim\normalized\gunshot\urbansound8k_gunshot_fceb4bd3.wav
normal,urbansound8k_gunshot_63ba8ed3,gunshot,0.1622,0.0046,fireworks,0.0,0.46,D:\IUH_K18\HK1N5\KLTN\audio-security-rag\data\interim\normalized\gunshot\urbansound8k_gunshot_63ba8ed3.wav
normal,urbansound8k_gunshot_95c157ec,gunshot,0.1605,0.0762,fireworks,0.0,1.006,D:\IUH_K18\HK1N5\KLTN\audio-security-rag\data\interim\normalized\gunshot\urbansound8k_gunshot_95c157ec.wav
normal,fsd50k_gunshot_faf95891,gunshot,0.1558,0.0116,fireworks,0.0,0.461,D:\IUH_K18\HK1N5\KLTN\audio-security-rag\data\interim\normalized\gunshot\fsd50k_gunshot_faf95891.wav
normal,fsd50k_gunshot_06aa1291,gunshot,0.1534,0.0439,explosion,0.0,0.509,D:\IUH_K18\HK1N5\KLTN\audio-security-rag\data\interim\normalized\gunshot\fsd50k_gunshot_06aa1291.wav
normal,urbansound8k_gunshot_652742c0,gunshot,0.1519,0.1072,fireworks,0.0,0.598,D:\IUH_K18\HK1N5\KLTN\audio-security-rag\data\interim\normalized\gunshot\urbansound8k_gunshot_652742c0.wav
normal,urbansound8k_gunshot_a114d4dc,gunshot,0.1519,0.0233,fireworks,0.0,0.684,D:\IUH_K18\HK1N5\KLTN\audio-security-rag\data\interim\normalized\gunshot\urbansound8k_gunshot_a114d4dc.wav
normal,urbansound8k_gunshot_37d734ee,gunshot,0.1508,0.0379,fireworks,0.0,1.005,D:\IUH_K18\HK1N5\KLTN\audio-security-rag\data\interim\normalized\gunshot\urbansound8k_gunshot_37d734ee.wav
normal,fsd50k_gunshot_a6928570,gunshot,0.149,0.0262,explosion,0.0,1.007,D:\IUH_K18\HK1N5\KLTN\audio-security-rag\data\interim\normalized\gunshot\fsd50k_gunshot_a6928570.wav
normal,urbansound8k_gunshot_f5147782,gunshot,0.1487,0.064,fireworks,0.0,0.687,D:\IUH_K18\HK1N5\KLTN\audio-security-rag\data\interim\normalized\gunshot\urbansound8k_gunshot_f5147782.wav
normal,urbansound8k_gunshot_7f76aae3,gunshot,0.1474,0.139,fireworks,0.0,0.683,D:\IUH_K18\HK1N5\KLTN\audio-security-rag\data\interim\normalized\gunshot\urbansound8k_gunshot_7f76aae3.wav
normal,urbansound8k_gunshot_b856a6b2,gunshot,0.146,0.0149,explosion,0.0,0.689,D:\IUH_K18\HK1N5\KLTN\audio-security-rag\data\interim\normalized\gunshot\urbansound8k_gunshot_b856a6b2.wav
normal,urbansound8k_gunshot_7450460a,gunshot,0.1458,0.1364,fireworks,0.0,1.329,D:\IUH_K18\HK1N5\KLTN\audio-security-rag\data\interim\normalized\gunshot\urbansound8k_gunshot_7450460a.wav
normal,fsd50k_gunshot_706beb56,gunshot,0.1444,0.0896,explosion,0.0,0.681,D:\IUH_K18\HK1N5\KLTN\audio-security-rag\data\interim\normalized\gunshot\fsd50k_gunshot_706beb56.wav
normal,urbansound8k_gunshot_eea9c0be,gunshot,0.1401,0.0535,fireworks,0.0,0.69,D:\IUH_K18\HK1N5\KLTN\audio-security-rag\data\interim\normalized\gunshot\urbansound8k_gunshot_eea9c0be.wav
normal,urbansound8k_gunshot_0175b772,gunshot,0.1393,0.0478,explosion,0.0,0.69,D:\IUH_K18\HK1N5\KLTN\audio-security-rag\data\interim\normalized\gunshot\urbansound8k_gunshot_0175b772.wav
normal,urbansound8k_gunshot_f551c8e7,gunshot,0.1393,0.0886,fireworks,0.0,0.683,D:\IUH_K18\HK1N5\KLTN\audio-security-rag\data\interim\normalized\gunshot\urbansound8k_gunshot_f551c8e7.wav
normal,urbansound8k_gunshot_8c788080,gunshot,0.139,0.0995,door_slam,0.0,0.688,D:\IUH_K18\HK1N5\KLTN\audio-security-rag\data\interim\normalized\gunshot\urbansound8k_gunshot_8c788080.wav
normal,urbansound8k_gunshot_a0686708,gunshot,0.1373,0.0044,fireworks,0.0,0.684,D:\IUH_K18\HK1N5\KLTN\audio-security-rag\data\interim\normalized\gunshot\urbansound8k_gunshot_a0686708.wav
normal,urbansound8k_gunshot_e5c6b744,gunshot,0.1361,0.0972,fireworks,0.0,0.598,D:\IUH_K18\HK1N5\KLTN\audio-security-rag\data\interim\normalized\gunshot\urbansound8k_gunshot_e5c6b744.wav
normal,urbansound8k_gunshot_43a6a977,gunshot,0.1331,0.054,fireworks,0.0,1.005,D:\IUH_K18\HK1N5\KLTN\audio-security-rag\data\interim\normalized\gunshot\urbansound8k_gunshot_43a6a977.wav
normal,fsd50k_gunshot_00473321,gunshot,0.1326,0.0822,explosion,0.0,0.688,D:\IUH_K18\HK1N5\KLTN\audio-security-rag\data\interim\normalized\gunshot\fsd50k_gunshot_00473321.wav
normal,fsd50k_gunshot_ba6a8260,gunshot,0.1317,0.0741,fireworks,0.0,0.689,D:\IUH_K18\HK1N5\KLTN\audio-security-rag\data\interim\normalized\gunshot\fsd50k_gunshot_ba6a8260.wav
normal,urbansound8k_gunshot_db9b037c,gunshot,0.1293,0.0548,fireworks,0.0,1.005,D:\IUH_K18\HK1N5\KLTN\audio-security-rag\data\interim\normalized\gunshot\urbansound8k_gunshot_db9b037c.wav
normal,urbansound8k_gunshot_1be00f3b,gunshot,0.1292,0.0341,fireworks,0.0,1.01,D:\IUH_K18\HK1N5\KLTN\audio-security-rag\data\interim\normalized\gunshot\urbansound8k_gunshot_1be00f3b.wav
normal,fsd50k_gunshot_20aac7be,gunshot,0.1243,0.0617,fireworks,0.0,0.687,D:\IUH_K18\HK1N5\KLTN\audio-security-rag\data\interim\normalized\gunshot\fsd50k_gunshot_20aac7be.wav
normal,urbansound8k_gunshot_46f3c4f2,gunshot,0.1218,0.0234,explosion,0.0,1.004,D:\IUH_K18\HK1N5\KLTN\audio-security-rag\data\interim\normalized\gunshot\urbansound8k_gunshot_46f3c4f2.wav
normal,urbansound8k_gunshot_67fcefa5,gunshot,0.1202,0.0451,fireworks,0.0,0.686,D:\IUH_K18\HK1N5\KLTN\audio-security-rag\data\interim\normalized\gunshot\urbansound8k_gunshot_67fcefa5.wav
normal,fsd50k_gunshot_5a3be124,gunshot,0.1194,0.0442,explosion,1.546,2.284,D:\IUH_K18\HK1N5\KLTN\audio-security-rag\data\interim\normalized\gunshot\fsd50k_gunshot_5a3be124.wav
normal,urbansound8k_gunshot_ef1b16c1,gunshot,0.1162,0.0167,fireworks,0.0,0.688,D:\IUH_K18\HK1N5\KLTN\audio-security-rag\data\interim\normalized\gunshot\urbansound8k_gunshot_ef1b16c1.wav
normal,fsd50k_gunshot_7738e8c9,gunshot,0.1149,0.0329,fireworks,0.91,2.609,D:\IUH_K18\HK1N5\KLTN\audio-security-rag\data\interim\normalized\gunshot\fsd50k_gunshot_7738e8c9.wav
normal,urbansound8k_gunshot_fe834b49,gunshot,0.114,0.0273,fireworks,0.0,1.008,D:\IUH_K18\HK1N5\KLTN\audio-security-rag\data\interim\normalized\gunshot\urbansound8k_gunshot_fe834b49.wav
normal,urbansound8k_gunshot_9de2e417,gunshot,0.1125,0.008,explosion,0.0,0.688,D:\IUH_K18\HK1N5\KLTN\audio-security-rag\data\interim\normalized\gunshot\urbansound8k_gunshot_9de2e417.wav
normal,urbansound8k_gunshot_accb620a,gunshot,0.1125,0.011,fireworks,0.0,0.685,D:\IUH_K18\HK1N5\KLTN\audio-security-rag\data\interim\normalized\gunshot\urbansound8k_gunshot_accb620a.wav
normal,fsd50k_gunshot_74eefb4e,gunshot,0.1119,0.0335,explosion,0.0,0.538,D:\IUH_K18\HK1N5\KLTN\audio-security-rag\data\interim\normalized\gunshot\fsd50k_gunshot_74eefb4e.wav
normal,urbansound8k_gunshot_188cb4eb,gunshot,0.1107,0.0737,fireworks,0.0,0.687,D:\IUH_K18\HK1N5\KLTN\audio-security-rag\data\interim\normalized\gunshot\urbansound8k_gunshot_188cb4eb.wav
normal,fsd50k_gunshot_c424933b,gunshot,0.1102,0.0719,explosion,0.0,0.689,D:\IUH_K18\HK1N5\KLTN\audio-security-rag\data\interim\normalized\gunshot\fsd50k_gunshot_c424933b.wav
normal,urbansound8k_gunshot_5efb252e,gunshot,0.1083,0.0193,explosion,0.0,0.687,D:\IUH_K18\HK1N5\KLTN\audio-security-rag\data\interim\normalized\gunshot\urbansound8k_gunshot_5efb252e.wav
normal,urbansound8k_gunshot_5e0a779c,gunshot,0.1082,0.0041,fireworks,0.0,1.087,D:\IUH_K18\HK1N5\KLTN\audio-security-rag\data\interim\normalized\gunshot\urbansound8k_gunshot_5e0a779c.wav
normal,urbansound8k_gunshot_e5505222,gunshot,0.1072,0.0199,explosion,0.0,0.686,D:\IUH_K18\HK1N5\KLTN\audio-security-rag\data\interim\normalized\gunshot\urbansound8k_gunshot_e5505222.wav
normal,urbansound8k_gunshot_9f4277cb,gunshot,0.1065,0.008,fireworks,0.0,0.688,D:\IUH_K18\HK1N5\KLTN\audio-security-rag\data\interim\normalized\gunshot\urbansound8k_gunshot_9f4277cb.wav
normal,fsd50k_gunshot_60c6021a,gunshot,0.1,0.0628,door_slam,0.0,0.686,D:\IUH_K18\HK1N5\KLTN\audio-security-rag\data\interim\normalized\gunshot\fsd50k_gunshot_60c6021a.wav
normal,fsd50k_gunshot_4412cc10,gunshot,0.0959,0.0467,fireworks,0.0,0.681,D:\IUH_K18\HK1N5\KLTN\audio-security-rag\data\interim\normalized\gunshot\fsd50k_gunshot_4412cc10.wav
normal,urbansound8k_gunshot_fd44f0b6,gunshot,0.0945,0.022,explosion,0.0,0.688,D:\IUH_K18\HK1N5\KLTN\audio-security-rag\data\interim\normalized\gunshot\urbansound8k_gunshot_fd44f0b6.wav
normal,urbansound8k_gunshot_4489c122,gunshot,0.0906,0.0388,explosion,0.0,0.685,D:\IUH_K18\HK1N5\KLTN\audio-security-rag\data\interim\normalized\gunshot\urbansound8k_gunshot_4489c122.wav
normal,urbansound8k_gunshot_f41ea459,gunshot,0.0902,0.0384,fireworks,0.0,0.687,D:\IUH_K18\HK1N5\KLTN\audio-security-rag\data\interim\normalized\gunshot\urbansound8k_gunshot_f41ea459.wav
normal,urbansound8k_gunshot_35cc3f22,gunshot,0.0876,0.0156,fireworks,0.0,0.689,D:\IUH_K18\HK1N5\KLTN\audio-security-rag\data\interim\normalized\gunshot\urbansound8k_gunshot_35cc3f22.wav
normal,urbansound8k_gunshot_13f7f9b2,gunshot,0.0866,0.0067,explosion,0.0,0.37,D:\IUH_K18\HK1N5\KLTN\audio-security-rag\data\interim\normalized\gunshot\urbansound8k_gunshot_13f7f9b2.wav
normal,urbansound8k_gunshot_1bce5cb2,gunshot,0.0863,0.0124,fireworks,0.0,0.685,D:\IUH_K18\HK1N5\KLTN\audio-security-rag\data\interim\normalized\gunshot\urbansound8k_gunshot_1bce5cb2.wav
normal,urbansound8k_gunshot_95515438,gunshot,0.0853,0.0101,fireworks,0.0,0.688,D:\IUH_K18\HK1N5\KLTN\audio-security-rag\data\interim\normalized\gunshot\urbansound8k_gunshot_95515438.wav
normal,fsd50k_gunshot_f61ae707,gunshot,0.079,0.0045,door_slam,0.0,0.688,D:\IUH_K18\HK1N5\KLTN\audio-security-rag\data\interim\normalized\gunshot\fsd50k_gunshot_f61ae707.wav
normal,urbansound8k_gunshot_67cb3ef8,gunshot,0.0773,0.0144,fireworks,0.0,0.684,D:\IUH_K18\HK1N5\KLTN\audio-security-rag\data\interim\normalized\gunshot\urbansound8k_gunshot_67cb3ef8.wav
normal,urbansound8k_gunshot_f7ac4bea,gunshot,0.0771,0.0693,fireworks,0.0,0.687,D:\IUH_K18\HK1N5\KLTN\audio-security-rag\data\interim\normalized\gunshot\urbansound8k_gunshot_f7ac4bea.wav
normal,urbansound8k_gunshot_05b7ce51,gunshot,0.0765,0.0073,explosion,0.0,0.478,D:\IUH_K18\HK1N5\KLTN\audio-security-rag\data\interim\normalized\gunshot\urbansound8k_gunshot_05b7ce51.wav
normal,fsd50k_gunshot_5b5a0e33,gunshot,0.0722,0.0355,fireworks,0.0,0.682,D:\IUH_K18\HK1N5\KLTN\audio-security-rag\data\interim\normalized\gunshot\fsd50k_gunshot_5b5a0e33.wav
normal,fsd50k_gunshot_e29ad141,gunshot,0.0692,0.0332,fireworks,0.269,1.325,D:\IUH_K18\HK1N5\KLTN\audio-security-rag\data\interim\normalized\gunshot\fsd50k_gunshot_e29ad141.wav
normal,fsd50k_gunshot_c3b2af8e,gunshot,0.0688,0.0198,explosion,0.0,0.686,D:\IUH_K18\HK1N5\KLTN\audio-security-rag\data\interim\normalized\gunshot\fsd50k_gunshot_c3b2af8e.wav
normal,urbansound8k_gunshot_56850f1e,gunshot,0.0674,0.0053,fireworks,0.0,0.179,D:\IUH_K18\HK1N5\KLTN\audio-security-rag\data\interim\normalized\gunshot\urbansound8k_gunshot_56850f1e.wav
normal,urbansound8k_gunshot_37245103,gunshot,0.0632,0.0435,fireworks,0.0,0.687,D:\IUH_K18\HK1N5\KLTN\audio-security-rag\data\interim\normalized\gunshot\urbansound8k_gunshot_37245103.wav
normal,fsd50k_gunshot_099f80d8,gunshot,0.0612,0.0607,explosion,0.0,0.68,D:\IUH_K18\HK1N5\KLTN\audio-security-rag\data\interim\normalized\gunshot\fsd50k_gunshot_099f80d8.wav
normal,fsd50k_gunshot_6b7b9ee8,gunshot,0.0543,0.0222,door_slam,0.0,0.549,D:\IUH_K18\HK1N5\KLTN\audio-security-rag\data\interim\normalized\gunshot\fsd50k_gunshot_6b7b9ee8.wav
normal,urbansound8k_gunshot_f0b08812,gunshot,0.0512,0.0283,fireworks,0.0,0.686,D:\IUH_K18\HK1N5\KLTN\audio-security-rag\data\interim\normalized\gunshot\urbansound8k_gunshot_f0b08812.wav
normal,fsd50k_laughter_dab5ef06,laughter,0.2979,0.0006,scream,0.588,2.503,D:\IUH_K18\HK1N5\KLTN\audio-security-rag\data\interim\normalized\laughter\fsd50k_laughter_dab5ef06.wav
normal,fsd50k_laughter_fd037a5a,laughter,0.2968,0.0091,scream,0.907,2.252,D:\IUH_K18\HK1N5\KLTN\audio-security-rag\data\interim\normalized\laughter\fsd50k_laughter_fd037a5a.wav
normal,fsd50k_laughter_83e59908,laughter,0.2965,0.0022,scream,2.827,4.525,D:\IUH_K18\HK1N5\KLTN\audio-security-rag\data\interim\normalized\laughter\fsd50k_laughter_83e59908.wav
normal,fsd50k_laughter_b40ebff0,laughter,0.2965,0.0044,scream,0.27,1.33,D:\IUH_K18\HK1N5\KLTN\audio-security-rag\data\interim\normalized\laughter\fsd50k_laughter_b40ebff0.wav
normal,fsd50k_laughter_c5d0b27f,laughter,0.2941,0.0005,scream,0.0,1.324,D:\IUH_K18\HK1N5\KLTN\audio-security-rag\data\interim\normalized\laughter\fsd50k_laughter_c5d0b27f.wav
normal,fsd50k_laughter_f85e2250,laughter,0.2932,0.0039,scream,0.0,1.009,D:\IUH_K18\HK1N5\KLTN\audio-security-rag\data\interim\normalized\laughter\fsd50k_laughter_f85e2250.wav
normal,fsd50k_laughter_1d21100f,laughter,0.293,0.0079,scream,0.0,1.009,D:\IUH_K18\HK1N5\KLTN\audio-security-rag\data\interim\normalized\laughter\fsd50k_laughter_1d21100f.wav
normal,fsd50k_laughter_ae2e5922,laughter,0.2917,0.0014,scream,0.0,0.401,D:\IUH_K18\HK1N5\KLTN\audio-security-rag\data\interim\normalized\laughter\fsd50k_laughter_ae2e5922.wav
normal,fsd50k_laughter_ebdc786f,laughter,0.2898,0.0007,scream,8.588,9.968,D:\IUH_K18\HK1N5\KLTN\audio-security-rag\data\interim\normalized\laughter\fsd50k_laughter_ebdc786f.wav
normal,esc50_laughter_8057fd39,laughter,0.2895,0.0055,scream,0.269,2.286,D:\IUH_K18\HK1N5\KLTN\audio-security-rag\data\interim\normalized\laughter\esc50_laughter_8057fd39.wav
normal,fsd50k_laughter_c4828d97,laughter,0.2881,0.0042,scream,0.0,1.149,D:\IUH_K18\HK1N5\KLTN\audio-security-rag\data\interim\normalized\laughter\fsd50k_laughter_c4828d97.wav
normal,fsd50k_laughter_5ac4ed99,laughter,0.2876,0.0201,scream,0.27,3.568,D:\IUH_K18\HK1N5\KLTN\audio-security-rag\data\interim\normalized\laughter\fsd50k_laughter_5ac4ed99.wav
normal,fsd50k_laughter_1cf92d05,laughter,0.2862,0.0532,scream,1.228,2.287,D:\IUH_K18\HK1N5\KLTN\audio-security-rag\data\interim\normalized\laughter\fsd50k_laughter_1cf92d05.wav
normal,fsd50k_laughter_0bae4f85,laughter,0.2851,0.0021,scream,0.268,1.533,D:\IUH_K18\HK1N5\KLTN\audio-security-rag\data\interim\normalized\laughter\fsd50k_laughter_0bae4f85.wav
normal,fsd50k_laughter_b8544607,laughter,0.2801,0.006,scream,1.868,2.927,D:\IUH_K18\HK1N5\KLTN\audio-security-rag\data\interim\normalized\laughter\fsd50k_laughter_b8544607.wav
normal,fsd50k_laughter_2af4cb55,laughter,0.2791,0.0009,scream,0.0,1.557,D:\IUH_K18\HK1N5\KLTN\audio-security-rag\data\interim\normalized\laughter\fsd50k_laughter_2af4cb55.wav
normal,fsd50k_laughter_ed9e7341,laughter,0.2767,0.0208,scream,0.269,1.646,D:\IUH_K18\HK1N5\KLTN\audio-security-rag\data\interim\normalized\laughter\fsd50k_laughter_ed9e7341.wav
normal,esc50_laughter_b13e8ec2,laughter,0.2734,0.001,scream,0.0,0.689,D:\IUH_K18\HK1N5\KLTN\audio-security-rag\data\interim\normalized\laughter\esc50_laughter_b13e8ec2.wav
normal,fsd50k_laughter_5b901f6a,laughter,0.2726,0.0109,scream,0.269,1.325,D:\IUH_K18\HK1N5\KLTN\audio-security-rag\data\interim\normalized\laughter\fsd50k_laughter_5b901f6a.wav
normal,fsd50k_laughter_f0d9c6ce,laughter,0.2724,0.0012,scream,0.0,1.007,D:\IUH_K18\HK1N5\KLTN\audio-security-rag\data\interim\normalized\laughter\fsd50k_laughter_f0d9c6ce.wav
normal,fsd50k_laughter_f43b4828,laughter,0.2723,0.0036,scream,1.869,2.608,D:\IUH_K18\HK1N5\KLTN\audio-security-rag\data\interim\normalized\laughter\fsd50k_laughter_f43b4828.wav
normal,fsd50k_laughter_76c658fc,laughter,0.2707,0.0529,scream,0.0,1.007,D:\IUH_K18\HK1N5\KLTN\audio-security-rag\data\interim\normalized\laughter\fsd50k_laughter_76c658fc.wav
normal,fsd50k_laughter_f05918c2,laughter,0.2703,0.0009,scream,1.869,3.249,D:\IUH_K18\HK1N5\KLTN\audio-security-rag\data\interim\normalized\laughter\fsd50k_laughter_f05918c2.wav
normal,fsd50k_laughter_f693f04c,laughter,0.2702,0.0004,scream,1.547,2.576,D:\IUH_K18\HK1N5\KLTN\audio-security-rag\data\interim\normalized\laughter\fsd50k_laughter_f693f04c.wav
normal,fsd50k_laughter_b1894eda,laughter,0.268,0.003,scream,0.0,0.689,D:\IUH_K18\HK1N5\KLTN\audio-security-rag\data\interim\normalized\laughter\fsd50k_laughter_b1894eda.wav
normal,fsd50k_laughter_35fdd0c0,laughter,0.2675,0.0025,scream,0.589,1.647,D:\IUH_K18\HK1N5\KLTN\audio-security-rag\data\interim\normalized\laughter\fsd50k_laughter_35fdd0c0.wav
normal,fsd50k_laughter_b109e0ca,laughter,0.2675,0.0005,scream,0.0,1.647,D:\IUH_K18\HK1N5\KLTN\audio-security-rag\data\interim\normalized\laughter\fsd50k_laughter_b109e0ca.wav
normal,fsd50k_laughter_7d678007,laughter,0.2668,0.0095,scream,0.0,1.005,D:\IUH_K18\HK1N5\KLTN\audio-security-rag\data\interim\normalized\laughter\fsd50k_laughter_7d678007.wav
normal,fsd50k_laughter_491c1f3f,laughter,0.2665,0.001,scream,0.27,1.97,D:\IUH_K18\HK1N5\KLTN\audio-security-rag\data\interim\normalized\laughter\fsd50k_laughter_491c1f3f.wav
normal,fsd50k_laughter_e264036d,laughter,0.2635,0.0172,scream,0.27,1.329,D:\IUH_K18\HK1N5\KLTN\audio-security-rag\data\interim\normalized\laughter\fsd50k_laughter_e264036d.wav
normal,fsd50k_laughter_e6a5f8ff,laughter,0.263,0.0008,shout_yell,0.0,2.606,D:\IUH_K18\HK1N5\KLTN\audio-security-rag\data\interim\normalized\laughter\fsd50k_laughter_e6a5f8ff.wav
normal,fsd50k_laughter_5e995ff7,laughter,0.2617,0.0009,scream,0.0,1.605,D:\IUH_K18\HK1N5\KLTN\audio-security-rag\data\interim\normalized\laughter\fsd50k_laughter_5e995ff7.wav
normal,fsd50k_laughter_a0b2f7b4,laughter,0.2594,0.0104,scream,0.27,1.01,D:\IUH_K18\HK1N5\KLTN\audio-security-rag\data\interim\normalized\laughter\fsd50k_laughter_a0b2f7b4.wav
normal,fsd50k_laughter_4cef5035,laughter,0.2573,0.0005,scream,0.0,0.391,D:\IUH_K18\HK1N5\KLTN\audio-security-rag\data\interim\normalized\laughter\fsd50k_laughter_4cef5035.wav
normal,fsd50k_laughter_e4f6c1b0,laughter,0.256,0.003,scream,1.549,3.249,D:\IUH_K18\HK1N5\KLTN\audio-security-rag\data\interim\normalized\laughter\fsd50k_laughter_e4f6c1b0.wav
normal,fsd50k_laughter_1fe90c01,laughter,0.2543,0.0052,scream,0.269,1.008,D:\IUH_K18\HK1N5\KLTN\audio-security-rag\data\interim\normalized\laughter\fsd50k_laughter_1fe90c01.wav
normal,fsd50k_laughter_bfaa687a,laughter,0.2532,0.0058,scream,0.0,0.687,D:\IUH_K18\HK1N5\KLTN\audio-security-rag\data\interim\normalized\laughter\fsd50k_laughter_bfaa687a.wav
normal,fsd50k_laughter_868eb91d,laughter,0.253,0.005,scream,0.0,1.01,D:\IUH_K18\HK1N5\KLTN\audio-security-rag\data\interim\normalized\laughter\fsd50k_laughter_868eb91d.wav
normal,fsd50k_laughter_36c5c51f,laughter,0.2519,0.0002,scream,1.549,2.579,D:\IUH_K18\HK1N5\KLTN\audio-security-rag\data\interim\normalized\laughter\fsd50k_laughter_36c5c51f.wav
normal,fsd50k_laughter_873c3817,laughter,0.2491,0.0012,scream,0.0,1.009,D:\IUH_K18\HK1N5\KLTN\audio-security-rag\data\interim\normalized\laughter\fsd50k_laughter_873c3817.wav
normal,fsd50k_laughter_06e6580e,laughter,0.2462,0.0055,scream,0.0,1.329,D:\IUH_K18\HK1N5\KLTN\audio-security-rag\data\interim\normalized\laughter\fsd50k_laughter_06e6580e.wav
normal,fsd50k_laughter_73e2928a,laughter,0.2457,0.023,scream,0.589,2.286,D:\IUH_K18\HK1N5\KLTN\audio-security-rag\data\interim\normalized\laughter\fsd50k_laughter_73e2928a.wav
normal,fsd50k_laughter_cb34f9a4,laughter,0.2457,0.0547,scream,0.0,1.01,D:\IUH_K18\HK1N5\KLTN\audio-security-rag\data\interim\normalized\laughter\fsd50k_laughter_cb34f9a4.wav
normal,fsd50k_laughter_c643b260,laughter,0.2447,0.001,scream,0.0,2.289,D:\IUH_K18\HK1N5\KLTN\audio-security-rag\data\interim\normalized\laughter\fsd50k_laughter_c643b260.wav
normal,fsd50k_laughter_1c82da80,laughter,0.2405,0.0031,scream,0.0,1.329,D:\IUH_K18\HK1N5\KLTN\audio-security-rag\data\interim\normalized\laughter\fsd50k_laughter_1c82da80.wav
normal,fsd50k_laughter_67294cbf,laughter,0.2402,0.004,scream,0.269,1.006,D:\IUH_K18\HK1N5\KLTN\audio-security-rag\data\interim\normalized\laughter\fsd50k_laughter_67294cbf.wav
normal,esc50_laughter_4e108347,laughter,0.2401,0.0009,scream,0.0,3.563,D:\IUH_K18\HK1N5\KLTN\audio-security-rag\data\interim\normalized\laughter\esc50_laughter_4e108347.wav
normal,fsd50k_laughter_f9f96ed2,laughter,0.2384,0.0086,scream,4.428,5.808,D:\IUH_K18\HK1N5\KLTN\audio-security-rag\data\interim\normalized\laughter\fsd50k_laughter_f9f96ed2.wav
normal,fsd50k_laughter_a0bad8bd,laughter,0.2378,0.0005,shout_yell,4.104,6.83,D:\IUH_K18\HK1N5\KLTN\audio-security-rag\data\interim\normalized\laughter\fsd50k_laughter_a0bad8bd.wav
normal,fsd50k_laughter_3cfb5eb8,laughter,0.233,0.0046,scream,0.269,2.432,D:\IUH_K18\HK1N5\KLTN\audio-security-rag\data\interim\normalized\laughter\fsd50k_laughter_3cfb5eb8.wav
normal,fsd50k_laughter_01d9e914,laughter,0.2313,0.0012,scream,0.0,1.007,D:\IUH_K18\HK1N5\KLTN\audio-security-rag\data\interim\normalized\laughter\fsd50k_laughter_01d9e914.wav
normal,fsd50k_laughter_13d7d5b5,laughter,0.2309,0.0663,scream,0.0,1.007,D:\IUH_K18\HK1N5\KLTN\audio-security-rag\data\interim\normalized\laughter\fsd50k_laughter_13d7d5b5.wav
normal,fsd50k_laughter_f92a4242,laughter,0.2289,0.0008,scream,0.0,1.841,D:\IUH_K18\HK1N5\KLTN\audio-security-rag\data\interim\normalized\laughter\fsd50k_laughter_f92a4242.wav
normal,fsd50k_laughter_38bce097,laughter,0.2281,0.0014,scream,0.0,1.007,D:\IUH_K18\HK1N5\KLTN\audio-security-rag\data\interim\normalized\laughter\fsd50k_laughter_38bce097.wav
normal,fsd50k_laughter_123fcd20,laughter,0.2234,0.0009,scream,2.187,3.885,D:\IUH_K18\HK1N5\KLTN\audio-security-rag\data\interim\normalized\laughter\fsd50k_laughter_123fcd20.wav
normal,fsd50k_laughter_c2998995,laughter,0.2229,0.0032,scream,15.942,17.962,D:\IUH_K18\HK1N5\KLTN\audio-security-rag\data\interim\normalized\laughter\fsd50k_laughter_c2998995.wav
normal,fsd50k_laughter_c9e032ca,laughter,0.22,0.0042,scream,0.0,1.008,D:\IUH_K18\HK1N5\KLTN\audio-security-rag\data\interim\normalized\laughter\fsd50k_laughter_c9e032ca.wav
normal,fsd50k_laughter_83b54a35,laughter,0.2199,0.0012,scream,0.0,1.004,D:\IUH_K18\HK1N5\KLTN\audio-security-rag\data\interim\normalized\laughter\fsd50k_laughter_83b54a35.wav
normal,fsd50k_laughter_d50b690b,laughter,0.2183,0.0015,scream,0.0,1.329,D:\IUH_K18\HK1N5\KLTN\audio-security-rag\data\interim\normalized\laughter\fsd50k_laughter_d50b690b.wav
normal,fsd50k_laughter_7790ea54,laughter,0.2177,0.0008,scream,0.0,0.963,D:\IUH_K18\HK1N5\KLTN\audio-security-rag\data\interim\normalized\laughter\fsd50k_laughter_7790ea54.wav
normal,fsd50k_laughter_8a7c8f1d,laughter,0.2117,0.0013,scream,0.0,1.329,D:\IUH_K18\HK1N5\KLTN\audio-security-rag\data\interim\normalized\laughter\fsd50k_laughter_8a7c8f1d.wav
normal,fsd50k_laughter_3cafab77,laughter,0.2112,0.032,scream,0.269,1.008,D:\IUH_K18\HK1N5\KLTN\audio-security-rag\data\interim\normalized\laughter\fsd50k_laughter_3cafab77.wav
normal,esc50_laughter_de5e5960,laughter,0.211,0.011,scream,0.0,1.647,D:\IUH_K18\HK1N5\KLTN\audio-security-rag\data\interim\normalized\laughter\esc50_laughter_de5e5960.wav
normal,fsd50k_laughter_1cf91de7,laughter,0.2109,0.0029,scream,0.269,1.326,D:\IUH_K18\HK1N5\KLTN\audio-security-rag\data\interim\normalized\laughter\fsd50k_laughter_1cf91de7.wav
normal,fsd50k_laughter_b1ebfa23,laughter,0.2095,0.0524,scream,5.387,6.767,D:\IUH_K18\HK1N5\KLTN\audio-security-rag\data\interim\normalized\laughter\fsd50k_laughter_b1ebfa23.wav
normal,esc50_laughter_e414fc3b,laughter,0.2093,0.0233,scream,0.0,1.008,D:\IUH_K18\HK1N5\KLTN\audio-security-rag\data\interim\normalized\laughter\esc50_laughter_e414fc3b.wav
normal,fsd50k_laughter_4f8c0836,laughter,0.2086,0.0008,shout_yell,0.0,1.325,D:\IUH_K18\HK1N5\KLTN\audio-security-rag\data\interim\normalized\laughter\fsd50k_laughter_4f8c0836.wav
normal,fsd50k_laughter_dbbb42f2,laughter,0.2064,0.0006,scream,0.269,1.717,D:\IUH_K18\HK1N5\KLTN\audio-security-rag\data\interim\normalized\laughter\fsd50k_laughter_dbbb42f2.wav
normal,fsd50k_laughter_7c2ec385,laughter,0.2063,0.0009,shout_yell,0.27,1.33,D:\IUH_K18\HK1N5\KLTN\audio-security-rag\data\interim\normalized\laughter\fsd50k_laughter_7c2ec385.wav
normal,fsd50k_laughter_91f976cf,laughter,0.2045,0.0004,shout_yell,0.0,2.081,D:\IUH_K18\HK1N5\KLTN\audio-security-rag\data\interim\normalized\laughter\fsd50k_laughter_91f976cf.wav
normal,fsd50k_laughter_a141ec91,laughter,0.2038,0.0075,scream,0.0,1.647,D:\IUH_K18\HK1N5\KLTN\audio-security-rag\data\interim\normalized\laughter\fsd50k_laughter_a141ec91.wav
normal,fsd50k_laughter_caf15281,laughter,0.2032,0.0081,scream,0.27,1.329,D:\IUH_K18\HK1N5\KLTN\audio-security-rag\data\interim\normalized\laughter\fsd50k_laughter_caf15281.wav
normal,fsd50k_laughter_f1db875c,laughter,0.2029,0.0008,scream,0.0,0.689,D:\IUH_K18\HK1N5\KLTN\audio-security-rag\data\interim\normalized\laughter\fsd50k_laughter_f1db875c.wav
normal,esc50_laughter_157dc3eb,laughter,0.2021,0.0007,scream,0.0,1.647,D:\IUH_K18\HK1N5\KLTN\audio-security-rag\data\interim\normalized\laughter\esc50_laughter_157dc3eb.wav
normal,esc50_laughter_ac22151d,laughter,0.2013,0.0014,scream,0.0,2.286,D:\IUH_K18\HK1N5\KLTN\audio-security-rag\data\interim\normalized\laughter\esc50_laughter_ac22151d.wav
normal,fsd50k_laughter_6a9a8296,laughter,0.2006,0.0014,shout_yell,0.0,1.328,D:\IUH_K18\HK1N5\KLTN\audio-security-rag\data\interim\normalized\laughter\fsd50k_laughter_6a9a8296.wav
normal,fsd50k_laughter_a1906a2f,laughter,0.2,0.0025,scream,0.0,1.095,D:\IUH_K18\HK1N5\KLTN\audio-security-rag\data\interim\normalized\laughter\fsd50k_laughter_a1906a2f.wav
normal,fsd50k_laughter_9666a599,laughter,0.1991,0.0015,scream,0.0,1.008,D:\IUH_K18\HK1N5\KLTN\audio-security-rag\data\interim\normalized\laughter\fsd50k_laughter_9666a599.wav
normal,fsd50k_laughter_bbe6468b,laughter,0.1971,0.0011,scream,1.548,3.245,D:\IUH_K18\HK1N5\KLTN\audio-security-rag\data\interim\normalized\laughter\fsd50k_laughter_bbe6468b.wav
normal,fsd50k_laughter_cd79a428,laughter,0.1956,0.002,scream,0.0,1.33,D:\IUH_K18\HK1N5\KLTN\audio-security-rag\data\interim\normalized\laughter\fsd50k_laughter_cd79a428.wav
normal,fsd50k_laughter_d65c9546,laughter,0.1954,0.0045,scream,2.51,3.249,D:\IUH_K18\HK1N5\KLTN\audio-security-rag\data\interim\normalized\laughter\fsd50k_laughter_d65c9546.wav
normal,fsd50k_laughter_3af5bed1,laughter,0.1949,0.0033,scream,0.27,2.926,D:\IUH_K18\HK1N5\KLTN\audio-security-rag\data\interim\normalized\laughter\fsd50k_laughter_3af5bed1.wav
normal,fsd50k_laughter_1c91133e,laughter,0.1934,0.0129,scream,6.344,8.362,D:\IUH_K18\HK1N5\KLTN\audio-security-rag\data\interim\normalized\laughter\fsd50k_laughter_1c91133e.wav
normal,fsd50k_laughter_b76c772f,laughter,0.1933,0.0009,scream,0.0,1.009,D:\IUH_K18\HK1N5\KLTN\audio-security-rag\data\interim\normalized\laughter\fsd50k_laughter_b76c772f.wav
normal,fsd50k_laughter_f964fe26,laughter,0.1923,0.0006,scream,0.0,0.766,D:\IUH_K18\HK1N5\KLTN\audio-security-rag\data\interim\normalized\laughter\fsd50k_laughter_f964fe26.wav
normal,fsd50k_laughter_cbdccb71,laughter,0.192,0.0015,scream,0.0,1.966,D:\IUH_K18\HK1N5\KLTN\audio-security-rag\data\interim\normalized\laughter\fsd50k_laughter_cbdccb71.wav
normal,fsd50k_laughter_1ff949b6,laughter,0.19,0.003,scream,0.0,1.33,D:\IUH_K18\HK1N5\KLTN\audio-security-rag\data\interim\normalized\laughter\fsd50k_laughter_1ff949b6.wav
normal,fsd50k_laughter_d052a76a,laughter,0.1894,0.0077,scream,0.0,1.009,D:\IUH_K18\HK1N5\KLTN\audio-security-rag\data\interim\normalized\laughter\fsd50k_laughter_d052a76a.wav
normal,fsd50k_laughter_46fbc33e,laughter,0.1893,0.0018,scream,0.0,1.004,D:\IUH_K18\HK1N5\KLTN\audio-security-rag\data\interim\normalized\laughter\fsd50k_laughter_46fbc33e.wav
normal,fsd50k_laughter_8b1d8aac,laughter,0.1885,0.0004,scream,0.0,0.447,D:\IUH_K18\HK1N5\KLTN\audio-security-rag\data\interim\normalized\laughter\fsd50k_laughter_8b1d8aac.wav
normal,fsd50k_laughter_dd6c11a4,laughter,0.1871,0.0028,scream,0.0,1.009,D:\IUH_K18\HK1N5\KLTN\audio-security-rag\data\interim\normalized\laughter\fsd50k_laughter_dd6c11a4.wav
normal,fsd50k_laughter_e38b9937,laughter,0.187,0.0053,scream,0.0,1.644,D:\IUH_K18\HK1N5\KLTN\audio-security-rag\data\interim\normalized\laughter\fsd50k_laughter_e38b9937.wav
normal,fsd50k_laughter_483c87cb,laughter,0.1843,0.007,scream,0.0,1.647,D:\IUH_K18\HK1N5\KLTN\audio-security-rag\data\interim\normalized\laughter\fsd50k_laughter_483c87cb.wav
normal,fsd50k_laughter_c8c1f0a2,laughter,0.184,0.0419,scream,2.825,4.523,D:\IUH_K18\HK1N5\KLTN\audio-security-rag\data\interim\normalized\laughter\fsd50k_laughter_c8c1f0a2.wav
normal,fsd50k_laughter_f5233fbd,laughter,0.184,0.0083,scream,0.0,2.287,D:\IUH_K18\HK1N5\KLTN\audio-security-rag\data\interim\normalized\laughter\fsd50k_laughter_f5233fbd.wav
normal,fsd50k_laughter_130d6529,laughter,0.1831,0.0009,scream,0.0,1.007,D:\IUH_K18\HK1N5\KLTN\audio-security-rag\data\interim\normalized\laughter\fsd50k_laughter_130d6529.wav
normal,fsd50k_laughter_35254290,laughter,0.1795,0.0005,shout_yell,0.0,1.968,D:\IUH_K18\HK1N5\KLTN\audio-security-rag\data\interim\normalized\laughter\fsd50k_laughter_35254290.wav
normal,esc50_laughter_bff4fba0,laughter,0.1794,0.005,scream,3.463,4.202,D:\IUH_K18\HK1N5\KLTN\audio-security-rag\data\interim\normalized\laughter\esc50_laughter_bff4fba0.wav
normal,esc50_laughter_9b6a405f,laughter,0.1789,0.0047,scream,0.0,1.327,D:\IUH_K18\HK1N5\KLTN\audio-security-rag\data\interim\normalized\laughter\esc50_laughter_9b6a405f.wav
normal,fsd50k_laughter_259fb75e,laughter,0.1782,0.004,scream,0.0,1.008,D:\IUH_K18\HK1N5\KLTN\audio-security-rag\data\interim\normalized\laughter\fsd50k_laughter_259fb75e.wav
normal,fsd50k_laughter_fd27c202,laughter,0.1763,0.0004,shout_yell,0.0,1.649,D:\IUH_K18\HK1N5\KLTN\audio-security-rag\data\interim\normalized\laughter\fsd50k_laughter_fd27c202.wav
normal,fsd50k_laughter_50ecc1f8,laughter,0.1743,0.0001,scream,1.225,2.37,D:\IUH_K18\HK1N5\KLTN\audio-security-rag\data\interim\normalized\laughter\fsd50k_laughter_50ecc1f8.wav
normal,fsd50k_laughter_c0521d43,laughter,0.1743,0.0073,scream,0.0,1.009,D:\IUH_K18\HK1N5\KLTN\audio-security-rag\data\interim\normalized\laughter\fsd50k_laughter_c0521d43.wav
normal,fsd50k_laughter_9e05c54a,laughter,0.1735,0.0043,scream,0.0,1.004,D:\IUH_K18\HK1N5\KLTN\audio-security-rag\data\interim\normalized\laughter\fsd50k_laughter_9e05c54a.wav
normal,fsd50k_laughter_93b5bef1,laughter,0.1715,0.0015,scream,0.91,1.97,D:\IUH_K18\HK1N5\KLTN\audio-security-rag\data\interim\normalized\laughter\fsd50k_laughter_93b5bef1.wav
normal,fsd50k_laughter_20decd2c,laughter,0.1714,0.0006,scream,0.0,0.929,D:\IUH_K18\HK1N5\KLTN\audio-security-rag\data\interim\normalized\laughter\fsd50k_laughter_20decd2c.wav
normal,esc50_laughter_00e40dab,laughter,0.1712,0.0043,scream,0.589,1.647,D:\IUH_K18\HK1N5\KLTN\audio-security-rag\data\interim\normalized\laughter\esc50_laughter_00e40dab.wav
normal,fsd50k_laughter_c2ce6f38,laughter,0.17,0.0007,scream,0.0,1.951,D:\IUH_K18\HK1N5\KLTN\audio-security-rag\data\interim\normalized\laughter\fsd50k_laughter_c2ce6f38.wav
normal,fsd50k_laughter_6cf36db1,laughter,0.1694,0.0017,scream,0.0,1.33,D:\IUH_K18\HK1N5\KLTN\audio-security-rag\data\interim\normalized\laughter\fsd50k_laughter_6cf36db1.wav
normal,fsd50k_laughter_1c83113f,laughter,0.1675,0.0015,scream,0.27,1.33,D:\IUH_K18\HK1N5\KLTN\audio-security-rag\data\interim\normalized\laughter\fsd50k_laughter_1c83113f.wav
normal,fsd50k_laughter_147cbbd1,laughter,0.1664,0.0009,scream,1.867,3.166,D:\IUH_K18\HK1N5\KLTN\audio-security-rag\data\interim\normalized\laughter\fsd50k_laughter_147cbbd1.wav
normal,fsd50k_laughter_2d569ca5,laughter,0.1661,0.0099,scream,0.0,1.008,D:\IUH_K18\HK1N5\KLTN\audio-security-rag\data\interim\normalized\laughter\fsd50k_laughter_2d569ca5.wav
normal,fsd50k_laughter_96109a44,laughter,0.165,0.0017,scream,0.27,1.328,D:\IUH_K18\HK1N5\KLTN\audio-security-rag\data\interim\normalized\laughter\fsd50k_laughter_96109a44.wav
normal,esc50_laughter_8ed1db17,laughter,0.1649,0.0024,scream,0.0,1.647,D:\IUH_K18\HK1N5\KLTN\audio-security-rag\data\interim\normalized\laughter\esc50_laughter_8ed1db17.wav
normal,fsd50k_laughter_35edbeb4,laughter,0.1646,0.0062,scream,0.0,1.008,D:\IUH_K18\HK1N5\KLTN\audio-security-rag\data\interim\normalized\laughter\fsd50k_laughter_35edbeb4.wav
normal,fsd50k_laughter_b2715de4,laughter,0.1631,0.001,scream,0.27,1.328,D:\IUH_K18\HK1N5\KLTN\audio-security-rag\data\interim\normalized\laughter\fsd50k_laughter_b2715de4.wav
normal,fsd50k_laughter_19b84663,laughter,0.1629,0.0026,scream,0.589,1.968,D:\IUH_K18\HK1N5\KLTN\audio-security-rag\data\interim\normalized\laughter\fsd50k_laughter_19b84663.wav
normal,fsd50k_laughter_d57b8838,laughter,0.1629,0.0045,scream,0.0,0.689,D:\IUH_K18\HK1N5\KLTN\audio-security-rag\data\interim\normalized\laughter\fsd50k_laughter_d57b8838.wav
normal,fsd50k_laughter_389e548e,laughter,0.1598,0.0048,scream,0.0,1.006,D:\IUH_K18\HK1N5\KLTN\audio-security-rag\data\interim\normalized\laughter\fsd50k_laughter_389e548e.wav
normal,fsd50k_laughter_cc281417,laughter,0.1585,0.0033,scream,0.0,1.004,D:\IUH_K18\HK1N5\KLTN\audio-security-rag\data\interim\normalized\laughter\fsd50k_laughter_cc281417.wav
normal,fsd50k_laughter_0577f46d,laughter,0.1581,0.0026,scream,0.0,1.006,D:\IUH_K18\HK1N5\KLTN\audio-security-rag\data\interim\normalized\laughter\fsd50k_laughter_0577f46d.wav
normal,fsd50k_laughter_da62bd96,laughter,0.1578,0.0099,scream,0.0,1.009,D:\IUH_K18\HK1N5\KLTN\audio-security-rag\data\interim\normalized\laughter\fsd50k_laughter_da62bd96.wav
normal,fsd50k_laughter_5b988f7c,laughter,0.1549,0.0021,scream,0.907,2.982,D:\IUH_K18\HK1N5\KLTN\audio-security-rag\data\interim\normalized\laughter\fsd50k_laughter_5b988f7c.wav
normal,fsd50k_laughter_61272ece,laughter,0.1549,0.013,scream,0.0,0.685,D:\IUH_K18\HK1N5\KLTN\audio-security-rag\data\interim\normalized\laughter\fsd50k_laughter_61272ece.wav
normal,fsd50k_laughter_d633641d,laughter,0.1543,0.0008,scream,0.27,1.969,D:\IUH_K18\HK1N5\KLTN\audio-security-rag\data\interim\normalized\laughter\fsd50k_laughter_d633641d.wav
normal,fsd50k_laughter_7b0dce9c,laughter,0.1522,0.0025,scream,0.269,1.328,D:\IUH_K18\HK1N5\KLTN\audio-security-rag\data\interim\normalized\laughter\fsd50k_laughter_7b0dce9c.wav
normal,fsd50k_laughter_11a3d62c,laughter,0.1518,0.0009,scream,0.0,0.689,D:\IUH_K18\HK1N5\KLTN\audio-security-rag\data\interim\normalized\laughter\fsd50k_laughter_11a3d62c.wav
normal,fsd50k_laughter_609ee8ef,laughter,0.1511,0.0057,scream,6.987,8.367,D:\IUH_K18\HK1N5\KLTN\audio-security-rag\data\interim\normalized\laughter\fsd50k_laughter_609ee8ef.wav
normal,esc50_laughter_a254709b,laughter,0.1507,0.0004,scream,3.463,5.0,D:\IUH_K18\HK1N5\KLTN\audio-security-rag\data\interim\normalized\laughter\esc50_laughter_a254709b.wav
normal,fsd50k_laughter_5a6e5573,laughter,0.1503,0.002,scream,0.0,0.686,D:\IUH_K18\HK1N5\KLTN\audio-security-rag\data\interim\normalized\laughter\fsd50k_laughter_5a6e5573.wav
normal,fsd50k_laughter_42448c83,laughter,0.1496,0.0004,scream,0.0,0.917,D:\IUH_K18\HK1N5\KLTN\audio-security-rag\data\interim\normalized\laughter\fsd50k_laughter_42448c83.wav
normal,fsd50k_laughter_9e85f6c7,laughter,0.1496,0.0014,scream,0.27,1.329,D:\IUH_K18\HK1N5\KLTN\audio-security-rag\data\interim\normalized\laughter\fsd50k_laughter_9e85f6c7.wav
normal,fsd50k_laughter_66b84a6f,laughter,0.1475,0.0006,shout_yell,0.0,1.331,D:\IUH_K18\HK1N5\KLTN\audio-security-rag\data\interim\normalized\laughter\fsd50k_laughter_66b84a6f.wav
normal,fsd50k_laughter_7e012d31,laughter,0.1473,0.0008,scream,0.0,1.009,D:\IUH_K18\HK1N5\KLTN\audio-security-rag\data\interim\normalized\laughter\fsd50k_laughter_7e012d31.wav
normal,fsd50k_laughter_ed9159bc,laughter,0.1472,0.002,scream,0.0,1.327,D:\IUH_K18\HK1N5\KLTN\audio-security-rag\data\interim\normalized\laughter\fsd50k_laughter_ed9159bc.wav
normal,fsd50k_laughter_e81c4afa,laughter,0.146,0.0026,scream,5.064,6.123,D:\IUH_K18\HK1N5\KLTN\audio-security-rag\data\interim\normalized\laughter\fsd50k_laughter_e81c4afa.wav
normal,fsd50k_laughter_ef336f47,laughter,0.1452,0.0012,scream,0.0,1.005,D:\IUH_K18\HK1N5\KLTN\audio-security-rag\data\interim\normalized\laughter\fsd50k_laughter_ef336f47.wav
normal,fsd50k_laughter_f70d27b3,laughter,0.1451,0.0013,scream,0.0,1.126,D:\IUH_K18\HK1N5\KLTN\audio-security-rag\data\interim\normalized\laughter\fsd50k_laughter_f70d27b3.wav
normal,fsd50k_laughter_44a56267,laughter,0.1425,0.014,scream,0.268,1.005,D:\IUH_K18\HK1N5\KLTN\audio-security-rag\data\interim\normalized\laughter\fsd50k_laughter_44a56267.wav
normal,fsd50k_laughter_102364b7,laughter,0.1417,0.0285,scream,2.186,3.274,D:\IUH_K18\HK1N5\KLTN\audio-security-rag\data\interim\normalized\laughter\fsd50k_laughter_102364b7.wav
normal,fsd50k_laughter_432d35c0,laughter,0.1412,0.0011,scream,0.0,1.97,D:\IUH_K18\HK1N5\KLTN\audio-security-rag\data\interim\normalized\laughter\fsd50k_laughter_432d35c0.wav
normal,fsd50k_laughter_e5284885,laughter,0.1411,0.0013,shout_yell,0.0,1.009,D:\IUH_K18\HK1N5\KLTN\audio-security-rag\data\interim\normalized\laughter\fsd50k_laughter_e5284885.wav
normal,fsd50k_laughter_07ad804d,laughter,0.1404,0.0003,shout_yell,0.0,3.236,D:\IUH_K18\HK1N5\KLTN\audio-security-rag\data\interim\normalized\laughter\fsd50k_laughter_07ad804d.wav
normal,fsd50k_laughter_a0843a40,laughter,0.1392,0.0004,scream,0.0,0.966,D:\IUH_K18\HK1N5\KLTN\audio-security-rag\data\interim\normalized\laughter\fsd50k_laughter_a0843a40.wav
normal,fsd50k_laughter_e6d94673,laughter,0.1388,0.0009,scream,0.0,1.01,D:\IUH_K18\HK1N5\KLTN\audio-security-rag\data\interim\normalized\laughter\fsd50k_laughter_e6d94673.wav
normal,fsd50k_laughter_68e2f53d,laughter,0.1383,0.0042,scream,3.787,5.486,D:\IUH_K18\HK1N5\KLTN\audio-security-rag\data\interim\normalized\laughter\fsd50k_laughter_68e2f53d.wav
normal,fsd50k_laughter_4d970099,laughter,0.1381,0.0017,scream,0.27,1.009,D:\IUH_K18\HK1N5\KLTN\audio-security-rag\data\interim\normalized\laughter\fsd50k_laughter_4d970099.wav
normal,fsd50k_laughter_dff64c2e,laughter,0.1377,0.0014,scream,0.0,0.688,D:\IUH_K18\HK1N5\KLTN\audio-security-rag\data\interim\normalized\laughter\fsd50k_laughter_dff64c2e.wav
normal,fsd50k_laughter_d3669d70,laughter,0.137,0.0004,scream,0.0,0.824,D:\IUH_K18\HK1N5\KLTN\audio-security-rag\data\interim\normalized\laughter\fsd50k_laughter_d3669d70.wav
normal,fsd50k_laughter_469e5b17,laughter,0.1365,0.0045,scream,0.0,1.005,D:\IUH_K18\HK1N5\KLTN\audio-security-rag\data\interim\normalized\laughter\fsd50k_laughter_469e5b17.wav
normal,fsd50k_laughter_d0a6e5c2,laughter,0.1363,0.0053,scream,0.91,2.29,D:\IUH_K18\HK1N5\KLTN\audio-security-rag\data\interim\normalized\laughter\fsd50k_laughter_d0a6e5c2.wav
normal,fsd50k_laughter_b6419242,laughter,0.1357,0.0007,scream,0.0,1.08,D:\IUH_K18\HK1N5\KLTN\audio-security-rag\data\interim\normalized\laughter\fsd50k_laughter_b6419242.wav
normal,fsd50k_laughter_41cdf621,laughter,0.1347,0.0012,scream,0.0,0.743,D:\IUH_K18\HK1N5\KLTN\audio-security-rag\data\interim\normalized\laughter\fsd50k_laughter_41cdf621.wav
normal,fsd50k_laughter_ec90aa7c,laughter,0.1326,0.0009,scream,0.0,1.01,D:\IUH_K18\HK1N5\KLTN\audio-security-rag\data\interim\normalized\laughter\fsd50k_laughter_ec90aa7c.wav
normal,fsd50k_laughter_899a24e9,laughter,0.1325,0.0014,scream,0.0,1.009,D:\IUH_K18\HK1N5\KLTN\audio-security-rag\data\interim\normalized\laughter\fsd50k_laughter_899a24e9.wav
normal,fsd50k_laughter_6070c5db,laughter,0.1322,0.0026,scream,0.589,1.328,D:\IUH_K18\HK1N5\KLTN\audio-security-rag\data\interim\normalized\laughter\fsd50k_laughter_6070c5db.wav
normal,fsd50k_laughter_1dd7cbfc,laughter,0.1305,0.0017,scream,0.0,1.007,D:\IUH_K18\HK1N5\KLTN\audio-security-rag\data\interim\normalized\laughter\fsd50k_laughter_1dd7cbfc.wav
normal,fsd50k_laughter_59ec6a52,laughter,0.1299,0.0015,shout_yell,0.909,1.968,D:\IUH_K18\HK1N5\KLTN\audio-security-rag\data\interim\normalized\laughter\fsd50k_laughter_59ec6a52.wav
normal,fsd50k_laughter_2c78abae,laughter,0.1289,0.0006,scream,0.588,1.755,D:\IUH_K18\HK1N5\KLTN\audio-security-rag\data\interim\normalized\laughter\fsd50k_laughter_2c78abae.wav
normal,fsd50k_laughter_930546bf,laughter,0.1268,0.0029,shout_yell,12.429,14.448,D:\IUH_K18\HK1N5\KLTN\audio-security-rag\data\interim\normalized\laughter\fsd50k_laughter_930546bf.wav
normal,fsd50k_laughter_75ae7d2d,laughter,0.1243,0.0018,scream,0.0,1.008,D:\IUH_K18\HK1N5\KLTN\audio-security-rag\data\interim\normalized\laughter\fsd50k_laughter_75ae7d2d.wav
normal,esc50_laughter_03845830,laughter,0.1238,0.0092,scream,0.0,1.008,D:\IUH_K18\HK1N5\KLTN\audio-security-rag\data\interim\normalized\laughter\esc50_laughter_03845830.wav
normal,fsd50k_laughter_c12e4f27,laughter,0.123,0.003,scream,0.269,1.255,D:\IUH_K18\HK1N5\KLTN\audio-security-rag\data\interim\normalized\laughter\fsd50k_laughter_c12e4f27.wav
normal,esc50_laughter_372c161a,laughter,0.1188,0.0006,scream,3.144,4.202,D:\IUH_K18\HK1N5\KLTN\audio-security-rag\data\interim\normalized\laughter\esc50_laughter_372c161a.wav
normal,esc50_laughter_9368b760,laughter,0.1171,0.0019,scream,2.186,4.202,D:\IUH_K18\HK1N5\KLTN\audio-security-rag\data\interim\normalized\laughter\esc50_laughter_9368b760.wav
normal,fsd50k_laughter_9cb23021,laughter,0.1158,0.0052,scream,2.187,3.315,D:\IUH_K18\HK1N5\KLTN\audio-security-rag\data\interim\normalized\laughter\fsd50k_laughter_9cb23021.wav
normal,fsd50k_laughter_667e791c,laughter,0.1155,0.0009,shout_yell,1.229,4.567,D:\IUH_K18\HK1N5\KLTN\audio-security-rag\data\interim\normalized\laughter\fsd50k_laughter_667e791c.wav
normal,fsd50k_laughter_32a20234,laughter,0.115,0.002,scream,0.0,1.649,D:\IUH_K18\HK1N5\KLTN\audio-security-rag\data\interim\normalized\laughter\fsd50k_laughter_32a20234.wav
normal,fsd50k_laughter_6a0f00e6,laughter,0.1138,0.0037,scream,3.467,5.166,D:\IUH_K18\HK1N5\KLTN\audio-security-rag\data\interim\normalized\laughter\fsd50k_laughter_6a0f00e6.wav
normal,esc50_laughter_3617e0ef,laughter,0.1136,0.001,scream,0.0,2.605,D:\IUH_K18\HK1N5\KLTN\audio-security-rag\data\interim\normalized\laughter\esc50_laughter_3617e0ef.wav
normal,fsd50k_laughter_28bb2280,laughter,0.1131,0.0062,scream,0.0,1.008,D:\IUH_K18\HK1N5\KLTN\audio-security-rag\data\interim\normalized\laughter\fsd50k_laughter_28bb2280.wav
normal,fsd50k_laughter_9da982d8,laughter,0.1126,0.0059,scream,0.0,1.009,D:\IUH_K18\HK1N5\KLTN\audio-security-rag\data\interim\normalized\laughter\fsd50k_laughter_9da982d8.wav
normal,fsd50k_laughter_85a628f2,laughter,0.1125,0.0003,scream,1.229,2.689,D:\IUH_K18\HK1N5\KLTN\audio-security-rag\data\interim\normalized\laughter\fsd50k_laughter_85a628f2.wav
normal,fsd50k_laughter_9932d515,laughter,0.1123,0.0143,scream,0.588,1.645,D:\IUH_K18\HK1N5\KLTN\audio-security-rag\data\interim\normalized\laughter\fsd50k_laughter_9932d515.wav
normal,fsd50k_laughter_6df8cd12,laughter,0.112,0.0015,scream,0.0,0.966,D:\IUH_K18\HK1N5\KLTN\audio-security-rag\data\interim\normalized\laughter\fsd50k_laughter_6df8cd12.wav
normal,fsd50k_laughter_358ee9c3,laughter,0.1106,0.0005,scream,0.0,2.314,D:\IUH_K18\HK1N5\KLTN\audio-security-rag\data\interim\normalized\laughter\fsd50k_laughter_358ee9c3.wav
normal,fsd50k_laughter_24f7638c,laughter,0.1104,0.0013,scream,0.59,1.649,D:\IUH_K18\HK1N5\KLTN\audio-security-rag\data\interim\normalized\laughter\fsd50k_laughter_24f7638c.wav
normal,fsd50k_laughter_0bb4144f,laughter,0.1103,0.0036,scream,0.0,0.688,D:\IUH_K18\HK1N5\KLTN\audio-security-rag\data\interim\normalized\laughter\fsd50k_laughter_0bb4144f.wav
normal,fsd50k_laughter_c1193803,laughter,0.1099,0.0006,scream,0.0,1.33,D:\IUH_K18\HK1N5\KLTN\audio-security-rag\data\interim\normalized\laughter\fsd50k_laughter_c1193803.wav
normal,fsd50k_laughter_af1dada7,laughter,0.1098,0.0085,scream,0.0,1.006,D:\IUH_K18\HK1N5\KLTN\audio-security-rag\data\interim\normalized\laughter\fsd50k_laughter_af1dada7.wav
normal,fsd50k_laughter_673e46e6,laughter,0.1094,0.009,scream,0.91,2.289,D:\IUH_K18\HK1N5\KLTN\audio-security-rag\data\interim\normalized\laughter\fsd50k_laughter_673e46e6.wav
normal,fsd50k_laughter_da25c6d3,laughter,0.1093,0.0026,scream,0.909,1.968,D:\IUH_K18\HK1N5\KLTN\audio-security-rag\data\interim\normalized\laughter\fsd50k_laughter_da25c6d3.wav
normal,fsd50k_laughter_a46cd6ab,laughter,0.1085,0.0012,scream,0.0,1.008,D:\IUH_K18\HK1N5\KLTN\audio-security-rag\data\interim\normalized\laughter\fsd50k_laughter_a46cd6ab.wav
normal,fsd50k_laughter_3363f8a2,laughter,0.1081,0.0004,scream,0.0,1.325,D:\IUH_K18\HK1N5\KLTN\audio-security-rag\data\interim\normalized\laughter\fsd50k_laughter_3363f8a2.wav
normal,fsd50k_laughter_9fd61810,laughter,0.1073,0.0035,scream,0.0,0.931,D:\IUH_K18\HK1N5\KLTN\audio-security-rag\data\interim\normalized\laughter\fsd50k_laughter_9fd61810.wav
normal,fsd50k_laughter_4380e280,laughter,0.1063,0.012,scream,0.91,2.289,D:\IUH_K18\HK1N5\KLTN\audio-security-rag\data\interim\normalized\laughter\fsd50k_laughter_4380e280.wav
normal,fsd50k_laughter_cf0d680d,laughter,0.1063,0.0035,scream,0.0,1.005,D:\IUH_K18\HK1N5\KLTN\audio-security-rag\data\interim\normalized\laughter\fsd50k_laughter_cf0d680d.wav
normal,fsd50k_laughter_9aec11ca,laughter,0.106,0.0007,scream,1.229,2.288,D:\IUH_K18\HK1N5\KLTN\audio-security-rag\data\interim\normalized\laughter\fsd50k_laughter_9aec11ca.wav
normal,fsd50k_laughter_29b99e30,laughter,0.1055,0.0015,scream,0.0,1.009,D:\IUH_K18\HK1N5\KLTN\audio-security-rag\data\interim\normalized\laughter\fsd50k_laughter_29b99e30.wav
normal,fsd50k_laughter_110341e7,laughter,0.1045,0.0013,scream,0.266,0.79,D:\IUH_K18\HK1N5\KLTN\audio-security-rag\data\interim\normalized\laughter\fsd50k_laughter_110341e7.wav
normal,fsd50k_laughter_8de5520f,laughter,0.1039,0.0155,scream,0.0,1.009,D:\IUH_K18\HK1N5\KLTN\audio-security-rag\data\interim\normalized\laughter\fsd50k_laughter_8de5520f.wav
normal,fsd50k_laughter_9b1ea9b0,laughter,0.1038,0.0271,scream,0.269,1.327,D:\IUH_K18\HK1N5\KLTN\audio-security-rag\data\interim\normalized\laughter\fsd50k_laughter_9b1ea9b0.wav
normal,esc50_laughter_1e458a12,laughter,0.1036,0.004,scream,0.0,1.008,D:\IUH_K18\HK1N5\KLTN\audio-security-rag\data\interim\normalized\laughter\esc50_laughter_1e458a12.wav
normal,fsd50k_laughter_0ff52151,laughter,0.1014,0.001,scream,0.0,0.718,D:\IUH_K18\HK1N5\KLTN\audio-security-rag\data\interim\normalized\laughter\fsd50k_laughter_0ff52151.wav
normal,fsd50k_laughter_74320533,laughter,0.1008,0.0008,scream,1.866,3.244,D:\IUH_K18\HK1N5\KLTN\audio-security-rag\data\interim\normalized\laughter\fsd50k_laughter_74320533.wav
normal,fsd50k_laughter_9095ede9,laughter,0.1002,0.0045,scream,0.0,0.688,D:\IUH_K18\HK1N5\KLTN\audio-security-rag\data\interim\normalized\laughter\fsd50k_laughter_9095ede9.wav
normal,fsd50k_laughter_63cdb164,laughter,0.0997,0.0008,scream,3.786,4.844,D:\IUH_K18\HK1N5\KLTN\audio-security-rag\data\interim\normalized\laughter\fsd50k_laughter_63cdb164.wav
normal,esc50_laughter_160104c7,laughter,0.0993,0.003,scream,0.589,2.924,D:\IUH_K18\HK1N5\KLTN\audio-security-rag\data\interim\normalized\laughter\esc50_laughter_160104c7.wav
normal,fsd50k_laughter_6f9eb9e2,laughter,0.0989,0.0009,shout_yell,0.269,1.646,D:\IUH_K18\HK1N5\KLTN\audio-security-rag\data\interim\normalized\laughter\fsd50k_laughter_6f9eb9e2.wav
normal,fsd50k_laughter_069805ca,laughter,0.0986,0.0027,scream,0.0,1.008,D:\IUH_K18\HK1N5\KLTN\audio-security-rag\data\interim\normalized\laughter\fsd50k_laughter_069805ca.wav
normal,fsd50k_laughter_5e06805c,laughter,0.0978,0.005,scream,0.27,1.329,D:\IUH_K18\HK1N5\KLTN\audio-security-rag\data\interim\normalized\laughter\fsd50k_laughter_5e06805c.wav
normal,fsd50k_laughter_6ca9e737,laughter,0.097,0.0032,scream,2.188,3.247,D:\IUH_K18\HK1N5\KLTN\audio-security-rag\data\interim\normalized\laughter\fsd50k_laughter_6ca9e737.wav
normal,fsd50k_laughter_57f28d3a,laughter,0.0968,0.0006,scream,0.589,1.327,D:\IUH_K18\HK1N5\KLTN\audio-security-rag\data\interim\normalized\laughter\fsd50k_laughter_57f28d3a.wav
normal,fsd50k_laughter_1c694b02,laughter,0.0961,0.0024,scream,0.0,1.244,D:\IUH_K18\HK1N5\KLTN\audio-security-rag\data\interim\normalized\laughter\fsd50k_laughter_1c694b02.wav
normal,fsd50k_laughter_f9384bd5,laughter,0.0959,0.0017,scream,0.0,1.095,D:\IUH_K18\HK1N5\KLTN\audio-security-rag\data\interim\normalized\laughter\fsd50k_laughter_f9384bd5.wav
normal,fsd50k_laughter_7c031b4a,laughter,0.0958,0.0023,scream,0.0,1.007,D:\IUH_K18\HK1N5\KLTN\audio-security-rag\data\interim\normalized\laughter\fsd50k_laughter_7c031b4a.wav
normal,fsd50k_laughter_d568cc9a,laughter,0.0954,0.0006,scream,2.51,5.17,D:\IUH_K18\HK1N5\KLTN\audio-security-rag\data\interim\normalized\laughter\fsd50k_laughter_d568cc9a.wav
normal,fsd50k_laughter_67266ded,laughter,0.0946,0.0052,scream,0.91,1.649,D:\IUH_K18\HK1N5\KLTN\audio-security-rag\data\interim\normalized\laughter\fsd50k_laughter_67266ded.wav
normal,fsd50k_laughter_5eee72d0,laughter,0.0942,0.0007,scream,0.59,1.649,D:\IUH_K18\HK1N5\KLTN\audio-security-rag\data\interim\normalized\laughter\fsd50k_laughter_5eee72d0.wav
normal,fsd50k_laughter_aabb96cd,laughter,0.0938,0.001,scream,0.0,0.627,D:\IUH_K18\HK1N5\KLTN\audio-security-rag\data\interim\normalized\laughter\fsd50k_laughter_aabb96cd.wav
normal,fsd50k_laughter_a1ce1d7e,laughter,0.0933,0.0036,scream,0.0,0.429,D:\IUH_K18\HK1N5\KLTN\audio-security-rag\data\interim\normalized\laughter\fsd50k_laughter_a1ce1d7e.wav
normal,esc50_laughter_c24516da,laughter,0.0918,0.0013,scream,1.547,2.924,D:\IUH_K18\HK1N5\KLTN\audio-security-rag\data\interim\normalized\laughter\esc50_laughter_c24516da.wav
normal,fsd50k_laughter_1953d64e,laughter,0.0909,0.0019,scream,0.0,0.687,D:\IUH_K18\HK1N5\KLTN\audio-security-rag\data\interim\normalized\laughter\fsd50k_laughter_1953d64e.wav
normal,fsd50k_laughter_f9a0915b,laughter,0.0905,0.0078,scream,0.0,0.69,D:\IUH_K18\HK1N5\KLTN\audio-security-rag\data\interim\normalized\laughter\fsd50k_laughter_f9a0915b.wav
normal,fsd50k_laughter_b4c2f9fe,laughter,0.09,0.0018,scream,0.0,0.72,D:\IUH_K18\HK1N5\KLTN\audio-security-rag\data\interim\normalized\laughter\fsd50k_laughter_b4c2f9fe.wav
normal,fsd50k_laughter_8d97ca98,laughter,0.0898,0.0012,shout_yell,0.0,2.61,D:\IUH_K18\HK1N5\KLTN\audio-security-rag\data\interim\normalized\laughter\fsd50k_laughter_8d97ca98.wav
normal,fsd50k_laughter_101984f5,laughter,0.0897,0.0039,scream,0.0,1.009,D:\IUH_K18\HK1N5\KLTN\audio-security-rag\data\interim\normalized\laughter\fsd50k_laughter_101984f5.wav
normal,fsd50k_laughter_391042ef,laughter,0.0894,0.0019,scream,0.0,0.688,D:\IUH_K18\HK1N5\KLTN\audio-security-rag\data\interim\normalized\laughter\fsd50k_laughter_391042ef.wav
normal,esc50_laughter_1f7b0a94,laughter,0.0878,0.0018,shout_yell,0.0,1.966,D:\IUH_K18\HK1N5\KLTN\audio-security-rag\data\interim\normalized\laughter\esc50_laughter_1f7b0a94.wav
normal,fsd50k_laughter_7e9a2a2e,laughter,0.0877,0.0011,scream,1.226,2.284,D:\IUH_K18\HK1N5\KLTN\audio-security-rag\data\interim\normalized\laughter\fsd50k_laughter_7e9a2a2e.wav
normal,fsd50k_laughter_ec19e620,laughter,0.0877,0.024,scream,0.0,0.688,D:\IUH_K18\HK1N5\KLTN\audio-security-rag\data\interim\normalized\laughter\fsd50k_laughter_ec19e620.wav
normal,esc50_laughter_dcb1b2c6,laughter,0.0863,0.0011,shout_yell,1.866,4.202,D:\IUH_K18\HK1N5\KLTN\audio-security-rag\data\interim\normalized\laughter\esc50_laughter_dcb1b2c6.wav
normal,fsd50k_laughter_f08f72fc,laughter,0.0856,0.003,scream,0.0,0.689,D:\IUH_K18\HK1N5\KLTN\audio-security-rag\data\interim\normalized\laughter\fsd50k_laughter_f08f72fc.wav
normal,fsd50k_laughter_274ab62f,laughter,0.0853,0.003,scream,0.589,1.327,D:\IUH_K18\HK1N5\KLTN\audio-security-rag\data\interim\normalized\laughter\fsd50k_laughter_274ab62f.wav
normal,fsd50k_laughter_dbf6b8fa,laughter,0.0843,0.0033,scream,0.0,1.01,D:\IUH_K18\HK1N5\KLTN\audio-security-rag\data\interim\normalized\laughter\fsd50k_laughter_dbf6b8fa.wav
normal,fsd50k_laughter_2696ed13,laughter,0.0838,0.004,scream,0.0,1.008,D:\IUH_K18\HK1N5\KLTN\audio-security-rag\data\interim\normalized\laughter\fsd50k_laughter_2696ed13.wav
normal,fsd50k_laughter_e0e65a73,laughter,0.0807,0.0011,scream,0.0,1.007,D:\IUH_K18\HK1N5\KLTN\audio-security-rag\data\interim\normalized\laughter\fsd50k_laughter_e0e65a73.wav
normal,fsd50k_laughter_10432816,laughter,0.0804,0.0011,scream,0.0,0.689,D:\IUH_K18\HK1N5\KLTN\audio-security-rag\data\interim\normalized\laughter\fsd50k_laughter_10432816.wav
normal,fsd50k_laughter_347d3140,laughter,0.0783,0.0009,scream,0.0,0.801,D:\IUH_K18\HK1N5\KLTN\audio-security-rag\data\interim\normalized\laughter\fsd50k_laughter_347d3140.wav
normal,fsd50k_laughter_eb4329c2,laughter,0.0774,0.0012,scream,0.0,1.029,D:\IUH_K18\HK1N5\KLTN\audio-security-rag\data\interim\normalized\laughter\fsd50k_laughter_eb4329c2.wav
normal,fsd50k_laughter_41106523,laughter,0.0768,0.0013,scream,0.589,1.647,D:\IUH_K18\HK1N5\KLTN\audio-security-rag\data\interim\normalized\laughter\fsd50k_laughter_41106523.wav
normal,fsd50k_laughter_6f825c0b,laughter,0.0763,0.0034,scream,0.0,1.329,D:\IUH_K18\HK1N5\KLTN\audio-security-rag\data\interim\normalized\laughter\fsd50k_laughter_6f825c0b.wav
normal,fsd50k_laughter_8af0214b,laughter,0.0752,0.0027,scream,0.0,0.689,D:\IUH_K18\HK1N5\KLTN\audio-security-rag\data\interim\normalized\laughter\fsd50k_laughter_8af0214b.wav
normal,fsd50k_laughter_c1ff2f31,laughter,0.0752,0.0016,scream,0.0,0.689,D:\IUH_K18\HK1N5\KLTN\audio-security-rag\data\interim\normalized\laughter\fsd50k_laughter_c1ff2f31.wav
normal,fsd50k_laughter_ba33ad90,laughter,0.075,0.0026,scream,3.147,4.206,D:\IUH_K18\HK1N5\KLTN\audio-security-rag\data\interim\normalized\laughter\fsd50k_laughter_ba33ad90.wav
normal,fsd50k_laughter_5b4439ad,laughter,0.0748,0.003,scream,0.269,1.006,D:\IUH_K18\HK1N5\KLTN\audio-security-rag\data\interim\normalized\laughter\fsd50k_laughter_5b4439ad.wav
normal,esc50_laughter_c7f7466f,laughter,0.0741,0.0181,scream,0.269,1.966,D:\IUH_K18\HK1N5\KLTN\audio-security-rag\data\interim\normalized\laughter\esc50_laughter_c7f7466f.wav
normal,fsd50k_laughter_ae410d32,laughter,0.0738,0.0061,scream,0.0,0.687,D:\IUH_K18\HK1N5\KLTN\audio-security-rag\data\interim\normalized\laughter\fsd50k_laughter_ae410d32.wav
normal,fsd50k_laughter_95b013e1,laughter,0.0721,0.0009,scream,0.0,1.329,D:\IUH_K18\HK1N5\KLTN\audio-security-rag\data\interim\normalized\laughter\fsd50k_laughter_95b013e1.wav
normal,fsd50k_laughter_af8f97c0,laughter,0.0713,0.0008,scream,0.0,1.01,D:\IUH_K18\HK1N5\KLTN\audio-security-rag\data\interim\normalized\laughter\fsd50k_laughter_af8f97c0.wav
normal,fsd50k_laughter_cee06bce,laughter,0.0705,0.0103,scream,0.91,2.61,D:\IUH_K18\HK1N5\KLTN\audio-security-rag\data\interim\normalized\laughter\fsd50k_laughter_cee06bce.wav
normal,fsd50k_laughter_acf7f739,laughter,0.07,0.0003,scream,0.0,1.008,D:\IUH_K18\HK1N5\KLTN\audio-security-rag\data\interim\normalized\laughter\fsd50k_laughter_acf7f739.wav
normal,fsd50k_laughter_ba6fe2ae,laughter,0.068,0.0029,scream,0.0,0.689,D:\IUH_K18\HK1N5\KLTN\audio-security-rag\data\interim\normalized\laughter\fsd50k_laughter_ba6fe2ae.wav
normal,fsd50k_laughter_bd286e1b,laughter,0.068,0.0016,scream,0.59,1.33,D:\IUH_K18\HK1N5\KLTN\audio-security-rag\data\interim\normalized\laughter\fsd50k_laughter_bd286e1b.wav
normal,fsd50k_laughter_dbc10ca8,laughter,0.0678,0.0028,scream,0.0,1.184,D:\IUH_K18\HK1N5\KLTN\audio-security-rag\data\interim\normalized\laughter\fsd50k_laughter_dbc10ca8.wav
normal,fsd50k_laughter_29e4f335,laughter,0.0675,0.0031,scream,0.0,1.008,D:\IUH_K18\HK1N5\KLTN\audio-security-rag\data\interim\normalized\laughter\fsd50k_laughter_29e4f335.wav
normal,fsd50k_laughter_ea44cdc9,laughter,0.0671,0.0025,scream,0.0,0.69,D:\IUH_K18\HK1N5\KLTN\audio-security-rag\data\interim\normalized\laughter\fsd50k_laughter_ea44cdc9.wav
normal,fsd50k_laughter_75fe2052,laughter,0.0665,0.0004,scream,0.0,0.689,D:\IUH_K18\HK1N5\KLTN\audio-security-rag\data\interim\normalized\laughter\fsd50k_laughter_75fe2052.wav
normal,fsd50k_laughter_5f522ac8,laughter,0.0655,0.0014,scream,2.829,3.889,D:\IUH_K18\HK1N5\KLTN\audio-security-rag\data\interim\normalized\laughter\fsd50k_laughter_5f522ac8.wav
normal,fsd50k_laughter_6e51ccf1,laughter,0.0651,0.0036,scream,0.269,1.008,D:\IUH_K18\HK1N5\KLTN\audio-security-rag\data\interim\normalized\laughter\fsd50k_laughter_6e51ccf1.wav
normal,fsd50k_laughter_bdfababf,laughter,0.0636,0.0011,scream,0.909,1.329,D:\IUH_K18\HK1N5\KLTN\audio-security-rag\data\interim\normalized\laughter\fsd50k_laughter_bdfababf.wav
normal,fsd50k_laughter_10516052,laughter,0.0631,0.0009,scream,0.0,1.244,D:\IUH_K18\HK1N5\KLTN\audio-security-rag\data\interim\normalized\laughter\fsd50k_laughter_10516052.wav
normal,fsd50k_laughter_9f00a2df,laughter,0.063,0.0051,scream,0.27,1.329,D:\IUH_K18\HK1N5\KLTN\audio-security-rag\data\interim\normalized\laughter\fsd50k_laughter_9f00a2df.wav
normal,fsd50k_laughter_9ace26bd,laughter,0.0625,0.002,scream,0.0,0.665,D:\IUH_K18\HK1N5\KLTN\audio-security-rag\data\interim\normalized\laughter\fsd50k_laughter_9ace26bd.wav
normal,esc50_laughter_558345f5,laughter,0.0614,0.0026,scream,2.505,3.563,D:\IUH_K18\HK1N5\KLTN\audio-security-rag\data\interim\normalized\laughter\esc50_laughter_558345f5.wav
normal,fsd50k_laughter_7bb43b06,laughter,0.061,0.0037,scream,0.909,1.649,D:\IUH_K18\HK1N5\KLTN\audio-security-rag\data\interim\normalized\laughter\fsd50k_laughter_7bb43b06.wav
normal,fsd50k_laughter_7ff1b62f,laughter,0.0608,0.0018,scream,0.269,1.314,D:\IUH_K18\HK1N5\KLTN\audio-security-rag\data\interim\normalized\laughter\fsd50k_laughter_7ff1b62f.wav
normal,fsd50k_laughter_7cfcc5db,laughter,0.0604,0.0012,scream,0.0,0.69,D:\IUH_K18\HK1N5\KLTN\audio-security-rag\data\interim\normalized\laughter\fsd50k_laughter_7cfcc5db.wav
normal,fsd50k_laughter_9167573c,laughter,0.0601,0.0007,scream,0.269,1.327,D:\IUH_K18\HK1N5\KLTN\audio-security-rag\data\interim\normalized\laughter\fsd50k_laughter_9167573c.wav
normal,fsd50k_laughter_e96cea2d,laughter,0.0596,0.0028,scream,0.0,0.54,D:\IUH_K18\HK1N5\KLTN\audio-security-rag\data\interim\normalized\laughter\fsd50k_laughter_e96cea2d.wav
normal,fsd50k_laughter_78302651,laughter,0.0578,0.0009,scream,0.269,1.328,D:\IUH_K18\HK1N5\KLTN\audio-security-rag\data\interim\normalized\laughter\fsd50k_laughter_78302651.wav
normal,fsd50k_laughter_3e14b00a,laughter,0.0573,0.017,scream,0.91,1.649,D:\IUH_K18\HK1N5\KLTN\audio-security-rag\data\interim\normalized\laughter\fsd50k_laughter_3e14b00a.wav
normal,fsd50k_laughter_21c0eabd,laughter,0.0572,0.007,scream,0.0,1.005,D:\IUH_K18\HK1N5\KLTN\audio-security-rag\data\interim\normalized\laughter\fsd50k_laughter_21c0eabd.wav
normal,fsd50k_laughter_8cbb2ae6,laughter,0.0567,0.002,scream,1.87,2.61,D:\IUH_K18\HK1N5\KLTN\audio-security-rag\data\interim\normalized\laughter\fsd50k_laughter_8cbb2ae6.wav
normal,fsd50k_laughter_bc65ef3e,laughter,0.0553,0.0009,scream,1.548,2.288,D:\IUH_K18\HK1N5\KLTN\audio-security-rag\data\interim\normalized\laughter\fsd50k_laughter_bc65ef3e.wav
normal,fsd50k_laughter_2422176d,laughter,0.0533,0.0018,scream,0.907,1.963,D:\IUH_K18\HK1N5\KLTN\audio-security-rag\data\interim\normalized\laughter\fsd50k_laughter_2422176d.wav
normal,fsd50k_laughter_11222cce,laughter,0.0526,0.0172,scream,0.908,1.327,D:\IUH_K18\HK1N5\KLTN\audio-security-rag\data\interim\normalized\laughter\fsd50k_laughter_11222cce.wav
normal,fsd50k_laughter_10e566bd,laughter,0.052,0.0011,scream,0.269,1.007,D:\IUH_K18\HK1N5\KLTN\audio-security-rag\data\interim\normalized\laughter\fsd50k_laughter_10e566bd.wav
normal,fsd50k_laughter_65537e4f,laughter,0.052,0.0023,scream,1.868,2.607,D:\IUH_K18\HK1N5\KLTN\audio-security-rag\data\interim\normalized\laughter\fsd50k_laughter_65537e4f.wav
normal,fsd50k_object_drop_dishes_b9cdb4f2,object_drop_dishes,0.2922,0.0071,glass_breaking,0.0,1.008,D:\IUH_K18\HK1N5\KLTN\audio-security-rag\data\interim\normalized\object_drop_dishes\fsd50k_object_drop_dishes_b9cdb4f2.wav
normal,fsd50k_object_drop_dishes_3d8d16ba,object_drop_dishes,0.2015,0.0222,door_slam,0.0,1.009,D:\IUH_K18\HK1N5\KLTN\audio-security-rag\data\interim\normalized\object_drop_dishes\fsd50k_object_drop_dishes_3d8d16ba.wav
normal,fsd50k_object_drop_dishes_145fe20d,object_drop_dishes,0.1869,0.0635,door_slam,0.268,0.805,D:\IUH_K18\HK1N5\KLTN\audio-security-rag\data\interim\normalized\object_drop_dishes\fsd50k_object_drop_dishes_145fe20d.wav
normal,fsd50k_object_drop_dishes_e2c40a20,object_drop_dishes,0.1828,0.1025,glass_breaking,0.0,1.038,D:\IUH_K18\HK1N5\KLTN\audio-security-rag\data\interim\normalized\object_drop_dishes\fsd50k_object_drop_dishes_e2c40a20.wav
normal,desed_object_drop_dishes_c3689da0,object_drop_dishes,0.1725,0.0871,glass_breaking,0.0,0.503,D:\IUH_K18\HK1N5\KLTN\audio-security-rag\data\interim\normalized\object_drop_dishes\desed_object_drop_dishes_c3689da0.wav
normal,fsd50k_object_drop_dishes_81e4e59a,object_drop_dishes,0.1725,0.0154,door_slam,0.0,1.2,D:\IUH_K18\HK1N5\KLTN\audio-security-rag\data\interim\normalized\object_drop_dishes\fsd50k_object_drop_dishes_81e4e59a.wav
normal,fsd50k_object_drop_dishes_ff532ed3,object_drop_dishes,0.1619,0.0185,glass_breaking,0.0,0.9,D:\IUH_K18\HK1N5\KLTN\audio-security-rag\data\interim\normalized\object_drop_dishes\fsd50k_object_drop_dishes_ff532ed3.wav
normal,fsd50k_object_drop_dishes_6eca1116,object_drop_dishes,0.1446,0.0348,glass_breaking,0.59,1.8,D:\IUH_K18\HK1N5\KLTN\audio-security-rag\data\interim\normalized\object_drop_dishes\fsd50k_object_drop_dishes_6eca1116.wav
normal,desed_object_drop_dishes_2546b788,object_drop_dishes,0.1418,0.0139,glass_breaking,0.0,0.652,D:\IUH_K18\HK1N5\KLTN\audio-security-rag\data\interim\normalized\object_drop_dishes\desed_object_drop_dishes_2546b788.wav
normal,fsd50k_object_drop_dishes_5e23bcea,object_drop_dishes,0.1331,0.0048,glass_breaking,0.0,0.683,D:\IUH_K18\HK1N5\KLTN\audio-security-rag\data\interim\normalized\object_drop_dishes\fsd50k_object_drop_dishes_5e23bcea.wav
normal,desed_object_drop_dishes_4d89ebdd,object_drop_dishes,0.1315,0.0321,glass_breaking,6.023,7.182,D:\IUH_K18\HK1N5\KLTN\audio-security-rag\data\interim\normalized\object_drop_dishes\desed_object_drop_dishes_4d89ebdd.wav
normal,fsd50k_object_drop_dishes_3b9fc540,object_drop_dishes,0.1292,0.0133,glass_breaking,0.0,1.393,D:\IUH_K18\HK1N5\KLTN\audio-security-rag\data\interim\normalized\object_drop_dishes\fsd50k_object_drop_dishes_3b9fc540.wav
normal,desed_object_drop_dishes_4b7a604e,object_drop_dishes,0.1288,0.0058,door_slam,0.0,0.683,D:\IUH_K18\HK1N5\KLTN\audio-security-rag\data\interim\normalized\object_drop_dishes\desed_object_drop_dishes_4b7a604e.wav
normal,fsd50k_object_drop_dishes_22d01fb7,object_drop_dishes,0.0877,0.0145,door_slam,0.0,0.906,D:\IUH_K18\HK1N5\KLTN\audio-security-rag\data\interim\normalized\object_drop_dishes\fsd50k_object_drop_dishes_22d01fb7.wav
normal,fsd50k_object_drop_dishes_7593058a,object_drop_dishes,0.0868,0.0323,glass_breaking,0.0,1.01,D:\IUH_K18\HK1N5\KLTN\audio-security-rag\data\interim\normalized\object_drop_dishes\fsd50k_object_drop_dishes_7593058a.wav
normal,fsd50k_object_drop_dishes_c3de817a,object_drop_dishes,0.0777,0.0214,door_slam,0.0,1.006,D:\IUH_K18\HK1N5\KLTN\audio-security-rag\data\interim\normalized\object_drop_dishes\fsd50k_object_drop_dishes_c3de817a.wav
normal,fsd50k_object_drop_dishes_f78c76e5,object_drop_dishes,0.0665,0.0302,glass_breaking,0.0,1.329,D:\IUH_K18\HK1N5\KLTN\audio-security-rag\data\interim\normalized\object_drop_dishes\fsd50k_object_drop_dishes_f78c76e5.wav
normal,desed_object_drop_dishes_c42d1840,object_drop_dishes,0.0655,0.024,glass_breaking,0.0,0.293,D:\IUH_K18\HK1N5\KLTN\audio-security-rag\data\interim\normalized\object_drop_dishes\desed_object_drop_dishes_c42d1840.wav
normal,desed_object_drop_dishes_3f706c32,object_drop_dishes,0.0653,0.028,glass_breaking,0.587,1.512,D:\IUH_K18\HK1N5\KLTN\audio-security-rag\data\interim\normalized\object_drop_dishes\desed_object_drop_dishes_3f706c32.wav
normal,desed_object_drop_dishes_b24bc78f,object_drop_dishes,0.0647,0.0054,glass_breaking,0.0,0.492,D:\IUH_K18\HK1N5\KLTN\audio-security-rag\data\interim\normalized\object_drop_dishes\desed_object_drop_dishes_b24bc78f.wav
normal,fsd50k_object_drop_dishes_5f0d6ffb,object_drop_dishes,0.0644,0.0494,door_slam,0.0,0.688,D:\IUH_K18\HK1N5\KLTN\audio-security-rag\data\interim\normalized\object_drop_dishes\fsd50k_object_drop_dishes_5f0d6ffb.wav
normal,desed_object_drop_dishes_44cb5689,object_drop_dishes,0.0627,0.0052,glass_breaking,0.0,0.528,D:\IUH_K18\HK1N5\KLTN\audio-security-rag\data\interim\normalized\object_drop_dishes\desed_object_drop_dishes_44cb5689.wav
normal,fsd50k_object_drop_dishes_74045354,object_drop_dishes,0.0612,0.0447,door_slam,0.0,0.689,D:\IUH_K18\HK1N5\KLTN\audio-security-rag\data\interim\normalized\object_drop_dishes\fsd50k_object_drop_dishes_74045354.wav
normal,fsd50k_object_drop_dishes_6b906718,object_drop_dishes,0.061,0.0221,door_slam,0.0,0.673,D:\IUH_K18\HK1N5\KLTN\audio-security-rag\data\interim\normalized\object_drop_dishes\fsd50k_object_drop_dishes_6b906718.wav
normal,desed_object_drop_dishes_4ed95c7a,object_drop_dishes,0.0567,0.0418,glass_breaking,0.0,1.009,D:\IUH_K18\HK1N5\KLTN\audio-security-rag\data\interim\normalized\object_drop_dishes\desed_object_drop_dishes_4ed95c7a.wav
normal,fsd50k_object_drop_dishes_1b87748c,object_drop_dishes,0.0557,0.0132,glass_breaking,2.189,3.249,D:\IUH_K18\HK1N5\KLTN\audio-security-rag\data\interim\normalized\object_drop_dishes\fsd50k_object_drop_dishes_1b87748c.wav
normal,desed_object_drop_dishes_cae5fb40,object_drop_dishes,0.0523,0.003,glass_breaking,0.27,1.029,D:\IUH_K18\HK1N5\KLTN\audio-security-rag\data\interim\normalized\object_drop_dishes\desed_object_drop_dishes_cae5fb40.wav
normal,fsd50k_object_drop_dishes_3ad361fc,object_drop_dishes,0.0505,0.0118,glass_breaking,0.0,0.69,D:\IUH_K18\HK1N5\KLTN\audio-security-rag\data\interim\normalized\object_drop_dishes\fsd50k_object_drop_dishes_3ad361fc.wav
normal,fsd50k_object_drop_dishes_4bb63982,object_drop_dishes,0.0499,0.0152,door_slam,,,D:\IUH_K18\HK1N5\KLTN\audio-security-rag\data\interim\normalized\object_drop_dishes\fsd50k_object_drop_dishes_4bb63982.wav
normal,fsd50k_object_drop_dishes_bbabfda7,object_drop_dishes,0.0487,0.0254,glass_breaking,,,D:\IUH_K18\HK1N5\KLTN\audio-security-rag\data\interim\normalized\object_drop_dishes\fsd50k_object_drop_dishes_bbabfda7.wav
normal,fsd50k_object_drop_dishes_aa93419a,object_drop_dishes,0.0485,0.034,glass_breaking,,,D:\IUH_K18\HK1N5\KLTN\audio-security-rag\data\interim\normalized\object_drop_dishes\fsd50k_object_drop_dishes_aa93419a.wav
normal,fsd50k_object_drop_dishes_aa7daf66,object_drop_dishes,0.0459,0.0675,glass_breaking,,,D:\IUH_K18\HK1N5\KLTN\audio-security-rag\data\interim\normalized\object_drop_dishes\fsd50k_object_drop_dishes_aa7daf66.wav
normal,fsd50k_object_drop_dishes_bbb994ca,object_drop_dishes,0.0449,0.0627,door_slam,,,D:\IUH_K18\HK1N5\KLTN\audio-security-rag\data\interim\normalized\object_drop_dishes\fsd50k_object_drop_dishes_bbb994ca.wav
normal,desed_object_drop_dishes_791f7f91,object_drop_dishes,0.0446,0.0041,door_slam,,,D:\IUH_K18\HK1N5\KLTN\audio-security-rag\data\interim\normalized\object_drop_dishes\desed_object_drop_dishes_791f7f91.wav
normal,desed_object_drop_dishes_e558553d,object_drop_dishes,0.0431,0.0281,glass_breaking,,,D:\IUH_K18\HK1N5\KLTN\audio-security-rag\data\interim\normalized\object_drop_dishes\desed_object_drop_dishes_e558553d.wav
normal,desed_object_drop_dishes_6afd3ab1,object_drop_dishes,0.0418,0.0154,glass_breaking,,,D:\IUH_K18\HK1N5\KLTN\audio-security-rag\data\interim\normalized\object_drop_dishes\desed_object_drop_dishes_6afd3ab1.wav
normal,fsd50k_object_drop_dishes_3559c394,object_drop_dishes,0.0416,0.08,glass_breaking,,,D:\IUH_K18\HK1N5\KLTN\audio-security-rag\data\interim\normalized\object_drop_dishes\fsd50k_object_drop_dishes_3559c394.wav
normal,fsd50k_object_drop_dishes_2e9b4292,object_drop_dishes,0.0415,0.004,glass_breaking,,,D:\IUH_K18\HK1N5\KLTN\audio-security-rag\data\interim\normalized\object_drop_dishes\fsd50k_object_drop_dishes_2e9b4292.wav
normal,fsd50k_object_drop_dishes_68c61602,object_drop_dishes,0.0406,0.0244,glass_breaking,,,D:\IUH_K18\HK1N5\KLTN\audio-security-rag\data\interim\normalized\object_drop_dishes\fsd50k_object_drop_dishes_68c61602.wav
normal,fsd50k_object_drop_dishes_c9d0434d,object_drop_dishes,0.039,0.0401,glass_breaking,,,D:\IUH_K18\HK1N5\KLTN\audio-security-rag\data\interim\normalized\object_drop_dishes\fsd50k_object_drop_dishes_c9d0434d.wav
normal,fsd50k_object_drop_dishes_17ea1e4c,object_drop_dishes,0.0385,0.2315,door_slam,,,D:\IUH_K18\HK1N5\KLTN\audio-security-rag\data\interim\normalized\object_drop_dishes\fsd50k_object_drop_dishes_17ea1e4c.wav
normal,fsd50k_object_drop_dishes_e3c161ba,object_drop_dishes,0.0384,0.0528,door_slam,,,D:\IUH_K18\HK1N5\KLTN\audio-security-rag\data\interim\normalized\object_drop_dishes\fsd50k_object_drop_dishes_e3c161ba.wav
normal,fsd50k_object_drop_dishes_6e6cdae5,object_drop_dishes,0.0382,0.0571,door_slam,,,D:\IUH_K18\HK1N5\KLTN\audio-security-rag\data\interim\normalized\object_drop_dishes\fsd50k_object_drop_dishes_6e6cdae5.wav
normal,fsd50k_object_drop_dishes_1927b144,object_drop_dishes,0.038,0.0294,door_slam,,,D:\IUH_K18\HK1N5\KLTN\audio-security-rag\data\interim\normalized\object_drop_dishes\fsd50k_object_drop_dishes_1927b144.wav
normal,fsd50k_object_drop_dishes_62864fd4,object_drop_dishes,0.0379,0.0288,door_slam,,,D:\IUH_K18\HK1N5\KLTN\audio-security-rag\data\interim\normalized\object_drop_dishes\fsd50k_object_drop_dishes_62864fd4.wav
normal,desed_object_drop_dishes_2636a50e,object_drop_dishes,0.0378,0.0432,glass_breaking,,,D:\IUH_K18\HK1N5\KLTN\audio-security-rag\data\interim\normalized\object_drop_dishes\desed_object_drop_dishes_2636a50e.wav
normal,fsd50k_object_drop_dishes_043495bd,object_drop_dishes,0.0377,0.0046,running_footsteps,,,D:\IUH_K18\HK1N5\KLTN\audio-security-rag\data\interim\normalized\object_drop_dishes\fsd50k_object_drop_dishes_043495bd.wav
normal,fsd50k_object_drop_dishes_9fde6b02,object_drop_dishes,0.0362,0.0443,glass_breaking,,,D:\IUH_K18\HK1N5\KLTN\audio-security-rag\data\interim\normalized\object_drop_dishes\fsd50k_object_drop_dishes_9fde6b02.wav
normal,fsd50k_object_drop_dishes_d087062a,object_drop_dishes,0.0353,0.0087,door_slam,,,D:\IUH_K18\HK1N5\KLTN\audio-security-rag\data\interim\normalized\object_drop_dishes\fsd50k_object_drop_dishes_d087062a.wav
normal,desed_object_drop_dishes_acebad04,object_drop_dishes,0.0336,0.0008,glass_breaking,,,D:\IUH_K18\HK1N5\KLTN\audio-security-rag\data\interim\normalized\object_drop_dishes\desed_object_drop_dishes_acebad04.wav
normal,fsd50k_object_drop_dishes_f6bd822f,object_drop_dishes,0.033,0.037,glass_breaking,,,D:\IUH_K18\HK1N5\KLTN\audio-security-rag\data\interim\normalized\object_drop_dishes\fsd50k_object_drop_dishes_f6bd822f.wav
normal,fsd50k_object_drop_dishes_e93bec57,object_drop_dishes,0.0324,0.1382,door_slam,,,D:\IUH_K18\HK1N5\KLTN\audio-security-rag\data\interim\normalized\object_drop_dishes\fsd50k_object_drop_dishes_e93bec57.wav
normal,desed_object_drop_dishes_9735e767,object_drop_dishes,0.032,0.0411,glass_breaking,,,D:\IUH_K18\HK1N5\KLTN\audio-security-rag\data\interim\normalized\object_drop_dishes\desed_object_drop_dishes_9735e767.wav
normal,fsd50k_object_drop_dishes_aaee1a37,object_drop_dishes,0.0318,0.3375,glass_breaking,,,D:\IUH_K18\HK1N5\KLTN\audio-security-rag\data\interim\normalized\object_drop_dishes\fsd50k_object_drop_dishes_aaee1a37.wav
normal,fsd50k_object_drop_dishes_957718fc,object_drop_dishes,0.0287,0.0228,glass_breaking,,,D:\IUH_K18\HK1N5\KLTN\audio-security-rag\data\interim\normalized\object_drop_dishes\fsd50k_object_drop_dishes_957718fc.wav
normal,desed_object_drop_dishes_b759027b,object_drop_dishes,0.0285,0.0164,glass_breaking,,,D:\IUH_K18\HK1N5\KLTN\audio-security-rag\data\interim\normalized\object_drop_dishes\desed_object_drop_dishes_b759027b.wav
normal,fsd50k_object_drop_dishes_494891fa,object_drop_dishes,0.0279,0.0065,door_slam,,,D:\IUH_K18\HK1N5\KLTN\audio-security-rag\data\interim\normalized\object_drop_dishes\fsd50k_object_drop_dishes_494891fa.wav
normal,desed_object_drop_dishes_a2d4c4e7,object_drop_dishes,0.0275,0.0037,glass_breaking,,,D:\IUH_K18\HK1N5\KLTN\audio-security-rag\data\interim\normalized\object_drop_dishes\desed_object_drop_dishes_a2d4c4e7.wav
normal,fsd50k_object_drop_dishes_1d471f4d,object_drop_dishes,0.0269,0.1102,glass_breaking,,,D:\IUH_K18\HK1N5\KLTN\audio-security-rag\data\interim\normalized\object_drop_dishes\fsd50k_object_drop_dishes_1d471f4d.wav
normal,fsd50k_object_drop_dishes_5fe4efa4,object_drop_dishes,0.0269,0.0253,door_slam,,,D:\IUH_K18\HK1N5\KLTN\audio-security-rag\data\interim\normalized\object_drop_dishes\fsd50k_object_drop_dishes_5fe4efa4.wav
normal,fsd50k_object_drop_dishes_85323be4,object_drop_dishes,0.0264,0.0367,glass_breaking,,,D:\IUH_K18\HK1N5\KLTN\audio-security-rag\data\interim\normalized\object_drop_dishes\fsd50k_object_drop_dishes_85323be4.wav
normal,desed_object_drop_dishes_24b19e80,object_drop_dishes,0.0258,0.0545,glass_breaking,,,D:\IUH_K18\HK1N5\KLTN\audio-security-rag\data\interim\normalized\object_drop_dishes\desed_object_drop_dishes_24b19e80.wav
normal,fsd50k_object_drop_dishes_d38e1876,object_drop_dishes,0.0248,0.0212,door_slam,,,D:\IUH_K18\HK1N5\KLTN\audio-security-rag\data\interim\normalized\object_drop_dishes\fsd50k_object_drop_dishes_d38e1876.wav
normal,fsd50k_object_drop_dishes_e77c4004,object_drop_dishes,0.0238,0.0534,glass_breaking,,,D:\IUH_K18\HK1N5\KLTN\audio-security-rag\data\interim\normalized\object_drop_dishes\fsd50k_object_drop_dishes_e77c4004.wav
normal,fsd50k_object_drop_dishes_3568a3b4,object_drop_dishes,0.0235,0.0411,door_slam,,,D:\IUH_K18\HK1N5\KLTN\audio-security-rag\data\interim\normalized\object_drop_dishes\fsd50k_object_drop_dishes_3568a3b4.wav
normal,fsd50k_object_drop_dishes_e0bbcd64,object_drop_dishes,0.0232,0.0251,door_slam,,,D:\IUH_K18\HK1N5\KLTN\audio-security-rag\data\interim\normalized\object_drop_dishes\fsd50k_object_drop_dishes_e0bbcd64.wav
normal,fsd50k_object_drop_dishes_47971950,object_drop_dishes,0.0226,0.0083,door_slam,,,D:\IUH_K18\HK1N5\KLTN\audio-security-rag\data\interim\normalized\object_drop_dishes\fsd50k_object_drop_dishes_47971950.wav
normal,fsd50k_object_drop_dishes_66aba188,object_drop_dishes,0.0226,0.276,glass_breaking,,,D:\IUH_K18\HK1N5\KLTN\audio-security-rag\data\interim\normalized\object_drop_dishes\fsd50k_object_drop_dishes_66aba188.wav
normal,fsd50k_object_drop_dishes_d94ead14,object_drop_dishes,0.0225,0.0196,door_slam,,,D:\IUH_K18\HK1N5\KLTN\audio-security-rag\data\interim\normalized\object_drop_dishes\fsd50k_object_drop_dishes_d94ead14.wav
normal,fsd50k_object_drop_dishes_8adfeb64,object_drop_dishes,0.0224,0.0338,door_slam,,,D:\IUH_K18\HK1N5\KLTN\audio-security-rag\data\interim\normalized\object_drop_dishes\fsd50k_object_drop_dishes_8adfeb64.wav
normal,desed_object_drop_dishes_b950dcb4,object_drop_dishes,0.0219,0.0331,glass_breaking,,,D:\IUH_K18\HK1N5\KLTN\audio-security-rag\data\interim\normalized\object_drop_dishes\desed_object_drop_dishes_b950dcb4.wav
normal,fsd50k_object_drop_dishes_2b3cb463,object_drop_dishes,0.0219,0.0399,door_slam,,,D:\IUH_K18\HK1N5\KLTN\audio-security-rag\data\interim\normalized\object_drop_dishes\fsd50k_object_drop_dishes_2b3cb463.wav
normal,fsd50k_object_drop_dishes_6fcde442,object_drop_dishes,0.0217,0.1685,door_slam,,,D:\IUH_K18\HK1N5\KLTN\audio-security-rag\data\interim\normalized\object_drop_dishes\fsd50k_object_drop_dishes_6fcde442.wav
normal,fsd50k_object_drop_dishes_f5355316,object_drop_dishes,0.0215,0.0215,glass_breaking,,,D:\IUH_K18\HK1N5\KLTN\audio-security-rag\data\interim\normalized\object_drop_dishes\fsd50k_object_drop_dishes_f5355316.wav
normal,fsd50k_object_drop_dishes_8f4276c3,object_drop_dishes,0.0212,0.0121,glass_breaking,,,D:\IUH_K18\HK1N5\KLTN\audio-security-rag\data\interim\normalized\object_drop_dishes\fsd50k_object_drop_dishes_8f4276c3.wav
normal,desed_object_drop_dishes_4a8c0d08,object_drop_dishes,0.0206,0.0062,glass_breaking,,,D:\IUH_K18\HK1N5\KLTN\audio-security-rag\data\interim\normalized\object_drop_dishes\desed_object_drop_dishes_4a8c0d08.wav
normal,desed_object_drop_dishes_6b74f904,object_drop_dishes,0.0205,0.0519,glass_breaking,,,D:\IUH_K18\HK1N5\KLTN\audio-security-rag\data\interim\normalized\object_drop_dishes\desed_object_drop_dishes_6b74f904.wav
normal,desed_object_drop_dishes_0a3d0289,object_drop_dishes,0.0199,0.1822,glass_breaking,,,D:\IUH_K18\HK1N5\KLTN\audio-security-rag\data\interim\normalized\object_drop_dishes\desed_object_drop_dishes_0a3d0289.wav
normal,fsd50k_object_drop_dishes_056dd826,object_drop_dishes,0.0196,0.2115,door_slam,,,D:\IUH_K18\HK1N5\KLTN\audio-security-rag\data\interim\normalized\object_drop_dishes\fsd50k_object_drop_dishes_056dd826.wav
normal,fsd50k_object_drop_dishes_8e6770fc,object_drop_dishes,0.0193,0.0351,door_slam,,,D:\IUH_K18\HK1N5\KLTN\audio-security-rag\data\interim\normalized\object_drop_dishes\fsd50k_object_drop_dishes_8e6770fc.wav
normal,fsd50k_object_drop_dishes_be891fd8,object_drop_dishes,0.0183,0.0465,door_slam,,,D:\IUH_K18\HK1N5\KLTN\audio-security-rag\data\interim\normalized\object_drop_dishes\fsd50k_object_drop_dishes_be891fd8.wav
normal,desed_object_drop_dishes_4a44ca36,object_drop_dishes,0.0177,0.0066,glass_breaking,,,D:\IUH_K18\HK1N5\KLTN\audio-security-rag\data\interim\normalized\object_drop_dishes\desed_object_drop_dishes_4a44ca36.wav
normal,fsd50k_object_drop_dishes_b90be3fa,object_drop_dishes,0.0177,0.0185,door_slam,,,D:\IUH_K18\HK1N5\KLTN\audio-security-rag\data\interim\normalized\object_drop_dishes\fsd50k_object_drop_dishes_b90be3fa.wav
normal,fsd50k_object_drop_dishes_96391bdf,object_drop_dishes,0.0171,0.4434,glass_breaking,,,D:\IUH_K18\HK1N5\KLTN\audio-security-rag\data\interim\normalized\object_drop_dishes\fsd50k_object_drop_dishes_96391bdf.wav
normal,desed_object_drop_dishes_65c30dd1,object_drop_dishes,0.0168,0.129,glass_breaking,,,D:\IUH_K18\HK1N5\KLTN\audio-security-rag\data\interim\normalized\object_drop_dishes\desed_object_drop_dishes_65c30dd1.wav
normal,fsd50k_object_drop_dishes_87114697,object_drop_dishes,0.0168,0.1542,door_slam,,,D:\IUH_K18\HK1N5\KLTN\audio-security-rag\data\interim\normalized\object_drop_dishes\fsd50k_object_drop_dishes_87114697.wav
normal,fsd50k_object_drop_dishes_59dc827e,object_drop_dishes,0.0167,0.004,door_slam,,,D:\IUH_K18\HK1N5\KLTN\audio-security-rag\data\interim\normalized\object_drop_dishes\fsd50k_object_drop_dishes_59dc827e.wav
normal,fsd50k_object_drop_dishes_7012b8dd,object_drop_dishes,0.0163,0.0112,glass_breaking,,,D:\IUH_K18\HK1N5\KLTN\audio-security-rag\data\interim\normalized\object_drop_dishes\fsd50k_object_drop_dishes_7012b8dd.wav
normal,desed_object_drop_dishes_4bbbbb16,object_drop_dishes,0.0157,0.0913,glass_breaking,,,D:\IUH_K18\HK1N5\KLTN\audio-security-rag\data\interim\normalized\object_drop_dishes\desed_object_drop_dishes_4bbbbb16.wav
normal,fsd50k_object_drop_dishes_861c55aa,object_drop_dishes,0.0157,0.109,glass_breaking,,,D:\IUH_K18\HK1N5\KLTN\audio-security-rag\data\interim\normalized\object_drop_dishes\fsd50k_object_drop_dishes_861c55aa.wav
normal,fsd50k_object_drop_dishes_fa20241f,object_drop_dishes,0.0157,0.0122,door_slam,,,D:\IUH_K18\HK1N5\KLTN\audio-security-rag\data\interim\normalized\object_drop_dishes\fsd50k_object_drop_dishes_fa20241f.wav
normal,fsd50k_object_drop_dishes_7551f461,object_drop_dishes,0.0156,0.0094,glass_breaking,,,D:\IUH_K18\HK1N5\KLTN\audio-security-rag\data\interim\normalized\object_drop_dishes\fsd50k_object_drop_dishes_7551f461.wav
normal,desed_object_drop_dishes_63f0e0ba,object_drop_dishes,0.0155,0.0045,glass_breaking,,,D:\IUH_K18\HK1N5\KLTN\audio-security-rag\data\interim\normalized\object_drop_dishes\desed_object_drop_dishes_63f0e0ba.wav
normal,fsd50k_object_drop_dishes_b873f792,object_drop_dishes,0.0155,0.0081,door_slam,,,D:\IUH_K18\HK1N5\KLTN\audio-security-rag\data\interim\normalized\object_drop_dishes\fsd50k_object_drop_dishes_b873f792.wav
normal,fsd50k_object_drop_dishes_8674626d,object_drop_dishes,0.0153,0.0096,door_slam,,,D:\IUH_K18\HK1N5\KLTN\audio-security-rag\data\interim\normalized\object_drop_dishes\fsd50k_object_drop_dishes_8674626d.wav
normal,desed_object_drop_dishes_e16d0bc6,object_drop_dishes,0.0152,0.0143,glass_breaking,,,D:\IUH_K18\HK1N5\KLTN\audio-security-rag\data\interim\normalized\object_drop_dishes\desed_object_drop_dishes_e16d0bc6.wav
normal,fsd50k_object_drop_dishes_a6015d63,object_drop_dishes,0.0147,0.018,door_slam,,,D:\IUH_K18\HK1N5\KLTN\audio-security-rag\data\interim\normalized\object_drop_dishes\fsd50k_object_drop_dishes_a6015d63.wav
normal,fsd50k_object_drop_dishes_db76074d,object_drop_dishes,0.0145,0.0197,running_footsteps,,,D:\IUH_K18\HK1N5\KLTN\audio-security-rag\data\interim\normalized\object_drop_dishes\fsd50k_object_drop_dishes_db76074d.wav
normal,desed_object_drop_dishes_e2ef3ac7,object_drop_dishes,0.0137,0.0225,glass_breaking,,,D:\IUH_K18\HK1N5\KLTN\audio-security-rag\data\interim\normalized\object_drop_dishes\desed_object_drop_dishes_e2ef3ac7.wav
normal,fsd50k_object_drop_dishes_b9d4a1c9,object_drop_dishes,0.0135,0.1587,glass_breaking,,,D:\IUH_K18\HK1N5\KLTN\audio-security-rag\data\interim\normalized\object_drop_dishes\fsd50k_object_drop_dishes_b9d4a1c9.wav
normal,desed_object_drop_dishes_54033c63,object_drop_dishes,0.013,0.0162,glass_breaking,,,D:\IUH_K18\HK1N5\KLTN\audio-security-rag\data\interim\normalized\object_drop_dishes\desed_object_drop_dishes_54033c63.wav
normal,desed_object_drop_dishes_4d584fa1,object_drop_dishes,0.0128,0.0134,glass_breaking,,,D:\IUH_K18\HK1N5\KLTN\audio-security-rag\data\interim\normalized\object_drop_dishes\desed_object_drop_dishes_4d584fa1.wav
normal,fsd50k_object_drop_dishes_bd9ef15e,object_drop_dishes,0.0127,0.0194,door_slam,,,D:\IUH_K18\HK1N5\KLTN\audio-security-rag\data\interim\normalized\object_drop_dishes\fsd50k_object_drop_dishes_bd9ef15e.wav
normal,fsd50k_object_drop_dishes_e1c42bd1,object_drop_dishes,0.0126,0.0081,door_slam,,,D:\IUH_K18\HK1N5\KLTN\audio-security-rag\data\interim\normalized\object_drop_dishes\fsd50k_object_drop_dishes_e1c42bd1.wav
normal,fsd50k_object_drop_dishes_2a56d97c,object_drop_dishes,0.0125,0.0221,door_slam,,,D:\IUH_K18\HK1N5\KLTN\audio-security-rag\data\interim\normalized\object_drop_dishes\fsd50k_object_drop_dishes_2a56d97c.wav
normal,desed_object_drop_dishes_0857705b,object_drop_dishes,0.0124,0.0101,glass_breaking,,,D:\IUH_K18\HK1N5\KLTN\audio-security-rag\data\interim\normalized\object_drop_dishes\desed_object_drop_dishes_0857705b.wav
normal,fsd50k_object_drop_dishes_de199d78,object_drop_dishes,0.0124,0.0072,door_slam,,,D:\IUH_K18\HK1N5\KLTN\audio-security-rag\data\interim\normalized\object_drop_dishes\fsd50k_object_drop_dishes_de199d78.wav
normal,fsd50k_object_drop_dishes_3c9513bc,object_drop_dishes,0.0118,0.0241,door_slam,,,D:\IUH_K18\HK1N5\KLTN\audio-security-rag\data\interim\normalized\object_drop_dishes\fsd50k_object_drop_dishes_3c9513bc.wav
normal,desed_object_drop_dishes_2ac172dc,object_drop_dishes,0.0116,0.0423,glass_breaking,,,D:\IUH_K18\HK1N5\KLTN\audio-security-rag\data\interim\normalized\object_drop_dishes\desed_object_drop_dishes_2ac172dc.wav
normal,fsd50k_object_drop_dishes_338d5b77,object_drop_dishes,0.0116,0.007,glass_breaking,,,D:\IUH_K18\HK1N5\KLTN\audio-security-rag\data\interim\normalized\object_drop_dishes\fsd50k_object_drop_dishes_338d5b77.wav
normal,fsd50k_object_drop_dishes_5d3fba0a,object_drop_dishes,0.0116,0.0098,door_slam,,,D:\IUH_K18\HK1N5\KLTN\audio-security-rag\data\interim\normalized\object_drop_dishes\fsd50k_object_drop_dishes_5d3fba0a.wav
normal,desed_object_drop_dishes_21038e85,object_drop_dishes,0.0115,0.0002,glass_breaking,,,D:\IUH_K18\HK1N5\KLTN\audio-security-rag\data\interim\normalized\object_drop_dishes\desed_object_drop_dishes_21038e85.wav
normal,fsd50k_object_drop_dishes_46c9c465,object_drop_dishes,0.0113,0.0112,door_slam,,,D:\IUH_K18\HK1N5\KLTN\audio-security-rag\data\interim\normalized\object_drop_dishes\fsd50k_object_drop_dishes_46c9c465.wav
normal,desed_object_drop_dishes_8b5f5eb9,object_drop_dishes,0.0112,0.0058,door_slam,,,D:\IUH_K18\HK1N5\KLTN\audio-security-rag\data\interim\normalized\object_drop_dishes\desed_object_drop_dishes_8b5f5eb9.wav
normal,fsd50k_object_drop_dishes_dc61c26a,object_drop_dishes,0.0111,0.0704,door_slam,,,D:\IUH_K18\HK1N5\KLTN\audio-security-rag\data\interim\normalized\object_drop_dishes\fsd50k_object_drop_dishes_dc61c26a.wav
normal,desed_object_drop_dishes_e6ab2350,object_drop_dishes,0.011,0.0303,glass_breaking,,,D:\IUH_K18\HK1N5\KLTN\audio-security-rag\data\interim\normalized\object_drop_dishes\desed_object_drop_dishes_e6ab2350.wav
normal,fsd50k_object_drop_dishes_8fce4ad7,object_drop_dishes,0.011,0.0958,glass_breaking,,,D:\IUH_K18\HK1N5\KLTN\audio-security-rag\data\interim\normalized\object_drop_dishes\fsd50k_object_drop_dishes_8fce4ad7.wav
normal,fsd50k_object_drop_dishes_ba5b7e42,object_drop_dishes,0.0109,0.1928,door_slam,,,D:\IUH_K18\HK1N5\KLTN\audio-security-rag\data\interim\normalized\object_drop_dishes\fsd50k_object_drop_dishes_ba5b7e42.wav
normal,desed_object_drop_dishes_d0a3d6e4,object_drop_dishes,0.0108,0.0687,glass_breaking,,,D:\IUH_K18\HK1N5\KLTN\audio-security-rag\data\interim\normalized\object_drop_dishes\desed_object_drop_dishes_d0a3d6e4.wav
normal,desed_object_drop_dishes_da92eaf0,object_drop_dishes,0.0107,0.3949,glass_breaking,,,D:\IUH_K18\HK1N5\KLTN\audio-security-rag\data\interim\normalized\object_drop_dishes\desed_object_drop_dishes_da92eaf0.wav
normal,fsd50k_object_drop_dishes_62304c6d,object_drop_dishes,0.0106,0.021,door_slam,,,D:\IUH_K18\HK1N5\KLTN\audio-security-rag\data\interim\normalized\object_drop_dishes\fsd50k_object_drop_dishes_62304c6d.wav
normal,fsd50k_object_drop_dishes_2b750c1a,object_drop_dishes,0.0105,0.093,door_slam,,,D:\IUH_K18\HK1N5\KLTN\audio-security-rag\data\interim\normalized\object_drop_dishes\fsd50k_object_drop_dishes_2b750c1a.wav
normal,fsd50k_object_drop_dishes_6e543a2c,object_drop_dishes,0.0105,0.1969,door_slam,,,D:\IUH_K18\HK1N5\KLTN\audio-security-rag\data\interim\normalized\object_drop_dishes\fsd50k_object_drop_dishes_6e543a2c.wav
normal,desed_object_drop_dishes_926dc52c,object_drop_dishes,0.0104,0.0175,glass_breaking,,,D:\IUH_K18\HK1N5\KLTN\audio-security-rag\data\interim\normalized\object_drop_dishes\desed_object_drop_dishes_926dc52c.wav
normal,desed_object_drop_dishes_ad2dee57,object_drop_dishes,0.0099,0.126,door_slam,,,D:\IUH_K18\HK1N5\KLTN\audio-security-rag\data\interim\normalized\object_drop_dishes\desed_object_drop_dishes_ad2dee57.wav
normal,fsd50k_object_drop_dishes_6b97c737,object_drop_dishes,0.0095,0.1374,door_slam,,,D:\IUH_K18\HK1N5\KLTN\audio-security-rag\data\interim\normalized\object_drop_dishes\fsd50k_object_drop_dishes_6b97c737.wav
normal,fsd50k_object_drop_dishes_580825a4,object_drop_dishes,0.0091,0.0097,glass_breaking,,,D:\IUH_K18\HK1N5\KLTN\audio-security-rag\data\interim\normalized\object_drop_dishes\fsd50k_object_drop_dishes_580825a4.wav
normal,fsd50k_object_drop_dishes_9675bc16,object_drop_dishes,0.009,0.3236,door_slam,,,D:\IUH_K18\HK1N5\KLTN\audio-security-rag\data\interim\normalized\object_drop_dishes\fsd50k_object_drop_dishes_9675bc16.wav
normal,fsd50k_object_drop_dishes_14fd0ef0,object_drop_dishes,0.0085,0.0798,door_slam,,,D:\IUH_K18\HK1N5\KLTN\audio-security-rag\data\interim\normalized\object_drop_dishes\fsd50k_object_drop_dishes_14fd0ef0.wav
normal,fsd50k_object_drop_dishes_01d0b188,object_drop_dishes,0.0082,0.157,door_slam,,,D:\IUH_K18\HK1N5\KLTN\audio-security-rag\data\interim\normalized\object_drop_dishes\fsd50k_object_drop_dishes_01d0b188.wav
normal,fsd50k_object_drop_dishes_399e26e8,object_drop_dishes,0.0081,0.0174,glass_breaking,,,D:\IUH_K18\HK1N5\KLTN\audio-security-rag\data\interim\normalized\object_drop_dishes\fsd50k_object_drop_dishes_399e26e8.wav
normal,fsd50k_object_drop_dishes_965f7fe6,object_drop_dishes,0.0081,0.0554,glass_breaking,,,D:\IUH_K18\HK1N5\KLTN\audio-security-rag\data\interim\normalized\object_drop_dishes\fsd50k_object_drop_dishes_965f7fe6.wav
normal,fsd50k_object_drop_dishes_bf493c39,object_drop_dishes,0.0081,0.0288,glass_breaking,,,D:\IUH_K18\HK1N5\KLTN\audio-security-rag\data\interim\normalized\object_drop_dishes\fsd50k_object_drop_dishes_bf493c39.wav
normal,desed_object_drop_dishes_bb4a2fa5,object_drop_dishes,0.008,0.0755,glass_breaking,,,D:\IUH_K18\HK1N5\KLTN\audio-security-rag\data\interim\normalized\object_drop_dishes\desed_object_drop_dishes_bb4a2fa5.wav
normal,fsd50k_object_drop_dishes_2d4ca118,object_drop_dishes,0.008,0.043,glass_breaking,,,D:\IUH_K18\HK1N5\KLTN\audio-security-rag\data\interim\normalized\object_drop_dishes\fsd50k_object_drop_dishes_2d4ca118.wav
normal,fsd50k_object_drop_dishes_febf8e48,object_drop_dishes,0.008,0.1256,door_slam,,,D:\IUH_K18\HK1N5\KLTN\audio-security-rag\data\interim\normalized\object_drop_dishes\fsd50k_object_drop_dishes_febf8e48.wav
normal,fsd50k_object_drop_dishes_7bc090d7,object_drop_dishes,0.0079,0.2291,door_slam,,,D:\IUH_K18\HK1N5\KLTN\audio-security-rag\data\interim\normalized\object_drop_dishes\fsd50k_object_drop_dishes_7bc090d7.wav
normal,fsd50k_object_drop_dishes_88fe02b0,object_drop_dishes,0.0078,0.0086,running_footsteps,,,D:\IUH_K18\HK1N5\KLTN\audio-security-rag\data\interim\normalized\object_drop_dishes\fsd50k_object_drop_dishes_88fe02b0.wav
normal,fsd50k_object_drop_dishes_aa284f5c,object_drop_dishes,0.0077,0.031,door_slam,,,D:\IUH_K18\HK1N5\KLTN\audio-security-rag\data\interim\normalized\object_drop_dishes\fsd50k_object_drop_dishes_aa284f5c.wav
normal,desed_object_drop_dishes_0370956b,object_drop_dishes,0.0076,0.0038,glass_breaking,,,D:\IUH_K18\HK1N5\KLTN\audio-security-rag\data\interim\normalized\object_drop_dishes\desed_object_drop_dishes_0370956b.wav
normal,fsd50k_object_drop_dishes_aded14a4,object_drop_dishes,0.0075,0.0076,glass_breaking,,,D:\IUH_K18\HK1N5\KLTN\audio-security-rag\data\interim\normalized\object_drop_dishes\fsd50k_object_drop_dishes_aded14a4.wav
normal,desed_object_drop_dishes_4812c9c9,object_drop_dishes,0.0074,0.025,glass_breaking,,,D:\IUH_K18\HK1N5\KLTN\audio-security-rag\data\interim\normalized\object_drop_dishes\desed_object_drop_dishes_4812c9c9.wav
normal,fsd50k_object_drop_dishes_34b5e6cb,object_drop_dishes,0.0074,0.0176,glass_breaking,,,D:\IUH_K18\HK1N5\KLTN\audio-security-rag\data\interim\normalized\object_drop_dishes\fsd50k_object_drop_dishes_34b5e6cb.wav
normal,desed_object_drop_dishes_87e2de21,object_drop_dishes,0.0072,0.0982,glass_breaking,,,D:\IUH_K18\HK1N5\KLTN\audio-security-rag\data\interim\normalized\object_drop_dishes\desed_object_drop_dishes_87e2de21.wav
normal,fsd50k_object_drop_dishes_20353502,object_drop_dishes,0.0072,0.0216,door_slam,,,D:\IUH_K18\HK1N5\KLTN\audio-security-rag\data\interim\normalized\object_drop_dishes\fsd50k_object_drop_dishes_20353502.wav
normal,fsd50k_object_drop_dishes_f3dfbf0d,object_drop_dishes,0.0072,0.0052,glass_breaking,,,D:\IUH_K18\HK1N5\KLTN\audio-security-rag\data\interim\normalized\object_drop_dishes\fsd50k_object_drop_dishes_f3dfbf0d.wav
normal,fsd50k_object_drop_dishes_140f1c19,object_drop_dishes,0.0071,0.0128,door_slam,,,D:\IUH_K18\HK1N5\KLTN\audio-security-rag\data\interim\normalized\object_drop_dishes\fsd50k_object_drop_dishes_140f1c19.wav
normal,fsd50k_object_drop_dishes_32b0858a,object_drop_dishes,0.007,0.3535,door_slam,,,D:\IUH_K18\HK1N5\KLTN\audio-security-rag\data\interim\normalized\object_drop_dishes\fsd50k_object_drop_dishes_32b0858a.wav
normal,fsd50k_object_drop_dishes_7c6b1d70,object_drop_dishes,0.007,0.1463,glass_breaking,,,D:\IUH_K18\HK1N5\KLTN\audio-security-rag\data\interim\normalized\object_drop_dishes\fsd50k_object_drop_dishes_7c6b1d70.wav
normal,desed_object_drop_dishes_6e0e0c11,object_drop_dishes,0.0069,0.0333,glass_breaking,,,D:\IUH_K18\HK1N5\KLTN\audio-security-rag\data\interim\normalized\object_drop_dishes\desed_object_drop_dishes_6e0e0c11.wav
normal,desed_object_drop_dishes_babea0a4,object_drop_dishes,0.0069,0.2378,glass_breaking,,,D:\IUH_K18\HK1N5\KLTN\audio-security-rag\data\interim\normalized\object_drop_dishes\desed_object_drop_dishes_babea0a4.wav
normal,fsd50k_object_drop_dishes_f2e2e655,object_drop_dishes,0.0069,0.0091,door_slam,,,D:\IUH_K18\HK1N5\KLTN\audio-security-rag\data\interim\normalized\object_drop_dishes\fsd50k_object_drop_dishes_f2e2e655.wav
normal,fsd50k_object_drop_dishes_380060ea,object_drop_dishes,0.0068,0.0094,door_slam,,,D:\IUH_K18\HK1N5\KLTN\audio-security-rag\data\interim\normalized\object_drop_dishes\fsd50k_object_drop_dishes_380060ea.wav
normal,fsd50k_object_drop_dishes_9cd14a8d,object_drop_dishes,0.0068,0.2475,door_slam,,,D:\IUH_K18\HK1N5\KLTN\audio-security-rag\data\interim\normalized\object_drop_dishes\fsd50k_object_drop_dishes_9cd14a8d.wav
normal,fsd50k_object_drop_dishes_9d2bf464,object_drop_dishes,0.0067,0.0224,door_slam,,,D:\IUH_K18\HK1N5\KLTN\audio-security-rag\data\interim\normalized\object_drop_dishes\fsd50k_object_drop_dishes_9d2bf464.wav
normal,desed_object_drop_dishes_7f9a132c,object_drop_dishes,0.0066,0.0086,glass_breaking,,,D:\IUH_K18\HK1N5\KLTN\audio-security-rag\data\interim\normalized\object_drop_dishes\desed_object_drop_dishes_7f9a132c.wav
normal,fsd50k_object_drop_dishes_905d639a,object_drop_dishes,0.0066,0.0823,running_footsteps,,,D:\IUH_K18\HK1N5\KLTN\audio-security-rag\data\interim\normalized\object_drop_dishes\fsd50k_object_drop_dishes_905d639a.wav
normal,fsd50k_object_drop_dishes_d3050f51,object_drop_dishes,0.0066,0.0139,door_slam,,,D:\IUH_K18\HK1N5\KLTN\audio-security-rag\data\interim\normalized\object_drop_dishes\fsd50k_object_drop_dishes_d3050f51.wav
normal,fsd50k_object_drop_dishes_e75bb410,object_drop_dishes,0.0066,0.0802,door_slam,,,D:\IUH_K18\HK1N5\KLTN\audio-security-rag\data\interim\normalized\object_drop_dishes\fsd50k_object_drop_dishes_e75bb410.wav
normal,fsd50k_object_drop_dishes_cb532cd3,object_drop_dishes,0.0065,0.0051,door_slam,,,D:\IUH_K18\HK1N5\KLTN\audio-security-rag\data\interim\normalized\object_drop_dishes\fsd50k_object_drop_dishes_cb532cd3.wav
normal,desed_object_drop_dishes_7a75038b,object_drop_dishes,0.0064,0.5531,glass_breaking,,,D:\IUH_K18\HK1N5\KLTN\audio-security-rag\data\interim\normalized\object_drop_dishes\desed_object_drop_dishes_7a75038b.wav
normal,fsd50k_object_drop_dishes_27704cbb,object_drop_dishes,0.0064,0.01,door_slam,,,D:\IUH_K18\HK1N5\KLTN\audio-security-rag\data\interim\normalized\object_drop_dishes\fsd50k_object_drop_dishes_27704cbb.wav
normal,desed_object_drop_dishes_16291240,object_drop_dishes,0.0063,0.0047,glass_breaking,,,D:\IUH_K18\HK1N5\KLTN\audio-security-rag\data\interim\normalized\object_drop_dishes\desed_object_drop_dishes_16291240.wav
normal,desed_object_drop_dishes_36d570d4,object_drop_dishes,0.0063,0.0009,glass_breaking,,,D:\IUH_K18\HK1N5\KLTN\audio-security-rag\data\interim\normalized\object_drop_dishes\desed_object_drop_dishes_36d570d4.wav
normal,fsd50k_object_drop_dishes_8f96b515,object_drop_dishes,0.0063,0.021,door_slam,,,D:\IUH_K18\HK1N5\KLTN\audio-security-rag\data\interim\normalized\object_drop_dishes\fsd50k_object_drop_dishes_8f96b515.wav
normal,fsd50k_object_drop_dishes_92e7e171,object_drop_dishes,0.0063,0.0661,door_slam,,,D:\IUH_K18\HK1N5\KLTN\audio-security-rag\data\interim\normalized\object_drop_dishes\fsd50k_object_drop_dishes_92e7e171.wav
normal,fsd50k_object_drop_dishes_fe52533e,object_drop_dishes,0.0063,0.0112,glass_breaking,,,D:\IUH_K18\HK1N5\KLTN\audio-security-rag\data\interim\normalized\object_drop_dishes\fsd50k_object_drop_dishes_fe52533e.wav
normal,desed_object_drop_dishes_c9d2e5be,object_drop_dishes,0.0062,0.005,door_slam,,,D:\IUH_K18\HK1N5\KLTN\audio-security-rag\data\interim\normalized\object_drop_dishes\desed_object_drop_dishes_c9d2e5be.wav
normal,desed_object_drop_dishes_4694d4d5,object_drop_dishes,0.006,0.0009,door_slam,,,D:\IUH_K18\HK1N5\KLTN\audio-security-rag\data\interim\normalized\object_drop_dishes\desed_object_drop_dishes_4694d4d5.wav
normal,fsd50k_object_drop_dishes_abb8d8cc,object_drop_dishes,0.006,0.0058,glass_breaking,,,D:\IUH_K18\HK1N5\KLTN\audio-security-rag\data\interim\normalized\object_drop_dishes\fsd50k_object_drop_dishes_abb8d8cc.wav
normal,fsd50k_object_drop_dishes_829f25c1,object_drop_dishes,0.0059,0.0417,glass_breaking,,,D:\IUH_K18\HK1N5\KLTN\audio-security-rag\data\interim\normalized\object_drop_dishes\fsd50k_object_drop_dishes_829f25c1.wav
normal,fsd50k_object_drop_dishes_87c879e6,object_drop_dishes,0.0059,0.0408,glass_breaking,,,D:\IUH_K18\HK1N5\KLTN\audio-security-rag\data\interim\normalized\object_drop_dishes\fsd50k_object_drop_dishes_87c879e6.wav
normal,fsd50k_object_drop_dishes_d3950789,object_drop_dishes,0.0058,0.25,door_slam,,,D:\IUH_K18\HK1N5\KLTN\audio-security-rag\data\interim\normalized\object_drop_dishes\fsd50k_object_drop_dishes_d3950789.wav
normal,fsd50k_object_drop_dishes_37a9ebb6,object_drop_dishes,0.0056,0.0071,door_slam,,,D:\IUH_K18\HK1N5\KLTN\audio-security-rag\data\interim\normalized\object_drop_dishes\fsd50k_object_drop_dishes_37a9ebb6.wav
normal,desed_object_drop_dishes_7c6e0c91,object_drop_dishes,0.0053,0.0215,glass_breaking,,,D:\IUH_K18\HK1N5\KLTN\audio-security-rag\data\interim\normalized\object_drop_dishes\desed_object_drop_dishes_7c6e0c91.wav
normal,fsd50k_object_drop_dishes_fdee1840,object_drop_dishes,0.0053,0.0265,glass_breaking,,,D:\IUH_K18\HK1N5\KLTN\audio-security-rag\data\interim\normalized\object_drop_dishes\fsd50k_object_drop_dishes_fdee1840.wav
normal,desed_object_drop_dishes_c5a0d2b9,object_drop_dishes,0.0052,0.0226,glass_breaking,,,D:\IUH_K18\HK1N5\KLTN\audio-security-rag\data\interim\normalized\object_drop_dishes\desed_object_drop_dishes_c5a0d2b9.wav
normal,fsd50k_object_drop_dishes_239bd312,object_drop_dishes,0.0052,0.0557,running_footsteps,,,D:\IUH_K18\HK1N5\KLTN\audio-security-rag\data\interim\normalized\object_drop_dishes\fsd50k_object_drop_dishes_239bd312.wav
normal,fsd50k_object_drop_dishes_3216eb72,object_drop_dishes,0.0052,0.0036,glass_breaking,,,D:\IUH_K18\HK1N5\KLTN\audio-security-rag\data\interim\normalized\object_drop_dishes\fsd50k_object_drop_dishes_3216eb72.wav
normal,fsd50k_object_drop_dishes_5a64d664,object_drop_dishes,0.0052,0.1046,door_slam,,,D:\IUH_K18\HK1N5\KLTN\audio-security-rag\data\interim\normalized\object_drop_dishes\fsd50k_object_drop_dishes_5a64d664.wav
normal,fsd50k_object_drop_dishes_90b0252e,object_drop_dishes,0.0052,0.0071,glass_breaking,,,D:\IUH_K18\HK1N5\KLTN\audio-security-rag\data\interim\normalized\object_drop_dishes\fsd50k_object_drop_dishes_90b0252e.wav
normal,fsd50k_object_drop_dishes_e933bd84,object_drop_dishes,0.0052,0.0016,door_slam,,,D:\IUH_K18\HK1N5\KLTN\audio-security-rag\data\interim\normalized\object_drop_dishes\fsd50k_object_drop_dishes_e933bd84.wav
normal,desed_object_drop_dishes_f72d721b,object_drop_dishes,0.0051,0.0184,glass_breaking,,,D:\IUH_K18\HK1N5\KLTN\audio-security-rag\data\interim\normalized\object_drop_dishes\desed_object_drop_dishes_f72d721b.wav
normal,desed_object_drop_dishes_f9e0bd76,object_drop_dishes,0.0051,0.0116,glass_breaking,,,D:\IUH_K18\HK1N5\KLTN\audio-security-rag\data\interim\normalized\object_drop_dishes\desed_object_drop_dishes_f9e0bd76.wav
normal,fsd50k_object_drop_dishes_6bf632a7,object_drop_dishes,0.0051,0.0075,glass_breaking,,,D:\IUH_K18\HK1N5\KLTN\audio-security-rag\data\interim\normalized\object_drop_dishes\fsd50k_object_drop_dishes_6bf632a7.wav
normal,desed_object_drop_dishes_87eefa3a,object_drop_dishes,0.005,0.0025,glass_breaking,,,D:\IUH_K18\HK1N5\KLTN\audio-security-rag\data\interim\normalized\object_drop_dishes\desed_object_drop_dishes_87eefa3a.wav
normal,fsd50k_object_drop_dishes_468c54f2,object_drop_dishes,0.005,0.0101,door_slam,,,D:\IUH_K18\HK1N5\KLTN\audio-security-rag\data\interim\normalized\object_drop_dishes\fsd50k_object_drop_dishes_468c54f2.wav
normal,fsd50k_object_drop_dishes_b4f0e2b5,object_drop_dishes,0.005,0.0068,door_slam,,,D:\IUH_K18\HK1N5\KLTN\audio-security-rag\data\interim\normalized\object_drop_dishes\fsd50k_object_drop_dishes_b4f0e2b5.wav
normal,fsd50k_object_drop_dishes_30c54341,object_drop_dishes,0.0049,0.5492,glass_breaking,,,D:\IUH_K18\HK1N5\KLTN\audio-security-rag\data\interim\normalized\object_drop_dishes\fsd50k_object_drop_dishes_30c54341.wav
normal,fsd50k_object_drop_dishes_5a9fb364,object_drop_dishes,0.0049,0.5189,door_slam,,,D:\IUH_K18\HK1N5\KLTN\audio-security-rag\data\interim\normalized\object_drop_dishes\fsd50k_object_drop_dishes_5a9fb364.wav
normal,desed_object_drop_dishes_1ff5a71e,object_drop_dishes,0.0048,0.011,glass_breaking,,,D:\IUH_K18\HK1N5\KLTN\audio-security-rag\data\interim\normalized\object_drop_dishes\desed_object_drop_dishes_1ff5a71e.wav
normal,desed_object_drop_dishes_707e0ddf,object_drop_dishes,0.0048,0.0104,glass_breaking,,,D:\IUH_K18\HK1N5\KLTN\audio-security-rag\data\interim\normalized\object_drop_dishes\desed_object_drop_dishes_707e0ddf.wav
normal,fsd50k_object_drop_dishes_ffcbd944,object_drop_dishes,0.0048,0.2761,glass_breaking,,,D:\IUH_K18\HK1N5\KLTN\audio-security-rag\data\interim\normalized\object_drop_dishes\fsd50k_object_drop_dishes_ffcbd944.wav
normal,fsd50k_object_drop_dishes_a942e2bc,object_drop_dishes,0.0047,0.0279,door_slam,,,D:\IUH_K18\HK1N5\KLTN\audio-security-rag\data\interim\normalized\object_drop_dishes\fsd50k_object_drop_dishes_a942e2bc.wav
normal,fsd50k_object_drop_dishes_11021c0d,object_drop_dishes,0.0044,0.0102,door_slam,,,D:\IUH_K18\HK1N5\KLTN\audio-security-rag\data\interim\normalized\object_drop_dishes\fsd50k_object_drop_dishes_11021c0d.wav
normal,fsd50k_object_drop_dishes_4e6040ed,object_drop_dishes,0.0044,0.0519,running_footsteps,,,D:\IUH_K18\HK1N5\KLTN\audio-security-rag\data\interim\normalized\object_drop_dishes\fsd50k_object_drop_dishes_4e6040ed.wav
normal,fsd50k_object_drop_dishes_a4ba48ca,object_drop_dishes,0.0044,0.0622,glass_breaking,,,D:\IUH_K18\HK1N5\KLTN\audio-security-rag\data\interim\normalized\object_drop_dishes\fsd50k_object_drop_dishes_a4ba48ca.wav
normal,fsd50k_object_drop_dishes_2960880c,object_drop_dishes,0.0043,0.0172,door_slam,,,D:\IUH_K18\HK1N5\KLTN\audio-security-rag\data\interim\normalized\object_drop_dishes\fsd50k_object_drop_dishes_2960880c.wav
normal,desed_object_drop_dishes_0cc28912,object_drop_dishes,0.0042,0.2236,glass_breaking,,,D:\IUH_K18\HK1N5\KLTN\audio-security-rag\data\interim\normalized\object_drop_dishes\desed_object_drop_dishes_0cc28912.wav
normal,fsd50k_object_drop_dishes_3579c79c,object_drop_dishes,0.0042,0.0036,door_slam,,,D:\IUH_K18\HK1N5\KLTN\audio-security-rag\data\interim\normalized\object_drop_dishes\fsd50k_object_drop_dishes_3579c79c.wav
normal,fsd50k_object_drop_dishes_becbe105,object_drop_dishes,0.0042,0.0515,door_slam,,,D:\IUH_K18\HK1N5\KLTN\audio-security-rag\data\interim\normalized\object_drop_dishes\fsd50k_object_drop_dishes_becbe105.wav
normal,desed_object_drop_dishes_85f2a8ba,object_drop_dishes,0.0041,0.0191,glass_breaking,,,D:\IUH_K18\HK1N5\KLTN\audio-security-rag\data\interim\normalized\object_drop_dishes\desed_object_drop_dishes_85f2a8ba.wav
normal,fsd50k_object_drop_dishes_4cf2b2be,object_drop_dishes,0.0041,0.0195,glass_breaking,,,D:\IUH_K18\HK1N5\KLTN\audio-security-rag\data\interim\normalized\object_drop_dishes\fsd50k_object_drop_dishes_4cf2b2be.wav
normal,fsd50k_object_drop_dishes_eb67eb15,object_drop_dishes,0.0041,0.0083,glass_breaking,,,D:\IUH_K18\HK1N5\KLTN\audio-security-rag\data\interim\normalized\object_drop_dishes\fsd50k_object_drop_dishes_eb67eb15.wav
normal,fsd50k_object_drop_dishes_5b0ea5c4,object_drop_dishes,0.004,0.0045,door_slam,,,D:\IUH_K18\HK1N5\KLTN\audio-security-rag\data\interim\normalized\object_drop_dishes\fsd50k_object_drop_dishes_5b0ea5c4.wav
normal,fsd50k_object_drop_dishes_2158aecd,object_drop_dishes,0.0039,0.0076,glass_breaking,,,D:\IUH_K18\HK1N5\KLTN\audio-security-rag\data\interim\normalized\object_drop_dishes\fsd50k_object_drop_dishes_2158aecd.wav
normal,fsd50k_object_drop_dishes_b43e3fba,object_drop_dishes,0.0039,0.0214,glass_breaking,,,D:\IUH_K18\HK1N5\KLTN\audio-security-rag\data\interim\normalized\object_drop_dishes\fsd50k_object_drop_dishes_b43e3fba.wav
normal,desed_object_drop_dishes_9ae10f8b,object_drop_dishes,0.0038,0.011,glass_breaking,,,D:\IUH_K18\HK1N5\KLTN\audio-security-rag\data\interim\normalized\object_drop_dishes\desed_object_drop_dishes_9ae10f8b.wav
normal,desed_object_drop_dishes_bbe0dbef,object_drop_dishes,0.0038,0.0016,glass_breaking,,,D:\IUH_K18\HK1N5\KLTN\audio-security-rag\data\interim\normalized\object_drop_dishes\desed_object_drop_dishes_bbe0dbef.wav
normal,fsd50k_object_drop_dishes_44b0a04c,object_drop_dishes,0.0038,0.0092,glass_breaking,,,D:\IUH_K18\HK1N5\KLTN\audio-security-rag\data\interim\normalized\object_drop_dishes\fsd50k_object_drop_dishes_44b0a04c.wav
normal,fsd50k_object_drop_dishes_9c301091,object_drop_dishes,0.0038,0.0033,glass_breaking,,,D:\IUH_K18\HK1N5\KLTN\audio-security-rag\data\interim\normalized\object_drop_dishes\fsd50k_object_drop_dishes_9c301091.wav
normal,fsd50k_object_drop_dishes_ea001100,object_drop_dishes,0.0038,0.0109,glass_breaking,,,D:\IUH_K18\HK1N5\KLTN\audio-security-rag\data\interim\normalized\object_drop_dishes\fsd50k_object_drop_dishes_ea001100.wav
normal,desed_object_drop_dishes_2890ec53,object_drop_dishes,0.0037,0.0044,glass_breaking,,,D:\IUH_K18\HK1N5\KLTN\audio-security-rag\data\interim\normalized\object_drop_dishes\desed_object_drop_dishes_2890ec53.wav
normal,desed_object_drop_dishes_e2ab024f,object_drop_dishes,0.0037,0.0746,glass_breaking,,,D:\IUH_K18\HK1N5\KLTN\audio-security-rag\data\interim\normalized\object_drop_dishes\desed_object_drop_dishes_e2ab024f.wav
normal,fsd50k_object_drop_dishes_48af71fb,object_drop_dishes,0.0035,0.007,glass_breaking,,,D:\IUH_K18\HK1N5\KLTN\audio-security-rag\data\interim\normalized\object_drop_dishes\fsd50k_object_drop_dishes_48af71fb.wav
normal,fsd50k_object_drop_dishes_94def9ec,object_drop_dishes,0.0035,0.0043,glass_breaking,,,D:\IUH_K18\HK1N5\KLTN\audio-security-rag\data\interim\normalized\object_drop_dishes\fsd50k_object_drop_dishes_94def9ec.wav
normal,fsd50k_object_drop_dishes_242659bd,object_drop_dishes,0.0034,0.1753,door_slam,,,D:\IUH_K18\HK1N5\KLTN\audio-security-rag\data\interim\normalized\object_drop_dishes\fsd50k_object_drop_dishes_242659bd.wav
normal,fsd50k_object_drop_dishes_61d2d9ab,object_drop_dishes,0.0034,0.0304,door_slam,,,D:\IUH_K18\HK1N5\KLTN\audio-security-rag\data\interim\normalized\object_drop_dishes\fsd50k_object_drop_dishes_61d2d9ab.wav
normal,fsd50k_object_drop_dishes_984ef285,object_drop_dishes,0.0034,0.0037,door_slam,,,D:\IUH_K18\HK1N5\KLTN\audio-security-rag\data\interim\normalized\object_drop_dishes\fsd50k_object_drop_dishes_984ef285.wav
normal,fsd50k_object_drop_dishes_507e9200,object_drop_dishes,0.0032,0.01,door_slam,,,D:\IUH_K18\HK1N5\KLTN\audio-security-rag\data\interim\normalized\object_drop_dishes\fsd50k_object_drop_dishes_507e9200.wav
normal,fsd50k_object_drop_dishes_547fa5e3,object_drop_dishes,0.0032,0.4641,glass_breaking,,,D:\IUH_K18\HK1N5\KLTN\audio-security-rag\data\interim\normalized\object_drop_dishes\fsd50k_object_drop_dishes_547fa5e3.wav
normal,desed_object_drop_dishes_f6b34129,object_drop_dishes,0.0031,0.0034,glass_breaking,,,D:\IUH_K18\HK1N5\KLTN\audio-security-rag\data\interim\normalized\object_drop_dishes\desed_object_drop_dishes_f6b34129.wav
normal,desed_object_drop_dishes_fcaa3d1c,object_drop_dishes,0.0031,0.0098,glass_breaking,,,D:\IUH_K18\HK1N5\KLTN\audio-security-rag\data\interim\normalized\object_drop_dishes\desed_object_drop_dishes_fcaa3d1c.wav
normal,fsd50k_object_drop_dishes_55ac43bc,object_drop_dishes,0.0031,0.0014,door_slam,,,D:\IUH_K18\HK1N5\KLTN\audio-security-rag\data\interim\normalized\object_drop_dishes\fsd50k_object_drop_dishes_55ac43bc.wav
normal,fsd50k_object_drop_dishes_d733603c,object_drop_dishes,0.0031,0.0067,door_slam,,,D:\IUH_K18\HK1N5\KLTN\audio-security-rag\data\interim\normalized\object_drop_dishes\fsd50k_object_drop_dishes_d733603c.wav
normal,fsd50k_object_drop_dishes_f4aab00b,object_drop_dishes,0.0031,0.1122,door_slam,,,D:\IUH_K18\HK1N5\KLTN\audio-security-rag\data\interim\normalized\object_drop_dishes\fsd50k_object_drop_dishes_f4aab00b.wav
normal,desed_object_drop_dishes_22544b34,object_drop_dishes,0.003,0.0234,glass_breaking,,,D:\IUH_K18\HK1N5\KLTN\audio-security-rag\data\interim\normalized\object_drop_dishes\desed_object_drop_dishes_22544b34.wav
normal,desed_object_drop_dishes_63d8f1a6,object_drop_dishes,0.003,0.0085,glass_breaking,,,D:\IUH_K18\HK1N5\KLTN\audio-security-rag\data\interim\normalized\object_drop_dishes\desed_object_drop_dishes_63d8f1a6.wav
normal,fsd50k_object_drop_dishes_c0c9b18d,object_drop_dishes,0.003,0.0033,door_slam,,,D:\IUH_K18\HK1N5\KLTN\audio-security-rag\data\interim\normalized\object_drop_dishes\fsd50k_object_drop_dishes_c0c9b18d.wav
normal,fsd50k_object_drop_dishes_f02e7f6c,object_drop_dishes,0.003,0.037,door_slam,,,D:\IUH_K18\HK1N5\KLTN\audio-security-rag\data\interim\normalized\object_drop_dishes\fsd50k_object_drop_dishes_f02e7f6c.wav
normal,fsd50k_object_drop_dishes_3bb99042,object_drop_dishes,0.0029,0.0044,glass_breaking,,,D:\IUH_K18\HK1N5\KLTN\audio-security-rag\data\interim\normalized\object_drop_dishes\fsd50k_object_drop_dishes_3bb99042.wav
normal,desed_object_drop_dishes_d7274723,object_drop_dishes,0.0028,0.0155,glass_breaking,,,D:\IUH_K18\HK1N5\KLTN\audio-security-rag\data\interim\normalized\object_drop_dishes\desed_object_drop_dishes_d7274723.wav
normal,fsd50k_object_drop_dishes_9e69706c,object_drop_dishes,0.0028,0.0158,glass_breaking,,,D:\IUH_K18\HK1N5\KLTN\audio-security-rag\data\interim\normalized\object_drop_dishes\fsd50k_object_drop_dishes_9e69706c.wav
normal,fsd50k_object_drop_dishes_14781edd,object_drop_dishes,0.0027,0.0055,glass_breaking,,,D:\IUH_K18\HK1N5\KLTN\audio-security-rag\data\interim\normalized\object_drop_dishes\fsd50k_object_drop_dishes_14781edd.wav
normal,fsd50k_object_drop_dishes_e10472a7,object_drop_dishes,0.0027,0.0107,glass_breaking,,,D:\IUH_K18\HK1N5\KLTN\audio-security-rag\data\interim\normalized\object_drop_dishes\fsd50k_object_drop_dishes_e10472a7.wav
normal,desed_object_drop_dishes_0064291e,object_drop_dishes,0.0026,0.0094,glass_breaking,,,D:\IUH_K18\HK1N5\KLTN\audio-security-rag\data\interim\normalized\object_drop_dishes\desed_object_drop_dishes_0064291e.wav
normal,fsd50k_object_drop_dishes_004360b2,object_drop_dishes,0.0026,0.0162,glass_breaking,,,D:\IUH_K18\HK1N5\KLTN\audio-security-rag\data\interim\normalized\object_drop_dishes\fsd50k_object_drop_dishes_004360b2.wav
normal,desed_object_drop_dishes_3d9309d4,object_drop_dishes,0.0025,0.0012,running_footsteps,,,D:\IUH_K18\HK1N5\KLTN\audio-security-rag\data\interim\normalized\object_drop_dishes\desed_object_drop_dishes_3d9309d4.wav
normal,desed_object_drop_dishes_65524b3c,object_drop_dishes,0.0025,0.0011,running_footsteps,,,D:\IUH_K18\HK1N5\KLTN\audio-security-rag\data\interim\normalized\object_drop_dishes\desed_object_drop_dishes_65524b3c.wav
normal,desed_object_drop_dishes_72530247,object_drop_dishes,0.0025,0.0018,glass_breaking,,,D:\IUH_K18\HK1N5\KLTN\audio-security-rag\data\interim\normalized\object_drop_dishes\desed_object_drop_dishes_72530247.wav
normal,fsd50k_object_drop_dishes_9848e7a2,object_drop_dishes,0.0025,0.0028,running_footsteps,,,D:\IUH_K18\HK1N5\KLTN\audio-security-rag\data\interim\normalized\object_drop_dishes\fsd50k_object_drop_dishes_9848e7a2.wav
normal,desed_object_drop_dishes_5ffecb99,object_drop_dishes,0.0024,0.007,glass_breaking,,,D:\IUH_K18\HK1N5\KLTN\audio-security-rag\data\interim\normalized\object_drop_dishes\desed_object_drop_dishes_5ffecb99.wav
normal,desed_object_drop_dishes_8fd1fe72,object_drop_dishes,0.0024,0.0017,glass_breaking,,,D:\IUH_K18\HK1N5\KLTN\audio-security-rag\data\interim\normalized\object_drop_dishes\desed_object_drop_dishes_8fd1fe72.wav
normal,fsd50k_object_drop_dishes_0952bd85,object_drop_dishes,0.0024,0.0076,glass_breaking,,,D:\IUH_K18\HK1N5\KLTN\audio-security-rag\data\interim\normalized\object_drop_dishes\fsd50k_object_drop_dishes_0952bd85.wav
normal,fsd50k_object_drop_dishes_403edf14,object_drop_dishes,0.0024,0.1814,door_slam,,,D:\IUH_K18\HK1N5\KLTN\audio-security-rag\data\interim\normalized\object_drop_dishes\fsd50k_object_drop_dishes_403edf14.wav
normal,fsd50k_object_drop_dishes_e654f1b2,object_drop_dishes,0.0024,0.0014,glass_breaking,,,D:\IUH_K18\HK1N5\KLTN\audio-security-rag\data\interim\normalized\object_drop_dishes\fsd50k_object_drop_dishes_e654f1b2.wav
normal,fsd50k_object_drop_dishes_f1f56bac,object_drop_dishes,0.0024,0.0057,glass_breaking,,,D:\IUH_K18\HK1N5\KLTN\audio-security-rag\data\interim\normalized\object_drop_dishes\fsd50k_object_drop_dishes_f1f56bac.wav
normal,desed_object_drop_dishes_8b7d12d7,object_drop_dishes,0.0023,0.0686,glass_breaking,,,D:\IUH_K18\HK1N5\KLTN\audio-security-rag\data\interim\normalized\object_drop_dishes\desed_object_drop_dishes_8b7d12d7.wav
normal,fsd50k_object_drop_dishes_a323763e,object_drop_dishes,0.0023,0.0068,glass_breaking,,,D:\IUH_K18\HK1N5\KLTN\audio-security-rag\data\interim\normalized\object_drop_dishes\fsd50k_object_drop_dishes_a323763e.wav
normal,fsd50k_object_drop_dishes_def69070,object_drop_dishes,0.0023,0.0039,glass_breaking,,,D:\IUH_K18\HK1N5\KLTN\audio-security-rag\data\interim\normalized\object_drop_dishes\fsd50k_object_drop_dishes_def69070.wav
normal,desed_object_drop_dishes_6c43c880,object_drop_dishes,0.0022,0.002,glass_breaking,,,D:\IUH_K18\HK1N5\KLTN\audio-security-rag\data\interim\normalized\object_drop_dishes\desed_object_drop_dishes_6c43c880.wav
normal,fsd50k_object_drop_dishes_d02a0deb,object_drop_dishes,0.0022,0.0059,glass_breaking,,,D:\IUH_K18\HK1N5\KLTN\audio-security-rag\data\interim\normalized\object_drop_dishes\fsd50k_object_drop_dishes_d02a0deb.wav
normal,fsd50k_object_drop_dishes_df119ad1,object_drop_dishes,0.0022,0.0959,door_slam,,,D:\IUH_K18\HK1N5\KLTN\audio-security-rag\data\interim\normalized\object_drop_dishes\fsd50k_object_drop_dishes_df119ad1.wav
normal,desed_object_drop_dishes_8802594f,object_drop_dishes,0.0021,0.2054,glass_breaking,,,D:\IUH_K18\HK1N5\KLTN\audio-security-rag\data\interim\normalized\object_drop_dishes\desed_object_drop_dishes_8802594f.wav
normal,fsd50k_object_drop_dishes_994c72a7,object_drop_dishes,0.0021,0.0031,glass_breaking,,,D:\IUH_K18\HK1N5\KLTN\audio-security-rag\data\interim\normalized\object_drop_dishes\fsd50k_object_drop_dishes_994c72a7.wav
normal,fsd50k_object_drop_dishes_b906fcb3,object_drop_dishes,0.0021,0.0044,glass_breaking,,,D:\IUH_K18\HK1N5\KLTN\audio-security-rag\data\interim\normalized\object_drop_dishes\fsd50k_object_drop_dishes_b906fcb3.wav
normal,fsd50k_object_drop_dishes_e767e329,object_drop_dishes,0.0021,0.0004,glass_breaking,,,D:\IUH_K18\HK1N5\KLTN\audio-security-rag\data\interim\normalized\object_drop_dishes\fsd50k_object_drop_dishes_e767e329.wav
normal,fsd50k_object_drop_dishes_14224e51,object_drop_dishes,0.0019,0.0009,glass_breaking,,,D:\IUH_K18\HK1N5\KLTN\audio-security-rag\data\interim\normalized\object_drop_dishes\fsd50k_object_drop_dishes_14224e51.wav
normal,fsd50k_object_drop_dishes_15c45bf0,object_drop_dishes,0.0019,0.003,glass_breaking,,,D:\IUH_K18\HK1N5\KLTN\audio-security-rag\data\interim\normalized\object_drop_dishes\fsd50k_object_drop_dishes_15c45bf0.wav
normal,fsd50k_object_drop_dishes_255b539f,object_drop_dishes,0.0019,0.0022,door_slam,,,D:\IUH_K18\HK1N5\KLTN\audio-security-rag\data\interim\normalized\object_drop_dishes\fsd50k_object_drop_dishes_255b539f.wav
normal,fsd50k_object_drop_dishes_7c68a477,object_drop_dishes,0.0019,0.0005,glass_breaking,,,D:\IUH_K18\HK1N5\KLTN\audio-security-rag\data\interim\normalized\object_drop_dishes\fsd50k_object_drop_dishes_7c68a477.wav
normal,fsd50k_object_drop_dishes_ef8ec45b,object_drop_dishes,0.0019,0.265,door_slam,,,D:\IUH_K18\HK1N5\KLTN\audio-security-rag\data\interim\normalized\object_drop_dishes\fsd50k_object_drop_dishes_ef8ec45b.wav
normal,desed_object_drop_dishes_06b460d7,object_drop_dishes,0.0018,0.0047,glass_breaking,,,D:\IUH_K18\HK1N5\KLTN\audio-security-rag\data\interim\normalized\object_drop_dishes\desed_object_drop_dishes_06b460d7.wav
normal,desed_object_drop_dishes_dd5802d9,object_drop_dishes,0.0018,0.0366,glass_breaking,,,D:\IUH_K18\HK1N5\KLTN\audio-security-rag\data\interim\normalized\object_drop_dishes\desed_object_drop_dishes_dd5802d9.wav
normal,fsd50k_object_drop_dishes_61168af2,object_drop_dishes,0.0018,0.0034,glass_breaking,,,D:\IUH_K18\HK1N5\KLTN\audio-security-rag\data\interim\normalized\object_drop_dishes\fsd50k_object_drop_dishes_61168af2.wav
normal,fsd50k_object_drop_dishes_dc3ec240,object_drop_dishes,0.0018,0.0339,glass_breaking,,,D:\IUH_K18\HK1N5\KLTN\audio-security-rag\data\interim\normalized\object_drop_dishes\fsd50k_object_drop_dishes_dc3ec240.wav
normal,desed_object_drop_dishes_0931f2af,object_drop_dishes,0.0017,0.0022,glass_breaking,,,D:\IUH_K18\HK1N5\KLTN\audio-security-rag\data\interim\normalized\object_drop_dishes\desed_object_drop_dishes_0931f2af.wav
normal,desed_object_drop_dishes_b898eb6c,object_drop_dishes,0.0017,0.0003,glass_breaking,,,D:\IUH_K18\HK1N5\KLTN\audio-security-rag\data\interim\normalized\object_drop_dishes\desed_object_drop_dishes_b898eb6c.wav
normal,fsd50k_object_drop_dishes_fb667c0a,object_drop_dishes,0.0017,0.001,glass_breaking,,,D:\IUH_K18\HK1N5\KLTN\audio-security-rag\data\interim\normalized\object_drop_dishes\fsd50k_object_drop_dishes_fb667c0a.wav
normal,desed_object_drop_dishes_195f76e7,object_drop_dishes,0.0016,0.0089,glass_breaking,,,D:\IUH_K18\HK1N5\KLTN\audio-security-rag\data\interim\normalized\object_drop_dishes\desed_object_drop_dishes_195f76e7.wav
normal,desed_object_drop_dishes_362ce37f,object_drop_dishes,0.0016,0.0033,glass_breaking,,,D:\IUH_K18\HK1N5\KLTN\audio-security-rag\data\interim\normalized\object_drop_dishes\desed_object_drop_dishes_362ce37f.wav
normal,desed_object_drop_dishes_3c03faf4,object_drop_dishes,0.0016,0.0109,glass_breaking,,,D:\IUH_K18\HK1N5\KLTN\audio-security-rag\data\interim\normalized\object_drop_dishes\desed_object_drop_dishes_3c03faf4.wav
normal,fsd50k_object_drop_dishes_2a9df7a6,object_drop_dishes,0.0016,0.0022,running_footsteps,,,D:\IUH_K18\HK1N5\KLTN\audio-security-rag\data\interim\normalized\object_drop_dishes\fsd50k_object_drop_dishes_2a9df7a6.wav
normal,fsd50k_object_drop_dishes_47d5391a,object_drop_dishes,0.0016,0.0264,glass_breaking,,,D:\IUH_K18\HK1N5\KLTN\audio-security-rag\data\interim\normalized\object_drop_dishes\fsd50k_object_drop_dishes_47d5391a.wav
normal,fsd50k_object_drop_dishes_7453dd7f,object_drop_dishes,0.0016,0.0075,glass_breaking,,,D:\IUH_K18\HK1N5\KLTN\audio-security-rag\data\interim\normalized\object_drop_dishes\fsd50k_object_drop_dishes_7453dd7f.wav
normal,fsd50k_object_drop_dishes_87c6cc8e,object_drop_dishes,0.0016,0.0039,glass_breaking,,,D:\IUH_K18\HK1N5\KLTN\audio-security-rag\data\interim\normalized\object_drop_dishes\fsd50k_object_drop_dishes_87c6cc8e.wav
normal,fsd50k_object_drop_dishes_365f8132,object_drop_dishes,0.0015,0.0029,glass_breaking,,,D:\IUH_K18\HK1N5\KLTN\audio-security-rag\data\interim\normalized\object_drop_dishes\fsd50k_object_drop_dishes_365f8132.wav
normal,fsd50k_object_drop_dishes_47a1f1c1,object_drop_dishes,0.0015,0.0026,glass_breaking,,,D:\IUH_K18\HK1N5\KLTN\audio-security-rag\data\interim\normalized\object_drop_dishes\fsd50k_object_drop_dishes_47a1f1c1.wav
normal,fsd50k_object_drop_dishes_6a76a4a4,object_drop_dishes,0.0015,0.0048,door_slam,,,D:\IUH_K18\HK1N5\KLTN\audio-security-rag\data\interim\normalized\object_drop_dishes\fsd50k_object_drop_dishes_6a76a4a4.wav
normal,fsd50k_object_drop_dishes_e4858a83,object_drop_dishes,0.0015,0.0041,glass_breaking,,,D:\IUH_K18\HK1N5\KLTN\audio-security-rag\data\interim\normalized\object_drop_dishes\fsd50k_object_drop_dishes_e4858a83.wav
normal,fsd50k_object_drop_dishes_f653538b,object_drop_dishes,0.0015,0.0006,glass_breaking,,,D:\IUH_K18\HK1N5\KLTN\audio-security-rag\data\interim\normalized\object_drop_dishes\fsd50k_object_drop_dishes_f653538b.wav
normal,desed_object_drop_dishes_7ce7866a,object_drop_dishes,0.0014,0.0008,glass_breaking,,,D:\IUH_K18\HK1N5\KLTN\audio-security-rag\data\interim\normalized\object_drop_dishes\desed_object_drop_dishes_7ce7866a.wav
normal,desed_object_drop_dishes_877407c0,object_drop_dishes,0.0014,0.0136,glass_breaking,,,D:\IUH_K18\HK1N5\KLTN\audio-security-rag\data\interim\normalized\object_drop_dishes\desed_object_drop_dishes_877407c0.wav
normal,fsd50k_object_drop_dishes_4f38be64,object_drop_dishes,0.0014,0.0034,glass_breaking,,,D:\IUH_K18\HK1N5\KLTN\audio-security-rag\data\interim\normalized\object_drop_dishes\fsd50k_object_drop_dishes_4f38be64.wav
normal,fsd50k_object_drop_dishes_64a20e8e,object_drop_dishes,0.0014,0.0073,glass_breaking,,,D:\IUH_K18\HK1N5\KLTN\audio-security-rag\data\interim\normalized\object_drop_dishes\fsd50k_object_drop_dishes_64a20e8e.wav
normal,fsd50k_object_drop_dishes_e58c1cef,object_drop_dishes,0.0014,0.0024,glass_breaking,,,D:\IUH_K18\HK1N5\KLTN\audio-security-rag\data\interim\normalized\object_drop_dishes\fsd50k_object_drop_dishes_e58c1cef.wav
normal,desed_object_drop_dishes_19f1f36d,object_drop_dishes,0.0013,0.0036,door_slam,,,D:\IUH_K18\HK1N5\KLTN\audio-security-rag\data\interim\normalized\object_drop_dishes\desed_object_drop_dishes_19f1f36d.wav
normal,fsd50k_object_drop_dishes_14ac1cbd,object_drop_dishes,0.0012,0.0007,glass_breaking,,,D:\IUH_K18\HK1N5\KLTN\audio-security-rag\data\interim\normalized\object_drop_dishes\fsd50k_object_drop_dishes_14ac1cbd.wav
normal,fsd50k_object_drop_dishes_7bc3fda2,object_drop_dishes,0.0012,0.0085,running_footsteps,,,D:\IUH_K18\HK1N5\KLTN\audio-security-rag\data\interim\normalized\object_drop_dishes\fsd50k_object_drop_dishes_7bc3fda2.wav
normal,fsd50k_object_drop_dishes_9ca74537,object_drop_dishes,0.0012,0.0013,glass_breaking,,,D:\IUH_K18\HK1N5\KLTN\audio-security-rag\data\interim\normalized\object_drop_dishes\fsd50k_object_drop_dishes_9ca74537.wav
normal,fsd50k_object_drop_dishes_b14105fb,object_drop_dishes,0.0012,0.0009,glass_breaking,,,D:\IUH_K18\HK1N5\KLTN\audio-security-rag\data\interim\normalized\object_drop_dishes\fsd50k_object_drop_dishes_b14105fb.wav
normal,fsd50k_object_drop_dishes_fb87d2a7,object_drop_dishes,0.0012,0.0031,running_footsteps,,,D:\IUH_K18\HK1N5\KLTN\audio-security-rag\data\interim\normalized\object_drop_dishes\fsd50k_object_drop_dishes_fb87d2a7.wav
normal,desed_object_drop_dishes_1942649b,object_drop_dishes,0.0011,0.0081,glass_breaking,,,D:\IUH_K18\HK1N5\KLTN\audio-security-rag\data\interim\normalized\object_drop_dishes\desed_object_drop_dishes_1942649b.wav
normal,desed_object_drop_dishes_236f63f1,object_drop_dishes,0.0011,0.0057,glass_breaking,,,D:\IUH_K18\HK1N5\KLTN\audio-security-rag\data\interim\normalized\object_drop_dishes\desed_object_drop_dishes_236f63f1.wav
normal,desed_object_drop_dishes_35b9cb2f,object_drop_dishes,0.0011,0.0037,glass_breaking,,,D:\IUH_K18\HK1N5\KLTN\audio-security-rag\data\interim\normalized\object_drop_dishes\desed_object_drop_dishes_35b9cb2f.wav
normal,desed_object_drop_dishes_a3de2858,object_drop_dishes,0.0011,0.0008,glass_breaking,,,D:\IUH_K18\HK1N5\KLTN\audio-security-rag\data\interim\normalized\object_drop_dishes\desed_object_drop_dishes_a3de2858.wav
normal,fsd50k_object_drop_dishes_13c48f0e,object_drop_dishes,0.0011,0.0024,glass_breaking,,,D:\IUH_K18\HK1N5\KLTN\audio-security-rag\data\interim\normalized\object_drop_dishes\fsd50k_object_drop_dishes_13c48f0e.wav
normal,fsd50k_object_drop_dishes_2673ca31,object_drop_dishes,0.0011,0.0003,glass_breaking,,,D:\IUH_K18\HK1N5\KLTN\audio-security-rag\data\interim\normalized\object_drop_dishes\fsd50k_object_drop_dishes_2673ca31.wav
normal,fsd50k_object_drop_dishes_85d5c7cf,object_drop_dishes,0.0011,0.0004,glass_breaking,,,D:\IUH_K18\HK1N5\KLTN\audio-security-rag\data\interim\normalized\object_drop_dishes\fsd50k_object_drop_dishes_85d5c7cf.wav
normal,fsd50k_object_drop_dishes_a9dedee0,object_drop_dishes,0.0011,0.002,running_footsteps,,,D:\IUH_K18\HK1N5\KLTN\audio-security-rag\data\interim\normalized\object_drop_dishes\fsd50k_object_drop_dishes_a9dedee0.wav
normal,fsd50k_object_drop_dishes_b9817e5c,object_drop_dishes,0.0011,0.0017,door_slam,,,D:\IUH_K18\HK1N5\KLTN\audio-security-rag\data\interim\normalized\object_drop_dishes\fsd50k_object_drop_dishes_b9817e5c.wav
normal,fsd50k_object_drop_dishes_ba6a993f,object_drop_dishes,0.0011,0.0009,glass_breaking,,,D:\IUH_K18\HK1N5\KLTN\audio-security-rag\data\interim\normalized\object_drop_dishes\fsd50k_object_drop_dishes_ba6a993f.wav
normal,fsd50k_object_drop_dishes_eb9cc89e,object_drop_dishes,0.0011,0.0056,glass_breaking,,,D:\IUH_K18\HK1N5\KLTN\audio-security-rag\data\interim\normalized\object_drop_dishes\fsd50k_object_drop_dishes_eb9cc89e.wav
normal,desed_object_drop_dishes_43f5889b,object_drop_dishes,0.001,0.0102,glass_breaking,,,D:\IUH_K18\HK1N5\KLTN\audio-security-rag\data\interim\normalized\object_drop_dishes\desed_object_drop_dishes_43f5889b.wav
normal,desed_object_drop_dishes_4d5d30f9,object_drop_dishes,0.001,0.0005,running_footsteps,,,D:\IUH_K18\HK1N5\KLTN\audio-security-rag\data\interim\normalized\object_drop_dishes\desed_object_drop_dishes_4d5d30f9.wav
normal,desed_object_drop_dishes_f3404fb8,object_drop_dishes,0.001,0.0007,running_footsteps,,,D:\IUH_K18\HK1N5\KLTN\audio-security-rag\data\interim\normalized\object_drop_dishes\desed_object_drop_dishes_f3404fb8.wav
normal,fsd50k_object_drop_dishes_1d037160,object_drop_dishes,0.001,0.0039,glass_breaking,,,D:\IUH_K18\HK1N5\KLTN\audio-security-rag\data\interim\normalized\object_drop_dishes\fsd50k_object_drop_dishes_1d037160.wav
normal,fsd50k_object_drop_dishes_291a504b,object_drop_dishes,0.001,0.0026,glass_breaking,,,D:\IUH_K18\HK1N5\KLTN\audio-security-rag\data\interim\normalized\object_drop_dishes\fsd50k_object_drop_dishes_291a504b.wav
normal,fsd50k_object_drop_dishes_2c377606,object_drop_dishes,0.001,0.0014,glass_breaking,,,D:\IUH_K18\HK1N5\KLTN\audio-security-rag\data\interim\normalized\object_drop_dishes\fsd50k_object_drop_dishes_2c377606.wav
normal,fsd50k_object_drop_dishes_2e5ab973,object_drop_dishes,0.001,0.003,glass_breaking,,,D:\IUH_K18\HK1N5\KLTN\audio-security-rag\data\interim\normalized\object_drop_dishes\fsd50k_object_drop_dishes_2e5ab973.wav
normal,fsd50k_object_drop_dishes_89d3fc0f,object_drop_dishes,0.001,0.0013,glass_breaking,,,D:\IUH_K18\HK1N5\KLTN\audio-security-rag\data\interim\normalized\object_drop_dishes\fsd50k_object_drop_dishes_89d3fc0f.wav
normal,fsd50k_object_drop_dishes_b04bec07,object_drop_dishes,0.001,0.0044,glass_breaking,,,D:\IUH_K18\HK1N5\KLTN\audio-security-rag\data\interim\normalized\object_drop_dishes\fsd50k_object_drop_dishes_b04bec07.wav
normal,fsd50k_object_drop_dishes_d2e7060e,object_drop_dishes,0.001,0.0036,glass_breaking,,,D:\IUH_K18\HK1N5\KLTN\audio-security-rag\data\interim\normalized\object_drop_dishes\fsd50k_object_drop_dishes_d2e7060e.wav
normal,fsd50k_object_drop_dishes_eee68707,object_drop_dishes,0.001,0.0039,glass_breaking,,,D:\IUH_K18\HK1N5\KLTN\audio-security-rag\data\interim\normalized\object_drop_dishes\fsd50k_object_drop_dishes_eee68707.wav
normal,desed_object_drop_dishes_23f796a4,object_drop_dishes,0.0009,0.0006,door_slam,,,D:\IUH_K18\HK1N5\KLTN\audio-security-rag\data\interim\normalized\object_drop_dishes\desed_object_drop_dishes_23f796a4.wav
normal,desed_object_drop_dishes_41fe53be,object_drop_dishes,0.0009,0.0028,glass_breaking,,,D:\IUH_K18\HK1N5\KLTN\audio-security-rag\data\interim\normalized\object_drop_dishes\desed_object_drop_dishes_41fe53be.wav
normal,desed_object_drop_dishes_4be4e5df,object_drop_dishes,0.0009,0.0058,glass_breaking,,,D:\IUH_K18\HK1N5\KLTN\audio-security-rag\data\interim\normalized\object_drop_dishes\desed_object_drop_dishes_4be4e5df.wav
normal,desed_object_drop_dishes_4c8fb8ab,object_drop_dishes,0.0009,0.003,glass_breaking,,,D:\IUH_K18\HK1N5\KLTN\audio-security-rag\data\interim\normalized\object_drop_dishes\desed_object_drop_dishes_4c8fb8ab.wav
normal,desed_object_drop_dishes_507798c9,object_drop_dishes,0.0009,0.0009,glass_breaking,,,D:\IUH_K18\HK1N5\KLTN\audio-security-rag\data\interim\normalized\object_drop_dishes\desed_object_drop_dishes_507798c9.wav
normal,desed_object_drop_dishes_6af1b8e5,object_drop_dishes,0.0009,0.0022,glass_breaking,,,D:\IUH_K18\HK1N5\KLTN\audio-security-rag\data\interim\normalized\object_drop_dishes\desed_object_drop_dishes_6af1b8e5.wav
normal,desed_object_drop_dishes_d7220b1a,object_drop_dishes,0.0009,0.0004,glass_breaking,,,D:\IUH_K18\HK1N5\KLTN\audio-security-rag\data\interim\normalized\object_drop_dishes\desed_object_drop_dishes_d7220b1a.wav
normal,fsd50k_object_drop_dishes_48aabb6e,object_drop_dishes,0.0009,0.0078,glass_breaking,,,D:\IUH_K18\HK1N5\KLTN\audio-security-rag\data\interim\normalized\object_drop_dishes\fsd50k_object_drop_dishes_48aabb6e.wav
normal,fsd50k_object_drop_dishes_8d230921,object_drop_dishes,0.0009,0.0007,glass_breaking,,,D:\IUH_K18\HK1N5\KLTN\audio-security-rag\data\interim\normalized\object_drop_dishes\fsd50k_object_drop_dishes_8d230921.wav
normal,fsd50k_object_drop_dishes_a02cb0a5,object_drop_dishes,0.0009,0.0014,glass_breaking,,,D:\IUH_K18\HK1N5\KLTN\audio-security-rag\data\interim\normalized\object_drop_dishes\fsd50k_object_drop_dishes_a02cb0a5.wav
normal,fsd50k_object_drop_dishes_bdd2f9b1,object_drop_dishes,0.0009,0.0014,glass_breaking,,,D:\IUH_K18\HK1N5\KLTN\audio-security-rag\data\interim\normalized\object_drop_dishes\fsd50k_object_drop_dishes_bdd2f9b1.wav
normal,fsd50k_object_drop_dishes_c1bb2b40,object_drop_dishes,0.0009,0.0037,glass_breaking,,,D:\IUH_K18\HK1N5\KLTN\audio-security-rag\data\interim\normalized\object_drop_dishes\fsd50k_object_drop_dishes_c1bb2b40.wav
normal,desed_object_drop_dishes_65c09025,object_drop_dishes,0.0008,0.0066,glass_breaking,,,D:\IUH_K18\HK1N5\KLTN\audio-security-rag\data\interim\normalized\object_drop_dishes\desed_object_drop_dishes_65c09025.wav
normal,desed_object_drop_dishes_a7e77a7d,object_drop_dishes,0.0008,0.0006,running_footsteps,,,D:\IUH_K18\HK1N5\KLTN\audio-security-rag\data\interim\normalized\object_drop_dishes\desed_object_drop_dishes_a7e77a7d.wav
normal,fsd50k_object_drop_dishes_05ccc5a8,object_drop_dishes,0.0008,0.0017,running_footsteps,,,D:\IUH_K18\HK1N5\KLTN\audio-security-rag\data\interim\normalized\object_drop_dishes\fsd50k_object_drop_dishes_05ccc5a8.wav
normal,fsd50k_object_drop_dishes_245dec9f,object_drop_dishes,0.0008,0.0021,glass_breaking,,,D:\IUH_K18\HK1N5\KLTN\audio-security-rag\data\interim\normalized\object_drop_dishes\fsd50k_object_drop_dishes_245dec9f.wav
normal,fsd50k_object_drop_dishes_9768fa5a,object_drop_dishes,0.0008,0.1388,glass_breaking,,,D:\IUH_K18\HK1N5\KLTN\audio-security-rag\data\interim\normalized\object_drop_dishes\fsd50k_object_drop_dishes_9768fa5a.wav
normal,fsd50k_object_drop_dishes_be8cdcfa,object_drop_dishes,0.0008,0.0016,glass_breaking,,,D:\IUH_K18\HK1N5\KLTN\audio-security-rag\data\interim\normalized\object_drop_dishes\fsd50k_object_drop_dishes_be8cdcfa.wav
normal,desed_object_drop_dishes_5628f41b,object_drop_dishes,0.0007,0.0074,glass_breaking,,,D:\IUH_K18\HK1N5\KLTN\audio-security-rag\data\interim\normalized\object_drop_dishes\desed_object_drop_dishes_5628f41b.wav
normal,desed_object_drop_dishes_5994b36c,object_drop_dishes,0.0007,0.0016,glass_breaking,,,D:\IUH_K18\HK1N5\KLTN\audio-security-rag\data\interim\normalized\object_drop_dishes\desed_object_drop_dishes_5994b36c.wav
normal,desed_object_drop_dishes_63c1e056,object_drop_dishes,0.0007,0.0306,glass_breaking,,,D:\IUH_K18\HK1N5\KLTN\audio-security-rag\data\interim\normalized\object_drop_dishes\desed_object_drop_dishes_63c1e056.wav
normal,desed_object_drop_dishes_c722ee68,object_drop_dishes,0.0007,0.0066,glass_breaking,,,D:\IUH_K18\HK1N5\KLTN\audio-security-rag\data\interim\normalized\object_drop_dishes\desed_object_drop_dishes_c722ee68.wav
normal,desed_object_drop_dishes_d50816c9,object_drop_dishes,0.0007,0.0021,running_footsteps,,,D:\IUH_K18\HK1N5\KLTN\audio-security-rag\data\interim\normalized\object_drop_dishes\desed_object_drop_dishes_d50816c9.wav
normal,fsd50k_object_drop_dishes_328e4d66,object_drop_dishes,0.0007,0.0004,glass_breaking,,,D:\IUH_K18\HK1N5\KLTN\audio-security-rag\data\interim\normalized\object_drop_dishes\fsd50k_object_drop_dishes_328e4d66.wav
normal,fsd50k_object_drop_dishes_5ff993a0,object_drop_dishes,0.0007,0.0003,door_slam,,,D:\IUH_K18\HK1N5\KLTN\audio-security-rag\data\interim\normalized\object_drop_dishes\fsd50k_object_drop_dishes_5ff993a0.wav
normal,fsd50k_object_drop_dishes_f4d5336e,object_drop_dishes,0.0007,0.0002,glass_breaking,,,D:\IUH_K18\HK1N5\KLTN\audio-security-rag\data\interim\normalized\object_drop_dishes\fsd50k_object_drop_dishes_f4d5336e.wav
normal,desed_object_drop_dishes_9464d95f,object_drop_dishes,0.0006,0.0018,glass_breaking,,,D:\IUH_K18\HK1N5\KLTN\audio-security-rag\data\interim\normalized\object_drop_dishes\desed_object_drop_dishes_9464d95f.wav
normal,desed_object_drop_dishes_a7e8ba1b,object_drop_dishes,0.0006,0.0053,glass_breaking,,,D:\IUH_K18\HK1N5\KLTN\audio-security-rag\data\interim\normalized\object_drop_dishes\desed_object_drop_dishes_a7e8ba1b.wav
normal,desed_object_drop_dishes_c0555ffd,object_drop_dishes,0.0006,0.0016,glass_breaking,,,D:\IUH_K18\HK1N5\KLTN\audio-security-rag\data\interim\normalized\object_drop_dishes\desed_object_drop_dishes_c0555ffd.wav
normal,fsd50k_object_drop_dishes_2da01df0,object_drop_dishes,0.0006,0.0003,glass_breaking,,,D:\IUH_K18\HK1N5\KLTN\audio-security-rag\data\interim\normalized\object_drop_dishes\fsd50k_object_drop_dishes_2da01df0.wav
normal,fsd50k_object_drop_dishes_31e831db,object_drop_dishes,0.0006,0.0004,door_slam,,,D:\IUH_K18\HK1N5\KLTN\audio-security-rag\data\interim\normalized\object_drop_dishes\fsd50k_object_drop_dishes_31e831db.wav
normal,fsd50k_object_drop_dishes_51a2c8f1,object_drop_dishes,0.0006,0.001,glass_breaking,,,D:\IUH_K18\HK1N5\KLTN\audio-security-rag\data\interim\normalized\object_drop_dishes\fsd50k_object_drop_dishes_51a2c8f1.wav
normal,fsd50k_object_drop_dishes_55c0aa12,object_drop_dishes,0.0006,0.0138,glass_breaking,,,D:\IUH_K18\HK1N5\KLTN\audio-security-rag\data\interim\normalized\object_drop_dishes\fsd50k_object_drop_dishes_55c0aa12.wav
normal,fsd50k_object_drop_dishes_76597ea7,object_drop_dishes,0.0006,0.001,glass_breaking,,,D:\IUH_K18\HK1N5\KLTN\audio-security-rag\data\interim\normalized\object_drop_dishes\fsd50k_object_drop_dishes_76597ea7.wav
normal,fsd50k_object_drop_dishes_7934dc92,object_drop_dishes,0.0006,0.0004,door_slam,,,D:\IUH_K18\HK1N5\KLTN\audio-security-rag\data\interim\normalized\object_drop_dishes\fsd50k_object_drop_dishes_7934dc92.wav
normal,fsd50k_object_drop_dishes_7b552ebe,object_drop_dishes,0.0006,0.0011,glass_breaking,,,D:\IUH_K18\HK1N5\KLTN\audio-security-rag\data\interim\normalized\object_drop_dishes\fsd50k_object_drop_dishes_7b552ebe.wav
normal,fsd50k_object_drop_dishes_7efcc03a,object_drop_dishes,0.0006,0.0027,glass_breaking,,,D:\IUH_K18\HK1N5\KLTN\audio-security-rag\data\interim\normalized\object_drop_dishes\fsd50k_object_drop_dishes_7efcc03a.wav
normal,fsd50k_object_drop_dishes_89d4286a,object_drop_dishes,0.0006,0.0019,glass_breaking,,,D:\IUH_K18\HK1N5\KLTN\audio-security-rag\data\interim\normalized\object_drop_dishes\fsd50k_object_drop_dishes_89d4286a.wav
normal,fsd50k_object_drop_dishes_d707feaa,object_drop_dishes,0.0006,0.0025,glass_breaking,,,D:\IUH_K18\HK1N5\KLTN\audio-security-rag\data\interim\normalized\object_drop_dishes\fsd50k_object_drop_dishes_d707feaa.wav
normal,fsd50k_object_drop_dishes_e0302365,object_drop_dishes,0.0006,0.0012,glass_breaking,,,D:\IUH_K18\HK1N5\KLTN\audio-security-rag\data\interim\normalized\object_drop_dishes\fsd50k_object_drop_dishes_e0302365.wav
normal,fsd50k_object_drop_dishes_fb53189c,object_drop_dishes,0.0006,0.0007,door_slam,,,D:\IUH_K18\HK1N5\KLTN\audio-security-rag\data\interim\normalized\object_drop_dishes\fsd50k_object_drop_dishes_fb53189c.wav
normal,desed_object_drop_dishes_30258c69,object_drop_dishes,0.0005,0.0016,glass_breaking,,,D:\IUH_K18\HK1N5\KLTN\audio-security-rag\data\interim\normalized\object_drop_dishes\desed_object_drop_dishes_30258c69.wav
normal,desed_object_drop_dishes_51064989,object_drop_dishes,0.0005,0.0006,running_footsteps,,,D:\IUH_K18\HK1N5\KLTN\audio-security-rag\data\interim\normalized\object_drop_dishes\desed_object_drop_dishes_51064989.wav
normal,desed_object_drop_dishes_d2a6cdd2,object_drop_dishes,0.0005,0.0005,door_slam,,,D:\IUH_K18\HK1N5\KLTN\audio-security-rag\data\interim\normalized\object_drop_dishes\desed_object_drop_dishes_d2a6cdd2.wav
normal,desed_object_drop_dishes_e55e5e93,object_drop_dishes,0.0005,0.0031,door_slam,,,D:\IUH_K18\HK1N5\KLTN\audio-security-rag\data\interim\normalized\object_drop_dishes\desed_object_drop_dishes_e55e5e93.wav
normal,desed_object_drop_dishes_fbe96a66,object_drop_dishes,0.0005,0.0008,glass_breaking,,,D:\IUH_K18\HK1N5\KLTN\audio-security-rag\data\interim\normalized\object_drop_dishes\desed_object_drop_dishes_fbe96a66.wav
normal,fsd50k_object_drop_dishes_34ff8ecf,object_drop_dishes,0.0005,0.0009,glass_breaking,,,D:\IUH_K18\HK1N5\KLTN\audio-security-rag\data\interim\normalized\object_drop_dishes\fsd50k_object_drop_dishes_34ff8ecf.wav
normal,fsd50k_object_drop_dishes_3ffded82,object_drop_dishes,0.0005,0.0012,glass_breaking,,,D:\IUH_K18\HK1N5\KLTN\audio-security-rag\data\interim\normalized\object_drop_dishes\fsd50k_object_drop_dishes_3ffded82.wav
normal,fsd50k_object_drop_dishes_7e6933fb,object_drop_dishes,0.0005,0.0002,door_slam,,,D:\IUH_K18\HK1N5\KLTN\audio-security-rag\data\interim\normalized\object_drop_dishes\fsd50k_object_drop_dishes_7e6933fb.wav
normal,fsd50k_object_drop_dishes_9cc9af1a,object_drop_dishes,0.0005,0.0012,glass_breaking,,,D:\IUH_K18\HK1N5\KLTN\audio-security-rag\data\interim\normalized\object_drop_dishes\fsd50k_object_drop_dishes_9cc9af1a.wav
normal,fsd50k_object_drop_dishes_b70e8326,object_drop_dishes,0.0005,0.0006,glass_breaking,,,D:\IUH_K18\HK1N5\KLTN\audio-security-rag\data\interim\normalized\object_drop_dishes\fsd50k_object_drop_dishes_b70e8326.wav
normal,fsd50k_object_drop_dishes_fec0a978,object_drop_dishes,0.0005,0.0013,glass_breaking,,,D:\IUH_K18\HK1N5\KLTN\audio-security-rag\data\interim\normalized\object_drop_dishes\fsd50k_object_drop_dishes_fec0a978.wav
normal,desed_object_drop_dishes_142102c7,object_drop_dishes,0.0004,0.001,door_slam,,,D:\IUH_K18\HK1N5\KLTN\audio-security-rag\data\interim\normalized\object_drop_dishes\desed_object_drop_dishes_142102c7.wav
normal,desed_object_drop_dishes_19dfc39d,object_drop_dishes,0.0004,0.0024,glass_breaking,,,D:\IUH_K18\HK1N5\KLTN\audio-security-rag\data\interim\normalized\object_drop_dishes\desed_object_drop_dishes_19dfc39d.wav
normal,desed_object_drop_dishes_215d8cba,object_drop_dishes,0.0004,0.0006,glass_breaking,,,D:\IUH_K18\HK1N5\KLTN\audio-security-rag\data\interim\normalized\object_drop_dishes\desed_object_drop_dishes_215d8cba.wav
normal,desed_object_drop_dishes_9c86fd85,object_drop_dishes,0.0004,0.0005,glass_breaking,,,D:\IUH_K18\HK1N5\KLTN\audio-security-rag\data\interim\normalized\object_drop_dishes\desed_object_drop_dishes_9c86fd85.wav
normal,desed_object_drop_dishes_9f62685f,object_drop_dishes,0.0004,0.0008,glass_breaking,,,D:\IUH_K18\HK1N5\KLTN\audio-security-rag\data\interim\normalized\object_drop_dishes\desed_object_drop_dishes_9f62685f.wav
normal,desed_object_drop_dishes_a141e13c,object_drop_dishes,0.0004,0.0016,glass_breaking,,,D:\IUH_K18\HK1N5\KLTN\audio-security-rag\data\interim\normalized\object_drop_dishes\desed_object_drop_dishes_a141e13c.wav
normal,desed_object_drop_dishes_f6026252,object_drop_dishes,0.0004,0.0026,running_footsteps,,,D:\IUH_K18\HK1N5\KLTN\audio-security-rag\data\interim\normalized\object_drop_dishes\desed_object_drop_dishes_f6026252.wav
normal,fsd50k_object_drop_dishes_06e41c67,object_drop_dishes,0.0004,0.001,glass_breaking,,,D:\IUH_K18\HK1N5\KLTN\audio-security-rag\data\interim\normalized\object_drop_dishes\fsd50k_object_drop_dishes_06e41c67.wav
normal,fsd50k_object_drop_dishes_2376cf9d,object_drop_dishes,0.0004,0.0018,glass_breaking,,,D:\IUH_K18\HK1N5\KLTN\audio-security-rag\data\interim\normalized\object_drop_dishes\fsd50k_object_drop_dishes_2376cf9d.wav
normal,fsd50k_object_drop_dishes_3f35d026,object_drop_dishes,0.0004,0.0016,glass_breaking,,,D:\IUH_K18\HK1N5\KLTN\audio-security-rag\data\interim\normalized\object_drop_dishes\fsd50k_object_drop_dishes_3f35d026.wav
normal,fsd50k_object_drop_dishes_5ceb6fc6,object_drop_dishes,0.0004,0.0017,glass_breaking,,,D:\IUH_K18\HK1N5\KLTN\audio-security-rag\data\interim\normalized\object_drop_dishes\fsd50k_object_drop_dishes_5ceb6fc6.wav
normal,fsd50k_object_drop_dishes_5f5259b2,object_drop_dishes,0.0004,0.0027,glass_breaking,,,D:\IUH_K18\HK1N5\KLTN\audio-security-rag\data\interim\normalized\object_drop_dishes\fsd50k_object_drop_dishes_5f5259b2.wav
normal,desed_object_drop_dishes_a3bbf9de,object_drop_dishes,0.0003,0.0005,glass_breaking,,,D:\IUH_K18\HK1N5\KLTN\audio-security-rag\data\interim\normalized\object_drop_dishes\desed_object_drop_dishes_a3bbf9de.wav
normal,desed_object_drop_dishes_c543bb6d,object_drop_dishes,0.0003,0.002,glass_breaking,,,D:\IUH_K18\HK1N5\KLTN\audio-security-rag\data\interim\normalized\object_drop_dishes\desed_object_drop_dishes_c543bb6d.wav
normal,fsd50k_object_drop_dishes_7376471a,object_drop_dishes,0.0003,0.0017,glass_breaking,,,D:\IUH_K18\HK1N5\KLTN\audio-security-rag\data\interim\normalized\object_drop_dishes\fsd50k_object_drop_dishes_7376471a.wav
normal,fsd50k_object_drop_dishes_be44b67e,object_drop_dishes,0.0003,0.0014,glass_breaking,,,D:\IUH_K18\HK1N5\KLTN\audio-security-rag\data\interim\normalized\object_drop_dishes\fsd50k_object_drop_dishes_be44b67e.wav
normal,desed_object_drop_dishes_2fe6a14a,object_drop_dishes,0.0002,0.0006,running_footsteps,,,D:\IUH_K18\HK1N5\KLTN\audio-security-rag\data\interim\normalized\object_drop_dishes\desed_object_drop_dishes_2fe6a14a.wav
normal,desed_object_drop_dishes_63210c7f,object_drop_dishes,0.0002,0.0028,door_slam,,,D:\IUH_K18\HK1N5\KLTN\audio-security-rag\data\interim\normalized\object_drop_dishes\desed_object_drop_dishes_63210c7f.wav
normal,desed_object_drop_dishes_7651ef54,object_drop_dishes,0.0002,0.005,running_footsteps,,,D:\IUH_K18\HK1N5\KLTN\audio-security-rag\data\interim\normalized\object_drop_dishes\desed_object_drop_dishes_7651ef54.wav
normal,fsd50k_object_drop_dishes_143de109,object_drop_dishes,0.0002,0.0005,glass_breaking,,,D:\IUH_K18\HK1N5\KLTN\audio-security-rag\data\interim\normalized\object_drop_dishes\fsd50k_object_drop_dishes_143de109.wav
normal,fsd50k_object_drop_dishes_1b00aeae,object_drop_dishes,0.0002,0.0003,door_slam,,,D:\IUH_K18\HK1N5\KLTN\audio-security-rag\data\interim\normalized\object_drop_dishes\fsd50k_object_drop_dishes_1b00aeae.wav
normal,fsd50k_object_drop_dishes_62093327,object_drop_dishes,0.0002,0.0004,door_slam,,,D:\IUH_K18\HK1N5\KLTN\audio-security-rag\data\interim\normalized\object_drop_dishes\fsd50k_object_drop_dishes_62093327.wav
normal,fsd50k_object_drop_dishes_66f4f9bb,object_drop_dishes,0.0002,0.0003,door_slam,,,D:\IUH_K18\HK1N5\KLTN\audio-security-rag\data\interim\normalized\object_drop_dishes\fsd50k_object_drop_dishes_66f4f9bb.wav
normal,fsd50k_object_drop_dishes_9ccc28d2,object_drop_dishes,0.0002,0.0003,glass_breaking,,,D:\IUH_K18\HK1N5\KLTN\audio-security-rag\data\interim\normalized\object_drop_dishes\fsd50k_object_drop_dishes_9ccc28d2.wav
normal,fsd50k_object_drop_dishes_ab40eb46,object_drop_dishes,0.0002,0.0003,door_slam,,,D:\IUH_K18\HK1N5\KLTN\audio-security-rag\data\interim\normalized\object_drop_dishes\fsd50k_object_drop_dishes_ab40eb46.wav
normal,fsd50k_object_drop_dishes_df349aad,object_drop_dishes,0.0002,0.0013,glass_breaking,,,D:\IUH_K18\HK1N5\KLTN\audio-security-rag\data\interim\normalized\object_drop_dishes\fsd50k_object_drop_dishes_df349aad.wav
normal,desed_object_drop_dishes_60bd244d,object_drop_dishes,0.0001,0.0001,running_footsteps,,,D:\IUH_K18\HK1N5\KLTN\audio-security-rag\data\interim\normalized\object_drop_dishes\desed_object_drop_dishes_60bd244d.wav
normal,fsd50k_running_footsteps_24bdb454,running_footsteps,0.2898,0.0047,object_drop_dishes,14.663,17.642,D:\IUH_K18\HK1N5\KLTN\audio-security-rag\data\interim\normalized\running_footsteps\fsd50k_running_footsteps_24bdb454.wav
normal,fsd50k_running_footsteps_0faac5fa,running_footsteps,0.2884,0.0117,object_drop_dishes,1.547,2.605,D:\IUH_K18\HK1N5\KLTN\audio-security-rag\data\interim\normalized\running_footsteps\fsd50k_running_footsteps_0faac5fa.wav
normal,fsd50k_running_footsteps_e0de2408,running_footsteps,0.282,0.0035,object_drop_dishes,8.91,10.929,D:\IUH_K18\HK1N5\KLTN\audio-security-rag\data\interim\normalized\running_footsteps\fsd50k_running_footsteps_e0de2408.wav
normal,fsd50k_running_footsteps_3b95adde,running_footsteps,0.2748,0.0013,object_drop_dishes,6.669,11.248,D:\IUH_K18\HK1N5\KLTN\audio-security-rag\data\interim\normalized\running_footsteps\fsd50k_running_footsteps_3b95adde.wav
normal,fsd50k_running_footsteps_96641969,running_footsteps,0.2683,0.0035,object_drop_dishes,6.667,15.723,D:\IUH_K18\HK1N5\KLTN\audio-security-rag\data\interim\normalized\running_footsteps\fsd50k_running_footsteps_96641969.wav
normal,fsd50k_running_footsteps_7bc50a58,running_footsteps,0.2614,0.0024,object_drop_dishes,0.588,1.964,D:\IUH_K18\HK1N5\KLTN\audio-security-rag\data\interim\normalized\running_footsteps\fsd50k_running_footsteps_7bc50a58.wav
normal,fsd50k_running_footsteps_2752b92a,running_footsteps,0.259,0.0056,object_drop_dishes,0.0,1.906,D:\IUH_K18\HK1N5\KLTN\audio-security-rag\data\interim\normalized\running_footsteps\fsd50k_running_footsteps_2752b92a.wav
normal,fsd50k_running_footsteps_56817887,running_footsteps,0.2586,0.0021,object_drop_dishes,0.91,2.61,D:\IUH_K18\HK1N5\KLTN\audio-security-rag\data\interim\normalized\running_footsteps\fsd50k_running_footsteps_56817887.wav
normal,esc50_running_footsteps_aa5f1654,running_footsteps,0.2553,0.0009,object_drop_dishes,1.547,4.202,D:\IUH_K18\HK1N5\KLTN\audio-security-rag\data\interim\normalized\running_footsteps\esc50_running_footsteps_aa5f1654.wav
normal,fsd50k_running_footsteps_95cb7a68,running_footsteps,0.2529,0.0064,object_drop_dishes,2.509,4.209,D:\IUH_K18\HK1N5\KLTN\audio-security-rag\data\interim\normalized\running_footsteps\fsd50k_running_footsteps_95cb7a68.wav
normal,fsd50k_running_footsteps_ad327944,running_footsteps,0.2429,0.0231,object_drop_dishes,0.269,1.325,D:\IUH_K18\HK1N5\KLTN\audio-security-rag\data\interim\normalized\running_footsteps\fsd50k_running_footsteps_ad327944.wav
normal,fsd50k_running_footsteps_cbbe8f53,running_footsteps,0.2394,0.0056,object_drop_dishes,0.0,4.209,D:\IUH_K18\HK1N5\KLTN\audio-security-rag\data\interim\normalized\running_footsteps\fsd50k_running_footsteps_cbbe8f53.wav
normal,fsd50k_running_footsteps_4eb95d6f,running_footsteps,0.2389,0.0038,object_drop_dishes,1.548,4.204,D:\IUH_K18\HK1N5\KLTN\audio-security-rag\data\interim\normalized\running_footsteps\fsd50k_running_footsteps_4eb95d6f.wav
normal,fsd50k_running_footsteps_84ef2584,running_footsteps,0.235,0.1678,object_drop_dishes,0.589,4.205,D:\IUH_K18\HK1N5\KLTN\audio-security-rag\data\interim\normalized\running_footsteps\fsd50k_running_footsteps_84ef2584.wav
normal,fsd50k_running_footsteps_10f8d016,running_footsteps,0.2344,0.0027,object_drop_dishes,0.0,0.478,D:\IUH_K18\HK1N5\KLTN\audio-security-rag\data\interim\normalized\running_footsteps\fsd50k_running_footsteps_10f8d016.wav
normal,fsd50k_running_footsteps_4dff06ce,running_footsteps,0.2336,0.0224,object_drop_dishes,0.27,4.846,D:\IUH_K18\HK1N5\KLTN\audio-security-rag\data\interim\normalized\running_footsteps\fsd50k_running_footsteps_4dff06ce.wav
normal,fsd50k_running_footsteps_9acca921,running_footsteps,0.2302,0.0039,object_drop_dishes,0.909,2.928,D:\IUH_K18\HK1N5\KLTN\audio-security-rag\data\interim\normalized\running_footsteps\fsd50k_running_footsteps_9acca921.wav
normal,fsd50k_running_footsteps_f25db981,running_footsteps,0.2289,0.0027,object_drop_dishes,4.429,5.808,D:\IUH_K18\HK1N5\KLTN\audio-security-rag\data\interim\normalized\running_footsteps\fsd50k_running_footsteps_f25db981.wav
normal,fsd50k_running_footsteps_3321aad4,running_footsteps,0.2288,0.0228,object_drop_dishes,5.067,6.766,D:\IUH_K18\HK1N5\KLTN\audio-security-rag\data\interim\normalized\running_footsteps\fsd50k_running_footsteps_3321aad4.wav
normal,esc50_running_footsteps_a8eb9f3e,running_footsteps,0.2271,0.0022,object_drop_dishes,0.269,2.924,D:\IUH_K18\HK1N5\KLTN\audio-security-rag\data\interim\normalized\running_footsteps\esc50_running_footsteps_a8eb9f3e.wav
normal,fsd50k_running_footsteps_98bd7eb6,running_footsteps,0.2224,0.0219,object_drop_dishes,2.188,4.206,D:\IUH_K18\HK1N5\KLTN\audio-security-rag\data\interim\normalized\running_footsteps\fsd50k_running_footsteps_98bd7eb6.wav
normal,fsd50k_running_footsteps_033df59c,running_footsteps,0.2202,0.0083,object_drop_dishes,0.27,4.848,D:\IUH_K18\HK1N5\KLTN\audio-security-rag\data\interim\normalized\running_footsteps\fsd50k_running_footsteps_033df59c.wav
normal,fsd50k_running_footsteps_bd6f0ba8,running_footsteps,0.219,0.0113,object_drop_dishes,0.908,2.325,D:\IUH_K18\HK1N5\KLTN\audio-security-rag\data\interim\normalized\running_footsteps\fsd50k_running_footsteps_bd6f0ba8.wav
normal,fsd50k_running_footsteps_f4530eb3,running_footsteps,0.2172,0.0076,object_drop_dishes,0.589,1.648,D:\IUH_K18\HK1N5\KLTN\audio-security-rag\data\interim\normalized\running_footsteps\fsd50k_running_footsteps_f4530eb3.wav
normal,fsd50k_running_footsteps_2cfc697d,running_footsteps,0.2089,0.0026,object_drop_dishes,1.549,3.247,D:\IUH_K18\HK1N5\KLTN\audio-security-rag\data\interim\normalized\running_footsteps\fsd50k_running_footsteps_2cfc697d.wav
normal,fsd50k_running_footsteps_4aa01975,running_footsteps,0.2067,0.0074,object_drop_dishes,14.985,16.684,D:\IUH_K18\HK1N5\KLTN\audio-security-rag\data\interim\normalized\running_footsteps\fsd50k_running_footsteps_4aa01975.wav
normal,fsd50k_running_footsteps_008c27f3,running_footsteps,0.1994,0.0046,object_drop_dishes,4.11,7.41,D:\IUH_K18\HK1N5\KLTN\audio-security-rag\data\interim\normalized\running_footsteps\fsd50k_running_footsteps_008c27f3.wav
normal,fsd50k_running_footsteps_3a247218,running_footsteps,0.1936,0.0019,object_drop_dishes,14.345,16.685,D:\IUH_K18\HK1N5\KLTN\audio-security-rag\data\interim\normalized\running_footsteps\fsd50k_running_footsteps_3a247218.wav
normal,fsd50k_running_footsteps_81d08f7b,running_footsteps,0.1931,0.0105,object_drop_dishes,0.0,3.889,D:\IUH_K18\HK1N5\KLTN\audio-security-rag\data\interim\normalized\running_footsteps\fsd50k_running_footsteps_81d08f7b.wav
normal,fsd50k_running_footsteps_f8b83b64,running_footsteps,0.1916,0.0172,object_drop_dishes,0.0,2.928,D:\IUH_K18\HK1N5\KLTN\audio-security-rag\data\interim\normalized\running_footsteps\fsd50k_running_footsteps_f8b83b64.wav
normal,fsd50k_running_footsteps_6d6adfd3,running_footsteps,0.1896,0.0108,object_drop_dishes,1.229,3.887,D:\IUH_K18\HK1N5\KLTN\audio-security-rag\data\interim\normalized\running_footsteps\fsd50k_running_footsteps_6d6adfd3.wav
normal,fsd50k_running_footsteps_0981a2ec,running_footsteps,0.1867,0.0023,object_drop_dishes,5.709,9.329,D:\IUH_K18\HK1N5\KLTN\audio-security-rag\data\interim\normalized\running_footsteps\fsd50k_running_footsteps_0981a2ec.wav
normal,fsd50k_running_footsteps_c2e776dd,running_footsteps,0.1682,0.0121,object_drop_dishes,1.228,2.376,D:\IUH_K18\HK1N5\KLTN\audio-security-rag\data\interim\normalized\running_footsteps\fsd50k_running_footsteps_c2e776dd.wav
normal,fsd50k_running_footsteps_82a0b65d,running_footsteps,0.1663,0.0022,object_drop_dishes,4.108,5.168,D:\IUH_K18\HK1N5\KLTN\audio-security-rag\data\interim\normalized\running_footsteps\fsd50k_running_footsteps_82a0b65d.wav
normal,esc50_running_footsteps_70beb5f1,running_footsteps,0.1662,0.0005,object_drop_dishes,2.186,4.202,D:\IUH_K18\HK1N5\KLTN\audio-security-rag\data\interim\normalized\running_footsteps\esc50_running_footsteps_70beb5f1.wav
normal,fsd50k_running_footsteps_0260a643,running_footsteps,0.163,0.0052,object_drop_dishes,2.828,4.527,D:\IUH_K18\HK1N5\KLTN\audio-security-rag\data\interim\normalized\running_footsteps\fsd50k_running_footsteps_0260a643.wav
normal,fsd50k_running_footsteps_14d438d2,running_footsteps,0.1616,0.0152,object_drop_dishes,2.19,6.129,D:\IUH_K18\HK1N5\KLTN\audio-security-rag\data\interim\normalized\running_footsteps\fsd50k_running_footsteps_14d438d2.wav
normal,fsd50k_running_footsteps_8cebeea6,running_footsteps,0.1605,0.0011,object_drop_dishes,2.826,4.524,D:\IUH_K18\HK1N5\KLTN\audio-security-rag\data\interim\normalized\running_footsteps\fsd50k_running_footsteps_8cebeea6.wav
normal,fsd50k_running_footsteps_ff0d22fa,running_footsteps,0.1594,0.0014,object_drop_dishes,0.59,6.128,D:\IUH_K18\HK1N5\KLTN\audio-security-rag\data\interim\normalized\running_footsteps\fsd50k_running_footsteps_ff0d22fa.wav
normal,fsd50k_running_footsteps_97f4fc9a,running_footsteps,0.1543,0.0092,object_drop_dishes,2.829,6.768,D:\IUH_K18\HK1N5\KLTN\audio-security-rag\data\interim\normalized\running_footsteps\fsd50k_running_footsteps_97f4fc9a.wav
normal,fsd50k_running_footsteps_385b4b80,running_footsteps,0.1522,0.0064,object_drop_dishes,12.748,14.448,D:\IUH_K18\HK1N5\KLTN\audio-security-rag\data\interim\normalized\running_footsteps\fsd50k_running_footsteps_385b4b80.wav
normal,fsd50k_running_footsteps_26e17e74,running_footsteps,0.1508,0.0144,object_drop_dishes,7.624,8.684,D:\IUH_K18\HK1N5\KLTN\audio-security-rag\data\interim\normalized\running_footsteps\fsd50k_running_footsteps_26e17e74.wav
normal,esc50_running_footsteps_d1b33538,running_footsteps,0.1315,0.0077,object_drop_dishes,2.505,4.202,D:\IUH_K18\HK1N5\KLTN\audio-security-rag\data\interim\normalized\running_footsteps\esc50_running_footsteps_d1b33538.wav
normal,fsd50k_running_footsteps_274356a9,running_footsteps,0.1278,0.0019,object_drop_dishes,12.428,17.967,D:\IUH_K18\HK1N5\KLTN\audio-security-rag\data\interim\normalized\running_footsteps\fsd50k_running_footsteps_274356a9.wav
normal,fsd50k_running_footsteps_6ab21ff3,running_footsteps,0.1272,0.0032,object_drop_dishes,3.786,7.083,D:\IUH_K18\HK1N5\KLTN\audio-security-rag\data\interim\normalized\running_footsteps\fsd50k_running_footsteps_6ab21ff3.wav
normal,esc50_running_footsteps_ef46de92,running_footsteps,0.1267,0.0004,object_drop_dishes,3.782,5.0,D:\IUH_K18\HK1N5\KLTN\audio-security-rag\data\interim\normalized\running_footsteps\esc50_running_footsteps_ef46de92.wav
normal,fsd50k_running_footsteps_9f5383d9,running_footsteps,0.1254,0.0077,object_drop_dishes,4.748,6.448,D:\IUH_K18\HK1N5\KLTN\audio-security-rag\data\interim\normalized\running_footsteps\fsd50k_running_footsteps_9f5383d9.wav
normal,fsd50k_running_footsteps_c2535a3e,running_footsteps,0.1244,0.0095,object_drop_dishes,4.747,6.446,D:\IUH_K18\HK1N5\KLTN\audio-security-rag\data\interim\normalized\running_footsteps\fsd50k_running_footsteps_c2535a3e.wav
normal,fsd50k_running_footsteps_42b65df4,running_footsteps,0.1239,0.0007,object_drop_dishes,0.269,1.327,D:\IUH_K18\HK1N5\KLTN\audio-security-rag\data\interim\normalized\running_footsteps\fsd50k_running_footsteps_42b65df4.wav
normal,fsd50k_running_footsteps_309676b7,running_footsteps,0.119,0.0114,object_drop_dishes,1.229,2.607,D:\IUH_K18\HK1N5\KLTN\audio-security-rag\data\interim\normalized\running_footsteps\fsd50k_running_footsteps_309676b7.wav
normal,esc50_running_footsteps_6ee260dd,running_footsteps,0.118,0.0091,object_drop_dishes,2.505,5.0,D:\IUH_K18\HK1N5\KLTN\audio-security-rag\data\interim\normalized\running_footsteps\esc50_running_footsteps_6ee260dd.wav
normal,fsd50k_running_footsteps_73758081,running_footsteps,0.1179,0.0067,object_drop_dishes,1.229,2.609,D:\IUH_K18\HK1N5\KLTN\audio-security-rag\data\interim\normalized\running_footsteps\fsd50k_running_footsteps_73758081.wav
normal,fsd50k_running_footsteps_84a3a35a,running_footsteps,0.117,0.0031,object_drop_dishes,0.59,4.207,D:\IUH_K18\HK1N5\KLTN\audio-security-rag\data\interim\normalized\running_footsteps\fsd50k_running_footsteps_84a3a35a.wav
normal,esc50_running_footsteps_3cc28773,running_footsteps,0.116,0.0034,object_drop_dishes,0.269,1.327,D:\IUH_K18\HK1N5\KLTN\audio-security-rag\data\interim\normalized\running_footsteps\esc50_running_footsteps_3cc28773.wav
normal,fsd50k_running_footsteps_987ed01a,running_footsteps,0.1148,0.0011,object_drop_dishes,0.269,1.964,D:\IUH_K18\HK1N5\KLTN\audio-security-rag\data\interim\normalized\running_footsteps\fsd50k_running_footsteps_987ed01a.wav
normal,fsd50k_running_footsteps_ef37ae25,running_footsteps,0.1124,0.0234,object_drop_dishes,1.87,4.529,D:\IUH_K18\HK1N5\KLTN\audio-security-rag\data\interim\normalized\running_footsteps\fsd50k_running_footsteps_ef37ae25.wav
normal,fsd50k_running_footsteps_0f5c28c7,running_footsteps,0.112,0.0071,object_drop_dishes,5.388,6.768,D:\IUH_K18\HK1N5\KLTN\audio-security-rag\data\interim\normalized\running_footsteps\fsd50k_running_footsteps_0f5c28c7.wav
normal,fsd50k_running_footsteps_f427b970,running_footsteps,0.1096,0.0056,object_drop_dishes,0.269,1.964,D:\IUH_K18\HK1N5\KLTN\audio-security-rag\data\interim\normalized\running_footsteps\fsd50k_running_footsteps_f427b970.wav
normal,esc50_running_footsteps_17ba4c24,running_footsteps,0.1093,0.0104,object_drop_dishes,0.589,2.286,D:\IUH_K18\HK1N5\KLTN\audio-security-rag\data\interim\normalized\running_footsteps\esc50_running_footsteps_17ba4c24.wav
normal,fsd50k_running_footsteps_dd48a784,running_footsteps,0.1067,0.0129,object_drop_dishes,7.629,9.329,D:\IUH_K18\HK1N5\KLTN\audio-security-rag\data\interim\normalized\running_footsteps\fsd50k_running_footsteps_dd48a784.wav
normal,esc50_running_footsteps_cb524320,running_footsteps,0.1054,0.0267,object_drop_dishes,0.269,1.966,D:\IUH_K18\HK1N5\KLTN\audio-security-rag\data\interim\normalized\running_footsteps\esc50_running_footsteps_cb524320.wav
normal,fsd50k_running_footsteps_da1aafc7,running_footsteps,0.1054,0.0082,object_drop_dishes,0.27,1.969,D:\IUH_K18\HK1N5\KLTN\audio-security-rag\data\interim\normalized\running_footsteps\fsd50k_running_footsteps_da1aafc7.wav
normal,fsd50k_running_footsteps_068b0ac3,running_footsteps,0.0984,0.0546,object_drop_dishes,6.346,7.406,D:\IUH_K18\HK1N5\KLTN\audio-security-rag\data\interim\normalized\running_footsteps\fsd50k_running_footsteps_068b0ac3.wav
normal,fsd50k_running_footsteps_54d92e3f,running_footsteps,0.0979,0.0014,object_drop_dishes,15.628,17.327,D:\IUH_K18\HK1N5\KLTN\audio-security-rag\data\interim\normalized\running_footsteps\fsd50k_running_footsteps_54d92e3f.wav
normal,fsd50k_running_footsteps_36f2258b,running_footsteps,0.0939,0.0016,object_drop_dishes,0.269,4.841,D:\IUH_K18\HK1N5\KLTN\audio-security-rag\data\interim\normalized\running_footsteps\fsd50k_running_footsteps_36f2258b.wav
normal,fsd50k_running_footsteps_8ab8c6f8,running_footsteps,0.0939,0.0097,object_drop_dishes,0.269,1.647,D:\IUH_K18\HK1N5\KLTN\audio-security-rag\data\interim\normalized\running_footsteps\fsd50k_running_footsteps_8ab8c6f8.wav
normal,fsd50k_running_footsteps_2cabf9de,running_footsteps,0.0929,0.0056,object_drop_dishes,5.066,6.445,D:\IUH_K18\HK1N5\KLTN\audio-security-rag\data\interim\normalized\running_footsteps\fsd50k_running_footsteps_2cabf9de.wav
normal,fsd50k_running_footsteps_9ae5ecc1,running_footsteps,0.0923,0.0024,object_drop_dishes,0.27,1.649,D:\IUH_K18\HK1N5\KLTN\audio-security-rag\data\interim\normalized\running_footsteps\fsd50k_running_footsteps_9ae5ecc1.wav
normal,fsd50k_running_footsteps_3ca2d580,running_footsteps,0.0912,0.0042,object_drop_dishes,0.0,1.008,D:\IUH_K18\HK1N5\KLTN\audio-security-rag\data\interim\normalized\running_footsteps\fsd50k_running_footsteps_3ca2d580.wav
normal,fsd50k_running_footsteps_40e4a6b0,running_footsteps,0.0909,0.0016,object_drop_dishes,6.027,6.967,D:\IUH_K18\HK1N5\KLTN\audio-security-rag\data\interim\normalized\running_footsteps\fsd50k_running_footsteps_40e4a6b0.wav
normal,fsd50k_running_footsteps_274451fa,running_footsteps,0.0886,0.0126,object_drop_dishes,1.23,5.489,D:\IUH_K18\HK1N5\KLTN\audio-security-rag\data\interim\normalized\running_footsteps\fsd50k_running_footsteps_274451fa.wav
normal,fsd50k_running_footsteps_4a714abb,running_footsteps,0.0886,0.0708,object_drop_dishes,1.868,3.246,D:\IUH_K18\HK1N5\KLTN\audio-security-rag\data\interim\normalized\running_footsteps\fsd50k_running_footsteps_4a714abb.wav
normal,fsd50k_running_footsteps_12fdb295,running_footsteps,0.0881,0.0017,object_drop_dishes,0.909,3.246,D:\IUH_K18\HK1N5\KLTN\audio-security-rag\data\interim\normalized\running_footsteps\fsd50k_running_footsteps_12fdb295.wav
normal,fsd50k_running_footsteps_2429c120,running_footsteps,0.0857,0.0165,object_drop_dishes,1.549,2.609,D:\IUH_K18\HK1N5\KLTN\audio-security-rag\data\interim\normalized\running_footsteps\fsd50k_running_footsteps_2429c120.wav
normal,fsd50k_running_footsteps_7eebc19c,running_footsteps,0.0833,0.0005,object_drop_dishes,5.706,6.845,D:\IUH_K18\HK1N5\KLTN\audio-security-rag\data\interim\normalized\running_footsteps\fsd50k_running_footsteps_7eebc19c.wav
normal,esc50_running_footsteps_d2b278e3,running_footsteps,0.0817,0.007,object_drop_dishes,0.269,2.924,D:\IUH_K18\HK1N5\KLTN\audio-security-rag\data\interim\normalized\running_footsteps\esc50_running_footsteps_d2b278e3.wav
normal,fsd50k_running_footsteps_4b286d2f,running_footsteps,0.0814,0.0137,object_drop_dishes,6.668,9.967,D:\IUH_K18\HK1N5\KLTN\audio-security-rag\data\interim\normalized\running_footsteps\fsd50k_running_footsteps_4b286d2f.wav
normal,fsd50k_running_footsteps_d1c2867b,running_footsteps,0.081,0.0143,object_drop_dishes,0.59,1.65,D:\IUH_K18\HK1N5\KLTN\audio-security-rag\data\interim\normalized\running_footsteps\fsd50k_running_footsteps_d1c2867b.wav
normal,fsd50k_running_footsteps_9ef84e2f,running_footsteps,0.0789,0.0011,object_drop_dishes,0.27,3.57,D:\IUH_K18\HK1N5\KLTN\audio-security-rag\data\interim\normalized\running_footsteps\fsd50k_running_footsteps_9ef84e2f.wav
normal,fsd50k_running_footsteps_24357934,running_footsteps,0.0786,0.0041,object_drop_dishes,1.228,2.287,D:\IUH_K18\HK1N5\KLTN\audio-security-rag\data\interim\normalized\running_footsteps\fsd50k_running_footsteps_24357934.wav
normal,esc50_running_footsteps_4479d474,running_footsteps,0.0783,0.007,object_drop_dishes,3.463,4.521,D:\IUH_K18\HK1N5\KLTN\audio-security-rag\data\interim\normalized\running_footsteps\esc50_running_footsteps_4479d474.wav
normal,fsd50k_running_footsteps_0e6e4199,running_footsteps,0.0762,0.002,object_drop_dishes,7.625,9.004,D:\IUH_K18\HK1N5\KLTN\audio-security-rag\data\interim\normalized\running_footsteps\fsd50k_running_footsteps_0e6e4199.wav
normal,fsd50k_running_footsteps_bdd9a337,running_footsteps,0.0755,0.0093,object_drop_dishes,5.384,7.402,D:\IUH_K18\HK1N5\KLTN\audio-security-rag\data\interim\normalized\running_footsteps\fsd50k_running_footsteps_bdd9a337.wav
normal,fsd50k_running_footsteps_36867646,running_footsteps,0.0751,0.0019,object_drop_dishes,0.0,0.744,D:\IUH_K18\HK1N5\KLTN\audio-security-rag\data\interim\normalized\running_footsteps\fsd50k_running_footsteps_36867646.wav
normal,fsd50k_running_footsteps_298ffd9b,running_footsteps,0.0747,0.0036,object_drop_dishes,7.949,9.329,D:\IUH_K18\HK1N5\KLTN\audio-security-rag\data\interim\normalized\running_footsteps\fsd50k_running_footsteps_298ffd9b.wav
normal,esc50_running_footsteps_36766921,running_footsteps,0.0743,0.0339,object_drop_dishes,0.589,2.924,D:\IUH_K18\HK1N5\KLTN\audio-security-rag\data\interim\normalized\running_footsteps\esc50_running_footsteps_36766921.wav
normal,fsd50k_running_footsteps_82054a2e,running_footsteps,0.0735,0.0447,object_drop_dishes,2.189,3.489,D:\IUH_K18\HK1N5\KLTN\audio-security-rag\data\interim\normalized\running_footsteps\fsd50k_running_footsteps_82054a2e.wav
normal,fsd50k_running_footsteps_58de0744,running_footsteps,0.0729,0.0142,object_drop_dishes,14.982,16.681,D:\IUH_K18\HK1N5\KLTN\audio-security-rag\data\interim\normalized\running_footsteps\fsd50k_running_footsteps_58de0744.wav
normal,fsd50k_running_footsteps_690947f0,running_footsteps,0.0728,0.0008,object_drop_dishes,0.269,1.324,D:\IUH_K18\HK1N5\KLTN\audio-security-rag\data\interim\normalized\running_footsteps\fsd50k_running_footsteps_690947f0.wav
normal,fsd50k_running_footsteps_76aa0c97,running_footsteps,0.0726,0.0014,object_drop_dishes,0.59,5.486,D:\IUH_K18\HK1N5\KLTN\audio-security-rag\data\interim\normalized\running_footsteps\fsd50k_running_footsteps_76aa0c97.wav
normal,fsd50k_running_footsteps_01ef6562,running_footsteps,0.0706,0.0133,object_drop_dishes,4.43,9.01,D:\IUH_K18\HK1N5\KLTN\audio-security-rag\data\interim\normalized\running_footsteps\fsd50k_running_footsteps_01ef6562.wav
normal,fsd50k_running_footsteps_0a45f538,running_footsteps,0.0699,0.0254,object_drop_dishes,2.188,3.936,D:\IUH_K18\HK1N5\KLTN\audio-security-rag\data\interim\normalized\running_footsteps\fsd50k_running_footsteps_0a45f538.wav
normal,fsd50k_running_footsteps_2e24485b,running_footsteps,0.0692,0.0063,object_drop_dishes,14.982,16.362,D:\IUH_K18\HK1N5\KLTN\audio-security-rag\data\interim\normalized\running_footsteps\fsd50k_running_footsteps_2e24485b.wav
normal,fsd50k_running_footsteps_5ddd0421,running_footsteps,0.0677,0.0042,object_drop_dishes,13.709,15.089,D:\IUH_K18\HK1N5\KLTN\audio-security-rag\data\interim\normalized\running_footsteps\fsd50k_running_footsteps_5ddd0421.wav
normal,fsd50k_running_footsteps_9b1e9112,running_footsteps,0.0672,0.0035,object_drop_dishes,0.27,1.009,D:\IUH_K18\HK1N5\KLTN\audio-security-rag\data\interim\normalized\running_footsteps\fsd50k_running_footsteps_9b1e9112.wav
normal,fsd50k_running_footsteps_aa8e3a2d,running_footsteps,0.0662,0.0187,object_drop_dishes,8.263,9.961,D:\IUH_K18\HK1N5\KLTN\audio-security-rag\data\interim\normalized\running_footsteps\fsd50k_running_footsteps_aa8e3a2d.wav
normal,fsd50k_running_footsteps_a8c06d06,running_footsteps,0.066,0.0025,object_drop_dishes,9.865,12.523,D:\IUH_K18\HK1N5\KLTN\audio-security-rag\data\interim\normalized\running_footsteps\fsd50k_running_footsteps_a8c06d06.wav
normal,fsd50k_running_footsteps_c34677de,running_footsteps,0.065,0.0007,object_drop_dishes,2.829,4.208,D:\IUH_K18\HK1N5\KLTN\audio-security-rag\data\interim\normalized\running_footsteps\fsd50k_running_footsteps_c34677de.wav
normal,fsd50k_running_footsteps_35e5d48b,running_footsteps,0.0649,0.0008,object_drop_dishes,3.468,4.588,D:\IUH_K18\HK1N5\KLTN\audio-security-rag\data\interim\normalized\running_footsteps\fsd50k_running_footsteps_35e5d48b.wav
normal,fsd50k_running_footsteps_f7559ad3,running_footsteps,0.0649,0.0046,object_drop_dishes,0.27,1.329,D:\IUH_K18\HK1N5\KLTN\audio-security-rag\data\interim\normalized\running_footsteps\fsd50k_running_footsteps_f7559ad3.wav
normal,fsd50k_running_footsteps_30b41165,running_footsteps,0.0631,0.0133,object_drop_dishes,2.187,3.565,D:\IUH_K18\HK1N5\KLTN\audio-security-rag\data\interim\normalized\running_footsteps\fsd50k_running_footsteps_30b41165.wav
normal,fsd50k_running_footsteps_e041978b,running_footsteps,0.0625,0.0135,object_drop_dishes,0.588,1.964,D:\IUH_K18\HK1N5\KLTN\audio-security-rag\data\interim\normalized\running_footsteps\fsd50k_running_footsteps_e041978b.wav
normal,fsd50k_running_footsteps_e3a1d988,running_footsteps,0.062,0.0006,object_drop_dishes,3.149,4.529,D:\IUH_K18\HK1N5\KLTN\audio-security-rag\data\interim\normalized\running_footsteps\fsd50k_running_footsteps_e3a1d988.wav
normal,fsd50k_running_footsteps_10d58734,running_footsteps,0.0588,0.0052,object_drop_dishes,0.0,1.004,D:\IUH_K18\HK1N5\KLTN\audio-security-rag\data\interim\normalized\running_footsteps\fsd50k_running_footsteps_10d58734.wav
normal,esc50_running_footsteps_9e831ab8,running_footsteps,0.0567,0.0046,object_drop_dishes,2.186,4.202,D:\IUH_K18\HK1N5\KLTN\audio-security-rag\data\interim\normalized\running_footsteps\esc50_running_footsteps_9e831ab8.wav
normal,fsd50k_running_footsteps_8d5de212,running_footsteps,0.0527,0.0147,object_drop_dishes,2.825,5.36,D:\IUH_K18\HK1N5\KLTN\audio-security-rag\data\interim\normalized\running_footsteps\fsd50k_running_footsteps_8d5de212.wav
normal,fsd50k_running_footsteps_77af837a,running_footsteps,0.0522,0.0014,object_drop_dishes,1.228,3.244,D:\IUH_K18\HK1N5\KLTN\audio-security-rag\data\interim\normalized\running_footsteps\fsd50k_running_footsteps_77af837a.wav
normal,fsd50k_running_footsteps_6d390962,running_footsteps,0.0516,0.0012,object_drop_dishes,11.145,14.123,D:\IUH_K18\HK1N5\KLTN\audio-security-rag\data\interim\normalized\running_footsteps\fsd50k_running_footsteps_6d390962.wav
normal,fsd50k_running_footsteps_e2ec6488,running_footsteps,0.0504,0.013,object_drop_dishes,0.59,1.839,D:\IUH_K18\HK1N5\KLTN\audio-security-rag\data\interim\normalized\running_footsteps\fsd50k_running_footsteps_e2ec6488.wav
normal,fsd50k_scream_9bdd4cbf,scream,0.2991,0.0137,shout_yell,0.27,1.329,D:\IUH_K18\HK1N5\KLTN\audio-security-rag\data\interim\normalized\scream\fsd50k_scream_9bdd4cbf.wav
normal,fsd50k_scream_537c4b1e,scream,0.2983,0.1004,laughter,1.55,2.61,D:\IUH_K18\HK1N5\KLTN\audio-security-rag\data\interim\normalized\scream\fsd50k_scream_537c4b1e.wav
normal,fsd50k_scream_aa91dd20,scream,0.2864,0.0137,laughter,0.27,2.288,D:\IUH_K18\HK1N5\KLTN\audio-security-rag\data\interim\normalized\scream\fsd50k_scream_aa91dd20.wav
normal,fsd50k_scream_e5980b90,scream,0.2791,0.0675,shout_yell,0.0,1.647,D:\IUH_K18\HK1N5\KLTN\audio-security-rag\data\interim\normalized\scream\fsd50k_scream_e5980b90.wav
normal,fsd50k_scream_78a1566f,scream,0.2749,0.009,shout_yell,1.546,2.923,D:\IUH_K18\HK1N5\KLTN\audio-security-rag\data\interim\normalized\scream\fsd50k_scream_78a1566f.wav
normal,fsd50k_scream_1eaedd26,scream,0.2648,0.0986,applause_cheering,0.0,1.009,D:\IUH_K18\HK1N5\KLTN\audio-security-rag\data\interim\normalized\scream\fsd50k_scream_1eaedd26.wav
normal,fsd50k_scream_5dd62001,scream,0.2593,0.0038,applause_cheering,0.0,1.008,D:\IUH_K18\HK1N5\KLTN\audio-security-rag\data\interim\normalized\scream\fsd50k_scream_5dd62001.wav
normal,fsd50k_scream_c2574a61,scream,0.2543,0.0071,laughter,0.0,0.687,D:\IUH_K18\HK1N5\KLTN\audio-security-rag\data\interim\normalized\scream\fsd50k_scream_c2574a61.wav
normal,fsd50k_scream_583cea08,scream,0.253,0.0185,shout_yell,0.0,0.69,D:\IUH_K18\HK1N5\KLTN\audio-security-rag\data\interim\normalized\scream\fsd50k_scream_583cea08.wav
normal,fsd50k_scream_8589697b,scream,0.2502,0.0031,applause_cheering,0.0,1.006,D:\IUH_K18\HK1N5\KLTN\audio-security-rag\data\interim\normalized\scream\fsd50k_scream_8589697b.wav
normal,fsd50k_scream_a48dbef5,scream,0.2486,0.082,laughter,0.269,1.324,D:\IUH_K18\HK1N5\KLTN\audio-security-rag\data\interim\normalized\scream\fsd50k_scream_a48dbef5.wav
normal,fsd50k_scream_78821132,scream,0.2444,0.0017,laughter,0.269,1.327,D:\IUH_K18\HK1N5\KLTN\audio-security-rag\data\interim\normalized\scream\fsd50k_scream_78821132.wav
normal,fsd50k_scream_aaea2b23,scream,0.224,0.0106,laughter,0.0,1.162,D:\IUH_K18\HK1N5\KLTN\audio-security-rag\data\interim\normalized\scream\fsd50k_scream_aaea2b23.wav
normal,fsd50k_scream_cbec38a1,scream,0.2188,0.0375,shout_yell,0.908,1.647,D:\IUH_K18\HK1N5\KLTN\audio-security-rag\data\interim\normalized\scream\fsd50k_scream_cbec38a1.wav
normal,fsd50k_scream_aee772b6,scream,0.2099,0.011,laughter,0.0,0.686,D:\IUH_K18\HK1N5\KLTN\audio-security-rag\data\interim\normalized\scream\fsd50k_scream_aee772b6.wav
normal,fsd50k_scream_7b49874e,scream,0.1943,0.0092,laughter,0.0,1.007,D:\IUH_K18\HK1N5\KLTN\audio-security-rag\data\interim\normalized\scream\fsd50k_scream_7b49874e.wav
normal,fsd50k_scream_6fd00e86,scream,0.1862,0.0023,shout_yell,0.27,1.009,D:\IUH_K18\HK1N5\KLTN\audio-security-rag\data\interim\normalized\scream\fsd50k_scream_6fd00e86.wav
normal,fsd50k_scream_5b2f69b9,scream,0.1772,0.0098,shout_yell,0.0,1.008,D:\IUH_K18\HK1N5\KLTN\audio-security-rag\data\interim\normalized\scream\fsd50k_scream_5b2f69b9.wav
normal,fsd50k_scream_55b69471,scream,0.1751,0.0472,laughter,4.749,5.489,D:\IUH_K18\HK1N5\KLTN\audio-security-rag\data\interim\normalized\scream\fsd50k_scream_55b69471.wav
normal,fsd50k_scream_8758bdce,scream,0.1748,0.0406,shout_yell,0.269,1.965,D:\IUH_K18\HK1N5\KLTN\audio-security-rag\data\interim\normalized\scream\fsd50k_scream_8758bdce.wav
normal,fsd50k_scream_740c801c,scream,0.1678,0.0083,shout_yell,0.0,1.007,D:\IUH_K18\HK1N5\KLTN\audio-security-rag\data\interim\normalized\scream\fsd50k_scream_740c801c.wav
normal,fsd50k_scream_d97d8744,scream,0.164,0.0139,shout_yell,2.505,3.563,D:\IUH_K18\HK1N5\KLTN\audio-security-rag\data\interim\normalized\scream\fsd50k_scream_d97d8744.wav
normal,fsd50k_scream_37dbc57f,scream,0.1592,0.1057,applause_cheering,0.0,0.684,D:\IUH_K18\HK1N5\KLTN\audio-security-rag\data\interim\normalized\scream\fsd50k_scream_37dbc57f.wav
normal,fsd50k_scream_24f234a8,scream,0.1519,0.0407,laughter,0.27,1.328,D:\IUH_K18\HK1N5\KLTN\audio-security-rag\data\interim\normalized\scream\fsd50k_scream_24f234a8.wav
normal,fsd50k_scream_f8d28feb,scream,0.1485,0.0192,shout_yell,0.0,0.575,D:\IUH_K18\HK1N5\KLTN\audio-security-rag\data\interim\normalized\scream\fsd50k_scream_f8d28feb.wav
normal,fsd50k_scream_66285eac,scream,0.1479,0.1394,shout_yell,0.0,1.008,D:\IUH_K18\HK1N5\KLTN\audio-security-rag\data\interim\normalized\scream\fsd50k_scream_66285eac.wav
normal,fsd50k_scream_909c8583,scream,0.1447,0.0027,shout_yell,0.0,1.009,D:\IUH_K18\HK1N5\KLTN\audio-security-rag\data\interim\normalized\scream\fsd50k_scream_909c8583.wav
normal,fsd50k_scream_43e9952b,scream,0.1376,0.0052,shout_yell,0.0,0.687,D:\IUH_K18\HK1N5\KLTN\audio-security-rag\data\interim\normalized\scream\fsd50k_scream_43e9952b.wav
normal,fsd50k_scream_36f3825d,scream,0.1361,0.0653,shout_yell,0.0,0.671,D:\IUH_K18\HK1N5\KLTN\audio-security-rag\data\interim\normalized\scream\fsd50k_scream_36f3825d.wav
normal,fsd50k_scream_c408c8a7,scream,0.1327,0.0572,laughter,1.868,2.928,D:\IUH_K18\HK1N5\KLTN\audio-security-rag\data\interim\normalized\scream\fsd50k_scream_c408c8a7.wav
normal,fsd50k_scream_7bf2d545,scream,0.1289,0.0024,shout_yell,0.0,1.328,D:\IUH_K18\HK1N5\KLTN\audio-security-rag\data\interim\normalized\scream\fsd50k_scream_7bf2d545.wav
normal,fsd50k_scream_4aeb7eef,scream,0.1283,0.0023,shout_yell,0.269,0.677,D:\IUH_K18\HK1N5\KLTN\audio-security-rag\data\interim\normalized\scream\fsd50k_scream_4aeb7eef.wav
normal,fsd50k_scream_99e2c4d4,scream,0.1264,0.0127,shout_yell,0.0,1.006,D:\IUH_K18\HK1N5\KLTN\audio-security-rag\data\interim\normalized\scream\fsd50k_scream_99e2c4d4.wav
normal,fsd50k_scream_2b5c9f18,scream,0.1184,0.0072,laughter,0.0,2.286,D:\IUH_K18\HK1N5\KLTN\audio-security-rag\data\interim\normalized\scream\fsd50k_scream_2b5c9f18.wav
normal,fsd50k_scream_b3e8c9d0,scream,0.1124,0.0009,applause_cheering,0.0,1.008,D:\IUH_K18\HK1N5\KLTN\audio-security-rag\data\interim\normalized\scream\fsd50k_scream_b3e8c9d0.wav
normal,fsd50k_scream_2d778e40,scream,0.11,0.0015,laughter,0.0,0.688,D:\IUH_K18\HK1N5\KLTN\audio-security-rag\data\interim\normalized\scream\fsd50k_scream_2d778e40.wav
normal,fsd50k_scream_0daa37c4,scream,0.1084,0.0312,shout_yell,0.0,0.685,D:\IUH_K18\HK1N5\KLTN\audio-security-rag\data\interim\normalized\scream\fsd50k_scream_0daa37c4.wav
normal,fsd50k_scream_e1bb25d1,scream,0.0877,0.081,applause_cheering,0.0,0.69,D:\IUH_K18\HK1N5\KLTN\audio-security-rag\data\interim\normalized\scream\fsd50k_scream_e1bb25d1.wav
normal,fsd50k_scream_57a58e4e,scream,0.087,0.0137,shout_yell,0.0,2.285,D:\IUH_K18\HK1N5\KLTN\audio-security-rag\data\interim\normalized\scream\fsd50k_scream_57a58e4e.wav
normal,fsd50k_scream_865d63df,scream,0.0868,0.0102,shout_yell,0.0,1.009,D:\IUH_K18\HK1N5\KLTN\audio-security-rag\data\interim\normalized\scream\fsd50k_scream_865d63df.wav
normal,fsd50k_scream_344edeb6,scream,0.0818,0.014,shout_yell,0.0,0.773,D:\IUH_K18\HK1N5\KLTN\audio-security-rag\data\interim\normalized\scream\fsd50k_scream_344edeb6.wav
normal,fsd50k_scream_8e0f9caf,scream,0.0754,0.0065,shout_yell,0.0,0.67,D:\IUH_K18\HK1N5\KLTN\audio-security-rag\data\interim\normalized\scream\fsd50k_scream_8e0f9caf.wav
normal,fsd50k_scream_8c3008c8,scream,0.0715,0.0037,laughter,0.589,2.604,D:\IUH_K18\HK1N5\KLTN\audio-security-rag\data\interim\normalized\scream\fsd50k_scream_8c3008c8.wav
normal,fsd50k_scream_b36b35c8,scream,0.071,0.002,shout_yell,0.0,0.685,D:\IUH_K18\HK1N5\KLTN\audio-security-rag\data\interim\normalized\scream\fsd50k_scream_b36b35c8.wav
normal,fsd50k_scream_578568b7,scream,0.0676,0.0075,applause_cheering,0.269,1.007,D:\IUH_K18\HK1N5\KLTN\audio-security-rag\data\interim\normalized\scream\fsd50k_scream_578568b7.wav
normal,fsd50k_scream_4c6b8bd4,scream,0.0664,0.0178,laughter,0.0,1.008,D:\IUH_K18\HK1N5\KLTN\audio-security-rag\data\interim\normalized\scream\fsd50k_scream_4c6b8bd4.wav
normal,fsd50k_scream_072db6ef,scream,0.064,0.0226,shout_yell,0.907,1.645,D:\IUH_K18\HK1N5\KLTN\audio-security-rag\data\interim\normalized\scream\fsd50k_scream_072db6ef.wav
normal,fsd50k_scream_ecd61b40,scream,0.0614,0.0041,shout_yell,2.506,4.753,D:\IUH_K18\HK1N5\KLTN\audio-security-rag\data\interim\normalized\scream\fsd50k_scream_ecd61b40.wav
normal,fsd50k_scream_a41ff329,scream,0.0607,0.0024,shout_yell,1.227,2.016,D:\IUH_K18\HK1N5\KLTN\audio-security-rag\data\interim\normalized\scream\fsd50k_scream_a41ff329.wav
normal,fsd50k_shout_yell_ee084d8d,shout_yell,0.0472,0.6798,speech_normal,,,D:\IUH_K18\HK1N5\KLTN\audio-security-rag\data\interim\normalized\shout_yell\fsd50k_shout_yell_ee084d8d.wav
normal,fsd50k_shout_yell_72e8b051,shout_yell,0.0365,0.6723,speech_normal,,,D:\IUH_K18\HK1N5\KLTN\audio-security-rag\data\interim\normalized\shout_yell\fsd50k_shout_yell_72e8b051.wav
normal,fsd50k_shout_yell_04a675b8,shout_yell,0.0322,0.7757,speech_normal,,,D:\IUH_K18\HK1N5\KLTN\audio-security-rag\data\interim\normalized\shout_yell\fsd50k_shout_yell_04a675b8.wav
normal,fsd50k_shout_yell_f7834da6,shout_yell,0.0304,0.3948,speech_normal,,,D:\IUH_K18\HK1N5\KLTN\audio-security-rag\data\interim\normalized\shout_yell\fsd50k_shout_yell_f7834da6.wav
normal,fsd50k_shout_yell_9c4d1731,shout_yell,0.0227,0.3168,speech_normal,,,D:\IUH_K18\HK1N5\KLTN\audio-security-rag\data\interim\normalized\shout_yell\fsd50k_shout_yell_9c4d1731.wav
normal,fsd50k_shout_yell_e9ad0f21,shout_yell,0.0217,0.4344,speech_normal,,,D:\IUH_K18\HK1N5\KLTN\audio-security-rag\data\interim\normalized\shout_yell\fsd50k_shout_yell_e9ad0f21.wav
normal,fsd50k_shout_yell_e6d4849c,shout_yell,0.0212,0.8231,scream,,,D:\IUH_K18\HK1N5\KLTN\audio-security-rag\data\interim\normalized\shout_yell\fsd50k_shout_yell_e6d4849c.wav
normal,fsd50k_shout_yell_f0aef428,shout_yell,0.017,0.8055,speech_normal,,,D:\IUH_K18\HK1N5\KLTN\audio-security-rag\data\interim\normalized\shout_yell\fsd50k_shout_yell_f0aef428.wav
normal,fsd50k_shout_yell_3abef49d,shout_yell,0.0153,0.6842,speech_normal,,,D:\IUH_K18\HK1N5\KLTN\audio-security-rag\data\interim\normalized\shout_yell\fsd50k_shout_yell_3abef49d.wav
normal,fsd50k_shout_yell_5f1c0416,shout_yell,0.0131,0.6679,speech_normal,,,D:\IUH_K18\HK1N5\KLTN\audio-security-rag\data\interim\normalized\shout_yell\fsd50k_shout_yell_5f1c0416.wav
normal,fsd50k_shout_yell_1917bdc7,shout_yell,0.0115,0.3826,speech_normal,,,D:\IUH_K18\HK1N5\KLTN\audio-security-rag\data\interim\normalized\shout_yell\fsd50k_shout_yell_1917bdc7.wav
normal,fsd50k_shout_yell_ab49558c,shout_yell,0.0114,0.1153,speech_normal,,,D:\IUH_K18\HK1N5\KLTN\audio-security-rag\data\interim\normalized\shout_yell\fsd50k_shout_yell_ab49558c.wav
normal,fsd50k_shout_yell_02dbb04a,shout_yell,0.0106,0.7573,speech_normal,,,D:\IUH_K18\HK1N5\KLTN\audio-security-rag\data\interim\normalized\shout_yell\fsd50k_shout_yell_02dbb04a.wav
normal,fsd50k_shout_yell_20394458,shout_yell,0.0105,0.5242,speech_normal,,,D:\IUH_K18\HK1N5\KLTN\audio-security-rag\data\interim\normalized\shout_yell\fsd50k_shout_yell_20394458.wav
normal,fsd50k_shout_yell_68b1435b,shout_yell,0.0103,0.7558,speech_normal,,,D:\IUH_K18\HK1N5\KLTN\audio-security-rag\data\interim\normalized\shout_yell\fsd50k_shout_yell_68b1435b.wav
normal,fsd50k_shout_yell_f836c418,shout_yell,0.0097,0.7487,speech_normal,,,D:\IUH_K18\HK1N5\KLTN\audio-security-rag\data\interim\normalized\shout_yell\fsd50k_shout_yell_f836c418.wav
normal,fsd50k_shout_yell_9d4ee4e8,shout_yell,0.0079,0.8738,speech_normal,,,D:\IUH_K18\HK1N5\KLTN\audio-security-rag\data\interim\normalized\shout_yell\fsd50k_shout_yell_9d4ee4e8.wav
normal,fsd50k_shout_yell_0ec6c368,shout_yell,0.0076,0.7513,speech_normal,,,D:\IUH_K18\HK1N5\KLTN\audio-security-rag\data\interim\normalized\shout_yell\fsd50k_shout_yell_0ec6c368.wav
normal,fsd50k_shout_yell_56c4664b,shout_yell,0.0072,0.5662,speech_normal,,,D:\IUH_K18\HK1N5\KLTN\audio-security-rag\data\interim\normalized\shout_yell\fsd50k_shout_yell_56c4664b.wav
normal,fsd50k_shout_yell_119bbfc4,shout_yell,0.0062,0.4715,speech_normal,,,D:\IUH_K18\HK1N5\KLTN\audio-security-rag\data\interim\normalized\shout_yell\fsd50k_shout_yell_119bbfc4.wav
normal,fsd50k_shout_yell_c7a4f8a1,shout_yell,0.0054,0.8534,speech_normal,,,D:\IUH_K18\HK1N5\KLTN\audio-security-rag\data\interim\normalized\shout_yell\fsd50k_shout_yell_c7a4f8a1.wav
normal,fsd50k_shout_yell_51e89bc1,shout_yell,0.0053,0.0394,scream,,,D:\IUH_K18\HK1N5\KLTN\audio-security-rag\data\interim\normalized\shout_yell\fsd50k_shout_yell_51e89bc1.wav
normal,fsd50k_shout_yell_729feb68,shout_yell,0.0047,0.6896,speech_normal,,,D:\IUH_K18\HK1N5\KLTN\audio-security-rag\data\interim\normalized\shout_yell\fsd50k_shout_yell_729feb68.wav
normal,fsd50k_shout_yell_e22bb2a6,shout_yell,0.0028,0.7865,speech_normal,,,D:\IUH_K18\HK1N5\KLTN\audio-security-rag\data\interim\normalized\shout_yell\fsd50k_shout_yell_e22bb2a6.wav
normal,fsd50k_shout_yell_81bc163b,shout_yell,0.0023,0.1191,speech_normal,,,D:\IUH_K18\HK1N5\KLTN\audio-security-rag\data\interim\normalized\shout_yell\fsd50k_shout_yell_81bc163b.wav
normal,fsd50k_shout_yell_24bb41b2,shout_yell,0.0022,0.2065,speech_normal,,,D:\IUH_K18\HK1N5\KLTN\audio-security-rag\data\interim\normalized\shout_yell\fsd50k_shout_yell_24bb41b2.wav
normal,fsd50k_shout_yell_641b1fa8,shout_yell,0.0021,0.0433,scream,,,D:\IUH_K18\HK1N5\KLTN\audio-security-rag\data\interim\normalized\shout_yell\fsd50k_shout_yell_641b1fa8.wav
normal,fsd50k_shout_yell_3b63ac07,shout_yell,0.002,0.7188,speech_normal,,,D:\IUH_K18\HK1N5\KLTN\audio-security-rag\data\interim\normalized\shout_yell\fsd50k_shout_yell_3b63ac07.wav
normal,fsd50k_shout_yell_11e9b70c,shout_yell,0.0014,0.0467,speech_normal,,,D:\IUH_K18\HK1N5\KLTN\audio-security-rag\data\interim\normalized\shout_yell\fsd50k_shout_yell_11e9b70c.wav
normal,fsd50k_shout_yell_dc96d325,shout_yell,0.0014,0.5825,speech_normal,,,D:\IUH_K18\HK1N5\KLTN\audio-security-rag\data\interim\normalized\shout_yell\fsd50k_shout_yell_dc96d325.wav
normal,fsd50k_shout_yell_151fb7a6,shout_yell,0.001,0.9102,speech_normal,,,D:\IUH_K18\HK1N5\KLTN\audio-security-rag\data\interim\normalized\shout_yell\fsd50k_shout_yell_151fb7a6.wav
normal,fsd50k_shout_yell_941fcfea,shout_yell,0.001,0.9072,speech_normal,,,D:\IUH_K18\HK1N5\KLTN\audio-security-rag\data\interim\normalized\shout_yell\fsd50k_shout_yell_941fcfea.wav
normal,fsd50k_shout_yell_1690d9f6,shout_yell,0.0009,0.5984,speech_normal,,,D:\IUH_K18\HK1N5\KLTN\audio-security-rag\data\interim\normalized\shout_yell\fsd50k_shout_yell_1690d9f6.wav
normal,fsd50k_shout_yell_8f05c0bb,shout_yell,0.0009,0.8338,speech_normal,,,D:\IUH_K18\HK1N5\KLTN\audio-security-rag\data\interim\normalized\shout_yell\fsd50k_shout_yell_8f05c0bb.wav
normal,fsd50k_shout_yell_e3a86846,shout_yell,0.0009,0.8629,speech_normal,,,D:\IUH_K18\HK1N5\KLTN\audio-security-rag\data\interim\normalized\shout_yell\fsd50k_shout_yell_e3a86846.wav
normal,fsd50k_shout_yell_ea065ed7,shout_yell,0.0009,0.5049,speech_normal,,,D:\IUH_K18\HK1N5\KLTN\audio-security-rag\data\interim\normalized\shout_yell\fsd50k_shout_yell_ea065ed7.wav
normal,fsd50k_shout_yell_1db3383b,shout_yell,0.0007,0.2404,speech_normal,,,D:\IUH_K18\HK1N5\KLTN\audio-security-rag\data\interim\normalized\shout_yell\fsd50k_shout_yell_1db3383b.wav
normal,fsd50k_shout_yell_860e4980,shout_yell,0.0007,0.9053,speech_normal,,,D:\IUH_K18\HK1N5\KLTN\audio-security-rag\data\interim\normalized\shout_yell\fsd50k_shout_yell_860e4980.wav
normal,fsd50k_shout_yell_c47240e3,shout_yell,0.0007,0.8278,speech_normal,,,D:\IUH_K18\HK1N5\KLTN\audio-security-rag\data\interim\normalized\shout_yell\fsd50k_shout_yell_c47240e3.wav
normal,fsd50k_shout_yell_afac81bd,shout_yell,0.0006,0.3239,speech_normal,,,D:\IUH_K18\HK1N5\KLTN\audio-security-rag\data\interim\normalized\shout_yell\fsd50k_shout_yell_afac81bd.wav
normal,fsd50k_shout_yell_3371e46e,shout_yell,0.0005,0.8571,speech_normal,,,D:\IUH_K18\HK1N5\KLTN\audio-security-rag\data\interim\normalized\shout_yell\fsd50k_shout_yell_3371e46e.wav
normal,fsd50k_shout_yell_4d174c56,shout_yell,0.0005,0.7595,speech_normal,,,D:\IUH_K18\HK1N5\KLTN\audio-security-rag\data\interim\normalized\shout_yell\fsd50k_shout_yell_4d174c56.wav
normal,fsd50k_shout_yell_62d1c647,shout_yell,0.0005,0.8705,speech_normal,,,D:\IUH_K18\HK1N5\KLTN\audio-security-rag\data\interim\normalized\shout_yell\fsd50k_shout_yell_62d1c647.wav
normal,fsd50k_shout_yell_69f88f93,shout_yell,0.0005,0.89,speech_normal,,,D:\IUH_K18\HK1N5\KLTN\audio-security-rag\data\interim\normalized\shout_yell\fsd50k_shout_yell_69f88f93.wav
normal,fsd50k_shout_yell_cbbd1123,shout_yell,0.0005,0.851,speech_normal,,,D:\IUH_K18\HK1N5\KLTN\audio-security-rag\data\interim\normalized\shout_yell\fsd50k_shout_yell_cbbd1123.wav
normal,fsd50k_shout_yell_3925f6d5,shout_yell,0.0004,0.7755,speech_normal,,,D:\IUH_K18\HK1N5\KLTN\audio-security-rag\data\interim\normalized\shout_yell\fsd50k_shout_yell_3925f6d5.wav
normal,fsd50k_shout_yell_51d65c1b,shout_yell,0.0004,0.7884,speech_normal,,,D:\IUH_K18\HK1N5\KLTN\audio-security-rag\data\interim\normalized\shout_yell\fsd50k_shout_yell_51d65c1b.wav
normal,fsd50k_shout_yell_559b02f5,shout_yell,0.0004,0.0675,speech_normal,,,D:\IUH_K18\HK1N5\KLTN\audio-security-rag\data\interim\normalized\shout_yell\fsd50k_shout_yell_559b02f5.wav
normal,fsd50k_shout_yell_7323d035,shout_yell,0.0004,0.8081,speech_normal,,,D:\IUH_K18\HK1N5\KLTN\audio-security-rag\data\interim\normalized\shout_yell\fsd50k_shout_yell_7323d035.wav
normal,fsd50k_shout_yell_25a68e52,shout_yell,0.0003,0.8474,speech_normal,,,D:\IUH_K18\HK1N5\KLTN\audio-security-rag\data\interim\normalized\shout_yell\fsd50k_shout_yell_25a68e52.wav
normal,fsd50k_shout_yell_bcef46d3,shout_yell,0.0002,0.7697,speech_normal,,,D:\IUH_K18\HK1N5\KLTN\audio-security-rag\data\interim\normalized\shout_yell\fsd50k_shout_yell_bcef46d3.wav
normal,fsd50k_shout_yell_fa8efede,shout_yell,0.0002,0.8427,speech_normal,,,D:\IUH_K18\HK1N5\KLTN\audio-security-rag\data\interim\normalized\shout_yell\fsd50k_shout_yell_fa8efede.wav
normal,urbansound8k_siren_bec945c2,siren,0.2865,0.0018,alarm_bell,0.908,4.0,D:\IUH_K18\HK1N5\KLTN\audio-security-rag\data\interim\normalized\siren\urbansound8k_siren_bec945c2.wav
normal,urbansound8k_siren_f45c11b1,siren,0.2861,0.1242,alarm_bell,0.0,0.56,D:\IUH_K18\HK1N5\KLTN\audio-security-rag\data\interim\normalized\siren\urbansound8k_siren_f45c11b1.wav
normal,urbansound8k_siren_c27fb09b,siren,0.2833,0.0096,alarm_bell,1.865,3.242,D:\IUH_K18\HK1N5\KLTN\audio-security-rag\data\interim\normalized\siren\urbansound8k_siren_c27fb09b.wav
normal,urbansound8k_siren_7a8b4187,siren,0.2787,0.002,alarm_bell,0.269,2.284,D:\IUH_K18\HK1N5\KLTN\audio-security-rag\data\interim\normalized\siren\urbansound8k_siren_7a8b4187.wav
normal,urbansound8k_siren_a8aeaa48,siren,0.273,0.0262,alarm_bell,2.504,3.561,D:\IUH_K18\HK1N5\KLTN\audio-security-rag\data\interim\normalized\siren\urbansound8k_siren_a8aeaa48.wav
normal,urbansound8k_siren_365610d5,siren,0.2495,0.1388,alarm_bell,0.0,0.696,D:\IUH_K18\HK1N5\KLTN\audio-security-rag\data\interim\normalized\siren\urbansound8k_siren_365610d5.wav
normal,urbansound8k_siren_2684ff88,siren,0.1813,0.0014,alarm_bell,0.0,1.008,D:\IUH_K18\HK1N5\KLTN\audio-security-rag\data\interim\normalized\siren\urbansound8k_siren_2684ff88.wav
normal,fsd50k_siren_ba29b67b,siren,0.1617,0.1196,alarm_bell,11.141,12.32,D:\IUH_K18\HK1N5\KLTN\audio-security-rag\data\interim\normalized\siren\fsd50k_siren_ba29b67b.wav
normal,urbansound8k_siren_ab0b0117,siren,0.1506,0.0017,alarm_bell,1.546,2.604,D:\IUH_K18\HK1N5\KLTN\audio-security-rag\data\interim\normalized\siren\urbansound8k_siren_ab0b0117.wav
normal,esc50_siren_e4c640a0,siren,0.1467,0.1072,alarm_bell,3.782,5.0,D:\IUH_K18\HK1N5\KLTN\audio-security-rag\data\interim\normalized\siren\esc50_siren_e4c640a0.wav
normal,urbansound8k_siren_5d78a7f7,siren,0.1437,0.001,alarm_bell,0.0,1.646,D:\IUH_K18\HK1N5\KLTN\audio-security-rag\data\interim\normalized\siren\urbansound8k_siren_5d78a7f7.wav
normal,urbansound8k_siren_ace8bb44,siren,0.0863,0.0103,alarm_bell,1.227,2.284,D:\IUH_K18\HK1N5\KLTN\audio-security-rag\data\interim\normalized\siren\urbansound8k_siren_ace8bb44.wav
normal,fsd50k_speech_normal_3da03fb1,speech_normal,0.2978,0.0004,shout_yell,0.0,1.648,D:\IUH_K18\HK1N5\KLTN\audio-security-rag\data\interim\normalized\speech_normal\fsd50k_speech_normal_3da03fb1.wav
normal,fsd50k_speech_normal_8fcc8513,speech_normal,0.2959,0.0007,shout_yell,0.0,1.263,D:\IUH_K18\HK1N5\KLTN\audio-security-rag\data\interim\normalized\speech_normal\fsd50k_speech_normal_8fcc8513.wav
normal,fsd50k_speech_normal_5cd6987a,speech_normal,0.2944,0.0006,shout_yell,0.0,0.964,D:\IUH_K18\HK1N5\KLTN\audio-security-rag\data\interim\normalized\speech_normal\fsd50k_speech_normal_5cd6987a.wav
normal,desed_speech_normal_031bcffd,speech_normal,0.293,0.2187,shout_yell,0.0,0.381,D:\IUH_K18\HK1N5\KLTN\audio-security-rag\data\interim\normalized\speech_normal\desed_speech_normal_031bcffd.wav
normal,fsd50k_speech_normal_c256fa82,speech_normal,0.2914,0.0009,shout_yell,0.0,1.647,D:\IUH_K18\HK1N5\KLTN\audio-security-rag\data\interim\normalized\speech_normal\fsd50k_speech_normal_c256fa82.wav
normal,fsd50k_speech_normal_a4fc5a5c,speech_normal,0.2893,0.0004,shout_yell,0.0,1.324,D:\IUH_K18\HK1N5\KLTN\audio-security-rag\data\interim\normalized\speech_normal\fsd50k_speech_normal_a4fc5a5c.wav
normal,fsd50k_speech_normal_49295061,speech_normal,0.284,0.0003,shout_yell,0.0,1.008,D:\IUH_K18\HK1N5\KLTN\audio-security-rag\data\interim\normalized\speech_normal\fsd50k_speech_normal_49295061.wav
normal,fsd50k_speech_normal_b968c814,speech_normal,0.2822,0.0002,shout_yell,0.0,1.115,D:\IUH_K18\HK1N5\KLTN\audio-security-rag\data\interim\normalized\speech_normal\fsd50k_speech_normal_b968c814.wav
normal,fsd50k_speech_normal_41b8366c,speech_normal,0.2811,0.0005,shout_yell,0.0,1.009,D:\IUH_K18\HK1N5\KLTN\audio-security-rag\data\interim\normalized\speech_normal\fsd50k_speech_normal_41b8366c.wav
normal,fsd50k_speech_normal_0fa4b003,speech_normal,0.275,0.0002,shout_yell,0.0,0.516,D:\IUH_K18\HK1N5\KLTN\audio-security-rag\data\interim\normalized\speech_normal\fsd50k_speech_normal_0fa4b003.wav
normal,fsd50k_speech_normal_e1b65e53,speech_normal,0.2731,0.0006,shout_yell,0.0,0.747,D:\IUH_K18\HK1N5\KLTN\audio-security-rag\data\interim\normalized\speech_normal\fsd50k_speech_normal_e1b65e53.wav
normal,desed_speech_normal_011d528d,speech_normal,0.2721,0.0012,shout_yell,0.906,1.792,D:\IUH_K18\HK1N5\KLTN\audio-security-rag\data\interim\normalized\speech_normal\desed_speech_normal_011d528d.wav
normal,desed_speech_normal_054bedbd,speech_normal,0.2705,0.0004,shout_yell,0.0,1.181,D:\IUH_K18\HK1N5\KLTN\audio-security-rag\data\interim\normalized\speech_normal\desed_speech_normal_054bedbd.wav
normal,desed_speech_normal_29890c4f,speech_normal,0.2657,0.0009,shout_yell,0.907,2.433,D:\IUH_K18\HK1N5\KLTN\audio-security-rag\data\interim\normalized\speech_normal\desed_speech_normal_29890c4f.wav
normal,fsd50k_speech_normal_04004fed,speech_normal,0.2641,0.0006,shout_yell,1.547,3.133,D:\IUH_K18\HK1N5\KLTN\audio-security-rag\data\interim\normalized\speech_normal\fsd50k_speech_normal_04004fed.wav
normal,desed_speech_normal_48fd105c,speech_normal,0.2589,0.0004,shout_yell,0.0,0.345,D:\IUH_K18\HK1N5\KLTN\audio-security-rag\data\interim\normalized\speech_normal\desed_speech_normal_48fd105c.wav
normal,fsd50k_speech_normal_b6b2da17,speech_normal,0.2569,0.0009,shout_yell,1.229,2.289,D:\IUH_K18\HK1N5\KLTN\audio-security-rag\data\interim\normalized\speech_normal\fsd50k_speech_normal_b6b2da17.wav
normal,fsd50k_speech_normal_9a70a754,speech_normal,0.243,0.0016,shout_yell,1.225,2.281,D:\IUH_K18\HK1N5\KLTN\audio-security-rag\data\interim\normalized\speech_normal\fsd50k_speech_normal_9a70a754.wav
normal,fsd50k_speech_normal_7ca951f0,speech_normal,0.2364,0.0005,shout_yell,0.0,0.688,D:\IUH_K18\HK1N5\KLTN\audio-security-rag\data\interim\normalized\speech_normal\fsd50k_speech_normal_7ca951f0.wav
normal,desed_speech_normal_3cbea9a2,speech_normal,0.2356,0.0004,shout_yell,0.0,0.564,D:\IUH_K18\HK1N5\KLTN\audio-security-rag\data\interim\normalized\speech_normal\desed_speech_normal_3cbea9a2.wav
normal,fsd50k_speech_normal_8282a85d,speech_normal,0.234,0.0004,shout_yell,0.0,0.867,D:\IUH_K18\HK1N5\KLTN\audio-security-rag\data\interim\normalized\speech_normal\fsd50k_speech_normal_8282a85d.wav
normal,fsd50k_speech_normal_5eb0c448,speech_normal,0.2312,0.0017,shout_yell,0.0,1.009,D:\IUH_K18\HK1N5\KLTN\audio-security-rag\data\interim\normalized\speech_normal\fsd50k_speech_normal_5eb0c448.wav
normal,fsd50k_speech_normal_16395b80,speech_normal,0.227,0.0003,shout_yell,0.0,1.008,D:\IUH_K18\HK1N5\KLTN\audio-security-rag\data\interim\normalized\speech_normal\fsd50k_speech_normal_16395b80.wav
normal,fsd50k_speech_normal_89fae9db,speech_normal,0.2241,0.0007,shout_yell,0.0,0.917,D:\IUH_K18\HK1N5\KLTN\audio-security-rag\data\interim\normalized\speech_normal\fsd50k_speech_normal_89fae9db.wav
normal,desed_speech_normal_9b0004ef,speech_normal,0.2225,0.0003,shout_yell,0.0,1.891,D:\IUH_K18\HK1N5\KLTN\audio-security-rag\data\interim\normalized\speech_normal\desed_speech_normal_9b0004ef.wav
normal,desed_speech_normal_f6286392,speech_normal,0.2167,0.0007,shout_yell,0.0,1.06,D:\IUH_K18\HK1N5\KLTN\audio-security-rag\data\interim\normalized\speech_normal\desed_speech_normal_f6286392.wav
normal,desed_speech_normal_cb5fc912,speech_normal,0.2047,0.0001,shout_yell,0.0,0.169,D:\IUH_K18\HK1N5\KLTN\audio-security-rag\data\interim\normalized\speech_normal\desed_speech_normal_cb5fc912.wav
normal,fsd50k_speech_normal_1e9e877c,speech_normal,0.1962,0.0005,shout_yell,0.0,1.009,D:\IUH_K18\HK1N5\KLTN\audio-security-rag\data\interim\normalized\speech_normal\fsd50k_speech_normal_1e9e877c.wav
normal,fsd50k_speech_normal_6e2f6e0e,speech_normal,0.1931,0.0003,shout_yell,0.0,0.688,D:\IUH_K18\HK1N5\KLTN\audio-security-rag\data\interim\normalized\speech_normal\fsd50k_speech_normal_6e2f6e0e.wav
normal,fsd50k_speech_normal_6f6721e3,speech_normal,0.184,0.0011,shout_yell,1.544,2.8,D:\IUH_K18\HK1N5\KLTN\audio-security-rag\data\interim\normalized\speech_normal\fsd50k_speech_normal_6f6721e3.wav
normal,fsd50k_speech_normal_3d91ff41,speech_normal,0.1825,0.0007,shout_yell,0.0,0.684,D:\IUH_K18\HK1N5\KLTN\audio-security-rag\data\interim\normalized\speech_normal\fsd50k_speech_normal_3d91ff41.wav
normal,desed_speech_normal_52d7e5a3,speech_normal,0.1819,0.0007,shout_yell,0.0,0.682,D:\IUH_K18\HK1N5\KLTN\audio-security-rag\data\interim\normalized\speech_normal\desed_speech_normal_52d7e5a3.wav
normal,fsd50k_speech_normal_e63824c7,speech_normal,0.1774,0.0006,shout_yell,0.0,1.193,D:\IUH_K18\HK1N5\KLTN\audio-security-rag\data\interim\normalized\speech_normal\fsd50k_speech_normal_e63824c7.wav
normal,fsd50k_speech_normal_f7f27b69,speech_normal,0.173,0.0006,shout_yell,0.0,0.686,D:\IUH_K18\HK1N5\KLTN\audio-security-rag\data\interim\normalized\speech_normal\fsd50k_speech_normal_f7f27b69.wav
normal,fsd50k_speech_normal_f4eb75d5,speech_normal,0.1708,0.0003,shout_yell,0.0,1.007,D:\IUH_K18\HK1N5\KLTN\audio-security-rag\data\interim\normalized\speech_normal\fsd50k_speech_normal_f4eb75d5.wav
normal,fsd50k_speech_normal_b3a6b556,speech_normal,0.1635,0.0002,shout_yell,0.0,1.007,D:\IUH_K18\HK1N5\KLTN\audio-security-rag\data\interim\normalized\speech_normal\fsd50k_speech_normal_b3a6b556.wav
normal,fsd50k_speech_normal_4c3020f9,speech_normal,0.1607,0.0002,shout_yell,0.0,0.326,D:\IUH_K18\HK1N5\KLTN\audio-security-rag\data\interim\normalized\speech_normal\fsd50k_speech_normal_4c3020f9.wav
normal,fsd50k_speech_normal_863a671c,speech_normal,0.1587,0.001,shout_yell,1.545,3.4,D:\IUH_K18\HK1N5\KLTN\audio-security-rag\data\interim\normalized\speech_normal\fsd50k_speech_normal_863a671c.wav
normal,fsd50k_speech_normal_238e28f2,speech_normal,0.1539,0.0022,shout_yell,0.0,1.003,D:\IUH_K18\HK1N5\KLTN\audio-security-rag\data\interim\normalized\speech_normal\fsd50k_speech_normal_238e28f2.wav
normal,fsd50k_speech_normal_608a5e5f,speech_normal,0.1527,0.0028,shout_yell,1.228,3.884,D:\IUH_K18\HK1N5\KLTN\audio-security-rag\data\interim\normalized\speech_normal\fsd50k_speech_normal_608a5e5f.wav
normal,fsd50k_speech_normal_6fc947bd,speech_normal,0.1457,0.0009,shout_yell,0.0,1.147,D:\IUH_K18\HK1N5\KLTN\audio-security-rag\data\interim\normalized\speech_normal\fsd50k_speech_normal_6fc947bd.wav
normal,fsd50k_speech_normal_2c47ea58,speech_normal,0.1378,0.0013,shout_yell,0.0,1.382,D:\IUH_K18\HK1N5\KLTN\audio-security-rag\data\interim\normalized\speech_normal\fsd50k_speech_normal_2c47ea58.wav
normal,fsd50k_speech_normal_8092293b,speech_normal,0.1349,0.0007,shout_yell,0.0,1.328,D:\IUH_K18\HK1N5\KLTN\audio-security-rag\data\interim\normalized\speech_normal\fsd50k_speech_normal_8092293b.wav
normal,fsd50k_speech_normal_8267f1a4,speech_normal,0.1318,0.0012,shout_yell,1.87,3.49,D:\IUH_K18\HK1N5\KLTN\audio-security-rag\data\interim\normalized\speech_normal\fsd50k_speech_normal_8267f1a4.wav
normal,fsd50k_speech_normal_819e889e,speech_normal,0.129,0.001,shout_yell,0.0,1.327,D:\IUH_K18\HK1N5\KLTN\audio-security-rag\data\interim\normalized\speech_normal\fsd50k_speech_normal_819e889e.wav
normal,fsd50k_speech_normal_6c7a99af,speech_normal,0.127,0.0002,shout_yell,0.0,0.632,D:\IUH_K18\HK1N5\KLTN\audio-security-rag\data\interim\normalized\speech_normal\fsd50k_speech_normal_6c7a99af.wav
normal,fsd50k_speech_normal_1eee0f97,speech_normal,0.1256,0.0002,shout_yell,0.0,0.343,D:\IUH_K18\HK1N5\KLTN\audio-security-rag\data\interim\normalized\speech_normal\fsd50k_speech_normal_1eee0f97.wav
normal,fsd50k_speech_normal_6a9d4435,speech_normal,0.1228,0.0011,shout_yell,0.0,1.648,D:\IUH_K18\HK1N5\KLTN\audio-security-rag\data\interim\normalized\speech_normal\fsd50k_speech_normal_6a9d4435.wav
normal,fsd50k_speech_normal_9cfc3030,speech_normal,0.119,0.0008,shout_yell,0.0,1.498,D:\IUH_K18\HK1N5\KLTN\audio-security-rag\data\interim\normalized\speech_normal\fsd50k_speech_normal_9cfc3030.wav
normal,desed_speech_normal_69b8dc1e,speech_normal,0.1175,0.0001,shout_yell,0.0,0.28,D:\IUH_K18\HK1N5\KLTN\audio-security-rag\data\interim\normalized\speech_normal\desed_speech_normal_69b8dc1e.wav
normal,fsd50k_speech_normal_fed13d39,speech_normal,0.117,0.0008,shout_yell,2.183,3.2,D:\IUH_K18\HK1N5\KLTN\audio-security-rag\data\interim\normalized\speech_normal\fsd50k_speech_normal_fed13d39.wav
normal,fsd50k_speech_normal_4f84568a,speech_normal,0.1169,0.0001,shout_yell,0.588,1.325,D:\IUH_K18\HK1N5\KLTN\audio-security-rag\data\interim\normalized\speech_normal\fsd50k_speech_normal_4f84568a.wav
normal,fsd50k_speech_normal_ca2dc4ad,speech_normal,0.1148,0.0012,shout_yell,0.0,1.12,D:\IUH_K18\HK1N5\KLTN\audio-security-rag\data\interim\normalized\speech_normal\fsd50k_speech_normal_ca2dc4ad.wav
normal,fsd50k_speech_normal_c474ff11,speech_normal,0.0895,0.0005,shout_yell,0.0,1.397,D:\IUH_K18\HK1N5\KLTN\audio-security-rag\data\interim\normalized\speech_normal\fsd50k_speech_normal_c474ff11.wav
normal,fsd50k_speech_normal_356e46ab,speech_normal,0.0892,0.0009,shout_yell,0.0,0.69,D:\IUH_K18\HK1N5\KLTN\audio-security-rag\data\interim\normalized\speech_normal\fsd50k_speech_normal_356e46ab.wav
normal,fsd50k_speech_normal_0e72dcf8,speech_normal,0.0882,0.0001,shout_yell,0.0,0.64,D:\IUH_K18\HK1N5\KLTN\audio-security-rag\data\interim\normalized\speech_normal\fsd50k_speech_normal_0e72dcf8.wav
normal,fsd50k_speech_normal_ea5e3595,speech_normal,0.0846,0.0017,shout_yell,0.0,0.689,D:\IUH_K18\HK1N5\KLTN\audio-security-rag\data\interim\normalized\speech_normal\fsd50k_speech_normal_ea5e3595.wav
normal,desed_speech_normal_c1c10f8b,speech_normal,0.0758,0.0007,shout_yell,0.0,1.326,D:\IUH_K18\HK1N5\KLTN\audio-security-rag\data\interim\normalized\speech_normal\desed_speech_normal_c1c10f8b.wav
normal,fsd50k_speech_normal_b416b430,speech_normal,0.0754,0.0002,shout_yell,0.0,1.006,D:\IUH_K18\HK1N5\KLTN\audio-security-rag\data\interim\normalized\speech_normal\fsd50k_speech_normal_b416b430.wav
normal,desed_speech_normal_fef39363,speech_normal,0.0679,0.0001,shout_yell,0.0,0.692,D:\IUH_K18\HK1N5\KLTN\audio-security-rag\data\interim\normalized\speech_normal\desed_speech_normal_fef39363.wav
normal,desed_speech_normal_d2f2f46a,speech_normal,0.0641,0.0001,shout_yell,0.0,0.169,D:\IUH_K18\HK1N5\KLTN\audio-security-rag\data\interim\normalized\speech_normal\desed_speech_normal_d2f2f46a.wav
normal,fsd50k_speech_normal_7491893b,speech_normal,0.0635,0.007,shout_yell,0.91,1.769,D:\IUH_K18\HK1N5\KLTN\audio-security-rag\data\interim\normalized\speech_normal\fsd50k_speech_normal_7491893b.wav
normal,desed_speech_normal_9f1f4948,speech_normal,0.0632,0.0,shout_yell,0.0,0.138,D:\IUH_K18\HK1N5\KLTN\audio-security-rag\data\interim\normalized\speech_normal\desed_speech_normal_9f1f4948.wav
normal,fsd50k_speech_normal_fb45c3f3,speech_normal,0.0608,0.0003,shout_yell,0.0,2.156,D:\IUH_K18\HK1N5\KLTN\audio-security-rag\data\interim\normalized\speech_normal\fsd50k_speech_normal_fb45c3f3.wav
normal,fsd50k_speech_normal_9421919f,speech_normal,0.0548,0.0006,shout_yell,0.0,0.688,D:\IUH_K18\HK1N5\KLTN\audio-security-rag\data\interim\normalized\speech_normal\fsd50k_speech_normal_9421919f.wav
normal,fsd50k_speech_normal_6e344b05,speech_normal,0.0509,0.0001,shout_yell,2.51,3.569,D:\IUH_K18\HK1N5\KLTN\audio-security-rag\data\interim\normalized\speech_normal\fsd50k_speech_normal_6e344b05.wav
normal,fsd50k_speech_normal_a0f0847a,speech_normal,0.0508,0.0005,shout_yell,0.0,2.007,D:\IUH_K18\HK1N5\KLTN\audio-security-rag\data\interim\normalized\speech_normal\fsd50k_speech_normal_a0f0847a.wav
