file_id,class_id,source_dataset,source_group_id,merged_group_id,split
desed_alarm_bell_016586c4,alarm_bell,desed_soundbank,freesound_255193,freesound_255193,foreground_bank_train
desed_alarm_bell_019d4688,alarm_bell,desed_soundbank,freesound_79638,freesound_79638,foreground_bank_train
desed_alarm_bell_03c25915,alarm_bell,desed_soundbank,freesound_382236,freesound_382236,foreground_bank_train
desed_alarm_bell_03ca7e85,alarm_bell,desed_soundbank,freesound_418898,freesound_418898,foreground_bank_train
desed_alarm_bell_044b6f06,alarm_bell,desed_soundbank,freesound_34853,freesound_13613,foreground_bank_train
desed_alarm_bell_0576aaa3,alarm_bell,desed_soundbank,freesound_424946,freesound_424946,foreground_bank_train
desed_alarm_bell_084220bd,alarm_bell,desed_soundbank,freesound_370919,freesound_370919,foreground_bank_train
desed_alarm_bell_08817a4e,alarm_bell,desed_soundbank,freesound_189332,freesound_189332,foreground_bank_train
desed_alarm_bell_08dea298,alarm_bell,desed_soundbank,freesound_255193,freesound_255193,foreground_bank_train
desed_alarm_bell_08e0991d,alarm_bell,desed_soundbank,freesound_329896,freesound_329896,foreground_bank_train
desed_alarm_bell_097d4455,alarm_bell,desed_soundbank,freesound_196376,freesound_196376,foreground_bank_train
desed_alarm_bell_09b865ef,alarm_bell,desed_soundbank,freesound_21986,freesound_21986,foreground_bank_train
desed_alarm_bell_0e844103,alarm_bell,desed_soundbank,freesound_233645,freesound_233645,foreground_bank_train
desed_alarm_bell_0f458a63,alarm_bell,desed_soundbank,freesound_255193,freesound_255193,foreground_bank_train
desed_alarm_bell_0feed5f4,alarm_bell,desed_soundbank,freesound_189332,freesound_189332,foreground_bank_train
desed_alarm_bell_10ae73de,alarm_bell,desed_soundbank,freesound_329896,freesound_329896,foreground_bank_train
desed_alarm_bell_10af084e,alarm_bell,desed_soundbank,freesound_196838,freesound_196838,foreground_bank_train
desed_alarm_bell_1421b4bb,alarm_bell,desed_soundbank,freesound_233645,freesound_233645,foreground_bank_train
desed_alarm_bell_14f28832,alarm_bell,desed_soundbank,freesound_177875,freesound_177875,foreground_bank_train
desed_alarm_bell_1508a031,alarm_bell,desed_soundbank,freesound_233645,freesound_233645,foreground_bank_train
desed_alarm_bell_155a401b,alarm_bell,desed_soundbank,freesound_268823,freesound_268823,foreground_bank_train
desed_alarm_bell_182ba4c4,alarm_bell,desed_soundbank,freesound_72558,freesound_72558,foreground_bank_train
desed_alarm_bell_1931680c,alarm_bell,desed_soundbank,freesound_268823,freesound_268823,foreground_bank_train
desed_alarm_bell_198a13ac,alarm_bell,desed_soundbank,freesound_268823,freesound_268823,foreground_bank_train
desed_alarm_bell_1a188021,alarm_bell,desed_soundbank,freesound_259537,freesound_259537,foreground_bank_train
desed_alarm_bell_1b0d3a4d,alarm_bell,desed_soundbank,freesound_264106,freesound_264106,foreground_bank_train
desed_alarm_bell_1d312407,alarm_bell,desed_soundbank,freesound_268823,freesound_268823,foreground_bank_train
desed_alarm_bell_20191b46,alarm_bell,desed_soundbank,freesound_255193,freesound_255193,foreground_bank_train
desed_alarm_bell_20245f39,alarm_bell,desed_soundbank,freesound_151242,freesound_151242,foreground_bank_train
desed_alarm_bell_207ac269,alarm_bell,desed_soundbank,freesound_151242,freesound_151242,foreground_bank_train
desed_alarm_bell_212036cc,alarm_bell,desed_soundbank,freesound_264106,freesound_264106,foreground_bank_train
desed_alarm_bell_21bea9cc,alarm_bell,desed_soundbank,freesound_400695,freesound_400695,foreground_bank_train
desed_alarm_bell_22000d5c,alarm_bell,desed_soundbank,freesound_268823,freesound_268823,foreground_bank_train
desed_alarm_bell_248cb8a7,alarm_bell,desed_soundbank,freesound_141287,freesound_141287,foreground_bank_train
desed_alarm_bell_26315eee,alarm_bell,desed_soundbank,freesound_329896,freesound_329896,foreground_bank_train
desed_alarm_bell_279220b2,alarm_bell,desed_soundbank,freesound_255194,freesound_255194,foreground_bank_train
desed_alarm_bell_2888c09d,alarm_bell,desed_soundbank,freesound_268823,freesound_268823,foreground_bank_train
desed_alarm_bell_2930494e,alarm_bell,desed_soundbank,freesound_164690,freesound_164690,foreground_bank_train
desed_alarm_bell_2b643cb8,alarm_bell,desed_soundbank,freesound_70102,freesound_70102,foreground_bank_train
desed_alarm_bell_2b777247,alarm_bell,desed_soundbank,freesound_20101,freesound_20101,foreground_bank_train
desed_alarm_bell_2c424415,alarm_bell,desed_soundbank,freesound_34853,freesound_13613,foreground_bank_train
desed_alarm_bell_2f675ca9,alarm_bell,desed_soundbank,freesound_87151,freesound_87151,foreground_bank_train
desed_alarm_bell_313321fb,alarm_bell,desed_soundbank,freesound_268823,freesound_268823,foreground_bank_train
desed_alarm_bell_3134eda0,alarm_bell,desed_soundbank,freesound_275629,freesound_275629,foreground_bank_train
desed_alarm_bell_319b8e25,alarm_bell,desed_soundbank,freesound_264106,freesound_264106,foreground_bank_train
desed_alarm_bell_3530a9cb,alarm_bell,desed_soundbank,freesound_13613,freesound_13613,foreground_bank_train
desed_alarm_bell_355fa571,alarm_bell,desed_soundbank,freesound_196838,freesound_196838,foreground_bank_train
desed_alarm_bell_36e46582,alarm_bell,desed_soundbank,freesound_189332,freesound_189332,foreground_bank_train
desed_alarm_bell_3747d982,alarm_bell,desed_soundbank,freesound_329896,freesound_329896,foreground_bank_train
desed_alarm_bell_3787c6c4,alarm_bell,desed_soundbank,freesound_34853,freesound_13613,foreground_bank_train
desed_alarm_bell_37a1f4a3,alarm_bell,desed_soundbank,freesound_189332,freesound_189332,foreground_bank_train
desed_alarm_bell_38ceec78,alarm_bell,desed_soundbank,freesound_151242,freesound_151242,foreground_bank_train
desed_alarm_bell_39790714,alarm_bell,desed_soundbank,freesound_259537,freesound_259537,foreground_bank_train
desed_alarm_bell_399b7f76,alarm_bell,desed_soundbank,freesound_72558,freesound_72558,foreground_bank_train
desed_alarm_bell_39aad88b,alarm_bell,desed_soundbank,freesound_329896,freesound_329896,foreground_bank_train
desed_alarm_bell_3ab4ee0b,alarm_bell,desed_soundbank,freesound_151242,freesound_151242,foreground_bank_train
desed_alarm_bell_3c701262,alarm_bell,desed_soundbank,freesound_88021,freesound_88021,foreground_bank_train
desed_alarm_bell_3d9c81a5,alarm_bell,desed_soundbank,freesound_329896,freesound_329896,foreground_bank_train
desed_alarm_bell_3def01ac,alarm_bell,desed_soundbank,freesound_258175,freesound_258175,foreground_bank_train
desed_alarm_bell_3f9d5aa3,alarm_bell,desed_soundbank,freesound_268823,freesound_268823,foreground_bank_train
desed_alarm_bell_4028a3da,alarm_bell,desed_soundbank,freesound_209536,freesound_209536,foreground_bank_train
desed_alarm_bell_4048080c,alarm_bell,desed_soundbank,freesound_264106,freesound_264106,foreground_bank_train
desed_alarm_bell_412215d7,alarm_bell,desed_soundbank,freesound_79440,freesound_79440,foreground_bank_train
desed_alarm_bell_412d0e49,alarm_bell,desed_soundbank,freesound_54277,freesound_54277,foreground_bank_train
desed_alarm_bell_42a59b74,alarm_bell,desed_soundbank,freesound_189332,freesound_189332,foreground_bank_train
desed_alarm_bell_42ad3bf9,alarm_bell,desed_soundbank,freesound_151242,freesound_151242,foreground_bank_train
desed_alarm_bell_42f68488,alarm_bell,desed_soundbank,freesound_72558,freesound_72558,foreground_bank_train
desed_alarm_bell_47161f23,alarm_bell,desed_soundbank,freesound_329896,freesound_329896,foreground_bank_train
desed_alarm_bell_475854b8,alarm_bell,desed_soundbank,freesound_264106,freesound_264106,foreground_bank_train
desed_alarm_bell_49d0ae15,alarm_bell,desed_soundbank,freesound_151242,freesound_151242,foreground_bank_train
desed_alarm_bell_4a8f8fe2,alarm_bell,desed_soundbank,freesound_329896,freesound_329896,foreground_bank_train
desed_alarm_bell_4acef7b3,alarm_bell,desed_soundbank,freesound_268823,freesound_268823,foreground_bank_train
desed_alarm_bell_4c60bea6,alarm_bell,desed_soundbank,freesound_131641,freesound_131641,foreground_bank_train
desed_alarm_bell_4dcf1840,alarm_bell,desed_soundbank,freesound_233645,freesound_233645,foreground_bank_train
desed_alarm_bell_4f72d71e,alarm_bell,desed_soundbank,freesound_268823,freesound_268823,foreground_bank_train
desed_alarm_bell_50944ebc,alarm_bell,desed_soundbank,freesound_271399,freesound_271399,foreground_bank_train
desed_alarm_bell_53935871,alarm_bell,desed_soundbank,freesound_151242,freesound_151242,foreground_bank_train
desed_alarm_bell_5620a7d9,alarm_bell,desed_soundbank,freesound_233645,freesound_233645,foreground_bank_train
desed_alarm_bell_56a3938e,alarm_bell,desed_soundbank,freesound_255193,freesound_255193,foreground_bank_train
desed_alarm_bell_56bca464,alarm_bell,desed_soundbank,freesound_151242,freesound_151242,foreground_bank_train
desed_alarm_bell_5789beb0,alarm_bell,desed_soundbank,freesound_264106,freesound_264106,foreground_bank_train
desed_alarm_bell_589d76f9,alarm_bell,desed_soundbank,freesound_424946,freesound_424946,foreground_bank_train
desed_alarm_bell_58e96ac2,alarm_bell,desed_soundbank,freesound_41629,freesound_41629,foreground_bank_train
desed_alarm_bell_5b9ce681,alarm_bell,desed_soundbank,freesound_275565,freesound_275565,foreground_bank_train
desed_alarm_bell_5b9e6bd8,alarm_bell,desed_soundbank,freesound_196838,freesound_196838,foreground_bank_train
desed_alarm_bell_5d6ca0a1,alarm_bell,desed_soundbank,freesound_162851,freesound_162851,foreground_bank_train
desed_alarm_bell_5dbbdf69,alarm_bell,desed_soundbank,freesound_196838,freesound_196838,foreground_bank_train
desed_alarm_bell_60367f06,alarm_bell,desed_soundbank,freesound_151242,freesound_151242,foreground_bank_train
desed_alarm_bell_6157608c,alarm_bell,desed_soundbank,freesound_264106,freesound_264106,foreground_bank_train
desed_alarm_bell_61becda7,alarm_bell,desed_soundbank,freesound_268823,freesound_268823,foreground_bank_train
desed_alarm_bell_6261dc0a,alarm_bell,desed_soundbank,freesound_329896,freesound_329896,foreground_bank_train
desed_alarm_bell_62ed06e7,alarm_bell,desed_soundbank,freesound_255194,freesound_255194,foreground_bank_train
desed_alarm_bell_630dc66f,alarm_bell,desed_soundbank,freesound_418898,freesound_418898,foreground_bank_train
desed_alarm_bell_66037bb2,alarm_bell,desed_soundbank,freesound_233645,freesound_233645,foreground_bank_train
desed_alarm_bell_66c738d5,alarm_bell,desed_soundbank,freesound_255193,freesound_255193,foreground_bank_train
desed_alarm_bell_6b98ee0b,alarm_bell,desed_soundbank,freesound_233645,freesound_233645,foreground_bank_train
desed_alarm_bell_6d17d863,alarm_bell,desed_soundbank,freesound_189332,freesound_189332,foreground_bank_train
desed_alarm_bell_6e8803ee,alarm_bell,desed_soundbank,freesound_264106,freesound_264106,foreground_bank_train
desed_alarm_bell_7010b150,alarm_bell,desed_soundbank,freesound_34853,freesound_13613,foreground_bank_train
desed_alarm_bell_701b77fd,alarm_bell,desed_soundbank,freesound_72558,freesound_72558,foreground_bank_train
desed_alarm_bell_70f81d45,alarm_bell,desed_soundbank,freesound_268823,freesound_268823,foreground_bank_train
desed_alarm_bell_727cfab7,alarm_bell,desed_soundbank,freesound_162851,freesound_162851,foreground_bank_train
desed_alarm_bell_744e48bf,alarm_bell,desed_soundbank,freesound_233645,freesound_233645,foreground_bank_train
desed_alarm_bell_748515ad,alarm_bell,desed_soundbank,freesound_196838,freesound_196838,foreground_bank_train
desed_alarm_bell_74935f8d,alarm_bell,desed_soundbank,freesound_411517,freesound_411517,foreground_bank_train
desed_alarm_bell_7552527e,alarm_bell,desed_soundbank,freesound_151242,freesound_151242,foreground_bank_train
desed_alarm_bell_75735c8c,alarm_bell,desed_soundbank,freesound_255193,freesound_255193,foreground_bank_train
desed_alarm_bell_77ea9d95,alarm_bell,desed_soundbank,freesound_255194,freesound_255194,foreground_bank_train
desed_alarm_bell_7866e774,alarm_bell,desed_soundbank,freesound_79633,freesound_79633,foreground_bank_train
desed_alarm_bell_7aaad03d,alarm_bell,desed_soundbank,freesound_151242,freesound_151242,foreground_bank_train
desed_alarm_bell_7b54a1ea,alarm_bell,desed_soundbank,freesound_268823,freesound_268823,foreground_bank_train
desed_alarm_bell_7ba72377,alarm_bell,desed_soundbank,freesound_54277,freesound_54277,foreground_bank_train
desed_alarm_bell_7bbe1dda,alarm_bell,desed_soundbank,freesound_255193,freesound_255193,foreground_bank_train
desed_alarm_bell_7ca271e9,alarm_bell,desed_soundbank,freesound_330400,freesound_330400,foreground_bank_train
desed_alarm_bell_7e5012d0,alarm_bell,desed_soundbank,freesound_233645,freesound_233645,foreground_bank_train
desed_alarm_bell_7ece994a,alarm_bell,desed_soundbank,freesound_382236,freesound_382236,foreground_bank_train
desed_alarm_bell_7f3fcf5e,alarm_bell,desed_soundbank,freesound_275072,freesound_275072,foreground_bank_train
desed_alarm_bell_8071cb1b,alarm_bell,desed_soundbank,freesound_382236,freesound_382236,foreground_bank_train
desed_alarm_bell_80b5adeb,alarm_bell,desed_soundbank,freesound_245445,freesound_245445,foreground_bank_train
desed_alarm_bell_812da415,alarm_bell,desed_soundbank,freesound_233645,freesound_233645,foreground_bank_train
desed_alarm_bell_84a326ed,alarm_bell,desed_soundbank,freesound_110165,freesound_110165,foreground_bank_train
desed_alarm_bell_8b2a67c7,alarm_bell,desed_soundbank,freesound_81061,freesound_81061,foreground_bank_train
desed_alarm_bell_8c2f0ef9,alarm_bell,desed_soundbank,freesound_275069,freesound_275069,foreground_bank_train
desed_alarm_bell_8f32d817,alarm_bell,desed_soundbank,freesound_271399,freesound_271399,foreground_bank_train
desed_alarm_bell_90839037,alarm_bell,desed_soundbank,freesound_258175,freesound_258175,foreground_bank_train
desed_alarm_bell_91467225,alarm_bell,desed_soundbank,freesound_162851,freesound_162851,foreground_bank_train
desed_alarm_bell_91cde4de,alarm_bell,desed_soundbank,freesound_196838,freesound_196838,foreground_bank_train
desed_alarm_bell_934d5d28,alarm_bell,desed_soundbank,freesound_418898,freesound_418898,foreground_bank_train
desed_alarm_bell_935cddf3,alarm_bell,desed_soundbank,freesound_330400,freesound_330400,foreground_bank_train
desed_alarm_bell_9548a650,alarm_bell,desed_soundbank,freesound_196838,freesound_196838,foreground_bank_train
desed_alarm_bell_9798d0e0,alarm_bell,desed_soundbank,freesound_275071,freesound_275071,foreground_bank_train
desed_alarm_bell_984c7d8f,alarm_bell,desed_soundbank,freesound_329896,freesound_329896,foreground_bank_train
desed_alarm_bell_99539dab,alarm_bell,desed_soundbank,freesound_255194,freesound_255194,foreground_bank_train
desed_alarm_bell_9c98ff1f,alarm_bell,desed_soundbank,freesound_69185,freesound_69185,foreground_bank_train
desed_alarm_bell_9ca1a188,alarm_bell,desed_soundbank,freesound_72558,freesound_72558,foreground_bank_train
desed_alarm_bell_9ce1c5d8,alarm_bell,desed_soundbank,freesound_424946,freesound_424946,foreground_bank_train
desed_alarm_bell_9dc444f3,alarm_bell,desed_soundbank,freesound_259537,freesound_259537,foreground_bank_train
desed_alarm_bell_9deb99fd,alarm_bell,desed_soundbank,freesound_79440,freesound_79440,foreground_bank_train
desed_alarm_bell_9e2f9d5e,alarm_bell,desed_soundbank,freesound_329896,freesound_329896,foreground_bank_train
desed_alarm_bell_9fabdd47,alarm_bell,desed_soundbank,freesound_382236,freesound_382236,foreground_bank_train
desed_alarm_bell_9fbc219f,alarm_bell,desed_soundbank,freesound_54277,freesound_54277,foreground_bank_train
desed_alarm_bell_a00f28b7,alarm_bell,desed_soundbank,freesound_382236,freesound_382236,foreground_bank_train
desed_alarm_bell_a2084b19,alarm_bell,desed_soundbank,freesound_189332,freesound_189332,foreground_bank_train
desed_alarm_bell_a4c3f2bd,alarm_bell,desed_soundbank,freesound_20101,freesound_20101,foreground_bank_train
desed_alarm_bell_a8946f3c,alarm_bell,desed_soundbank,freesound_418898,freesound_418898,foreground_bank_train
desed_alarm_bell_aa831035,alarm_bell,desed_soundbank,freesound_418898,freesound_418898,foreground_bank_train
desed_alarm_bell_ac76986a,alarm_bell,desed_soundbank,freesound_80341,freesound_80341,foreground_bank_train
desed_alarm_bell_ad217d82,alarm_bell,desed_soundbank,freesound_72558,freesound_72558,foreground_bank_train
desed_alarm_bell_ae315091,alarm_bell,desed_soundbank,freesound_329896,freesound_329896,foreground_bank_train
desed_alarm_bell_af29effd,alarm_bell,desed_soundbank,freesound_233645,freesound_233645,foreground_bank_train
desed_alarm_bell_af5c4ba2,alarm_bell,desed_soundbank,freesound_275070,freesound_275070,foreground_bank_train
desed_alarm_bell_b0f61b42,alarm_bell,desed_soundbank,freesound_274289,freesound_274289,foreground_bank_train
desed_alarm_bell_b5321f49,alarm_bell,desed_soundbank,freesound_162851,freesound_162851,foreground_bank_train
desed_alarm_bell_b6ab58a8,alarm_bell,desed_soundbank,freesound_233645,freesound_233645,foreground_bank_train
desed_alarm_bell_b6dc51d5,alarm_bell,desed_soundbank,freesound_258175,freesound_258175,foreground_bank_train
desed_alarm_bell_b781464b,alarm_bell,desed_soundbank,freesound_164036,freesound_164036,foreground_bank_train
desed_alarm_bell_b8348a60,alarm_bell,desed_soundbank,freesound_329896,freesound_329896,foreground_bank_train
desed_alarm_bell_b865d300,alarm_bell,desed_soundbank,freesound_34853,freesound_13613,foreground_bank_train
desed_alarm_bell_b8915b16,alarm_bell,desed_soundbank,freesound_268823,freesound_268823,foreground_bank_train
desed_alarm_bell_b8c5accb,alarm_bell,desed_soundbank,freesound_345805,freesound_345805,foreground_bank_train
desed_alarm_bell_b92ce32e,alarm_bell,desed_soundbank,freesound_72558,freesound_72558,foreground_bank_train
desed_alarm_bell_b9bc75ff,alarm_bell,desed_soundbank,freesound_192761,freesound_192761,foreground_bank_train
desed_alarm_bell_b9d2412a,alarm_bell,desed_soundbank,freesound_255194,freesound_255194,foreground_bank_train
desed_alarm_bell_bab1f161,alarm_bell,desed_soundbank,freesound_34853,freesound_13613,foreground_bank_train
desed_alarm_bell_bad6edb3,alarm_bell,desed_soundbank,freesound_330400,freesound_330400,foreground_bank_train
desed_alarm_bell_bb1ce08d,alarm_bell,desed_soundbank,freesound_258175,freesound_258175,foreground_bank_train
desed_alarm_bell_bb2f50f9,alarm_bell,desed_soundbank,freesound_34853,freesound_13613,foreground_bank_train
desed_alarm_bell_bd44db60,alarm_bell,desed_soundbank,freesound_264106,freesound_264106,foreground_bank_train
desed_alarm_bell_be8ba650,alarm_bell,desed_soundbank,freesound_329896,freesound_329896,foreground_bank_train
desed_alarm_bell_bee584ac,alarm_bell,desed_soundbank,freesound_189332,freesound_189332,foreground_bank_train
desed_alarm_bell_bf572b6d,alarm_bell,desed_soundbank,freesound_212128,freesound_212128,foreground_bank_train
desed_alarm_bell_bfa154e7,alarm_bell,desed_soundbank,freesound_34853,freesound_13613,foreground_bank_train
desed_alarm_bell_bfe33787,alarm_bell,desed_soundbank,freesound_88021,freesound_88021,foreground_bank_train
desed_alarm_bell_c02541d9,alarm_bell,desed_soundbank,freesound_264106,freesound_264106,foreground_bank_train
desed_alarm_bell_c1383453,alarm_bell,desed_soundbank,freesound_255194,freesound_255194,foreground_bank_train
desed_alarm_bell_c1e32f27,alarm_bell,desed_soundbank,freesound_164036,freesound_164036,foreground_bank_train
desed_alarm_bell_c23378b2,alarm_bell,desed_soundbank,freesound_255194,freesound_255194,foreground_bank_train
desed_alarm_bell_c23d8cc1,alarm_bell,desed_soundbank,freesound_88021,freesound_88021,foreground_bank_train
desed_alarm_bell_c2837498,alarm_bell,desed_soundbank,freesound_151242,freesound_151242,foreground_bank_train
desed_alarm_bell_c375974a,alarm_bell,desed_soundbank,freesound_271399,freesound_271399,foreground_bank_train
desed_alarm_bell_c47ac082,alarm_bell,desed_soundbank,freesound_268823,freesound_268823,foreground_bank_train
desed_alarm_bell_c50cab9f,alarm_bell,desed_soundbank,freesound_151242,freesound_151242,foreground_bank_train
desed_alarm_bell_c7140117,alarm_bell,desed_soundbank,freesound_196838,freesound_196838,foreground_bank_train
desed_alarm_bell_c7ed22de,alarm_bell,desed_soundbank,freesound_233645,freesound_233645,foreground_bank_train
desed_alarm_bell_c8b75c1d,alarm_bell,desed_soundbank,freesound_38229,freesound_38229,foreground_bank_train
desed_alarm_bell_c9541d57,alarm_bell,desed_soundbank,freesound_268823,freesound_268823,foreground_bank_train
desed_alarm_bell_c9677274,alarm_bell,desed_soundbank,freesound_249303,freesound_249303,foreground_bank_train
desed_alarm_bell_cbab91c8,alarm_bell,desed_soundbank,freesound_271399,freesound_271399,foreground_bank_train
desed_alarm_bell_cc754470,alarm_bell,desed_soundbank,freesound_424946,freesound_424946,foreground_bank_train
desed_alarm_bell_ccdb132e,alarm_bell,desed_soundbank,freesound_329896,freesound_329896,foreground_bank_train
desed_alarm_bell_cdf977e0,alarm_bell,desed_soundbank,freesound_69385,freesound_69385,foreground_bank_train
desed_alarm_bell_d02f950a,alarm_bell,desed_soundbank,freesound_382236,freesound_382236,foreground_bank_train
desed_alarm_bell_d09bd9f7,alarm_bell,desed_soundbank,freesound_329896,freesound_329896,foreground_bank_train
desed_alarm_bell_d0f17cb8,alarm_bell,desed_soundbank,freesound_164036,freesound_164036,foreground_bank_train
desed_alarm_bell_d258794f,alarm_bell,desed_soundbank,freesound_255194,freesound_255194,foreground_bank_train
desed_alarm_bell_d42d9967,alarm_bell,desed_soundbank,freesound_233645,freesound_233645,foreground_bank_train
desed_alarm_bell_d4ae5400,alarm_bell,desed_soundbank,freesound_13613,freesound_13613,foreground_bank_train
desed_alarm_bell_d6c819cd,alarm_bell,desed_soundbank,freesound_131641,freesound_131641,foreground_bank_train
desed_alarm_bell_d7595079,alarm_bell,desed_soundbank,freesound_13613,freesound_13613,foreground_bank_train
desed_alarm_bell_d7f40860,alarm_bell,desed_soundbank,freesound_255194,freesound_255194,foreground_bank_train
desed_alarm_bell_d8aabdb7,alarm_bell,desed_soundbank,freesound_249303,freesound_249303,foreground_bank_train
desed_alarm_bell_dd2eafd1,alarm_bell,desed_soundbank,freesound_329896,freesound_329896,foreground_bank_train
desed_alarm_bell_e2bfb294,alarm_bell,desed_soundbank,freesound_13613,freesound_13613,foreground_bank_train
desed_alarm_bell_e3014586,alarm_bell,desed_soundbank,freesound_264106,freesound_264106,foreground_bank_train
desed_alarm_bell_e3e31aaa,alarm_bell,desed_soundbank,freesound_418898,freesound_418898,foreground_bank_train
desed_alarm_bell_e4b69fbb,alarm_bell,desed_soundbank,freesound_259537,freesound_259537,foreground_bank_train
desed_alarm_bell_e545d797,alarm_bell,desed_soundbank,freesound_189332,freesound_189332,foreground_bank_train
desed_alarm_bell_e557f032,alarm_bell,desed_soundbank,freesound_255193,freesound_255193,foreground_bank_train
desed_alarm_bell_e5e328c5,alarm_bell,desed_soundbank,freesound_233645,freesound_233645,foreground_bank_train
desed_alarm_bell_e5fffcb7,alarm_bell,desed_soundbank,freesound_54277,freesound_54277,foreground_bank_train
desed_alarm_bell_e639f795,alarm_bell,desed_soundbank,freesound_329896,freesound_329896,foreground_bank_train
desed_alarm_bell_e7076506,alarm_bell,desed_soundbank,freesound_233645,freesound_233645,foreground_bank_train
desed_alarm_bell_e74b45e6,alarm_bell,desed_soundbank,freesound_20101,freesound_20101,foreground_bank_train
desed_alarm_bell_e8c622e7,alarm_bell,desed_soundbank,freesound_72558,freesound_72558,foreground_bank_train
desed_alarm_bell_e9fb2edf,alarm_bell,desed_soundbank,freesound_382236,freesound_382236,foreground_bank_train
desed_alarm_bell_eaf6d8c7,alarm_bell,desed_soundbank,freesound_382236,freesound_382236,foreground_bank_train
desed_alarm_bell_ebf46738,alarm_bell,desed_soundbank,freesound_255193,freesound_255193,foreground_bank_train
desed_alarm_bell_ec18194e,alarm_bell,desed_soundbank,freesound_271399,freesound_271399,foreground_bank_train
desed_alarm_bell_ede6dc6b,alarm_bell,desed_soundbank,freesound_418898,freesound_418898,foreground_bank_train
desed_alarm_bell_ee047905,alarm_bell,desed_soundbank,freesound_382236,freesound_382236,foreground_bank_train
desed_alarm_bell_ee68c35c,alarm_bell,desed_soundbank,freesound_245445,freesound_245445,foreground_bank_train
desed_alarm_bell_ee8c0dc7,alarm_bell,desed_soundbank,freesound_151242,freesound_151242,foreground_bank_train
desed_alarm_bell_eec10006,alarm_bell,desed_soundbank,freesound_329896,freesound_329896,foreground_bank_train
desed_alarm_bell_f0c11650,alarm_bell,desed_soundbank,freesound_38229,freesound_38229,foreground_bank_train
desed_alarm_bell_f2b3fc34,alarm_bell,desed_soundbank,freesound_233645,freesound_233645,foreground_bank_train
desed_alarm_bell_f4af2a9c,alarm_bell,desed_soundbank,freesound_329896,freesound_329896,foreground_bank_train
desed_alarm_bell_f6ec9dfc,alarm_bell,desed_soundbank,freesound_275566,freesound_275566,foreground_bank_train
desed_alarm_bell_f72a8416,alarm_bell,desed_soundbank,freesound_382236,freesound_382236,foreground_bank_train
desed_alarm_bell_f815d53a,alarm_bell,desed_soundbank,freesound_196368,freesound_196368,foreground_bank_train
desed_alarm_bell_f95c30bf,alarm_bell,desed_soundbank,freesound_255194,freesound_255194,foreground_bank_train
desed_alarm_bell_f9bde753,alarm_bell,desed_soundbank,freesound_72558,freesound_72558,foreground_bank_train
desed_alarm_bell_fb89116a,alarm_bell,desed_soundbank,freesound_13613,freesound_13613,foreground_bank_train
desed_alarm_bell_fc13687e,alarm_bell,desed_soundbank,freesound_79440,freesound_79440,foreground_bank_train
desed_alarm_bell_fc42e9a7,alarm_bell,desed_soundbank,freesound_329896,freesound_329896,foreground_bank_train
desed_alarm_bell_fe313670,alarm_bell,desed_soundbank,freesound_258175,freesound_258175,foreground_bank_train
desed_alarm_bell_ffb90bce,alarm_bell,desed_soundbank,freesound_411517,freesound_411517,foreground_bank_train
desed_alarm_bell_ffbbde52,alarm_bell,desed_soundbank,freesound_72558,freesound_72558,foreground_bank_train
esc50_alarm_bell_0f0e831a,alarm_bell,esc50,freesound_140034,freesound_140034,foreground_bank_train
esc50_alarm_bell_0f99cf9a,alarm_bell,esc50,freesound_234247,freesound_234247,foreground_bank_train
esc50_alarm_bell_119c2783,alarm_bell,esc50,freesound_74517,freesound_74517,foreground_bank_train
esc50_alarm_bell_1583d0be,alarm_bell,esc50,freesound_56926,freesound_56926,foreground_bank_train
esc50_alarm_bell_1b78f0e6,alarm_bell,esc50,freesound_169508,freesound_169508,foreground_bank_train
esc50_alarm_bell_1c5a500b,alarm_bell,esc50,freesound_219242,freesound_219242,foreground_bank_train
esc50_alarm_bell_1ccb7137,alarm_bell,esc50,freesound_147657,freesound_147657,foreground_bank_train
esc50_alarm_bell_21679508,alarm_bell,esc50,freesound_219242,freesound_219242,foreground_bank_train
esc50_alarm_bell_218a6463,alarm_bell,esc50,freesound_233645,freesound_233645,foreground_bank_train
esc50_alarm_bell_220c3d12,alarm_bell,esc50,freesound_14262,freesound_14262,foreground_bank_train
esc50_alarm_bell_2212340e,alarm_bell,esc50,freesound_22804,freesound_22804,foreground_bank_train
esc50_alarm_bell_2d2ae224,alarm_bell,esc50,freesound_204684,freesound_204684,foreground_bank_train
esc50_alarm_bell_2e28b25e,alarm_bell,esc50,freesound_13613,freesound_13613,foreground_bank_train
esc50_alarm_bell_3b2f085b,alarm_bell,esc50,freesound_104475,freesound_104475,foreground_bank_train
esc50_alarm_bell_3e1cd1eb,alarm_bell,esc50,freesound_148297,freesound_148297,foreground_bank_train
esc50_alarm_bell_403a522c,alarm_bell,esc50,freesound_117793,freesound_117793,foreground_bank_train
esc50_alarm_bell_44316710,alarm_bell,esc50,freesound_201172,freesound_201172,foreground_bank_train
esc50_alarm_bell_45473028,alarm_bell,esc50,freesound_21421,freesound_21421,foreground_bank_train
esc50_alarm_bell_48e8337f,alarm_bell,esc50,freesound_96890,freesound_96890,foreground_bank_train
esc50_alarm_bell_49223fa4,alarm_bell,esc50,freesound_198841,freesound_198841,foreground_bank_train
esc50_alarm_bell_495ea115,alarm_bell,esc50,freesound_61618,freesound_61618,foreground_bank_train
esc50_alarm_bell_5822815c,alarm_bell,esc50,freesound_223176,freesound_223176,foreground_bank_train
esc50_alarm_bell_5e790539,alarm_bell,esc50,freesound_78562,freesound_78562,foreground_bank_train
esc50_alarm_bell_6917ce39,alarm_bell,esc50,freesound_102435,freesound_102435,foreground_bank_train
esc50_alarm_bell_796a0d89,alarm_bell,esc50,freesound_125825,freesound_125825,foreground_bank_train
esc50_alarm_bell_7b8aad41,alarm_bell,esc50,freesound_197988,freesound_197988,foreground_bank_train
esc50_alarm_bell_7dbc0346,alarm_bell,esc50,freesound_219044,freesound_219044,foreground_bank_train
esc50_alarm_bell_81ff3870,alarm_bell,esc50,freesound_59566,freesound_59566,foreground_bank_train
esc50_alarm_bell_82212458,alarm_bell,esc50,freesound_132340,freesound_132340,foreground_bank_train
esc50_alarm_bell_87c0ead3,alarm_bell,esc50,freesound_34853,freesound_13613,foreground_bank_train
esc50_alarm_bell_892a04fe,alarm_bell,esc50,freesound_189332,freesound_189332,foreground_bank_train
esc50_alarm_bell_8b402796,alarm_bell,esc50,freesound_78381,freesound_78381,foreground_bank_train
esc50_alarm_bell_8dbf786d,alarm_bell,esc50,freesound_147658,freesound_147658,foreground_bank_train
esc50_alarm_bell_8f8f7c9c,alarm_bell,esc50,freesound_198373,freesound_198373,foreground_bank_train
esc50_alarm_bell_92baf64d,alarm_bell,esc50,freesound_13571,freesound_13571,foreground_bank_train
esc50_alarm_bell_93064c31,alarm_bell,esc50,freesound_117883,freesound_117883,foreground_bank_train
esc50_alarm_bell_973df7c6,alarm_bell,esc50,freesound_98193,freesound_98193,foreground_bank_train
esc50_alarm_bell_9a8b1499,alarm_bell,esc50,freesound_57191,freesound_57191,foreground_bank_train
esc50_alarm_bell_9e45012b,alarm_bell,esc50,freesound_120526,freesound_120526,foreground_bank_train
esc50_alarm_bell_a0664359,alarm_bell,esc50,freesound_54747,freesound_54747,foreground_bank_train
esc50_alarm_bell_a6b64ebb,alarm_bell,esc50,freesound_87936,freesound_87936,foreground_bank_train
esc50_alarm_bell_ae91dd8b,alarm_bell,esc50,freesound_111102,freesound_111102,foreground_bank_train
esc50_alarm_bell_af64f859,alarm_bell,esc50,freesound_139109,freesound_139109,foreground_bank_train
esc50_alarm_bell_b13da802,alarm_bell,esc50,freesound_98869,freesound_98869,foreground_bank_train
esc50_alarm_bell_b6d260c3,alarm_bell,esc50,freesound_172366,freesound_172366,foreground_bank_train
esc50_alarm_bell_b863f411,alarm_bell,esc50,freesound_139958,freesound_139958,foreground_bank_train
esc50_alarm_bell_b8b67daf,alarm_bell,esc50,freesound_209698,freesound_209698,foreground_bank_train
esc50_alarm_bell_bb41577f,alarm_bell,esc50,freesound_120526,freesound_120526,foreground_bank_train
esc50_alarm_bell_be37da47,alarm_bell,esc50,freesound_201170,freesound_201170,foreground_bank_train
esc50_alarm_bell_c08a0615,alarm_bell,esc50,freesound_210612,freesound_210612,foreground_bank_train
esc50_alarm_bell_c1d8172c,alarm_bell,esc50,freesound_117116,freesound_117116,foreground_bank_train
esc50_alarm_bell_c2605d58,alarm_bell,esc50,freesound_156827,freesound_156827,foreground_bank_train
esc50_alarm_bell_c592d9af,alarm_bell,esc50,freesound_59565,freesound_59565,foreground_bank_train
esc50_alarm_bell_c6a19ee5,alarm_bell,esc50,freesound_122110,freesound_122110,foreground_bank_train
esc50_alarm_bell_c6a4d689,alarm_bell,esc50,freesound_125825,freesound_125825,foreground_bank_train
esc50_alarm_bell_c78db93c,alarm_bell,esc50,freesound_211408,freesound_211408,foreground_bank_train
esc50_alarm_bell_c7d05248,alarm_bell,esc50,freesound_209536,freesound_209536,foreground_bank_train
esc50_alarm_bell_cb564046,alarm_bell,esc50,freesound_204741,freesound_204741,foreground_bank_train
esc50_alarm_bell_cf3361dd,alarm_bell,esc50,freesound_179294,freesound_179294,foreground_bank_train
esc50_alarm_bell_d2232652,alarm_bell,esc50,freesound_96063,freesound_96063,foreground_bank_train
esc50_alarm_bell_d4bf2130,alarm_bell,esc50,freesound_72195,freesound_72195,foreground_bank_train
esc50_alarm_bell_d8761cb9,alarm_bell,esc50,freesound_111102,freesound_111102,foreground_bank_train
esc50_alarm_bell_da6a7b9e,alarm_bell,esc50,freesound_48298,freesound_48298,foreground_bank_train
esc50_alarm_bell_db92bfce,alarm_bell,esc50,freesound_188716,freesound_188716,foreground_bank_train
esc50_alarm_bell_dc52aabc,alarm_bell,esc50,freesound_89516,freesound_89516,foreground_bank_train
esc50_alarm_bell_e00a8c06,alarm_bell,esc50,freesound_67033,freesound_67033,foreground_bank_train
esc50_alarm_bell_e071e9a3,alarm_bell,esc50,freesound_77347,freesound_77347,foreground_bank_train
esc50_alarm_bell_e0de072c,alarm_bell,esc50,freesound_56907,freesound_56907,foreground_bank_train
esc50_alarm_bell_e40a1b2b,alarm_bell,esc50,freesound_87936,freesound_87936,foreground_bank_train
esc50_alarm_bell_e7aab383,alarm_bell,esc50,freesound_72195,freesound_72195,foreground_bank_train
esc50_alarm_bell_e89e5bee,alarm_bell,esc50,freesound_78562,freesound_78562,foreground_bank_train
esc50_alarm_bell_ea7a0ee2,alarm_bell,esc50,freesound_40154,freesound_40154,foreground_bank_train
esc50_alarm_bell_eb652724,alarm_bell,esc50,freesound_104476,freesound_104476,foreground_bank_train
esc50_alarm_bell_ebb61152,alarm_bell,esc50,freesound_150364,freesound_150364,foreground_bank_train
esc50_alarm_bell_ebc3196b,alarm_bell,esc50,freesound_77346,freesound_77346,foreground_bank_train
esc50_alarm_bell_ecb38a81,alarm_bell,esc50,freesound_150364,freesound_150364,foreground_bank_train
esc50_alarm_bell_fdbfa039,alarm_bell,esc50,freesound_13572,freesound_13572,foreground_bank_train
fsd50k_alarm_bell_023c5880,alarm_bell,fsd50k,freesound_uploader_KIZILSUNGUR,freesound_uploader_KIZILSUNGUR,foreground_bank_train
fsd50k_alarm_bell_02c1e0e6,alarm_bell,fsd50k,freesound_uploader_neizvestnost,freesound_uploader_neizvestnost,foreground_bank_train
fsd50k_alarm_bell_0459e305,alarm_bell,fsd50k,freesound_uploader_anez,freesound_uploader_anez,foreground_bank_train
fsd50k_alarm_bell_049d0f11,alarm_bell,fsd50k,freesound_uploader_soundatADM,freesound_uploader_soundatADM,foreground_bank_train
fsd50k_alarm_bell_050b9982,alarm_bell,fsd50k,freesound_uploader_anez,freesound_uploader_anez,foreground_bank_train
fsd50k_alarm_bell_07dde05b,alarm_bell,fsd50k,freesound_uploader_jobro,freesound_uploader_jobro,foreground_bank_train
fsd50k_alarm_bell_086de703,alarm_bell,fsd50k,freesound_uploader_newagesoup,freesound_uploader_newagesoup,foreground_bank_train
fsd50k_alarm_bell_089674f3,alarm_bell,fsd50k,freesound_uploader_MisbeDAVE,freesound_uploader_MisbeDAVE,foreground_bank_train
fsd50k_alarm_bell_08c32526,alarm_bell,fsd50k,freesound_uploader_maisonsonique,freesound_uploader_maisonsonique,foreground_bank_train
fsd50k_alarm_bell_08cde139,alarm_bell,fsd50k,freesound_uploader_JarAxe,freesound_uploader_JarAxe,foreground_bank_train
fsd50k_alarm_bell_09d8215b,alarm_bell,fsd50k,freesound_uploader_RoofDog,freesound_uploader_RoofDog,foreground_bank_train
fsd50k_alarm_bell_09d8770a,alarm_bell,fsd50k,freesound_uploader_anamorphosis,freesound_uploader_anamorphosis,foreground_bank_train
fsd50k_alarm_bell_0c897f0c,alarm_bell,fsd50k,freesound_uploader_newagesoup,freesound_uploader_newagesoup,foreground_bank_train
fsd50k_alarm_bell_0cfedf1d,alarm_bell,fsd50k,freesound_uploader_botjao,freesound_uploader_botjao,foreground_bank_train
fsd50k_alarm_bell_0d017ba9,alarm_bell,fsd50k,freesound_uploader_batchku,freesound_uploader_batchku,foreground_bank_train
fsd50k_alarm_bell_0e54066c,alarm_bell,fsd50k,freesound_uploader_b0bd0bbs,freesound_uploader_b0bd0bbs,foreground_bank_train
fsd50k_alarm_bell_0e995fc4,alarm_bell,fsd50k,freesound_uploader_jobro,freesound_uploader_jobro,foreground_bank_train
fsd50k_alarm_bell_0f52864d,alarm_bell,fsd50k,freesound_uploader_pjcohen,freesound_uploader_pjcohen,foreground_bank_train
fsd50k_alarm_bell_0f7a933f,alarm_bell,fsd50k,freesound_uploader_Taira Komori,freesound_uploader_Taira Komori,foreground_bank_train
fsd50k_alarm_bell_0f82e4c4,alarm_bell,fsd50k,freesound_uploader_iut_Paris8,freesound_uploader_iut_Paris8,foreground_bank_train
fsd50k_alarm_bell_0fbeb963,alarm_bell,fsd50k,freesound_uploader_iut_Paris8,freesound_uploader_iut_Paris8,foreground_bank_train
fsd50k_alarm_bell_10569b06,alarm_bell,fsd50k,freesound_uploader_AlaskaRobotics,freesound_uploader_AlaskaRobotics,foreground_bank_train
fsd50k_alarm_bell_10e149f9,alarm_bell,fsd50k,freesound_uploader_Aiwha,freesound_uploader_Aiwha,foreground_bank_train
fsd50k_alarm_bell_10fb47e4,alarm_bell,fsd50k,freesound_uploader_jobro,freesound_uploader_jobro,foreground_bank_train
fsd50k_alarm_bell_131e89ae,alarm_bell,fsd50k,freesound_uploader_anamorphosis,freesound_uploader_anamorphosis,foreground_bank_train
fsd50k_alarm_bell_142fa174,alarm_bell,fsd50k,freesound_uploader_danarobinsondesignsgmailcom,freesound_uploader_danarobinsondesignsgmailcom,foreground_bank_train
fsd50k_alarm_bell_16269762,alarm_bell,fsd50k,freesound_uploader_Rfriend,freesound_uploader_Rfriend,foreground_bank_train
fsd50k_alarm_bell_16de2bb9,alarm_bell,fsd50k,freesound_uploader_soundslikewillem,freesound_uploader_soundslikewillem,foreground_bank_train
fsd50k_alarm_bell_177d6683,alarm_bell,fsd50k,freesound_uploader_pjcohen,freesound_uploader_pjcohen,foreground_bank_train
fsd50k_alarm_bell_1921a220,alarm_bell,fsd50k,freesound_uploader_soundhead,freesound_uploader_soundhead,foreground_bank_train
fsd50k_alarm_bell_19fc3d33,alarm_bell,fsd50k,freesound_uploader_wuola,freesound_uploader_wuola,foreground_bank_train
fsd50k_alarm_bell_1a844276,alarm_bell,fsd50k,freesound_uploader_jobro,freesound_uploader_jobro,foreground_bank_train
fsd50k_alarm_bell_1afdfc73,alarm_bell,fsd50k,freesound_uploader_botjao,freesound_uploader_botjao,foreground_bank_train
fsd50k_alarm_bell_1c480dc1,alarm_bell,fsd50k,freesound_uploader_jobro,freesound_uploader_jobro,foreground_bank_train
fsd50k_alarm_bell_1cdd5f94,alarm_bell,fsd50k,freesound_uploader_kwahmah_02,freesound_uploader_kwahmah_02,foreground_bank_train
fsd50k_alarm_bell_1e68d9c1,alarm_bell,fsd50k,freesound_uploader_kantouth,freesound_uploader_kantouth,foreground_bank_train
fsd50k_alarm_bell_1e91d671,alarm_bell,fsd50k,freesound_uploader_kwahmah_02,freesound_uploader_kwahmah_02,foreground_bank_train
fsd50k_alarm_bell_1f1c8dd7,alarm_bell,fsd50k,freesound_uploader_newagesoup,freesound_uploader_newagesoup,foreground_bank_train
fsd50k_alarm_bell_207a8986,alarm_bell,fsd50k,freesound_uploader_danarobinsondesignsgmailcom,freesound_uploader_danarobinsondesignsgmailcom,foreground_bank_train
fsd50k_alarm_bell_21b78244,alarm_bell,fsd50k,freesound_uploader_FunWithSound,freesound_uploader_FunWithSound,foreground_bank_train
fsd50k_alarm_bell_2229eb9b,alarm_bell,fsd50k,freesound_uploader_pac007,freesound_uploader_pac007,foreground_bank_train
fsd50k_alarm_bell_22882a3a,alarm_bell,fsd50k,freesound_uploader_dpsa,freesound_uploader_dpsa,foreground_bank_train
fsd50k_alarm_bell_23ab67d7,alarm_bell,fsd50k,freesound_uploader_jmorrisoncafe330,freesound_uploader_jmorrisoncafe330,foreground_bank_train
fsd50k_alarm_bell_25b09159,alarm_bell,fsd50k,freesound_uploader_KIZILSUNGUR,freesound_uploader_KIZILSUNGUR,foreground_bank_train
fsd50k_alarm_bell_2876d9eb,alarm_bell,fsd50k,freesound_uploader_Ryding,freesound_uploader_Ryding,foreground_bank_train
fsd50k_alarm_bell_29706bba,alarm_bell,fsd50k,freesound_uploader_iluppai,freesound_uploader_iluppai,foreground_bank_train
fsd50k_alarm_bell_29e72e8b,alarm_bell,fsd50k,freesound_uploader_Anoesj,freesound_uploader_Anoesj,foreground_bank_train
fsd50k_alarm_bell_2b573af7,alarm_bell,fsd50k,freesound_uploader_soundhead,freesound_uploader_soundhead,foreground_bank_train
fsd50k_alarm_bell_2bba6d12,alarm_bell,fsd50k,freesound_uploader_batchku,freesound_uploader_batchku,foreground_bank_train
fsd50k_alarm_bell_2bbe6609,alarm_bell,fsd50k,freesound_uploader_jobro,freesound_uploader_jobro,foreground_bank_train
fsd50k_alarm_bell_2e1f50d9,alarm_bell,fsd50k,freesound_uploader_jobro,freesound_uploader_jobro,foreground_bank_train
fsd50k_alarm_bell_2ebbf6f2,alarm_bell,fsd50k,freesound_uploader_jobro,freesound_uploader_jobro,foreground_bank_train
fsd50k_alarm_bell_2f41f01c,alarm_bell,fsd50k,freesound_uploader_Samulis,freesound_uploader_Samulis,foreground_bank_train
fsd50k_alarm_bell_2f957ac7,alarm_bell,fsd50k,freesound_uploader_pjcohen,freesound_uploader_pjcohen,foreground_bank_train
fsd50k_alarm_bell_2faf0432,alarm_bell,fsd50k,freesound_uploader_Ozzie321,freesound_uploader_Ozzie321,foreground_bank_train
fsd50k_alarm_bell_2fcf42e2,alarm_bell,fsd50k,freesound_uploader_soundhead,freesound_uploader_soundhead,foreground_bank_train
fsd50k_alarm_bell_30301586,alarm_bell,fsd50k,freesound_uploader_bennstir,freesound_uploader_bennstir,foreground_bank_train
fsd50k_alarm_bell_309d25cd,alarm_bell,fsd50k,freesound_uploader_vision_m,freesound_uploader_vision_m,foreground_bank_train
fsd50k_alarm_bell_31e9a82e,alarm_bell,fsd50k,freesound_uploader_pjcohen,freesound_uploader_pjcohen,foreground_bank_train
fsd50k_alarm_bell_31fdd42a,alarm_bell,fsd50k,freesound_uploader_Ryding,freesound_uploader_Ryding,foreground_bank_train
fsd50k_alarm_bell_3351359a,alarm_bell,fsd50k,freesound_uploader_tec studios,freesound_uploader_tec studios,foreground_bank_train
fsd50k_alarm_bell_33c37548,alarm_bell,fsd50k,freesound_uploader_jirzin,freesound_uploader_jirzin,foreground_bank_train
fsd50k_alarm_bell_33e4e716,alarm_bell,fsd50k,freesound_uploader_iospyrakis,freesound_uploader_iospyrakis,foreground_bank_train
fsd50k_alarm_bell_346a8e18,alarm_bell,fsd50k,freesound_uploader_azumarill,freesound_uploader_azumarill,foreground_bank_train
fsd50k_alarm_bell_34a16479,alarm_bell,fsd50k,freesound_uploader_Atkom,freesound_uploader_Atkom,foreground_bank_train
fsd50k_alarm_bell_34bc0efc,alarm_bell,fsd50k,freesound_uploader_danarobinsondesignsgmailcom,freesound_uploader_danarobinsondesignsgmailcom,foreground_bank_train
fsd50k_alarm_bell_35172106,alarm_bell,fsd50k,freesound_uploader_Diego25,freesound_uploader_Diego25,foreground_bank_train
fsd50k_alarm_bell_35c867ac,alarm_bell,fsd50k,freesound_uploader_citeyo1,freesound_uploader_citeyo1,foreground_bank_train
fsd50k_alarm_bell_362f0ba9,alarm_bell,fsd50k,freesound_uploader_danarobinsondesignsgmailcom,freesound_uploader_danarobinsondesignsgmailcom,foreground_bank_train
fsd50k_alarm_bell_366e4163,alarm_bell,fsd50k,freesound_uploader_Taira Komori,freesound_uploader_Taira Komori,foreground_bank_train
fsd50k_alarm_bell_36f7de3c,alarm_bell,fsd50k,freesound_uploader_FrogPrince79,freesound_uploader_FrogPrince79,foreground_bank_train
fsd50k_alarm_bell_3830cd9d,alarm_bell,fsd50k,freesound_uploader_dnewtonjr,freesound_uploader_dnewtonjr,foreground_bank_train
fsd50k_alarm_bell_384bf391,alarm_bell,fsd50k,freesound_uploader_gnrja,freesound_uploader_gnrja,foreground_bank_train
fsd50k_alarm_bell_3a3dcd60,alarm_bell,fsd50k,freesound_uploader_pjcohen,freesound_uploader_pjcohen,foreground_bank_train
fsd50k_alarm_bell_3a5a8661,alarm_bell,fsd50k,freesound_uploader_CGEffex,freesound_uploader_CGEffex,foreground_bank_train
fsd50k_alarm_bell_3ad9a318,alarm_bell,fsd50k,freesound_uploader_-zin-,freesound_uploader_-zin-,foreground_bank_train
fsd50k_alarm_bell_3b1dba79,alarm_bell,fsd50k,freesound_uploader_maisonsonique,freesound_uploader_maisonsonique,foreground_bank_train
fsd50k_alarm_bell_3b32df10,alarm_bell,fsd50k,freesound_uploader_Iamgiorgio,freesound_uploader_Iamgiorgio,foreground_bank_train
fsd50k_alarm_bell_3b694907,alarm_bell,fsd50k,freesound_uploader_jobro,freesound_uploader_jobro,foreground_bank_train
fsd50k_alarm_bell_3bc6ab9f,alarm_bell,fsd50k,freesound_uploader_lucho0880,freesound_uploader_lucho0880,foreground_bank_train
fsd50k_alarm_bell_3bdd4c95,alarm_bell,fsd50k,freesound_uploader_Lalks,freesound_uploader_Lalks,foreground_bank_train
fsd50k_alarm_bell_3c36f091,alarm_bell,fsd50k,freesound_uploader_mzinsser,freesound_uploader_mzinsser,foreground_bank_train
fsd50k_alarm_bell_3cd27024,alarm_bell,fsd50k,freesound_uploader_kwahmah_02,freesound_uploader_kwahmah_02,foreground_bank_train
fsd50k_alarm_bell_3f2a8981,alarm_bell,fsd50k,freesound_uploader_Ryding,freesound_uploader_Ryding,foreground_bank_train
fsd50k_alarm_bell_3f9f61e6,alarm_bell,fsd50k,freesound_uploader_organicmanpl,freesound_uploader_organicmanpl,foreground_bank_train
fsd50k_alarm_bell_41f2099a,alarm_bell,fsd50k,freesound_uploader_b0bd0bbs,freesound_uploader_b0bd0bbs,foreground_bank_train
fsd50k_alarm_bell_428b175d,alarm_bell,fsd50k,freesound_uploader_2887679652,freesound_uploader_2887679652,foreground_bank_train
fsd50k_alarm_bell_428f2b8e,alarm_bell,fsd50k,freesound_uploader_JakLocke,freesound_uploader_JakLocke,foreground_bank_train
fsd50k_alarm_bell_43984dd0,alarm_bell,fsd50k,freesound_uploader_Kyster,freesound_uploader_Kyster,foreground_bank_train
fsd50k_alarm_bell_43e3626c,alarm_bell,fsd50k,freesound_uploader_2887679652,freesound_uploader_2887679652,foreground_bank_train
fsd50k_alarm_bell_44a6f795,alarm_bell,fsd50k,freesound_uploader_FrogPrince79,freesound_uploader_FrogPrince79,foreground_bank_train
fsd50k_alarm_bell_45657c64,alarm_bell,fsd50k,freesound_uploader_Tobby821,freesound_uploader_Tobby821,foreground_bank_train
fsd50k_alarm_bell_45d660fc,alarm_bell,fsd50k,freesound_uploader_pjcohen,freesound_uploader_pjcohen,foreground_bank_train
fsd50k_alarm_bell_4742cd93,alarm_bell,fsd50k,freesound_uploader_alanmcki,freesound_uploader_alanmcki,foreground_bank_train
fsd50k_alarm_bell_4766cec0,alarm_bell,fsd50k,freesound_uploader_Joedozer,freesound_uploader_Joedozer,foreground_bank_train
fsd50k_alarm_bell_47afe79b,alarm_bell,fsd50k,freesound_uploader_magedu,freesound_uploader_magedu,foreground_bank_train
fsd50k_alarm_bell_480c6f64,alarm_bell,fsd50k,freesound_uploader_jobro,freesound_uploader_jobro,foreground_bank_train
fsd50k_alarm_bell_487da817,alarm_bell,fsd50k,freesound_uploader_HerbertBoland,freesound_uploader_HerbertBoland,foreground_bank_train
fsd50k_alarm_bell_499f0667,alarm_bell,fsd50k,freesound_uploader_willy_ineedthatapp_com,freesound_uploader_willy_ineedthatapp_com,foreground_bank_train
fsd50k_alarm_bell_4b47e194,alarm_bell,fsd50k,freesound_uploader_batchku,freesound_uploader_batchku,foreground_bank_train
fsd50k_alarm_bell_4b60b645,alarm_bell,fsd50k,freesound_uploader_danarobinsondesignsgmailcom,freesound_uploader_danarobinsondesignsgmailcom,foreground_bank_train
fsd50k_alarm_bell_4b7d45e2,alarm_bell,fsd50k,freesound_uploader_akanimbus,freesound_uploader_akanimbus,foreground_bank_train
fsd50k_alarm_bell_4c56ae4d,alarm_bell,fsd50k,freesound_uploader_dersuperanton,freesound_uploader_dersuperanton,foreground_bank_train
fsd50k_alarm_bell_4cf757a7,alarm_bell,fsd50k,freesound_uploader_jjastr1,freesound_uploader_jjastr1,foreground_bank_train
fsd50k_alarm_bell_4cfc6a67,alarm_bell,fsd50k,freesound_uploader_Halfofthesky,freesound_uploader_Halfofthesky,foreground_bank_train
fsd50k_alarm_bell_4ec55058,alarm_bell,fsd50k,freesound_uploader_danarobinsondesignsgmailcom,freesound_uploader_danarobinsondesignsgmailcom,foreground_bank_train
fsd50k_alarm_bell_4f063a65,alarm_bell,fsd50k,freesound_uploader_danarobinsondesignsgmailcom,freesound_uploader_danarobinsondesignsgmailcom,foreground_bank_train
fsd50k_alarm_bell_4f4e5959,alarm_bell,fsd50k,freesound_uploader_Robinhood76,freesound_uploader_Robinhood76,foreground_bank_train
fsd50k_alarm_bell_4f85d146,alarm_bell,fsd50k,freesound_uploader_anamorphosis,freesound_uploader_anamorphosis,foreground_bank_train
fsd50k_alarm_bell_50b4a205,alarm_bell,fsd50k,freesound_uploader_wuola,freesound_uploader_wuola,foreground_bank_train
fsd50k_alarm_bell_50ba73c5,alarm_bell,fsd50k,freesound_uploader_danarobinsondesignsgmailcom,freesound_uploader_danarobinsondesignsgmailcom,foreground_bank_train
fsd50k_alarm_bell_51af295d,alarm_bell,fsd50k,freesound_uploader_batchku,freesound_uploader_batchku,foreground_bank_train
fsd50k_alarm_bell_51db703d,alarm_bell,fsd50k,freesound_uploader_ERH,freesound_uploader_ERH,foreground_bank_train
fsd50k_alarm_bell_526e094e,alarm_bell,fsd50k,freesound_uploader_batchku,freesound_uploader_batchku,foreground_bank_train
fsd50k_alarm_bell_52743a78,alarm_bell,fsd50k,freesound_uploader_soundslikewillem,freesound_uploader_soundslikewillem,foreground_bank_train
fsd50k_alarm_bell_52fc31de,alarm_bell,fsd50k,freesound_uploader_pjcohen,freesound_uploader_pjcohen,foreground_bank_train
fsd50k_alarm_bell_537cac5f,alarm_bell,fsd50k,freesound_uploader_batchku,freesound_uploader_batchku,foreground_bank_train
fsd50k_alarm_bell_539f277d,alarm_bell,fsd50k,freesound_uploader_danarobinsondesignsgmailcom,freesound_uploader_danarobinsondesignsgmailcom,foreground_bank_train
fsd50k_alarm_bell_54373b2b,alarm_bell,fsd50k,freesound_uploader_davilcol,freesound_uploader_davilcol,foreground_bank_train
fsd50k_alarm_bell_553bc0f9,alarm_bell,fsd50k,freesound_uploader_batchku,freesound_uploader_batchku,foreground_bank_train
fsd50k_alarm_bell_56d001f5,alarm_bell,fsd50k,freesound_uploader_jobro,freesound_uploader_jobro,foreground_bank_train
fsd50k_alarm_bell_572f8cd8,alarm_bell,fsd50k,freesound_uploader_RSilveira_88,freesound_uploader_RSilveira_88,foreground_bank_train
fsd50k_alarm_bell_593ed111,alarm_bell,fsd50k,freesound_uploader_danarobinsondesignsgmailcom,freesound_uploader_danarobinsondesignsgmailcom,foreground_bank_train
fsd50k_alarm_bell_59542b27,alarm_bell,fsd50k,freesound_uploader_InspectorJ,freesound_uploader_InspectorJ,foreground_bank_train
fsd50k_alarm_bell_5997efee,alarm_bell,fsd50k,freesound_uploader_MiraclesHappen,freesound_uploader_MiraclesHappen,foreground_bank_train
fsd50k_alarm_bell_5a58927a,alarm_bell,fsd50k,freesound_uploader_orginaljun,freesound_uploader_orginaljun,foreground_bank_train
fsd50k_alarm_bell_5a968bc2,alarm_bell,fsd50k,freesound_uploader_batchku,freesound_uploader_batchku,foreground_bank_train
fsd50k_alarm_bell_5bbd0627,alarm_bell,fsd50k,freesound_uploader_zozu,freesound_uploader_zozu,foreground_bank_train
fsd50k_alarm_bell_5bc4169d,alarm_bell,fsd50k,freesound_uploader_Rfriend,freesound_uploader_Rfriend,foreground_bank_train
fsd50k_alarm_bell_5bd53e41,alarm_bell,fsd50k,freesound_uploader_pjcohen,freesound_uploader_pjcohen,foreground_bank_train
fsd50k_alarm_bell_5c75ded5,alarm_bell,fsd50k,freesound_uploader_gregswinford,freesound_uploader_gregswinford,foreground_bank_train
fsd50k_alarm_bell_5cf007d7,alarm_bell,fsd50k,freesound_uploader_organicmanpl,freesound_uploader_organicmanpl,foreground_bank_train
fsd50k_alarm_bell_5d2bb1ce,alarm_bell,fsd50k,freesound_uploader_Dr. Macak,freesound_uploader_Dr. Macak,foreground_bank_train
fsd50k_alarm_bell_5e9e4bc7,alarm_bell,fsd50k,freesound_uploader_acclivity,freesound_uploader_acclivity,foreground_bank_train
fsd50k_alarm_bell_5efede55,alarm_bell,fsd50k,freesound_uploader_dersuperanton,freesound_uploader_dersuperanton,foreground_bank_train
fsd50k_alarm_bell_608c2114,alarm_bell,fsd50k,freesound_uploader_danarobinsondesignsgmailcom,freesound_uploader_danarobinsondesignsgmailcom,foreground_bank_train
fsd50k_alarm_bell_60fd571b,alarm_bell,fsd50k,freesound_uploader_Corsica_S,freesound_uploader_Corsica_S,foreground_bank_train
fsd50k_alarm_bell_62573df3,alarm_bell,fsd50k,freesound_uploader_danarobinsondesignsgmailcom,freesound_uploader_danarobinsondesignsgmailcom,foreground_bank_train
fsd50k_alarm_bell_628ab2cd,alarm_bell,fsd50k,freesound_uploader_vumseplutten1709,freesound_uploader_vumseplutten1709,foreground_bank_train
fsd50k_alarm_bell_629f1423,alarm_bell,fsd50k,freesound_uploader_anamorphosis,freesound_uploader_anamorphosis,foreground_bank_train
fsd50k_alarm_bell_635cb35d,alarm_bell,fsd50k,freesound_uploader_nackhe,freesound_uploader_nackhe,foreground_bank_train
fsd50k_alarm_bell_646275c6,alarm_bell,fsd50k,freesound_uploader_baujahr66,freesound_uploader_baujahr66,foreground_bank_train
fsd50k_alarm_bell_64927d78,alarm_bell,fsd50k,freesound_uploader_kwahmah_02,freesound_uploader_kwahmah_02,foreground_bank_train
fsd50k_alarm_bell_652f2411,alarm_bell,fsd50k,freesound_uploader_patchen,freesound_uploader_patchen,foreground_bank_train
fsd50k_alarm_bell_65701ebb,alarm_bell,fsd50k,freesound_uploader_jobro,freesound_uploader_jobro,foreground_bank_train
fsd50k_alarm_bell_657aedee,alarm_bell,fsd50k,freesound_uploader_hello_flowers,freesound_uploader_hello_flowers,foreground_bank_train
fsd50k_alarm_bell_660cebb2,alarm_bell,fsd50k,freesound_uploader_danarobinsondesignsgmailcom,freesound_uploader_danarobinsondesignsgmailcom,foreground_bank_train
fsd50k_alarm_bell_66128377,alarm_bell,fsd50k,freesound_uploader_ruslanas.com,freesound_uploader_ruslanas.com,foreground_bank_train
fsd50k_alarm_bell_663c91a8,alarm_bell,fsd50k,freesound_uploader_InspectorJ,freesound_uploader_InspectorJ,foreground_bank_train
fsd50k_alarm_bell_664f5c3a,alarm_bell,fsd50k,freesound_uploader_kwahmah_02,freesound_uploader_kwahmah_02,foreground_bank_train
fsd50k_alarm_bell_669691e6,alarm_bell,fsd50k,freesound_uploader_fons,freesound_uploader_fons,foreground_bank_train
fsd50k_alarm_bell_68a153ee,alarm_bell,fsd50k,freesound_uploader_jph298,freesound_uploader_jph298,foreground_bank_train
fsd50k_alarm_bell_691ddf85,alarm_bell,fsd50k,freesound_uploader_dobroide,freesound_uploader_dobroide,foreground_bank_train
fsd50k_alarm_bell_6934c633,alarm_bell,fsd50k,freesound_uploader_Sojan,freesound_uploader_Sojan,foreground_bank_train
fsd50k_alarm_bell_69890917,alarm_bell,fsd50k,freesound_uploader_Ryding,freesound_uploader_Ryding,foreground_bank_train
fsd50k_alarm_bell_6a64206a,alarm_bell,fsd50k,freesound_uploader_Godowan,freesound_uploader_Godowan,foreground_bank_train
fsd50k_alarm_bell_6b452661,alarm_bell,fsd50k,freesound_uploader_wjoojoo,freesound_uploader_wjoojoo,foreground_bank_train
fsd50k_alarm_bell_6be4038a,alarm_bell,fsd50k,freesound_uploader_AlaskaRobotics,freesound_uploader_AlaskaRobotics,foreground_bank_train
fsd50k_alarm_bell_6c9aa125,alarm_bell,fsd50k,freesound_uploader_kwahmah_02,freesound_uploader_kwahmah_02,foreground_bank_train
fsd50k_alarm_bell_6c9e8e61,alarm_bell,fsd50k,freesound_uploader_danarobinsondesignsgmailcom,freesound_uploader_danarobinsondesignsgmailcom,foreground_bank_train
fsd50k_alarm_bell_6cb9ceb5,alarm_bell,fsd50k,freesound_uploader_danarobinsondesignsgmailcom,freesound_uploader_danarobinsondesignsgmailcom,foreground_bank_train
fsd50k_alarm_bell_6cd0b897,alarm_bell,fsd50k,freesound_uploader_happyband,freesound_uploader_happyband,foreground_bank_train
fsd50k_alarm_bell_6d3351a7,alarm_bell,fsd50k,freesound_uploader_danarobinsondesignsgmailcom,freesound_uploader_danarobinsondesignsgmailcom,foreground_bank_train
fsd50k_alarm_bell_6dae627b,alarm_bell,fsd50k,freesound_uploader_danarobinsondesignsgmailcom,freesound_uploader_danarobinsondesignsgmailcom,foreground_bank_train
fsd50k_alarm_bell_6e9bd56f,alarm_bell,fsd50k,freesound_uploader_jobro,freesound_uploader_jobro,foreground_bank_train
fsd50k_alarm_bell_6f986339,alarm_bell,fsd50k,freesound_uploader_Everflux,freesound_uploader_Everflux,foreground_bank_train
fsd50k_alarm_bell_6fd3f5ed,alarm_bell,fsd50k,freesound_uploader_maisonsonique,freesound_uploader_maisonsonique,foreground_bank_train
fsd50k_alarm_bell_6fdb88fe,alarm_bell,fsd50k,freesound_uploader_botjao,freesound_uploader_botjao,foreground_bank_train
fsd50k_alarm_bell_7094a173,alarm_bell,fsd50k,freesound_uploader_danarobinsondesignsgmailcom,freesound_uploader_danarobinsondesignsgmailcom,foreground_bank_train
fsd50k_alarm_bell_7131b0a4,alarm_bell,fsd50k,freesound_uploader_KeyKrusher,freesound_uploader_KeyKrusher,foreground_bank_train
fsd50k_alarm_bell_713f1932,alarm_bell,fsd50k,freesound_uploader_pjcohen,freesound_uploader_pjcohen,foreground_bank_train
fsd50k_alarm_bell_715222c4,alarm_bell,fsd50k,freesound_uploader_pjcohen,freesound_uploader_pjcohen,foreground_bank_train
fsd50k_alarm_bell_717ebe30,alarm_bell,fsd50k,freesound_uploader_Taira Komori,freesound_uploader_Taira Komori,foreground_bank_train
fsd50k_alarm_bell_72b9e5d4,alarm_bell,fsd50k,freesound_uploader_tombenedict,freesound_uploader_tombenedict,foreground_bank_train
fsd50k_alarm_bell_72eeba0b,alarm_bell,fsd50k,freesound_uploader_digifishmusic,freesound_uploader_digifishmusic,foreground_bank_train
fsd50k_alarm_bell_732998c2,alarm_bell,fsd50k,freesound_uploader_Kyster,freesound_uploader_Kyster,foreground_bank_train
fsd50k_alarm_bell_7377b639,alarm_bell,fsd50k,freesound_uploader_kwahmah_02,freesound_uploader_kwahmah_02,foreground_bank_train
fsd50k_alarm_bell_73f9adca,alarm_bell,fsd50k,freesound_uploader_univ_lyon3,freesound_uploader_univ_lyon3,foreground_bank_train
fsd50k_alarm_bell_750016ab,alarm_bell,fsd50k,freesound_uploader_NLM,freesound_uploader_NLM,foreground_bank_train
fsd50k_alarm_bell_757faa73,alarm_bell,fsd50k,freesound_uploader_jobro,freesound_uploader_jobro,foreground_bank_train
fsd50k_alarm_bell_75f5975a,alarm_bell,fsd50k,freesound_uploader_batchku,freesound_uploader_batchku,foreground_bank_train
fsd50k_alarm_bell_75fcc459,alarm_bell,fsd50k,freesound_uploader_Benboncan,freesound_uploader_Benboncan,foreground_bank_train
fsd50k_alarm_bell_760ff4fe,alarm_bell,fsd50k,freesound_uploader_Dreamlog1,freesound_uploader_Dreamlog1,foreground_bank_train
fsd50k_alarm_bell_764be623,alarm_bell,fsd50k,freesound_uploader_JarAxe,freesound_uploader_JarAxe,foreground_bank_train
fsd50k_alarm_bell_779f4273,alarm_bell,fsd50k,freesound_uploader_1jmorrisoncafe291,freesound_uploader_1jmorrisoncafe291,foreground_bank_train
fsd50k_alarm_bell_77dd97c5,alarm_bell,fsd50k,freesound_uploader_pjcohen,freesound_uploader_pjcohen,foreground_bank_train
fsd50k_alarm_bell_77e300ec,alarm_bell,fsd50k,freesound_uploader_danielnieto7,freesound_uploader_danielnieto7,foreground_bank_train
fsd50k_alarm_bell_79285e4c,alarm_bell,fsd50k,freesound_uploader_kwahmah_02,freesound_uploader_kwahmah_02,foreground_bank_train
fsd50k_alarm_bell_7aa8ab4a,alarm_bell,fsd50k,freesound_uploader_klankbeeld,freesound_uploader_klankbeeld,foreground_bank_train
fsd50k_alarm_bell_7d48645e,alarm_bell,fsd50k,freesound_uploader_zimbot,freesound_uploader_zimbot,foreground_bank_train
fsd50k_alarm_bell_7d6d1553,alarm_bell,fsd50k,freesound_uploader_GioMilko,freesound_uploader_GioMilko,foreground_bank_train
fsd50k_alarm_bell_7df465f2,alarm_bell,fsd50k,freesound_uploader_Rfriend,freesound_uploader_Rfriend,foreground_bank_train
fsd50k_alarm_bell_7f30cb26,alarm_bell,fsd50k,freesound_uploader_InspectorJ,freesound_uploader_InspectorJ,foreground_bank_train
fsd50k_alarm_bell_7f65acc0,alarm_bell,fsd50k,freesound_uploader_chipfork,freesound_uploader_chipfork,foreground_bank_train
fsd50k_alarm_bell_7fe0e186,alarm_bell,fsd50k,freesound_uploader_danarobinsondesignsgmailcom,freesound_uploader_danarobinsondesignsgmailcom,foreground_bank_train
fsd50k_alarm_bell_80963bba,alarm_bell,fsd50k,freesound_uploader_zimbot,freesound_uploader_zimbot,foreground_bank_train
fsd50k_alarm_bell_80e7242e,alarm_bell,fsd50k,freesound_uploader_suonho,freesound_uploader_suonho,foreground_bank_train
fsd50k_alarm_bell_81056970,alarm_bell,fsd50k,freesound_uploader_happyband,freesound_uploader_happyband,foreground_bank_train
fsd50k_alarm_bell_810bc4d1,alarm_bell,fsd50k,freesound_uploader_kwahmah_02,freesound_uploader_kwahmah_02,foreground_bank_train
fsd50k_alarm_bell_81c84516,alarm_bell,fsd50k,freesound_uploader_HerbertBoland,freesound_uploader_HerbertBoland,foreground_bank_train
fsd50k_alarm_bell_82dd02ac,alarm_bell,fsd50k,freesound_uploader_Chriddof,freesound_uploader_Chriddof,foreground_bank_train
fsd50k_alarm_bell_83547935,alarm_bell,fsd50k,freesound_uploader_moire,freesound_uploader_moire,foreground_bank_train
fsd50k_alarm_bell_847e2c10,alarm_bell,fsd50k,freesound_uploader_pjcohen,freesound_uploader_pjcohen,foreground_bank_train
fsd50k_alarm_bell_8566448c,alarm_bell,fsd50k,freesound_uploader_Samulis,freesound_uploader_Samulis,foreground_bank_train
fsd50k_alarm_bell_8727ba00,alarm_bell,fsd50k,freesound_uploader_mzinsser,freesound_uploader_mzinsser,foreground_bank_train
fsd50k_alarm_bell_874a49c9,alarm_bell,fsd50k,freesound_uploader_FrogPrince79,freesound_uploader_FrogPrince79,foreground_bank_train
fsd50k_alarm_bell_874c42f5,alarm_bell,fsd50k,freesound_uploader_BristolStories,freesound_uploader_BristolStories,foreground_bank_train
fsd50k_alarm_bell_87897662,alarm_bell,fsd50k,freesound_uploader_AMPUL,freesound_uploader_AMPUL,foreground_bank_train
fsd50k_alarm_bell_87e9f55c,alarm_bell,fsd50k,freesound_uploader_ivegotmono,freesound_uploader_ivegotmono,foreground_bank_train
fsd50k_alarm_bell_88f31305,alarm_bell,fsd50k,freesound_uploader_jalastram,freesound_uploader_jalastram,foreground_bank_train
fsd50k_alarm_bell_89ca1214,alarm_bell,fsd50k,freesound_uploader_michorvath,freesound_uploader_michorvath,foreground_bank_train
fsd50k_alarm_bell_8ab24cfd,alarm_bell,fsd50k,freesound_uploader_kwahmah_02,freesound_uploader_kwahmah_02,foreground_bank_train
fsd50k_alarm_bell_8af89660,alarm_bell,fsd50k,freesound_uploader_danarobinsondesignsgmailcom,freesound_uploader_danarobinsondesignsgmailcom,foreground_bank_train
fsd50k_alarm_bell_8b2c33af,alarm_bell,fsd50k,freesound_uploader_kwahmah_02,freesound_uploader_kwahmah_02,foreground_bank_train
fsd50k_alarm_bell_8cb4a424,alarm_bell,fsd50k,freesound_uploader_AlaskaRobotics,freesound_uploader_AlaskaRobotics,foreground_bank_train
fsd50k_alarm_bell_8d4de89e,alarm_bell,fsd50k,freesound_uploader_Taira Komori,freesound_uploader_Taira Komori,foreground_bank_train
fsd50k_alarm_bell_8e2be63a,alarm_bell,fsd50k,freesound_uploader_univ_lyon3,freesound_uploader_univ_lyon3,foreground_bank_train
fsd50k_alarm_bell_8f792f08,alarm_bell,fsd50k,freesound_uploader_maisonsonique,freesound_uploader_maisonsonique,foreground_bank_train
fsd50k_alarm_bell_912d6657,alarm_bell,fsd50k,freesound_uploader_Godowan,freesound_uploader_Godowan,foreground_bank_train
fsd50k_alarm_bell_9184677b,alarm_bell,fsd50k,freesound_uploader_kwahmah_02,freesound_uploader_kwahmah_02,foreground_bank_train
fsd50k_alarm_bell_91939415,alarm_bell,fsd50k,freesound_uploader_jalastram,freesound_uploader_jalastram,foreground_bank_train
fsd50k_alarm_bell_919fa6e1,alarm_bell,fsd50k,freesound_uploader_FunWithSound,freesound_uploader_FunWithSound,foreground_bank_train
fsd50k_alarm_bell_91e214e9,alarm_bell,fsd50k,freesound_uploader_erickvillegas1986,freesound_uploader_erickvillegas1986,foreground_bank_train
fsd50k_alarm_bell_92880d9f,alarm_bell,fsd50k,freesound_uploader_PakoDevep,freesound_uploader_PakoDevep,foreground_bank_train
fsd50k_alarm_bell_931e61e1,alarm_bell,fsd50k,freesound_uploader_batchku,freesound_uploader_batchku,foreground_bank_train
fsd50k_alarm_bell_93369369,alarm_bell,fsd50k,freesound_uploader_arnaud coutancier,freesound_uploader_arnaud coutancier,foreground_bank_train
fsd50k_alarm_bell_93794289,alarm_bell,fsd50k,freesound_uploader_KIZILSUNGUR,freesound_uploader_KIZILSUNGUR,foreground_bank_train
fsd50k_alarm_bell_9388cfef,alarm_bell,fsd50k,freesound_uploader_batchku,freesound_uploader_batchku,foreground_bank_train
fsd50k_alarm_bell_93d635df,alarm_bell,fsd50k,freesound_uploader_ondrosik,freesound_uploader_ondrosik,foreground_bank_train
fsd50k_alarm_bell_948c414c,alarm_bell,fsd50k,freesound_uploader_Natty23,freesound_uploader_Natty23,foreground_bank_train
fsd50k_alarm_bell_949aaf58,alarm_bell,fsd50k,freesound_uploader_batchku,freesound_uploader_batchku,foreground_bank_train
fsd50k_alarm_bell_963cbc4f,alarm_bell,fsd50k,freesound_uploader_maisonsonique,freesound_uploader_maisonsonique,foreground_bank_train
fsd50k_alarm_bell_974f226d,alarm_bell,fsd50k,freesound_uploader_1475061,freesound_uploader_1475061,foreground_bank_train
fsd50k_alarm_bell_97b32d35,alarm_bell,fsd50k,freesound_uploader_13FPanska_Sychra_Petr,freesound_uploader_13FPanska_Sychra_Petr,foreground_bank_train
fsd50k_alarm_bell_9ab69a33,alarm_bell,fsd50k,freesound_uploader_batchku,freesound_uploader_batchku,foreground_bank_train
fsd50k_alarm_bell_9bc2189d,alarm_bell,fsd50k,freesound_uploader_Jm_at,freesound_uploader_Jm_at,foreground_bank_train
fsd50k_alarm_bell_9bc4ddbf,alarm_bell,fsd50k,freesound_uploader_jobro,freesound_uploader_jobro,foreground_bank_train
fsd50k_alarm_bell_9c7b3ff9,alarm_bell,fsd50k,freesound_uploader_pjcohen,freesound_uploader_pjcohen,foreground_bank_train
fsd50k_alarm_bell_9c8240f5,alarm_bell,fsd50k,freesound_uploader_sirplus,freesound_uploader_sirplus,foreground_bank_train
fsd50k_alarm_bell_9d86d3ea,alarm_bell,fsd50k,freesound_uploader_Corsica_S,freesound_uploader_Corsica_S,foreground_bank_train
fsd50k_alarm_bell_9ed88378,alarm_bell,fsd50k,freesound_uploader_kwahmah_02,freesound_uploader_kwahmah_02,foreground_bank_train
fsd50k_alarm_bell_9edbd58d,alarm_bell,fsd50k,freesound_uploader_jorickhoofd,freesound_uploader_jorickhoofd,foreground_bank_train
fsd50k_alarm_bell_9ef19daa,alarm_bell,fsd50k,freesound_uploader_KIZILSUNGUR,freesound_uploader_KIZILSUNGUR,foreground_bank_train
fsd50k_alarm_bell_9fd4307e,alarm_bell,fsd50k,freesound_uploader_hgseidl,freesound_uploader_hgseidl,foreground_bank_train
fsd50k_alarm_bell_a0fe7386,alarm_bell,fsd50k,freesound_uploader_danarobinsondesignsgmailcom,freesound_uploader_danarobinsondesignsgmailcom,foreground_bank_train
fsd50k_alarm_bell_a52334df,alarm_bell,fsd50k,freesound_uploader_newagesoup,freesound_uploader_newagesoup,foreground_bank_train
fsd50k_alarm_bell_a6049e55,alarm_bell,fsd50k,freesound_uploader_qubodup,freesound_uploader_qubodup,foreground_bank_train
fsd50k_alarm_bell_a61b98ba,alarm_bell,fsd50k,freesound_uploader_danarobinsondesignsgmailcom,freesound_uploader_danarobinsondesignsgmailcom,foreground_bank_train
fsd50k_alarm_bell_a652c717,alarm_bell,fsd50k,freesound_uploader_mkjunker,freesound_uploader_mkjunker,foreground_bank_train
fsd50k_alarm_bell_a6a35d95,alarm_bell,fsd50k,freesound_uploader_Rfriend,freesound_uploader_Rfriend,foreground_bank_train
fsd50k_alarm_bell_a7a040be,alarm_bell,fsd50k,freesound_uploader_SSS_Samples,freesound_uploader_SSS_Samples,foreground_bank_train
fsd50k_alarm_bell_a7c19ca4,alarm_bell,fsd50k,freesound_uploader_jobro,freesound_uploader_jobro,foreground_bank_train
fsd50k_alarm_bell_a9059f83,alarm_bell,fsd50k,freesound_uploader_HerbertBoland,freesound_uploader_HerbertBoland,foreground_bank_train
fsd50k_alarm_bell_aaefbaf0,alarm_bell,fsd50k,freesound_uploader_Robinhood76,freesound_uploader_Robinhood76,foreground_bank_train
fsd50k_alarm_bell_abada33e,alarm_bell,fsd50k,freesound_uploader_-zin-,freesound_uploader_-zin-,foreground_bank_train
fsd50k_alarm_bell_abf21d6e,alarm_bell,fsd50k,freesound_uploader_dland,freesound_uploader_dland,foreground_bank_train
fsd50k_alarm_bell_ac27d593,alarm_bell,fsd50k,freesound_uploader_jobro,freesound_uploader_jobro,foreground_bank_train
fsd50k_alarm_bell_ae17a068,alarm_bell,fsd50k,freesound_uploader_LittleT1D,freesound_uploader_LittleT1D,foreground_bank_train
fsd50k_alarm_bell_af511aea,alarm_bell,fsd50k,freesound_uploader_iut_Paris8,freesound_uploader_iut_Paris8,foreground_bank_train
fsd50k_alarm_bell_affd222a,alarm_bell,fsd50k,freesound_uploader_jobro,freesound_uploader_jobro,foreground_bank_train
fsd50k_alarm_bell_b08bed87,alarm_bell,fsd50k,freesound_uploader_Benboncan,freesound_uploader_Benboncan,foreground_bank_train
fsd50k_alarm_bell_b099e93b,alarm_bell,fsd50k,freesound_uploader_kwahmah_02,freesound_uploader_kwahmah_02,foreground_bank_train
fsd50k_alarm_bell_b0bd5660,alarm_bell,fsd50k,freesound_uploader_ProjectsU012,freesound_uploader_ProjectsU012,foreground_bank_train
fsd50k_alarm_bell_b2daa450,alarm_bell,fsd50k,freesound_uploader_LittleRobotSoundFactory,freesound_uploader_LittleRobotSoundFactory,foreground_bank_train
fsd50k_alarm_bell_b3ad73fd,alarm_bell,fsd50k,freesound_uploader_batchku,freesound_uploader_batchku,foreground_bank_train
fsd50k_alarm_bell_b3c3bde6,alarm_bell,fsd50k,freesound_uploader_danarobinsondesignsgmailcom,freesound_uploader_danarobinsondesignsgmailcom,foreground_bank_train
fsd50k_alarm_bell_b471f21d,alarm_bell,fsd50k,freesound_uploader_InspectorJ,freesound_uploader_InspectorJ,foreground_bank_train
fsd50k_alarm_bell_b4b61f97,alarm_bell,fsd50k,freesound_uploader_danarobinsondesignsgmailcom,freesound_uploader_danarobinsondesignsgmailcom,foreground_bank_train
fsd50k_alarm_bell_b5af0742,alarm_bell,fsd50k,freesound_uploader_jobro,freesound_uploader_jobro,foreground_bank_train
fsd50k_alarm_bell_b65eba67,alarm_bell,fsd50k,freesound_uploader_pjcohen,freesound_uploader_pjcohen,foreground_bank_train
fsd50k_alarm_bell_b6dc5fe0,alarm_bell,fsd50k,freesound_uploader_danarobinsondesignsgmailcom,freesound_uploader_danarobinsondesignsgmailcom,foreground_bank_train
fsd50k_alarm_bell_b72d5b62,alarm_bell,fsd50k,freesound_uploader_batchku,freesound_uploader_batchku,foreground_bank_train
fsd50k_alarm_bell_b798e6a1,alarm_bell,fsd50k,freesound_uploader_iut_Paris8,freesound_uploader_iut_Paris8,foreground_bank_train
fsd50k_alarm_bell_b81b73c5,alarm_bell,fsd50k,freesound_uploader_Tewkesound,freesound_uploader_Tewkesound,foreground_bank_train
fsd50k_alarm_bell_b830d03a,alarm_bell,fsd50k,freesound_uploader_michael_kur95,freesound_uploader_michael_kur95,foreground_bank_train
fsd50k_alarm_bell_b8791fe0,alarm_bell,fsd50k,freesound_uploader_kleinhirn2000,freesound_uploader_kleinhirn2000,foreground_bank_train
fsd50k_alarm_bell_b9018f3e,alarm_bell,fsd50k,freesound_uploader_Spleencast,freesound_uploader_Spleencast,foreground_bank_train
fsd50k_alarm_bell_b939854e,alarm_bell,fsd50k,freesound_uploader_batchku,freesound_uploader_batchku,foreground_bank_train
fsd50k_alarm_bell_ba67269d,alarm_bell,fsd50k,freesound_uploader_coltonmanz,freesound_uploader_coltonmanz,foreground_bank_train
fsd50k_alarm_bell_baa7c92c,alarm_bell,fsd50k,freesound_uploader_Rfriend,freesound_uploader_Rfriend,foreground_bank_train
fsd50k_alarm_bell_bcd804b3,alarm_bell,fsd50k,freesound_uploader_ottophokus,freesound_uploader_ottophokus,foreground_bank_train
fsd50k_alarm_bell_bdef6b9f,alarm_bell,fsd50k,freesound_uploader_BarkersPinhead,freesound_uploader_BarkersPinhead,foreground_bank_train
fsd50k_alarm_bell_be8778ea,alarm_bell,fsd50k,freesound_uploader_maisonsonique,freesound_uploader_maisonsonique,foreground_bank_train
fsd50k_alarm_bell_be9a22e2,alarm_bell,fsd50k,freesound_uploader_anez,freesound_uploader_anez,foreground_bank_train
fsd50k_alarm_bell_bf438437,alarm_bell,fsd50k,freesound_uploader_kwahmah_02,freesound_uploader_kwahmah_02,foreground_bank_train
fsd50k_alarm_bell_c0225163,alarm_bell,fsd50k,freesound_uploader_danarobinsondesignsgmailcom,freesound_uploader_danarobinsondesignsgmailcom,foreground_bank_train
fsd50k_alarm_bell_c080764d,alarm_bell,fsd50k,freesound_uploader_KIZILSUNGUR,freesound_uploader_KIZILSUNGUR,foreground_bank_train
fsd50k_alarm_bell_c2ae1cea,alarm_bell,fsd50k,freesound_uploader_happyband,freesound_uploader_happyband,foreground_bank_train
fsd50k_alarm_bell_c3cb5ac1,alarm_bell,fsd50k,freesound_uploader_kwahmah_02,freesound_uploader_kwahmah_02,foreground_bank_train
fsd50k_alarm_bell_c54b4725,alarm_bell,fsd50k,freesound_uploader_craftport,freesound_uploader_craftport,foreground_bank_train
fsd50k_alarm_bell_c6b95d61,alarm_bell,fsd50k,freesound_uploader_fons,freesound_uploader_fons,foreground_bank_train
fsd50k_alarm_bell_c705b756,alarm_bell,fsd50k,freesound_uploader_14anthony7095,freesound_uploader_14anthony7095,foreground_bank_train
fsd50k_alarm_bell_c7ae4bce,alarm_bell,fsd50k,freesound_uploader_thecityrings,freesound_uploader_thecityrings,foreground_bank_train
fsd50k_alarm_bell_c80b86cb,alarm_bell,fsd50k,freesound_uploader_Karthiccsk,freesound_uploader_Karthiccsk,foreground_bank_train
fsd50k_alarm_bell_c899b1a5,alarm_bell,fsd50k,freesound_uploader_wuola,freesound_uploader_wuola,foreground_bank_train
fsd50k_alarm_bell_c9cc7fc3,alarm_bell,fsd50k,freesound_uploader_dobroide,freesound_uploader_dobroide,foreground_bank_train
fsd50k_alarm_bell_c9e90f47,alarm_bell,fsd50k,freesound_uploader_davilcol,freesound_uploader_davilcol,foreground_bank_train
fsd50k_alarm_bell_ca3a274a,alarm_bell,fsd50k,freesound_uploader_Georgeantoniv,freesound_uploader_Georgeantoniv,foreground_bank_train
fsd50k_alarm_bell_ca4af44e,alarm_bell,fsd50k,freesound_uploader_tec studios,freesound_uploader_tec studios,foreground_bank_train
fsd50k_alarm_bell_caa16eeb,alarm_bell,fsd50k,freesound_uploader_AlaskaRobotics,freesound_uploader_AlaskaRobotics,foreground_bank_train
fsd50k_alarm_bell_cbd8f5f7,alarm_bell,fsd50k,freesound_uploader_danarobinsondesignsgmailcom,freesound_uploader_danarobinsondesignsgmailcom,foreground_bank_train
fsd50k_alarm_bell_cbee8f50,alarm_bell,fsd50k,freesound_uploader_FrogPrince79,freesound_uploader_FrogPrince79,foreground_bank_train
fsd50k_alarm_bell_cc50bea5,alarm_bell,fsd50k,freesound_uploader_danarobinsondesignsgmailcom,freesound_uploader_danarobinsondesignsgmailcom,foreground_bank_train
fsd50k_alarm_bell_cc9e3a0c,alarm_bell,fsd50k,freesound_uploader_FrogPrince79,freesound_uploader_FrogPrince79,foreground_bank_train
fsd50k_alarm_bell_ccf45196,alarm_bell,fsd50k,freesound_uploader_maisonsonique,freesound_uploader_maisonsonique,foreground_bank_train
fsd50k_alarm_bell_ce90b32e,alarm_bell,fsd50k,freesound_uploader_maisonsonique,freesound_uploader_maisonsonique,foreground_bank_train
fsd50k_alarm_bell_cf6a18d8,alarm_bell,fsd50k,freesound_uploader_jobro,freesound_uploader_jobro,foreground_bank_train
fsd50k_alarm_bell_cfb980ed,alarm_bell,fsd50k,freesound_uploader_gregconquest,freesound_uploader_gregconquest,foreground_bank_train
fsd50k_alarm_bell_d07d8b7f,alarm_bell,fsd50k,freesound_uploader_ramiro1007,freesound_uploader_ramiro1007,foreground_bank_train
fsd50k_alarm_bell_d14c805f,alarm_bell,fsd50k,freesound_uploader_kwahmah_02,freesound_uploader_kwahmah_02,foreground_bank_train
fsd50k_alarm_bell_d2e488da,alarm_bell,fsd50k,freesound_uploader_Sojan,freesound_uploader_Sojan,foreground_bank_train
fsd50k_alarm_bell_d3ded327,alarm_bell,fsd50k,freesound_uploader_maisonsonique,freesound_uploader_maisonsonique,foreground_bank_train
fsd50k_alarm_bell_d3f9a103,alarm_bell,fsd50k,freesound_uploader_jobro,freesound_uploader_jobro,foreground_bank_train
fsd50k_alarm_bell_d4824818,alarm_bell,fsd50k,freesound_uploader_BristolStories,freesound_uploader_BristolStories,foreground_bank_train
fsd50k_alarm_bell_d6458893,alarm_bell,fsd50k,freesound_uploader_FrogPrince79,freesound_uploader_FrogPrince79,foreground_bank_train
fsd50k_alarm_bell_d6f59429,alarm_bell,fsd50k,freesound_uploader_batchku,freesound_uploader_batchku,foreground_bank_train
fsd50k_alarm_bell_d715cae1,alarm_bell,fsd50k,freesound_uploader_jobro,freesound_uploader_jobro,foreground_bank_train
fsd50k_alarm_bell_d755a905,alarm_bell,fsd50k,freesound_uploader_Erratic,freesound_uploader_Erratic,foreground_bank_train
fsd50k_alarm_bell_d9d57256,alarm_bell,fsd50k,freesound_uploader_jobro,freesound_uploader_jobro,foreground_bank_train
fsd50k_alarm_bell_d9dc3c4a,alarm_bell,fsd50k,freesound_uploader_AlaskaRobotics,freesound_uploader_AlaskaRobotics,foreground_bank_train
fsd50k_alarm_bell_da075e44,alarm_bell,fsd50k,freesound_uploader_pjcohen,freesound_uploader_pjcohen,foreground_bank_train
fsd50k_alarm_bell_dbd66bfd,alarm_bell,fsd50k,freesound_uploader_maisonsonique,freesound_uploader_maisonsonique,foreground_bank_train
fsd50k_alarm_bell_dbf15c64,alarm_bell,fsd50k,freesound_uploader_batchku,freesound_uploader_batchku,foreground_bank_train
fsd50k_alarm_bell_dc26a804,alarm_bell,fsd50k,freesound_uploader_reception,freesound_uploader_reception,foreground_bank_train
fsd50k_alarm_bell_dc560f3d,alarm_bell,fsd50k,freesound_uploader_RoofDog,freesound_uploader_RoofDog,foreground_bank_train
fsd50k_alarm_bell_dd259877,alarm_bell,fsd50k,freesound_uploader_davilcol,freesound_uploader_davilcol,foreground_bank_train
fsd50k_alarm_bell_ddb9f4eb,alarm_bell,fsd50k,freesound_uploader_kwahmah_02,freesound_uploader_kwahmah_02,foreground_bank_train
fsd50k_alarm_bell_defa5d3f,alarm_bell,fsd50k,freesound_uploader_flood-mix,freesound_uploader_flood-mix,foreground_bank_train
fsd50k_alarm_bell_dff7ef7c,alarm_bell,fsd50k,freesound_uploader_batchku,freesound_uploader_batchku,foreground_bank_train
fsd50k_alarm_bell_e01cff34,alarm_bell,fsd50k,freesound_uploader_danarobinsondesignsgmailcom,freesound_uploader_danarobinsondesignsgmailcom,foreground_bank_train
fsd50k_alarm_bell_e0e3b821,alarm_bell,fsd50k,freesound_uploader_FrogPrince79,freesound_uploader_FrogPrince79,foreground_bank_train
fsd50k_alarm_bell_e11e93c4,alarm_bell,fsd50k,freesound_uploader_YleArkisto,freesound_uploader_YleArkisto,foreground_bank_train
fsd50k_alarm_bell_e2d1e506,alarm_bell,fsd50k,freesound_uploader_jobro,freesound_uploader_jobro,foreground_bank_train
fsd50k_alarm_bell_e30f4b71,alarm_bell,fsd50k,freesound_uploader_kwahmah_02,freesound_uploader_kwahmah_02,foreground_bank_train
fsd50k_alarm_bell_e326e931,alarm_bell,fsd50k,freesound_uploader_SpliceSound,freesound_uploader_SpliceSound,foreground_bank_train
fsd50k_alarm_bell_e32905d4,alarm_bell,fsd50k,freesound_uploader_batchku,freesound_uploader_batchku,foreground_bank_train
fsd50k_alarm_bell_e3d3bc7f,alarm_bell,fsd50k,freesound_uploader_Lalks,freesound_uploader_Lalks,foreground_bank_train
fsd50k_alarm_bell_e58430de,alarm_bell,fsd50k,freesound_uploader_fran ber,freesound_uploader_fran ber,foreground_bank_train
fsd50k_alarm_bell_e6012481,alarm_bell,fsd50k,freesound_uploader_qubodup,freesound_uploader_qubodup,foreground_bank_train
fsd50k_alarm_bell_e67bb529,alarm_bell,fsd50k,freesound_uploader_fons,freesound_uploader_fons,foreground_bank_train
fsd50k_alarm_bell_e6a1a81e,alarm_bell,fsd50k,freesound_uploader_kwahmah_02,freesound_uploader_kwahmah_02,foreground_bank_train
fsd50k_alarm_bell_e7e23abe,alarm_bell,fsd50k,freesound_uploader_KIZILSUNGUR,freesound_uploader_KIZILSUNGUR,foreground_bank_train
fsd50k_alarm_bell_e8fbf29e,alarm_bell,fsd50k,freesound_uploader_Goup_1,freesound_uploader_Goup_1,foreground_bank_train
fsd50k_alarm_bell_eb60a758,alarm_bell,fsd50k,freesound_uploader_zozu,freesound_uploader_zozu,foreground_bank_train
fsd50k_alarm_bell_ebc0553b,alarm_bell,fsd50k,freesound_uploader_danarobinsondesignsgmailcom,freesound_uploader_danarobinsondesignsgmailcom,foreground_bank_train
fsd50k_alarm_bell_ebd46d21,alarm_bell,fsd50k,freesound_uploader_anamorphosis,freesound_uploader_anamorphosis,foreground_bank_train
fsd50k_alarm_bell_ed78e8d4,alarm_bell,fsd50k,freesound_uploader_Rfriend,freesound_uploader_Rfriend,foreground_bank_train
fsd50k_alarm_bell_ede50650,alarm_bell,fsd50k,freesound_uploader_nicola_ariutti,freesound_uploader_nicola_ariutti,foreground_bank_train
fsd50k_alarm_bell_eff8da7a,alarm_bell,fsd50k,freesound_uploader_CosmicD,freesound_uploader_CosmicD,foreground_bank_train
fsd50k_alarm_bell_f1516a23,alarm_bell,fsd50k,freesound_uploader_jobro,freesound_uploader_jobro,foreground_bank_train
fsd50k_alarm_bell_f1a88bd7,alarm_bell,fsd50k,freesound_uploader_Corsica_S,freesound_uploader_Corsica_S,foreground_bank_train
fsd50k_alarm_bell_f1c3beee,alarm_bell,fsd50k,freesound_uploader_o0pAt0o,freesound_uploader_o0pAt0o,foreground_bank_train
fsd50k_alarm_bell_f1e37615,alarm_bell,fsd50k,freesound_uploader_jeremysykes,freesound_uploader_jeremysykes,foreground_bank_train
fsd50k_alarm_bell_f378a819,alarm_bell,fsd50k,freesound_uploader_lwdickens,freesound_uploader_lwdickens,foreground_bank_train
fsd50k_alarm_bell_f3a126bd,alarm_bell,fsd50k,freesound_uploader_Iamgiorgio,freesound_uploader_Iamgiorgio,foreground_bank_train
fsd50k_alarm_bell_f3d4d36c,alarm_bell,fsd50k,freesound_uploader_danarobinsondesignsgmailcom,freesound_uploader_danarobinsondesignsgmailcom,foreground_bank_train
fsd50k_alarm_bell_f4d5777c,alarm_bell,fsd50k,freesound_uploader_klankbeeld,freesound_uploader_klankbeeld,foreground_bank_train
fsd50k_alarm_bell_f586d79f,alarm_bell,fsd50k,freesound_uploader_Kodack,freesound_uploader_Kodack,foreground_bank_train
fsd50k_alarm_bell_f6333590,alarm_bell,fsd50k,freesound_uploader_pocket,freesound_uploader_pocket,foreground_bank_train
fsd50k_alarm_bell_f7f09576,alarm_bell,fsd50k,freesound_uploader_nnus,freesound_uploader_nnus,foreground_bank_train
fsd50k_alarm_bell_f8163dbf,alarm_bell,fsd50k,freesound_uploader_unfa,freesound_uploader_unfa,foreground_bank_train
fsd50k_alarm_bell_f916efbf,alarm_bell,fsd50k,freesound_uploader_kwahmah_02,freesound_uploader_kwahmah_02,foreground_bank_train
fsd50k_alarm_bell_fa674cfe,alarm_bell,fsd50k,freesound_uploader_TinyJiro,freesound_uploader_TinyJiro,foreground_bank_train
fsd50k_alarm_bell_faa7f1b7,alarm_bell,fsd50k,freesound_uploader_nnus,freesound_uploader_nnus,foreground_bank_train
fsd50k_alarm_bell_fb82065f,alarm_bell,fsd50k,freesound_uploader_pjcohen,freesound_uploader_pjcohen,foreground_bank_train
fsd50k_alarm_bell_fb821064,alarm_bell,fsd50k,freesound_uploader_danarobinsondesignsgmailcom,freesound_uploader_danarobinsondesignsgmailcom,foreground_bank_train
fsd50k_alarm_bell_fc1716fa,alarm_bell,fsd50k,freesound_uploader_Lynx_5969,freesound_uploader_Lynx_5969,foreground_bank_train
fsd50k_alarm_bell_fcedff7e,alarm_bell,fsd50k,freesound_uploader_13FPanska_Mokrolusky_Tomas,freesound_uploader_13FPanska_Mokrolusky_Tomas,foreground_bank_train
fsd50k_alarm_bell_fd631adb,alarm_bell,fsd50k,freesound_uploader_JarAxe,freesound_uploader_JarAxe,foreground_bank_train
fsd50k_alarm_bell_ff135a24,alarm_bell,fsd50k,freesound_uploader_FrogPrince79,freesound_uploader_FrogPrince79,foreground_bank_train
fsd50k_alarm_bell_ff3438d4,alarm_bell,fsd50k,freesound_uploader_JarAxe,freesound_uploader_JarAxe,foreground_bank_train
fsd50k_alarm_bell_ffa18004,alarm_bell,fsd50k,freesound_uploader_nnus,freesound_uploader_nnus,foreground_bank_train
fsd50k_door_slam_007f2c5b,door_slam,fsd50k,freesound_uploader_Sir Smith,freesound_uploader_Sir Smith,foreground_bank_train
fsd50k_door_slam_0296ab18,door_slam,fsd50k,freesound_uploader_D W,freesound_uploader_D W,foreground_bank_train
fsd50k_door_slam_02ee8cf3,door_slam,fsd50k,freesound_uploader_Omar Alvarado,freesound_uploader_Omar Alvarado,foreground_bank_train
fsd50k_door_slam_0538ff75,door_slam,fsd50k,freesound_uploader_Robinhood76,freesound_uploader_Robinhood76,foreground_bank_train
fsd50k_door_slam_05c43189,door_slam,fsd50k,freesound_uploader_LittleRainySeasons,freesound_uploader_LittleRainySeasons,foreground_bank_train
fsd50k_door_slam_0661ba9a,door_slam,fsd50k,freesound_uploader_MWLANDI,freesound_uploader_MWLANDI,foreground_bank_train
fsd50k_door_slam_066f9a76,door_slam,fsd50k,freesound_uploader_Dymewiz,freesound_uploader_Dymewiz,foreground_bank_train
fsd50k_door_slam_067d6269,door_slam,fsd50k,freesound_uploader_CastIronCarousel,freesound_uploader_CastIronCarousel,foreground_bank_train
fsd50k_door_slam_078e0a7d,door_slam,fsd50k,freesound_uploader_tlcolbe,freesound_uploader_tlcolbe,foreground_bank_train
fsd50k_door_slam_07e4e963,door_slam,fsd50k,freesound_uploader_beskhu,freesound_uploader_beskhu,foreground_bank_train
fsd50k_door_slam_083320cf,door_slam,fsd50k,freesound_uploader_smokenweewALT,freesound_uploader_smokenweewALT,foreground_bank_train
fsd50k_door_slam_09bc247f,door_slam,fsd50k,freesound_uploader_Codeine,freesound_uploader_Codeine,foreground_bank_train
fsd50k_door_slam_0cb23856,door_slam,fsd50k,freesound_uploader_dobroide,freesound_uploader_dobroide,foreground_bank_train
fsd50k_door_slam_0d62c121,door_slam,fsd50k,freesound_uploader_beskhu,freesound_uploader_beskhu,foreground_bank_train
fsd50k_door_slam_0dabf3bc,door_slam,fsd50k,freesound_uploader_Robinhood76,freesound_uploader_Robinhood76,foreground_bank_train
fsd50k_door_slam_0f0252db,door_slam,fsd50k,freesound_uploader_SoundsForHim,freesound_uploader_SoundsForHim,foreground_bank_train
fsd50k_door_slam_1142cc2c,door_slam,fsd50k,freesound_uploader_Adam_N,freesound_uploader_Adam_N,foreground_bank_train
fsd50k_door_slam_11b45099,door_slam,fsd50k,freesound_uploader_squareal,freesound_uploader_squareal,foreground_bank_train
fsd50k_door_slam_12304f58,door_slam,fsd50k,freesound_uploader_j1987,freesound_uploader_j1987,foreground_bank_train
fsd50k_door_slam_12e3b9ae,door_slam,fsd50k,freesound_uploader_lordhell666,freesound_uploader_lordhell666,foreground_bank_train
fsd50k_door_slam_12fe4e14,door_slam,fsd50k,freesound_uploader_el-bee,freesound_uploader_el-bee,foreground_bank_train
fsd50k_door_slam_1303da59,door_slam,fsd50k,freesound_uploader_beskhu,freesound_uploader_beskhu,foreground_bank_train
fsd50k_door_slam_153ee304,door_slam,fsd50k,freesound_uploader_InspectorJ,freesound_uploader_InspectorJ,foreground_bank_train
fsd50k_door_slam_158dff84,door_slam,fsd50k,freesound_uploader_beskhu,freesound_uploader_beskhu,foreground_bank_train
fsd50k_door_slam_15b8f9f9,door_slam,fsd50k,freesound_uploader_Tats14,freesound_uploader_Tats14,foreground_bank_train
fsd50k_door_slam_15fb361f,door_slam,fsd50k,freesound_uploader_beskhu,freesound_uploader_beskhu,foreground_bank_train
fsd50k_door_slam_171c94e2,door_slam,fsd50k,freesound_uploader_mparsons99,freesound_uploader_mparsons99,foreground_bank_train
fsd50k_door_slam_18019a9c,door_slam,fsd50k,freesound_uploader_beskhu,freesound_uploader_beskhu,foreground_bank_train
fsd50k_door_slam_19b3ddc0,door_slam,fsd50k,freesound_uploader_Adam_N,freesound_uploader_Adam_N,foreground_bank_train
fsd50k_door_slam_19f207c6,door_slam,fsd50k,freesound_uploader_Omar Alvarado,freesound_uploader_Omar Alvarado,foreground_bank_train
fsd50k_door_slam_1a9890c1,door_slam,fsd50k,freesound_uploader_Taira Komori,freesound_uploader_Taira Komori,foreground_bank_train
fsd50k_door_slam_1c487f9b,door_slam,fsd50k,freesound_uploader_D W,freesound_uploader_D W,foreground_bank_train
fsd50k_door_slam_1dc7bdcc,door_slam,fsd50k,freesound_uploader_XxBirdoxX,freesound_uploader_XxBirdoxX,foreground_bank_train
fsd50k_door_slam_1ed145d4,door_slam,fsd50k,freesound_uploader_bennychico11,freesound_uploader_bennychico11,foreground_bank_train
fsd50k_door_slam_1f94756e,door_slam,fsd50k,freesound_uploader_Imitatia Dei,freesound_uploader_Imitatia Dei,foreground_bank_train
fsd50k_door_slam_20bdf565,door_slam,fsd50k,freesound_uploader_daytripper,freesound_uploader_daytripper,foreground_bank_train
fsd50k_door_slam_210bb850,door_slam,fsd50k,freesound_uploader_Adam_N,freesound_uploader_Adam_N,foreground_bank_train
fsd50k_door_slam_2195e7eb,door_slam,fsd50k,freesound_uploader_SoundsForHim,freesound_uploader_SoundsForHim,foreground_bank_train
fsd50k_door_slam_225e40ad,door_slam,fsd50k,freesound_uploader_qubodup,freesound_uploader_qubodup,foreground_bank_train
fsd50k_door_slam_24632061,door_slam,fsd50k,freesound_uploader_D W,freesound_uploader_D W,foreground_bank_train
fsd50k_door_slam_253eca3d,door_slam,fsd50k,freesound_uploader_Adam_N,freesound_uploader_Adam_N,foreground_bank_train
fsd50k_door_slam_25a04a34,door_slam,fsd50k,freesound_uploader_chewiesmissus,freesound_uploader_chewiesmissus,foreground_bank_train
fsd50k_door_slam_26061e18,door_slam,fsd50k,freesound_uploader_D W,freesound_uploader_D W,foreground_bank_train
fsd50k_door_slam_26145e25,door_slam,fsd50k,freesound_uploader_JakLocke,freesound_uploader_JakLocke,foreground_bank_train
fsd50k_door_slam_27a6c38e,door_slam,fsd50k,freesound_uploader_MonkeyFacebook532,freesound_uploader_MonkeyFacebook532,foreground_bank_train
fsd50k_door_slam_27b21f1c,door_slam,fsd50k,freesound_uploader_tmc_zach,freesound_uploader_tmc_zach,foreground_bank_train
fsd50k_door_slam_27b76f80,door_slam,fsd50k,freesound_uploader_Omar Alvarado,freesound_uploader_Omar Alvarado,foreground_bank_train
fsd50k_door_slam_27f77354,door_slam,fsd50k,freesound_uploader_simpsi,freesound_uploader_simpsi,foreground_bank_train
fsd50k_door_slam_28cfb2e6,door_slam,fsd50k,freesound_uploader_Corsica_S,freesound_uploader_Corsica_S,foreground_bank_train
fsd50k_door_slam_2cff4391,door_slam,fsd50k,freesound_uploader_pschneib,freesound_uploader_pschneib,foreground_bank_train
fsd50k_door_slam_2d1bbf9d,door_slam,fsd50k,freesound_uploader_beskhu,freesound_uploader_beskhu,foreground_bank_train
fsd50k_door_slam_2d8413c5,door_slam,fsd50k,freesound_uploader_D W,freesound_uploader_D W,foreground_bank_train
fsd50k_door_slam_2df1d146,door_slam,fsd50k,freesound_uploader_Aiwha,freesound_uploader_Aiwha,foreground_bank_train
fsd50k_door_slam_30b8bb22,door_slam,fsd50k,freesound_uploader_volivieri,freesound_uploader_volivieri,foreground_bank_train
fsd50k_door_slam_31793f5b,door_slam,fsd50k,freesound_uploader_Taira Komori,freesound_uploader_Taira Komori,foreground_bank_train
fsd50k_door_slam_3201310e,door_slam,fsd50k,freesound_uploader_simpsi,freesound_uploader_simpsi,foreground_bank_train
fsd50k_door_slam_349cbb01,door_slam,fsd50k,freesound_uploader_ERH,freesound_uploader_ERH,foreground_bank_train
fsd50k_door_slam_356fd180,door_slam,fsd50k,freesound_uploader_kd_jack,freesound_uploader_kd_jack,foreground_bank_train
fsd50k_door_slam_357ede8c,door_slam,fsd50k,freesound_uploader_InspectorJ,freesound_uploader_InspectorJ,foreground_bank_train
fsd50k_door_slam_35914a2e,door_slam,fsd50k,freesound_uploader_bennstir,freesound_uploader_bennstir,foreground_bank_train
fsd50k_door_slam_35ee109c,door_slam,fsd50k,freesound_uploader_mephisto_egmont,freesound_uploader_mephisto_egmont,foreground_bank_train
fsd50k_door_slam_35f81351,door_slam,fsd50k,freesound_uploader_Tdude9000,freesound_uploader_Tdude9000,foreground_bank_train
fsd50k_door_slam_36328495,door_slam,fsd50k,freesound_uploader_beskhu,freesound_uploader_beskhu,foreground_bank_train
fsd50k_door_slam_365d7796,door_slam,fsd50k,freesound_uploader_javilondio,freesound_uploader_javilondio,foreground_bank_train
fsd50k_door_slam_378aa576,door_slam,fsd50k,freesound_uploader_bohara2000,freesound_uploader_bohara2000,foreground_bank_train
fsd50k_door_slam_38f6b608,door_slam,fsd50k,freesound_uploader_tlcolbe,freesound_uploader_tlcolbe,foreground_bank_train
fsd50k_door_slam_390c40bb,door_slam,fsd50k,freesound_uploader_beerbelly38,freesound_uploader_beerbelly38,foreground_bank_train
fsd50k_door_slam_3922c569,door_slam,fsd50k,freesound_uploader_samplecat,freesound_uploader_samplecat,foreground_bank_train
fsd50k_door_slam_394a76b5,door_slam,fsd50k,freesound_uploader_D W,freesound_uploader_D W,foreground_bank_train
fsd50k_door_slam_3a8f2549,door_slam,fsd50k,freesound_uploader_WhiteLineFever,freesound_uploader_WhiteLineFever,foreground_bank_train
fsd50k_door_slam_3bb33266,door_slam,fsd50k,freesound_uploader_InspectorJ,freesound_uploader_InspectorJ,foreground_bank_train
fsd50k_door_slam_3c17d720,door_slam,fsd50k,freesound_uploader_FairhavenCollection,freesound_uploader_FairhavenCollection,foreground_bank_train
fsd50k_door_slam_3f5a99c3,door_slam,fsd50k,freesound_uploader_Sancho82,freesound_uploader_Sancho82,foreground_bank_train
fsd50k_door_slam_40f73441,door_slam,fsd50k,freesound_uploader_zerolagtime,freesound_uploader_zerolagtime,foreground_bank_train
fsd50k_door_slam_41131ee2,door_slam,fsd50k,freesound_uploader_qubodup,freesound_uploader_qubodup,foreground_bank_train
fsd50k_door_slam_41393d29,door_slam,fsd50k,freesound_uploader_aroth4,freesound_uploader_aroth4,foreground_bank_train
fsd50k_door_slam_44988a2f,door_slam,fsd50k,freesound_uploader_fusarof,freesound_uploader_fusarof,foreground_bank_train
fsd50k_door_slam_45911c04,door_slam,fsd50k,freesound_uploader_Adam_N,freesound_uploader_Adam_N,foreground_bank_train
fsd50k_door_slam_461a1fc3,door_slam,fsd50k,freesound_uploader_qubodup,freesound_uploader_qubodup,foreground_bank_train
fsd50k_door_slam_4627373d,door_slam,fsd50k,freesound_uploader_ninebilly,freesound_uploader_ninebilly,foreground_bank_train
fsd50k_door_slam_4687990a,door_slam,fsd50k,freesound_uploader_D W,freesound_uploader_D W,foreground_bank_train
fsd50k_door_slam_48108482,door_slam,fsd50k,freesound_uploader_davidkyoku,freesound_uploader_davidkyoku,foreground_bank_train
fsd50k_door_slam_481ea788,door_slam,fsd50k,freesound_uploader_j1987,freesound_uploader_j1987,foreground_bank_train
fsd50k_door_slam_487b43d0,door_slam,fsd50k,freesound_uploader_lundgree,freesound_uploader_lundgree,foreground_bank_train
fsd50k_door_slam_489a863a,door_slam,fsd50k,freesound_uploader_Maurice_J_K,freesound_uploader_Maurice_J_K,foreground_bank_train
fsd50k_door_slam_49e91a97,door_slam,fsd50k,freesound_uploader_InspectorJ,freesound_uploader_InspectorJ,foreground_bank_train
fsd50k_door_slam_4b3bc73b,door_slam,fsd50k,freesound_uploader_bennstir,freesound_uploader_bennstir,foreground_bank_train
fsd50k_door_slam_4b60ae12,door_slam,fsd50k,freesound_uploader_MaxDemianAGL,freesound_uploader_MaxDemianAGL,foreground_bank_train
fsd50k_door_slam_4cc9da40,door_slam,fsd50k,freesound_uploader_dobroide,freesound_uploader_dobroide,foreground_bank_train
fsd50k_door_slam_4cff7b52,door_slam,fsd50k,freesound_uploader_trullilulli,freesound_uploader_trullilulli,foreground_bank_train
fsd50k_door_slam_4e08af2a,door_slam,fsd50k,freesound_uploader_13GPanska_Cihala_Vilem,freesound_uploader_13GPanska_Cihala_Vilem,foreground_bank_train
fsd50k_door_slam_4f319a41,door_slam,fsd50k,freesound_uploader_HerbertBoland,freesound_uploader_HerbertBoland,foreground_bank_train
fsd50k_door_slam_4f5ab916,door_slam,fsd50k,freesound_uploader_carroll27,freesound_uploader_carroll27,foreground_bank_train
fsd50k_door_slam_5034e5a0,door_slam,fsd50k,freesound_uploader_theshaggyfreak,freesound_uploader_theshaggyfreak,foreground_bank_train
fsd50k_door_slam_50864710,door_slam,fsd50k,freesound_uploader_beskhu,freesound_uploader_beskhu,foreground_bank_train
fsd50k_door_slam_50d0667d,door_slam,fsd50k,freesound_uploader_Taira Komori,freesound_uploader_Taira Komori,foreground_bank_train
fsd50k_door_slam_52b3f878,door_slam,fsd50k,freesound_uploader_MWLANDI,freesound_uploader_MWLANDI,foreground_bank_train
fsd50k_door_slam_53760c89,door_slam,fsd50k,freesound_uploader_beerbelly38,freesound_uploader_beerbelly38,foreground_bank_train
fsd50k_door_slam_53a58aa3,door_slam,fsd50k,freesound_uploader_HerbertBoland,freesound_uploader_HerbertBoland,foreground_bank_train
fsd50k_door_slam_55f1212a,door_slam,fsd50k,freesound_uploader_Taira Komori,freesound_uploader_Taira Komori,foreground_bank_train
fsd50k_door_slam_571d1d83,door_slam,fsd50k,freesound_uploader_D W,freesound_uploader_D W,foreground_bank_train
fsd50k_door_slam_578249f7,door_slam,fsd50k,freesound_uploader_beskhu,freesound_uploader_beskhu,foreground_bank_train
fsd50k_door_slam_57d5c4aa,door_slam,fsd50k,freesound_uploader_felipe.j,freesound_uploader_felipe.j,foreground_bank_train
fsd50k_door_slam_57e4cd75,door_slam,fsd50k,freesound_uploader_j1987,freesound_uploader_j1987,foreground_bank_train
fsd50k_door_slam_5a7fa05b,door_slam,fsd50k,freesound_uploader_D W,freesound_uploader_D W,foreground_bank_train
fsd50k_door_slam_5b28a0a6,door_slam,fsd50k,freesound_uploader_beskhu,freesound_uploader_beskhu,foreground_bank_train
fsd50k_door_slam_5b2d4c4a,door_slam,fsd50k,freesound_uploader_ChrisReierson,freesound_uploader_ChrisReierson,foreground_bank_train
fsd50k_door_slam_5c872487,door_slam,fsd50k,freesound_uploader_LG,freesound_uploader_LG,foreground_bank_train
fsd50k_door_slam_5e45d3af,door_slam,fsd50k,freesound_uploader_else_fucker,freesound_uploader_else_fucker,foreground_bank_train
fsd50k_door_slam_5f09e193,door_slam,fsd50k,freesound_uploader_vacuumfan7072,freesound_uploader_vacuumfan7072,foreground_bank_train
fsd50k_door_slam_5fae7857,door_slam,fsd50k,freesound_uploader_Omar Alvarado,freesound_uploader_Omar Alvarado,foreground_bank_train
fsd50k_door_slam_5fc4ba93,door_slam,fsd50k,freesound_uploader_smokenweewALT,freesound_uploader_smokenweewALT,foreground_bank_train
fsd50k_door_slam_5ff529d5,door_slam,fsd50k,freesound_uploader_Robinhood76,freesound_uploader_Robinhood76,foreground_bank_train
fsd50k_door_slam_601e8e9a,door_slam,fsd50k,freesound_uploader_Dymewiz,freesound_uploader_Dymewiz,foreground_bank_train
fsd50k_door_slam_60fecd93,door_slam,fsd50k,freesound_uploader_beskhu,freesound_uploader_beskhu,foreground_bank_train
fsd50k_door_slam_617d7f72,door_slam,fsd50k,freesound_uploader_Timmeh515,freesound_uploader_Timmeh515,foreground_bank_train
fsd50k_door_slam_626ef2c0,door_slam,fsd50k,freesound_uploader_GSG23,freesound_uploader_GSG23,foreground_bank_train
fsd50k_door_slam_62cbcabf,door_slam,fsd50k,freesound_uploader_Corsica_S,freesound_uploader_Corsica_S,foreground_bank_train
fsd50k_door_slam_62e5d19d,door_slam,fsd50k,freesound_uploader_csproductions,freesound_uploader_csproductions,foreground_bank_train
fsd50k_door_slam_64349284,door_slam,fsd50k,freesound_uploader_ghaelen,freesound_uploader_ghaelen,foreground_bank_train
fsd50k_door_slam_64576922,door_slam,fsd50k,freesound_uploader_theshaggyfreak,freesound_uploader_theshaggyfreak,foreground_bank_train
fsd50k_door_slam_646f715b,door_slam,fsd50k,freesound_uploader_mark646,freesound_uploader_mark646,foreground_bank_train
fsd50k_door_slam_65ee7d1f,door_slam,fsd50k,freesound_uploader_tec studios,freesound_uploader_tec studios,foreground_bank_train
fsd50k_door_slam_669d987e,door_slam,fsd50k,freesound_uploader_SoundsForHim,freesound_uploader_SoundsForHim,foreground_bank_train
fsd50k_door_slam_67016da9,door_slam,fsd50k,freesound_uploader_13FPanska_Cerny_Jan,freesound_uploader_13FPanska_Cerny_Jan,foreground_bank_train
fsd50k_door_slam_67fb65d6,door_slam,fsd50k,freesound_uploader_Lynx_5969,freesound_uploader_Lynx_5969,foreground_bank_train
fsd50k_door_slam_6845be7a,door_slam,fsd50k,freesound_uploader_aboe,freesound_uploader_aboe,foreground_bank_train
fsd50k_door_slam_6946bab0,door_slam,fsd50k,freesound_uploader_marcgp13,freesound_uploader_marcgp13,foreground_bank_train
fsd50k_door_slam_6988281d,door_slam,fsd50k,freesound_uploader_pfranzen,freesound_uploader_pfranzen,foreground_bank_train
fsd50k_door_slam_6bb99db1,door_slam,fsd50k,freesound_uploader_Taira Komori,freesound_uploader_Taira Komori,foreground_bank_train
fsd50k_door_slam_6c0cc806,door_slam,fsd50k,freesound_uploader_Lunardrive,freesound_uploader_Lunardrive,foreground_bank_train
fsd50k_door_slam_6d3a2366,door_slam,fsd50k,freesound_uploader_locontrario23,freesound_uploader_locontrario23,foreground_bank_train
fsd50k_door_slam_6dccf42e,door_slam,fsd50k,freesound_uploader_Adam_N,freesound_uploader_Adam_N,foreground_bank_train
fsd50k_door_slam_6ff8c231,door_slam,fsd50k,freesound_uploader_pfranzen,freesound_uploader_pfranzen,foreground_bank_train
fsd50k_door_slam_70cf7f38,door_slam,fsd50k,freesound_uploader_XxBirdoxX,freesound_uploader_XxBirdoxX,foreground_bank_train
fsd50k_door_slam_7123dec7,door_slam,fsd50k,freesound_uploader_MaxDemianAGL,freesound_uploader_MaxDemianAGL,foreground_bank_train
fsd50k_door_slam_713cb396,door_slam,fsd50k,freesound_uploader_djtiii,freesound_uploader_djtiii,foreground_bank_train
fsd50k_door_slam_71fb07f4,door_slam,fsd50k,freesound_uploader_Otakua,freesound_uploader_Otakua,foreground_bank_train
fsd50k_door_slam_741e783b,door_slam,fsd50k,freesound_uploader_Corsica_S,freesound_uploader_Corsica_S,foreground_bank_train
fsd50k_door_slam_75470bbf,door_slam,fsd50k,freesound_uploader_sjturia,freesound_uploader_sjturia,foreground_bank_train
fsd50k_door_slam_75c51ae5,door_slam,fsd50k,freesound_uploader_theshaggyfreak,freesound_uploader_theshaggyfreak,foreground_bank_train
fsd50k_door_slam_761a9b7a,door_slam,fsd50k,freesound_uploader_mparsons99,freesound_uploader_mparsons99,foreground_bank_train
fsd50k_door_slam_786bda3b,door_slam,fsd50k,freesound_uploader_Taira Komori,freesound_uploader_Taira Komori,foreground_bank_train
fsd50k_door_slam_78f606a5,door_slam,fsd50k,freesound_uploader_cosmodust,freesound_uploader_cosmodust,foreground_bank_train
fsd50k_door_slam_79458390,door_slam,fsd50k,freesound_uploader_Aiwha,freesound_uploader_Aiwha,foreground_bank_train
fsd50k_door_slam_7aca341b,door_slam,fsd50k,freesound_uploader_Aiyumi,freesound_uploader_Aiyumi,foreground_bank_train
fsd50k_door_slam_7b491ad1,door_slam,fsd50k,freesound_uploader_jasinski,freesound_uploader_jasinski,foreground_bank_train
fsd50k_door_slam_7be6247a,door_slam,fsd50k,freesound_uploader_chewiesmissus,freesound_uploader_chewiesmissus,foreground_bank_train
fsd50k_door_slam_7c8f4c64,door_slam,fsd50k,freesound_uploader_sjturia,freesound_uploader_sjturia,foreground_bank_train
fsd50k_door_slam_7d70aad7,door_slam,fsd50k,freesound_uploader_D W,freesound_uploader_D W,foreground_bank_train
fsd50k_door_slam_7ec63f4e,door_slam,fsd50k,freesound_uploader_MWLANDI,freesound_uploader_MWLANDI,foreground_bank_train
fsd50k_door_slam_7f43d4d1,door_slam,fsd50k,freesound_uploader_xDimebagx,freesound_uploader_xDimebagx,foreground_bank_train
fsd50k_door_slam_7f6b9c10,door_slam,fsd50k,freesound_uploader_Robinhood76,freesound_uploader_Robinhood76,foreground_bank_train
fsd50k_door_slam_7fe46e78,door_slam,fsd50k,freesound_uploader_MWLANDI,freesound_uploader_MWLANDI,foreground_bank_train
fsd50k_door_slam_809260b5,door_slam,fsd50k,freesound_uploader_trullilulli,freesound_uploader_trullilulli,foreground_bank_train
fsd50k_door_slam_81f090ee,door_slam,fsd50k,freesound_uploader_JarredGibb,freesound_uploader_JarredGibb,foreground_bank_train
fsd50k_door_slam_82955d7b,door_slam,fsd50k,freesound_uploader_corpocracy,freesound_uploader_corpocracy,foreground_bank_train
fsd50k_door_slam_82cfed9d,door_slam,fsd50k,freesound_uploader_aboe,freesound_uploader_aboe,foreground_bank_train
fsd50k_door_slam_83a597f5,door_slam,fsd50k,freesound_uploader_Petejd13,freesound_uploader_Petejd13,foreground_bank_train
fsd50k_door_slam_83a8fc5d,door_slam,fsd50k,freesound_uploader_18hiltc,freesound_uploader_18hiltc,foreground_bank_train
fsd50k_door_slam_8467845f,door_slam,fsd50k,freesound_uploader_lewis100011,freesound_uploader_lewis100011,foreground_bank_train
fsd50k_door_slam_84816f6a,door_slam,fsd50k,freesound_uploader_univ_lyon3,freesound_uploader_univ_lyon3,foreground_bank_train
fsd50k_door_slam_84bdd0aa,door_slam,fsd50k,freesound_uploader_skyumori,freesound_uploader_skyumori,foreground_bank_train
fsd50k_door_slam_855b6270,door_slam,fsd50k,freesound_uploader_h0_x,freesound_uploader_h0_x,foreground_bank_train
fsd50k_door_slam_85a7ed1a,door_slam,fsd50k,freesound_uploader_primeval_polypod,freesound_uploader_primeval_polypod,foreground_bank_train
fsd50k_door_slam_87dc57b2,door_slam,fsd50k,freesound_uploader_supersnd,freesound_uploader_supersnd,foreground_bank_train
fsd50k_door_slam_8cf1ce0e,door_slam,fsd50k,freesound_uploader_mikaelfernstrom,freesound_uploader_mikaelfernstrom,foreground_bank_train
fsd50k_door_slam_8e07f9b5,door_slam,fsd50k,freesound_uploader_AndrewAlexander,freesound_uploader_AndrewAlexander,foreground_bank_train
fsd50k_door_slam_8e799573,door_slam,fsd50k,freesound_uploader_lucky13ee,freesound_uploader_lucky13ee,foreground_bank_train
fsd50k_door_slam_8fbf8993,door_slam,fsd50k,freesound_uploader_Adam_N,freesound_uploader_Adam_N,foreground_bank_train
fsd50k_door_slam_8fcf194d,door_slam,fsd50k,freesound_uploader_beskhu,freesound_uploader_beskhu,foreground_bank_train
fsd50k_door_slam_912e41ac,door_slam,fsd50k,freesound_uploader_Timmeh515,freesound_uploader_Timmeh515,foreground_bank_train
fsd50k_door_slam_92878f93,door_slam,fsd50k,freesound_uploader_VeronicaStratton,freesound_uploader_VeronicaStratton,foreground_bank_train
fsd50k_door_slam_93729a61,door_slam,fsd50k,freesound_uploader_beskhu,freesound_uploader_beskhu,foreground_bank_train
fsd50k_door_slam_93a32130,door_slam,fsd50k,freesound_uploader_mparsons99,freesound_uploader_mparsons99,foreground_bank_train
fsd50k_door_slam_947f21c9,door_slam,fsd50k,freesound_uploader_meisterjaan,freesound_uploader_meisterjaan,foreground_bank_train
fsd50k_door_slam_94b6f1c3,door_slam,fsd50k,freesound_uploader_NicoTech,freesound_uploader_NicoTech,foreground_bank_train
fsd50k_door_slam_95cebb55,door_slam,fsd50k,freesound_uploader_krnash,freesound_uploader_krnash,foreground_bank_train
fsd50k_door_slam_95e5c911,door_slam,fsd50k,freesound_uploader_ghaelen,freesound_uploader_ghaelen,foreground_bank_train
fsd50k_door_slam_96a31e45,door_slam,fsd50k,freesound_uploader_AlexanderChe,freesound_uploader_AlexanderChe,foreground_bank_train
fsd50k_door_slam_97ef7404,door_slam,fsd50k,freesound_uploader_smokenweewALT,freesound_uploader_smokenweewALT,foreground_bank_train
fsd50k_door_slam_98392fda,door_slam,fsd50k,freesound_uploader_mparsons99,freesound_uploader_mparsons99,foreground_bank_train
fsd50k_door_slam_9856bdff,door_slam,fsd50k,freesound_uploader_RutgerMuller,freesound_uploader_RutgerMuller,foreground_bank_train
fsd50k_door_slam_999735e4,door_slam,fsd50k,freesound_uploader_bcimmet,freesound_uploader_bcimmet,foreground_bank_train
fsd50k_door_slam_9cfa1417,door_slam,fsd50k,freesound_uploader_LG,freesound_uploader_LG,foreground_bank_train
fsd50k_door_slam_9d03508a,door_slam,fsd50k,freesound_uploader_pgonsilva,freesound_uploader_pgonsilva,foreground_bank_train
fsd50k_door_slam_9d764d7a,door_slam,fsd50k,freesound_uploader_MWLANDI,freesound_uploader_MWLANDI,foreground_bank_train
fsd50k_door_slam_9f9f782d,door_slam,fsd50k,freesound_uploader_beskhu,freesound_uploader_beskhu,foreground_bank_train
fsd50k_door_slam_a1c43c5a,door_slam,fsd50k,freesound_uploader_Taira Komori,freesound_uploader_Taira Komori,foreground_bank_train
fsd50k_door_slam_a3e33185,door_slam,fsd50k,freesound_uploader_Adam_N,freesound_uploader_Adam_N,foreground_bank_train
fsd50k_door_slam_a4bc57d2,door_slam,fsd50k,freesound_uploader_Dymewiz,freesound_uploader_Dymewiz,foreground_bank_train
fsd50k_door_slam_a57f1d76,door_slam,fsd50k,freesound_uploader_KeyKrusher,freesound_uploader_KeyKrusher,foreground_bank_train
fsd50k_door_slam_a676dd2e,door_slam,fsd50k,freesound_uploader_Timmeh515,freesound_uploader_Timmeh515,foreground_bank_train
fsd50k_door_slam_a67f1b23,door_slam,fsd50k,freesound_uploader_DJ Burnham,freesound_uploader_DJ Burnham,foreground_bank_train
fsd50k_door_slam_a8900a67,door_slam,fsd50k,freesound_uploader_ashleyxxpiano,freesound_uploader_ashleyxxpiano,foreground_bank_train
fsd50k_door_slam_a94b5b6f,door_slam,fsd50k,freesound_uploader_Benboncan,freesound_uploader_Benboncan,foreground_bank_train
fsd50k_door_slam_a9bbb038,door_slam,fsd50k,freesound_uploader_CastIronCarousel,freesound_uploader_CastIronCarousel,foreground_bank_train
fsd50k_door_slam_a9e46ffe,door_slam,fsd50k,freesound_uploader_ryancacophony,freesound_uploader_ryancacophony,foreground_bank_train
fsd50k_door_slam_a9fc76d5,door_slam,fsd50k,freesound_uploader_MWLANDI,freesound_uploader_MWLANDI,foreground_bank_train
fsd50k_door_slam_aa2ee201,door_slam,fsd50k,freesound_uploader_1477491,freesound_uploader_1477491,foreground_bank_train
fsd50k_door_slam_ab24a87a,door_slam,fsd50k,freesound_uploader_beskhu,freesound_uploader_beskhu,foreground_bank_train
fsd50k_door_slam_ad106309,door_slam,fsd50k,freesound_uploader_felipe.j,freesound_uploader_felipe.j,foreground_bank_train
fsd50k_door_slam_ad3a86b2,door_slam,fsd50k,freesound_uploader_RutgerMuller,freesound_uploader_RutgerMuller,foreground_bank_train
fsd50k_door_slam_ad904e27,door_slam,fsd50k,freesound_uploader_jorickhoofd,freesound_uploader_jorickhoofd,foreground_bank_train
fsd50k_door_slam_ae564da3,door_slam,fsd50k,freesound_uploader_D W,freesound_uploader_D W,foreground_bank_train
fsd50k_door_slam_ae914302,door_slam,fsd50k,freesound_uploader_beetleyourstrulynever,freesound_uploader_beetleyourstrulynever,foreground_bank_train
fsd50k_door_slam_af7e2665,door_slam,fsd50k,freesound_uploader_chrillz3r,freesound_uploader_chrillz3r,foreground_bank_train
fsd50k_door_slam_afb86622,door_slam,fsd50k,freesound_uploader_SoundsForHim,freesound_uploader_SoundsForHim,foreground_bank_train
fsd50k_door_slam_b0dc66c9,door_slam,fsd50k,freesound_uploader_pointparkcinema,freesound_uploader_pointparkcinema,foreground_bank_train
fsd50k_door_slam_b1fc57d2,door_slam,fsd50k,freesound_uploader_Dinsfire,freesound_uploader_Dinsfire,foreground_bank_train
fsd50k_door_slam_b3042aa6,door_slam,fsd50k,freesound_uploader_SoundsForHim,freesound_uploader_SoundsForHim,foreground_bank_train
fsd50k_door_slam_b30eac7f,door_slam,fsd50k,freesound_uploader_vacuumfan7072,freesound_uploader_vacuumfan7072,foreground_bank_train
fsd50k_door_slam_b4710847,door_slam,fsd50k,freesound_uploader_ridder7,freesound_uploader_ridder7,foreground_bank_train
fsd50k_door_slam_b6229eba,door_slam,fsd50k,freesound_uploader_gabisaraceni,freesound_uploader_gabisaraceni,foreground_bank_train
fsd50k_door_slam_b6b52d63,door_slam,fsd50k,freesound_uploader_Taira Komori,freesound_uploader_Taira Komori,foreground_bank_train
fsd50k_door_slam_b6eecb34,door_slam,fsd50k,freesound_uploader_ramas26,freesound_uploader_ramas26,foreground_bank_train
fsd50k_door_slam_b7538b23,door_slam,fsd50k,freesound_uploader_Juandamb,freesound_uploader_Juandamb,foreground_bank_train
fsd50k_door_slam_bac31e5f,door_slam,fsd50k,freesound_uploader_mparsons99,freesound_uploader_mparsons99,foreground_bank_train
fsd50k_door_slam_bbf20f12,door_slam,fsd50k,freesound_uploader_lefthandwinnie,freesound_uploader_lefthandwinnie,foreground_bank_train
fsd50k_door_slam_bc113e45,door_slam,fsd50k,freesound_uploader_Adam_N,freesound_uploader_Adam_N,foreground_bank_train
fsd50k_door_slam_bc51351e,door_slam,fsd50k,freesound_uploader_FreqMan,freesound_uploader_FreqMan,foreground_bank_train
fsd50k_door_slam_bd2bd894,door_slam,fsd50k,freesound_uploader_D W,freesound_uploader_D W,foreground_bank_train
fsd50k_door_slam_bd68659a,door_slam,fsd50k,freesound_uploader_csproductions,freesound_uploader_csproductions,foreground_bank_train
fsd50k_door_slam_be323d35,door_slam,fsd50k,freesound_uploader_Omar Alvarado,freesound_uploader_Omar Alvarado,foreground_bank_train
fsd50k_door_slam_be3a69c3,door_slam,fsd50k,freesound_uploader_loofa,freesound_uploader_loofa,foreground_bank_train
fsd50k_door_slam_bf20914c,door_slam,fsd50k,freesound_uploader_plittledale,freesound_uploader_plittledale,foreground_bank_train
fsd50k_door_slam_c043101d,door_slam,fsd50k,freesound_uploader_baujahr66,freesound_uploader_baujahr66,foreground_bank_train
fsd50k_door_slam_c139fc17,door_slam,fsd50k,freesound_uploader_Areti18,freesound_uploader_Areti18,foreground_bank_train
fsd50k_door_slam_c272fd39,door_slam,fsd50k,freesound_uploader_18hiltc,freesound_uploader_18hiltc,foreground_bank_train
fsd50k_door_slam_c48f03e8,door_slam,fsd50k,freesound_uploader_Corsica_S,freesound_uploader_Corsica_S,foreground_bank_train
fsd50k_door_slam_c59d1731,door_slam,fsd50k,freesound_uploader_volivieri,freesound_uploader_volivieri,foreground_bank_train
fsd50k_door_slam_c62137e7,door_slam,fsd50k,freesound_uploader_amorralteixe,freesound_uploader_amorralteixe,foreground_bank_train
fsd50k_door_slam_c715bc2f,door_slam,fsd50k,freesound_uploader_Corsica_S,freesound_uploader_Corsica_S,foreground_bank_train
fsd50k_door_slam_c8483df8,door_slam,fsd50k,freesound_uploader_mark646,freesound_uploader_mark646,foreground_bank_train
fsd50k_door_slam_c915b6a4,door_slam,fsd50k,freesound_uploader_rambler52,freesound_uploader_rambler52,foreground_bank_train
fsd50k_door_slam_c940c64e,door_slam,fsd50k,freesound_uploader_a-row,freesound_uploader_a-row,foreground_bank_train
fsd50k_door_slam_cac0590b,door_slam,fsd50k,freesound_uploader_vacuumfan7072,freesound_uploader_vacuumfan7072,foreground_bank_train
fsd50k_door_slam_cb188509,door_slam,fsd50k,freesound_uploader_Jbricker1997,freesound_uploader_Jbricker1997,foreground_bank_train
fsd50k_door_slam_cb466b87,door_slam,fsd50k,freesound_uploader_Robinhood76,freesound_uploader_Robinhood76,foreground_bank_train
fsd50k_door_slam_cd693745,door_slam,fsd50k,freesound_uploader_Terry93D,freesound_uploader_Terry93D,foreground_bank_train
fsd50k_door_slam_ce76faaa,door_slam,fsd50k,freesound_uploader_Omar Alvarado,freesound_uploader_Omar Alvarado,foreground_bank_train
fsd50k_door_slam_ced26757,door_slam,fsd50k,freesound_uploader_csproductions,freesound_uploader_csproductions,foreground_bank_train
fsd50k_door_slam_d01ca35a,door_slam,fsd50k,freesound_uploader_HerbertBoland,freesound_uploader_HerbertBoland,foreground_bank_train
fsd50k_door_slam_d0576e6d,door_slam,fsd50k,freesound_uploader_Amphibio,freesound_uploader_Amphibio,foreground_bank_train
fsd50k_door_slam_d0989e56,door_slam,fsd50k,freesound_uploader_pbharri,freesound_uploader_pbharri,foreground_bank_train
fsd50k_door_slam_d1992a30,door_slam,fsd50k,freesound_uploader_mark646,freesound_uploader_mark646,foreground_bank_train
fsd50k_door_slam_d1bc5cf8,door_slam,fsd50k,freesound_uploader_jankooiker,freesound_uploader_jankooiker,foreground_bank_train
fsd50k_door_slam_d1d7a18a,door_slam,fsd50k,freesound_uploader_Taira Komori,freesound_uploader_Taira Komori,foreground_bank_train
fsd50k_door_slam_d3f5510c,door_slam,fsd50k,freesound_uploader_mark646,freesound_uploader_mark646,foreground_bank_train
fsd50k_door_slam_d54dd4e5,door_slam,fsd50k,freesound_uploader_mlestn1,freesound_uploader_mlestn1,foreground_bank_train
fsd50k_door_slam_d7e1d853,door_slam,fsd50k,freesound_uploader_Omar Alvarado,freesound_uploader_Omar Alvarado,foreground_bank_train
fsd50k_door_slam_d7f854d1,door_slam,fsd50k,freesound_uploader_beskhu,freesound_uploader_beskhu,foreground_bank_train
fsd50k_door_slam_d858cd3b,door_slam,fsd50k,freesound_uploader_13FPanska_Cerny_Jan,freesound_uploader_13FPanska_Cerny_Jan,foreground_bank_train
fsd50k_door_slam_d87823f9,door_slam,fsd50k,freesound_uploader_argos22,freesound_uploader_argos22,foreground_bank_train
fsd50k_door_slam_d994fd8c,door_slam,fsd50k,freesound_uploader_aleixcm,freesound_uploader_aleixcm,foreground_bank_train
fsd50k_door_slam_d9a89d06,door_slam,fsd50k,freesound_uploader_EdgardEdition,freesound_uploader_EdgardEdition,foreground_bank_train
fsd50k_door_slam_da12aac6,door_slam,fsd50k,freesound_uploader_jorickhoofd,freesound_uploader_jorickhoofd,foreground_bank_train
fsd50k_door_slam_da29012c,door_slam,fsd50k,freesound_uploader_HerbertBoland,freesound_uploader_HerbertBoland,foreground_bank_train
fsd50k_door_slam_db30e39f,door_slam,fsd50k,freesound_uploader_Adam_N,freesound_uploader_Adam_N,foreground_bank_train
fsd50k_door_slam_db5fddcb,door_slam,fsd50k,freesound_uploader_theshaggyfreak,freesound_uploader_theshaggyfreak,foreground_bank_train
fsd50k_door_slam_dbd678ac,door_slam,fsd50k,freesound_uploader_growlerr,freesound_uploader_growlerr,foreground_bank_train
fsd50k_door_slam_ddae18f9,door_slam,fsd50k,freesound_uploader_beskhu,freesound_uploader_beskhu,foreground_bank_train
fsd50k_door_slam_de92e8d5,door_slam,fsd50k,freesound_uploader_Timmeh515,freesound_uploader_Timmeh515,foreground_bank_train
fsd50k_door_slam_de9930c5,door_slam,fsd50k,freesound_uploader_Tdude9000,freesound_uploader_Tdude9000,foreground_bank_train
fsd50k_door_slam_de9f74c8,door_slam,fsd50k,freesound_uploader_sjturia,freesound_uploader_sjturia,foreground_bank_train
fsd50k_door_slam_dec3f61e,door_slam,fsd50k,freesound_uploader_magedu,freesound_uploader_magedu,foreground_bank_train
fsd50k_door_slam_def5f543,door_slam,fsd50k,freesound_uploader_Omar Alvarado,freesound_uploader_Omar Alvarado,foreground_bank_train
fsd50k_door_slam_e043be21,door_slam,fsd50k,freesound_uploader_patchen,freesound_uploader_patchen,foreground_bank_train
fsd50k_door_slam_e18e5c61,door_slam,fsd50k,freesound_uploader_Kodack,freesound_uploader_Kodack,foreground_bank_train
fsd50k_door_slam_e300611e,door_slam,fsd50k,freesound_uploader_Adam_N,freesound_uploader_Adam_N,foreground_bank_train
fsd50k_door_slam_e3950ff2,door_slam,fsd50k,freesound_uploader_Adam_N,freesound_uploader_Adam_N,foreground_bank_train
fsd50k_door_slam_e44a7390,door_slam,fsd50k,freesound_uploader_sKydran,freesound_uploader_sKydran,foreground_bank_train
fsd50k_door_slam_e4963776,door_slam,fsd50k,freesound_uploader_theshaggyfreak,freesound_uploader_theshaggyfreak,foreground_bank_train
fsd50k_door_slam_e55bb2ad,door_slam,fsd50k,freesound_uploader_Terry93D,freesound_uploader_Terry93D,foreground_bank_train
fsd50k_door_slam_e658a855,door_slam,fsd50k,freesound_uploader_Adam_N,freesound_uploader_Adam_N,foreground_bank_train
fsd50k_door_slam_e9711b84,door_slam,fsd50k,freesound_uploader_jasinski,freesound_uploader_jasinski,foreground_bank_train
fsd50k_door_slam_e99f330b,door_slam,fsd50k,freesound_uploader_ripper351,freesound_uploader_ripper351,foreground_bank_train
fsd50k_door_slam_e9cd85a6,door_slam,fsd50k,freesound_uploader_dobroide,freesound_uploader_dobroide,foreground_bank_train
fsd50k_door_slam_ebda5c49,door_slam,fsd50k,freesound_uploader_Dizzy Banjo,freesound_uploader_Dizzy Banjo,foreground_bank_train
fsd50k_door_slam_edd6889a,door_slam,fsd50k,freesound_uploader_dobroide,freesound_uploader_dobroide,foreground_bank_train
fsd50k_door_slam_efd73a82,door_slam,fsd50k,freesound_uploader_InishBushka,freesound_uploader_InishBushka,foreground_bank_train
fsd50k_door_slam_f0ac98a1,door_slam,fsd50k,freesound_uploader_SamuelGremaud,freesound_uploader_SamuelGremaud,foreground_bank_train
fsd50k_door_slam_f1b19f13,door_slam,fsd50k,freesound_uploader_bennstir,freesound_uploader_bennstir,foreground_bank_train
fsd50k_door_slam_f2479fff,door_slam,fsd50k,freesound_uploader_mikaelfernstrom,freesound_uploader_mikaelfernstrom,foreground_bank_train
fsd50k_door_slam_f24ddaf7,door_slam,fsd50k,freesound_uploader_ERH,freesound_uploader_ERH,foreground_bank_train
fsd50k_door_slam_f2da0dbb,door_slam,fsd50k,freesound_uploader_YleArkisto,freesound_uploader_YleArkisto,foreground_bank_train
fsd50k_door_slam_f427ab89,door_slam,fsd50k,freesound_uploader_SoundsForHim,freesound_uploader_SoundsForHim,foreground_bank_train
fsd50k_door_slam_f50d4a80,door_slam,fsd50k,freesound_uploader_CGEffex,freesound_uploader_CGEffex,foreground_bank_train
fsd50k_door_slam_f5948c4c,door_slam,fsd50k,freesound_uploader_Otakua,freesound_uploader_Otakua,foreground_bank_train
fsd50k_door_slam_f685d85d,door_slam,fsd50k,freesound_uploader_MWLANDI,freesound_uploader_MWLANDI,foreground_bank_train
fsd50k_door_slam_f9389cbb,door_slam,fsd50k,freesound_uploader_Omar Alvarado,freesound_uploader_Omar Alvarado,foreground_bank_train
fsd50k_door_slam_fa0ad168,door_slam,fsd50k,freesound_uploader_aboe,freesound_uploader_aboe,foreground_bank_train
fsd50k_door_slam_fa405ba3,door_slam,fsd50k,freesound_uploader_LG,freesound_uploader_LG,foreground_bank_train
fsd50k_door_slam_fa6c08fe,door_slam,fsd50k,freesound_uploader_nikviolinist97,freesound_uploader_nikviolinist97,foreground_bank_train
fsd50k_door_slam_fab32298,door_slam,fsd50k,freesound_uploader_Robinhood76,freesound_uploader_Robinhood76,foreground_bank_train
fsd50k_door_slam_fb638091,door_slam,fsd50k,freesound_uploader_AcousticMemory,freesound_uploader_AcousticMemory,foreground_bank_train
fsd50k_door_slam_fc13404e,door_slam,fsd50k,freesound_uploader_EdgardEdition,freesound_uploader_EdgardEdition,foreground_bank_train
fsd50k_door_slam_fc5189b8,door_slam,fsd50k,freesound_uploader_kyles,freesound_uploader_kyles,foreground_bank_train
fsd50k_door_slam_fe4b6f56,door_slam,fsd50k,freesound_uploader_Ryding,freesound_uploader_Ryding,foreground_bank_train
fsd50k_door_slam_ff58e43f,door_slam,fsd50k,freesound_uploader_Lau7,freesound_uploader_Lau7,foreground_bank_train
fsd50k_explosion_01f164d0,explosion,fsd50k,freesound_uploader_Klerrp,freesound_uploader_Klerrp,foreground_bank_train
fsd50k_explosion_03e699d1,explosion,fsd50k,freesound_uploader_SuperPhat,freesound_uploader_SuperPhat,foreground_bank_train
fsd50k_explosion_0516aca8,explosion,fsd50k,freesound_uploader_ljudman,freesound_uploader_ljudman,foreground_bank_train
fsd50k_explosion_0649f349,explosion,fsd50k,freesound_uploader_cydon,freesound_uploader_cydon,foreground_bank_train
fsd50k_explosion_092afa93,explosion,fsd50k,freesound_uploader_plamdi1,freesound_uploader_plamdi1,foreground_bank_train
fsd50k_explosion_09491395,explosion,fsd50k,freesound_uploader_hoffy1138,freesound_uploader_hoffy1138,foreground_bank_train
fsd50k_explosion_0cc6a779,explosion,fsd50k,freesound_uploader_Veiler,freesound_uploader_Veiler,foreground_bank_train
fsd50k_explosion_0d232f96,explosion,fsd50k,freesound_uploader_jobro,freesound_uploader_jobro,foreground_bank_train
fsd50k_explosion_13d3c969,explosion,fsd50k,freesound_uploader_liorcali,freesound_uploader_liorcali,foreground_bank_train
fsd50k_explosion_1dfaa0f2,explosion,fsd50k,freesound_uploader_FxKid2,freesound_uploader_FxKid2,foreground_bank_train
fsd50k_explosion_1fe77bbb,explosion,fsd50k,freesound_uploader_Nbs Dark,freesound_uploader_Nbs Dark,foreground_bank_train
fsd50k_explosion_229abb57,explosion,fsd50k,freesound_uploader_zimbot,freesound_uploader_zimbot,foreground_bank_train
fsd50k_explosion_2c47bc16,explosion,fsd50k,freesound_uploader_Klerrp,freesound_uploader_Klerrp,foreground_bank_train
fsd50k_explosion_2e34314f,explosion,fsd50k,freesound_uploader_Omar Alvarado,freesound_uploader_Omar Alvarado,foreground_bank_train
fsd50k_explosion_36b2d9b7,explosion,fsd50k,freesound_uploader_CGEffex,freesound_uploader_CGEffex,foreground_bank_train
fsd50k_explosion_38791e56,explosion,fsd50k,freesound_uploader_MusicLegends,freesound_uploader_MusicLegends,foreground_bank_train
fsd50k_explosion_3a6e08d6,explosion,fsd50k,freesound_uploader_Klerrp,freesound_uploader_Klerrp,foreground_bank_train
fsd50k_explosion_3c1cc8bc,explosion,fsd50k,freesound_uploader_ggctuk,freesound_uploader_ggctuk,foreground_bank_train
fsd50k_explosion_3ce68787,explosion,fsd50k,freesound_uploader_Taira Komori,freesound_uploader_Taira Komori,foreground_bank_train
fsd50k_explosion_422de6f6,explosion,fsd50k,freesound_uploader_RSilveira_88,freesound_uploader_RSilveira_88,foreground_bank_train
fsd50k_explosion_4a78cb96,explosion,fsd50k,freesound_uploader_benjaminharveydesign,freesound_uploader_benjaminharveydesign,foreground_bank_train
fsd50k_explosion_4b08710f,explosion,fsd50k,freesound_uploader_jobro,freesound_uploader_jobro,foreground_bank_train
fsd50k_explosion_4bd6c25c,explosion,fsd50k,freesound_uploader_morganpurkis,freesound_uploader_morganpurkis,foreground_bank_train
fsd50k_explosion_4c051381,explosion,fsd50k,freesound_uploader_cydon,freesound_uploader_cydon,foreground_bank_train
fsd50k_explosion_4c681236,explosion,fsd50k,freesound_uploader_jonccox,freesound_uploader_jonccox,foreground_bank_train
fsd50k_explosion_4d1d9740,explosion,fsd50k,freesound_uploader_jobro,freesound_uploader_jobro,foreground_bank_train
fsd50k_explosion_4d9d0e4e,explosion,fsd50k,freesound_uploader_Klerrp,freesound_uploader_Klerrp,foreground_bank_train
fsd50k_explosion_508dd7c8,explosion,fsd50k,freesound_uploader_Battlesounds,freesound_uploader_Battlesounds,foreground_bank_train
fsd50k_explosion_51c20a2d,explosion,fsd50k,freesound_uploader_CLaforet,freesound_uploader_CLaforet,foreground_bank_train
fsd50k_explosion_524ddf5a,explosion,fsd50k,freesound_uploader_qubodup,freesound_uploader_qubodup,foreground_bank_train
fsd50k_explosion_57f90970,explosion,fsd50k,freesound_uploader_qubodup,freesound_uploader_qubodup,foreground_bank_train
fsd50k_explosion_5e6ad479,explosion,fsd50k,freesound_uploader_cydon,freesound_uploader_cydon,foreground_bank_train
fsd50k_explosion_60ebe589,explosion,fsd50k,freesound_uploader_cydon,freesound_uploader_cydon,foreground_bank_train
fsd50k_explosion_65eab0fc,explosion,fsd50k,freesound_uploader_qubodup,freesound_uploader_qubodup,foreground_bank_train
fsd50k_explosion_6cab6f55,explosion,fsd50k,freesound_uploader_YleArkisto,freesound_uploader_YleArkisto,foreground_bank_train
fsd50k_explosion_6da3f802,explosion,fsd50k,freesound_uploader_qubodup,freesound_uploader_qubodup,foreground_bank_train
fsd50k_explosion_7803697b,explosion,fsd50k,freesound_uploader_qubodup,freesound_uploader_qubodup,foreground_bank_train
fsd50k_explosion_794e5c5d,explosion,fsd50k,freesound_uploader_Benboncan,freesound_uploader_Benboncan,foreground_bank_train
fsd50k_explosion_7cff971c,explosion,fsd50k,freesound_uploader_qubodup,freesound_uploader_qubodup,foreground_bank_train
fsd50k_explosion_83343688,explosion,fsd50k,freesound_uploader_NoiseCollector,freesound_uploader_NoiseCollector,foreground_bank_train
fsd50k_explosion_8444f03f,explosion,fsd50k,freesound_uploader_YleArkisto,freesound_uploader_YleArkisto,foreground_bank_train
fsd50k_explosion_84a39f14,explosion,fsd50k,freesound_uploader_Robinhood76,freesound_uploader_Robinhood76,foreground_bank_train
fsd50k_explosion_8bff52d5,explosion,fsd50k,freesound_uploader_qubodup,freesound_uploader_qubodup,foreground_bank_train
fsd50k_explosion_9152a677,explosion,fsd50k,freesound_uploader_SuperPhat,freesound_uploader_SuperPhat,foreground_bank_train
fsd50k_explosion_93037d76,explosion,fsd50k,freesound_uploader_Tazy,freesound_uploader_Tazy,foreground_bank_train
fsd50k_explosion_9a463f63,explosion,fsd50k,freesound_uploader_cydon,freesound_uploader_cydon,foreground_bank_train
fsd50k_explosion_9de65e46,explosion,fsd50k,freesound_uploader_josecruz98,freesound_uploader_josecruz98,foreground_bank_train
fsd50k_explosion_a122e2f5,explosion,fsd50k,freesound_uploader_inferno,freesound_uploader_inferno,foreground_bank_train
fsd50k_explosion_a1c30530,explosion,fsd50k,freesound_uploader_NoiseCollector,freesound_uploader_NoiseCollector,foreground_bank_train
fsd50k_explosion_a40cee22,explosion,fsd50k,freesound_uploader_Cyberios,freesound_uploader_Cyberios,foreground_bank_train
fsd50k_explosion_a5bc134a,explosion,fsd50k,freesound_uploader_mensageirocs,freesound_uploader_mensageirocs,foreground_bank_train
fsd50k_explosion_aaec3c21,explosion,fsd50k,freesound_uploader_Hugofski,freesound_uploader_Hugofski,foreground_bank_train
fsd50k_explosion_ab0ee238,explosion,fsd50k,freesound_uploader_AcousticMemory,freesound_uploader_AcousticMemory,foreground_bank_train
fsd50k_explosion_ae3d3bea,explosion,fsd50k,freesound_uploader_Bykgames,freesound_uploader_Bykgames,foreground_bank_train
fsd50k_explosion_b00b49b4,explosion,fsd50k,freesound_uploader_Jomprate,freesound_uploader_Jomprate,foreground_bank_train
fsd50k_explosion_b01ad101,explosion,fsd50k,freesound_uploader_Nanashi,freesound_uploader_Nanashi,foreground_bank_train
fsd50k_explosion_b3c54f0f,explosion,fsd50k,freesound_uploader_RSilveira_88,freesound_uploader_RSilveira_88,foreground_bank_train
fsd50k_explosion_b4359562,explosion,fsd50k,freesound_uploader_ggctuk,freesound_uploader_ggctuk,foreground_bank_train
fsd50k_explosion_b98a875f,explosion,fsd50k,freesound_uploader_RSilveira_88,freesound_uploader_RSilveira_88,foreground_bank_train
fsd50k_explosion_beb1f389,explosion,fsd50k,freesound_uploader_qubodup,freesound_uploader_qubodup,foreground_bank_train
fsd50k_explosion_bfd38bb5,explosion,fsd50k,freesound_uploader_Omar Alvarado,freesound_uploader_Omar Alvarado,foreground_bank_train
fsd50k_explosion_c7535059,explosion,fsd50k,freesound_uploader_parnellij,freesound_uploader_parnellij,foreground_bank_train
fsd50k_explosion_c92a6141,explosion,fsd50k,freesound_uploader_qubodup,freesound_uploader_qubodup,foreground_bank_train
fsd50k_explosion_cbf03c36,explosion,fsd50k,freesound_uploader_YleArkisto,freesound_uploader_YleArkisto,foreground_bank_train
fsd50k_explosion_cc809249,explosion,fsd50k,freesound_uploader_CGEffex,freesound_uploader_CGEffex,foreground_bank_train
fsd50k_explosion_d271c686,explosion,fsd50k,freesound_uploader_Quaker540,freesound_uploader_Quaker540,foreground_bank_train
fsd50k_explosion_d8195358,explosion,fsd50k,freesound_uploader_Omar Alvarado,freesound_uploader_Omar Alvarado,foreground_bank_train
fsd50k_explosion_d8aa447b,explosion,fsd50k,freesound_uploader_steveygos93,freesound_uploader_steveygos93,foreground_bank_train
fsd50k_explosion_d8fa768b,explosion,fsd50k,freesound_uploader_qubodup,freesound_uploader_qubodup,foreground_bank_train
fsd50k_explosion_db5526a1,explosion,fsd50k,freesound_uploader_cydon,freesound_uploader_cydon,foreground_bank_train
fsd50k_explosion_e599d426,explosion,fsd50k,freesound_uploader_qubodup,freesound_uploader_qubodup,foreground_bank_train
fsd50k_explosion_ea68b988,explosion,fsd50k,freesound_uploader_RSilveira_88,freesound_uploader_RSilveira_88,foreground_bank_train
fsd50k_explosion_ea9e2c32,explosion,fsd50k,freesound_uploader_Benboncan,freesound_uploader_Benboncan,foreground_bank_train
fsd50k_explosion_ef787e43,explosion,fsd50k,freesound_uploader_cydon,freesound_uploader_cydon,foreground_bank_train
fsd50k_explosion_f2a9007f,explosion,fsd50k,freesound_uploader_ggctuk,freesound_uploader_ggctuk,foreground_bank_train
fsd50k_explosion_f2cf4cbf,explosion,fsd50k,freesound_uploader_apeiron,freesound_uploader_apeiron,foreground_bank_train
fsd50k_explosion_f3042fd7,explosion,fsd50k,freesound_uploader_qubodup,freesound_uploader_qubodup,foreground_bank_train
fsd50k_explosion_f3560b95,explosion,fsd50k,freesound_uploader_qubodup,freesound_uploader_qubodup,foreground_bank_train
fsd50k_explosion_f4862d09,explosion,fsd50k,freesound_uploader_Klerrp,freesound_uploader_Klerrp,foreground_bank_train
fsd50k_explosion_fb252c39,explosion,fsd50k,freesound_uploader_qubodup,freesound_uploader_qubodup,foreground_bank_train
fsd50k_explosion_fc41cfa6,explosion,fsd50k,freesound_uploader_cydon,freesound_uploader_cydon,foreground_bank_train
fsd50k_explosion_fc9977b4,explosion,fsd50k,freesound_uploader_Zangrutz,freesound_uploader_Zangrutz,foreground_bank_train
fsd50k_explosion_fef926c2,explosion,fsd50k,freesound_uploader_qubodup,freesound_uploader_qubodup,foreground_bank_train
esc50_fireworks_04745e57,fireworks,esc50,freesound_119648,freesound_119648,foreground_bank_train
esc50_fireworks_0b196e12,fireworks,esc50,freesound_160614,freesound_160614,foreground_bank_train
esc50_fireworks_0ee8c78b,fireworks,esc50,freesound_119647,freesound_119647,foreground_bank_train
esc50_fireworks_1b7a55d6,fireworks,esc50,freesound_119647,freesound_119647,foreground_bank_train
esc50_fireworks_1d6a5f08,fireworks,esc50,freesound_165801,freesound_165801,foreground_bank_train
esc50_fireworks_1da86942,fireworks,esc50,freesound_119120,freesound_119120,foreground_bank_train
esc50_fireworks_1dfdaa1f,fireworks,esc50,freesound_117615,freesound_117615,foreground_bank_train
esc50_fireworks_214ffae3,fireworks,esc50,freesound_160614,freesound_160614,foreground_bank_train
esc50_fireworks_272ece9c,fireworks,esc50,freesound_119647,freesound_119647,foreground_bank_train
esc50_fireworks_28df9b3d,fireworks,esc50,freesound_172881,freesound_172881,foreground_bank_train
esc50_fireworks_319fb7db,fireworks,esc50,freesound_172922,freesound_172922,foreground_bank_train
esc50_fireworks_3ac50abf,fireworks,esc50,freesound_115545,freesound_115545,foreground_bank_train
esc50_fireworks_3dbb9798,fireworks,esc50,freesound_119120,freesound_119120,foreground_bank_train
esc50_fireworks_53e46153,fireworks,esc50,freesound_117615,freesound_117615,foreground_bank_train
esc50_fireworks_57496037,fireworks,esc50,freesound_160614,freesound_160614,foreground_bank_train
esc50_fireworks_5f0f6888,fireworks,esc50,freesound_115545,freesound_115545,foreground_bank_train
esc50_fireworks_7565850a,fireworks,esc50,freesound_119648,freesound_119648,foreground_bank_train
esc50_fireworks_767834d6,fireworks,esc50,freesound_117615,freesound_117615,foreground_bank_train
esc50_fireworks_7a3a19a4,fireworks,esc50,freesound_25781,freesound_25781,foreground_bank_train
esc50_fireworks_7fcd04a7,fireworks,esc50,freesound_119647,freesound_119647,foreground_bank_train
esc50_fireworks_810d1ca9,fireworks,esc50,freesound_160563,freesound_160563,foreground_bank_train
esc50_fireworks_83e988d6,fireworks,esc50,freesound_119120,freesound_119120,foreground_bank_train
esc50_fireworks_853c5cea,fireworks,esc50,freesound_160563,freesound_160563,foreground_bank_train
esc50_fireworks_8f377a0e,fireworks,esc50,freesound_115545,freesound_115545,foreground_bank_train
esc50_fireworks_90fcd379,fireworks,esc50,freesound_160614,freesound_160614,foreground_bank_train
esc50_fireworks_9d1b69c0,fireworks,esc50,freesound_160614,freesound_160614,foreground_bank_train
esc50_fireworks_a0745691,fireworks,esc50,freesound_160614,freesound_160614,foreground_bank_train
esc50_fireworks_abb7aaa5,fireworks,esc50,freesound_115546,freesound_115546,foreground_bank_train
esc50_fireworks_aefb7915,fireworks,esc50,freesound_160614,freesound_160614,foreground_bank_train
esc50_fireworks_b8e4b741,fireworks,esc50,freesound_25777,freesound_25777,foreground_bank_train
esc50_fireworks_baad57c9,fireworks,esc50,freesound_119120,freesound_119120,foreground_bank_train
esc50_fireworks_bbc06aa3,fireworks,esc50,freesound_117615,freesound_117615,foreground_bank_train
esc50_fireworks_c02bc79e,fireworks,esc50,freesound_251617,freesound_251617,foreground_bank_train
esc50_fireworks_c205760c,fireworks,esc50,freesound_119648,freesound_119648,foreground_bank_train
esc50_fireworks_c5489d2c,fireworks,esc50,freesound_119648,freesound_119648,foreground_bank_train
esc50_fireworks_d055eb62,fireworks,esc50,freesound_119120,freesound_119120,foreground_bank_train
esc50_fireworks_e5a9aead,fireworks,esc50,freesound_117615,freesound_117615,foreground_bank_train
esc50_fireworks_e6aecd59,fireworks,esc50,freesound_160614,freesound_160614,foreground_bank_train
fsd50k_fireworks_01947c6f,fireworks,fsd50k,freesound_uploader_SoundCollectah,freesound_uploader_SoundCollectah,foreground_bank_train
fsd50k_fireworks_02044952,fireworks,fsd50k,freesound_uploader_j1987,freesound_uploader_j1987,foreground_bank_train
fsd50k_fireworks_03a52b6f,fireworks,fsd50k,freesound_uploader_inchadney,freesound_uploader_inchadney,foreground_bank_train
fsd50k_fireworks_08f39bde,fireworks,fsd50k,freesound_uploader_Parasonya,freesound_uploader_Parasonya,foreground_bank_train
fsd50k_fireworks_09553f5d,fireworks,fsd50k,freesound_uploader_kingsrow,freesound_uploader_kingsrow,foreground_bank_train
fsd50k_fireworks_0e45f63d,fireworks,fsd50k,freesound_uploader_kingsrow,freesound_uploader_kingsrow,foreground_bank_train
fsd50k_fireworks_0ee0d74e,fireworks,fsd50k,freesound_uploader_delphidebrain,freesound_uploader_delphidebrain,foreground_bank_train
fsd50k_fireworks_0f0b6ca3,fireworks,fsd50k,freesound_uploader_bigpickle51,freesound_uploader_bigpickle51,foreground_bank_train
fsd50k_fireworks_0f71a525,fireworks,fsd50k,freesound_uploader_unfa,freesound_uploader_unfa,foreground_bank_train
fsd50k_fireworks_11e00452,fireworks,fsd50k,freesound_uploader_Rudmer_Rotteveel,freesound_uploader_Rudmer_Rotteveel,foreground_bank_train
fsd50k_fireworks_1269da1e,fireworks,fsd50k,freesound_uploader_fridobeck,freesound_uploader_fridobeck,foreground_bank_train
fsd50k_fireworks_13458ede,fireworks,fsd50k,freesound_uploader_bigpickle51,freesound_uploader_bigpickle51,foreground_bank_train
fsd50k_fireworks_14922763,fireworks,fsd50k,freesound_uploader_qubodup,freesound_uploader_qubodup,foreground_bank_train
fsd50k_fireworks_16336691,fireworks,fsd50k,freesound_uploader_delphidebrain,freesound_uploader_delphidebrain,foreground_bank_train
fsd50k_fireworks_1780ae71,fireworks,fsd50k,freesound_uploader_Parasonya,freesound_uploader_Parasonya,foreground_bank_train
fsd50k_fireworks_197604b5,fireworks,fsd50k,freesound_uploader_SoundCollectah,freesound_uploader_SoundCollectah,foreground_bank_train
fsd50k_fireworks_19d3bc84,fireworks,fsd50k,freesound_uploader_unfa,freesound_uploader_unfa,foreground_bank_train
fsd50k_fireworks_1a65d732,fireworks,fsd50k,freesound_uploader_Parasonya,freesound_uploader_Parasonya,foreground_bank_train
fsd50k_fireworks_1bc039c9,fireworks,fsd50k,freesound_uploader_npavlov,freesound_uploader_npavlov,foreground_bank_train
fsd50k_fireworks_1cb60b51,fireworks,fsd50k,freesound_uploader_LOVEBURD,freesound_uploader_LOVEBURD,foreground_bank_train
fsd50k_fireworks_1d67f4ca,fireworks,fsd50k,freesound_uploader_kingsrow,freesound_uploader_kingsrow,foreground_bank_train
fsd50k_fireworks_1f502816,fireworks,fsd50k,freesound_uploader_dobroide,freesound_uploader_dobroide,foreground_bank_train
fsd50k_fireworks_20d724cc,fireworks,fsd50k,freesound_uploader_schafferdavid,freesound_uploader_schafferdavid,foreground_bank_train
fsd50k_fireworks_224f7a77,fireworks,fsd50k,freesound_uploader_dwareing,freesound_uploader_dwareing,foreground_bank_train
fsd50k_fireworks_23184bb4,fireworks,fsd50k,freesound_uploader_Sparrer,freesound_uploader_Sparrer,foreground_bank_train
fsd50k_fireworks_2609b995,fireworks,fsd50k,freesound_uploader_j1987,freesound_uploader_j1987,foreground_bank_train
fsd50k_fireworks_28a628f5,fireworks,fsd50k,freesound_uploader_Tritus,freesound_uploader_Tritus,foreground_bank_train
fsd50k_fireworks_29d7170a,fireworks,fsd50k,freesound_uploader_Parasonya,freesound_uploader_Parasonya,foreground_bank_train
fsd50k_fireworks_2b489f23,fireworks,fsd50k,freesound_uploader_bigpickle51,freesound_uploader_bigpickle51,foreground_bank_train
fsd50k_fireworks_2b7ae166,fireworks,fsd50k,freesound_uploader_Volterock,freesound_uploader_Volterock,foreground_bank_train
fsd50k_fireworks_2bd90c74,fireworks,fsd50k,freesound_uploader_Parasonya,freesound_uploader_Parasonya,foreground_bank_train
fsd50k_fireworks_2dc71391,fireworks,fsd50k,freesound_uploader_Parasonya,freesound_uploader_Parasonya,foreground_bank_train
fsd50k_fireworks_2e73845c,fireworks,fsd50k,freesound_uploader_kingsrow,freesound_uploader_kingsrow,foreground_bank_train
fsd50k_fireworks_2ff66be2,fireworks,fsd50k,freesound_uploader_acclivity,freesound_uploader_acclivity,foreground_bank_train
fsd50k_fireworks_319acb31,fireworks,fsd50k,freesound_uploader_toiletrolltube,freesound_uploader_toiletrolltube,foreground_bank_train
fsd50k_fireworks_33603105,fireworks,fsd50k,freesound_uploader_dcsimon,freesound_uploader_dcsimon,foreground_bank_train
fsd50k_fireworks_34ba8a2e,fireworks,fsd50k,freesound_uploader_Fiditg,freesound_uploader_Fiditg,foreground_bank_train
fsd50k_fireworks_368ac345,fireworks,fsd50k,freesound_uploader_delphidebrain,freesound_uploader_delphidebrain,foreground_bank_train
fsd50k_fireworks_36ac682a,fireworks,fsd50k,freesound_uploader_kingsrow,freesound_uploader_kingsrow,foreground_bank_train
fsd50k_fireworks_3709aecb,fireworks,fsd50k,freesound_uploader_ReadeOnly,freesound_uploader_ReadeOnly,foreground_bank_train
fsd50k_fireworks_3ac51983,fireworks,fsd50k,freesound_uploader_unfa,freesound_uploader_unfa,foreground_bank_train
fsd50k_fireworks_3c47952f,fireworks,fsd50k,freesound_uploader_acclivity,freesound_uploader_acclivity,foreground_bank_train
fsd50k_fireworks_3da6691d,fireworks,fsd50k,freesound_uploader_delphidebrain,freesound_uploader_delphidebrain,foreground_bank_train
fsd50k_fireworks_41552d54,fireworks,fsd50k,freesound_uploader_kingsrow,freesound_uploader_kingsrow,foreground_bank_train
fsd50k_fireworks_47a6d96d,fireworks,fsd50k,freesound_uploader_delphidebrain,freesound_uploader_delphidebrain,foreground_bank_train
fsd50k_fireworks_48205dec,fireworks,fsd50k,freesound_uploader_Parasonya,freesound_uploader_Parasonya,foreground_bank_train
fsd50k_fireworks_48885e39,fireworks,fsd50k,freesound_uploader_ReadeOnly,freesound_uploader_ReadeOnly,foreground_bank_train
fsd50k_fireworks_48daa949,fireworks,fsd50k,freesound_uploader_lliban,freesound_uploader_lliban,foreground_bank_train
fsd50k_fireworks_4ab70b37,fireworks,fsd50k,freesound_uploader_Parasonya,freesound_uploader_Parasonya,foreground_bank_train
fsd50k_fireworks_4b6db6cf,fireworks,fsd50k,freesound_uploader_kingsrow,freesound_uploader_kingsrow,foreground_bank_train
fsd50k_fireworks_4dfda424,fireworks,fsd50k,freesound_uploader_Parasonya,freesound_uploader_Parasonya,foreground_bank_train
fsd50k_fireworks_4f1c3691,fireworks,fsd50k,freesound_uploader_kingsrow,freesound_uploader_kingsrow,foreground_bank_train
fsd50k_fireworks_5015affa,fireworks,fsd50k,freesound_uploader_zihengc,freesound_uploader_zihengc,foreground_bank_train
fsd50k_fireworks_5295dcf1,fireworks,fsd50k,freesound_uploader_delphidebrain,freesound_uploader_delphidebrain,foreground_bank_train
fsd50k_fireworks_536e401c,fireworks,fsd50k,freesound_uploader_Parasonya,freesound_uploader_Parasonya,foreground_bank_train
fsd50k_fireworks_5371e71f,fireworks,fsd50k,freesound_uploader_Parasonya,freesound_uploader_Parasonya,foreground_bank_train
fsd50k_fireworks_53724e38,fireworks,fsd50k,freesound_uploader_Parasonya,freesound_uploader_Parasonya,foreground_bank_train
fsd50k_fireworks_54d359d0,fireworks,fsd50k,freesound_uploader_kingsrow,freesound_uploader_kingsrow,foreground_bank_train
fsd50k_fireworks_565db7b8,fireworks,fsd50k,freesound_uploader_Fiditg,freesound_uploader_Fiditg,foreground_bank_train
fsd50k_fireworks_573d2c42,fireworks,fsd50k,freesound_uploader_Parasonya,freesound_uploader_Parasonya,foreground_bank_train
fsd50k_fireworks_57be4252,fireworks,fsd50k,freesound_uploader_delphidebrain,freesound_uploader_delphidebrain,foreground_bank_train
fsd50k_fireworks_5bd94296,fireworks,fsd50k,freesound_uploader_LOVEBURD,freesound_uploader_LOVEBURD,foreground_bank_train
fsd50k_fireworks_5c10868f,fireworks,fsd50k,freesound_uploader_Parasonya,freesound_uploader_Parasonya,foreground_bank_train
fsd50k_fireworks_5c6f925e,fireworks,fsd50k,freesound_uploader_Parasonya,freesound_uploader_Parasonya,foreground_bank_train
fsd50k_fireworks_5c9c18ad,fireworks,fsd50k,freesound_uploader_delphidebrain,freesound_uploader_delphidebrain,foreground_bank_train
fsd50k_fireworks_5cb86aa4,fireworks,fsd50k,freesound_uploader_Parasonya,freesound_uploader_Parasonya,foreground_bank_train
fsd50k_fireworks_5db29738,fireworks,fsd50k,freesound_uploader_Parasonya,freesound_uploader_Parasonya,foreground_bank_train
fsd50k_fireworks_60f2b4d0,fireworks,fsd50k,freesound_uploader_delphidebrain,freesound_uploader_delphidebrain,foreground_bank_train
fsd50k_fireworks_6303db5d,fireworks,fsd50k,freesound_uploader_csengeri,freesound_uploader_csengeri,foreground_bank_train
fsd50k_fireworks_65837826,fireworks,fsd50k,freesound_uploader_Parasonya,freesound_uploader_Parasonya,foreground_bank_train
fsd50k_fireworks_65b5b11f,fireworks,fsd50k,freesound_uploader_Parasonya,freesound_uploader_Parasonya,foreground_bank_train
fsd50k_fireworks_6603da19,fireworks,fsd50k,freesound_uploader_delphidebrain,freesound_uploader_delphidebrain,foreground_bank_train
fsd50k_fireworks_667e4c17,fireworks,fsd50k,freesound_uploader_j1987,freesound_uploader_j1987,foreground_bank_train
fsd50k_fireworks_6800c878,fireworks,fsd50k,freesound_uploader_SoundCollectah,freesound_uploader_SoundCollectah,foreground_bank_train
fsd50k_fireworks_683f5f4d,fireworks,fsd50k,freesound_uploader_Parasonya,freesound_uploader_Parasonya,foreground_bank_train
fsd50k_fireworks_68c06219,fireworks,fsd50k,freesound_uploader_Fiditg,freesound_uploader_Fiditg,foreground_bank_train
fsd50k_fireworks_6d719982,fireworks,fsd50k,freesound_uploader_SoundCollectah,freesound_uploader_SoundCollectah,foreground_bank_train
fsd50k_fireworks_7074167e,fireworks,fsd50k,freesound_uploader_fridobeck,freesound_uploader_fridobeck,foreground_bank_train
fsd50k_fireworks_709ee456,fireworks,fsd50k,freesound_uploader_kingsrow,freesound_uploader_kingsrow,foreground_bank_train
fsd50k_fireworks_72bcb3cc,fireworks,fsd50k,freesound_uploader_Parasonya,freesound_uploader_Parasonya,foreground_bank_train
fsd50k_fireworks_7341fcf2,fireworks,fsd50k,freesound_uploader_Parasonya,freesound_uploader_Parasonya,foreground_bank_train
fsd50k_fireworks_739172df,fireworks,fsd50k,freesound_uploader_SoundCollectah,freesound_uploader_SoundCollectah,foreground_bank_train
fsd50k_fireworks_7467afc7,fireworks,fsd50k,freesound_uploader_panikko,freesound_uploader_panikko,foreground_bank_train
fsd50k_fireworks_75207ba0,fireworks,fsd50k,freesound_uploader_electrovoice664,freesound_uploader_electrovoice664,foreground_bank_train
fsd50k_fireworks_76a6feeb,fireworks,fsd50k,freesound_uploader_JelleGeus,freesound_uploader_JelleGeus,foreground_bank_train
fsd50k_fireworks_7831cf78,fireworks,fsd50k,freesound_uploader_InspectorJ,freesound_uploader_InspectorJ,foreground_bank_train
fsd50k_fireworks_79a2d496,fireworks,fsd50k,freesound_uploader_Fiditg,freesound_uploader_Fiditg,foreground_bank_train
fsd50k_fireworks_79e20679,fireworks,fsd50k,freesound_uploader_delphidebrain,freesound_uploader_delphidebrain,foreground_bank_train
fsd50k_fireworks_7b39efde,fireworks,fsd50k,freesound_uploader_Rudmer_Rotteveel,freesound_uploader_Rudmer_Rotteveel,foreground_bank_train
fsd50k_fireworks_7b3bef64,fireworks,fsd50k,freesound_uploader_delphidebrain,freesound_uploader_delphidebrain,foreground_bank_train
fsd50k_fireworks_7dce3d17,fireworks,fsd50k,freesound_uploader_acclivity,freesound_uploader_acclivity,foreground_bank_train
fsd50k_fireworks_7de32258,fireworks,fsd50k,freesound_uploader_LOVEBURD,freesound_uploader_LOVEBURD,foreground_bank_train
fsd50k_fireworks_7fce4aeb,fireworks,fsd50k,freesound_uploader_delphidebrain,freesound_uploader_delphidebrain,foreground_bank_train
fsd50k_fireworks_7ff9efbe,fireworks,fsd50k,freesound_uploader_Rudmer_Rotteveel,freesound_uploader_Rudmer_Rotteveel,foreground_bank_train
fsd50k_fireworks_82f03158,fireworks,fsd50k,freesound_uploader_contramundum,freesound_uploader_contramundum,foreground_bank_train
fsd50k_fireworks_850c5a8e,fireworks,fsd50k,freesound_uploader_noisyninja,freesound_uploader_noisyninja,foreground_bank_train
fsd50k_fireworks_855982dd,fireworks,fsd50k,freesound_uploader_Parasonya,freesound_uploader_Parasonya,foreground_bank_train
fsd50k_fireworks_871c30d7,fireworks,fsd50k,freesound_uploader_dobroide,freesound_uploader_dobroide,foreground_bank_train
fsd50k_fireworks_874c0076,fireworks,fsd50k,freesound_uploader_Parasonya,freesound_uploader_Parasonya,foreground_bank_train
fsd50k_fireworks_882abbba,fireworks,fsd50k,freesound_uploader_kingsrow,freesound_uploader_kingsrow,foreground_bank_train
fsd50k_fireworks_8b1c3250,fireworks,fsd50k,freesound_uploader_schafferdavid,freesound_uploader_schafferdavid,foreground_bank_train
fsd50k_fireworks_8b8c838f,fireworks,fsd50k,freesound_uploader_Parasonya,freesound_uploader_Parasonya,foreground_bank_train
fsd50k_fireworks_8dfb2a80,fireworks,fsd50k,freesound_uploader_HerbertBoland,freesound_uploader_HerbertBoland,foreground_bank_train
fsd50k_fireworks_8e98e512,fireworks,fsd50k,freesound_uploader_Parasonya,freesound_uploader_Parasonya,foreground_bank_train
fsd50k_fireworks_8ef7c184,fireworks,fsd50k,freesound_uploader_electrovoice664,freesound_uploader_electrovoice664,foreground_bank_train
fsd50k_fireworks_90c531ff,fireworks,fsd50k,freesound_uploader_Rudmer_Rotteveel,freesound_uploader_Rudmer_Rotteveel,foreground_bank_train
fsd50k_fireworks_93ba2e9b,fireworks,fsd50k,freesound_uploader_kingsrow,freesound_uploader_kingsrow,foreground_bank_train
fsd50k_fireworks_9709e867,fireworks,fsd50k,freesound_uploader_kingsrow,freesound_uploader_kingsrow,foreground_bank_train
fsd50k_fireworks_9985cdbf,fireworks,fsd50k,freesound_uploader_Volterock,freesound_uploader_Volterock,foreground_bank_train
fsd50k_fireworks_9a4620e0,fireworks,fsd50k,freesound_uploader_kingsrow,freesound_uploader_kingsrow,foreground_bank_train
fsd50k_fireworks_9b44f207,fireworks,fsd50k,freesound_uploader_MrAuralization,freesound_uploader_MrAuralization,foreground_bank_train
fsd50k_fireworks_9c0a8820,fireworks,fsd50k,freesound_uploader_SoundCollectah,freesound_uploader_SoundCollectah,foreground_bank_train
fsd50k_fireworks_9c204dd0,fireworks,fsd50k,freesound_uploader_kingsrow,freesound_uploader_kingsrow,foreground_bank_train
fsd50k_fireworks_9d8dee97,fireworks,fsd50k,freesound_uploader_schafferdavid,freesound_uploader_schafferdavid,foreground_bank_train
fsd50k_fireworks_9eef1db2,fireworks,fsd50k,freesound_uploader_j1987,freesound_uploader_j1987,foreground_bank_train
fsd50k_fireworks_9fcdeefb,fireworks,fsd50k,freesound_uploader_schafferdavid,freesound_uploader_schafferdavid,foreground_bank_train
fsd50k_fireworks_a0b4e40d,fireworks,fsd50k,freesound_uploader_Parasonya,freesound_uploader_Parasonya,foreground_bank_train
fsd50k_fireworks_a115b8ea,fireworks,fsd50k,freesound_uploader_j1987,freesound_uploader_j1987,foreground_bank_train
fsd50k_fireworks_a1c3e9e6,fireworks,fsd50k,freesound_uploader_HerbertBoland,freesound_uploader_HerbertBoland,foreground_bank_train
fsd50k_fireworks_a69a207f,fireworks,fsd50k,freesound_uploader_Parasonya,freesound_uploader_Parasonya,foreground_bank_train
fsd50k_fireworks_a82e6678,fireworks,fsd50k,freesound_uploader_unfa,freesound_uploader_unfa,foreground_bank_train
fsd50k_fireworks_a981ba6c,fireworks,fsd50k,freesound_uploader_dobroide,freesound_uploader_dobroide,foreground_bank_train
fsd50k_fireworks_aa1a6b5f,fireworks,fsd50k,freesound_uploader_Parasonya,freesound_uploader_Parasonya,foreground_bank_train
fsd50k_fireworks_aa755350,fireworks,fsd50k,freesound_uploader_Volterock,freesound_uploader_Volterock,foreground_bank_train
fsd50k_fireworks_aa87ad25,fireworks,fsd50k,freesound_uploader_ermine,freesound_uploader_ermine,foreground_bank_train
fsd50k_fireworks_abbf383d,fireworks,fsd50k,freesound_uploader_kingsrow,freesound_uploader_kingsrow,foreground_bank_train
fsd50k_fireworks_ae3ed965,fireworks,fsd50k,freesound_uploader_Mr Sensible,freesound_uploader_Mr Sensible,foreground_bank_train
fsd50k_fireworks_ae6b7ca5,fireworks,fsd50k,freesound_uploader_sloppyjoe24,freesound_uploader_sloppyjoe24,foreground_bank_train
fsd50k_fireworks_b05f431b,fireworks,fsd50k,freesound_uploader_unfa,freesound_uploader_unfa,foreground_bank_train
fsd50k_fireworks_b154b770,fireworks,fsd50k,freesound_uploader_Parasonya,freesound_uploader_Parasonya,foreground_bank_train
fsd50k_fireworks_b36d95e7,fireworks,fsd50k,freesound_uploader_zaem,freesound_uploader_zaem,foreground_bank_train
fsd50k_fireworks_b3caed78,fireworks,fsd50k,freesound_uploader_Parasonya,freesound_uploader_Parasonya,foreground_bank_train
fsd50k_fireworks_b549d1c1,fireworks,fsd50k,freesound_uploader_Duesenbert,freesound_uploader_Duesenbert,foreground_bank_train
fsd50k_fireworks_b661af01,fireworks,fsd50k,freesound_uploader_CGEffex,freesound_uploader_CGEffex,foreground_bank_train
fsd50k_fireworks_b73dcb9d,fireworks,fsd50k,freesound_uploader_Stomp,freesound_uploader_Stomp,foreground_bank_train
fsd50k_fireworks_b77ef812,fireworks,fsd50k,freesound_uploader_kingsrow,freesound_uploader_kingsrow,foreground_bank_train
fsd50k_fireworks_bb25dcfa,fireworks,fsd50k,freesound_uploader_InspectorJ,freesound_uploader_InspectorJ,foreground_bank_train
fsd50k_fireworks_bb56763c,fireworks,fsd50k,freesound_uploader_kingsrow,freesound_uploader_kingsrow,foreground_bank_train
fsd50k_fireworks_bceb1f31,fireworks,fsd50k,freesound_uploader_delphidebrain,freesound_uploader_delphidebrain,foreground_bank_train
fsd50k_fireworks_bcf2de10,fireworks,fsd50k,freesound_uploader_Parasonya,freesound_uploader_Parasonya,foreground_bank_train
fsd50k_fireworks_bda7d52f,fireworks,fsd50k,freesound_uploader_morganpurkis,freesound_uploader_morganpurkis,foreground_bank_train
fsd50k_fireworks_beb85f52,fireworks,fsd50k,freesound_uploader_kingsrow,freesound_uploader_kingsrow,foreground_bank_train
fsd50k_fireworks_bfc44e0c,fireworks,fsd50k,freesound_uploader_kwahmah_02,freesound_uploader_kwahmah_02,foreground_bank_train
fsd50k_fireworks_bffde590,fireworks,fsd50k,freesound_uploader_Quistard,freesound_uploader_Quistard,foreground_bank_train
fsd50k_fireworks_c0d08237,fireworks,fsd50k,freesound_uploader_kingsrow,freesound_uploader_kingsrow,foreground_bank_train
fsd50k_fireworks_c41e4f94,fireworks,fsd50k,freesound_uploader_Volterock,freesound_uploader_Volterock,foreground_bank_train
fsd50k_fireworks_c59e9f80,fireworks,fsd50k,freesound_uploader_Parasonya,freesound_uploader_Parasonya,foreground_bank_train
fsd50k_fireworks_c61dd25e,fireworks,fsd50k,freesound_uploader_Rudmer_Rotteveel,freesound_uploader_Rudmer_Rotteveel,foreground_bank_train
fsd50k_fireworks_c6f6eaac,fireworks,fsd50k,freesound_uploader_rfhache,freesound_uploader_rfhache,foreground_bank_train
fsd50k_fireworks_c7edd2d0,fireworks,fsd50k,freesound_uploader_Rudmer_Rotteveel,freesound_uploader_Rudmer_Rotteveel,foreground_bank_train
fsd50k_fireworks_c8d6eccd,fireworks,fsd50k,freesound_uploader_Parasonya,freesound_uploader_Parasonya,foreground_bank_train
fsd50k_fireworks_c8f4503c,fireworks,fsd50k,freesound_uploader_delphidebrain,freesound_uploader_delphidebrain,foreground_bank_train
fsd50k_fireworks_c917e2e1,fireworks,fsd50k,freesound_uploader_toiletrolltube,freesound_uploader_toiletrolltube,foreground_bank_train
fsd50k_fireworks_c935f1c4,fireworks,fsd50k,freesound_uploader_OfItAll,freesound_uploader_OfItAll,foreground_bank_train
fsd50k_fireworks_c944fa02,fireworks,fsd50k,freesound_uploader_delphidebrain,freesound_uploader_delphidebrain,foreground_bank_train
fsd50k_fireworks_c9716978,fireworks,fsd50k,freesound_uploader_Parasonya,freesound_uploader_Parasonya,foreground_bank_train
fsd50k_fireworks_cb1141a7,fireworks,fsd50k,freesound_uploader_Parasonya,freesound_uploader_Parasonya,foreground_bank_train
fsd50k_fireworks_cbc90ef6,fireworks,fsd50k,freesound_uploader_Parasonya,freesound_uploader_Parasonya,foreground_bank_train
fsd50k_fireworks_cd9478d0,fireworks,fsd50k,freesound_uploader_Parasonya,freesound_uploader_Parasonya,foreground_bank_train
fsd50k_fireworks_cdc9172d,fireworks,fsd50k,freesound_uploader_klankbeeld,freesound_uploader_klankbeeld,foreground_bank_train
fsd50k_fireworks_d0089087,fireworks,fsd50k,freesound_uploader_timsc,freesound_uploader_timsc,foreground_bank_train
fsd50k_fireworks_d3663917,fireworks,fsd50k,freesound_uploader_sloppyjoe24,freesound_uploader_sloppyjoe24,foreground_bank_train
fsd50k_fireworks_d4c12a9a,fireworks,fsd50k,freesound_uploader_ReadeOnly,freesound_uploader_ReadeOnly,foreground_bank_train
fsd50k_fireworks_d75b66d7,fireworks,fsd50k,freesound_uploader_Kolezan,freesound_uploader_Kolezan,foreground_bank_train
fsd50k_fireworks_d9a95048,fireworks,fsd50k,freesound_uploader_delphidebrain,freesound_uploader_delphidebrain,foreground_bank_train
fsd50k_fireworks_d9f9c5df,fireworks,fsd50k,freesound_uploader_ibirdfilm,freesound_uploader_ibirdfilm,foreground_bank_train
fsd50k_fireworks_da6a5bc2,fireworks,fsd50k,freesound_uploader_Parasonya,freesound_uploader_Parasonya,foreground_bank_train
fsd50k_fireworks_dab35990,fireworks,fsd50k,freesound_uploader_ermine,freesound_uploader_ermine,foreground_bank_train
fsd50k_fireworks_dce93b10,fireworks,fsd50k,freesound_uploader_kingsrow,freesound_uploader_kingsrow,foreground_bank_train
fsd50k_fireworks_ddee1df4,fireworks,fsd50k,freesound_uploader_Parasonya,freesound_uploader_Parasonya,foreground_bank_train
fsd50k_fireworks_df11ba47,fireworks,fsd50k,freesound_uploader_nkenez,freesound_uploader_nkenez,foreground_bank_train
fsd50k_fireworks_e07dee42,fireworks,fsd50k,freesound_uploader_schafferdavid,freesound_uploader_schafferdavid,foreground_bank_train
fsd50k_fireworks_e0d7e87d,fireworks,fsd50k,freesound_uploader_Parasonya,freesound_uploader_Parasonya,foreground_bank_train
fsd50k_fireworks_e1806ace,fireworks,fsd50k,freesound_uploader_MrAuralization,freesound_uploader_MrAuralization,foreground_bank_train
fsd50k_fireworks_e1a5b210,fireworks,fsd50k,freesound_uploader_AlienXXX,freesound_uploader_AlienXXX,foreground_bank_train
fsd50k_fireworks_e300fa40,fireworks,fsd50k,freesound_uploader_johnnyguitar01,freesound_uploader_johnnyguitar01,foreground_bank_train
fsd50k_fireworks_e40a0355,fireworks,fsd50k,freesound_uploader_delphidebrain,freesound_uploader_delphidebrain,foreground_bank_train
fsd50k_fireworks_e48242bb,fireworks,fsd50k,freesound_uploader_Parasonya,freesound_uploader_Parasonya,foreground_bank_train
fsd50k_fireworks_e49b541d,fireworks,fsd50k,freesound_uploader_SoundCollectah,freesound_uploader_SoundCollectah,foreground_bank_train
fsd50k_fireworks_e696aa96,fireworks,fsd50k,freesound_uploader_Parasonya,freesound_uploader_Parasonya,foreground_bank_train
fsd50k_fireworks_e8d68586,fireworks,fsd50k,freesound_uploader_SoundCollectah,freesound_uploader_SoundCollectah,foreground_bank_train
fsd50k_fireworks_e9eb95a0,fireworks,fsd50k,freesound_uploader_Rudmer_Rotteveel,freesound_uploader_Rudmer_Rotteveel,foreground_bank_train
fsd50k_fireworks_ea11ee26,fireworks,fsd50k,freesound_uploader_Parasonya,freesound_uploader_Parasonya,foreground_bank_train
fsd50k_fireworks_ec52af56,fireworks,fsd50k,freesound_uploader_sloppyjoe24,freesound_uploader_sloppyjoe24,foreground_bank_train
fsd50k_fireworks_ecbed2e9,fireworks,fsd50k,freesound_uploader_bmlake,freesound_uploader_bmlake,foreground_bank_train
fsd50k_fireworks_edbcd5ad,fireworks,fsd50k,freesound_uploader_Fiditg,freesound_uploader_Fiditg,foreground_bank_train
fsd50k_fireworks_edfa5e4b,fireworks,fsd50k,freesound_uploader_svenne2000,freesound_uploader_svenne2000,foreground_bank_train
fsd50k_fireworks_ee403c3a,fireworks,fsd50k,freesound_uploader_delphidebrain,freesound_uploader_delphidebrain,foreground_bank_train
fsd50k_fireworks_f4fc7031,fireworks,fsd50k,freesound_uploader_kingsrow,freesound_uploader_kingsrow,foreground_bank_train
fsd50k_fireworks_f636fe73,fireworks,fsd50k,freesound_uploader_Parasonya,freesound_uploader_Parasonya,foreground_bank_train
fsd50k_fireworks_f8acb182,fireworks,fsd50k,freesound_uploader_delphidebrain,freesound_uploader_delphidebrain,foreground_bank_train
fsd50k_fireworks_fa766ae0,fireworks,fsd50k,freesound_uploader_kingsrow,freesound_uploader_kingsrow,foreground_bank_train
fsd50k_fireworks_fc799288,fireworks,fsd50k,freesound_uploader_kingsrow,freesound_uploader_kingsrow,foreground_bank_train
fsd50k_fireworks_fe47982f,fireworks,fsd50k,freesound_uploader_Parasonya,freesound_uploader_Parasonya,foreground_bank_train
fsd50k_fireworks_ff3e1f61,fireworks,fsd50k,freesound_uploader_j1987,freesound_uploader_j1987,foreground_bank_train
esc50_glass_breaking_04a46ed5,glass_breaking,esc50,freesound_260433,freesound_260433,foreground_bank_train
esc50_glass_breaking_08fcf5a7,glass_breaking,esc50,freesound_85168,freesound_85168,foreground_bank_train
esc50_glass_breaking_2fbc4acd,glass_breaking,esc50,freesound_204119,freesound_204119,foreground_bank_train
esc50_glass_breaking_2ff2076e,glass_breaking,esc50,freesound_216280,freesound_216280,foreground_bank_train
esc50_glass_breaking_3863f509,glass_breaking,esc50,freesound_221529,freesound_221529,foreground_bank_train
esc50_glass_breaking_3d4a5201,glass_breaking,esc50,freesound_204115,freesound_204115,foreground_bank_train
esc50_glass_breaking_3ef4dae6,glass_breaking,esc50,freesound_141563,freesound_141563,foreground_bank_train
esc50_glass_breaking_4491d08b,glass_breaking,esc50,freesound_212698,freesound_212698,foreground_bank_train
esc50_glass_breaking_55cc0786,glass_breaking,esc50,freesound_173607,freesound_173607,foreground_bank_train
esc50_glass_breaking_60a600ff,glass_breaking,esc50,freesound_203371,freesound_203371,foreground_bank_train
esc50_glass_breaking_66c6c338,glass_breaking,esc50,freesound_203377,freesound_203377,foreground_bank_train
esc50_glass_breaking_67c88e07,glass_breaking,esc50,freesound_977,freesound_977,foreground_bank_train
esc50_glass_breaking_6f0ae114,glass_breaking,esc50,freesound_216281,freesound_216281,foreground_bank_train
esc50_glass_breaking_79efba4c,glass_breaking,esc50,freesound_84536,freesound_84536,foreground_bank_train
esc50_glass_breaking_9170ecdc,glass_breaking,esc50,freesound_173618,freesound_173618,foreground_bank_train
esc50_glass_breaking_92d7ac3d,glass_breaking,esc50,freesound_260434,freesound_260434,foreground_bank_train
esc50_glass_breaking_a35fd222,glass_breaking,esc50,freesound_204123,freesound_204123,foreground_bank_train
esc50_glass_breaking_a6b60fb2,glass_breaking,esc50,freesound_112213,freesound_112213,foreground_bank_train
esc50_glass_breaking_a9374792,glass_breaking,esc50,freesound_257642,freesound_257642,foreground_bank_train
esc50_glass_breaking_aafacfae,glass_breaking,esc50,freesound_85184,freesound_85184,foreground_bank_train
esc50_glass_breaking_ad42b3c9,glass_breaking,esc50,freesound_204121,freesound_204121,foreground_bank_train
esc50_glass_breaking_ae86e74b,glass_breaking,esc50,freesound_233605,freesound_233605,foreground_bank_train
esc50_glass_breaking_b494fb47,glass_breaking,esc50,freesound_216284,freesound_216284,foreground_bank_train
esc50_glass_breaking_b6a987fe,glass_breaking,esc50,freesound_203375,freesound_203375,foreground_bank_train
esc50_glass_breaking_beb06055,glass_breaking,esc50,freesound_203373,freesound_203373,foreground_bank_train
esc50_glass_breaking_c2988d2e,glass_breaking,esc50,freesound_233607,freesound_233607,foreground_bank_train
esc50_glass_breaking_c3e1abf0,glass_breaking,esc50,freesound_84704,freesound_84704,foreground_bank_train
esc50_glass_breaking_ca0b7286,glass_breaking,esc50,freesound_250710,freesound_250710,foreground_bank_train
esc50_glass_breaking_d1d70553,glass_breaking,esc50,freesound_112213,freesound_112213,foreground_bank_train
esc50_glass_breaking_d2d0b97a,glass_breaking,esc50,freesound_203374,freesound_203374,foreground_bank_train
esc50_glass_breaking_db694613,glass_breaking,esc50,freesound_20133,freesound_20133,foreground_bank_train
esc50_glass_breaking_e1da0f73,glass_breaking,esc50,freesound_260432,freesound_260432,foreground_bank_train
esc50_glass_breaking_e54a661c,glass_breaking,esc50,freesound_106881,freesound_106881,foreground_bank_train
esc50_glass_breaking_e5c36817,glass_breaking,esc50,freesound_88807,freesound_88807,foreground_bank_train
esc50_glass_breaking_e60d74d1,glass_breaking,esc50,freesound_173559,freesound_173559,foreground_bank_train
esc50_glass_breaking_e8cc52dd,glass_breaking,esc50,freesound_84705,freesound_84705,foreground_bank_train
esc50_glass_breaking_f4796e4e,glass_breaking,esc50,freesound_221528,freesound_221528,foreground_bank_train
fsd50k_glass_breaking_0108fcd6,glass_breaking,fsd50k,freesound_uploader_lsprice,freesound_uploader_lsprice,foreground_bank_train
fsd50k_glass_breaking_032a2145,glass_breaking,fsd50k,freesound_uploader_martinimeniscus,freesound_uploader_martinimeniscus,foreground_bank_train
fsd50k_glass_breaking_037a78f9,glass_breaking,fsd50k,freesound_uploader_InspectorJ,freesound_uploader_InspectorJ,foreground_bank_train
fsd50k_glass_breaking_037e91f4,glass_breaking,fsd50k,freesound_uploader_spectral9,freesound_uploader_spectral9,foreground_bank_train
fsd50k_glass_breaking_03d2cc7d,glass_breaking,fsd50k,freesound_uploader_lsprice,freesound_uploader_lsprice,foreground_bank_train
fsd50k_glass_breaking_05bb74a8,glass_breaking,fsd50k,freesound_uploader_BristolStories,freesound_uploader_BristolStories,foreground_bank_train
fsd50k_glass_breaking_05c0d0a2,glass_breaking,fsd50k,freesound_uploader_gevaroy,freesound_uploader_gevaroy,foreground_bank_train
fsd50k_glass_breaking_05ccc704,glass_breaking,fsd50k,freesound_uploader_lsprice,freesound_uploader_lsprice,foreground_bank_train
fsd50k_glass_breaking_05e395b1,glass_breaking,fsd50k,freesound_uploader_lsprice,freesound_uploader_lsprice,foreground_bank_train
fsd50k_glass_breaking_05faac68,glass_breaking,fsd50k,freesound_uploader_Connum,freesound_uploader_Connum,foreground_bank_train
fsd50k_glass_breaking_068a80da,glass_breaking,fsd50k,freesound_uploader_Tritus,freesound_uploader_Tritus,foreground_bank_train
fsd50k_glass_breaking_081fb32e,glass_breaking,fsd50k,freesound_uploader_gevaroy,freesound_uploader_gevaroy,foreground_bank_train
fsd50k_glass_breaking_084643ab,glass_breaking,fsd50k,freesound_uploader_gevaroy,freesound_uploader_gevaroy,foreground_bank_train
fsd50k_glass_breaking_0978b924,glass_breaking,fsd50k,freesound_uploader_spectral9,freesound_uploader_spectral9,foreground_bank_train
fsd50k_glass_breaking_09b31977,glass_breaking,fsd50k,freesound_uploader_jorickhoofd,freesound_uploader_jorickhoofd,foreground_bank_train
fsd50k_glass_breaking_0a368281,glass_breaking,fsd50k,freesound_uploader_KGJones,freesound_uploader_KGJones,foreground_bank_train
fsd50k_glass_breaking_0a683e79,glass_breaking,fsd50k,freesound_uploader_ascap,freesound_uploader_ascap,foreground_bank_train
fsd50k_glass_breaking_0bb27b73,glass_breaking,fsd50k,freesound_uploader_Craxic,freesound_uploader_Craxic,foreground_bank_train
fsd50k_glass_breaking_0d104b59,glass_breaking,fsd50k,freesound_uploader_datasoundsample,freesound_uploader_datasoundsample,foreground_bank_train
fsd50k_glass_breaking_0d67eea4,glass_breaking,fsd50k,freesound_uploader_acclivity,freesound_uploader_acclivity,foreground_bank_train
fsd50k_glass_breaking_0d891cea,glass_breaking,fsd50k,freesound_uploader_delphidebrain,freesound_uploader_delphidebrain,foreground_bank_train
fsd50k_glass_breaking_0e1619d8,glass_breaking,fsd50k,freesound_uploader_JohanDeecke,freesound_uploader_JohanDeecke,foreground_bank_train
fsd50k_glass_breaking_0f1e2cc4,glass_breaking,fsd50k,freesound_uploader_lsprice,freesound_uploader_lsprice,foreground_bank_train
fsd50k_glass_breaking_1000e391,glass_breaking,fsd50k,freesound_uploader_ascap,freesound_uploader_ascap,foreground_bank_train
fsd50k_glass_breaking_1122f631,glass_breaking,fsd50k,freesound_uploader_InspectorJ,freesound_uploader_InspectorJ,foreground_bank_train
fsd50k_glass_breaking_1157a834,glass_breaking,fsd50k,freesound_uploader_kwahmah_02,freesound_uploader_kwahmah_02,foreground_bank_train
fsd50k_glass_breaking_11c33713,glass_breaking,fsd50k,freesound_uploader_lsprice,freesound_uploader_lsprice,foreground_bank_train
fsd50k_glass_breaking_11e9731f,glass_breaking,fsd50k,freesound_uploader_Robinhood76,freesound_uploader_Robinhood76,foreground_bank_train
fsd50k_glass_breaking_125293b5,glass_breaking,fsd50k,freesound_uploader_spectral9,freesound_uploader_spectral9,foreground_bank_train
fsd50k_glass_breaking_12c05d01,glass_breaking,fsd50k,freesound_uploader_arseniiv,freesound_uploader_arseniiv,foreground_bank_train
fsd50k_glass_breaking_133cd8e9,glass_breaking,fsd50k,freesound_uploader_13GPanska_Langerova_Lucie,freesound_uploader_13GPanska_Langerova_Lucie,foreground_bank_train
fsd50k_glass_breaking_135edd42,glass_breaking,fsd50k,freesound_uploader_lsprice,freesound_uploader_lsprice,foreground_bank_train
fsd50k_glass_breaking_13777cb5,glass_breaking,fsd50k,freesound_uploader_sandyrb,freesound_uploader_sandyrb,foreground_bank_train
fsd50k_glass_breaking_143b75f4,glass_breaking,fsd50k,freesound_uploader_YleArkisto,freesound_uploader_YleArkisto,foreground_bank_train
fsd50k_glass_breaking_145610fe,glass_breaking,fsd50k,freesound_uploader_martinimeniscus,freesound_uploader_martinimeniscus,foreground_bank_train
fsd50k_glass_breaking_1478915a,glass_breaking,fsd50k,freesound_uploader_lsprice,freesound_uploader_lsprice,foreground_bank_train
fsd50k_glass_breaking_14c7cd8a,glass_breaking,fsd50k,freesound_uploader_gevaroy,freesound_uploader_gevaroy,foreground_bank_train
fsd50k_glass_breaking_14e8e350,glass_breaking,fsd50k,freesound_uploader_dasebr,freesound_uploader_dasebr,foreground_bank_train
fsd50k_glass_breaking_16206905,glass_breaking,fsd50k,freesound_uploader_spectral9,freesound_uploader_spectral9,foreground_bank_train
fsd50k_glass_breaking_16800c95,glass_breaking,fsd50k,freesound_uploader_RutgerMuller,freesound_uploader_RutgerMuller,foreground_bank_train
fsd50k_glass_breaking_16dddc6d,glass_breaking,fsd50k,freesound_uploader_160033,freesound_uploader_160033,foreground_bank_train
fsd50k_glass_breaking_16feccd6,glass_breaking,fsd50k,freesound_uploader_arnaud coutancier,freesound_uploader_arnaud coutancier,foreground_bank_train
fsd50k_glass_breaking_1766a4da,glass_breaking,fsd50k,freesound_uploader_arseniiv,freesound_uploader_arseniiv,foreground_bank_train
fsd50k_glass_breaking_17beced9,glass_breaking,fsd50k,freesound_uploader_kev_durr,freesound_uploader_kev_durr,foreground_bank_train
fsd50k_glass_breaking_17e520ae,glass_breaking,fsd50k,freesound_uploader_bramstoy,freesound_uploader_bramstoy,foreground_bank_train
fsd50k_glass_breaking_18425eb2,glass_breaking,fsd50k,freesound_uploader_martinimeniscus,freesound_uploader_martinimeniscus,foreground_bank_train
fsd50k_glass_breaking_18f95f99,glass_breaking,fsd50k,freesound_uploader_RSilveira_88,freesound_uploader_RSilveira_88,foreground_bank_train
fsd50k_glass_breaking_194d6f4d,glass_breaking,fsd50k,freesound_uploader_lsprice,freesound_uploader_lsprice,foreground_bank_train
fsd50k_glass_breaking_199c9132,glass_breaking,fsd50k,freesound_uploader_bulbastre,freesound_uploader_bulbastre,foreground_bank_train
fsd50k_glass_breaking_1ac16fe4,glass_breaking,fsd50k,freesound_uploader_C_Rogers,freesound_uploader_C_Rogers,foreground_bank_train
fsd50k_glass_breaking_1af3fbb8,glass_breaking,fsd50k,freesound_uploader_Kyster,freesound_uploader_Kyster,foreground_bank_train
fsd50k_glass_breaking_1c01aca9,glass_breaking,fsd50k,freesound_uploader_lsprice,freesound_uploader_lsprice,foreground_bank_train
fsd50k_glass_breaking_1c35afba,glass_breaking,fsd50k,freesound_uploader_YleArkisto,freesound_uploader_YleArkisto,foreground_bank_train
fsd50k_glass_breaking_1c5befa0,glass_breaking,fsd50k,freesound_uploader_C_Rogers,freesound_uploader_C_Rogers,foreground_bank_train
fsd50k_glass_breaking_1d4a8966,glass_breaking,fsd50k,freesound_uploader_mikaelfernstrom,freesound_uploader_mikaelfernstrom,foreground_bank_train
fsd50k_glass_breaking_1d56097d,glass_breaking,fsd50k,freesound_uploader_sandyrb,freesound_uploader_sandyrb,foreground_bank_train
fsd50k_glass_breaking_1dd649e4,glass_breaking,fsd50k,freesound_uploader_S. Dedalus,freesound_uploader_S. Dedalus,foreground_bank_train
fsd50k_glass_breaking_1df59579,glass_breaking,fsd50k,freesound_uploader_cmusounddesign,freesound_uploader_cmusounddesign,foreground_bank_train
fsd50k_glass_breaking_1f62a72f,glass_breaking,fsd50k,freesound_uploader_plingativator,freesound_uploader_plingativator,foreground_bank_train
fsd50k_glass_breaking_1ff658c6,glass_breaking,fsd50k,freesound_uploader_pfranzen,freesound_uploader_pfranzen,foreground_bank_train
fsd50k_glass_breaking_2097a4fa,glass_breaking,fsd50k,freesound_uploader_dobroide,freesound_uploader_dobroide,foreground_bank_train
fsd50k_glass_breaking_210aafd7,glass_breaking,fsd50k,freesound_uploader_b.ploetzeneder,freesound_uploader_b.ploetzeneder,foreground_bank_train
fsd50k_glass_breaking_21405170,glass_breaking,fsd50k,freesound_uploader_lsprice,freesound_uploader_lsprice,foreground_bank_train
fsd50k_glass_breaking_21e9a8c5,glass_breaking,fsd50k,freesound_uploader_mccormick_iain,freesound_uploader_mccormick_iain,foreground_bank_train
fsd50k_glass_breaking_222f37d5,glass_breaking,fsd50k,freesound_uploader_gevaroy,freesound_uploader_gevaroy,foreground_bank_train
fsd50k_glass_breaking_22e2a6a3,glass_breaking,fsd50k,freesound_uploader_C_Rogers,freesound_uploader_C_Rogers,foreground_bank_train
fsd50k_glass_breaking_22eac341,glass_breaking,fsd50k,freesound_uploader_RSilveira_88,freesound_uploader_RSilveira_88,foreground_bank_train
fsd50k_glass_breaking_24334da6,glass_breaking,fsd50k,freesound_uploader_JohanDeecke,freesound_uploader_JohanDeecke,foreground_bank_train
fsd50k_glass_breaking_243545f4,glass_breaking,fsd50k,freesound_uploader_kwahmah_02,freesound_uploader_kwahmah_02,foreground_bank_train
fsd50k_glass_breaking_24f8e7e5,glass_breaking,fsd50k,freesound_uploader_FreqMan,freesound_uploader_FreqMan,foreground_bank_train
fsd50k_glass_breaking_2518a463,glass_breaking,fsd50k,freesound_uploader_martinimeniscus,freesound_uploader_martinimeniscus,foreground_bank_train
fsd50k_glass_breaking_25247a8f,glass_breaking,fsd50k,freesound_uploader_krnash,freesound_uploader_krnash,foreground_bank_train
fsd50k_glass_breaking_256f4dd8,glass_breaking,fsd50k,freesound_uploader_lsprice,freesound_uploader_lsprice,foreground_bank_train
fsd50k_glass_breaking_263251a8,glass_breaking,fsd50k,freesound_uploader_Glitchedtones,freesound_uploader_Glitchedtones,foreground_bank_train
fsd50k_glass_breaking_26711d33,glass_breaking,fsd50k,freesound_uploader_lsprice,freesound_uploader_lsprice,foreground_bank_train
fsd50k_glass_breaking_27423c84,glass_breaking,fsd50k,freesound_uploader_lsprice,freesound_uploader_lsprice,foreground_bank_train
fsd50k_glass_breaking_28a3b2f1,glass_breaking,fsd50k,freesound_uploader_RSilveira_88,freesound_uploader_RSilveira_88,foreground_bank_train
fsd50k_glass_breaking_28f9f89b,glass_breaking,fsd50k,freesound_uploader_lsprice,freesound_uploader_lsprice,foreground_bank_train
fsd50k_glass_breaking_2b3d3b19,glass_breaking,fsd50k,freesound_uploader_Snapper4298,freesound_uploader_Snapper4298,foreground_bank_train
fsd50k_glass_breaking_2ba56e3e,glass_breaking,fsd50k,freesound_uploader_FunWithSound,freesound_uploader_FunWithSound,foreground_bank_train
fsd50k_glass_breaking_2c98a5ca,glass_breaking,fsd50k,freesound_uploader_RSilveira_88,freesound_uploader_RSilveira_88,foreground_bank_train
fsd50k_glass_breaking_2e1c2428,glass_breaking,fsd50k,freesound_uploader_BristolStories,freesound_uploader_BristolStories,foreground_bank_train
fsd50k_glass_breaking_2e3140c2,glass_breaking,fsd50k,freesound_uploader_rivv3t,freesound_uploader_rivv3t,foreground_bank_train
fsd50k_glass_breaking_2e38efa1,glass_breaking,fsd50k,freesound_uploader_InspectorJ,freesound_uploader_InspectorJ,foreground_bank_train
fsd50k_glass_breaking_2e9985c0,glass_breaking,fsd50k,freesound_uploader_martinimeniscus,freesound_uploader_martinimeniscus,foreground_bank_train
fsd50k_glass_breaking_2ee0e277,glass_breaking,fsd50k,freesound_uploader_JohanDeecke,freesound_uploader_JohanDeecke,foreground_bank_train
fsd50k_glass_breaking_2f10a03a,glass_breaking,fsd50k,freesound_uploader_Craxic,freesound_uploader_Craxic,foreground_bank_train
fsd50k_glass_breaking_2f1c7577,glass_breaking,fsd50k,freesound_uploader_lsprice,freesound_uploader_lsprice,foreground_bank_train
fsd50k_glass_breaking_2fd53723,glass_breaking,fsd50k,freesound_uploader_Vinnie_Palermo,freesound_uploader_Vinnie_Palermo,foreground_bank_train
fsd50k_glass_breaking_30849bcb,glass_breaking,fsd50k,freesound_uploader_issalcake,freesound_uploader_issalcake,foreground_bank_train
fsd50k_glass_breaking_30b3d60c,glass_breaking,fsd50k,freesound_uploader_Craxic,freesound_uploader_Craxic,foreground_bank_train
fsd50k_glass_breaking_30c6bbe6,glass_breaking,fsd50k,freesound_uploader_jorickhoofd,freesound_uploader_jorickhoofd,foreground_bank_train
fsd50k_glass_breaking_30e83142,glass_breaking,fsd50k,freesound_uploader_swa_,freesound_uploader_swa_,foreground_bank_train
fsd50k_glass_breaking_312186e4,glass_breaking,fsd50k,freesound_uploader_cmusounddesign,freesound_uploader_cmusounddesign,foreground_bank_train
fsd50k_glass_breaking_3168a48e,glass_breaking,fsd50k,freesound_uploader_ftpalad,freesound_uploader_ftpalad,foreground_bank_train
fsd50k_glass_breaking_3369b5e2,glass_breaking,fsd50k,freesound_uploader_YleArkisto,freesound_uploader_YleArkisto,foreground_bank_train
fsd50k_glass_breaking_337ae633,glass_breaking,fsd50k,freesound_uploader_EdgardEdition,freesound_uploader_EdgardEdition,foreground_bank_train
fsd50k_glass_breaking_33d41c14,glass_breaking,fsd50k,freesound_uploader_ascap,freesound_uploader_ascap,foreground_bank_train
fsd50k_glass_breaking_341a6dbf,glass_breaking,fsd50k,freesound_uploader_Black Snow,freesound_uploader_Black Snow,foreground_bank_train
fsd50k_glass_breaking_355e7802,glass_breaking,fsd50k,freesound_uploader_Connum,freesound_uploader_Connum,foreground_bank_train
fsd50k_glass_breaking_367ee945,glass_breaking,fsd50k,freesound_uploader_jorickhoofd,freesound_uploader_jorickhoofd,foreground_bank_train
fsd50k_glass_breaking_3739015b,glass_breaking,fsd50k,freesound_uploader_13GPanska_Novakova_Klara,freesound_uploader_13GPanska_Novakova_Klara,foreground_bank_train
fsd50k_glass_breaking_373b88ab,glass_breaking,fsd50k,freesound_uploader_Agaxly,freesound_uploader_Agaxly,foreground_bank_train
fsd50k_glass_breaking_386c18ba,glass_breaking,fsd50k,freesound_uploader_cmusounddesign,freesound_uploader_cmusounddesign,foreground_bank_train
fsd50k_glass_breaking_38b39575,glass_breaking,fsd50k,freesound_uploader_RoganDerrick,freesound_uploader_RoganDerrick,foreground_bank_train
fsd50k_glass_breaking_38e38f9d,glass_breaking,fsd50k,freesound_uploader_gevaroy,freesound_uploader_gevaroy,foreground_bank_train
fsd50k_glass_breaking_39018a0e,glass_breaking,fsd50k,freesound_uploader_spectral9,freesound_uploader_spectral9,foreground_bank_train
fsd50k_glass_breaking_39f96c9f,glass_breaking,fsd50k,freesound_uploader_gevaroy,freesound_uploader_gevaroy,foreground_bank_train
fsd50k_glass_breaking_3a35f7ba,glass_breaking,fsd50k,freesound_uploader_Andre_Desartistes,freesound_uploader_Andre_Desartistes,foreground_bank_train
fsd50k_glass_breaking_3aba95ba,glass_breaking,fsd50k,freesound_uploader_13GPanska_Kovanda_Milan,freesound_uploader_13GPanska_Kovanda_Milan,foreground_bank_train
fsd50k_glass_breaking_3b6befc5,glass_breaking,fsd50k,freesound_uploader_InspectorJ,freesound_uploader_InspectorJ,foreground_bank_train
fsd50k_glass_breaking_3bb8606c,glass_breaking,fsd50k,freesound_uploader_delphidebrain,freesound_uploader_delphidebrain,foreground_bank_train
fsd50k_glass_breaking_3d7efb0e,glass_breaking,fsd50k,freesound_uploader_krnash,freesound_uploader_krnash,foreground_bank_train
fsd50k_glass_breaking_3dd286a9,glass_breaking,fsd50k,freesound_uploader_gevaroy,freesound_uploader_gevaroy,foreground_bank_train
fsd50k_glass_breaking_3e5c40c3,glass_breaking,fsd50k,freesound_uploader_MysteryPancake,freesound_uploader_MysteryPancake,foreground_bank_train
fsd50k_glass_breaking_3e635af3,glass_breaking,fsd50k,freesound_uploader_philberts,freesound_uploader_philberts,foreground_bank_train
fsd50k_glass_breaking_3f4a7f6d,glass_breaking,fsd50k,freesound_uploader_FunWithSound,freesound_uploader_FunWithSound,foreground_bank_train
fsd50k_glass_breaking_3fcabdf8,glass_breaking,fsd50k,freesound_uploader_MichaelGillighan,freesound_uploader_MichaelGillighan,foreground_bank_train
fsd50k_glass_breaking_3ff195c4,glass_breaking,fsd50k,freesound_uploader_lsprice,freesound_uploader_lsprice,foreground_bank_train
fsd50k_glass_breaking_41803d4f,glass_breaking,fsd50k,freesound_uploader_Andre_Desartistes,freesound_uploader_Andre_Desartistes,foreground_bank_train
fsd50k_glass_breaking_41931382,glass_breaking,fsd50k,freesound_uploader_qubodup,freesound_uploader_qubodup,foreground_bank_train
fsd50k_glass_breaking_41ac7cf2,glass_breaking,fsd50k,freesound_uploader_YleArkisto,freesound_uploader_YleArkisto,foreground_bank_train
fsd50k_glass_breaking_440c6ce1,glass_breaking,fsd50k,freesound_uploader_Craxic,freesound_uploader_Craxic,foreground_bank_train
fsd50k_glass_breaking_44e6f99e,glass_breaking,fsd50k,freesound_uploader_Craxic,freesound_uploader_Craxic,foreground_bank_train
fsd50k_glass_breaking_45c6f62e,glass_breaking,fsd50k,freesound_uploader_arnaud coutancier,freesound_uploader_arnaud coutancier,foreground_bank_train
fsd50k_glass_breaking_45f7518f,glass_breaking,fsd50k,freesound_uploader_Craxic,freesound_uploader_Craxic,foreground_bank_train
fsd50k_glass_breaking_465c57ba,glass_breaking,fsd50k,freesound_uploader_gevaroy,freesound_uploader_gevaroy,foreground_bank_train
fsd50k_glass_breaking_46934261,glass_breaking,fsd50k,freesound_uploader_gevaroy,freesound_uploader_gevaroy,foreground_bank_train
fsd50k_glass_breaking_474a38a6,glass_breaking,fsd50k,freesound_uploader_AcousticMemory,freesound_uploader_AcousticMemory,foreground_bank_train
fsd50k_glass_breaking_477db523,glass_breaking,fsd50k,freesound_uploader_gevaroy,freesound_uploader_gevaroy,foreground_bank_train
fsd50k_glass_breaking_47b695f7,glass_breaking,fsd50k,freesound_uploader_ascap,freesound_uploader_ascap,foreground_bank_train
fsd50k_glass_breaking_48b57444,glass_breaking,fsd50k,freesound_uploader_lsprice,freesound_uploader_lsprice,foreground_bank_train
fsd50k_glass_breaking_49808ae5,glass_breaking,fsd50k,freesound_uploader_jorickhoofd,freesound_uploader_jorickhoofd,foreground_bank_train
fsd50k_glass_breaking_499e3652,glass_breaking,fsd50k,freesound_uploader_ascap,freesound_uploader_ascap,foreground_bank_train
fsd50k_glass_breaking_49cf00e5,glass_breaking,fsd50k,freesound_uploader_jorickhoofd,freesound_uploader_jorickhoofd,foreground_bank_train
fsd50k_glass_breaking_49ea47ba,glass_breaking,fsd50k,freesound_uploader_lsprice,freesound_uploader_lsprice,foreground_bank_train
fsd50k_glass_breaking_4a106219,glass_breaking,fsd50k,freesound_uploader_kingsrow,freesound_uploader_kingsrow,foreground_bank_train
fsd50k_glass_breaking_4b608566,glass_breaking,fsd50k,freesound_uploader_unfa,freesound_uploader_unfa,foreground_bank_train
fsd50k_glass_breaking_4bfc9c83,glass_breaking,fsd50k,freesound_uploader_C_Rogers,freesound_uploader_C_Rogers,foreground_bank_train
fsd50k_glass_breaking_4c637c38,glass_breaking,fsd50k,freesound_uploader_ascap,freesound_uploader_ascap,foreground_bank_train
fsd50k_glass_breaking_4ce2fc6f,glass_breaking,fsd50k,freesound_uploader_ascap,freesound_uploader_ascap,foreground_bank_train
fsd50k_glass_breaking_4d0953cf,glass_breaking,fsd50k,freesound_uploader_univ_lyon3,freesound_uploader_univ_lyon3,foreground_bank_train
fsd50k_glass_breaking_4dc0e24f,glass_breaking,fsd50k,freesound_uploader_MysteryPancake,freesound_uploader_MysteryPancake,foreground_bank_train
fsd50k_glass_breaking_4dcb94e2,glass_breaking,fsd50k,freesound_uploader_ascap,freesound_uploader_ascap,foreground_bank_train
fsd50k_glass_breaking_4e28b25b,glass_breaking,fsd50k,freesound_uploader_Roxis_Boy,freesound_uploader_Roxis_Boy,foreground_bank_train
fsd50k_glass_breaking_4f6c6525,glass_breaking,fsd50k,freesound_uploader_letssfx,freesound_uploader_letssfx,foreground_bank_train
fsd50k_glass_breaking_4f9faf2c,glass_breaking,fsd50k,freesound_uploader_RSilveira_88,freesound_uploader_RSilveira_88,foreground_bank_train
fsd50k_glass_breaking_4fa400d1,glass_breaking,fsd50k,freesound_uploader_Samgd14,freesound_uploader_Samgd14,foreground_bank_train
fsd50k_glass_breaking_515eff81,glass_breaking,fsd50k,freesound_uploader_MysteryPancake,freesound_uploader_MysteryPancake,foreground_bank_train
fsd50k_glass_breaking_519339be,glass_breaking,fsd50k,freesound_uploader_kingsrow,freesound_uploader_kingsrow,foreground_bank_train
fsd50k_glass_breaking_51fb9ea3,glass_breaking,fsd50k,freesound_uploader_ascap,freesound_uploader_ascap,foreground_bank_train
fsd50k_glass_breaking_52354f21,glass_breaking,fsd50k,freesound_uploader_JohanDeecke,freesound_uploader_JohanDeecke,foreground_bank_train
fsd50k_glass_breaking_5243659c,glass_breaking,fsd50k,freesound_uploader_mccormick_iain,freesound_uploader_mccormick_iain,foreground_bank_train
fsd50k_glass_breaking_53a93f41,glass_breaking,fsd50k,freesound_uploader_lsprice,freesound_uploader_lsprice,foreground_bank_train
fsd50k_glass_breaking_548366d7,glass_breaking,fsd50k,freesound_uploader_ascap,freesound_uploader_ascap,foreground_bank_train
fsd50k_glass_breaking_555519dc,glass_breaking,fsd50k,freesound_uploader_Craxic,freesound_uploader_Craxic,foreground_bank_train
fsd50k_glass_breaking_579a79a1,glass_breaking,fsd50k,freesound_uploader_gevaroy,freesound_uploader_gevaroy,foreground_bank_train
fsd50k_glass_breaking_57effb69,glass_breaking,fsd50k,freesound_uploader_jorickhoofd,freesound_uploader_jorickhoofd,foreground_bank_train
fsd50k_glass_breaking_5808516f,glass_breaking,fsd50k,freesound_uploader_lsprice,freesound_uploader_lsprice,foreground_bank_train
fsd50k_glass_breaking_58c4180d,glass_breaking,fsd50k,freesound_uploader_CGEffex,freesound_uploader_CGEffex,foreground_bank_train
fsd50k_glass_breaking_5b2af414,glass_breaking,fsd50k,freesound_uploader_FunWithSound,freesound_uploader_FunWithSound,foreground_bank_train
fsd50k_glass_breaking_5b49d77d,glass_breaking,fsd50k,freesound_uploader_lsprice,freesound_uploader_lsprice,foreground_bank_train
fsd50k_glass_breaking_5b9408d7,glass_breaking,fsd50k,freesound_uploader_lsprice,freesound_uploader_lsprice,foreground_bank_train
fsd50k_glass_breaking_5c0a39c7,glass_breaking,fsd50k,freesound_uploader_Black Snow,freesound_uploader_Black Snow,foreground_bank_train
fsd50k_glass_breaking_5c825d3c,glass_breaking,fsd50k,freesound_uploader_MysteryPancake,freesound_uploader_MysteryPancake,foreground_bank_train
fsd50k_glass_breaking_5d1324f0,glass_breaking,fsd50k,freesound_uploader_arnaud coutancier,freesound_uploader_arnaud coutancier,foreground_bank_train
fsd50k_glass_breaking_5d746713,glass_breaking,fsd50k,freesound_uploader_jorickhoofd,freesound_uploader_jorickhoofd,foreground_bank_train
fsd50k_glass_breaking_5da53e8a,glass_breaking,fsd50k,freesound_uploader_lsprice,freesound_uploader_lsprice,foreground_bank_train
fsd50k_glass_breaking_5db8600e,glass_breaking,fsd50k,freesound_uploader_MysteryPancake,freesound_uploader_MysteryPancake,foreground_bank_train
fsd50k_glass_breaking_5e63e7d2,glass_breaking,fsd50k,freesound_uploader_spectral9,freesound_uploader_spectral9,foreground_bank_train
fsd50k_glass_breaking_5ed8ade0,glass_breaking,fsd50k,freesound_uploader_ascap,freesound_uploader_ascap,foreground_bank_train
fsd50k_glass_breaking_5ee37890,glass_breaking,fsd50k,freesound_uploader_Roxis_Boy,freesound_uploader_Roxis_Boy,foreground_bank_train
fsd50k_glass_breaking_5fa7c1d3,glass_breaking,fsd50k,freesound_uploader_ascap,freesound_uploader_ascap,foreground_bank_train
fsd50k_glass_breaking_60019518,glass_breaking,fsd50k,freesound_uploader_goldendiaphragm,freesound_uploader_goldendiaphragm,foreground_bank_train
fsd50k_glass_breaking_60940958,glass_breaking,fsd50k,freesound_uploader_spectral9,freesound_uploader_spectral9,foreground_bank_train
fsd50k_glass_breaking_60adec82,glass_breaking,fsd50k,freesound_uploader_ascap,freesound_uploader_ascap,foreground_bank_train
fsd50k_glass_breaking_61464e63,glass_breaking,fsd50k,freesound_uploader_gevaroy,freesound_uploader_gevaroy,foreground_bank_train
fsd50k_glass_breaking_61941be0,glass_breaking,fsd50k,freesound_uploader_elinevera,freesound_uploader_elinevera,foreground_bank_train
fsd50k_glass_breaking_6195c573,glass_breaking,fsd50k,freesound_uploader_JohanDeecke,freesound_uploader_JohanDeecke,foreground_bank_train
fsd50k_glass_breaking_62079d22,glass_breaking,fsd50k,freesound_uploader_CGEffex,freesound_uploader_CGEffex,foreground_bank_train
fsd50k_glass_breaking_621183f6,glass_breaking,fsd50k,freesound_uploader_lsprice,freesound_uploader_lsprice,foreground_bank_train
fsd50k_glass_breaking_62f58a7c,glass_breaking,fsd50k,freesound_uploader_ascap,freesound_uploader_ascap,foreground_bank_train
fsd50k_glass_breaking_632d9dec,glass_breaking,fsd50k,freesound_uploader_Eponn,freesound_uploader_Eponn,foreground_bank_train
fsd50k_glass_breaking_63e17c26,glass_breaking,fsd50k,freesound_uploader_jorickhoofd,freesound_uploader_jorickhoofd,foreground_bank_train
fsd50k_glass_breaking_656f75a2,glass_breaking,fsd50k,freesound_uploader_JohanDeecke,freesound_uploader_JohanDeecke,foreground_bank_train
fsd50k_glass_breaking_6573683b,glass_breaking,fsd50k,freesound_uploader_Tritus,freesound_uploader_Tritus,foreground_bank_train
fsd50k_glass_breaking_65937802,glass_breaking,fsd50k,freesound_uploader_lsprice,freesound_uploader_lsprice,foreground_bank_train
fsd50k_glass_breaking_66822934,glass_breaking,fsd50k,freesound_uploader_lsprice,freesound_uploader_lsprice,foreground_bank_train
fsd50k_glass_breaking_679137f8,glass_breaking,fsd50k,freesound_uploader_InspectorJ,freesound_uploader_InspectorJ,foreground_bank_train
fsd50k_glass_breaking_67bd1d8d,glass_breaking,fsd50k,freesound_uploader_ascap,freesound_uploader_ascap,foreground_bank_train
fsd50k_glass_breaking_687581e0,glass_breaking,fsd50k,freesound_uploader_EdgardEdition,freesound_uploader_EdgardEdition,foreground_bank_train
fsd50k_glass_breaking_68b11879,glass_breaking,fsd50k,freesound_uploader_lsprice,freesound_uploader_lsprice,foreground_bank_train
fsd50k_glass_breaking_68fd1ca0,glass_breaking,fsd50k,freesound_uploader_FunWithSound,freesound_uploader_FunWithSound,foreground_bank_train
fsd50k_glass_breaking_691277ea,glass_breaking,fsd50k,freesound_uploader_ascap,freesound_uploader_ascap,foreground_bank_train
fsd50k_glass_breaking_693cd96d,glass_breaking,fsd50k,freesound_uploader_arnaud coutancier,freesound_uploader_arnaud coutancier,foreground_bank_train
fsd50k_glass_breaking_6c1ffa0c,glass_breaking,fsd50k,freesound_uploader_Black Snow,freesound_uploader_Black Snow,foreground_bank_train
fsd50k_glass_breaking_6c439fbc,glass_breaking,fsd50k,freesound_uploader_spectral9,freesound_uploader_spectral9,foreground_bank_train
fsd50k_glass_breaking_6d5c7c6d,glass_breaking,fsd50k,freesound_uploader_enelportaldebelenhayestrellas,freesound_uploader_enelportaldebelenhayestrellas,foreground_bank_train
fsd50k_glass_breaking_6e02dc18,glass_breaking,fsd50k,freesound_uploader_RSilveira_88,freesound_uploader_RSilveira_88,foreground_bank_train
fsd50k_glass_breaking_6f053d4e,glass_breaking,fsd50k,freesound_uploader_de-rez,freesound_uploader_de-rez,foreground_bank_train
fsd50k_glass_breaking_6f31b414,glass_breaking,fsd50k,freesound_uploader_spectral9,freesound_uploader_spectral9,foreground_bank_train
fsd50k_glass_breaking_6f54e4a9,glass_breaking,fsd50k,freesound_uploader_Andre_Desartistes,freesound_uploader_Andre_Desartistes,foreground_bank_train
fsd50k_glass_breaking_6fa1b613,glass_breaking,fsd50k,freesound_uploader_ascap,freesound_uploader_ascap,foreground_bank_train
fsd50k_glass_breaking_6fc2b06c,glass_breaking,fsd50k,freesound_uploader_jorickhoofd,freesound_uploader_jorickhoofd,foreground_bank_train
fsd50k_glass_breaking_7032b227,glass_breaking,fsd50k,freesound_uploader_lsprice,freesound_uploader_lsprice,foreground_bank_train
fsd50k_glass_breaking_705203f2,glass_breaking,fsd50k,freesound_uploader_gevaroy,freesound_uploader_gevaroy,foreground_bank_train
fsd50k_glass_breaking_7149bc90,glass_breaking,fsd50k,freesound_uploader_arnaud coutancier,freesound_uploader_arnaud coutancier,foreground_bank_train
fsd50k_glass_breaking_724552ce,glass_breaking,fsd50k,freesound_uploader_ngruber,freesound_uploader_ngruber,foreground_bank_train
fsd50k_glass_breaking_7417a7e8,glass_breaking,fsd50k,freesound_uploader_ascap,freesound_uploader_ascap,foreground_bank_train
fsd50k_glass_breaking_7426c80b,glass_breaking,fsd50k,freesound_uploader_Natty23,freesound_uploader_Natty23,foreground_bank_train
fsd50k_glass_breaking_74403558,glass_breaking,fsd50k,freesound_uploader_FunWithSound,freesound_uploader_FunWithSound,foreground_bank_train
fsd50k_glass_breaking_74f685a8,glass_breaking,fsd50k,freesound_uploader_lsprice,freesound_uploader_lsprice,foreground_bank_train
fsd50k_glass_breaking_7507c93e,glass_breaking,fsd50k,freesound_uploader_InspectorJ,freesound_uploader_InspectorJ,foreground_bank_train
fsd50k_glass_breaking_754db1e2,glass_breaking,fsd50k,freesound_uploader_13GPanska_Novakova_Klara,freesound_uploader_13GPanska_Novakova_Klara,foreground_bank_train
fsd50k_glass_breaking_75ec52f0,glass_breaking,fsd50k,freesound_uploader_YleArkisto,freesound_uploader_YleArkisto,foreground_bank_train
fsd50k_glass_breaking_7717c3f2,glass_breaking,fsd50k,freesound_uploader_lsprice,freesound_uploader_lsprice,foreground_bank_train
fsd50k_glass_breaking_777c8aa0,glass_breaking,fsd50k,freesound_uploader_InspectorJ,freesound_uploader_InspectorJ,foreground_bank_train
fsd50k_glass_breaking_77a1ec8b,glass_breaking,fsd50k,freesound_uploader_JohanDeecke,freesound_uploader_JohanDeecke,foreground_bank_train
fsd50k_glass_breaking_78583439,glass_breaking,fsd50k,freesound_uploader_YleArkisto,freesound_uploader_YleArkisto,foreground_bank_train
fsd50k_glass_breaking_786f0e77,glass_breaking,fsd50k,freesound_uploader_gevaroy,freesound_uploader_gevaroy,foreground_bank_train
fsd50k_glass_breaking_787ea3a7,glass_breaking,fsd50k,freesound_uploader_FunWithSound,freesound_uploader_FunWithSound,foreground_bank_train
fsd50k_glass_breaking_78f2b553,glass_breaking,fsd50k,freesound_uploader_jorickhoofd,freesound_uploader_jorickhoofd,foreground_bank_train
fsd50k_glass_breaking_797b79c0,glass_breaking,fsd50k,freesound_uploader_RSilveira_88,freesound_uploader_RSilveira_88,foreground_bank_train
fsd50k_glass_breaking_79fa04c4,glass_breaking,fsd50k,freesound_uploader_RSilveira_88,freesound_uploader_RSilveira_88,foreground_bank_train
fsd50k_glass_breaking_79fdc2af,glass_breaking,fsd50k,freesound_uploader_goldendiaphragm,freesound_uploader_goldendiaphragm,foreground_bank_train
fsd50k_glass_breaking_79fe7a81,glass_breaking,fsd50k,freesound_uploader_Glitchedtones,freesound_uploader_Glitchedtones,foreground_bank_train
fsd50k_glass_breaking_7a58a983,glass_breaking,fsd50k,freesound_uploader_FunWithSound,freesound_uploader_FunWithSound,foreground_bank_train
fsd50k_glass_breaking_7a823391,glass_breaking,fsd50k,freesound_uploader_lsprice,freesound_uploader_lsprice,foreground_bank_train
fsd50k_glass_breaking_7aa35ed2,glass_breaking,fsd50k,freesound_uploader_sgarrison2127,freesound_uploader_sgarrison2127,foreground_bank_train
fsd50k_glass_breaking_7aacdd27,glass_breaking,fsd50k,freesound_uploader_acclivity,freesound_uploader_acclivity,foreground_bank_train
fsd50k_glass_breaking_7ad166d7,glass_breaking,fsd50k,freesound_uploader_lsprice,freesound_uploader_lsprice,foreground_bank_train
fsd50k_glass_breaking_7cd53752,glass_breaking,fsd50k,freesound_uploader_gevaroy,freesound_uploader_gevaroy,foreground_bank_train
fsd50k_glass_breaking_7d91a6ad,glass_breaking,fsd50k,freesound_uploader_lsprice,freesound_uploader_lsprice,foreground_bank_train
fsd50k_glass_breaking_7dbab417,glass_breaking,fsd50k,freesound_uploader_ascap,freesound_uploader_ascap,foreground_bank_train
fsd50k_glass_breaking_7ddcca95,glass_breaking,fsd50k,freesound_uploader_MysteryPancake,freesound_uploader_MysteryPancake,foreground_bank_train
fsd50k_glass_breaking_7e7796d8,glass_breaking,fsd50k,freesound_uploader_ekfink,freesound_uploader_ekfink,foreground_bank_train
fsd50k_glass_breaking_7ea5d228,glass_breaking,fsd50k,freesound_uploader_FreqMan,freesound_uploader_FreqMan,foreground_bank_train
fsd50k_glass_breaking_7f418359,glass_breaking,fsd50k,freesound_uploader_MysteryPancake,freesound_uploader_MysteryPancake,foreground_bank_train
fsd50k_glass_breaking_7fa083ea,glass_breaking,fsd50k,freesound_uploader_kingsrow,freesound_uploader_kingsrow,foreground_bank_train
fsd50k_glass_breaking_816df303,glass_breaking,fsd50k,freesound_uploader_spookymodem,freesound_uploader_spookymodem,foreground_bank_train
fsd50k_glass_breaking_81cb0a86,glass_breaking,fsd50k,freesound_uploader_arnaud coutancier,freesound_uploader_arnaud coutancier,foreground_bank_train
fsd50k_glass_breaking_81d27b89,glass_breaking,fsd50k,freesound_uploader_Robinhood76,freesound_uploader_Robinhood76,foreground_bank_train
fsd50k_glass_breaking_82621d84,glass_breaking,fsd50k,freesound_uploader_mikaelfernstrom,freesound_uploader_mikaelfernstrom,foreground_bank_train
fsd50k_glass_breaking_82c1f0d9,glass_breaking,fsd50k,freesound_uploader_iut_Paris8,freesound_uploader_iut_Paris8,foreground_bank_train
fsd50k_glass_breaking_82e79c1a,glass_breaking,fsd50k,freesound_uploader_JohanDeecke,freesound_uploader_JohanDeecke,foreground_bank_train
fsd50k_glass_breaking_82ebf851,glass_breaking,fsd50k,freesound_uploader_gevaroy,freesound_uploader_gevaroy,foreground_bank_train
fsd50k_glass_breaking_82f9beb7,glass_breaking,fsd50k,freesound_uploader_jorickhoofd,freesound_uploader_jorickhoofd,foreground_bank_train
fsd50k_glass_breaking_830be8b8,glass_breaking,fsd50k,freesound_uploader_Craxic,freesound_uploader_Craxic,foreground_bank_train
fsd50k_glass_breaking_83476c65,glass_breaking,fsd50k,freesound_uploader_lsprice,freesound_uploader_lsprice,foreground_bank_train
fsd50k_glass_breaking_835fc1ba,glass_breaking,fsd50k,freesound_uploader_lsprice,freesound_uploader_lsprice,foreground_bank_train
fsd50k_glass_breaking_846abdcc,glass_breaking,fsd50k,freesound_uploader_lsprice,freesound_uploader_lsprice,foreground_bank_train
fsd50k_glass_breaking_84a6d3b1,glass_breaking,fsd50k,freesound_uploader_FunWithSound,freesound_uploader_FunWithSound,foreground_bank_train
fsd50k_glass_breaking_854d9043,glass_breaking,fsd50k,freesound_uploader_lsprice,freesound_uploader_lsprice,foreground_bank_train
fsd50k_glass_breaking_86557ecd,glass_breaking,fsd50k,freesound_uploader_ssalo,freesound_uploader_ssalo,foreground_bank_train
fsd50k_glass_breaking_8820c311,glass_breaking,fsd50k,freesound_uploader_hihirex,freesound_uploader_hihirex,foreground_bank_train
fsd50k_glass_breaking_883c1701,glass_breaking,fsd50k,freesound_uploader_romulofs,freesound_uploader_romulofs,foreground_bank_train
fsd50k_glass_breaking_89e14e1f,glass_breaking,fsd50k,freesound_uploader_andre.rocha.nascimento,freesound_uploader_andre.rocha.nascimento,foreground_bank_train
fsd50k_glass_breaking_8b523c63,glass_breaking,fsd50k,freesound_uploader_FunWithSound,freesound_uploader_FunWithSound,foreground_bank_train
fsd50k_glass_breaking_8c0016e4,glass_breaking,fsd50k,freesound_uploader_gevaroy,freesound_uploader_gevaroy,foreground_bank_train
fsd50k_glass_breaking_8c470911,glass_breaking,fsd50k,freesound_uploader_MysteryPancake,freesound_uploader_MysteryPancake,foreground_bank_train
fsd50k_glass_breaking_8d494935,glass_breaking,fsd50k,freesound_uploader_lsprice,freesound_uploader_lsprice,foreground_bank_train
fsd50k_glass_breaking_8d552fc1,glass_breaking,fsd50k,freesound_uploader_MysteryPancake,freesound_uploader_MysteryPancake,foreground_bank_train
fsd50k_glass_breaking_8d98e597,glass_breaking,fsd50k,freesound_uploader_Craxic,freesound_uploader_Craxic,foreground_bank_train
fsd50k_glass_breaking_8da45861,glass_breaking,fsd50k,freesound_uploader_Craxic,freesound_uploader_Craxic,foreground_bank_train
fsd50k_glass_breaking_8ed77f69,glass_breaking,fsd50k,freesound_uploader_ascap,freesound_uploader_ascap,foreground_bank_train
fsd50k_glass_breaking_8ef7bb91,glass_breaking,fsd50k,freesound_uploader_JohanDeecke,freesound_uploader_JohanDeecke,foreground_bank_train
fsd50k_glass_breaking_8f88939e,glass_breaking,fsd50k,freesound_uploader_bulbastre,freesound_uploader_bulbastre,foreground_bank_train
fsd50k_glass_breaking_8f989119,glass_breaking,fsd50k,freesound_uploader_gevaroy,freesound_uploader_gevaroy,foreground_bank_train
fsd50k_glass_breaking_8fb847df,glass_breaking,fsd50k,freesound_uploader_Andre_Desartistes,freesound_uploader_Andre_Desartistes,foreground_bank_train
fsd50k_glass_breaking_8fbe097a,glass_breaking,fsd50k,freesound_uploader_b.ploetzeneder,freesound_uploader_b.ploetzeneder,foreground_bank_train
fsd50k_glass_breaking_90517723,glass_breaking,fsd50k,freesound_uploader_lsprice,freesound_uploader_lsprice,foreground_bank_train
fsd50k_glass_breaking_905249a0,glass_breaking,fsd50k,freesound_uploader_qubodup,freesound_uploader_qubodup,foreground_bank_train
fsd50k_glass_breaking_90f7f0ea,glass_breaking,fsd50k,freesound_uploader_hanstimm,freesound_uploader_hanstimm,foreground_bank_train
fsd50k_glass_breaking_9118f5df,glass_breaking,fsd50k,freesound_uploader_mikaelfernstrom,freesound_uploader_mikaelfernstrom,foreground_bank_train
fsd50k_glass_breaking_91a6cc8d,glass_breaking,fsd50k,freesound_uploader_ascap,freesound_uploader_ascap,foreground_bank_train
fsd50k_glass_breaking_923385d5,glass_breaking,fsd50k,freesound_uploader_Agaxly,freesound_uploader_Agaxly,foreground_bank_train
fsd50k_glass_breaking_94271727,glass_breaking,fsd50k,freesound_uploader_Zabuhailo,freesound_uploader_Zabuhailo,foreground_bank_train
fsd50k_glass_breaking_94a95e73,glass_breaking,fsd50k,freesound_uploader_lsprice,freesound_uploader_lsprice,foreground_bank_train
fsd50k_glass_breaking_960c8832,glass_breaking,fsd50k,freesound_uploader_LiamG_SFX,freesound_uploader_LiamG_SFX,foreground_bank_train
fsd50k_glass_breaking_9795773f,glass_breaking,fsd50k,freesound_uploader_jorickhoofd,freesound_uploader_jorickhoofd,foreground_bank_train
fsd50k_glass_breaking_97f0b2d9,glass_breaking,fsd50k,freesound_uploader_gevaroy,freesound_uploader_gevaroy,foreground_bank_train
fsd50k_glass_breaking_97f20ab7,glass_breaking,fsd50k,freesound_uploader_ascap,freesound_uploader_ascap,foreground_bank_train
fsd50k_glass_breaking_981e4e66,glass_breaking,fsd50k,freesound_uploader_kikorurelas,freesound_uploader_kikorurelas,foreground_bank_train
fsd50k_glass_breaking_986e4bdc,glass_breaking,fsd50k,freesound_uploader_mickfire,freesound_uploader_mickfire,foreground_bank_train
fsd50k_glass_breaking_986f0ea8,glass_breaking,fsd50k,freesound_uploader_lsprice,freesound_uploader_lsprice,foreground_bank_train
fsd50k_glass_breaking_98db263c,glass_breaking,fsd50k,freesound_uploader_lsprice,freesound_uploader_lsprice,foreground_bank_train
fsd50k_glass_breaking_992e3d23,glass_breaking,fsd50k,freesound_uploader_arnaud coutancier,freesound_uploader_arnaud coutancier,foreground_bank_train
fsd50k_glass_breaking_99ab1989,glass_breaking,fsd50k,freesound_uploader_Snapper4298,freesound_uploader_Snapper4298,foreground_bank_train
fsd50k_glass_breaking_99cc9bd8,glass_breaking,fsd50k,freesound_uploader_C_Rogers,freesound_uploader_C_Rogers,foreground_bank_train
fsd50k_glass_breaking_9a8217b4,glass_breaking,fsd50k,freesound_uploader_C_Rogers,freesound_uploader_C_Rogers,foreground_bank_train
fsd50k_glass_breaking_9b0b09df,glass_breaking,fsd50k,freesound_uploader_lsprice,freesound_uploader_lsprice,foreground_bank_train
fsd50k_glass_breaking_9ba866f6,glass_breaking,fsd50k,freesound_uploader_13GPanska_Gorbusinova_Anna,freesound_uploader_13GPanska_Gorbusinova_Anna,foreground_bank_train
fsd50k_glass_breaking_9becfe5d,glass_breaking,fsd50k,freesound_uploader_EverHeat,freesound_uploader_EverHeat,foreground_bank_train
fsd50k_glass_breaking_9e330f1e,glass_breaking,fsd50k,freesound_uploader_gevaroy,freesound_uploader_gevaroy,foreground_bank_train
fsd50k_glass_breaking_9e5e3c76,glass_breaking,fsd50k,freesound_uploader_Craxic,freesound_uploader_Craxic,foreground_bank_train
fsd50k_glass_breaking_9e7004b3,glass_breaking,fsd50k,freesound_uploader_lsprice,freesound_uploader_lsprice,foreground_bank_train
fsd50k_glass_breaking_9e70cad3,glass_breaking,fsd50k,freesound_uploader_Craxic,freesound_uploader_Craxic,foreground_bank_train
fsd50k_glass_breaking_9eb3f2eb,glass_breaking,fsd50k,freesound_uploader_unfa,freesound_uploader_unfa,foreground_bank_train
fsd50k_glass_breaking_9ebdc3d3,glass_breaking,fsd50k,freesound_uploader_ramiro1007,freesound_uploader_ramiro1007,foreground_bank_train
fsd50k_glass_breaking_9f19f489,glass_breaking,fsd50k,freesound_uploader_gevaroy,freesound_uploader_gevaroy,foreground_bank_train
fsd50k_glass_breaking_9f606e48,glass_breaking,fsd50k,freesound_uploader_ChrisReierson,freesound_uploader_ChrisReierson,foreground_bank_train
fsd50k_glass_breaking_a1090c31,glass_breaking,fsd50k,freesound_uploader_j1987,freesound_uploader_j1987,foreground_bank_train
fsd50k_glass_breaking_a1371bc4,glass_breaking,fsd50k,freesound_uploader_MysteryPancake,freesound_uploader_MysteryPancake,foreground_bank_train
fsd50k_glass_breaking_a19d9ef9,glass_breaking,fsd50k,freesound_uploader_Spankous,freesound_uploader_Spankous,foreground_bank_train
fsd50k_glass_breaking_a1c17905,glass_breaking,fsd50k,freesound_uploader_lsprice,freesound_uploader_lsprice,foreground_bank_train
fsd50k_glass_breaking_a4889e02,glass_breaking,fsd50k,freesound_uploader_mwhitcomb83,freesound_uploader_mwhitcomb83,foreground_bank_train
fsd50k_glass_breaking_a6ef8d99,glass_breaking,fsd50k,freesound_uploader_Hollens,freesound_uploader_Hollens,foreground_bank_train
fsd50k_glass_breaking_a7ef01c6,glass_breaking,fsd50k,freesound_uploader_MegaPenguin13,freesound_uploader_MegaPenguin13,foreground_bank_train
fsd50k_glass_breaking_a8283385,glass_breaking,fsd50k,freesound_uploader_cmusounddesign,freesound_uploader_cmusounddesign,foreground_bank_train
fsd50k_glass_breaking_a8862b59,glass_breaking,fsd50k,freesound_uploader_SinewaveLab,freesound_uploader_SinewaveLab,foreground_bank_train
fsd50k_glass_breaking_a9f79313,glass_breaking,fsd50k,freesound_uploader_CGEffex,freesound_uploader_CGEffex,foreground_bank_train
fsd50k_glass_breaking_aa0f6be1,glass_breaking,fsd50k,freesound_uploader_lsprice,freesound_uploader_lsprice,foreground_bank_train
fsd50k_glass_breaking_aa9e7840,glass_breaking,fsd50k,freesound_uploader_gevaroy,freesound_uploader_gevaroy,foreground_bank_train
fsd50k_glass_breaking_ab600b92,glass_breaking,fsd50k,freesound_uploader_FxKid2,freesound_uploader_FxKid2,foreground_bank_train
fsd50k_glass_breaking_abf72655,glass_breaking,fsd50k,freesound_uploader_13GPanska_Cihala_Vilem,freesound_uploader_13GPanska_Cihala_Vilem,foreground_bank_train
fsd50k_glass_breaking_ad16e6c6,glass_breaking,fsd50k,freesound_uploader_spectral9,freesound_uploader_spectral9,foreground_bank_train
fsd50k_glass_breaking_ad919cef,glass_breaking,fsd50k,freesound_uploader_Agaxly,freesound_uploader_Agaxly,foreground_bank_train
fsd50k_glass_breaking_ae71af79,glass_breaking,fsd50k,freesound_uploader_arnaud coutancier,freesound_uploader_arnaud coutancier,foreground_bank_train
fsd50k_glass_breaking_b14325e0,glass_breaking,fsd50k,freesound_uploader_spectral9,freesound_uploader_spectral9,foreground_bank_train
fsd50k_glass_breaking_b1f534f3,glass_breaking,fsd50k,freesound_uploader_lsprice,freesound_uploader_lsprice,foreground_bank_train
fsd50k_glass_breaking_b295928e,glass_breaking,fsd50k,freesound_uploader_sandyrb,freesound_uploader_sandyrb,foreground_bank_train
fsd50k_glass_breaking_b2f39c91,glass_breaking,fsd50k,freesound_uploader_JohanDeecke,freesound_uploader_JohanDeecke,foreground_bank_train
fsd50k_glass_breaking_b2fce049,glass_breaking,fsd50k,freesound_uploader_FunWithSound,freesound_uploader_FunWithSound,foreground_bank_train
fsd50k_glass_breaking_b341aaf4,glass_breaking,fsd50k,freesound_uploader_lsprice,freesound_uploader_lsprice,foreground_bank_train
fsd50k_glass_breaking_b3b8ccb4,glass_breaking,fsd50k,freesound_uploader_ascap,freesound_uploader_ascap,foreground_bank_train
fsd50k_glass_breaking_b3e081ab,glass_breaking,fsd50k,freesound_uploader_gevaroy,freesound_uploader_gevaroy,foreground_bank_train
fsd50k_glass_breaking_b3f1e29f,glass_breaking,fsd50k,freesound_uploader_qyxs,freesound_uploader_qyxs,foreground_bank_train
fsd50k_glass_breaking_b3f7a33b,glass_breaking,fsd50k,freesound_uploader_Craxic,freesound_uploader_Craxic,foreground_bank_train
fsd50k_glass_breaking_b3fe7c89,glass_breaking,fsd50k,freesound_uploader_FunWithSound,freesound_uploader_FunWithSound,foreground_bank_train
fsd50k_glass_breaking_b422d6f9,glass_breaking,fsd50k,freesound_uploader_Craxic,freesound_uploader_Craxic,foreground_bank_train
fsd50k_glass_breaking_b4370624,glass_breaking,fsd50k,freesound_uploader_unfa,freesound_uploader_unfa,foreground_bank_train
fsd50k_glass_breaking_b4556695,glass_breaking,fsd50k,freesound_uploader_RoganDerrick,freesound_uploader_RoganDerrick,foreground_bank_train
fsd50k_glass_breaking_b67a6864,glass_breaking,fsd50k,freesound_uploader_lsprice,freesound_uploader_lsprice,foreground_bank_train
fsd50k_glass_breaking_b6fdc547,glass_breaking,fsd50k,freesound_uploader_RoganDerrick,freesound_uploader_RoganDerrick,foreground_bank_train
fsd50k_glass_breaking_b73ec409,glass_breaking,fsd50k,freesound_uploader_spectral9,freesound_uploader_spectral9,foreground_bank_train
fsd50k_glass_breaking_b8ab4623,glass_breaking,fsd50k,freesound_uploader_ascap,freesound_uploader_ascap,foreground_bank_train
fsd50k_glass_breaking_b8b2303c,glass_breaking,fsd50k,freesound_uploader_arnaud coutancier,freesound_uploader_arnaud coutancier,foreground_bank_train
fsd50k_glass_breaking_b900bc1f,glass_breaking,fsd50k,freesound_uploader_jsbarrett,freesound_uploader_jsbarrett,foreground_bank_train
fsd50k_glass_breaking_b9634bae,glass_breaking,fsd50k,freesound_uploader_lsprice,freesound_uploader_lsprice,foreground_bank_train
fsd50k_glass_breaking_b96b1711,glass_breaking,fsd50k,freesound_uploader_Kyster,freesound_uploader_Kyster,foreground_bank_train
fsd50k_glass_breaking_ba2d25e6,glass_breaking,fsd50k,freesound_uploader_jsfft,freesound_uploader_jsfft,foreground_bank_train
fsd50k_glass_breaking_ba3b391a,glass_breaking,fsd50k,freesound_uploader_kingsrow,freesound_uploader_kingsrow,foreground_bank_train
fsd50k_glass_breaking_ba52a822,glass_breaking,fsd50k,freesound_uploader_FunWithSound,freesound_uploader_FunWithSound,foreground_bank_train
fsd50k_glass_breaking_ba99bc78,glass_breaking,fsd50k,freesound_uploader_gevaroy,freesound_uploader_gevaroy,foreground_bank_train
fsd50k_glass_breaking_bc24cecc,glass_breaking,fsd50k,freesound_uploader_lsprice,freesound_uploader_lsprice,foreground_bank_train
fsd50k_glass_breaking_bf126e85,glass_breaking,fsd50k,freesound_uploader_supersnd,freesound_uploader_supersnd,foreground_bank_train
fsd50k_glass_breaking_c08ea42d,glass_breaking,fsd50k,freesound_uploader_cmusounddesign,freesound_uploader_cmusounddesign,foreground_bank_train
fsd50k_glass_breaking_c0f9dbaa,glass_breaking,fsd50k,freesound_uploader_lsprice,freesound_uploader_lsprice,foreground_bank_train
fsd50k_glass_breaking_c1ea5490,glass_breaking,fsd50k,freesound_uploader_FreqMan,freesound_uploader_FreqMan,foreground_bank_train
fsd50k_glass_breaking_c2693e4c,glass_breaking,fsd50k,freesound_uploader_lsprice,freesound_uploader_lsprice,foreground_bank_train
fsd50k_glass_breaking_c2db8bfd,glass_breaking,fsd50k,freesound_uploader_Aiwha,freesound_uploader_Aiwha,foreground_bank_train
fsd50k_glass_breaking_c4926a80,glass_breaking,fsd50k,freesound_uploader_jorickhoofd,freesound_uploader_jorickhoofd,foreground_bank_train
fsd50k_glass_breaking_c5dab96d,glass_breaking,fsd50k,freesound_uploader_gladkiy,freesound_uploader_gladkiy,foreground_bank_train
fsd50k_glass_breaking_c6966286,glass_breaking,fsd50k,freesound_uploader_jorickhoofd,freesound_uploader_jorickhoofd,foreground_bank_train
fsd50k_glass_breaking_c69c6280,glass_breaking,fsd50k,freesound_uploader_JohanDeecke,freesound_uploader_JohanDeecke,foreground_bank_train
fsd50k_glass_breaking_c6aa9872,glass_breaking,fsd50k,freesound_uploader_lsprice,freesound_uploader_lsprice,foreground_bank_train
fsd50k_glass_breaking_c74533c4,glass_breaking,fsd50k,freesound_uploader_Andre_Desartistes,freesound_uploader_Andre_Desartistes,foreground_bank_train
fsd50k_glass_breaking_c749e57c,glass_breaking,fsd50k,freesound_uploader_Craxic,freesound_uploader_Craxic,foreground_bank_train
fsd50k_glass_breaking_c88b1118,glass_breaking,fsd50k,freesound_uploader_sgarrison2127,freesound_uploader_sgarrison2127,foreground_bank_train
fsd50k_glass_breaking_c912d3aa,glass_breaking,fsd50k,freesound_uploader_gevaroy,freesound_uploader_gevaroy,foreground_bank_train
fsd50k_glass_breaking_c9ca6a2e,glass_breaking,fsd50k,freesound_uploader_Iamgiorgio,freesound_uploader_Iamgiorgio,foreground_bank_train
fsd50k_glass_breaking_ca842010,glass_breaking,fsd50k,freesound_uploader_delphidebrain,freesound_uploader_delphidebrain,foreground_bank_train
fsd50k_glass_breaking_cddd9ec1,glass_breaking,fsd50k,freesound_uploader_arnaud coutancier,freesound_uploader_arnaud coutancier,foreground_bank_train
fsd50k_glass_breaking_d028a019,glass_breaking,fsd50k,freesound_uploader_leandrocordeiro,freesound_uploader_leandrocordeiro,foreground_bank_train
fsd50k_glass_breaking_d029f243,glass_breaking,fsd50k,freesound_uploader_jorickhoofd,freesound_uploader_jorickhoofd,foreground_bank_train
fsd50k_glass_breaking_d02aab80,glass_breaking,fsd50k,freesound_uploader_JohanDeecke,freesound_uploader_JohanDeecke,foreground_bank_train
fsd50k_glass_breaking_d1736eb3,glass_breaking,fsd50k,freesound_uploader_rcpaes,freesound_uploader_rcpaes,foreground_bank_train
fsd50k_glass_breaking_d2508d46,glass_breaking,fsd50k,freesound_uploader_spectral9,freesound_uploader_spectral9,foreground_bank_train
fsd50k_glass_breaking_d35f6280,glass_breaking,fsd50k,freesound_uploader_Benboncan,freesound_uploader_Benboncan,foreground_bank_train
fsd50k_glass_breaking_d4aad51d,glass_breaking,fsd50k,freesound_uploader_FunWithSound,freesound_uploader_FunWithSound,foreground_bank_train
fsd50k_glass_breaking_d4c1558a,glass_breaking,fsd50k,freesound_uploader_FreqMan,freesound_uploader_FreqMan,foreground_bank_train
fsd50k_glass_breaking_d5ce0a25,glass_breaking,fsd50k,freesound_uploader_FunWithSound,freesound_uploader_FunWithSound,foreground_bank_train
fsd50k_glass_breaking_d6985599,glass_breaking,fsd50k,freesound_uploader_FunWithSound,freesound_uploader_FunWithSound,foreground_bank_train
fsd50k_glass_breaking_d6a93a94,glass_breaking,fsd50k,freesound_uploader_lsprice,freesound_uploader_lsprice,foreground_bank_train
fsd50k_glass_breaking_d79f3b71,glass_breaking,fsd50k,freesound_uploader_acclivity,freesound_uploader_acclivity,foreground_bank_train
fsd50k_glass_breaking_d8ceea6e,glass_breaking,fsd50k,freesound_uploader_klankbeeld,freesound_uploader_klankbeeld,foreground_bank_train
fsd50k_glass_breaking_d9332c59,glass_breaking,fsd50k,freesound_uploader_Craxic,freesound_uploader_Craxic,foreground_bank_train
fsd50k_glass_breaking_dad2386c,glass_breaking,fsd50k,freesound_uploader_de-rez,freesound_uploader_de-rez,foreground_bank_train
fsd50k_glass_breaking_db272cec,glass_breaking,fsd50k,freesound_uploader_GN2013,freesound_uploader_GN2013,foreground_bank_train
fsd50k_glass_breaking_dc9a4d58,glass_breaking,fsd50k,freesound_uploader_SpliceSound,freesound_uploader_SpliceSound,foreground_bank_train
fsd50k_glass_breaking_ddfc724f,glass_breaking,fsd50k,freesound_uploader_ramiro1007,freesound_uploader_ramiro1007,foreground_bank_train
fsd50k_glass_breaking_de6bb061,glass_breaking,fsd50k,freesound_uploader_rodincoil,freesound_uploader_rodincoil,foreground_bank_train
fsd50k_glass_breaking_deb514cf,glass_breaking,fsd50k,freesound_uploader_harri,freesound_uploader_harri,foreground_bank_train
fsd50k_glass_breaking_dec89242,glass_breaking,fsd50k,freesound_uploader_lsprice,freesound_uploader_lsprice,foreground_bank_train
fsd50k_glass_breaking_ded589ca,glass_breaking,fsd50k,freesound_uploader_JohanDeecke,freesound_uploader_JohanDeecke,foreground_bank_train
fsd50k_glass_breaking_df46bb62,glass_breaking,fsd50k,freesound_uploader_ascap,freesound_uploader_ascap,foreground_bank_train
fsd50k_glass_breaking_df851214,glass_breaking,fsd50k,freesound_uploader_JohanDeecke,freesound_uploader_JohanDeecke,foreground_bank_train
fsd50k_glass_breaking_e01cdb72,glass_breaking,fsd50k,freesound_uploader_ascap,freesound_uploader_ascap,foreground_bank_train
fsd50k_glass_breaking_e06443fb,glass_breaking,fsd50k,freesound_uploader_MysteryPancake,freesound_uploader_MysteryPancake,foreground_bank_train
fsd50k_glass_breaking_e0ac552c,glass_breaking,fsd50k,freesound_uploader_jorickhoofd,freesound_uploader_jorickhoofd,foreground_bank_train
fsd50k_glass_breaking_e1486b4f,glass_breaking,fsd50k,freesound_uploader_Nimrod2000,freesound_uploader_Nimrod2000,foreground_bank_train
fsd50k_glass_breaking_e197d4d6,glass_breaking,fsd50k,freesound_uploader_JohanDeecke,freesound_uploader_JohanDeecke,foreground_bank_train
fsd50k_glass_breaking_e1c0ef43,glass_breaking,fsd50k,freesound_uploader_Andre_Desartistes,freesound_uploader_Andre_Desartistes,foreground_bank_train
fsd50k_glass_breaking_e20786f6,glass_breaking,fsd50k,freesound_uploader_qubodup,freesound_uploader_qubodup,foreground_bank_train
fsd50k_glass_breaking_e214d2d0,glass_breaking,fsd50k,freesound_uploader_elinevera,freesound_uploader_elinevera,foreground_bank_train
fsd50k_glass_breaking_e27d8714,glass_breaking,fsd50k,freesound_uploader_FreqMan,freesound_uploader_FreqMan,foreground_bank_train
fsd50k_glass_breaking_e2910aef,glass_breaking,fsd50k,freesound_uploader_CosmicEmbers,freesound_uploader_CosmicEmbers,foreground_bank_train
fsd50k_glass_breaking_e39c5a2f,glass_breaking,fsd50k,freesound_uploader_RSilveira_88,freesound_uploader_RSilveira_88,foreground_bank_train
fsd50k_glass_breaking_e421e9d9,glass_breaking,fsd50k,freesound_uploader_lsprice,freesound_uploader_lsprice,foreground_bank_train
fsd50k_glass_breaking_e4b2079a,glass_breaking,fsd50k,freesound_uploader_jorickhoofd,freesound_uploader_jorickhoofd,foreground_bank_train
fsd50k_glass_breaking_e5591a89,glass_breaking,fsd50k,freesound_uploader_Craxic,freesound_uploader_Craxic,foreground_bank_train
fsd50k_glass_breaking_e6106d96,glass_breaking,fsd50k,freesound_uploader_captainvince,freesound_uploader_captainvince,foreground_bank_train
fsd50k_glass_breaking_e6f0babe,glass_breaking,fsd50k,freesound_uploader_lsprice,freesound_uploader_lsprice,foreground_bank_train
fsd50k_glass_breaking_e7370017,glass_breaking,fsd50k,freesound_uploader_S. Dedalus,freesound_uploader_S. Dedalus,foreground_bank_train
fsd50k_glass_breaking_e77add0d,glass_breaking,fsd50k,freesound_uploader_EverHeat,freesound_uploader_EverHeat,foreground_bank_train
fsd50k_glass_breaking_e7fa0966,glass_breaking,fsd50k,freesound_uploader_lsprice,freesound_uploader_lsprice,foreground_bank_train
fsd50k_glass_breaking_e844f154,glass_breaking,fsd50k,freesound_uploader_RSilveira_88,freesound_uploader_RSilveira_88,foreground_bank_train
fsd50k_glass_breaking_eab92fe3,glass_breaking,fsd50k,freesound_uploader_RSilveira_88,freesound_uploader_RSilveira_88,foreground_bank_train
fsd50k_glass_breaking_eaf5d0ce,glass_breaking,fsd50k,freesound_uploader_justBrando,freesound_uploader_justBrando,foreground_bank_train
fsd50k_glass_breaking_eb3c3704,glass_breaking,fsd50k,freesound_uploader_cmusounddesign,freesound_uploader_cmusounddesign,foreground_bank_train
fsd50k_glass_breaking_ecc10d14,glass_breaking,fsd50k,freesound_uploader_gevaroy,freesound_uploader_gevaroy,foreground_bank_train
fsd50k_glass_breaking_edaf2320,glass_breaking,fsd50k,freesound_uploader_Andre_Desartistes,freesound_uploader_Andre_Desartistes,foreground_bank_train
fsd50k_glass_breaking_edc7a556,glass_breaking,fsd50k,freesound_uploader_CosmicEmbers,freesound_uploader_CosmicEmbers,foreground_bank_train
fsd50k_glass_breaking_ee0b0d1d,glass_breaking,fsd50k,freesound_uploader_gevaroy,freesound_uploader_gevaroy,foreground_bank_train
fsd50k_glass_breaking_f002847e,glass_breaking,fsd50k,freesound_uploader_reddagger,freesound_uploader_reddagger,foreground_bank_train
fsd50k_glass_breaking_f01bc033,glass_breaking,fsd50k,freesound_uploader_klankbeeld,freesound_uploader_klankbeeld,foreground_bank_train
fsd50k_glass_breaking_f0dcb87a,glass_breaking,fsd50k,freesound_uploader_cmusounddesign,freesound_uploader_cmusounddesign,foreground_bank_train
fsd50k_glass_breaking_f11ddb94,glass_breaking,fsd50k,freesound_uploader_lsprice,freesound_uploader_lsprice,foreground_bank_train
fsd50k_glass_breaking_f177d009,glass_breaking,fsd50k,freesound_uploader_C_Rogers,freesound_uploader_C_Rogers,foreground_bank_train
fsd50k_glass_breaking_f18c44f2,glass_breaking,fsd50k,freesound_uploader_lsprice,freesound_uploader_lsprice,foreground_bank_train
fsd50k_glass_breaking_f26e3931,glass_breaking,fsd50k,freesound_uploader_jorickhoofd,freesound_uploader_jorickhoofd,foreground_bank_train
fsd50k_glass_breaking_f36fde75,glass_breaking,fsd50k,freesound_uploader_FunWithSound,freesound_uploader_FunWithSound,foreground_bank_train
fsd50k_glass_breaking_f3bb5499,glass_breaking,fsd50k,freesound_uploader_gevaroy,freesound_uploader_gevaroy,foreground_bank_train
fsd50k_glass_breaking_f4464966,glass_breaking,fsd50k,freesound_uploader_YleArkisto,freesound_uploader_YleArkisto,foreground_bank_train
fsd50k_glass_breaking_f4492558,glass_breaking,fsd50k,freesound_uploader_lsprice,freesound_uploader_lsprice,foreground_bank_train
fsd50k_glass_breaking_f46a15a2,glass_breaking,fsd50k,freesound_uploader_dheming,freesound_uploader_dheming,foreground_bank_train
fsd50k_glass_breaking_f4baad4c,glass_breaking,fsd50k,freesound_uploader_gladkiy,freesound_uploader_gladkiy,foreground_bank_train
fsd50k_glass_breaking_f502e532,glass_breaking,fsd50k,freesound_uploader_Anthousai,freesound_uploader_Anthousai,foreground_bank_train
fsd50k_glass_breaking_f56888bd,glass_breaking,fsd50k,freesound_uploader_dersuperanton,freesound_uploader_dersuperanton,foreground_bank_train
fsd50k_glass_breaking_f57f96e6,glass_breaking,fsd50k,freesound_uploader_chewiesmissus,freesound_uploader_chewiesmissus,foreground_bank_train
fsd50k_glass_breaking_f658fff8,glass_breaking,fsd50k,freesound_uploader_JohanDeecke,freesound_uploader_JohanDeecke,foreground_bank_train
fsd50k_glass_breaking_f67c46af,glass_breaking,fsd50k,freesound_uploader_zerolagtime,freesound_uploader_zerolagtime,foreground_bank_train
fsd50k_glass_breaking_f78a3b23,glass_breaking,fsd50k,freesound_uploader_ascap,freesound_uploader_ascap,foreground_bank_train
fsd50k_glass_breaking_f817df24,glass_breaking,fsd50k,freesound_uploader_unfa,freesound_uploader_unfa,foreground_bank_train
fsd50k_glass_breaking_f83cafb4,glass_breaking,fsd50k,freesound_uploader_FunWithSound,freesound_uploader_FunWithSound,foreground_bank_train
fsd50k_glass_breaking_f876fa63,glass_breaking,fsd50k,freesound_uploader_sam_x,freesound_uploader_sam_x,foreground_bank_train
fsd50k_glass_breaking_f8a79c2d,glass_breaking,fsd50k,freesound_uploader_cmusounddesign,freesound_uploader_cmusounddesign,foreground_bank_train
fsd50k_glass_breaking_f8f4eb1b,glass_breaking,fsd50k,freesound_uploader_ascap,freesound_uploader_ascap,foreground_bank_train
fsd50k_glass_breaking_f92e57d0,glass_breaking,fsd50k,freesound_uploader_JohanDeecke,freesound_uploader_JohanDeecke,foreground_bank_train
fsd50k_glass_breaking_f93c67ad,glass_breaking,fsd50k,freesound_uploader_YleArkisto,freesound_uploader_YleArkisto,foreground_bank_train
fsd50k_glass_breaking_f9c1a594,glass_breaking,fsd50k,freesound_uploader_MysteryPancake,freesound_uploader_MysteryPancake,foreground_bank_train
fsd50k_glass_breaking_fa16bac9,glass_breaking,fsd50k,freesound_uploader_lsprice,freesound_uploader_lsprice,foreground_bank_train
fsd50k_glass_breaking_fa35c5b6,glass_breaking,fsd50k,freesound_uploader_lsprice,freesound_uploader_lsprice,foreground_bank_train
fsd50k_glass_breaking_fb142f50,glass_breaking,fsd50k,freesound_uploader_qubodup,freesound_uploader_qubodup,foreground_bank_train
fsd50k_glass_breaking_fb2de83b,glass_breaking,fsd50k,freesound_uploader_FranciscoPadilla,freesound_uploader_FranciscoPadilla,foreground_bank_train
fsd50k_glass_breaking_fb8da0a9,glass_breaking,fsd50k,freesound_uploader_FunWithSound,freesound_uploader_FunWithSound,foreground_bank_train
fsd50k_glass_breaking_fd26b936,glass_breaking,fsd50k,freesound_uploader_martinimeniscus,freesound_uploader_martinimeniscus,foreground_bank_train
fsd50k_glass_breaking_fd71c9d0,glass_breaking,fsd50k,freesound_uploader_lsprice,freesound_uploader_lsprice,foreground_bank_train
fsd50k_glass_breaking_ff0fced4,glass_breaking,fsd50k,freesound_uploader_lsprice,freesound_uploader_lsprice,foreground_bank_train
fsd50k_gunshot_00473321,gunshot,fsd50k,freesound_uploader_duckduckpony,freesound_uploader_duckduckpony,foreground_bank_train
fsd50k_gunshot_00fa9f7a,gunshot,fsd50k,freesound_uploader_qubodup,freesound_uploader_qubodup,foreground_bank_train
fsd50k_gunshot_02d85695,gunshot,fsd50k,freesound_uploader_vabadus,freesound_uploader_vabadus,foreground_bank_train
fsd50k_gunshot_040a211d,gunshot,fsd50k,freesound_uploader_morganpurkis,freesound_uploader_morganpurkis,foreground_bank_train
fsd50k_gunshot_05462c09,gunshot,fsd50k,freesound_uploader_univ_lyon3,freesound_uploader_univ_lyon3,foreground_bank_train
fsd50k_gunshot_057174a3,gunshot,fsd50k,freesound_uploader_hendmik,freesound_uploader_hendmik,foreground_bank_train
fsd50k_gunshot_06aa1291,gunshot,fsd50k,freesound_uploader_qubodup,freesound_uploader_qubodup,foreground_bank_train
fsd50k_gunshot_07494ea6,gunshot,fsd50k,freesound_uploader_aaronsiler,freesound_uploader_aaronsiler,foreground_bank_train
fsd50k_gunshot_08b18e64,gunshot,fsd50k,freesound_uploader_morganpurkis,freesound_uploader_morganpurkis,foreground_bank_train
fsd50k_gunshot_099f80d8,gunshot,fsd50k,freesound_uploader_StephenSaldanha,freesound_uploader_StephenSaldanha,foreground_bank_train
fsd50k_gunshot_0c6eeca9,gunshot,fsd50k,freesound_uploader_YleArkisto,freesound_uploader_YleArkisto,foreground_bank_train
fsd50k_gunshot_10a72796,gunshot,fsd50k,freesound_uploader_qubodup,freesound_uploader_qubodup,foreground_bank_train
fsd50k_gunshot_11e13eb2,gunshot,fsd50k,freesound_uploader_AnthonyChan0,freesound_uploader_AnthonyChan0,foreground_bank_train
fsd50k_gunshot_1530dd4d,gunshot,fsd50k,freesound_uploader_carlnorthcore,freesound_uploader_carlnorthcore,foreground_bank_train
fsd50k_gunshot_1788cd96,gunshot,fsd50k,freesound_uploader_SuperPhat,freesound_uploader_SuperPhat,foreground_bank_train
fsd50k_gunshot_1bcf4058,gunshot,fsd50k,freesound_uploader_qubodup,freesound_uploader_qubodup,foreground_bank_train
fsd50k_gunshot_1c25f0cf,gunshot,fsd50k,freesound_uploader_Deganoth,freesound_uploader_Deganoth,foreground_bank_train
fsd50k_gunshot_1c90cbd9,gunshot,fsd50k,freesound_uploader_moosegravy,freesound_uploader_moosegravy,foreground_bank_train
fsd50k_gunshot_1d64c020,gunshot,fsd50k,freesound_uploader_nioczkus,freesound_uploader_nioczkus,foreground_bank_train
fsd50k_gunshot_1f092be4,gunshot,fsd50k,freesound_uploader_GokhanBiyik,freesound_uploader_GokhanBiyik,foreground_bank_train
fsd50k_gunshot_20aac7be,gunshot,fsd50k,freesound_uploader_qubodup,freesound_uploader_qubodup,foreground_bank_train
fsd50k_gunshot_21c74b25,gunshot,fsd50k,freesound_uploader_cedarstudios,freesound_uploader_cedarstudios,foreground_bank_train
fsd50k_gunshot_23acaa20,gunshot,fsd50k,freesound_uploader_reishugo,freesound_uploader_reishugo,foreground_bank_train
fsd50k_gunshot_245d4e46,gunshot,fsd50k,freesound_uploader_eCo77,freesound_uploader_eCo77,foreground_bank_train
fsd50k_gunshot_259ad471,gunshot,fsd50k,freesound_uploader_qubodup,freesound_uploader_qubodup,foreground_bank_train
fsd50k_gunshot_25b9166d,gunshot,fsd50k,freesound_uploader_Robinhood76,freesound_uploader_Robinhood76,foreground_bank_train
fsd50k_gunshot_27b3c814,gunshot,fsd50k,freesound_uploader_ceeqwa,freesound_uploader_ceeqwa,foreground_bank_train
fsd50k_gunshot_2991012c,gunshot,fsd50k,freesound_uploader_SoundCollectah,freesound_uploader_SoundCollectah,foreground_bank_train
fsd50k_gunshot_299d4a01,gunshot,fsd50k,freesound_uploader_CosmicEmbers,freesound_uploader_CosmicEmbers,foreground_bank_train
fsd50k_gunshot_2bef82d3,gunshot,fsd50k,freesound_uploader_JG_Booysen,freesound_uploader_JG_Booysen,foreground_bank_train
fsd50k_gunshot_2cf3fec3,gunshot,fsd50k,freesound_uploader_qubodup,freesound_uploader_qubodup,foreground_bank_train
fsd50k_gunshot_2dce5509,gunshot,fsd50k,freesound_uploader_qubodup,freesound_uploader_qubodup,foreground_bank_train
fsd50k_gunshot_2dfa8d7d,gunshot,fsd50k,freesound_uploader_qubodup,freesound_uploader_qubodup,foreground_bank_train
fsd50k_gunshot_31297776,gunshot,fsd50k,freesound_uploader_CGEffex,freesound_uploader_CGEffex,foreground_bank_train
fsd50k_gunshot_324cc548,gunshot,fsd50k,freesound_uploader_Frankie01234,freesound_uploader_Frankie01234,foreground_bank_train
fsd50k_gunshot_336471e2,gunshot,fsd50k,freesound_uploader_reishugo,freesound_uploader_reishugo,foreground_bank_train
fsd50k_gunshot_34438f55,gunshot,fsd50k,freesound_uploader_qubodup,freesound_uploader_qubodup,foreground_bank_train
fsd50k_gunshot_3540c704,gunshot,fsd50k,freesound_uploader_pgi,freesound_uploader_pgi,foreground_bank_train
fsd50k_gunshot_39ccba85,gunshot,fsd50k,freesound_uploader_tcawte,freesound_uploader_tcawte,foreground_bank_train
fsd50k_gunshot_3a006056,gunshot,fsd50k,freesound_uploader_cedarstudios,freesound_uploader_cedarstudios,foreground_bank_train
fsd50k_gunshot_3aae5ce2,gunshot,fsd50k,freesound_uploader_deleted_user_4401185,freesound_uploader_deleted_user_4401185,foreground_bank_train
fsd50k_gunshot_3ad92abe,gunshot,fsd50k,freesound_uploader_GreenFireSound,freesound_uploader_GreenFireSound,foreground_bank_train
fsd50k_gunshot_3ba25ff3,gunshot,fsd50k,freesound_uploader_AnthonyChan0,freesound_uploader_AnthonyChan0,foreground_bank_train
fsd50k_gunshot_3c3a3c8e,gunshot,fsd50k,freesound_uploader_nioczkus,freesound_uploader_nioczkus,foreground_bank_train
fsd50k_gunshot_3f21de2e,gunshot,fsd50k,freesound_uploader_Mattix,freesound_uploader_Mattix,foreground_bank_train
fsd50k_gunshot_41377fbd,gunshot,fsd50k,freesound_uploader_RandomX45,freesound_uploader_RandomX45,foreground_bank_train
fsd50k_gunshot_42bec35a,gunshot,fsd50k,freesound_uploader_Mattix145,freesound_uploader_Mattix145,foreground_bank_train
fsd50k_gunshot_43f40fa5,gunshot,fsd50k,freesound_uploader_jtragaudio,freesound_uploader_jtragaudio,foreground_bank_train
fsd50k_gunshot_4412cc10,gunshot,fsd50k,freesound_uploader_qubodup,freesound_uploader_qubodup,foreground_bank_train
fsd50k_gunshot_4814ce35,gunshot,fsd50k,freesound_uploader_ermfilm,freesound_uploader_ermfilm,foreground_bank_train
fsd50k_gunshot_48619192,gunshot,fsd50k,freesound_uploader_qubodup,freesound_uploader_qubodup,foreground_bank_train
fsd50k_gunshot_48c1d185,gunshot,fsd50k,freesound_uploader_ermfilm,freesound_uploader_ermfilm,foreground_bank_train
fsd50k_gunshot_4dc43062,gunshot,fsd50k,freesound_uploader_qubodup,freesound_uploader_qubodup,foreground_bank_train
fsd50k_gunshot_4e0c30e1,gunshot,fsd50k,freesound_uploader_coolguy244e,freesound_uploader_coolguy244e,foreground_bank_train
fsd50k_gunshot_4f3518e5,gunshot,fsd50k,freesound_uploader_eCo77,freesound_uploader_eCo77,foreground_bank_train
fsd50k_gunshot_4fef606e,gunshot,fsd50k,freesound_uploader_Mattix145,freesound_uploader_Mattix145,foreground_bank_train
fsd50k_gunshot_529f7862,gunshot,fsd50k,freesound_uploader_Cyberkineticfilms,freesound_uploader_Cyberkineticfilms,foreground_bank_train
fsd50k_gunshot_53d38c21,gunshot,fsd50k,freesound_uploader_DrinkingWindGames,freesound_uploader_DrinkingWindGames,foreground_bank_train
fsd50k_gunshot_54d3123c,gunshot,fsd50k,freesound_uploader_GokhanBiyik,freesound_uploader_GokhanBiyik,foreground_bank_train
fsd50k_gunshot_560282f5,gunshot,fsd50k,freesound_uploader_qubodup,freesound_uploader_qubodup,foreground_bank_train
fsd50k_gunshot_56665d67,gunshot,fsd50k,freesound_uploader_Mattix145,freesound_uploader_Mattix145,foreground_bank_train
fsd50k_gunshot_58dddbf0,gunshot,fsd50k,freesound_uploader_Deganoth,freesound_uploader_Deganoth,foreground_bank_train
fsd50k_gunshot_596b74f0,gunshot,fsd50k,freesound_uploader_aaronsiler,freesound_uploader_aaronsiler,foreground_bank_train
fsd50k_gunshot_5a3be124,gunshot,fsd50k,freesound_uploader_AugustSandberg,freesound_uploader_AugustSandberg,foreground_bank_train
fsd50k_gunshot_5a6e7979,gunshot,fsd50k,freesound_uploader_GreenFireSound,freesound_uploader_GreenFireSound,foreground_bank_train
fsd50k_gunshot_5b0857a8,gunshot,fsd50k,freesound_uploader_cedarstudios,freesound_uploader_cedarstudios,foreground_bank_train
fsd50k_gunshot_5b5a0e33,gunshot,fsd50k,freesound_uploader_qubodup,freesound_uploader_qubodup,foreground_bank_train
fsd50k_gunshot_5c4eabe3,gunshot,fsd50k,freesound_uploader_Pyrocamancer,freesound_uploader_Pyrocamancer,foreground_bank_train
fsd50k_gunshot_5d1c2aec,gunshot,fsd50k,freesound_uploader_gattoangus,freesound_uploader_gattoangus,foreground_bank_train
fsd50k_gunshot_5f3ec134,gunshot,fsd50k,freesound_uploader_newagesoup,freesound_uploader_newagesoup,foreground_bank_train
fsd50k_gunshot_5fa02c21,gunshot,fsd50k,freesound_uploader_SuperPhat,freesound_uploader_SuperPhat,foreground_bank_train
fsd50k_gunshot_60aba1f5,gunshot,fsd50k,freesound_uploader_morganpurkis,freesound_uploader_morganpurkis,foreground_bank_train
fsd50k_gunshot_60c6021a,gunshot,fsd50k,freesound_uploader_Deganoth,freesound_uploader_Deganoth,foreground_bank_train
fsd50k_gunshot_60e894b9,gunshot,fsd50k,freesound_uploader_qubodup,freesound_uploader_qubodup,foreground_bank_train
fsd50k_gunshot_658c7b0b,gunshot,fsd50k,freesound_uploader_Department64,freesound_uploader_Department64,foreground_bank_train
fsd50k_gunshot_6b7b9ee8,gunshot,fsd50k,freesound_uploader_GokhanBiyik,freesound_uploader_GokhanBiyik,foreground_bank_train
fsd50k_gunshot_6e00dd3d,gunshot,fsd50k,freesound_uploader_qubodup,freesound_uploader_qubodup,foreground_bank_train
fsd50k_gunshot_6efc093f,gunshot,fsd50k,freesound_uploader_qubodup,freesound_uploader_qubodup,foreground_bank_train
fsd50k_gunshot_6fa7e1e1,gunshot,fsd50k,freesound_uploader_awesomemann1234,freesound_uploader_awesomemann1234,foreground_bank_train
fsd50k_gunshot_706beb56,gunshot,fsd50k,freesound_uploader_jalastram,freesound_uploader_jalastram,foreground_bank_train
fsd50k_gunshot_72f3dbb1,gunshot,fsd50k,freesound_uploader_morganpurkis,freesound_uploader_morganpurkis,foreground_bank_train
fsd50k_gunshot_743f5d45,gunshot,fsd50k,freesound_uploader_AnthonyChan0,freesound_uploader_AnthonyChan0,foreground_bank_train
fsd50k_gunshot_7445fb6c,gunshot,fsd50k,freesound_uploader_WIM,freesound_uploader_WIM,foreground_bank_train
fsd50k_gunshot_74eefb4e,gunshot,fsd50k,freesound_uploader_GokhanBiyik,freesound_uploader_GokhanBiyik,foreground_bank_train
fsd50k_gunshot_765603e8,gunshot,fsd50k,freesound_uploader_rakurka,freesound_uploader_rakurka,foreground_bank_train
fsd50k_gunshot_770d2b37,gunshot,fsd50k,freesound_uploader_Mattix,freesound_uploader_Mattix,foreground_bank_train
fsd50k_gunshot_770d4c7d,gunshot,fsd50k,freesound_uploader_cedarstudios,freesound_uploader_cedarstudios,foreground_bank_train
fsd50k_gunshot_7738e8c9,gunshot,fsd50k,freesound_uploader_eCo77,freesound_uploader_eCo77,foreground_bank_train
fsd50k_gunshot_78a5376a,gunshot,fsd50k,freesound_uploader_CGEffex,freesound_uploader_CGEffex,foreground_bank_train
fsd50k_gunshot_79a9ee76,gunshot,fsd50k,freesound_uploader_moosegravy,freesound_uploader_moosegravy,foreground_bank_train
fsd50k_gunshot_7ef8b427,gunshot,fsd50k,freesound_uploader_qubodup,freesound_uploader_qubodup,foreground_bank_train
fsd50k_gunshot_87073300,gunshot,fsd50k,freesound_uploader_qubodup,freesound_uploader_qubodup,foreground_bank_train
fsd50k_gunshot_88996171,gunshot,fsd50k,freesound_uploader_qubodup,freesound_uploader_qubodup,foreground_bank_train
fsd50k_gunshot_89b6a719,gunshot,fsd50k,freesound_uploader_jalastram,freesound_uploader_jalastram,foreground_bank_train
fsd50k_gunshot_8bb0d344,gunshot,fsd50k,freesound_uploader_rsteck,freesound_uploader_rsteck,foreground_bank_train
fsd50k_gunshot_8c8f12cc,gunshot,fsd50k,freesound_uploader_LeMudCrab,freesound_uploader_LeMudCrab,foreground_bank_train
fsd50k_gunshot_8cabd436,gunshot,fsd50k,freesound_uploader_ERH,freesound_uploader_ERH,foreground_bank_train
fsd50k_gunshot_8cea442c,gunshot,fsd50k,freesound_uploader_steveygos93,freesound_uploader_steveygos93,foreground_bank_train
fsd50k_gunshot_8d62de1f,gunshot,fsd50k,freesound_uploader_eardeer,freesound_uploader_eardeer,foreground_bank_train
fsd50k_gunshot_915b007c,gunshot,fsd50k,freesound_uploader_qubodup,freesound_uploader_qubodup,foreground_bank_train
fsd50k_gunshot_962444c6,gunshot,fsd50k,freesound_uploader_PhreaKsAccount,freesound_uploader_PhreaKsAccount,foreground_bank_train
fsd50k_gunshot_96f46e9c,gunshot,fsd50k,freesound_uploader_YleArkisto,freesound_uploader_YleArkisto,foreground_bank_train
fsd50k_gunshot_97267944,gunshot,fsd50k,freesound_uploader_kante,freesound_uploader_kante,foreground_bank_train
fsd50k_gunshot_9c8bdc45,gunshot,fsd50k,freesound_uploader_senitiel,freesound_uploader_senitiel,foreground_bank_train
fsd50k_gunshot_9ddd35ad,gunshot,fsd50k,freesound_uploader_812402,freesound_uploader_812402,foreground_bank_train
fsd50k_gunshot_9f37eda5,gunshot,fsd50k,freesound_uploader_Mattix,freesound_uploader_Mattix,foreground_bank_train
fsd50k_gunshot_a188ae5e,gunshot,fsd50k,freesound_uploader_DrinkingWindGames,freesound_uploader_DrinkingWindGames,foreground_bank_train
fsd50k_gunshot_a1d7888a,gunshot,fsd50k,freesound_uploader_JohanDeecke,freesound_uploader_JohanDeecke,foreground_bank_train
fsd50k_gunshot_a217d21f,gunshot,fsd50k,freesound_uploader_Vosvoy,freesound_uploader_Vosvoy,foreground_bank_train
fsd50k_gunshot_a614a275,gunshot,fsd50k,freesound_uploader_Mattix,freesound_uploader_Mattix,foreground_bank_train
fsd50k_gunshot_a6928570,gunshot,fsd50k,freesound_uploader_vabadus,freesound_uploader_vabadus,foreground_bank_train
fsd50k_gunshot_a700eafa,gunshot,fsd50k,freesound_uploader_alex@vsi.tv,freesound_uploader_alex@vsi.tv,foreground_bank_train
fsd50k_gunshot_a78a19f2,gunshot,fsd50k,freesound_uploader_CGEffex,freesound_uploader_CGEffex,foreground_bank_train
fsd50k_gunshot_a8903c9a,gunshot,fsd50k,freesound_uploader_SpartanX109,freesound_uploader_SpartanX109,foreground_bank_train
fsd50k_gunshot_a93fab73,gunshot,fsd50k,freesound_uploader_rsteck,freesound_uploader_rsteck,foreground_bank_train
fsd50k_gunshot_a9ea1f1b,gunshot,fsd50k,freesound_uploader_qubodup,freesound_uploader_qubodup,foreground_bank_train
fsd50k_gunshot_b4cb9f8c,gunshot,fsd50k,freesound_uploader_AnthonyChan0,freesound_uploader_AnthonyChan0,foreground_bank_train
fsd50k_gunshot_b577e900,gunshot,fsd50k,freesound_uploader_cedarstudios,freesound_uploader_cedarstudios,foreground_bank_train
fsd50k_gunshot_b82986bf,gunshot,fsd50k,freesound_uploader_Kleeb,freesound_uploader_Kleeb,foreground_bank_train
fsd50k_gunshot_b95a7beb,gunshot,fsd50k,freesound_uploader_AugustSandberg,freesound_uploader_AugustSandberg,foreground_bank_train
fsd50k_gunshot_b95bfbfb,gunshot,fsd50k,freesound_uploader_ermfilm,freesound_uploader_ermfilm,foreground_bank_train
fsd50k_gunshot_ba6a8260,gunshot,fsd50k,freesound_uploader_Adam_N,freesound_uploader_Adam_N,foreground_bank_train
fsd50k_gunshot_bbd2f09a,gunshot,fsd50k,freesound_uploader_nioczkus,freesound_uploader_nioczkus,foreground_bank_train
fsd50k_gunshot_bc23f2a4,gunshot,fsd50k,freesound_uploader_SuperPhat,freesound_uploader_SuperPhat,foreground_bank_train
fsd50k_gunshot_bdf7dd38,gunshot,fsd50k,freesound_uploader_cedarstudios,freesound_uploader_cedarstudios,foreground_bank_train
fsd50k_gunshot_c0e06869,gunshot,fsd50k,freesound_uploader_qubodup,freesound_uploader_qubodup,foreground_bank_train
fsd50k_gunshot_c1c887c6,gunshot,fsd50k,freesound_uploader_Robinhood76,freesound_uploader_Robinhood76,foreground_bank_train
fsd50k_gunshot_c2c90576,gunshot,fsd50k,freesound_uploader_GreenFireSound,freesound_uploader_GreenFireSound,foreground_bank_train
fsd50k_gunshot_c3b2af8e,gunshot,fsd50k,freesound_uploader_GokhanBiyik,freesound_uploader_GokhanBiyik,foreground_bank_train
fsd50k_gunshot_c424933b,gunshot,fsd50k,freesound_uploader_quinte_besa,freesound_uploader_quinte_besa,foreground_bank_train
fsd50k_gunshot_c4b4c796,gunshot,fsd50k,freesound_uploader_YleArkisto,freesound_uploader_YleArkisto,foreground_bank_train
fsd50k_gunshot_c4e978cb,gunshot,fsd50k,freesound_uploader_jalastram,freesound_uploader_jalastram,foreground_bank_train
fsd50k_gunshot_c7e625f0,gunshot,fsd50k,freesound_uploader_Omar Alvarado,freesound_uploader_Omar Alvarado,foreground_bank_train
fsd50k_gunshot_cc6937a6,gunshot,fsd50k,freesound_uploader_Mattix145,freesound_uploader_Mattix145,foreground_bank_train
fsd50k_gunshot_cd17d071,gunshot,fsd50k,freesound_uploader_DrinkingWindGames,freesound_uploader_DrinkingWindGames,foreground_bank_train
fsd50k_gunshot_cd45c35f,gunshot,fsd50k,freesound_uploader_qubodup,freesound_uploader_qubodup,foreground_bank_train
fsd50k_gunshot_cd540a91,gunshot,fsd50k,freesound_uploader_AugustSandberg,freesound_uploader_AugustSandberg,foreground_bank_train
fsd50k_gunshot_cf3ca35f,gunshot,fsd50k,freesound_uploader_qubodup,freesound_uploader_qubodup,foreground_bank_train
fsd50k_gunshot_d17bbe49,gunshot,fsd50k,freesound_uploader_HerbertBoland,freesound_uploader_HerbertBoland,foreground_bank_train
fsd50k_gunshot_d1862669,gunshot,fsd50k,freesound_uploader_eardeer,freesound_uploader_eardeer,foreground_bank_train
fsd50k_gunshot_d199dcec,gunshot,fsd50k,freesound_uploader_morganpurkis,freesound_uploader_morganpurkis,foreground_bank_train
fsd50k_gunshot_d19ed653,gunshot,fsd50k,freesound_uploader_SuperPhat,freesound_uploader_SuperPhat,foreground_bank_train
fsd50k_gunshot_d729f23e,gunshot,fsd50k,freesound_uploader_vabadus,freesound_uploader_vabadus,foreground_bank_train
fsd50k_gunshot_d90654da,gunshot,fsd50k,freesound_uploader_qubodup,freesound_uploader_qubodup,foreground_bank_train
fsd50k_gunshot_d967061e,gunshot,fsd50k,freesound_uploader_Carmelomike,freesound_uploader_Carmelomike,foreground_bank_train
fsd50k_gunshot_da3999f4,gunshot,fsd50k,freesound_uploader_Jon285,freesound_uploader_Jon285,foreground_bank_train
fsd50k_gunshot_df8520aa,gunshot,fsd50k,freesound_uploader_fridobeck,freesound_uploader_fridobeck,foreground_bank_train
fsd50k_gunshot_e069782c,gunshot,fsd50k,freesound_uploader_nukemjustin,freesound_uploader_nukemjustin,foreground_bank_train
fsd50k_gunshot_e29ad141,gunshot,fsd50k,freesound_uploader_dobroide,freesound_uploader_dobroide,foreground_bank_train
fsd50k_gunshot_e56b4f21,gunshot,fsd50k,freesound_uploader_ngphil22,freesound_uploader_ngphil22,foreground_bank_train
fsd50k_gunshot_ebb7081e,gunshot,fsd50k,freesound_uploader_qubodup,freesound_uploader_qubodup,foreground_bank_train
fsd50k_gunshot_f20f884f,gunshot,fsd50k,freesound_uploader_dobroide,freesound_uploader_dobroide,foreground_bank_train
fsd50k_gunshot_f576d8d1,gunshot,fsd50k,freesound_uploader_Sonic,freesound_uploader_Sonic,foreground_bank_train
fsd50k_gunshot_f61ae707,gunshot,fsd50k,freesound_uploader_ngphil22,freesound_uploader_ngphil22,foreground_bank_train
fsd50k_gunshot_faf95891,gunshot,fsd50k,freesound_uploader_LeMudCrab,freesound_uploader_LeMudCrab,foreground_bank_train
fsd50k_gunshot_fbcad90e,gunshot,fsd50k,freesound_uploader_morganpurkis,freesound_uploader_morganpurkis,foreground_bank_train
fsd50k_gunshot_fd5502e4,gunshot,fsd50k,freesound_uploader_vabadus,freesound_uploader_vabadus,foreground_bank_train
urbansound8k_gunshot_00515724,gunshot,urbansound8k,freesound_148838,freesound_148838,foreground_bank_train
urbansound8k_gunshot_0096ccb0,gunshot,urbansound8k,freesound_174287,freesound_174287,foreground_bank_train
urbansound8k_gunshot_014010e1,gunshot,urbansound8k,freesound_136399,freesound_136399,foreground_bank_train
urbansound8k_gunshot_0175b772,gunshot,urbansound8k,freesound_133797,freesound_133797,foreground_bank_train
urbansound8k_gunshot_01b2844c,gunshot,urbansound8k,freesound_197318,freesound_197318,foreground_bank_train
urbansound8k_gunshot_02afa64a,gunshot,urbansound8k,freesound_52357,freesound_52357,foreground_bank_train
urbansound8k_gunshot_02e3d7f2,gunshot,urbansound8k,freesound_174289,freesound_174289,foreground_bank_train
urbansound8k_gunshot_03bb2c74,gunshot,urbansound8k,freesound_197318,freesound_197318,foreground_bank_train
urbansound8k_gunshot_04d45e12,gunshot,urbansound8k,freesound_162434,freesound_162434,foreground_bank_train
urbansound8k_gunshot_05b7ce51,gunshot,urbansound8k,freesound_76090,freesound_76090,foreground_bank_train
urbansound8k_gunshot_0709fcf4,gunshot,urbansound8k,freesound_162431,freesound_162431,foreground_bank_train
urbansound8k_gunshot_0790162a,gunshot,urbansound8k,freesound_77247,freesound_77247,foreground_bank_train
urbansound8k_gunshot_0859c2ab,gunshot,urbansound8k,freesound_135544,freesound_135544,foreground_bank_train
urbansound8k_gunshot_0946a453,gunshot,urbansound8k,freesound_162433,freesound_162433,foreground_bank_train
urbansound8k_gunshot_09f5b069,gunshot,urbansound8k,freesound_157207,freesound_157207,foreground_bank_train
urbansound8k_gunshot_0ade5cc6,gunshot,urbansound8k,freesound_174282,freesound_174282,foreground_bank_train
urbansound8k_gunshot_0b609e3b,gunshot,urbansound8k,freesound_46656,freesound_46656,foreground_bank_train
urbansound8k_gunshot_0e636a66,gunshot,urbansound8k,freesound_145206,freesound_145206,foreground_bank_train
urbansound8k_gunshot_0e85e5ce,gunshot,urbansound8k,freesound_7064,freesound_7064,foreground_bank_train
urbansound8k_gunshot_1258ae4e,gunshot,urbansound8k,freesound_135526,freesound_135526,foreground_bank_train
urbansound8k_gunshot_13c9455c,gunshot,urbansound8k,freesound_76091,freesound_76091,foreground_bank_train
urbansound8k_gunshot_13f7f9b2,gunshot,urbansound8k,freesound_200460,freesound_200460,foreground_bank_train
urbansound8k_gunshot_16faaf2e,gunshot,urbansound8k,freesound_84254,freesound_84254,foreground_bank_train
urbansound8k_gunshot_173a3cb0,gunshot,urbansound8k,freesound_164646,freesound_164646,foreground_bank_train
urbansound8k_gunshot_1820f28c,gunshot,urbansound8k,freesound_135526,freesound_135526,foreground_bank_train
urbansound8k_gunshot_188cb4eb,gunshot,urbansound8k,freesound_37236,freesound_37236,foreground_bank_train
urbansound8k_gunshot_18c9616a,gunshot,urbansound8k,freesound_135544,freesound_135544,foreground_bank_train
urbansound8k_gunshot_18e2286b,gunshot,urbansound8k,freesound_174294,freesound_174294,foreground_bank_train
urbansound8k_gunshot_19e27924,gunshot,urbansound8k,freesound_197320,freesound_197320,foreground_bank_train
urbansound8k_gunshot_1ac2d81a,gunshot,urbansound8k,freesound_76091,freesound_76091,foreground_bank_train
urbansound8k_gunshot_1b968d8b,gunshot,urbansound8k,freesound_162434,freesound_162434,foreground_bank_train
urbansound8k_gunshot_1bce5cb2,gunshot,urbansound8k,freesound_162432,freesound_162432,foreground_bank_train
urbansound8k_gunshot_1be00f3b,gunshot,urbansound8k,freesound_7060,freesound_7060,foreground_bank_train
urbansound8k_gunshot_1c00c6b9,gunshot,urbansound8k,freesound_136399,freesound_136399,foreground_bank_train
urbansound8k_gunshot_1c4eafc3,gunshot,urbansound8k,freesound_174285,freesound_174285,foreground_bank_train
urbansound8k_gunshot_1d06088a,gunshot,urbansound8k,freesound_64346,freesound_64346,foreground_bank_train
urbansound8k_gunshot_1e729155,gunshot,urbansound8k,freesound_162433,freesound_162433,foreground_bank_train
urbansound8k_gunshot_1ed37a8c,gunshot,urbansound8k,freesound_135544,freesound_135544,foreground_bank_train
urbansound8k_gunshot_1f62f014,gunshot,urbansound8k,freesound_87562,freesound_87562,foreground_bank_train
urbansound8k_gunshot_2288c6f8,gunshot,urbansound8k,freesound_135544,freesound_135544,foreground_bank_train
urbansound8k_gunshot_2569cdc6,gunshot,urbansound8k,freesound_7064,freesound_7064,foreground_bank_train
urbansound8k_gunshot_27b2593e,gunshot,urbansound8k,freesound_78776,freesound_78776,foreground_bank_train
urbansound8k_gunshot_295a0e40,gunshot,urbansound8k,freesound_162433,freesound_162433,foreground_bank_train
urbansound8k_gunshot_2ae6853c,gunshot,urbansound8k,freesound_174282,freesound_174282,foreground_bank_train
urbansound8k_gunshot_2b3c92f8,gunshot,urbansound8k,freesound_174284,freesound_174284,foreground_bank_train
urbansound8k_gunshot_2b5f0043,gunshot,urbansound8k,freesound_159706,freesound_159706,foreground_bank_train
urbansound8k_gunshot_2cf22cd1,gunshot,urbansound8k,freesound_162433,freesound_162433,foreground_bank_train
urbansound8k_gunshot_2da2fcc0,gunshot,urbansound8k,freesound_25039,freesound_25039,foreground_bank_train
urbansound8k_gunshot_2fcbe674,gunshot,urbansound8k,freesound_148838,freesound_148838,foreground_bank_train
urbansound8k_gunshot_30d0e963,gunshot,urbansound8k,freesound_135544,freesound_135544,foreground_bank_train
urbansound8k_gunshot_33062ea2,gunshot,urbansound8k,freesound_197320,freesound_197320,foreground_bank_train
urbansound8k_gunshot_33deb881,gunshot,urbansound8k,freesound_135526,freesound_135526,foreground_bank_train
urbansound8k_gunshot_354a2eca,gunshot,urbansound8k,freesound_157207,freesound_157207,foreground_bank_train
urbansound8k_gunshot_35cc3f22,gunshot,urbansound8k,freesound_162432,freesound_162432,foreground_bank_train
urbansound8k_gunshot_3656a326,gunshot,urbansound8k,freesound_197320,freesound_197320,foreground_bank_train
urbansound8k_gunshot_36641247,gunshot,urbansound8k,freesound_93139,freesound_93139,foreground_bank_train
urbansound8k_gunshot_36b70ec2,gunshot,urbansound8k,freesound_174289,freesound_174289,foreground_bank_train
urbansound8k_gunshot_37245103,gunshot,urbansound8k,freesound_197318,freesound_197318,foreground_bank_train
urbansound8k_gunshot_37d734ee,gunshot,urbansound8k,freesound_159702,freesound_159702,foreground_bank_train
urbansound8k_gunshot_380ea505,gunshot,urbansound8k,freesound_174287,freesound_174287,foreground_bank_train
urbansound8k_gunshot_38eeadaa,gunshot,urbansound8k,freesound_46656,freesound_46656,foreground_bank_train
urbansound8k_gunshot_3965f881,gunshot,urbansound8k,freesound_197320,freesound_197320,foreground_bank_train
urbansound8k_gunshot_39de7744,gunshot,urbansound8k,freesound_197318,freesound_197318,foreground_bank_train
urbansound8k_gunshot_3a0eafd1,gunshot,urbansound8k,freesound_135526,freesound_135526,foreground_bank_train
urbansound8k_gunshot_3c635107,gunshot,urbansound8k,freesound_174293,freesound_174293,foreground_bank_train
urbansound8k_gunshot_3cb0142d,gunshot,urbansound8k,freesound_135544,freesound_135544,foreground_bank_train
urbansound8k_gunshot_3e486218,gunshot,urbansound8k,freesound_7066,freesound_7066,foreground_bank_train
urbansound8k_gunshot_4004a5bc,gunshot,urbansound8k,freesound_159710,freesound_159710,foreground_bank_train
urbansound8k_gunshot_40507a0c,gunshot,urbansound8k,freesound_7067,freesound_7067,foreground_bank_train
urbansound8k_gunshot_43a6a977,gunshot,urbansound8k,freesound_159701,freesound_159701,foreground_bank_train
urbansound8k_gunshot_443126d0,gunshot,urbansound8k,freesound_7064,freesound_7064,foreground_bank_train
urbansound8k_gunshot_4489c122,gunshot,urbansound8k,freesound_111048,freesound_111048,foreground_bank_train
urbansound8k_gunshot_468a035a,gunshot,urbansound8k,freesound_174290,freesound_174290,foreground_bank_train
urbansound8k_gunshot_46f3c4f2,gunshot,urbansound8k,freesound_159701,freesound_159701,foreground_bank_train
urbansound8k_gunshot_47bb9cef,gunshot,urbansound8k,freesound_136399,freesound_136399,foreground_bank_train
urbansound8k_gunshot_49264f17,gunshot,urbansound8k,freesound_159704,freesound_159704,foreground_bank_train
urbansound8k_gunshot_4be31912,gunshot,urbansound8k,freesound_145206,freesound_145206,foreground_bank_train
urbansound8k_gunshot_4c8ffdca,gunshot,urbansound8k,freesound_148835,freesound_148835,foreground_bank_train
urbansound8k_gunshot_4d837a1e,gunshot,urbansound8k,freesound_162433,freesound_162433,foreground_bank_train
urbansound8k_gunshot_4daf6169,gunshot,urbansound8k,freesound_159709,freesound_159709,foreground_bank_train
urbansound8k_gunshot_52122756,gunshot,urbansound8k,freesound_197318,freesound_197318,foreground_bank_train
urbansound8k_gunshot_534405a3,gunshot,urbansound8k,freesound_197320,freesound_197320,foreground_bank_train
urbansound8k_gunshot_5346c270,gunshot,urbansound8k,freesound_197318,freesound_197318,foreground_bank_train
urbansound8k_gunshot_534e6858,gunshot,urbansound8k,freesound_136399,freesound_136399,foreground_bank_train
urbansound8k_gunshot_54024f20,gunshot,urbansound8k,freesound_196400,freesound_196400,foreground_bank_train
urbansound8k_gunshot_543492e0,gunshot,urbansound8k,freesound_157207,freesound_157207,foreground_bank_train
urbansound8k_gunshot_54a801d6,gunshot,urbansound8k,freesound_145206,freesound_145206,foreground_bank_train
urbansound8k_gunshot_54fa2ead,gunshot,urbansound8k,freesound_135526,freesound_135526,foreground_bank_train
urbansound8k_gunshot_55ad9e3c,gunshot,urbansound8k,freesound_76091,freesound_76091,foreground_bank_train
urbansound8k_gunshot_560e55a7,gunshot,urbansound8k,freesound_34708,freesound_34708,foreground_bank_train
urbansound8k_gunshot_56244958,gunshot,urbansound8k,freesound_148841,freesound_148841,foreground_bank_train
urbansound8k_gunshot_56850f1e,gunshot,urbansound8k,freesound_76091,freesound_76091,foreground_bank_train
urbansound8k_gunshot_5778b80d,gunshot,urbansound8k,freesound_162435,freesound_162435,foreground_bank_train
urbansound8k_gunshot_57b2fd67,gunshot,urbansound8k,freesound_136399,freesound_136399,foreground_bank_train
urbansound8k_gunshot_57c52378,gunshot,urbansound8k,freesound_174285,freesound_174285,foreground_bank_train
urbansound8k_gunshot_589b0373,gunshot,urbansound8k,freesound_135526,freesound_135526,foreground_bank_train
urbansound8k_gunshot_5ac4230b,gunshot,urbansound8k,freesound_77246,freesound_77246,foreground_bank_train
urbansound8k_gunshot_5c5ea3d3,gunshot,urbansound8k,freesound_76091,freesound_76091,foreground_bank_train
urbansound8k_gunshot_5d0e581f,gunshot,urbansound8k,freesound_200460,freesound_200460,foreground_bank_train
urbansound8k_gunshot_5e0a779c,gunshot,urbansound8k,freesound_200460,freesound_200460,foreground_bank_train
urbansound8k_gunshot_5e781141,gunshot,urbansound8k,freesound_148827,freesound_148827,foreground_bank_train
urbansound8k_gunshot_5efb252e,gunshot,urbansound8k,freesound_159701,freesound_159701,foreground_bank_train
urbansound8k_gunshot_5f55375c,gunshot,urbansound8k,freesound_25038,freesound_25038,foreground_bank_train
urbansound8k_gunshot_5ffcab35,gunshot,urbansound8k,freesound_197320,freesound_197320,foreground_bank_train
urbansound8k_gunshot_60684bac,gunshot,urbansound8k,freesound_162432,freesound_162432,foreground_bank_train
urbansound8k_gunshot_630026af,gunshot,urbansound8k,freesound_7068,freesound_7068,foreground_bank_train
urbansound8k_gunshot_63ba8ed3,gunshot,urbansound8k,freesound_162433,freesound_162433,foreground_bank_train
urbansound8k_gunshot_652742c0,gunshot,urbansound8k,freesound_159702,freesound_159702,foreground_bank_train
urbansound8k_gunshot_65e78f57,gunshot,urbansound8k,freesound_135544,freesound_135544,foreground_bank_train
urbansound8k_gunshot_678a4edf,gunshot,urbansound8k,freesound_148827,freesound_148827,foreground_bank_train
urbansound8k_gunshot_67cb3ef8,gunshot,urbansound8k,freesound_162432,freesound_162432,foreground_bank_train
urbansound8k_gunshot_67fcefa5,gunshot,urbansound8k,freesound_7060,freesound_7060,foreground_bank_train
urbansound8k_gunshot_68796832,gunshot,urbansound8k,freesound_164667,freesound_164667,foreground_bank_train
urbansound8k_gunshot_68829893,gunshot,urbansound8k,freesound_197318,freesound_197318,foreground_bank_train
urbansound8k_gunshot_6a41f9ea,gunshot,urbansound8k,freesound_135544,freesound_135544,foreground_bank_train
urbansound8k_gunshot_6a513d78,gunshot,urbansound8k,freesound_76089,freesound_76089,foreground_bank_train
urbansound8k_gunshot_6b250443,gunshot,urbansound8k,freesound_148166,freesound_148166,foreground_bank_train
urbansound8k_gunshot_6b654d58,gunshot,urbansound8k,freesound_148835,freesound_148835,foreground_bank_train
urbansound8k_gunshot_6c07a105,gunshot,urbansound8k,freesound_162433,freesound_162433,foreground_bank_train
urbansound8k_gunshot_6f0bc71c,gunshot,urbansound8k,freesound_197320,freesound_197320,foreground_bank_train
urbansound8k_gunshot_6f4d0ae4,gunshot,urbansound8k,freesound_159705,freesound_159705,foreground_bank_train
urbansound8k_gunshot_7332ffac,gunshot,urbansound8k,freesound_148835,freesound_148835,foreground_bank_train
urbansound8k_gunshot_740df416,gunshot,urbansound8k,freesound_131571,freesound_131571,foreground_bank_train
urbansound8k_gunshot_7450460a,gunshot,urbansound8k,freesound_135544,freesound_135544,foreground_bank_train
urbansound8k_gunshot_7492b62e,gunshot,urbansound8k,freesound_157207,freesound_157207,foreground_bank_train
urbansound8k_gunshot_75182c54,gunshot,urbansound8k,freesound_162432,freesound_162432,foreground_bank_train
urbansound8k_gunshot_7612a223,gunshot,urbansound8k,freesound_162436,freesound_162436,foreground_bank_train
urbansound8k_gunshot_761e05b7,gunshot,urbansound8k,freesound_135544,freesound_135544,foreground_bank_train
urbansound8k_gunshot_771a26be,gunshot,urbansound8k,freesound_135544,freesound_135544,foreground_bank_train
urbansound8k_gunshot_7720a358,gunshot,urbansound8k,freesound_174289,freesound_174289,foreground_bank_train
urbansound8k_gunshot_77442c03,gunshot,urbansound8k,freesound_136399,freesound_136399,foreground_bank_train
urbansound8k_gunshot_77f16a3c,gunshot,urbansound8k,freesound_157207,freesound_157207,foreground_bank_train
urbansound8k_gunshot_7938f9c5,gunshot,urbansound8k,freesound_34708,freesound_34708,foreground_bank_train
urbansound8k_gunshot_79f2f9ed,gunshot,urbansound8k,freesound_148827,freesound_148827,foreground_bank_train
urbansound8k_gunshot_7a75c7e8,gunshot,urbansound8k,freesound_174294,freesound_174294,foreground_bank_train
urbansound8k_gunshot_7a99f097,gunshot,urbansound8k,freesound_174287,freesound_174287,foreground_bank_train
urbansound8k_gunshot_7b2b1c4e,gunshot,urbansound8k,freesound_35800,freesound_35800,foreground_bank_train
urbansound8k_gunshot_7bd325f9,gunshot,urbansound8k,freesound_162432,freesound_162432,foreground_bank_train
urbansound8k_gunshot_7d64f962,gunshot,urbansound8k,freesound_197318,freesound_197318,foreground_bank_train
urbansound8k_gunshot_7f6e69bc,gunshot,urbansound8k,freesound_106955,freesound_106955,foreground_bank_train
urbansound8k_gunshot_7f76aae3,gunshot,urbansound8k,freesound_76094,freesound_76094,foreground_bank_train
urbansound8k_gunshot_7fe6e31f,gunshot,urbansound8k,freesound_148841,freesound_148841,foreground_bank_train
urbansound8k_gunshot_815e4986,gunshot,urbansound8k,freesound_159702,freesound_159702,foreground_bank_train
urbansound8k_gunshot_823a7d01,gunshot,urbansound8k,freesound_46656,freesound_46656,foreground_bank_train
urbansound8k_gunshot_82a12153,gunshot,urbansound8k,freesound_145206,freesound_145206,foreground_bank_train
urbansound8k_gunshot_86a27804,gunshot,urbansound8k,freesound_136399,freesound_136399,foreground_bank_train
urbansound8k_gunshot_87aff86c,gunshot,urbansound8k,freesound_76091,freesound_76091,foreground_bank_train
urbansound8k_gunshot_89d0be4a,gunshot,urbansound8k,freesound_148835,freesound_148835,foreground_bank_train
urbansound8k_gunshot_8a24ca67,gunshot,urbansound8k,freesound_159708,freesound_159708,foreground_bank_train
urbansound8k_gunshot_8a3feb96,gunshot,urbansound8k,freesound_156897,freesound_156897,foreground_bank_train
urbansound8k_gunshot_8bda9ae0,gunshot,urbansound8k,freesound_158977,freesound_158977,foreground_bank_train
urbansound8k_gunshot_8c308630,gunshot,urbansound8k,freesound_162435,freesound_162435,foreground_bank_train
urbansound8k_gunshot_8c788080,gunshot,urbansound8k,freesound_148841,freesound_148841,foreground_bank_train
urbansound8k_gunshot_8cfe4765,gunshot,urbansound8k,freesound_162433,freesound_162433,foreground_bank_train
urbansound8k_gunshot_8d009da4,gunshot,urbansound8k,freesound_46654,freesound_46654,foreground_bank_train
urbansound8k_gunshot_8d0b49a7,gunshot,urbansound8k,freesound_151071,freesound_151071,foreground_bank_train
urbansound8k_gunshot_8d771a62,gunshot,urbansound8k,freesound_157207,freesound_157207,foreground_bank_train
urbansound8k_gunshot_8ded2e45,gunshot,urbansound8k,freesound_174282,freesound_174282,foreground_bank_train
urbansound8k_gunshot_8ef34fac,gunshot,urbansound8k,freesound_135526,freesound_135526,foreground_bank_train
urbansound8k_gunshot_8fea0630,gunshot,urbansound8k,freesound_162432,freesound_162432,foreground_bank_train
urbansound8k_gunshot_904e8dbc,gunshot,urbansound8k,freesound_174292,freesound_174292,foreground_bank_train
urbansound8k_gunshot_90d53305,gunshot,urbansound8k,freesound_135526,freesound_135526,foreground_bank_train
urbansound8k_gunshot_91074b96,gunshot,urbansound8k,freesound_157801,freesound_157801,foreground_bank_train
urbansound8k_gunshot_910bcd75,gunshot,urbansound8k,freesound_7061,freesound_7061,foreground_bank_train
urbansound8k_gunshot_92ea5c33,gunshot,urbansound8k,freesound_157207,freesound_157207,foreground_bank_train
urbansound8k_gunshot_92efdb0d,gunshot,urbansound8k,freesound_76090,freesound_76090,foreground_bank_train
urbansound8k_gunshot_94728d83,gunshot,urbansound8k,freesound_7066,freesound_7066,foreground_bank_train
urbansound8k_gunshot_94d70a9f,gunshot,urbansound8k,freesound_135544,freesound_135544,foreground_bank_train
urbansound8k_gunshot_95515438,gunshot,urbansound8k,freesound_7062,freesound_7062,foreground_bank_train
urbansound8k_gunshot_95c157ec,gunshot,urbansound8k,freesound_102305,freesound_102305,foreground_bank_train
urbansound8k_gunshot_97116c01,gunshot,urbansound8k,freesound_147317,freesound_147317,foreground_bank_train
urbansound8k_gunshot_975e0beb,gunshot,urbansound8k,freesound_157207,freesound_157207,foreground_bank_train
urbansound8k_gunshot_97c17525,gunshot,urbansound8k,freesound_174290,freesound_174290,foreground_bank_train
urbansound8k_gunshot_98cb6960,gunshot,urbansound8k,freesound_76094,freesound_76094,foreground_bank_train
urbansound8k_gunshot_9ab17611,gunshot,urbansound8k,freesound_148828,freesound_148828,foreground_bank_train
urbansound8k_gunshot_9b8d9043,gunshot,urbansound8k,freesound_34708,freesound_34708,foreground_bank_train
urbansound8k_gunshot_9b908837,gunshot,urbansound8k,freesound_159702,freesound_159702,foreground_bank_train
urbansound8k_gunshot_9c9e9e67,gunshot,urbansound8k,freesound_148834,freesound_148834,foreground_bank_train
urbansound8k_gunshot_9ddff002,gunshot,urbansound8k,freesound_50618,freesound_50618,foreground_bank_train
urbansound8k_gunshot_9de2e417,gunshot,urbansound8k,freesound_162431,freesound_162431,foreground_bank_train
urbansound8k_gunshot_9e484115,gunshot,urbansound8k,freesound_163460,freesound_163460,foreground_bank_train
urbansound8k_gunshot_9ea3d9ca,gunshot,urbansound8k,freesound_148835,freesound_148835,foreground_bank_train
urbansound8k_gunshot_9ee4e384,gunshot,urbansound8k,freesound_148837,freesound_148837,foreground_bank_train
urbansound8k_gunshot_9f2082a1,gunshot,urbansound8k,freesound_180960,freesound_180960,foreground_bank_train
urbansound8k_gunshot_9f4277cb,gunshot,urbansound8k,freesound_162432,freesound_162432,foreground_bank_train
urbansound8k_gunshot_a003caa3,gunshot,urbansound8k,freesound_135526,freesound_135526,foreground_bank_train
urbansound8k_gunshot_a04d982f,gunshot,urbansound8k,freesound_162432,freesound_162432,foreground_bank_train
urbansound8k_gunshot_a0686708,gunshot,urbansound8k,freesound_162431,freesound_162431,foreground_bank_train
urbansound8k_gunshot_a08aaf35,gunshot,urbansound8k,freesound_197318,freesound_197318,foreground_bank_train
urbansound8k_gunshot_a114d4dc,gunshot,urbansound8k,freesound_162432,freesound_162432,foreground_bank_train
urbansound8k_gunshot_a18e7b8c,gunshot,urbansound8k,freesound_157207,freesound_157207,foreground_bank_train
urbansound8k_gunshot_a2d83d3e,gunshot,urbansound8k,freesound_135526,freesound_135526,foreground_bank_train
urbansound8k_gunshot_a3609b38,gunshot,urbansound8k,freesound_162435,freesound_162435,foreground_bank_train
urbansound8k_gunshot_a612d6ff,gunshot,urbansound8k,freesound_197320,freesound_197320,foreground_bank_train
urbansound8k_gunshot_a6794579,gunshot,urbansound8k,freesound_197320,freesound_197320,foreground_bank_train
urbansound8k_gunshot_a6e0a0a7,gunshot,urbansound8k,freesound_197320,freesound_197320,foreground_bank_train
urbansound8k_gunshot_a8107af0,gunshot,urbansound8k,freesound_200460,freesound_200460,foreground_bank_train
urbansound8k_gunshot_aa48fe10,gunshot,urbansound8k,freesound_159702,freesound_159702,foreground_bank_train
urbansound8k_gunshot_aa801c10,gunshot,urbansound8k,freesound_174293,freesound_174293,foreground_bank_train
urbansound8k_gunshot_ab88727c,gunshot,urbansound8k,freesound_148837,freesound_148837,foreground_bank_train
urbansound8k_gunshot_accb620a,gunshot,urbansound8k,freesound_162432,freesound_162432,foreground_bank_train
urbansound8k_gunshot_adac88cc,gunshot,urbansound8k,freesound_174290,freesound_174290,foreground_bank_train
urbansound8k_gunshot_afe02bc2,gunshot,urbansound8k,freesound_174294,freesound_174294,foreground_bank_train
urbansound8k_gunshot_b170ec05,gunshot,urbansound8k,freesound_149177,freesound_149177,foreground_bank_train
urbansound8k_gunshot_b1ff5f44,gunshot,urbansound8k,freesound_136399,freesound_136399,foreground_bank_train
urbansound8k_gunshot_b2d3295f,gunshot,urbansound8k,freesound_200460,freesound_200460,foreground_bank_train
urbansound8k_gunshot_b2ec4edf,gunshot,urbansound8k,freesound_25038,freesound_25038,foreground_bank_train
urbansound8k_gunshot_b6016ae5,gunshot,urbansound8k,freesound_148837,freesound_148837,foreground_bank_train
urbansound8k_gunshot_b6ff67bf,gunshot,urbansound8k,freesound_174289,freesound_174289,foreground_bank_train
urbansound8k_gunshot_b715f52b,gunshot,urbansound8k,freesound_174287,freesound_174287,foreground_bank_train
urbansound8k_gunshot_b7e77b67,gunshot,urbansound8k,freesound_135544,freesound_135544,foreground_bank_train
urbansound8k_gunshot_b856a6b2,gunshot,urbansound8k,freesound_7063,freesound_7063,foreground_bank_train
urbansound8k_gunshot_ba732389,gunshot,urbansound8k,freesound_158979,freesound_158979,foreground_bank_train
urbansound8k_gunshot_bb69bff9,gunshot,urbansound8k,freesound_191449,freesound_191449,foreground_bank_train
urbansound8k_gunshot_bc133e8c,gunshot,urbansound8k,freesound_34708,freesound_34708,foreground_bank_train
urbansound8k_gunshot_bf5e7070,gunshot,urbansound8k,freesound_157799,freesound_157799,foreground_bank_train
urbansound8k_gunshot_bf966240,gunshot,urbansound8k,freesound_135544,freesound_135544,foreground_bank_train
urbansound8k_gunshot_c0d1502f,gunshot,urbansound8k,freesound_46655,freesound_46655,foreground_bank_train
urbansound8k_gunshot_c0e6a024,gunshot,urbansound8k,freesound_46656,freesound_46656,foreground_bank_train
urbansound8k_gunshot_c2e606d2,gunshot,urbansound8k,freesound_197318,freesound_197318,foreground_bank_train
urbansound8k_gunshot_c344484f,gunshot,urbansound8k,freesound_148828,freesound_148828,foreground_bank_train
urbansound8k_gunshot_c396e8c8,gunshot,urbansound8k,freesound_7064,freesound_7064,foreground_bank_train
urbansound8k_gunshot_c426a723,gunshot,urbansound8k,freesound_197318,freesound_197318,foreground_bank_train
urbansound8k_gunshot_c464af64,gunshot,urbansound8k,freesound_151069,freesound_151069,foreground_bank_train
urbansound8k_gunshot_c5a12ae6,gunshot,urbansound8k,freesound_159708,freesound_159708,foreground_bank_train
urbansound8k_gunshot_c82f9af6,gunshot,urbansound8k,freesound_148827,freesound_148827,foreground_bank_train
urbansound8k_gunshot_c8fa4c5d,gunshot,urbansound8k,freesound_46656,freesound_46656,foreground_bank_train
urbansound8k_gunshot_c9cf64bd,gunshot,urbansound8k,freesound_197320,freesound_197320,foreground_bank_train
urbansound8k_gunshot_ca22d762,gunshot,urbansound8k,freesound_174285,freesound_174285,foreground_bank_train
urbansound8k_gunshot_ca783dac,gunshot,urbansound8k,freesound_157207,freesound_157207,foreground_bank_train
urbansound8k_gunshot_cd192765,gunshot,urbansound8k,freesound_145206,freesound_145206,foreground_bank_train
urbansound8k_gunshot_cf53c668,gunshot,urbansound8k,freesound_162432,freesound_162432,foreground_bank_train
urbansound8k_gunshot_d0495522,gunshot,urbansound8k,freesound_162432,freesound_162432,foreground_bank_train
urbansound8k_gunshot_d0578ba6,gunshot,urbansound8k,freesound_7064,freesound_7064,foreground_bank_train
urbansound8k_gunshot_d057c5bb,gunshot,urbansound8k,freesound_205013,freesound_205013,foreground_bank_train
urbansound8k_gunshot_d139816b,gunshot,urbansound8k,freesound_159702,freesound_159702,foreground_bank_train
urbansound8k_gunshot_d2dd2312,gunshot,urbansound8k,freesound_135544,freesound_135544,foreground_bank_train
urbansound8k_gunshot_d2deeb72,gunshot,urbansound8k,freesound_46656,freesound_46656,foreground_bank_train
urbansound8k_gunshot_d3414510,gunshot,urbansound8k,freesound_34708,freesound_34708,foreground_bank_train
urbansound8k_gunshot_d38dfd13,gunshot,urbansound8k,freesound_25039,freesound_25039,foreground_bank_train
urbansound8k_gunshot_d3ef0c9e,gunshot,urbansound8k,freesound_174284,freesound_174284,foreground_bank_train
urbansound8k_gunshot_d63965a6,gunshot,urbansound8k,freesound_135526,freesound_135526,foreground_bank_train
urbansound8k_gunshot_d6801aaf,gunshot,urbansound8k,freesound_135544,freesound_135544,foreground_bank_train
urbansound8k_gunshot_d7689e22,gunshot,urbansound8k,freesound_136399,freesound_136399,foreground_bank_train
urbansound8k_gunshot_d783718e,gunshot,urbansound8k,freesound_76093,freesound_76093,foreground_bank_train
urbansound8k_gunshot_d7e367bc,gunshot,urbansound8k,freesound_135526,freesound_135526,foreground_bank_train
urbansound8k_gunshot_d81d3dc2,gunshot,urbansound8k,freesound_110622,freesound_110622,foreground_bank_train
urbansound8k_gunshot_d9b93ce6,gunshot,urbansound8k,freesound_122690,freesound_122690,foreground_bank_train
urbansound8k_gunshot_db8335dc,gunshot,urbansound8k,freesound_135526,freesound_135526,foreground_bank_train
urbansound8k_gunshot_db9b037c,gunshot,urbansound8k,freesound_159703,freesound_159703,foreground_bank_train
urbansound8k_gunshot_df3a9e95,gunshot,urbansound8k,freesound_86278,freesound_86278,foreground_bank_train
urbansound8k_gunshot_df52846b,gunshot,urbansound8k,freesound_151065,freesound_151065,foreground_bank_train
urbansound8k_gunshot_e090915e,gunshot,urbansound8k,freesound_135526,freesound_135526,foreground_bank_train
urbansound8k_gunshot_e147d627,gunshot,urbansound8k,freesound_34708,freesound_34708,foreground_bank_train
urbansound8k_gunshot_e18d03e8,gunshot,urbansound8k,freesound_135544,freesound_135544,foreground_bank_train
urbansound8k_gunshot_e202af55,gunshot,urbansound8k,freesound_174290,freesound_174290,foreground_bank_train
urbansound8k_gunshot_e2aece0b,gunshot,urbansound8k,freesound_162435,freesound_162435,foreground_bank_train
urbansound8k_gunshot_e2d4fe47,gunshot,urbansound8k,freesound_162434,freesound_162434,foreground_bank_train
urbansound8k_gunshot_e33f3d37,gunshot,urbansound8k,freesound_133797,freesound_133797,foreground_bank_train
urbansound8k_gunshot_e3d6c1ac,gunshot,urbansound8k,freesound_159708,freesound_159708,foreground_bank_train
urbansound8k_gunshot_e448490f,gunshot,urbansound8k,freesound_200460,freesound_200460,foreground_bank_train
urbansound8k_gunshot_e5505222,gunshot,urbansound8k,freesound_7060,freesound_7060,foreground_bank_train
urbansound8k_gunshot_e5c6b744,gunshot,urbansound8k,freesound_159702,freesound_159702,foreground_bank_train
urbansound8k_gunshot_e8594e61,gunshot,urbansound8k,freesound_136399,freesound_136399,foreground_bank_train
urbansound8k_gunshot_e8b169b1,gunshot,urbansound8k,freesound_148827,freesound_148827,foreground_bank_train
urbansound8k_gunshot_ea008e93,gunshot,urbansound8k,freesound_76093,freesound_76093,foreground_bank_train
urbansound8k_gunshot_ea465dd0,gunshot,urbansound8k,freesound_197320,freesound_197320,foreground_bank_train
urbansound8k_gunshot_ea9a3b29,gunshot,urbansound8k,freesound_162431,freesound_162431,foreground_bank_train
urbansound8k_gunshot_eb0c0fec,gunshot,urbansound8k,freesound_148838,freesound_148838,foreground_bank_train
urbansound8k_gunshot_eb0d292b,gunshot,urbansound8k,freesound_133797,freesound_133797,foreground_bank_train
urbansound8k_gunshot_eea9c0be,gunshot,urbansound8k,freesound_162432,freesound_162432,foreground_bank_train
urbansound8k_gunshot_eed4db29,gunshot,urbansound8k,freesound_157207,freesound_157207,foreground_bank_train
urbansound8k_gunshot_ef1b16c1,gunshot,urbansound8k,freesound_162432,freesound_162432,foreground_bank_train
urbansound8k_gunshot_efab0b29,gunshot,urbansound8k,freesound_159701,freesound_159701,foreground_bank_train
urbansound8k_gunshot_efb36120,gunshot,urbansound8k,freesound_174284,freesound_174284,foreground_bank_train
urbansound8k_gunshot_efb71585,gunshot,urbansound8k,freesound_197318,freesound_197318,foreground_bank_train
urbansound8k_gunshot_f09983f4,gunshot,urbansound8k,freesound_174292,freesound_174292,foreground_bank_train
urbansound8k_gunshot_f0b08812,gunshot,urbansound8k,freesound_169261,freesound_169261,foreground_bank_train
urbansound8k_gunshot_f260f68c,gunshot,urbansound8k,freesound_158978,freesound_158978,foreground_bank_train
urbansound8k_gunshot_f3113624,gunshot,urbansound8k,freesound_159707,freesound_159707,foreground_bank_train
urbansound8k_gunshot_f3e7fa5a,gunshot,urbansound8k,freesound_135544,freesound_135544,foreground_bank_train
urbansound8k_gunshot_f41ea459,gunshot,urbansound8k,freesound_148833,freesound_148833,foreground_bank_train
urbansound8k_gunshot_f4ede6ec,gunshot,urbansound8k,freesound_197320,freesound_197320,foreground_bank_train
urbansound8k_gunshot_f5147782,gunshot,urbansound8k,freesound_159701,freesound_159701,foreground_bank_train
urbansound8k_gunshot_f551c8e7,gunshot,urbansound8k,freesound_145206,freesound_145206,foreground_bank_train
urbansound8k_gunshot_f7ac4bea,gunshot,urbansound8k,freesound_197318,freesound_197318,foreground_bank_train
urbansound8k_gunshot_f7b72f0e,gunshot,urbansound8k,freesound_174292,freesound_174292,foreground_bank_train
urbansound8k_gunshot_f9ce4871,gunshot,urbansound8k,freesound_135544,freesound_135544,foreground_bank_train
urbansound8k_gunshot_fa0bbed3,gunshot,urbansound8k,freesound_174293,freesound_174293,foreground_bank_train
urbansound8k_gunshot_fa424019,gunshot,urbansound8k,freesound_7064,freesound_7064,foreground_bank_train
urbansound8k_gunshot_fceb4bd3,gunshot,urbansound8k,freesound_162433,freesound_162433,foreground_bank_train
urbansound8k_gunshot_fd44f0b6,gunshot,urbansound8k,freesound_7065,freesound_7065,foreground_bank_train
urbansound8k_gunshot_fd5294d7,gunshot,urbansound8k,freesound_148833,freesound_148833,foreground_bank_train
urbansound8k_gunshot_fe0eff76,gunshot,urbansound8k,freesound_52284,freesound_52284,foreground_bank_train
urbansound8k_gunshot_fe7db81b,gunshot,urbansound8k,freesound_135544,freesound_135544,foreground_bank_train
urbansound8k_gunshot_fe834b49,gunshot,urbansound8k,freesound_159701,freesound_159701,foreground_bank_train
urbansound8k_gunshot_fff33ed0,gunshot,urbansound8k,freesound_35799,freesound_35799,foreground_bank_train
esc50_laughter_cheering_00e40dab,laughter_cheering,esc50,freesound_72695,freesound_72695,foreground_bank_train
esc50_laughter_cheering_03845830,laughter_cheering,esc50,freesound_167571,freesound_167571,foreground_bank_train
esc50_laughter_cheering_0a7ba8bb,laughter_cheering,esc50,freesound_152997,freesound_152997,foreground_bank_train
esc50_laughter_cheering_0d4298f6,laughter_cheering,esc50,freesound_76408,freesound_76408,foreground_bank_train
esc50_laughter_cheering_0dd59218,laughter_cheering,esc50,freesound_138114,freesound_138114,foreground_bank_train
esc50_laughter_cheering_127724ca,laughter_cheering,esc50,freesound_189838,freesound_189838,foreground_bank_train
esc50_laughter_cheering_13a9c47c,laughter_cheering,esc50,freesound_189828,freesound_189828,foreground_bank_train
esc50_laughter_cheering_157dc3eb,laughter_cheering,esc50,freesound_119459,freesound_119459,foreground_bank_train
esc50_laughter_cheering_160104c7,laughter_cheering,esc50,freesound_60795,freesound_60795,foreground_bank_train
esc50_laughter_cheering_1674d1ae,laughter_cheering,esc50,freesound_115920,freesound_115920,foreground_bank_train
esc50_laughter_cheering_18ae26ef,laughter_cheering,esc50,freesound_189832,freesound_189832,foreground_bank_train
esc50_laughter_cheering_1e458a12,laughter_cheering,esc50,freesound_36164,freesound_36164,foreground_bank_train
esc50_laughter_cheering_1f7b0a94,laughter_cheering,esc50,freesound_30043,freesound_30043,foreground_bank_train
esc50_laughter_cheering_20993c74,laughter_cheering,esc50,freesound_189832,freesound_189832,foreground_bank_train
esc50_laughter_cheering_251c0840,laughter_cheering,esc50,freesound_253534,freesound_253534,foreground_bank_train
esc50_laughter_cheering_252276ae,laughter_cheering,esc50,freesound_118487,freesound_118487,foreground_bank_train
esc50_laughter_cheering_277d2039,laughter_cheering,esc50,freesound_177083,freesound_177083,foreground_bank_train
esc50_laughter_cheering_2b6ec14a,laughter_cheering,esc50,freesound_104089,freesound_104089,foreground_bank_train
esc50_laughter_cheering_33c1225c,laughter_cheering,esc50,freesound_94036,freesound_94036,foreground_bank_train
esc50_laughter_cheering_3617e0ef,laughter_cheering,esc50,freesound_60791,freesound_60791,foreground_bank_train
esc50_laughter_cheering_372c161a,laughter_cheering,esc50,freesound_33658,freesound_33658,foreground_bank_train
esc50_laughter_cheering_3addc067,laughter_cheering,esc50,freesound_221950,freesound_221950,foreground_bank_train
esc50_laughter_cheering_3da4f980,laughter_cheering,esc50,freesound_263775,freesound_263775,foreground_bank_train
esc50_laughter_cheering_481d063f,laughter_cheering,esc50,freesound_60900,freesound_60900,foreground_bank_train
esc50_laughter_cheering_4e108347,laughter_cheering,esc50,freesound_60794,freesound_60794,foreground_bank_train
esc50_laughter_cheering_521fe28d,laughter_cheering,esc50,freesound_254160,freesound_254160,foreground_bank_train
esc50_laughter_cheering_541bf9f0,laughter_cheering,esc50,freesound_209989,freesound_209989,foreground_bank_train
esc50_laughter_cheering_558345f5,laughter_cheering,esc50,freesound_164243,freesound_164243,foreground_bank_train
esc50_laughter_cheering_57eca907,laughter_cheering,esc50,freesound_76408,freesound_76408,foreground_bank_train
esc50_laughter_cheering_61adeef1,laughter_cheering,esc50,freesound_104089,freesound_104089,foreground_bank_train
esc50_laughter_cheering_64e6f858,laughter_cheering,esc50,freesound_152912,freesound_152912,foreground_bank_train
esc50_laughter_cheering_6bfd7d48,laughter_cheering,esc50,freesound_76408,freesound_76408,foreground_bank_train
esc50_laughter_cheering_6e1e23f2,laughter_cheering,esc50,freesound_189833,freesound_189833,foreground_bank_train
esc50_laughter_cheering_73d5f7a9,laughter_cheering,esc50,freesound_249937,freesound_249937,foreground_bank_train
esc50_laughter_cheering_7b0f9348,laughter_cheering,esc50,freesound_133674,freesound_133674,foreground_bank_train
esc50_laughter_cheering_7f2d8f41,laughter_cheering,esc50,freesound_197435,freesound_197435,foreground_bank_train
esc50_laughter_cheering_8057fd39,laughter_cheering,esc50,freesound_73123,freesound_73123,foreground_bank_train
esc50_laughter_cheering_868e46e5,laughter_cheering,esc50,freesound_177082,freesound_177082,foreground_bank_train
esc50_laughter_cheering_8ed0886b,laughter_cheering,esc50,freesound_115920,freesound_115920,foreground_bank_train
esc50_laughter_cheering_8ed1db17,laughter_cheering,esc50,freesound_79775,freesound_79775,foreground_bank_train
esc50_laughter_cheering_91ad8339,laughter_cheering,esc50,freesound_263775,freesound_263775,foreground_bank_train
esc50_laughter_cheering_9368b760,laughter_cheering,esc50,freesound_155670,freesound_155670,foreground_bank_train
esc50_laughter_cheering_97e2141a,laughter_cheering,esc50,freesound_181278,freesound_181278,foreground_bank_train
esc50_laughter_cheering_9b6a405f,laughter_cheering,esc50,freesound_107123,freesound_107123,foreground_bank_train
esc50_laughter_cheering_9c202168,laughter_cheering,esc50,freesound_242932,freesound_242932,foreground_bank_train
esc50_laughter_cheering_9e710284,laughter_cheering,esc50,freesound_76408,freesound_76408,foreground_bank_train
esc50_laughter_cheering_a254709b,laughter_cheering,esc50,freesound_109759,freesound_109759,foreground_bank_train
esc50_laughter_cheering_a34f340f,laughter_cheering,esc50,freesound_25292,freesound_25292,foreground_bank_train
esc50_laughter_cheering_a7d72dd0,laughter_cheering,esc50,freesound_242932,freesound_242932,foreground_bank_train
esc50_laughter_cheering_a91622b0,laughter_cheering,esc50,freesound_105224,freesound_105224,foreground_bank_train
esc50_laughter_cheering_ac22151d,laughter_cheering,esc50,freesound_132747,freesound_132747,foreground_bank_train
esc50_laughter_cheering_acf4fc66,laughter_cheering,esc50,freesound_171118,freesound_171118,foreground_bank_train
esc50_laughter_cheering_ad612364,laughter_cheering,esc50,freesound_79769,freesound_79769,foreground_bank_train
esc50_laughter_cheering_af85ee4f,laughter_cheering,esc50,freesound_189830,freesound_189830,foreground_bank_train
esc50_laughter_cheering_b13e8ec2,laughter_cheering,esc50,freesound_109759,freesound_109759,foreground_bank_train
esc50_laughter_cheering_b2d5c158,laughter_cheering,esc50,freesound_132816,freesound_132816,foreground_bank_train
esc50_laughter_cheering_b3e78475,laughter_cheering,esc50,freesound_110536,freesound_110536,foreground_bank_train
esc50_laughter_cheering_b81b94db,laughter_cheering,esc50,freesound_57733,freesound_57733,foreground_bank_train
esc50_laughter_cheering_b87d3085,laughter_cheering,esc50,freesound_115921,freesound_115921,foreground_bank_train
esc50_laughter_cheering_bff4fba0,laughter_cheering,esc50,freesound_259514,freesound_259514,foreground_bank_train
esc50_laughter_cheering_c24516da,laughter_cheering,esc50,freesound_62226,freesound_62226,foreground_bank_train
esc50_laughter_cheering_c4ae2f70,laughter_cheering,esc50,freesound_36164,freesound_36164,foreground_bank_train
esc50_laughter_cheering_c7f7466f,laughter_cheering,esc50,freesound_132810,freesound_132810,foreground_bank_train
esc50_laughter_cheering_c8641fdb,laughter_cheering,esc50,freesound_218494,freesound_218494,foreground_bank_train
esc50_laughter_cheering_c8ddf769,laughter_cheering,esc50,freesound_25293,freesound_25293,foreground_bank_train
esc50_laughter_cheering_d195bb2e,laughter_cheering,esc50,freesound_189836,freesound_189836,foreground_bank_train
esc50_laughter_cheering_d3165c02,laughter_cheering,esc50,freesound_244526,freesound_244526,foreground_bank_train
esc50_laughter_cheering_dc6cd665,laughter_cheering,esc50,freesound_1791,freesound_1791,foreground_bank_train
esc50_laughter_cheering_dcb1b2c6,laughter_cheering,esc50,freesound_30039,freesound_30039,foreground_bank_train
esc50_laughter_cheering_de5e5960,laughter_cheering,esc50,freesound_132803,freesound_132803,foreground_bank_train
esc50_laughter_cheering_e414fc3b,laughter_cheering,esc50,freesound_181599,freesound_181599,foreground_bank_train
esc50_laughter_cheering_ecaafbc5,laughter_cheering,esc50,freesound_221568,freesound_221568,foreground_bank_train
esc50_laughter_cheering_ee4fb4e2,laughter_cheering,esc50,freesound_149465,freesound_149465,foreground_bank_train
esc50_laughter_cheering_f385093d,laughter_cheering,esc50,freesound_262957,freesound_262957,foreground_bank_train
esc50_laughter_cheering_f53b4f40,laughter_cheering,esc50,freesound_197435,freesound_197435,foreground_bank_train
esc50_laughter_cheering_fa437400,laughter_cheering,esc50,freesound_126113,freesound_126113,foreground_bank_train
esc50_laughter_cheering_feac8206,laughter_cheering,esc50,freesound_221567,freesound_221567,foreground_bank_train
fsd50k_laughter_cheering_0146e34d,laughter_cheering,fsd50k,freesound_uploader_digifishmusic,freesound_uploader_digifishmusic,foreground_bank_train
fsd50k_laughter_cheering_01d9e914,laughter_cheering,fsd50k,freesound_uploader_Alcappuccino,freesound_uploader_Alcappuccino,foreground_bank_train
fsd50k_laughter_cheering_033a99f2,laughter_cheering,fsd50k,freesound_uploader_jayfrosting,freesound_uploader_jayfrosting,foreground_bank_train
fsd50k_laughter_cheering_0577f46d,laughter_cheering,fsd50k,freesound_uploader_Reitanna,freesound_uploader_Reitanna,foreground_bank_train
fsd50k_laughter_cheering_069805ca,laughter_cheering,fsd50k,freesound_uploader_Fratz,freesound_uploader_Fratz,foreground_bank_train
fsd50k_laughter_cheering_06de7548,laughter_cheering,fsd50k,freesound_uploader_Robinhood76,freesound_uploader_Robinhood76,foreground_bank_train
fsd50k_laughter_cheering_06e6580e,laughter_cheering,fsd50k,freesound_uploader_Fratz,freesound_uploader_Fratz,foreground_bank_train
fsd50k_laughter_cheering_07a194ae,laughter_cheering,fsd50k,freesound_uploader_Nanakisan,freesound_uploader_Nanakisan,foreground_bank_train
fsd50k_laughter_cheering_07ad804d,laughter_cheering,fsd50k,freesound_uploader_Corsica_S,freesound_uploader_Corsica_S,foreground_bank_train
fsd50k_laughter_cheering_07bf90fb,laughter_cheering,fsd50k,freesound_uploader_Sandermotions,freesound_uploader_Sandermotions,foreground_bank_train
fsd50k_laughter_cheering_07f7fd8c,laughter_cheering,fsd50k,freesound_uploader_unchaz,freesound_uploader_unchaz,foreground_bank_train
fsd50k_laughter_cheering_081f8b45,laughter_cheering,fsd50k,freesound_uploader_Reitanna,freesound_uploader_Reitanna,foreground_bank_train
fsd50k_laughter_cheering_08532f0d,laughter_cheering,fsd50k,freesound_uploader_Reitanna,freesound_uploader_Reitanna,foreground_bank_train
fsd50k_laughter_cheering_08a9a3a5,laughter_cheering,fsd50k,freesound_uploader_Nanakisan,freesound_uploader_Nanakisan,foreground_bank_train
fsd50k_laughter_cheering_09b7b2db,laughter_cheering,fsd50k,freesound_uploader_arnaud coutancier,freesound_uploader_arnaud coutancier,foreground_bank_train
fsd50k_laughter_cheering_0aa47154,laughter_cheering,fsd50k,freesound_uploader_rwan0731,freesound_uploader_rwan0731,foreground_bank_train
fsd50k_laughter_cheering_0af06f5a,laughter_cheering,fsd50k,freesound_uploader_szybki16,freesound_uploader_szybki16,foreground_bank_train
fsd50k_laughter_cheering_0bae4f85,laughter_cheering,fsd50k,freesound_uploader_Reitanna,freesound_uploader_Reitanna,foreground_bank_train
fsd50k_laughter_cheering_0bb4144f,laughter_cheering,fsd50k,freesound_uploader_erikschenkel,freesound_uploader_erikschenkel,foreground_bank_train
fsd50k_laughter_cheering_0c53e653,laughter_cheering,fsd50k,freesound_uploader_dwsolo,freesound_uploader_dwsolo,foreground_bank_train
fsd50k_laughter_cheering_0c6e2bb6,laughter_cheering,fsd50k,freesound_uploader_dlovere,freesound_uploader_dlovere,foreground_bank_train
fsd50k_laughter_cheering_0cd6afbf,laughter_cheering,fsd50k,freesound_uploader_Robinhood76,freesound_uploader_Robinhood76,foreground_bank_train
fsd50k_laughter_cheering_0e233361,laughter_cheering,fsd50k,freesound_uploader_TreyHolton,freesound_uploader_TreyHolton,foreground_bank_train
fsd50k_laughter_cheering_0eddc7ed,laughter_cheering,fsd50k,freesound_uploader_Aiwha,freesound_uploader_Aiwha,foreground_bank_train
fsd50k_laughter_cheering_0f22b39a,laughter_cheering,fsd50k,freesound_uploader_Charliefarley,freesound_uploader_Charliefarley,foreground_bank_train
fsd50k_laughter_cheering_0f5a60f6,laughter_cheering,fsd50k,freesound_uploader_Nanakisan,freesound_uploader_Nanakisan,foreground_bank_train
fsd50k_laughter_cheering_0faa8970,laughter_cheering,fsd50k,freesound_uploader_arnaud coutancier,freesound_uploader_arnaud coutancier,foreground_bank_train
fsd50k_laughter_cheering_0ff52151,laughter_cheering,fsd50k,freesound_uploader_Fratz,freesound_uploader_Fratz,foreground_bank_train
fsd50k_laughter_cheering_1015a73a,laughter_cheering,fsd50k,freesound_uploader_scorpion67890,freesound_uploader_scorpion67890,foreground_bank_train
fsd50k_laughter_cheering_101984f5,laughter_cheering,fsd50k,freesound_uploader_Robinhood76,freesound_uploader_Robinhood76,foreground_bank_train
fsd50k_laughter_cheering_102364b7,laughter_cheering,fsd50k,freesound_uploader_Reitanna,freesound_uploader_Reitanna,foreground_bank_train
fsd50k_laughter_cheering_10432816,laughter_cheering,fsd50k,freesound_uploader_Robinhood76,freesound_uploader_Robinhood76,foreground_bank_train
fsd50k_laughter_cheering_10516052,laughter_cheering,fsd50k,freesound_uploader_arnaud coutancier,freesound_uploader_arnaud coutancier,foreground_bank_train
fsd50k_laughter_cheering_10e566bd,laughter_cheering,fsd50k,freesound_uploader_unfa,freesound_uploader_unfa,foreground_bank_train
fsd50k_laughter_cheering_10f3c042,laughter_cheering,fsd50k,freesound_uploader_Reitanna,freesound_uploader_Reitanna,foreground_bank_train
fsd50k_laughter_cheering_110341e7,laughter_cheering,fsd50k,freesound_uploader_gumballworld,freesound_uploader_gumballworld,foreground_bank_train
fsd50k_laughter_cheering_11222cce,laughter_cheering,fsd50k,freesound_uploader_thanvannispen,freesound_uploader_thanvannispen,foreground_bank_train
fsd50k_laughter_cheering_115d4eda,laughter_cheering,fsd50k,freesound_uploader_mrgreaper,freesound_uploader_mrgreaper,foreground_bank_train
fsd50k_laughter_cheering_11a3d62c,laughter_cheering,fsd50k,freesound_uploader_arnaud coutancier,freesound_uploader_arnaud coutancier,foreground_bank_train
fsd50k_laughter_cheering_11e6a8d9,laughter_cheering,fsd50k,freesound_uploader_dobroide,freesound_uploader_dobroide,foreground_bank_train
fsd50k_laughter_cheering_1208214b,laughter_cheering,fsd50k,freesound_uploader_Reitanna,freesound_uploader_Reitanna,foreground_bank_train
fsd50k_laughter_cheering_123fcd20,laughter_cheering,fsd50k,freesound_uploader_Robinhood76,freesound_uploader_Robinhood76,foreground_bank_train
fsd50k_laughter_cheering_12d2856d,laughter_cheering,fsd50k,freesound_uploader_cacti225,freesound_uploader_cacti225,foreground_bank_train
fsd50k_laughter_cheering_130d6529,laughter_cheering,fsd50k,freesound_uploader_ptrmax,freesound_uploader_ptrmax,foreground_bank_train
fsd50k_laughter_cheering_138f41d8,laughter_cheering,fsd50k,freesound_uploader_2887679652,freesound_uploader_2887679652,foreground_bank_train
fsd50k_laughter_cheering_13d7d5b5,laughter_cheering,fsd50k,freesound_uploader_mjwilson,freesound_uploader_mjwilson,foreground_bank_train
fsd50k_laughter_cheering_147cbbd1,laughter_cheering,fsd50k,freesound_uploader_Robinhood76,freesound_uploader_Robinhood76,foreground_bank_train
fsd50k_laughter_cheering_15db8440,laughter_cheering,fsd50k,freesound_uploader_kalinkamalinka,freesound_uploader_kalinkamalinka,foreground_bank_train
fsd50k_laughter_cheering_168847a7,laughter_cheering,fsd50k,freesound_uploader_ryanconway,freesound_uploader_ryanconway,foreground_bank_train
fsd50k_laughter_cheering_189b7faa,laughter_cheering,fsd50k,freesound_uploader_jessepash,freesound_uploader_jessepash,foreground_bank_train
fsd50k_laughter_cheering_18b21987,laughter_cheering,fsd50k,freesound_uploader_ecfike,freesound_uploader_ecfike,foreground_bank_train
fsd50k_laughter_cheering_18e10f34,laughter_cheering,fsd50k,freesound_uploader_danielsilveira321,freesound_uploader_danielsilveira321,foreground_bank_train
fsd50k_laughter_cheering_18fbf503,laughter_cheering,fsd50k,freesound_uploader_thorvandahl,freesound_uploader_thorvandahl,foreground_bank_train
fsd50k_laughter_cheering_1953d64e,laughter_cheering,fsd50k,freesound_uploader_Reitanna,freesound_uploader_Reitanna,foreground_bank_train
fsd50k_laughter_cheering_1978b77b,laughter_cheering,fsd50k,freesound_uploader_Iamgiorgio,freesound_uploader_Iamgiorgio,foreground_bank_train
fsd50k_laughter_cheering_1986e41e,laughter_cheering,fsd50k,freesound_uploader_sonsdebarcelona,freesound_uploader_sonsdebarcelona,foreground_bank_train
fsd50k_laughter_cheering_19b84663,laughter_cheering,fsd50k,freesound_uploader_BrainClaim,freesound_uploader_BrainClaim,foreground_bank_train
fsd50k_laughter_cheering_1a953585,laughter_cheering,fsd50k,freesound_uploader_NoiseCollector,freesound_uploader_NoiseCollector,foreground_bank_train
fsd50k_laughter_cheering_1ad8507b,laughter_cheering,fsd50k,freesound_uploader_SoundTechnik,freesound_uploader_SoundTechnik,foreground_bank_train
fsd50k_laughter_cheering_1b424aec,laughter_cheering,fsd50k,freesound_uploader_kwahmah_02,freesound_uploader_kwahmah_02,foreground_bank_train
fsd50k_laughter_cheering_1b86cbe4,laughter_cheering,fsd50k,freesound_uploader_BugInTheSYS,freesound_uploader_BugInTheSYS,foreground_bank_train
fsd50k_laughter_cheering_1c44a327,laughter_cheering,fsd50k,freesound_uploader_Sirderf,freesound_uploader_Sirderf,foreground_bank_train
fsd50k_laughter_cheering_1c694b02,laughter_cheering,fsd50k,freesound_uploader_Fratz,freesound_uploader_Fratz,foreground_bank_train
fsd50k_laughter_cheering_1c82da80,laughter_cheering,fsd50k,freesound_uploader_J.Zazvurek,freesound_uploader_J.Zazvurek,foreground_bank_train
fsd50k_laughter_cheering_1c83113f,laughter_cheering,fsd50k,freesound_uploader_Zabuhailo,freesound_uploader_Zabuhailo,foreground_bank_train
fsd50k_laughter_cheering_1c91133e,laughter_cheering,fsd50k,freesound_uploader_Nanakisan,freesound_uploader_Nanakisan,foreground_bank_train
fsd50k_laughter_cheering_1cd3e58f,laughter_cheering,fsd50k,freesound_uploader_m1rk0,freesound_uploader_m1rk0,foreground_bank_train
fsd50k_laughter_cheering_1ce0dfc5,laughter_cheering,fsd50k,freesound_uploader_arnaud coutancier,freesound_uploader_arnaud coutancier,foreground_bank_train
fsd50k_laughter_cheering_1cf91de7,laughter_cheering,fsd50k,freesound_uploader_Zabuhailo,freesound_uploader_Zabuhailo,foreground_bank_train
fsd50k_laughter_cheering_1cf92d05,laughter_cheering,fsd50k,freesound_uploader_Nanakisan,freesound_uploader_Nanakisan,foreground_bank_train
fsd50k_laughter_cheering_1d21100f,laughter_cheering,fsd50k,freesound_uploader_Reitanna,freesound_uploader_Reitanna,foreground_bank_train
fsd50k_laughter_cheering_1d34cbef,laughter_cheering,fsd50k,freesound_uploader_m1rk0,freesound_uploader_m1rk0,foreground_bank_train
fsd50k_laughter_cheering_1d8bdceb,laughter_cheering,fsd50k,freesound_uploader_Sirderf,freesound_uploader_Sirderf,foreground_bank_train
fsd50k_laughter_cheering_1dd7cbfc,laughter_cheering,fsd50k,freesound_uploader_LittleRainySeasons,freesound_uploader_LittleRainySeasons,foreground_bank_train
fsd50k_laughter_cheering_1e1282e3,laughter_cheering,fsd50k,freesound_uploader_FunWithSound,freesound_uploader_FunWithSound,foreground_bank_train
fsd50k_laughter_cheering_1e1e7522,laughter_cheering,fsd50k,freesound_uploader_jentlemen,freesound_uploader_jentlemen,foreground_bank_train
fsd50k_laughter_cheering_1fad3e57,laughter_cheering,fsd50k,freesound_uploader_snakebarney,freesound_uploader_snakebarney,foreground_bank_train
fsd50k_laughter_cheering_1fe90c01,laughter_cheering,fsd50k,freesound_uploader_dianaportela,freesound_uploader_dianaportela,foreground_bank_train
fsd50k_laughter_cheering_1ff949b6,laughter_cheering,fsd50k,freesound_uploader_stuxer,freesound_uploader_stuxer,foreground_bank_train
fsd50k_laughter_cheering_20296bd5,laughter_cheering,fsd50k,freesound_uploader_arnaud coutancier,freesound_uploader_arnaud coutancier,foreground_bank_train
fsd50k_laughter_cheering_20decd2c,laughter_cheering,fsd50k,freesound_uploader_Reitanna,freesound_uploader_Reitanna,foreground_bank_train
fsd50k_laughter_cheering_2113ae08,laughter_cheering,fsd50k,freesound_uploader_unfa,freesound_uploader_unfa,foreground_bank_train
fsd50k_laughter_cheering_2136569c,laughter_cheering,fsd50k,freesound_uploader_Sandermotions,freesound_uploader_Sandermotions,foreground_bank_train
fsd50k_laughter_cheering_21c0eabd,laughter_cheering,fsd50k,freesound_uploader_SkinnySoundGuy,freesound_uploader_SkinnySoundGuy,foreground_bank_train
fsd50k_laughter_cheering_22096355,laughter_cheering,fsd50k,freesound_uploader_chicksbro,freesound_uploader_chicksbro,foreground_bank_train
fsd50k_laughter_cheering_2422176d,laughter_cheering,fsd50k,freesound_uploader_unfa,freesound_uploader_unfa,foreground_bank_train
fsd50k_laughter_cheering_24398ea7,laughter_cheering,fsd50k,freesound_uploader_JuanD20,freesound_uploader_JuanD20,foreground_bank_train
fsd50k_laughter_cheering_24658c79,laughter_cheering,fsd50k,freesound_uploader_Robinhood76,freesound_uploader_Robinhood76,foreground_bank_train
fsd50k_laughter_cheering_248352d6,laughter_cheering,fsd50k,freesound_uploader_J.Zazvurek,freesound_uploader_J.Zazvurek,foreground_bank_train
fsd50k_laughter_cheering_24f7638c,laughter_cheering,fsd50k,freesound_uploader_MBaer_Studios,freesound_uploader_MBaer_Studios,foreground_bank_train
fsd50k_laughter_cheering_250784bc,laughter_cheering,fsd50k,freesound_uploader_snakebarney,freesound_uploader_snakebarney,foreground_bank_train
fsd50k_laughter_cheering_259fb75e,laughter_cheering,fsd50k,freesound_uploader_benjaminharveydesign,freesound_uploader_benjaminharveydesign,foreground_bank_train
fsd50k_laughter_cheering_260ca827,laughter_cheering,fsd50k,freesound_uploader_arnaud coutancier,freesound_uploader_arnaud coutancier,foreground_bank_train
fsd50k_laughter_cheering_2696ed13,laughter_cheering,fsd50k,freesound_uploader_caraitoofodel,freesound_uploader_caraitoofodel,foreground_bank_train
fsd50k_laughter_cheering_26e39052,laughter_cheering,fsd50k,freesound_uploader_Robinhood76,freesound_uploader_Robinhood76,foreground_bank_train
fsd50k_laughter_cheering_26f52d9a,laughter_cheering,fsd50k,freesound_uploader_Nanakisan,freesound_uploader_Nanakisan,foreground_bank_train
fsd50k_laughter_cheering_26f78f7a,laughter_cheering,fsd50k,freesound_uploader_Reitanna,freesound_uploader_Reitanna,foreground_bank_train
fsd50k_laughter_cheering_27319362,laughter_cheering,fsd50k,freesound_uploader_Reitanna,freesound_uploader_Reitanna,foreground_bank_train
fsd50k_laughter_cheering_274ab62f,laughter_cheering,fsd50k,freesound_uploader_unfa,freesound_uploader_unfa,foreground_bank_train
fsd50k_laughter_cheering_280e491b,laughter_cheering,fsd50k,freesound_uploader_unfa,freesound_uploader_unfa,foreground_bank_train
fsd50k_laughter_cheering_284df7bf,laughter_cheering,fsd50k,freesound_uploader_chrillz3r,freesound_uploader_chrillz3r,foreground_bank_train
fsd50k_laughter_cheering_2868d584,laughter_cheering,fsd50k,freesound_uploader_kalinkamalinka,freesound_uploader_kalinkamalinka,foreground_bank_train
fsd50k_laughter_cheering_28bb2280,laughter_cheering,fsd50k,freesound_uploader_thanvannispen,freesound_uploader_thanvannispen,foreground_bank_train
fsd50k_laughter_cheering_28d391ad,laughter_cheering,fsd50k,freesound_uploader_ryanconway,freesound_uploader_ryanconway,foreground_bank_train
fsd50k_laughter_cheering_295ff496,laughter_cheering,fsd50k,freesound_uploader_tchild,freesound_uploader_tchild,foreground_bank_train
fsd50k_laughter_cheering_29b99e30,laughter_cheering,fsd50k,freesound_uploader_Reitanna,freesound_uploader_Reitanna,foreground_bank_train
fsd50k_laughter_cheering_29e4f335,laughter_cheering,fsd50k,freesound_uploader_andriala,freesound_uploader_andriala,foreground_bank_train
fsd50k_laughter_cheering_2abbbf32,laughter_cheering,fsd50k,freesound_uploader_Reitanna,freesound_uploader_Reitanna,foreground_bank_train
fsd50k_laughter_cheering_2abc5a36,laughter_cheering,fsd50k,freesound_uploader_dkustic,freesound_uploader_dkustic,foreground_bank_train
fsd50k_laughter_cheering_2af4cb55,laughter_cheering,fsd50k,freesound_uploader_Ironi Alef,freesound_uploader_Ironi Alef,foreground_bank_train
fsd50k_laughter_cheering_2b000118,laughter_cheering,fsd50k,freesound_uploader_Apheo,freesound_uploader_Apheo,foreground_bank_train
fsd50k_laughter_cheering_2b498ea6,laughter_cheering,fsd50k,freesound_uploader_Reitanna,freesound_uploader_Reitanna,foreground_bank_train
fsd50k_laughter_cheering_2b88b87c,laughter_cheering,fsd50k,freesound_uploader_lemigoga,freesound_uploader_lemigoga,foreground_bank_train
fsd50k_laughter_cheering_2bc0324b,laughter_cheering,fsd50k,freesound_uploader_arnaud coutancier,freesound_uploader_arnaud coutancier,foreground_bank_train
fsd50k_laughter_cheering_2bcb1648,laughter_cheering,fsd50k,freesound_uploader_Sirderf,freesound_uploader_Sirderf,foreground_bank_train
fsd50k_laughter_cheering_2bd0a054,laughter_cheering,fsd50k,freesound_uploader_Robinhood76,freesound_uploader_Robinhood76,foreground_bank_train
fsd50k_laughter_cheering_2c78abae,laughter_cheering,fsd50k,freesound_uploader_digifishmusic,freesound_uploader_digifishmusic,foreground_bank_train
fsd50k_laughter_cheering_2d5048fd,laughter_cheering,fsd50k,freesound_uploader_arnaud coutancier,freesound_uploader_arnaud coutancier,foreground_bank_train
fsd50k_laughter_cheering_2d569ca5,laughter_cheering,fsd50k,freesound_uploader_benjaminharveydesign,freesound_uploader_benjaminharveydesign,foreground_bank_train
fsd50k_laughter_cheering_2ea91842,laughter_cheering,fsd50k,freesound_uploader_Robinhood76,freesound_uploader_Robinhood76,foreground_bank_train
fsd50k_laughter_cheering_2f9c9d72,laughter_cheering,fsd50k,freesound_uploader_jentlemen,freesound_uploader_jentlemen,foreground_bank_train
fsd50k_laughter_cheering_30e3f137,laughter_cheering,fsd50k,freesound_uploader_siriuss22,freesound_uploader_siriuss22,foreground_bank_train
fsd50k_laughter_cheering_310c423e,laughter_cheering,fsd50k,freesound_uploader_Robinhood76,freesound_uploader_Robinhood76,foreground_bank_train
fsd50k_laughter_cheering_3117184a,laughter_cheering,fsd50k,freesound_uploader_Robinhood76,freesound_uploader_Robinhood76,foreground_bank_train
fsd50k_laughter_cheering_31191fe3,laughter_cheering,fsd50k,freesound_uploader_vinjatovix,freesound_uploader_vinjatovix,foreground_bank_train
fsd50k_laughter_cheering_31515a02,laughter_cheering,fsd50k,freesound_uploader_xtrgamr,freesound_uploader_xtrgamr,foreground_bank_train
fsd50k_laughter_cheering_317ebcc5,laughter_cheering,fsd50k,freesound_uploader_Littleboot,freesound_uploader_Littleboot,foreground_bank_train
fsd50k_laughter_cheering_31b27573,laughter_cheering,fsd50k,freesound_uploader_kalinkamalinka,freesound_uploader_kalinkamalinka,foreground_bank_train
fsd50k_laughter_cheering_32a20234,laughter_cheering,fsd50k,freesound_uploader_Robinhood76,freesound_uploader_Robinhood76,foreground_bank_train
fsd50k_laughter_cheering_330bbba9,laughter_cheering,fsd50k,freesound_uploader_FannyLH,freesound_uploader_FannyLH,foreground_bank_train
fsd50k_laughter_cheering_33111d22,laughter_cheering,fsd50k,freesound_uploader_acekasbo,freesound_uploader_acekasbo,foreground_bank_train
fsd50k_laughter_cheering_3346afa8,laughter_cheering,fsd50k,freesound_uploader_IllusiaProductions,freesound_uploader_IllusiaProductions,foreground_bank_train
fsd50k_laughter_cheering_3363f8a2,laughter_cheering,fsd50k,freesound_uploader_gumballworld,freesound_uploader_gumballworld,foreground_bank_train
fsd50k_laughter_cheering_33afc258,laughter_cheering,fsd50k,freesound_uploader_obasound,freesound_uploader_obasound,foreground_bank_train
fsd50k_laughter_cheering_347d3140,laughter_cheering,fsd50k,freesound_uploader_Reitanna,freesound_uploader_Reitanna,foreground_bank_train
fsd50k_laughter_cheering_35254290,laughter_cheering,fsd50k,freesound_uploader_thanvannispen,freesound_uploader_thanvannispen,foreground_bank_train
fsd50k_laughter_cheering_358ee9c3,laughter_cheering,fsd50k,freesound_uploader_Zabuhailo,freesound_uploader_Zabuhailo,foreground_bank_train
fsd50k_laughter_cheering_35bb06a3,laughter_cheering,fsd50k,freesound_uploader_Reitanna,freesound_uploader_Reitanna,foreground_bank_train
fsd50k_laughter_cheering_35edbeb4,laughter_cheering,fsd50k,freesound_uploader_Nanakisan,freesound_uploader_Nanakisan,foreground_bank_train
fsd50k_laughter_cheering_35fdd0c0,laughter_cheering,fsd50k,freesound_uploader_unfa,freesound_uploader_unfa,foreground_bank_train
fsd50k_laughter_cheering_3665ef99,laughter_cheering,fsd50k,freesound_uploader_Reitanna,freesound_uploader_Reitanna,foreground_bank_train
fsd50k_laughter_cheering_367a4130,laughter_cheering,fsd50k,freesound_uploader_thanvannispen,freesound_uploader_thanvannispen,foreground_bank_train
fsd50k_laughter_cheering_36857803,laughter_cheering,fsd50k,freesound_uploader_ficheland,freesound_uploader_ficheland,foreground_bank_train
fsd50k_laughter_cheering_36c5c51f,laughter_cheering,fsd50k,freesound_uploader_vinjatovix,freesound_uploader_vinjatovix,foreground_bank_train
fsd50k_laughter_cheering_37286c06,laughter_cheering,fsd50k,freesound_uploader_RSilveira_88,freesound_uploader_RSilveira_88,foreground_bank_train
fsd50k_laughter_cheering_377c01c7,laughter_cheering,fsd50k,freesound_uploader_Aiwha,freesound_uploader_Aiwha,foreground_bank_train
fsd50k_laughter_cheering_389e548e,laughter_cheering,fsd50k,freesound_uploader_missozzy,freesound_uploader_missozzy,foreground_bank_train
fsd50k_laughter_cheering_38bc6046,laughter_cheering,fsd50k,freesound_uploader_bulj,freesound_uploader_bulj,foreground_bank_train
fsd50k_laughter_cheering_38bce097,laughter_cheering,fsd50k,freesound_uploader_Reitanna,freesound_uploader_Reitanna,foreground_bank_train
fsd50k_laughter_cheering_391042ef,laughter_cheering,fsd50k,freesound_uploader_Reitanna,freesound_uploader_Reitanna,foreground_bank_train
fsd50k_laughter_cheering_39b101db,laughter_cheering,fsd50k,freesound_uploader_Kyster,freesound_uploader_Kyster,foreground_bank_train
fsd50k_laughter_cheering_3a0b05f9,laughter_cheering,fsd50k,freesound_uploader_Nanakisan,freesound_uploader_Nanakisan,foreground_bank_train
fsd50k_laughter_cheering_3af5bed1,laughter_cheering,fsd50k,freesound_uploader_benjaminharveydesign,freesound_uploader_benjaminharveydesign,foreground_bank_train
fsd50k_laughter_cheering_3b0e65cb,laughter_cheering,fsd50k,freesound_uploader_Zabuhailo,freesound_uploader_Zabuhailo,foreground_bank_train
fsd50k_laughter_cheering_3b20bc01,laughter_cheering,fsd50k,freesound_uploader_arnaud coutancier,freesound_uploader_arnaud coutancier,foreground_bank_train
fsd50k_laughter_cheering_3b4cb3dd,laughter_cheering,fsd50k,freesound_uploader_ascap,freesound_uploader_ascap,foreground_bank_train
fsd50k_laughter_cheering_3b546e2e,laughter_cheering,fsd50k,freesound_uploader_Robinhood76,freesound_uploader_Robinhood76,foreground_bank_train
fsd50k_laughter_cheering_3cafab77,laughter_cheering,fsd50k,freesound_uploader_The Baron,freesound_uploader_The Baron,foreground_bank_train
fsd50k_laughter_cheering_3cfb5eb8,laughter_cheering,fsd50k,freesound_uploader_Reitanna,freesound_uploader_Reitanna,foreground_bank_train
fsd50k_laughter_cheering_3e14b00a,laughter_cheering,fsd50k,freesound_uploader_Robinhood76,freesound_uploader_Robinhood76,foreground_bank_train
fsd50k_laughter_cheering_3e7c8403,laughter_cheering,fsd50k,freesound_uploader_xtrgamr,freesound_uploader_xtrgamr,foreground_bank_train
fsd50k_laughter_cheering_3f07be09,laughter_cheering,fsd50k,freesound_uploader_darlingfordays,freesound_uploader_darlingfordays,foreground_bank_train
fsd50k_laughter_cheering_3f78c193,laughter_cheering,fsd50k,freesound_uploader_Robinhood76,freesound_uploader_Robinhood76,foreground_bank_train
fsd50k_laughter_cheering_41106523,laughter_cheering,fsd50k,freesound_uploader_Blackstrobe,freesound_uploader_Blackstrobe,foreground_bank_train
fsd50k_laughter_cheering_4186588a,laughter_cheering,fsd50k,freesound_uploader_Kalibrk,freesound_uploader_Kalibrk,foreground_bank_train
fsd50k_laughter_cheering_41cdf621,laughter_cheering,fsd50k,freesound_uploader_Reitanna,freesound_uploader_Reitanna,foreground_bank_train
fsd50k_laughter_cheering_42448c83,laughter_cheering,fsd50k,freesound_uploader_Reitanna,freesound_uploader_Reitanna,foreground_bank_train
fsd50k_laughter_cheering_42df0021,laughter_cheering,fsd50k,freesound_uploader_tagirov,freesound_uploader_tagirov,foreground_bank_train
fsd50k_laughter_cheering_42e36997,laughter_cheering,fsd50k,freesound_uploader_stephiechanel,freesound_uploader_stephiechanel,foreground_bank_train
fsd50k_laughter_cheering_42fdcd80,laughter_cheering,fsd50k,freesound_uploader_lalazzylee1,freesound_uploader_lalazzylee1,foreground_bank_train
fsd50k_laughter_cheering_432d35c0,laughter_cheering,fsd50k,freesound_uploader_ondrosik,freesound_uploader_ondrosik,foreground_bank_train
fsd50k_laughter_cheering_4380e280,laughter_cheering,fsd50k,freesound_uploader_acekasbo,freesound_uploader_acekasbo,foreground_bank_train
fsd50k_laughter_cheering_44a56267,laughter_cheering,fsd50k,freesound_uploader_jorickhoofd,freesound_uploader_jorickhoofd,foreground_bank_train
fsd50k_laughter_cheering_4595efb7,laughter_cheering,fsd50k,freesound_uploader_Thisguy_,freesound_uploader_Thisguy_,foreground_bank_train
fsd50k_laughter_cheering_45c69a75,laughter_cheering,fsd50k,freesound_uploader_bwav,freesound_uploader_bwav,foreground_bank_train
fsd50k_laughter_cheering_463acc5e,laughter_cheering,fsd50k,freesound_uploader_Corsica_S,freesound_uploader_Corsica_S,foreground_bank_train
fsd50k_laughter_cheering_469e5b17,laughter_cheering,fsd50k,freesound_uploader_Reitanna,freesound_uploader_Reitanna,foreground_bank_train
fsd50k_laughter_cheering_46fbc33e,laughter_cheering,fsd50k,freesound_uploader_Reitanna,freesound_uploader_Reitanna,foreground_bank_train
fsd50k_laughter_cheering_47547829,laughter_cheering,fsd50k,freesound_uploader_morningfrost,freesound_uploader_morningfrost,foreground_bank_train
fsd50k_laughter_cheering_483c87cb,laughter_cheering,fsd50k,freesound_uploader_Reitanna,freesound_uploader_Reitanna,foreground_bank_train
fsd50k_laughter_cheering_491c1f3f,laughter_cheering,fsd50k,freesound_uploader_J.Zazvurek,freesound_uploader_J.Zazvurek,foreground_bank_train
fsd50k_laughter_cheering_495ece35,laughter_cheering,fsd50k,freesound_uploader_Reitanna,freesound_uploader_Reitanna,foreground_bank_train
fsd50k_laughter_cheering_49b89a8e,laughter_cheering,fsd50k,freesound_uploader_J.Zazvurek,freesound_uploader_J.Zazvurek,foreground_bank_train
fsd50k_laughter_cheering_4b90f540,laughter_cheering,fsd50k,freesound_uploader_BrainClaim,freesound_uploader_BrainClaim,foreground_bank_train
fsd50k_laughter_cheering_4ba5e1a1,laughter_cheering,fsd50k,freesound_uploader_LanDub,freesound_uploader_LanDub,foreground_bank_train
fsd50k_laughter_cheering_4c070ed5,laughter_cheering,fsd50k,freesound_uploader_Sirderf,freesound_uploader_Sirderf,foreground_bank_train
fsd50k_laughter_cheering_4c695089,laughter_cheering,fsd50k,freesound_uploader_kalinkamalinka,freesound_uploader_kalinkamalinka,foreground_bank_train
fsd50k_laughter_cheering_4cef5035,laughter_cheering,fsd50k,freesound_uploader_missozzy,freesound_uploader_missozzy,foreground_bank_train
fsd50k_laughter_cheering_4d094747,laughter_cheering,fsd50k,freesound_uploader_GlennM,freesound_uploader_GlennM,foreground_bank_train
fsd50k_laughter_cheering_4d90b700,laughter_cheering,fsd50k,freesound_uploader_Nanakisan,freesound_uploader_Nanakisan,foreground_bank_train
fsd50k_laughter_cheering_4d970099,laughter_cheering,fsd50k,freesound_uploader_unfa,freesound_uploader_unfa,foreground_bank_train
fsd50k_laughter_cheering_4e1a9a49,laughter_cheering,fsd50k,freesound_uploader_unfa,freesound_uploader_unfa,foreground_bank_train
fsd50k_laughter_cheering_4e3ce159,laughter_cheering,fsd50k,freesound_uploader_Alternicity,freesound_uploader_Alternicity,foreground_bank_train
fsd50k_laughter_cheering_4f8c0836,laughter_cheering,fsd50k,freesound_uploader_Zabuhailo,freesound_uploader_Zabuhailo,foreground_bank_train
fsd50k_laughter_cheering_4fe3228d,laughter_cheering,fsd50k,freesound_uploader_ecfike,freesound_uploader_ecfike,foreground_bank_train
fsd50k_laughter_cheering_504a94e1,laughter_cheering,fsd50k,freesound_uploader_fmaudio,freesound_uploader_fmaudio,foreground_bank_train
fsd50k_laughter_cheering_50c7af52,laughter_cheering,fsd50k,freesound_uploader_peridactyloptrix,freesound_uploader_peridactyloptrix,foreground_bank_train
fsd50k_laughter_cheering_50ecc1f8,laughter_cheering,fsd50k,freesound_uploader_johnnypanic,freesound_uploader_johnnypanic,foreground_bank_train
fsd50k_laughter_cheering_51b0f1da,laughter_cheering,fsd50k,freesound_uploader_Samusasi,freesound_uploader_Samusasi,foreground_bank_train
fsd50k_laughter_cheering_52bc03c7,laughter_cheering,fsd50k,freesound_uploader_arnaud coutancier,freesound_uploader_arnaud coutancier,foreground_bank_train
fsd50k_laughter_cheering_52d604e4,laughter_cheering,fsd50k,freesound_uploader_firefreak,freesound_uploader_firefreak,foreground_bank_train
fsd50k_laughter_cheering_53a48b14,laughter_cheering,fsd50k,freesound_uploader_jayfrosting,freesound_uploader_jayfrosting,foreground_bank_train
fsd50k_laughter_cheering_53bd0a4a,laughter_cheering,fsd50k,freesound_uploader_ZyryTSounds,freesound_uploader_ZyryTSounds,foreground_bank_train
fsd50k_laughter_cheering_5451d825,laughter_cheering,fsd50k,freesound_uploader_Aiwha,freesound_uploader_Aiwha,foreground_bank_train
fsd50k_laughter_cheering_54ec0b16,laughter_cheering,fsd50k,freesound_uploader_CosmicEmbers,freesound_uploader_CosmicEmbers,foreground_bank_train
fsd50k_laughter_cheering_553a8aab,laughter_cheering,fsd50k,freesound_uploader_klankbeeld,freesound_uploader_klankbeeld,foreground_bank_train
fsd50k_laughter_cheering_5589d8c8,laughter_cheering,fsd50k,freesound_uploader_Reitanna,freesound_uploader_Reitanna,foreground_bank_train
fsd50k_laughter_cheering_55a187c3,laughter_cheering,fsd50k,freesound_uploader_pugaeme,freesound_uploader_pugaeme,foreground_bank_train
fsd50k_laughter_cheering_55bcff49,laughter_cheering,fsd50k,freesound_uploader_fons,freesound_uploader_fons,foreground_bank_train
fsd50k_laughter_cheering_561d711b,laughter_cheering,fsd50k,freesound_uploader_Envywolf,freesound_uploader_Envywolf,foreground_bank_train
fsd50k_laughter_cheering_56317c25,laughter_cheering,fsd50k,freesound_uploader_Robinhood76,freesound_uploader_Robinhood76,foreground_bank_train
fsd50k_laughter_cheering_574bb336,laughter_cheering,fsd50k,freesound_uploader_Nanakisan,freesound_uploader_Nanakisan,foreground_bank_train
fsd50k_laughter_cheering_57f28d3a,laughter_cheering,fsd50k,freesound_uploader_engreitz,freesound_uploader_engreitz,foreground_bank_train
fsd50k_laughter_cheering_587201bc,laughter_cheering,fsd50k,freesound_uploader_Reitanna,freesound_uploader_Reitanna,foreground_bank_train
fsd50k_laughter_cheering_5949624e,laughter_cheering,fsd50k,freesound_uploader_recordinghopkins,freesound_uploader_recordinghopkins,foreground_bank_train
fsd50k_laughter_cheering_59ec6a52,laughter_cheering,fsd50k,freesound_uploader_Ch0cchi,freesound_uploader_Ch0cchi,foreground_bank_train
fsd50k_laughter_cheering_5a41d745,laughter_cheering,fsd50k,freesound_uploader_n3n3,freesound_uploader_n3n3,foreground_bank_train
fsd50k_laughter_cheering_5a6e5573,laughter_cheering,fsd50k,freesound_uploader_Reitanna,freesound_uploader_Reitanna,foreground_bank_train
fsd50k_laughter_cheering_5ac4ed99,laughter_cheering,fsd50k,freesound_uploader_jealoussiblingprison,freesound_uploader_jealoussiblingprison,foreground_bank_train
fsd50k_laughter_cheering_5b009b16,laughter_cheering,fsd50k,freesound_uploader_kalinkamalinka,freesound_uploader_kalinkamalinka,foreground_bank_train
fsd50k_laughter_cheering_5b4439ad,laughter_cheering,fsd50k,freesound_uploader_arnaud coutancier,freesound_uploader_arnaud coutancier,foreground_bank_train
fsd50k_laughter_cheering_5b901f6a,laughter_cheering,fsd50k,freesound_uploader_timtube,freesound_uploader_timtube,foreground_bank_train
fsd50k_laughter_cheering_5b988f7c,laughter_cheering,fsd50k,freesound_uploader_FannyLH,freesound_uploader_FannyLH,foreground_bank_train
fsd50k_laughter_cheering_5bc34821,laughter_cheering,fsd50k,freesound_uploader_chripei,freesound_uploader_chripei,foreground_bank_train
fsd50k_laughter_cheering_5c05f351,laughter_cheering,fsd50k,freesound_uploader_thenudo,freesound_uploader_thenudo,foreground_bank_train
fsd50k_laughter_cheering_5c764adb,laughter_cheering,fsd50k,freesound_uploader_dkustic,freesound_uploader_dkustic,foreground_bank_train
fsd50k_laughter_cheering_5c88513a,laughter_cheering,fsd50k,freesound_uploader_timtube,freesound_uploader_timtube,foreground_bank_train
fsd50k_laughter_cheering_5da7629c,laughter_cheering,fsd50k,freesound_uploader_Sirderf,freesound_uploader_Sirderf,foreground_bank_train
fsd50k_laughter_cheering_5db43521,laughter_cheering,fsd50k,freesound_uploader_klankbeeld,freesound_uploader_klankbeeld,foreground_bank_train
fsd50k_laughter_cheering_5de8f816,laughter_cheering,fsd50k,freesound_uploader_Noscainum,freesound_uploader_Noscainum,foreground_bank_train
fsd50k_laughter_cheering_5e06805c,laughter_cheering,fsd50k,freesound_uploader_FreqMan,freesound_uploader_FreqMan,foreground_bank_train
fsd50k_laughter_cheering_5e2692a6,laughter_cheering,fsd50k,freesound_uploader_pauliperez1999,freesound_uploader_pauliperez1999,foreground_bank_train
fsd50k_laughter_cheering_5e995ff7,laughter_cheering,fsd50k,freesound_uploader_xtrgamr,freesound_uploader_xtrgamr,foreground_bank_train
fsd50k_laughter_cheering_5eee72d0,laughter_cheering,fsd50k,freesound_uploader_J.Zazvurek,freesound_uploader_J.Zazvurek,foreground_bank_train
fsd50k_laughter_cheering_5ef9f35b,laughter_cheering,fsd50k,freesound_uploader_Nanakisan,freesound_uploader_Nanakisan,foreground_bank_train
fsd50k_laughter_cheering_5f522ac8,laughter_cheering,fsd50k,freesound_uploader_eli123,freesound_uploader_eli123,foreground_bank_train
fsd50k_laughter_cheering_5f733992,laughter_cheering,fsd50k,freesound_uploader_Reitanna,freesound_uploader_Reitanna,foreground_bank_train
fsd50k_laughter_cheering_5feafcc2,laughter_cheering,fsd50k,freesound_uploader_klankbeeld,freesound_uploader_klankbeeld,foreground_bank_train
fsd50k_laughter_cheering_605f11f7,laughter_cheering,fsd50k,freesound_uploader_Sirderf,freesound_uploader_Sirderf,foreground_bank_train
fsd50k_laughter_cheering_6070c5db,laughter_cheering,fsd50k,freesound_uploader_fley.erm,freesound_uploader_fley.erm,foreground_bank_train
fsd50k_laughter_cheering_609ee8ef,laughter_cheering,fsd50k,freesound_uploader_JarAxe,freesound_uploader_JarAxe,foreground_bank_train
fsd50k_laughter_cheering_611b7a17,laughter_cheering,fsd50k,freesound_uploader_arnaud coutancier,freesound_uploader_arnaud coutancier,foreground_bank_train
fsd50k_laughter_cheering_61272ece,laughter_cheering,fsd50k,freesound_uploader_LittleLuigi,freesound_uploader_LittleLuigi,foreground_bank_train
fsd50k_laughter_cheering_615f0607,laughter_cheering,fsd50k,freesound_uploader_Reitanna,freesound_uploader_Reitanna,foreground_bank_train
fsd50k_laughter_cheering_61d37f2f,laughter_cheering,fsd50k,freesound_uploader_J.Zazvurek,freesound_uploader_J.Zazvurek,foreground_bank_train
fsd50k_laughter_cheering_61e0ac27,laughter_cheering,fsd50k,freesound_uploader_Nanakisan,freesound_uploader_Nanakisan,foreground_bank_train
fsd50k_laughter_cheering_61fa9c7e,laughter_cheering,fsd50k,freesound_uploader_m1rk0,freesound_uploader_m1rk0,foreground_bank_train
fsd50k_laughter_cheering_6283101b,laughter_cheering,fsd50k,freesound_uploader_Sirderf,freesound_uploader_Sirderf,foreground_bank_train
fsd50k_laughter_cheering_6285de23,laughter_cheering,fsd50k,freesound_uploader_benjaminharveydesign,freesound_uploader_benjaminharveydesign,foreground_bank_train
fsd50k_laughter_cheering_62d701cb,laughter_cheering,fsd50k,freesound_uploader_klankbeeld,freesound_uploader_klankbeeld,foreground_bank_train
fsd50k_laughter_cheering_63cdb164,laughter_cheering,fsd50k,freesound_uploader_FreqMan,freesound_uploader_FreqMan,foreground_bank_train
fsd50k_laughter_cheering_6491a4be,laughter_cheering,fsd50k,freesound_uploader_Reitanna,freesound_uploader_Reitanna,foreground_bank_train
fsd50k_laughter_cheering_65537e4f,laughter_cheering,fsd50k,freesound_uploader_Nanakisan,freesound_uploader_Nanakisan,foreground_bank_train
fsd50k_laughter_cheering_65a645d4,laughter_cheering,fsd50k,freesound_uploader_digitopia,freesound_uploader_digitopia,foreground_bank_train
fsd50k_laughter_cheering_65e2878e,laughter_cheering,fsd50k,freesound_uploader_xtrgamr,freesound_uploader_xtrgamr,foreground_bank_train
fsd50k_laughter_cheering_667e791c,laughter_cheering,fsd50k,freesound_uploader_snakebarney,freesound_uploader_snakebarney,foreground_bank_train
fsd50k_laughter_cheering_66b84a6f,laughter_cheering,fsd50k,freesound_uploader_Ironi Alef,freesound_uploader_Ironi Alef,foreground_bank_train
fsd50k_laughter_cheering_66f5785b,laughter_cheering,fsd50k,freesound_uploader_jayfrosting,freesound_uploader_jayfrosting,foreground_bank_train
fsd50k_laughter_cheering_66f79ecc,laughter_cheering,fsd50k,freesound_uploader_ryanconway,freesound_uploader_ryanconway,foreground_bank_train
fsd50k_laughter_cheering_67266ded,laughter_cheering,fsd50k,freesound_uploader_chrillz3r,freesound_uploader_chrillz3r,foreground_bank_train
fsd50k_laughter_cheering_67294cbf,laughter_cheering,fsd50k,freesound_uploader_missozzy,freesound_uploader_missozzy,foreground_bank_train
fsd50k_laughter_cheering_673e46e6,laughter_cheering,fsd50k,freesound_uploader_acekasbo,freesound_uploader_acekasbo,foreground_bank_train
fsd50k_laughter_cheering_678317d4,laughter_cheering,fsd50k,freesound_uploader_kalinkamalinka,freesound_uploader_kalinkamalinka,foreground_bank_train
fsd50k_laughter_cheering_679de217,laughter_cheering,fsd50k,freesound_uploader_mbrasio,freesound_uploader_mbrasio,foreground_bank_train
fsd50k_laughter_cheering_68e2f53d,laughter_cheering,fsd50k,freesound_uploader_acekasbo,freesound_uploader_acekasbo,foreground_bank_train
fsd50k_laughter_cheering_6955ca24,laughter_cheering,fsd50k,freesound_uploader_gumballworld,freesound_uploader_gumballworld,foreground_bank_train
fsd50k_laughter_cheering_6a0f00e6,laughter_cheering,fsd50k,freesound_uploader_LittleRainySeasons,freesound_uploader_LittleRainySeasons,foreground_bank_train
fsd50k_laughter_cheering_6a522cbf,laughter_cheering,fsd50k,freesound_uploader_kalinkamalinka,freesound_uploader_kalinkamalinka,foreground_bank_train
fsd50k_laughter_cheering_6a9a8296,laughter_cheering,fsd50k,freesound_uploader_J.Zazvurek,freesound_uploader_J.Zazvurek,foreground_bank_train
fsd50k_laughter_cheering_6b959637,laughter_cheering,fsd50k,freesound_uploader_Adam_N,freesound_uploader_Adam_N,foreground_bank_train
fsd50k_laughter_cheering_6c08ee87,laughter_cheering,fsd50k,freesound_uploader_arnaud coutancier,freesound_uploader_arnaud coutancier,foreground_bank_train
fsd50k_laughter_cheering_6c0c9021,laughter_cheering,fsd50k,freesound_uploader_unfa,freesound_uploader_unfa,foreground_bank_train
fsd50k_laughter_cheering_6c8cecee,laughter_cheering,fsd50k,freesound_uploader_digitopia,freesound_uploader_digitopia,foreground_bank_train
fsd50k_laughter_cheering_6ca9e737,laughter_cheering,fsd50k,freesound_uploader_fley.erm,freesound_uploader_fley.erm,foreground_bank_train
fsd50k_laughter_cheering_6cf36db1,laughter_cheering,fsd50k,freesound_uploader_LittleRainySeasons,freesound_uploader_LittleRainySeasons,foreground_bank_train
fsd50k_laughter_cheering_6d2086fc,laughter_cheering,fsd50k,freesound_uploader_Syna-Max,freesound_uploader_Syna-Max,foreground_bank_train
fsd50k_laughter_cheering_6da04b5f,laughter_cheering,fsd50k,freesound_uploader_gumballworld,freesound_uploader_gumballworld,foreground_bank_train
fsd50k_laughter_cheering_6df8cd12,laughter_cheering,fsd50k,freesound_uploader_Fratz,freesound_uploader_Fratz,foreground_bank_train
fsd50k_laughter_cheering_6e51ccf1,laughter_cheering,fsd50k,freesound_uploader_Robinhood76,freesound_uploader_Robinhood76,foreground_bank_train
fsd50k_laughter_cheering_6e7018db,laughter_cheering,fsd50k,freesound_uploader_Anaguilar,freesound_uploader_Anaguilar,foreground_bank_train
fsd50k_laughter_cheering_6e8599b2,laughter_cheering,fsd50k,freesound_uploader_vedas,freesound_uploader_vedas,foreground_bank_train
fsd50k_laughter_cheering_6f16fc9f,laughter_cheering,fsd50k,freesound_uploader_Corsica_S,freesound_uploader_Corsica_S,foreground_bank_train
fsd50k_laughter_cheering_6f825c0b,laughter_cheering,fsd50k,freesound_uploader_Kyster,freesound_uploader_Kyster,foreground_bank_train
fsd50k_laughter_cheering_6f9eb9e2,laughter_cheering,fsd50k,freesound_uploader_ondrosik,freesound_uploader_ondrosik,foreground_bank_train
fsd50k_laughter_cheering_70511d39,laughter_cheering,fsd50k,freesound_uploader_xtrgamr,freesound_uploader_xtrgamr,foreground_bank_train
fsd50k_laughter_cheering_706e26de,laughter_cheering,fsd50k,freesound_uploader_Adam_N,freesound_uploader_Adam_N,foreground_bank_train
fsd50k_laughter_cheering_707b5622,laughter_cheering,fsd50k,freesound_uploader_Nanakisan,freesound_uploader_Nanakisan,foreground_bank_train
fsd50k_laughter_cheering_70cb1f0c,laughter_cheering,fsd50k,freesound_uploader_Nanakisan,freesound_uploader_Nanakisan,foreground_bank_train
fsd50k_laughter_cheering_70de7c58,laughter_cheering,fsd50k,freesound_uploader_Robinhood76,freesound_uploader_Robinhood76,foreground_bank_train
fsd50k_laughter_cheering_721e8651,laughter_cheering,fsd50k,freesound_uploader_Robinhood76,freesound_uploader_Robinhood76,foreground_bank_train
fsd50k_laughter_cheering_726c87ab,laughter_cheering,fsd50k,freesound_uploader_jentlemen,freesound_uploader_jentlemen,foreground_bank_train
fsd50k_laughter_cheering_72ab9348,laughter_cheering,fsd50k,freesound_uploader_thanvannispen,freesound_uploader_thanvannispen,foreground_bank_train
fsd50k_laughter_cheering_73b0687b,laughter_cheering,fsd50k,freesound_uploader_Aiwha,freesound_uploader_Aiwha,foreground_bank_train
fsd50k_laughter_cheering_73e2928a,laughter_cheering,fsd50k,freesound_uploader_Nanakisan,freesound_uploader_Nanakisan,foreground_bank_train
fsd50k_laughter_cheering_73eb5bec,laughter_cheering,fsd50k,freesound_uploader_Robinhood76,freesound_uploader_Robinhood76,foreground_bank_train
fsd50k_laughter_cheering_74320533,laughter_cheering,fsd50k,freesound_uploader_Nanakisan,freesound_uploader_Nanakisan,foreground_bank_train
fsd50k_laughter_cheering_74ebd122,laughter_cheering,fsd50k,freesound_uploader_BugInTheSYS,freesound_uploader_BugInTheSYS,foreground_bank_train
fsd50k_laughter_cheering_75151690,laughter_cheering,fsd50k,freesound_uploader_Robinhood76,freesound_uploader_Robinhood76,foreground_bank_train
fsd50k_laughter_cheering_75974357,laughter_cheering,fsd50k,freesound_uploader_Kyster,freesound_uploader_Kyster,foreground_bank_train
fsd50k_laughter_cheering_75ae7d2d,laughter_cheering,fsd50k,freesound_uploader_andriala,freesound_uploader_andriala,foreground_bank_train
fsd50k_laughter_cheering_75fe2052,laughter_cheering,fsd50k,freesound_uploader_Reitanna,freesound_uploader_Reitanna,foreground_bank_train
fsd50k_laughter_cheering_76c658fc,laughter_cheering,fsd50k,freesound_uploader_Nanakisan,freesound_uploader_Nanakisan,foreground_bank_train
fsd50k_laughter_cheering_776eb771,laughter_cheering,fsd50k,freesound_uploader_ariffbahari,freesound_uploader_ariffbahari,foreground_bank_train
fsd50k_laughter_cheering_7790ea54,laughter_cheering,fsd50k,freesound_uploader_Fratz,freesound_uploader_Fratz,foreground_bank_train
fsd50k_laughter_cheering_78083141,laughter_cheering,fsd50k,freesound_uploader_ryanconway,freesound_uploader_ryanconway,foreground_bank_train
fsd50k_laughter_cheering_78302651,laughter_cheering,fsd50k,freesound_uploader_Eelke,freesound_uploader_Eelke,foreground_bank_train
fsd50k_laughter_cheering_786b9a70,laughter_cheering,fsd50k,freesound_uploader_unfa,freesound_uploader_unfa,foreground_bank_train
fsd50k_laughter_cheering_78883c25,laughter_cheering,fsd50k,freesound_uploader_dkustic,freesound_uploader_dkustic,foreground_bank_train
fsd50k_laughter_cheering_78cd732c,laughter_cheering,fsd50k,freesound_uploader_jentlemen,freesound_uploader_jentlemen,foreground_bank_train
fsd50k_laughter_cheering_794e633f,laughter_cheering,fsd50k,freesound_uploader_acekasbo,freesound_uploader_acekasbo,foreground_bank_train
fsd50k_laughter_cheering_7a187d3c,laughter_cheering,fsd50k,freesound_uploader_thenudo,freesound_uploader_thenudo,foreground_bank_train
fsd50k_laughter_cheering_7a7e93a2,laughter_cheering,fsd50k,freesound_uploader_klankbeeld,freesound_uploader_klankbeeld,foreground_bank_train
fsd50k_laughter_cheering_7ae8a2d9,laughter_cheering,fsd50k,freesound_uploader_iut_Paris8,freesound_uploader_iut_Paris8,foreground_bank_train
fsd50k_laughter_cheering_7b08c7c1,laughter_cheering,fsd50k,freesound_uploader_Dipsyluvspo13,freesound_uploader_Dipsyluvspo13,foreground_bank_train
fsd50k_laughter_cheering_7b0dce9c,laughter_cheering,fsd50k,freesound_uploader_Me_Is_Chaos,freesound_uploader_Me_Is_Chaos,foreground_bank_train
fsd50k_laughter_cheering_7ba98a42,laughter_cheering,fsd50k,freesound_uploader_qubodup,freesound_uploader_qubodup,foreground_bank_train
fsd50k_laughter_cheering_7bb43b06,laughter_cheering,fsd50k,freesound_uploader_acekasbo,freesound_uploader_acekasbo,foreground_bank_train
fsd50k_laughter_cheering_7c031b4a,laughter_cheering,fsd50k,freesound_uploader_ecfike,freesound_uploader_ecfike,foreground_bank_train
fsd50k_laughter_cheering_7c2ec385,laughter_cheering,fsd50k,freesound_uploader_Adam_N,freesound_uploader_Adam_N,foreground_bank_train
fsd50k_laughter_cheering_7c7d5183,laughter_cheering,fsd50k,freesound_uploader_MadamVicious,freesound_uploader_MadamVicious,foreground_bank_train
fsd50k_laughter_cheering_7cca6cce,laughter_cheering,fsd50k,freesound_uploader_FunWithSound,freesound_uploader_FunWithSound,foreground_bank_train
fsd50k_laughter_cheering_7cfcc5db,laughter_cheering,fsd50k,freesound_uploader_arnaud coutancier,freesound_uploader_arnaud coutancier,foreground_bank_train
fsd50k_laughter_cheering_7d678007,laughter_cheering,fsd50k,freesound_uploader_Robinhood76,freesound_uploader_Robinhood76,foreground_bank_train
fsd50k_laughter_cheering_7da29735,laughter_cheering,fsd50k,freesound_uploader_Reitanna,freesound_uploader_Reitanna,foreground_bank_train
fsd50k_laughter_cheering_7e012d31,laughter_cheering,fsd50k,freesound_uploader_Reitanna,freesound_uploader_Reitanna,foreground_bank_train
fsd50k_laughter_cheering_7e7c8475,laughter_cheering,fsd50k,freesound_uploader_m1rk0,freesound_uploader_m1rk0,foreground_bank_train
fsd50k_laughter_cheering_7e9a2a2e,laughter_cheering,fsd50k,freesound_uploader_arnaud coutancier,freesound_uploader_arnaud coutancier,foreground_bank_train
fsd50k_laughter_cheering_7ea74d4d,laughter_cheering,fsd50k,freesound_uploader_The Baron,freesound_uploader_The Baron,foreground_bank_train
fsd50k_laughter_cheering_7fb52eb1,laughter_cheering,fsd50k,freesound_uploader_Nanakisan,freesound_uploader_Nanakisan,foreground_bank_train
fsd50k_laughter_cheering_7ff1b62f,laughter_cheering,fsd50k,freesound_uploader_missozzy,freesound_uploader_missozzy,foreground_bank_train
fsd50k_laughter_cheering_80611cf7,laughter_cheering,fsd50k,freesound_uploader_timtube,freesound_uploader_timtube,foreground_bank_train
fsd50k_laughter_cheering_80693bc6,laughter_cheering,fsd50k,freesound_uploader_Nanakisan,freesound_uploader_Nanakisan,foreground_bank_train
fsd50k_laughter_cheering_80b5e75c,laughter_cheering,fsd50k,freesound_uploader_Fratz,freesound_uploader_Fratz,foreground_bank_train
fsd50k_laughter_cheering_8248a274,laughter_cheering,fsd50k,freesound_uploader_fmaudio,freesound_uploader_fmaudio,foreground_bank_train
fsd50k_laughter_cheering_824bd1fb,laughter_cheering,fsd50k,freesound_uploader_kalinkamalinka,freesound_uploader_kalinkamalinka,foreground_bank_train
fsd50k_laughter_cheering_829a8ec8,laughter_cheering,fsd50k,freesound_uploader_gumballworld,freesound_uploader_gumballworld,foreground_bank_train
fsd50k_laughter_cheering_829ad692,laughter_cheering,fsd50k,freesound_uploader_klankbeeld,freesound_uploader_klankbeeld,foreground_bank_train
fsd50k_laughter_cheering_829d9376,laughter_cheering,fsd50k,freesound_uploader_LittleRainySeasons,freesound_uploader_LittleRainySeasons,foreground_bank_train
fsd50k_laughter_cheering_82a1d0a9,laughter_cheering,fsd50k,freesound_uploader_jentlemen,freesound_uploader_jentlemen,foreground_bank_train
fsd50k_laughter_cheering_83026d35,laughter_cheering,fsd50k,freesound_uploader_Sirderf,freesound_uploader_Sirderf,foreground_bank_train
fsd50k_laughter_cheering_83814ea2,laughter_cheering,fsd50k,freesound_uploader_Reitanna,freesound_uploader_Reitanna,foreground_bank_train
fsd50k_laughter_cheering_83b54a35,laughter_cheering,fsd50k,freesound_uploader_Reitanna,freesound_uploader_Reitanna,foreground_bank_train
fsd50k_laughter_cheering_83e59908,laughter_cheering,fsd50k,freesound_uploader_J.Zazvurek,freesound_uploader_J.Zazvurek,foreground_bank_train
fsd50k_laughter_cheering_83fb5876,laughter_cheering,fsd50k,freesound_uploader_jorickhoofd,freesound_uploader_jorickhoofd,foreground_bank_train
fsd50k_laughter_cheering_84043edb,laughter_cheering,fsd50k,freesound_uploader_Dipsyluvspo13,freesound_uploader_Dipsyluvspo13,foreground_bank_train
fsd50k_laughter_cheering_840c8c42,laughter_cheering,fsd50k,freesound_uploader_monosfera,freesound_uploader_monosfera,foreground_bank_train
fsd50k_laughter_cheering_84184574,laughter_cheering,fsd50k,freesound_uploader_newagesoup,freesound_uploader_newagesoup,foreground_bank_train
fsd50k_laughter_cheering_857d5df5,laughter_cheering,fsd50k,freesound_uploader_BluePaint,freesound_uploader_BluePaint,foreground_bank_train
fsd50k_laughter_cheering_8585fbf9,laughter_cheering,fsd50k,freesound_uploader_Corsica_S,freesound_uploader_Corsica_S,foreground_bank_train
fsd50k_laughter_cheering_859ab896,laughter_cheering,fsd50k,freesound_uploader_jbeetle,freesound_uploader_jbeetle,foreground_bank_train
fsd50k_laughter_cheering_85a48c5d,laughter_cheering,fsd50k,freesound_uploader_Nanakisan,freesound_uploader_Nanakisan,foreground_bank_train
fsd50k_laughter_cheering_85a628f2,laughter_cheering,fsd50k,freesound_uploader_vinjatovix,freesound_uploader_vinjatovix,foreground_bank_train
fsd50k_laughter_cheering_868eb91d,laughter_cheering,fsd50k,freesound_uploader_FunWithSound,freesound_uploader_FunWithSound,foreground_bank_train
fsd50k_laughter_cheering_86e36a38,laughter_cheering,fsd50k,freesound_uploader_digitopia,freesound_uploader_digitopia,foreground_bank_train
fsd50k_laughter_cheering_87162a12,laughter_cheering,fsd50k,freesound_uploader_arnaud coutancier,freesound_uploader_arnaud coutancier,foreground_bank_train
fsd50k_laughter_cheering_871d9482,laughter_cheering,fsd50k,freesound_uploader_Sandermotions,freesound_uploader_Sandermotions,foreground_bank_train
fsd50k_laughter_cheering_873c3817,laughter_cheering,fsd50k,freesound_uploader_unchaz,freesound_uploader_unchaz,foreground_bank_train
fsd50k_laughter_cheering_87452156,laughter_cheering,fsd50k,freesound_uploader_J.Zazvurek,freesound_uploader_J.Zazvurek,foreground_bank_train
fsd50k_laughter_cheering_877f3b04,laughter_cheering,fsd50k,freesound_uploader_qubodup,freesound_uploader_qubodup,foreground_bank_train
fsd50k_laughter_cheering_87809f5e,laughter_cheering,fsd50k,freesound_uploader_Reitanna,freesound_uploader_Reitanna,foreground_bank_train
fsd50k_laughter_cheering_88d9fe7a,laughter_cheering,fsd50k,freesound_uploader_Reitanna,freesound_uploader_Reitanna,foreground_bank_train
fsd50k_laughter_cheering_89146412,laughter_cheering,fsd50k,freesound_uploader_felipe.j,freesound_uploader_felipe.j,foreground_bank_train
fsd50k_laughter_cheering_8985a87a,laughter_cheering,fsd50k,freesound_uploader_jentlemen,freesound_uploader_jentlemen,foreground_bank_train
fsd50k_laughter_cheering_899a24e9,laughter_cheering,fsd50k,freesound_uploader_unfa,freesound_uploader_unfa,foreground_bank_train
fsd50k_laughter_cheering_8a08d418,laughter_cheering,fsd50k,freesound_uploader_arnaud coutancier,freesound_uploader_arnaud coutancier,foreground_bank_train
fsd50k_laughter_cheering_8a7c8f1d,laughter_cheering,fsd50k,freesound_uploader_J.Zazvurek,freesound_uploader_J.Zazvurek,foreground_bank_train
fsd50k_laughter_cheering_8af0214b,laughter_cheering,fsd50k,freesound_uploader_Robinhood76,freesound_uploader_Robinhood76,foreground_bank_train
fsd50k_laughter_cheering_8b1d8aac,laughter_cheering,fsd50k,freesound_uploader_gumballworld,freesound_uploader_gumballworld,foreground_bank_train
fsd50k_laughter_cheering_8cbb2ae6,laughter_cheering,fsd50k,freesound_uploader_arnaud coutancier,freesound_uploader_arnaud coutancier,foreground_bank_train
fsd50k_laughter_cheering_8cda7fce,laughter_cheering,fsd50k,freesound_uploader_ondrosik,freesound_uploader_ondrosik,foreground_bank_train
fsd50k_laughter_cheering_8d7de1ff,laughter_cheering,fsd50k,freesound_uploader_LittleRainySeasons,freesound_uploader_LittleRainySeasons,foreground_bank_train
fsd50k_laughter_cheering_8d97ca98,laughter_cheering,fsd50k,freesound_uploader_J.Zazvurek,freesound_uploader_J.Zazvurek,foreground_bank_train
fsd50k_laughter_cheering_8dd35634,laughter_cheering,fsd50k,freesound_uploader_Iceofdoom,freesound_uploader_Iceofdoom,foreground_bank_train
fsd50k_laughter_cheering_8de5520f,laughter_cheering,fsd50k,freesound_uploader_Robinhood76,freesound_uploader_Robinhood76,foreground_bank_train
fsd50k_laughter_cheering_8e0b1a64,laughter_cheering,fsd50k,freesound_uploader_FunWithSound,freesound_uploader_FunWithSound,foreground_bank_train
fsd50k_laughter_cheering_8e45abbd,laughter_cheering,fsd50k,freesound_uploader_LittleRainySeasons,freesound_uploader_LittleRainySeasons,foreground_bank_train
fsd50k_laughter_cheering_8e6d874f,laughter_cheering,fsd50k,freesound_uploader_Robinhood76,freesound_uploader_Robinhood76,foreground_bank_train
fsd50k_laughter_cheering_907894f2,laughter_cheering,fsd50k,freesound_uploader_Aiwha,freesound_uploader_Aiwha,foreground_bank_train
fsd50k_laughter_cheering_9095ede9,laughter_cheering,fsd50k,freesound_uploader_Navadaux,freesound_uploader_Navadaux,foreground_bank_train
fsd50k_laughter_cheering_91344410,laughter_cheering,fsd50k,freesound_uploader_Corsica_S,freesound_uploader_Corsica_S,foreground_bank_train
fsd50k_laughter_cheering_9167573c,laughter_cheering,fsd50k,freesound_uploader_Corsica_S,freesound_uploader_Corsica_S,foreground_bank_train
fsd50k_laughter_cheering_919e65b7,laughter_cheering,fsd50k,freesound_uploader_Nanakisan,freesound_uploader_Nanakisan,foreground_bank_train
fsd50k_laughter_cheering_91f976cf,laughter_cheering,fsd50k,freesound_uploader_Corsica_S,freesound_uploader_Corsica_S,foreground_bank_train
fsd50k_laughter_cheering_92e0dba2,laughter_cheering,fsd50k,freesound_uploader_SkinnySoundGuy,freesound_uploader_SkinnySoundGuy,foreground_bank_train
fsd50k_laughter_cheering_930546bf,laughter_cheering,fsd50k,freesound_uploader_ondrosik,freesound_uploader_ondrosik,foreground_bank_train
fsd50k_laughter_cheering_937b9360,laughter_cheering,fsd50k,freesound_uploader_Reitanna,freesound_uploader_Reitanna,foreground_bank_train
fsd50k_laughter_cheering_93b5bef1,laughter_cheering,fsd50k,freesound_uploader_fley.erm,freesound_uploader_fley.erm,foreground_bank_train
fsd50k_laughter_cheering_93bad6c5,laughter_cheering,fsd50k,freesound_uploader_fmaudio,freesound_uploader_fmaudio,foreground_bank_train
fsd50k_laughter_cheering_9417ab93,laughter_cheering,fsd50k,freesound_uploader_tim.kahn,freesound_uploader_tim.kahn,foreground_bank_train
fsd50k_laughter_cheering_94cdc03a,laughter_cheering,fsd50k,freesound_uploader_Reitanna,freesound_uploader_Reitanna,foreground_bank_train
fsd50k_laughter_cheering_95904423,laughter_cheering,fsd50k,freesound_uploader_Reitanna,freesound_uploader_Reitanna,foreground_bank_train
fsd50k_laughter_cheering_95a4d83d,laughter_cheering,fsd50k,freesound_uploader_arnaud coutancier,freesound_uploader_arnaud coutancier,foreground_bank_train
fsd50k_laughter_cheering_95b013e1,laughter_cheering,fsd50k,freesound_uploader_alberto1b07,freesound_uploader_alberto1b07,foreground_bank_train
fsd50k_laughter_cheering_95f63606,laughter_cheering,fsd50k,freesound_uploader_dkustic,freesound_uploader_dkustic,foreground_bank_train
fsd50k_laughter_cheering_96109a44,laughter_cheering,fsd50k,freesound_uploader_FreqMan,freesound_uploader_FreqMan,foreground_bank_train
fsd50k_laughter_cheering_9666a599,laughter_cheering,fsd50k,freesound_uploader_arnaud coutancier,freesound_uploader_arnaud coutancier,foreground_bank_train
fsd50k_laughter_cheering_9667a78c,laughter_cheering,fsd50k,freesound_uploader_Robinhood76,freesound_uploader_Robinhood76,foreground_bank_train
fsd50k_laughter_cheering_966dc69e,laughter_cheering,fsd50k,freesound_uploader_ascap,freesound_uploader_ascap,foreground_bank_train
fsd50k_laughter_cheering_967e9c87,laughter_cheering,fsd50k,freesound_uploader_Nanakisan,freesound_uploader_Nanakisan,foreground_bank_train
fsd50k_laughter_cheering_9707fce0,laughter_cheering,fsd50k,freesound_uploader_Ballistiq85,freesound_uploader_Ballistiq85,foreground_bank_train
fsd50k_laughter_cheering_9795cc20,laughter_cheering,fsd50k,freesound_uploader_Reitanna,freesound_uploader_Reitanna,foreground_bank_train
fsd50k_laughter_cheering_97c7b5e7,laughter_cheering,fsd50k,freesound_uploader_Robinhood76,freesound_uploader_Robinhood76,foreground_bank_train
fsd50k_laughter_cheering_9857f8a3,laughter_cheering,fsd50k,freesound_uploader_FunWithSound,freesound_uploader_FunWithSound,foreground_bank_train
fsd50k_laughter_cheering_9932d515,laughter_cheering,fsd50k,freesound_uploader_Reitanna,freesound_uploader_Reitanna,foreground_bank_train
fsd50k_laughter_cheering_9a148e25,laughter_cheering,fsd50k,freesound_uploader_Corsica_S,freesound_uploader_Corsica_S,foreground_bank_train
fsd50k_laughter_cheering_9ace26bd,laughter_cheering,fsd50k,freesound_uploader_chinpen,freesound_uploader_chinpen,foreground_bank_train
fsd50k_laughter_cheering_9aec11ca,laughter_cheering,fsd50k,freesound_uploader_erikschenkel,freesound_uploader_erikschenkel,foreground_bank_train
fsd50k_laughter_cheering_9b1ea9b0,laughter_cheering,fsd50k,freesound_uploader_Nanakisan,freesound_uploader_Nanakisan,foreground_bank_train
fsd50k_laughter_cheering_9b37ee40,laughter_cheering,fsd50k,freesound_uploader_gieltman,freesound_uploader_gieltman,foreground_bank_train
fsd50k_laughter_cheering_9ba1b612,laughter_cheering,fsd50k,freesound_uploader_Robinhood76,freesound_uploader_Robinhood76,foreground_bank_train
fsd50k_laughter_cheering_9c010213,laughter_cheering,fsd50k,freesound_uploader_FreqMan,freesound_uploader_FreqMan,foreground_bank_train
fsd50k_laughter_cheering_9c60fef2,laughter_cheering,fsd50k,freesound_uploader_klankbeeld,freesound_uploader_klankbeeld,foreground_bank_train
fsd50k_laughter_cheering_9cb23021,laughter_cheering,fsd50k,freesound_uploader_arnaud coutancier,freesound_uploader_arnaud coutancier,foreground_bank_train
fsd50k_laughter_cheering_9d96225d,laughter_cheering,fsd50k,freesound_uploader_toiletrolltube,freesound_uploader_toiletrolltube,foreground_bank_train
fsd50k_laughter_cheering_9da982d8,laughter_cheering,fsd50k,freesound_uploader_Robinhood76,freesound_uploader_Robinhood76,foreground_bank_train
fsd50k_laughter_cheering_9e05c54a,laughter_cheering,fsd50k,freesound_uploader_Reitanna,freesound_uploader_Reitanna,foreground_bank_train
fsd50k_laughter_cheering_9e85f6c7,laughter_cheering,fsd50k,freesound_uploader_arnaud coutancier,freesound_uploader_arnaud coutancier,foreground_bank_train
fsd50k_laughter_cheering_9e9abac2,laughter_cheering,fsd50k,freesound_uploader_ecfike,freesound_uploader_ecfike,foreground_bank_train
fsd50k_laughter_cheering_9f00a2df,laughter_cheering,fsd50k,freesound_uploader_gabemiller74,freesound_uploader_gabemiller74,foreground_bank_train
fsd50k_laughter_cheering_9fd61810,laughter_cheering,fsd50k,freesound_uploader_chinpen,freesound_uploader_chinpen,foreground_bank_train
fsd50k_laughter_cheering_a0843a40,laughter_cheering,fsd50k,freesound_uploader_Fratz,freesound_uploader_Fratz,foreground_bank_train
fsd50k_laughter_cheering_a0b2f7b4,laughter_cheering,fsd50k,freesound_uploader_Nanakisan,freesound_uploader_Nanakisan,foreground_bank_train
fsd50k_laughter_cheering_a0bad8bd,laughter_cheering,fsd50k,freesound_uploader_Alcappuccino,freesound_uploader_Alcappuccino,foreground_bank_train
fsd50k_laughter_cheering_a141ec91,laughter_cheering,fsd50k,freesound_uploader_ondrosik,freesound_uploader_ondrosik,foreground_bank_train
fsd50k_laughter_cheering_a1906a2f,laughter_cheering,fsd50k,freesound_uploader_missozzy,freesound_uploader_missozzy,foreground_bank_train
fsd50k_laughter_cheering_a1bde5ad,laughter_cheering,fsd50k,freesound_uploader_kalinkamalinka,freesound_uploader_kalinkamalinka,foreground_bank_train
fsd50k_laughter_cheering_a1ce1d7e,laughter_cheering,fsd50k,freesound_uploader_Fratz,freesound_uploader_Fratz,foreground_bank_train
fsd50k_laughter_cheering_a2345d57,laughter_cheering,fsd50k,freesound_uploader_Alshred,freesound_uploader_Alshred,foreground_bank_train
fsd50k_laughter_cheering_a292696b,laughter_cheering,fsd50k,freesound_uploader_timtube,freesound_uploader_timtube,foreground_bank_train
fsd50k_laughter_cheering_a34396d6,laughter_cheering,fsd50k,freesound_uploader_Sirderf,freesound_uploader_Sirderf,foreground_bank_train
fsd50k_laughter_cheering_a3f890e5,laughter_cheering,fsd50k,freesound_uploader_Robinhood76,freesound_uploader_Robinhood76,foreground_bank_train
fsd50k_laughter_cheering_a3feddc8,laughter_cheering,fsd50k,freesound_uploader_Reitanna,freesound_uploader_Reitanna,foreground_bank_train
fsd50k_laughter_cheering_a46cd6ab,laughter_cheering,fsd50k,freesound_uploader_Fratz,freesound_uploader_Fratz,foreground_bank_train
fsd50k_laughter_cheering_a4d84dd2,laughter_cheering,fsd50k,freesound_uploader_ascap,freesound_uploader_ascap,foreground_bank_train
fsd50k_laughter_cheering_a52a6ad6,laughter_cheering,fsd50k,freesound_uploader_Reitanna,freesound_uploader_Reitanna,foreground_bank_train
fsd50k_laughter_cheering_a585702d,laughter_cheering,fsd50k,freesound_uploader_ecfike,freesound_uploader_ecfike,foreground_bank_train
fsd50k_laughter_cheering_a5a61c37,laughter_cheering,fsd50k,freesound_uploader_theredshore,freesound_uploader_theredshore,foreground_bank_train
fsd50k_laughter_cheering_a5d60f94,laughter_cheering,fsd50k,freesound_uploader_Belloni,freesound_uploader_Belloni,foreground_bank_train
fsd50k_laughter_cheering_a61cb314,laughter_cheering,fsd50k,freesound_uploader_jayfrosting,freesound_uploader_jayfrosting,foreground_bank_train
fsd50k_laughter_cheering_a73e581f,laughter_cheering,fsd50k,freesound_uploader_missozzy,freesound_uploader_missozzy,foreground_bank_train
fsd50k_laughter_cheering_a77d0445,laughter_cheering,fsd50k,freesound_uploader_J.Zazvurek,freesound_uploader_J.Zazvurek,foreground_bank_train
fsd50k_laughter_cheering_a8199647,laughter_cheering,fsd50k,freesound_uploader_NetX_Gameplays,freesound_uploader_NetX_Gameplays,foreground_bank_train
fsd50k_laughter_cheering_a87f1954,laughter_cheering,fsd50k,freesound_uploader_dkustic,freesound_uploader_dkustic,foreground_bank_train
fsd50k_laughter_cheering_a940fa30,laughter_cheering,fsd50k,freesound_uploader_Reitanna,freesound_uploader_Reitanna,foreground_bank_train
fsd50k_laughter_cheering_a942bbe2,laughter_cheering,fsd50k,freesound_uploader_Bigbear84,freesound_uploader_Bigbear84,foreground_bank_train
fsd50k_laughter_cheering_a96e3019,laughter_cheering,fsd50k,freesound_uploader_Sirderf,freesound_uploader_Sirderf,foreground_bank_train
fsd50k_laughter_cheering_aa659a6d,laughter_cheering,fsd50k,freesound_uploader_arnaud coutancier,freesound_uploader_arnaud coutancier,foreground_bank_train
fsd50k_laughter_cheering_aa93d0b2,laughter_cheering,fsd50k,freesound_uploader_Aiwha,freesound_uploader_Aiwha,foreground_bank_train
fsd50k_laughter_cheering_aa974667,laughter_cheering,fsd50k,freesound_uploader_acclivity,freesound_uploader_acclivity,foreground_bank_train
fsd50k_laughter_cheering_aabb96cd,laughter_cheering,fsd50k,freesound_uploader_gumballworld,freesound_uploader_gumballworld,foreground_bank_train
fsd50k_laughter_cheering_ab2e4506,laughter_cheering,fsd50k,freesound_uploader_emilia,freesound_uploader_emilia,foreground_bank_train
fsd50k_laughter_cheering_ab75640f,laughter_cheering,fsd50k,freesound_uploader_FannyLH,freesound_uploader_FannyLH,foreground_bank_train
fsd50k_laughter_cheering_abcb7bec,laughter_cheering,fsd50k,freesound_uploader_arnaud coutancier,freesound_uploader_arnaud coutancier,foreground_bank_train
fsd50k_laughter_cheering_acc21dce,laughter_cheering,fsd50k,freesound_uploader_Nanakisan,freesound_uploader_Nanakisan,foreground_bank_train
fsd50k_laughter_cheering_acf7f739,laughter_cheering,fsd50k,freesound_uploader_Belloni,freesound_uploader_Belloni,foreground_bank_train
fsd50k_laughter_cheering_ae0056b4,laughter_cheering,fsd50k,freesound_uploader_kwahmah_02,freesound_uploader_kwahmah_02,foreground_bank_train
fsd50k_laughter_cheering_ae2e5922,laughter_cheering,fsd50k,freesound_uploader_Reitanna,freesound_uploader_Reitanna,foreground_bank_train
fsd50k_laughter_cheering_ae410d32,laughter_cheering,fsd50k,freesound_uploader_SkinnySoundGuy,freesound_uploader_SkinnySoundGuy,foreground_bank_train
fsd50k_laughter_cheering_ae687d18,laughter_cheering,fsd50k,freesound_uploader_pugaeme,freesound_uploader_pugaeme,foreground_bank_train
fsd50k_laughter_cheering_aeeaf38a,laughter_cheering,fsd50k,freesound_uploader_Reitanna,freesound_uploader_Reitanna,foreground_bank_train
fsd50k_laughter_cheering_aef16fc3,laughter_cheering,fsd50k,freesound_uploader_kalinkamalinka,freesound_uploader_kalinkamalinka,foreground_bank_train
fsd50k_laughter_cheering_af0e9585,laughter_cheering,fsd50k,freesound_uploader_Reitanna,freesound_uploader_Reitanna,foreground_bank_train
fsd50k_laughter_cheering_af1dada7,laughter_cheering,fsd50k,freesound_uploader_thanvannispen,freesound_uploader_thanvannispen,foreground_bank_train
fsd50k_laughter_cheering_af6b837c,laughter_cheering,fsd50k,freesound_uploader_ryanconway,freesound_uploader_ryanconway,foreground_bank_train
fsd50k_laughter_cheering_af8d5a54,laughter_cheering,fsd50k,freesound_uploader_arnaud coutancier,freesound_uploader_arnaud coutancier,foreground_bank_train
fsd50k_laughter_cheering_af8f97c0,laughter_cheering,fsd50k,freesound_uploader_Santiaro99,freesound_uploader_Santiaro99,foreground_bank_train
fsd50k_laughter_cheering_afc7e27a,laughter_cheering,fsd50k,freesound_uploader_dkustic,freesound_uploader_dkustic,foreground_bank_train
fsd50k_laughter_cheering_b02c8825,laughter_cheering,fsd50k,freesound_uploader_ascap,freesound_uploader_ascap,foreground_bank_train
fsd50k_laughter_cheering_b0303325,laughter_cheering,fsd50k,freesound_uploader_Robinhood76,freesound_uploader_Robinhood76,foreground_bank_train
fsd50k_laughter_cheering_b109e0ca,laughter_cheering,fsd50k,freesound_uploader_Robinhood76,freesound_uploader_Robinhood76,foreground_bank_train
fsd50k_laughter_cheering_b1894eda,laughter_cheering,fsd50k,freesound_uploader_Reitanna,freesound_uploader_Reitanna,foreground_bank_train
fsd50k_laughter_cheering_b1ebfa23,laughter_cheering,fsd50k,freesound_uploader_yacou,freesound_uploader_yacou,foreground_bank_train
fsd50k_laughter_cheering_b2715de4,laughter_cheering,fsd50k,freesound_uploader_primisteka,freesound_uploader_primisteka,foreground_bank_train
fsd50k_laughter_cheering_b2ea8b90,laughter_cheering,fsd50k,freesound_uploader_Eneasz,freesound_uploader_Eneasz,foreground_bank_train
fsd50k_laughter_cheering_b31ff90a,laughter_cheering,fsd50k,freesound_uploader_esperar,freesound_uploader_esperar,foreground_bank_train
fsd50k_laughter_cheering_b32b4420,laughter_cheering,fsd50k,freesound_uploader_Ephemeral_Rift,freesound_uploader_Ephemeral_Rift,foreground_bank_train
fsd50k_laughter_cheering_b35efad9,laughter_cheering,fsd50k,freesound_uploader_dkustic,freesound_uploader_dkustic,foreground_bank_train
fsd50k_laughter_cheering_b40355ee,laughter_cheering,fsd50k,freesound_uploader_Aiwha,freesound_uploader_Aiwha,foreground_bank_train
fsd50k_laughter_cheering_b40ebff0,laughter_cheering,fsd50k,freesound_uploader_benjaminharveydesign,freesound_uploader_benjaminharveydesign,foreground_bank_train
fsd50k_laughter_cheering_b4318b6a,laughter_cheering,fsd50k,freesound_uploader_ecfike,freesound_uploader_ecfike,foreground_bank_train
fsd50k_laughter_cheering_b433a818,laughter_cheering,fsd50k,freesound_uploader_fmaudio,freesound_uploader_fmaudio,foreground_bank_train
fsd50k_laughter_cheering_b45bfd03,laughter_cheering,fsd50k,freesound_uploader_jentlemen,freesound_uploader_jentlemen,foreground_bank_train
fsd50k_laughter_cheering_b47774bd,laughter_cheering,fsd50k,freesound_uploader_arnaud coutancier,freesound_uploader_arnaud coutancier,foreground_bank_train
fsd50k_laughter_cheering_b4c2f9fe,laughter_cheering,fsd50k,freesound_uploader_Reitanna,freesound_uploader_Reitanna,foreground_bank_train
fsd50k_laughter_cheering_b533ea5b,laughter_cheering,fsd50k,freesound_uploader_Osendis,freesound_uploader_Osendis,foreground_bank_train
fsd50k_laughter_cheering_b58fa79c,laughter_cheering,fsd50k,freesound_uploader_NoiseCollector,freesound_uploader_NoiseCollector,foreground_bank_train
fsd50k_laughter_cheering_b640fc13,laughter_cheering,fsd50k,freesound_uploader_FunWithSound,freesound_uploader_FunWithSound,foreground_bank_train
fsd50k_laughter_cheering_b6419242,laughter_cheering,fsd50k,freesound_uploader_Reitanna,freesound_uploader_Reitanna,foreground_bank_train
fsd50k_laughter_cheering_b64e80fe,laughter_cheering,fsd50k,freesound_uploader_BluePaint,freesound_uploader_BluePaint,foreground_bank_train
fsd50k_laughter_cheering_b70e0585,laughter_cheering,fsd50k,freesound_uploader_jayfrosting,freesound_uploader_jayfrosting,foreground_bank_train
fsd50k_laughter_cheering_b76c772f,laughter_cheering,fsd50k,freesound_uploader_Reitanna,freesound_uploader_Reitanna,foreground_bank_train
fsd50k_laughter_cheering_b7d31d24,laughter_cheering,fsd50k,freesound_uploader_hello_flowers,freesound_uploader_hello_flowers,foreground_bank_train
fsd50k_laughter_cheering_b80028a7,laughter_cheering,fsd50k,freesound_uploader_Reitanna,freesound_uploader_Reitanna,foreground_bank_train
fsd50k_laughter_cheering_b83b5d4c,laughter_cheering,fsd50k,freesound_uploader_Reitanna,freesound_uploader_Reitanna,foreground_bank_train
fsd50k_laughter_cheering_b8544607,laughter_cheering,fsd50k,freesound_uploader_Alcappuccino,freesound_uploader_Alcappuccino,foreground_bank_train
fsd50k_laughter_cheering_b92034fa,laughter_cheering,fsd50k,freesound_uploader_Reitanna,freesound_uploader_Reitanna,foreground_bank_train
fsd50k_laughter_cheering_ba33ad90,laughter_cheering,fsd50k,freesound_uploader_Nanakisan,freesound_uploader_Nanakisan,foreground_bank_train
fsd50k_laughter_cheering_ba43c740,laughter_cheering,fsd50k,freesound_uploader_Iamgiorgio,freesound_uploader_Iamgiorgio,foreground_bank_train
fsd50k_laughter_cheering_ba6fe2ae,laughter_cheering,fsd50k,freesound_uploader_gumballworld,freesound_uploader_gumballworld,foreground_bank_train
fsd50k_laughter_cheering_ba84a163,laughter_cheering,fsd50k,freesound_uploader_eurekaliza94,freesound_uploader_eurekaliza94,foreground_bank_train
fsd50k_laughter_cheering_bb0dce42,laughter_cheering,fsd50k,freesound_uploader_arnaud coutancier,freesound_uploader_arnaud coutancier,foreground_bank_train
fsd50k_laughter_cheering_bbe6468b,laughter_cheering,fsd50k,freesound_uploader_andriala,freesound_uploader_andriala,foreground_bank_train
fsd50k_laughter_cheering_bc3b1cb4,laughter_cheering,fsd50k,freesound_uploader_qubodup,freesound_uploader_qubodup,foreground_bank_train
fsd50k_laughter_cheering_bc5ee92b,laughter_cheering,fsd50k,freesound_uploader_kalinkamalinka,freesound_uploader_kalinkamalinka,foreground_bank_train
fsd50k_laughter_cheering_bc65ef3e,laughter_cheering,fsd50k,freesound_uploader_unfa,freesound_uploader_unfa,foreground_bank_train
fsd50k_laughter_cheering_bcfc25bd,laughter_cheering,fsd50k,freesound_uploader_recordinghopkins,freesound_uploader_recordinghopkins,foreground_bank_train
fsd50k_laughter_cheering_bd286e1b,laughter_cheering,fsd50k,freesound_uploader_LittleRainySeasons,freesound_uploader_LittleRainySeasons,foreground_bank_train
fsd50k_laughter_cheering_bdfababf,laughter_cheering,fsd50k,freesound_uploader_Obokralipsis,freesound_uploader_Obokralipsis,foreground_bank_train
fsd50k_laughter_cheering_be330455,laughter_cheering,fsd50k,freesound_uploader_donorcape,freesound_uploader_donorcape,foreground_bank_train
fsd50k_laughter_cheering_bea1fee7,laughter_cheering,fsd50k,freesound_uploader_Nanakisan,freesound_uploader_Nanakisan,foreground_bank_train
fsd50k_laughter_cheering_bf4776dd,laughter_cheering,fsd50k,freesound_uploader_Samusasi,freesound_uploader_Samusasi,foreground_bank_train
fsd50k_laughter_cheering_bfaa687a,laughter_cheering,fsd50k,freesound_uploader_Reitanna,freesound_uploader_Reitanna,foreground_bank_train
fsd50k_laughter_cheering_c0521d43,laughter_cheering,fsd50k,freesound_uploader_LittleRobotSoundFactory,freesound_uploader_LittleRobotSoundFactory,foreground_bank_train
fsd50k_laughter_cheering_c1193803,laughter_cheering,fsd50k,freesound_uploader_jontahontas,freesound_uploader_jontahontas,foreground_bank_train
fsd50k_laughter_cheering_c12e4f27,laughter_cheering,fsd50k,freesound_uploader_arnaud coutancier,freesound_uploader_arnaud coutancier,foreground_bank_train
fsd50k_laughter_cheering_c16315fb,laughter_cheering,fsd50k,freesound_uploader_ecfike,freesound_uploader_ecfike,foreground_bank_train
fsd50k_laughter_cheering_c18a1f97,laughter_cheering,fsd50k,freesound_uploader_ryanconway,freesound_uploader_ryanconway,foreground_bank_train
fsd50k_laughter_cheering_c1ff2f31,laughter_cheering,fsd50k,freesound_uploader_contramundum,freesound_uploader_contramundum,foreground_bank_train
fsd50k_laughter_cheering_c21a2489,laughter_cheering,fsd50k,freesound_uploader_unfa,freesound_uploader_unfa,foreground_bank_train
fsd50k_laughter_cheering_c22323e5,laughter_cheering,fsd50k,freesound_uploader_unfa,freesound_uploader_unfa,foreground_bank_train
fsd50k_laughter_cheering_c2998995,laughter_cheering,fsd50k,freesound_uploader_Darkspriteangels,freesound_uploader_Darkspriteangels,foreground_bank_train
fsd50k_laughter_cheering_c2ce6f38,laughter_cheering,fsd50k,freesound_uploader_Robinhood76,freesound_uploader_Robinhood76,foreground_bank_train
fsd50k_laughter_cheering_c32ed528,laughter_cheering,fsd50k,freesound_uploader_kalinkamalinka,freesound_uploader_kalinkamalinka,foreground_bank_train
fsd50k_laughter_cheering_c4828d97,laughter_cheering,fsd50k,freesound_uploader_theredshore,freesound_uploader_theredshore,foreground_bank_train
fsd50k_laughter_cheering_c4a1d404,laughter_cheering,fsd50k,freesound_uploader_WIM,freesound_uploader_WIM,foreground_bank_train
fsd50k_laughter_cheering_c4d7c7fe,laughter_cheering,fsd50k,freesound_uploader_acekasbo,freesound_uploader_acekasbo,foreground_bank_train
fsd50k_laughter_cheering_c5d0b27f,laughter_cheering,fsd50k,freesound_uploader_Reitanna,freesound_uploader_Reitanna,foreground_bank_train
fsd50k_laughter_cheering_c5d4e1d6,laughter_cheering,fsd50k,freesound_uploader_thanvannispen,freesound_uploader_thanvannispen,foreground_bank_train
fsd50k_laughter_cheering_c643b260,laughter_cheering,fsd50k,freesound_uploader_J.Zazvurek,freesound_uploader_J.Zazvurek,foreground_bank_train
fsd50k_laughter_cheering_c65c322e,laughter_cheering,fsd50k,freesound_uploader_FunWithSound,freesound_uploader_FunWithSound,foreground_bank_train
fsd50k_laughter_cheering_c6b392b6,laughter_cheering,fsd50k,freesound_uploader_dkustic,freesound_uploader_dkustic,foreground_bank_train
fsd50k_laughter_cheering_c730d7f1,laughter_cheering,fsd50k,freesound_uploader_YleArkisto,freesound_uploader_YleArkisto,foreground_bank_train
fsd50k_laughter_cheering_c84b0951,laughter_cheering,fsd50k,freesound_uploader_Sirderf,freesound_uploader_Sirderf,foreground_bank_train
fsd50k_laughter_cheering_c87e5f31,laughter_cheering,fsd50k,freesound_uploader_arnaud coutancier,freesound_uploader_arnaud coutancier,foreground_bank_train
fsd50k_laughter_cheering_c8a5e8ea,laughter_cheering,fsd50k,freesound_uploader_gumballworld,freesound_uploader_gumballworld,foreground_bank_train
fsd50k_laughter_cheering_c8c1f0a2,laughter_cheering,fsd50k,freesound_uploader_Nanakisan,freesound_uploader_Nanakisan,foreground_bank_train
fsd50k_laughter_cheering_c9037e75,laughter_cheering,fsd50k,freesound_uploader_J.Zazvurek,freesound_uploader_J.Zazvurek,foreground_bank_train
fsd50k_laughter_cheering_c9e032ca,laughter_cheering,fsd50k,freesound_uploader_Andy_de_Rue,freesound_uploader_Andy_de_Rue,foreground_bank_train
fsd50k_laughter_cheering_ca0517c9,laughter_cheering,fsd50k,freesound_uploader_Nanakisan,freesound_uploader_Nanakisan,foreground_bank_train
fsd50k_laughter_cheering_cab0ccb3,laughter_cheering,fsd50k,freesound_uploader_Reitanna,freesound_uploader_Reitanna,foreground_bank_train
fsd50k_laughter_cheering_caf15281,laughter_cheering,fsd50k,freesound_uploader_digifishmusic,freesound_uploader_digifishmusic,foreground_bank_train
fsd50k_laughter_cheering_cb34f9a4,laughter_cheering,fsd50k,freesound_uploader_Reitanna,freesound_uploader_Reitanna,foreground_bank_train
fsd50k_laughter_cheering_cb5bcb1c,laughter_cheering,fsd50k,freesound_uploader_Reitanna,freesound_uploader_Reitanna,foreground_bank_train
fsd50k_laughter_cheering_cb832aba,laughter_cheering,fsd50k,freesound_uploader_kim.headlee,freesound_uploader_kim.headlee,foreground_bank_train
fsd50k_laughter_cheering_cbdccb71,laughter_cheering,fsd50k,freesound_uploader_ondrosik,freesound_uploader_ondrosik,foreground_bank_train
fsd50k_laughter_cheering_cc281417,laughter_cheering,fsd50k,freesound_uploader_Reitanna,freesound_uploader_Reitanna,foreground_bank_train
fsd50k_laughter_cheering_cc422b8e,laughter_cheering,fsd50k,freesound_uploader_Fratz,freesound_uploader_Fratz,foreground_bank_train
fsd50k_laughter_cheering_cd79a428,laughter_cheering,fsd50k,freesound_uploader_J.Zazvurek,freesound_uploader_J.Zazvurek,foreground_bank_train
fsd50k_laughter_cheering_cdd54839,laughter_cheering,fsd50k,freesound_uploader_Nanakisan,freesound_uploader_Nanakisan,foreground_bank_train
fsd50k_laughter_cheering_cde50348,laughter_cheering,fsd50k,freesound_uploader_Reitanna,freesound_uploader_Reitanna,foreground_bank_train
fsd50k_laughter_cheering_cee06bce,laughter_cheering,fsd50k,freesound_uploader_unfa,freesound_uploader_unfa,foreground_bank_train
fsd50k_laughter_cheering_cf0d680d,laughter_cheering,fsd50k,freesound_uploader_Reitanna,freesound_uploader_Reitanna,foreground_bank_train
fsd50k_laughter_cheering_cfc1ce74,laughter_cheering,fsd50k,freesound_uploader_BrandonNyte,freesound_uploader_BrandonNyte,foreground_bank_train
fsd50k_laughter_cheering_d052a76a,laughter_cheering,fsd50k,freesound_uploader_wrc4all,freesound_uploader_wrc4all,foreground_bank_train
fsd50k_laughter_cheering_d08ebf4b,laughter_cheering,fsd50k,freesound_uploader_mitsumangas,freesound_uploader_mitsumangas,foreground_bank_train
fsd50k_laughter_cheering_d0a5af4d,laughter_cheering,fsd50k,freesound_uploader_Corsica_S,freesound_uploader_Corsica_S,foreground_bank_train
fsd50k_laughter_cheering_d0a6e5c2,laughter_cheering,fsd50k,freesound_uploader_LittleRobotSoundFactory,freesound_uploader_LittleRobotSoundFactory,foreground_bank_train
fsd50k_laughter_cheering_d12fbe93,laughter_cheering,fsd50k,freesound_uploader_m1rk0,freesound_uploader_m1rk0,foreground_bank_train
fsd50k_laughter_cheering_d1564033,laughter_cheering,fsd50k,freesound_uploader_BugInTheSYS,freesound_uploader_BugInTheSYS,foreground_bank_train
fsd50k_laughter_cheering_d1f195a7,laughter_cheering,fsd50k,freesound_uploader_Adam_N,freesound_uploader_Adam_N,foreground_bank_train
fsd50k_laughter_cheering_d300ea48,laughter_cheering,fsd50k,freesound_uploader_arnaud coutancier,freesound_uploader_arnaud coutancier,foreground_bank_train
fsd50k_laughter_cheering_d3669d70,laughter_cheering,fsd50k,freesound_uploader_Reitanna,freesound_uploader_Reitanna,foreground_bank_train
fsd50k_laughter_cheering_d3a454e9,laughter_cheering,fsd50k,freesound_uploader_kim.headlee,freesound_uploader_kim.headlee,foreground_bank_train
fsd50k_laughter_cheering_d46a46a9,laughter_cheering,fsd50k,freesound_uploader_arnaud coutancier,freesound_uploader_arnaud coutancier,foreground_bank_train
fsd50k_laughter_cheering_d4a6721a,laughter_cheering,fsd50k,freesound_uploader_klankbeeld,freesound_uploader_klankbeeld,foreground_bank_train
fsd50k_laughter_cheering_d50b690b,laughter_cheering,fsd50k,freesound_uploader_Fratz,freesound_uploader_Fratz,foreground_bank_train
fsd50k_laughter_cheering_d568cc9a,laughter_cheering,fsd50k,freesound_uploader_mrmunk,freesound_uploader_mrmunk,foreground_bank_train
fsd50k_laughter_cheering_d57b8838,laughter_cheering,fsd50k,freesound_uploader_YYW,freesound_uploader_YYW,foreground_bank_train
fsd50k_laughter_cheering_d633641d,laughter_cheering,fsd50k,freesound_uploader_Zabuhailo,freesound_uploader_Zabuhailo,foreground_bank_train
fsd50k_laughter_cheering_d65c23aa,laughter_cheering,fsd50k,freesound_uploader_Reitanna,freesound_uploader_Reitanna,foreground_bank_train
fsd50k_laughter_cheering_d65c9546,laughter_cheering,fsd50k,freesound_uploader_sheblum,freesound_uploader_sheblum,foreground_bank_train
fsd50k_laughter_cheering_d7a8d6f8,laughter_cheering,fsd50k,freesound_uploader_Alcappuccino,freesound_uploader_Alcappuccino,foreground_bank_train
fsd50k_laughter_cheering_d8c7c4b4,laughter_cheering,fsd50k,freesound_uploader_kalinkamalinka,freesound_uploader_kalinkamalinka,foreground_bank_train
fsd50k_laughter_cheering_d8dc9711,laughter_cheering,fsd50k,freesound_uploader_Aiwha,freesound_uploader_Aiwha,foreground_bank_train
fsd50k_laughter_cheering_d90c9345,laughter_cheering,fsd50k,freesound_uploader_ascap,freesound_uploader_ascap,foreground_bank_train
fsd50k_laughter_cheering_da25c6d3,laughter_cheering,fsd50k,freesound_uploader_Nanakisan,freesound_uploader_Nanakisan,foreground_bank_train
fsd50k_laughter_cheering_da35b541,laughter_cheering,fsd50k,freesound_uploader_unfa,freesound_uploader_unfa,foreground_bank_train
fsd50k_laughter_cheering_da62bd96,laughter_cheering,fsd50k,freesound_uploader_Corsica_S,freesound_uploader_Corsica_S,foreground_bank_train
fsd50k_laughter_cheering_dab5ef06,laughter_cheering,fsd50k,freesound_uploader_Zabuhailo,freesound_uploader_Zabuhailo,foreground_bank_train
fsd50k_laughter_cheering_db8596e2,laughter_cheering,fsd50k,freesound_uploader_Robinhood76,freesound_uploader_Robinhood76,foreground_bank_train
fsd50k_laughter_cheering_dbbb42f2,laughter_cheering,fsd50k,freesound_uploader_WIM,freesound_uploader_WIM,foreground_bank_train
fsd50k_laughter_cheering_dbc10ca8,laughter_cheering,fsd50k,freesound_uploader_SoundCollectah,freesound_uploader_SoundCollectah,foreground_bank_train
fsd50k_laughter_cheering_dbf6b8fa,laughter_cheering,fsd50k,freesound_uploader_Robinhood76,freesound_uploader_Robinhood76,foreground_bank_train
fsd50k_laughter_cheering_dbf89a9c,laughter_cheering,fsd50k,freesound_uploader_petillo,freesound_uploader_petillo,foreground_bank_train
fsd50k_laughter_cheering_dcadb56c,laughter_cheering,fsd50k,freesound_uploader_Reitanna,freesound_uploader_Reitanna,foreground_bank_train
fsd50k_laughter_cheering_dd40d3e1,laughter_cheering,fsd50k,freesound_uploader_NoiseCollector,freesound_uploader_NoiseCollector,foreground_bank_train
fsd50k_laughter_cheering_dd6c11a4,laughter_cheering,fsd50k,freesound_uploader_QUARTETOFANTASTICO,freesound_uploader_QUARTETOFANTASTICO,foreground_bank_train
fsd50k_laughter_cheering_dddd704e,laughter_cheering,fsd50k,freesound_uploader_monosfera,freesound_uploader_monosfera,foreground_bank_train
fsd50k_laughter_cheering_de33dfe6,laughter_cheering,fsd50k,freesound_uploader_FunWithSound,freesound_uploader_FunWithSound,foreground_bank_train
fsd50k_laughter_cheering_df99888c,laughter_cheering,fsd50k,freesound_uploader_kalinkamalinka,freesound_uploader_kalinkamalinka,foreground_bank_train
fsd50k_laughter_cheering_dff64c2e,laughter_cheering,fsd50k,freesound_uploader_arnaud coutancier,freesound_uploader_arnaud coutancier,foreground_bank_train
fsd50k_laughter_cheering_e0092bbd,laughter_cheering,fsd50k,freesound_uploader_Nanakisan,freesound_uploader_Nanakisan,foreground_bank_train
fsd50k_laughter_cheering_e0e65a73,laughter_cheering,fsd50k,freesound_uploader_Reitanna,freesound_uploader_Reitanna,foreground_bank_train
fsd50k_laughter_cheering_e0e987d1,laughter_cheering,fsd50k,freesound_uploader_missozzy,freesound_uploader_missozzy,foreground_bank_train
fsd50k_laughter_cheering_e13f197f,laughter_cheering,fsd50k,freesound_uploader_Corsica_S,freesound_uploader_Corsica_S,foreground_bank_train
fsd50k_laughter_cheering_e15b27e8,laughter_cheering,fsd50k,freesound_uploader_qubodup,freesound_uploader_qubodup,foreground_bank_train
fsd50k_laughter_cheering_e1d09248,laughter_cheering,fsd50k,freesound_uploader_arnaud coutancier,freesound_uploader_arnaud coutancier,foreground_bank_train
fsd50k_laughter_cheering_e1eaac6c,laughter_cheering,fsd50k,freesound_uploader_Robinhood76,freesound_uploader_Robinhood76,foreground_bank_train
fsd50k_laughter_cheering_e2073857,laughter_cheering,fsd50k,freesound_uploader_Adam_N,freesound_uploader_Adam_N,foreground_bank_train
fsd50k_laughter_cheering_e264036d,laughter_cheering,fsd50k,freesound_uploader_yummie,freesound_uploader_yummie,foreground_bank_train
fsd50k_laughter_cheering_e2b5c76f,laughter_cheering,fsd50k,freesound_uploader_IllusiaProductions,freesound_uploader_IllusiaProductions,foreground_bank_train
fsd50k_laughter_cheering_e2dbd51b,laughter_cheering,fsd50k,freesound_uploader_Sandermotions,freesound_uploader_Sandermotions,foreground_bank_train
fsd50k_laughter_cheering_e3064d65,laughter_cheering,fsd50k,freesound_uploader_BugInTheSYS,freesound_uploader_BugInTheSYS,foreground_bank_train
fsd50k_laughter_cheering_e320eab3,laughter_cheering,fsd50k,freesound_uploader_timtube,freesound_uploader_timtube,foreground_bank_train
fsd50k_laughter_cheering_e330f7ba,laughter_cheering,fsd50k,freesound_uploader_monkeyby,freesound_uploader_monkeyby,foreground_bank_train
fsd50k_laughter_cheering_e356144b,laughter_cheering,fsd50k,freesound_uploader_ecfike,freesound_uploader_ecfike,foreground_bank_train
fsd50k_laughter_cheering_e3763711,laughter_cheering,fsd50k,freesound_uploader_klankbeeld,freesound_uploader_klankbeeld,foreground_bank_train
fsd50k_laughter_cheering_e38b9937,laughter_cheering,fsd50k,freesound_uploader_Reitanna,freesound_uploader_Reitanna,foreground_bank_train
fsd50k_laughter_cheering_e4eddcd5,laughter_cheering,fsd50k,freesound_uploader_Reitanna,freesound_uploader_Reitanna,foreground_bank_train
fsd50k_laughter_cheering_e4f6c1b0,laughter_cheering,fsd50k,freesound_uploader_arnaud coutancier,freesound_uploader_arnaud coutancier,foreground_bank_train
fsd50k_laughter_cheering_e5284885,laughter_cheering,fsd50k,freesound_uploader_J.Zazvurek,freesound_uploader_J.Zazvurek,foreground_bank_train
fsd50k_laughter_cheering_e5e8fb1c,laughter_cheering,fsd50k,freesound_uploader_Hoerspielwerkstatt_HEF,freesound_uploader_Hoerspielwerkstatt_HEF,foreground_bank_train
fsd50k_laughter_cheering_e6a5f8ff,laughter_cheering,fsd50k,freesound_uploader_J.Zazvurek,freesound_uploader_J.Zazvurek,foreground_bank_train
fsd50k_laughter_cheering_e6cd05a3,laughter_cheering,fsd50k,freesound_uploader_xtrgamr,freesound_uploader_xtrgamr,foreground_bank_train
fsd50k_laughter_cheering_e6d94673,laughter_cheering,fsd50k,freesound_uploader_Belloni,freesound_uploader_Belloni,foreground_bank_train
fsd50k_laughter_cheering_e805ff90,laughter_cheering,fsd50k,freesound_uploader_vinjatovix,freesound_uploader_vinjatovix,foreground_bank_train
fsd50k_laughter_cheering_e81c4afa,laughter_cheering,fsd50k,freesound_uploader_DevenGarber,freesound_uploader_DevenGarber,foreground_bank_train
fsd50k_laughter_cheering_e93e30f5,laughter_cheering,fsd50k,freesound_uploader_Adam_N,freesound_uploader_Adam_N,foreground_bank_train
fsd50k_laughter_cheering_e96cea2d,laughter_cheering,fsd50k,freesound_uploader_Fratz,freesound_uploader_Fratz,foreground_bank_train
fsd50k_laughter_cheering_e9759a04,laughter_cheering,fsd50k,freesound_uploader_Aiwha,freesound_uploader_Aiwha,foreground_bank_train
fsd50k_laughter_cheering_e9f23600,laughter_cheering,fsd50k,freesound_uploader_Sirderf,freesound_uploader_Sirderf,foreground_bank_train
fsd50k_laughter_cheering_ea44cdc9,laughter_cheering,fsd50k,freesound_uploader_Reitanna,freesound_uploader_Reitanna,foreground_bank_train
fsd50k_laughter_cheering_ea97e54b,laughter_cheering,fsd50k,freesound_uploader_mitsumangas,freesound_uploader_mitsumangas,foreground_bank_train
fsd50k_laughter_cheering_eb4329c2,laughter_cheering,fsd50k,freesound_uploader_Robinhood76,freesound_uploader_Robinhood76,foreground_bank_train
fsd50k_laughter_cheering_eb5e55f6,laughter_cheering,fsd50k,freesound_uploader_husky70,freesound_uploader_husky70,foreground_bank_train
fsd50k_laughter_cheering_eb6cc47e,laughter_cheering,fsd50k,freesound_uploader_thanvannispen,freesound_uploader_thanvannispen,foreground_bank_train
fsd50k_laughter_cheering_ebdc786f,laughter_cheering,fsd50k,freesound_uploader_l_forbes,freesound_uploader_l_forbes,foreground_bank_train
fsd50k_laughter_cheering_ec19e620,laughter_cheering,fsd50k,freesound_uploader_LittleRobotSoundFactory,freesound_uploader_LittleRobotSoundFactory,foreground_bank_train
fsd50k_laughter_cheering_ec51c23c,laughter_cheering,fsd50k,freesound_uploader_Sirderf,freesound_uploader_Sirderf,foreground_bank_train
fsd50k_laughter_cheering_ec90aa7c,laughter_cheering,fsd50k,freesound_uploader_gumballworld,freesound_uploader_gumballworld,foreground_bank_train
fsd50k_laughter_cheering_ed9159bc,laughter_cheering,fsd50k,freesound_uploader_Robinhood76,freesound_uploader_Robinhood76,foreground_bank_train
fsd50k_laughter_cheering_ed9e7341,laughter_cheering,fsd50k,freesound_uploader_dlovere,freesound_uploader_dlovere,foreground_bank_train
fsd50k_laughter_cheering_eea8a3ec,laughter_cheering,fsd50k,freesound_uploader_LanDub,freesound_uploader_LanDub,foreground_bank_train
fsd50k_laughter_cheering_eec1ec11,laughter_cheering,fsd50k,freesound_uploader_Fratz,freesound_uploader_Fratz,foreground_bank_train
fsd50k_laughter_cheering_ef336f47,laughter_cheering,fsd50k,freesound_uploader_digifishmusic,freesound_uploader_digifishmusic,foreground_bank_train
fsd50k_laughter_cheering_f05918c2,laughter_cheering,fsd50k,freesound_uploader_J.Zazvurek,freesound_uploader_J.Zazvurek,foreground_bank_train
fsd50k_laughter_cheering_f069493d,laughter_cheering,fsd50k,freesound_uploader_Nanakisan,freesound_uploader_Nanakisan,foreground_bank_train
fsd50k_laughter_cheering_f08f72fc,laughter_cheering,fsd50k,freesound_uploader_Reitanna,freesound_uploader_Reitanna,foreground_bank_train
fsd50k_laughter_cheering_f0b37dd0,laughter_cheering,fsd50k,freesound_uploader_ryanconway,freesound_uploader_ryanconway,foreground_bank_train
fsd50k_laughter_cheering_f0d9c6ce,laughter_cheering,fsd50k,freesound_uploader_engreitz,freesound_uploader_engreitz,foreground_bank_train
fsd50k_laughter_cheering_f1642308,laughter_cheering,fsd50k,freesound_uploader_arnaud coutancier,freesound_uploader_arnaud coutancier,foreground_bank_train
fsd50k_laughter_cheering_f16830c8,laughter_cheering,fsd50k,freesound_uploader_peridactyloptrix,freesound_uploader_peridactyloptrix,foreground_bank_train
fsd50k_laughter_cheering_f1db875c,laughter_cheering,fsd50k,freesound_uploader_arnaud coutancier,freesound_uploader_arnaud coutancier,foreground_bank_train
fsd50k_laughter_cheering_f2288780,laughter_cheering,fsd50k,freesound_uploader_FreqMan,freesound_uploader_FreqMan,foreground_bank_train
fsd50k_laughter_cheering_f31ab0b5,laughter_cheering,fsd50k,freesound_uploader_obasound,freesound_uploader_obasound,foreground_bank_train
fsd50k_laughter_cheering_f3485e1e,laughter_cheering,fsd50k,freesound_uploader_andriala,freesound_uploader_andriala,foreground_bank_train
fsd50k_laughter_cheering_f3894edd,laughter_cheering,fsd50k,freesound_uploader_Nanakisan,freesound_uploader_Nanakisan,foreground_bank_train
fsd50k_laughter_cheering_f39898d0,laughter_cheering,fsd50k,freesound_uploader_Aiwha,freesound_uploader_Aiwha,foreground_bank_train
fsd50k_laughter_cheering_f3c215af,laughter_cheering,fsd50k,freesound_uploader_qubodup,freesound_uploader_qubodup,foreground_bank_train
fsd50k_laughter_cheering_f43b4828,laughter_cheering,fsd50k,freesound_uploader_RavenBlueFeather,freesound_uploader_RavenBlueFeather,foreground_bank_train
fsd50k_laughter_cheering_f4d6320b,laughter_cheering,fsd50k,freesound_uploader_arnaud coutancier,freesound_uploader_arnaud coutancier,foreground_bank_train
fsd50k_laughter_cheering_f5201ba6,laughter_cheering,fsd50k,freesound_uploader_yacou,freesound_uploader_yacou,foreground_bank_train
fsd50k_laughter_cheering_f5233fbd,laughter_cheering,fsd50k,freesound_uploader_thanvannispen,freesound_uploader_thanvannispen,foreground_bank_train
fsd50k_laughter_cheering_f62347fd,laughter_cheering,fsd50k,freesound_uploader_Robinhood76,freesound_uploader_Robinhood76,foreground_bank_train
fsd50k_laughter_cheering_f6237c1e,laughter_cheering,fsd50k,freesound_uploader_andriala,freesound_uploader_andriala,foreground_bank_train
fsd50k_laughter_cheering_f65a2f1d,laughter_cheering,fsd50k,freesound_uploader_arnaud coutancier,freesound_uploader_arnaud coutancier,foreground_bank_train
fsd50k_laughter_cheering_f693f04c,laughter_cheering,fsd50k,freesound_uploader_Zabuhailo,freesound_uploader_Zabuhailo,foreground_bank_train
fsd50k_laughter_cheering_f6a68522,laughter_cheering,fsd50k,freesound_uploader_cogitoandcradle,freesound_uploader_cogitoandcradle,foreground_bank_train
fsd50k_laughter_cheering_f70d27b3,laughter_cheering,fsd50k,freesound_uploader_Reitanna,freesound_uploader_Reitanna,foreground_bank_train
fsd50k_laughter_cheering_f764db34,laughter_cheering,fsd50k,freesound_uploader_Zabuhailo,freesound_uploader_Zabuhailo,foreground_bank_train
fsd50k_laughter_cheering_f85e2250,laughter_cheering,fsd50k,freesound_uploader_Robinhood76,freesound_uploader_Robinhood76,foreground_bank_train
fsd50k_laughter_cheering_f87a9898,laughter_cheering,fsd50k,freesound_uploader_chripei,freesound_uploader_chripei,foreground_bank_train
fsd50k_laughter_cheering_f88848ef,laughter_cheering,fsd50k,freesound_uploader_11linda,freesound_uploader_11linda,foreground_bank_train
fsd50k_laughter_cheering_f8bfe02b,laughter_cheering,fsd50k,freesound_uploader_J.Zazvurek,freesound_uploader_J.Zazvurek,foreground_bank_train
fsd50k_laughter_cheering_f8e23c30,laughter_cheering,fsd50k,freesound_uploader_payattention,freesound_uploader_payattention,foreground_bank_train
fsd50k_laughter_cheering_f92a4242,laughter_cheering,fsd50k,freesound_uploader_Corsica_S,freesound_uploader_Corsica_S,foreground_bank_train
fsd50k_laughter_cheering_f9384bd5,laughter_cheering,fsd50k,freesound_uploader_missozzy,freesound_uploader_missozzy,foreground_bank_train
fsd50k_laughter_cheering_f964fe26,laughter_cheering,fsd50k,freesound_uploader_Reitanna,freesound_uploader_Reitanna,foreground_bank_train
fsd50k_laughter_cheering_f9860fa9,laughter_cheering,fsd50k,freesound_uploader_arnaud coutancier,freesound_uploader_arnaud coutancier,foreground_bank_train
fsd50k_laughter_cheering_f9a0915b,laughter_cheering,fsd50k,freesound_uploader_digitopia,freesound_uploader_digitopia,foreground_bank_train
fsd50k_laughter_cheering_f9f96ed2,laughter_cheering,fsd50k,freesound_uploader_dlovere,freesound_uploader_dlovere,foreground_bank_train
fsd50k_laughter_cheering_fb7024d8,laughter_cheering,fsd50k,freesound_uploader_digitopia,freesound_uploader_digitopia,foreground_bank_train
fsd50k_laughter_cheering_fcbc65dc,laughter_cheering,fsd50k,freesound_uploader_SkinnySoundGuy,freesound_uploader_SkinnySoundGuy,foreground_bank_train
fsd50k_laughter_cheering_fd037a5a,laughter_cheering,fsd50k,freesound_uploader_Reitanna,freesound_uploader_Reitanna,foreground_bank_train
fsd50k_laughter_cheering_fd27c202,laughter_cheering,fsd50k,freesound_uploader_Alcappuccino,freesound_uploader_Alcappuccino,foreground_bank_train
fsd50k_laughter_cheering_fd2be17b,laughter_cheering,fsd50k,freesound_uploader_Reitanna,freesound_uploader_Reitanna,foreground_bank_train
fsd50k_laughter_cheering_fd652533,laughter_cheering,fsd50k,freesound_uploader_axelb152,freesound_uploader_axelb152,foreground_bank_train
fsd50k_laughter_cheering_fd7e82ff,laughter_cheering,fsd50k,freesound_uploader_temawas,freesound_uploader_temawas,foreground_bank_train
fsd50k_laughter_cheering_fde1b8d3,laughter_cheering,fsd50k,freesound_uploader_Sirderf,freesound_uploader_Sirderf,foreground_bank_train
fsd50k_laughter_cheering_fe0dfb43,laughter_cheering,fsd50k,freesound_uploader_fortnight,freesound_uploader_fortnight,foreground_bank_train
fsd50k_laughter_cheering_fe31335f,laughter_cheering,fsd50k,freesound_uploader_Sirderf,freesound_uploader_Sirderf,foreground_bank_train
fsd50k_laughter_cheering_fe3cb7b5,laughter_cheering,fsd50k,freesound_uploader_Drkvixn91,freesound_uploader_Drkvixn91,foreground_bank_train
fsd50k_laughter_cheering_ff629949,laughter_cheering,fsd50k,freesound_uploader_arnaud coutancier,freesound_uploader_arnaud coutancier,foreground_bank_train
desed_object_drop_dishes_0064291e,object_drop_dishes,desed_soundbank,freesound_272022,freesound_272022,foreground_bank_train
desed_object_drop_dishes_0370956b,object_drop_dishes,desed_soundbank,freesound_365519,freesound_365519,foreground_bank_train
desed_object_drop_dishes_06b460d7,object_drop_dishes,desed_soundbank,freesound_20081,freesound_20081,foreground_bank_train
desed_object_drop_dishes_0857705b,object_drop_dishes,desed_soundbank,freesound_88839,freesound_88839,foreground_bank_train
desed_object_drop_dishes_0931f2af,object_drop_dishes,desed_soundbank,freesound_325254,freesound_325254,foreground_bank_train
desed_object_drop_dishes_0a3d0289,object_drop_dishes,desed_soundbank,freesound_50114,freesound_50114,foreground_bank_train
desed_object_drop_dishes_0cc28912,object_drop_dishes,desed_soundbank,freesound_138050,freesound_138050,foreground_bank_train
desed_object_drop_dishes_142102c7,object_drop_dishes,desed_soundbank,freesound_209006,freesound_209006,foreground_bank_train
desed_object_drop_dishes_16291240,object_drop_dishes,desed_soundbank,freesound_209002,freesound_209002,foreground_bank_train
desed_object_drop_dishes_1942649b,object_drop_dishes,desed_soundbank,freesound_88839,freesound_88839,foreground_bank_train
desed_object_drop_dishes_195f76e7,object_drop_dishes,desed_soundbank,freesound_12826,freesound_12826,foreground_bank_train
desed_object_drop_dishes_19dfc39d,object_drop_dishes,desed_soundbank,freesound_266949,freesound_266949,foreground_bank_train
desed_object_drop_dishes_19f1f36d,object_drop_dishes,desed_soundbank,freesound_29913,freesound_29913,foreground_bank_train
desed_object_drop_dishes_1ff5a71e,object_drop_dishes,desed_soundbank,freesound_29888,freesound_29888,foreground_bank_train
desed_object_drop_dishes_21038e85,object_drop_dishes,desed_soundbank,freesound_20081,freesound_20081,foreground_bank_train
desed_object_drop_dishes_215d8cba,object_drop_dishes,desed_soundbank,freesound_29913,freesound_29913,foreground_bank_train
desed_object_drop_dishes_22544b34,object_drop_dishes,desed_soundbank,freesound_379144,freesound_379144,foreground_bank_train
desed_object_drop_dishes_236f63f1,object_drop_dishes,desed_soundbank,freesound_325254,freesound_325254,foreground_bank_train
desed_object_drop_dishes_23f796a4,object_drop_dishes,desed_soundbank,freesound_88856,freesound_88856,foreground_bank_train
desed_object_drop_dishes_24b19e80,object_drop_dishes,desed_soundbank,freesound_105023,freesound_105023,foreground_bank_train
desed_object_drop_dishes_2546b788,object_drop_dishes,desed_soundbank,freesound_20081,freesound_20081,foreground_bank_train
desed_object_drop_dishes_2636a50e,object_drop_dishes,desed_soundbank,freesound_412380,freesound_412380,foreground_bank_train
desed_object_drop_dishes_2890ec53,object_drop_dishes,desed_soundbank,freesound_389685,freesound_389685,foreground_bank_train
desed_object_drop_dishes_2ac172dc,object_drop_dishes,desed_soundbank,freesound_322406,freesound_322406,foreground_bank_train
desed_object_drop_dishes_2fe6a14a,object_drop_dishes,desed_soundbank,freesound_20081,freesound_20081,foreground_bank_train
desed_object_drop_dishes_30258c69,object_drop_dishes,desed_soundbank,freesound_325254,freesound_325254,foreground_bank_train
desed_object_drop_dishes_35b9cb2f,object_drop_dishes,desed_soundbank,freesound_429494,freesound_429494,foreground_bank_train
desed_object_drop_dishes_362ce37f,object_drop_dishes,desed_soundbank,freesound_214850,freesound_214850,foreground_bank_train
desed_object_drop_dishes_36d570d4,object_drop_dishes,desed_soundbank,freesound_29891,freesound_29891,foreground_bank_train
desed_object_drop_dishes_3c03faf4,object_drop_dishes,desed_soundbank,freesound_12887,freesound_12887,foreground_bank_train
desed_object_drop_dishes_3d9309d4,object_drop_dishes,desed_soundbank,freesound_263608,freesound_263608,foreground_bank_train
desed_object_drop_dishes_3f706c32,object_drop_dishes,desed_soundbank,freesound_80115,freesound_80115,foreground_bank_train
desed_object_drop_dishes_41fe53be,object_drop_dishes,desed_soundbank,freesound_205016,freesound_205016,foreground_bank_train
desed_object_drop_dishes_43f5889b,object_drop_dishes,desed_soundbank,freesound_88826,freesound_88826,foreground_bank_train
desed_object_drop_dishes_44cb5689,object_drop_dishes,desed_soundbank,freesound_322407,freesound_322407,foreground_bank_train
desed_object_drop_dishes_4694d4d5,object_drop_dishes,desed_soundbank,freesound_82048,freesound_82048,foreground_bank_train
desed_object_drop_dishes_4812c9c9,object_drop_dishes,desed_soundbank,freesound_365519,freesound_365519,foreground_bank_train
desed_object_drop_dishes_4a44ca36,object_drop_dishes,desed_soundbank,freesound_80125,freesound_80125,foreground_bank_train
desed_object_drop_dishes_4a8c0d08,object_drop_dishes,desed_soundbank,freesound_377501,freesound_377501,foreground_bank_train
desed_object_drop_dishes_4b7a604e,object_drop_dishes,desed_soundbank,freesound_80125,freesound_80125,foreground_bank_train
desed_object_drop_dishes_4bbbbb16,object_drop_dishes,desed_soundbank,freesound_377501,freesound_377501,foreground_bank_train
desed_object_drop_dishes_4be4e5df,object_drop_dishes,desed_soundbank,freesound_88839,freesound_88839,foreground_bank_train
desed_object_drop_dishes_4c8fb8ab,object_drop_dishes,desed_soundbank,freesound_406433,freesound_406433,foreground_bank_train
desed_object_drop_dishes_4d584fa1,object_drop_dishes,desed_soundbank,freesound_418508,freesound_418508,foreground_bank_train
desed_object_drop_dishes_4d5d30f9,object_drop_dishes,desed_soundbank,freesound_29913,freesound_29913,foreground_bank_train
desed_object_drop_dishes_4d89ebdd,object_drop_dishes,desed_soundbank,freesound_377982,freesound_377982,foreground_bank_train
desed_object_drop_dishes_4ed95c7a,object_drop_dishes,desed_soundbank,freesound_427113,freesound_427113,foreground_bank_train
desed_object_drop_dishes_507798c9,object_drop_dishes,desed_soundbank,freesound_267486,freesound_267486,foreground_bank_train
desed_object_drop_dishes_51064989,object_drop_dishes,desed_soundbank,freesound_29888,freesound_29888,foreground_bank_train
desed_object_drop_dishes_54033c63,object_drop_dishes,desed_soundbank,freesound_267008,freesound_267008,foreground_bank_train
desed_object_drop_dishes_5628f41b,object_drop_dishes,desed_soundbank,freesound_429494,freesound_429494,foreground_bank_train
desed_object_drop_dishes_5994b36c,object_drop_dishes,desed_soundbank,freesound_412380,freesound_412380,foreground_bank_train
desed_object_drop_dishes_5ffecb99,object_drop_dishes,desed_soundbank,freesound_16391,freesound_16391,foreground_bank_train
desed_object_drop_dishes_60bd244d,object_drop_dishes,desed_soundbank,freesound_29913,freesound_29913,foreground_bank_train
desed_object_drop_dishes_63210c7f,object_drop_dishes,desed_soundbank,freesound_339675,freesound_339675,foreground_bank_train
desed_object_drop_dishes_63c1e056,object_drop_dishes,desed_soundbank,freesound_414218,freesound_414218,foreground_bank_train
desed_object_drop_dishes_63d8f1a6,object_drop_dishes,desed_soundbank,freesound_214187,freesound_214187,foreground_bank_train
desed_object_drop_dishes_63f0e0ba,object_drop_dishes,desed_soundbank,freesound_377048,freesound_377048,foreground_bank_train
desed_object_drop_dishes_65524b3c,object_drop_dishes,desed_soundbank,freesound_205040,freesound_205040,foreground_bank_train
desed_object_drop_dishes_65c09025,object_drop_dishes,desed_soundbank,freesound_33932,freesound_33932,foreground_bank_train
desed_object_drop_dishes_65c30dd1,object_drop_dishes,desed_soundbank,freesound_20097,freesound_20097,foreground_bank_train
desed_object_drop_dishes_662b6953,object_drop_dishes,desed_soundbank,freesound_412389,freesound_412389,foreground_bank_train
desed_object_drop_dishes_6af1b8e5,object_drop_dishes,desed_soundbank,freesound_88826,freesound_88826,foreground_bank_train
desed_object_drop_dishes_6afd3ab1,object_drop_dishes,desed_soundbank,freesound_322407,freesound_322407,foreground_bank_train
desed_object_drop_dishes_6b74f904,object_drop_dishes,desed_soundbank,freesound_214850,freesound_214850,foreground_bank_train
desed_object_drop_dishes_6c43c880,object_drop_dishes,desed_soundbank,freesound_29913,freesound_29913,foreground_bank_train
desed_object_drop_dishes_6d173548,object_drop_dishes,desed_soundbank,freesound_105023,freesound_105023,foreground_bank_train
desed_object_drop_dishes_6e0e0c11,object_drop_dishes,desed_soundbank,freesound_219550,freesound_219550,foreground_bank_train
desed_object_drop_dishes_707e0ddf,object_drop_dishes,desed_soundbank,freesound_145124,freesound_145124,foreground_bank_train
desed_object_drop_dishes_72530247,object_drop_dishes,desed_soundbank,freesound_322407,freesound_322407,foreground_bank_train
desed_object_drop_dishes_7651ef54,object_drop_dishes,desed_soundbank,freesound_263608,freesound_263608,foreground_bank_train
desed_object_drop_dishes_791f7f91,object_drop_dishes,desed_soundbank,freesound_20079,freesound_20079,foreground_bank_train
desed_object_drop_dishes_7a75038b,object_drop_dishes,desed_soundbank,freesound_394795,freesound_394795,foreground_bank_train
desed_object_drop_dishes_7c6e0c91,object_drop_dishes,desed_soundbank,freesound_339675,freesound_339675,foreground_bank_train
desed_object_drop_dishes_7ce7866a,object_drop_dishes,desed_soundbank,freesound_208919,freesound_208919,foreground_bank_train
desed_object_drop_dishes_7f9a132c,object_drop_dishes,desed_soundbank,freesound_339675,freesound_339675,foreground_bank_train
desed_object_drop_dishes_807b6a21,object_drop_dishes,desed_soundbank,freesound_20093,freesound_20093,foreground_bank_train
desed_object_drop_dishes_85f2a8ba,object_drop_dishes,desed_soundbank,freesound_406428,freesound_406428,foreground_bank_train
desed_object_drop_dishes_877407c0,object_drop_dishes,desed_soundbank,freesound_379144,freesound_379144,foreground_bank_train
desed_object_drop_dishes_87e2de21,object_drop_dishes,desed_soundbank,freesound_322407,freesound_322407,foreground_bank_train
desed_object_drop_dishes_87eefa3a,object_drop_dishes,desed_soundbank,freesound_237383,freesound_237383,foreground_bank_train
desed_object_drop_dishes_8802594f,object_drop_dishes,desed_soundbank,freesound_138050,freesound_138050,foreground_bank_train
desed_object_drop_dishes_8b5f5eb9,object_drop_dishes,desed_soundbank,freesound_20097,freesound_20097,foreground_bank_train
desed_object_drop_dishes_8b7d12d7,object_drop_dishes,desed_soundbank,freesound_128275,freesound_128275,foreground_bank_train
desed_object_drop_dishes_8fd1fe72,object_drop_dishes,desed_soundbank,freesound_322407,freesound_322407,foreground_bank_train
desed_object_drop_dishes_926dc52c,object_drop_dishes,desed_soundbank,freesound_214850,freesound_214850,foreground_bank_train
desed_object_drop_dishes_9464d95f,object_drop_dishes,desed_soundbank,freesound_234588,freesound_234588,foreground_bank_train
desed_object_drop_dishes_9735e767,object_drop_dishes,desed_soundbank,freesound_322407,freesound_322407,foreground_bank_train
desed_object_drop_dishes_9ae10f8b,object_drop_dishes,desed_soundbank,freesound_320909,freesound_320909,foreground_bank_train
desed_object_drop_dishes_9c86fd85,object_drop_dishes,desed_soundbank,freesound_88826,freesound_88826,foreground_bank_train
desed_object_drop_dishes_9f62685f,object_drop_dishes,desed_soundbank,freesound_427113,freesound_427113,foreground_bank_train
desed_object_drop_dishes_a141e13c,object_drop_dishes,desed_soundbank,freesound_71802,freesound_71802,foreground_bank_train
desed_object_drop_dishes_a2d4c4e7,object_drop_dishes,desed_soundbank,freesound_322395,freesound_322395,foreground_bank_train
desed_object_drop_dishes_a3bbf9de,object_drop_dishes,desed_soundbank,freesound_325254,freesound_325254,foreground_bank_train
desed_object_drop_dishes_a3de2858,object_drop_dishes,desed_soundbank,freesound_88858,freesound_88858,foreground_bank_train
desed_object_drop_dishes_a7e77a7d,object_drop_dishes,desed_soundbank,freesound_365519,freesound_365519,foreground_bank_train
desed_object_drop_dishes_a7e8ba1b,object_drop_dishes,desed_soundbank,freesound_214850,freesound_214850,foreground_bank_train
desed_object_drop_dishes_acebad04,object_drop_dishes,desed_soundbank,freesound_20079,freesound_20079,foreground_bank_train
desed_object_drop_dishes_ad2dee57,object_drop_dishes,desed_soundbank,freesound_80131,freesound_80131,foreground_bank_train
desed_object_drop_dishes_b24bc78f,object_drop_dishes,desed_soundbank,freesound_233381,freesound_233381,foreground_bank_train
desed_object_drop_dishes_b759027b,object_drop_dishes,desed_soundbank,freesound_12828,freesound_12828,foreground_bank_train
desed_object_drop_dishes_b898eb6c,object_drop_dishes,desed_soundbank,freesound_105385,freesound_105385,foreground_bank_train
desed_object_drop_dishes_b950dcb4,object_drop_dishes,desed_soundbank,freesound_20079,freesound_20079,foreground_bank_train
desed_object_drop_dishes_babea0a4,object_drop_dishes,desed_soundbank,freesound_105023,freesound_105023,foreground_bank_train
desed_object_drop_dishes_bb4a2fa5,object_drop_dishes,desed_soundbank,freesound_214850,freesound_214850,foreground_bank_train
desed_object_drop_dishes_bbe0dbef,object_drop_dishes,desed_soundbank,freesound_427257,freesound_427257,foreground_bank_train
desed_object_drop_dishes_c0555ffd,object_drop_dishes,desed_soundbank,freesound_322407,freesound_322407,foreground_bank_train
desed_object_drop_dishes_c3689da0,object_drop_dishes,desed_soundbank,freesound_320909,freesound_320909,foreground_bank_train
desed_object_drop_dishes_c42d1840,object_drop_dishes,desed_soundbank,freesound_348082,freesound_348082,foreground_bank_train
desed_object_drop_dishes_c543bb6d,object_drop_dishes,desed_soundbank,freesound_322407,freesound_322407,foreground_bank_train
desed_object_drop_dishes_c5a0d2b9,object_drop_dishes,desed_soundbank,freesound_145124,freesound_145124,foreground_bank_train
desed_object_drop_dishes_c722ee68,object_drop_dishes,desed_soundbank,freesound_12862,freesound_12862,foreground_bank_train
desed_object_drop_dishes_c9d2e5be,object_drop_dishes,desed_soundbank,freesound_377500,freesound_377500,foreground_bank_train
desed_object_drop_dishes_cae5fb40,object_drop_dishes,desed_soundbank,freesound_376854,freesound_376854,foreground_bank_train
desed_object_drop_dishes_d0a3d6e4,object_drop_dishes,desed_soundbank,freesound_320909,freesound_320909,foreground_bank_train
desed_object_drop_dishes_d2a6cdd2,object_drop_dishes,desed_soundbank,freesound_97559,freesound_97559,foreground_bank_train
desed_object_drop_dishes_d50816c9,object_drop_dishes,desed_soundbank,freesound_80125,freesound_80125,foreground_bank_train
desed_object_drop_dishes_d7220b1a,object_drop_dishes,desed_soundbank,freesound_263608,freesound_263608,foreground_bank_train
desed_object_drop_dishes_d7274723,object_drop_dishes,desed_soundbank,freesound_322407,freesound_322407,foreground_bank_train
desed_object_drop_dishes_da92eaf0,object_drop_dishes,desed_soundbank,freesound_267004,freesound_267004,foreground_bank_train
desed_object_drop_dishes_dd5802d9,object_drop_dishes,desed_soundbank,freesound_179174,freesound_179174,foreground_bank_train
desed_object_drop_dishes_e16d0bc6,object_drop_dishes,desed_soundbank,freesound_429494,freesound_429494,foreground_bank_train
desed_object_drop_dishes_e2ab024f,object_drop_dishes,desed_soundbank,freesound_145124,freesound_145124,foreground_bank_train
desed_object_drop_dishes_e2ef3ac7,object_drop_dishes,desed_soundbank,freesound_429494,freesound_429494,foreground_bank_train
desed_object_drop_dishes_e558553d,object_drop_dishes,desed_soundbank,freesound_322407,freesound_322407,foreground_bank_train
desed_object_drop_dishes_e55e5e93,object_drop_dishes,desed_soundbank,freesound_209006,freesound_209006,foreground_bank_train
desed_object_drop_dishes_e6ab2350,object_drop_dishes,desed_soundbank,freesound_209002,freesound_209002,foreground_bank_train
desed_object_drop_dishes_f3404fb8,object_drop_dishes,desed_soundbank,freesound_29888,freesound_29888,foreground_bank_train
desed_object_drop_dishes_f6026252,object_drop_dishes,desed_soundbank,freesound_29888,freesound_29888,foreground_bank_train
desed_object_drop_dishes_f6b34129,object_drop_dishes,desed_soundbank,freesound_221791,freesound_221791,foreground_bank_train
desed_object_drop_dishes_f72d721b,object_drop_dishes,desed_soundbank,freesound_322407,freesound_322407,foreground_bank_train
desed_object_drop_dishes_f9e0bd76,object_drop_dishes,desed_soundbank,freesound_266989,freesound_266989,foreground_bank_train
desed_object_drop_dishes_fbe96a66,object_drop_dishes,desed_soundbank,freesound_71797,freesound_71797,foreground_bank_train
desed_object_drop_dishes_fcaa3d1c,object_drop_dishes,desed_soundbank,freesound_331646,freesound_331646,foreground_bank_train
fsd50k_object_drop_dishes_004360b2,object_drop_dishes,fsd50k,freesound_uploader_Adam_N,freesound_uploader_Adam_N,foreground_bank_train
fsd50k_object_drop_dishes_01d0b188,object_drop_dishes,fsd50k,freesound_uploader_Adam_N,freesound_uploader_Adam_N,foreground_bank_train
fsd50k_object_drop_dishes_043495bd,object_drop_dishes,fsd50k,freesound_uploader_Artmasterrich,freesound_uploader_Artmasterrich,foreground_bank_train
fsd50k_object_drop_dishes_056dd826,object_drop_dishes,fsd50k,freesound_uploader_SRuelas,freesound_uploader_SRuelas,foreground_bank_train
fsd50k_object_drop_dishes_05ccc5a8,object_drop_dishes,fsd50k,freesound_uploader_14FPanskaKremenakova_Marie,freesound_uploader_14FPanskaKremenakova_Marie,foreground_bank_train
fsd50k_object_drop_dishes_06e41c67,object_drop_dishes,fsd50k,freesound_uploader_soundjoao,freesound_uploader_soundjoao,foreground_bank_train
fsd50k_object_drop_dishes_0739e6d3,object_drop_dishes,fsd50k,freesound_uploader_D W,freesound_uploader_D W,foreground_bank_train
fsd50k_object_drop_dishes_07e506c8,object_drop_dishes,fsd50k,freesound_uploader_theshaggyfreak,freesound_uploader_theshaggyfreak,foreground_bank_train
fsd50k_object_drop_dishes_0952bd85,object_drop_dishes,fsd50k,freesound_uploader_Adam_N,freesound_uploader_Adam_N,foreground_bank_train
fsd50k_object_drop_dishes_0f3279b1,object_drop_dishes,fsd50k,freesound_uploader_lsprice,freesound_uploader_lsprice,foreground_bank_train
fsd50k_object_drop_dishes_11021c0d,object_drop_dishes,fsd50k,freesound_uploader_Adam_N,freesound_uploader_Adam_N,foreground_bank_train
fsd50k_object_drop_dishes_13c48f0e,object_drop_dishes,fsd50k,freesound_uploader_OwlStorm,freesound_uploader_OwlStorm,foreground_bank_train
fsd50k_object_drop_dishes_140f1c19,object_drop_dishes,fsd50k,freesound_uploader_newagesoup,freesound_uploader_newagesoup,foreground_bank_train
fsd50k_object_drop_dishes_14224e51,object_drop_dishes,fsd50k,freesound_uploader_egolessdub,freesound_uploader_egolessdub,foreground_bank_train
fsd50k_object_drop_dishes_143de109,object_drop_dishes,fsd50k,freesound_uploader_Peter Lustig,freesound_uploader_Peter Lustig,foreground_bank_train
fsd50k_object_drop_dishes_145fe20d,object_drop_dishes,fsd50k,freesound_uploader_adcbicycle,freesound_uploader_adcbicycle,foreground_bank_train
fsd50k_object_drop_dishes_14781edd,object_drop_dishes,fsd50k,freesound_uploader_jspath1,freesound_uploader_jspath1,foreground_bank_train
fsd50k_object_drop_dishes_14ac1cbd,object_drop_dishes,fsd50k,freesound_uploader_egolessdub,freesound_uploader_egolessdub,foreground_bank_train
fsd50k_object_drop_dishes_14fd0ef0,object_drop_dishes,fsd50k,freesound_uploader_adcbicycle,freesound_uploader_adcbicycle,foreground_bank_train
fsd50k_object_drop_dishes_15c45bf0,object_drop_dishes,fsd50k,freesound_uploader_schluppipuppie,freesound_uploader_schluppipuppie,foreground_bank_train
fsd50k_object_drop_dishes_16b3d03b,object_drop_dishes,fsd50k,freesound_uploader_lsprice,freesound_uploader_lsprice,foreground_bank_train
fsd50k_object_drop_dishes_17ea1e4c,object_drop_dishes,fsd50k,freesound_uploader_MaxDemianAGL,freesound_uploader_MaxDemianAGL,foreground_bank_train
fsd50k_object_drop_dishes_1927b144,object_drop_dishes,fsd50k,freesound_uploader_Kane53126,freesound_uploader_Kane53126,foreground_bank_train
fsd50k_object_drop_dishes_1b00aeae,object_drop_dishes,fsd50k,freesound_uploader_Trentyham,freesound_uploader_Trentyham,foreground_bank_train
fsd50k_object_drop_dishes_1b87748c,object_drop_dishes,fsd50k,freesound_uploader_volivieri,freesound_uploader_volivieri,foreground_bank_train
fsd50k_object_drop_dishes_1d037160,object_drop_dishes,fsd50k,freesound_uploader_egolessdub,freesound_uploader_egolessdub,foreground_bank_train
fsd50k_object_drop_dishes_1d471f4d,object_drop_dishes,fsd50k,freesound_uploader_weaveofk,freesound_uploader_weaveofk,foreground_bank_train
fsd50k_object_drop_dishes_1ee83b71,object_drop_dishes,fsd50k,freesound_uploader_Robinhood76,freesound_uploader_Robinhood76,foreground_bank_train
fsd50k_object_drop_dishes_20353502,object_drop_dishes,fsd50k,freesound_uploader_newagesoup,freesound_uploader_newagesoup,foreground_bank_train
fsd50k_object_drop_dishes_2158aecd,object_drop_dishes,fsd50k,freesound_uploader_timlaroche,freesound_uploader_timlaroche,foreground_bank_train
fsd50k_object_drop_dishes_22d01fb7,object_drop_dishes,fsd50k,freesound_uploader_adcbicycle,freesound_uploader_adcbicycle,foreground_bank_train
fsd50k_object_drop_dishes_2376cf9d,object_drop_dishes,fsd50k,freesound_uploader_Necrosensual,freesound_uploader_Necrosensual,foreground_bank_train
fsd50k_object_drop_dishes_239bd312,object_drop_dishes,fsd50k,freesound_uploader_140084,freesound_uploader_140084,foreground_bank_train
fsd50k_object_drop_dishes_242659bd,object_drop_dishes,fsd50k,freesound_uploader_D W,freesound_uploader_D W,foreground_bank_train
fsd50k_object_drop_dishes_245dec9f,object_drop_dishes,fsd50k,freesound_uploader_Kyster,freesound_uploader_Kyster,foreground_bank_train
fsd50k_object_drop_dishes_255b539f,object_drop_dishes,fsd50k,freesound_uploader_riddzy,freesound_uploader_riddzy,foreground_bank_train
fsd50k_object_drop_dishes_25d91001,object_drop_dishes,fsd50k,freesound_uploader_deleted_user_4401185,freesound_uploader_deleted_user_4401185,foreground_bank_train
fsd50k_object_drop_dishes_2673ca31,object_drop_dishes,fsd50k,freesound_uploader_egolessdub,freesound_uploader_egolessdub,foreground_bank_train
fsd50k_object_drop_dishes_27704cbb,object_drop_dishes,fsd50k,freesound_uploader_newagesoup,freesound_uploader_newagesoup,foreground_bank_train
fsd50k_object_drop_dishes_291a504b,object_drop_dishes,fsd50k,freesound_uploader_ryancacophony,freesound_uploader_ryancacophony,foreground_bank_train
fsd50k_object_drop_dishes_2960880c,object_drop_dishes,fsd50k,freesound_uploader_newagesoup,freesound_uploader_newagesoup,foreground_bank_train
fsd50k_object_drop_dishes_2a56d97c,object_drop_dishes,fsd50k,freesound_uploader_newagesoup,freesound_uploader_newagesoup,foreground_bank_train
fsd50k_object_drop_dishes_2a9df7a6,object_drop_dishes,fsd50k,freesound_uploader_batchku,freesound_uploader_batchku,foreground_bank_train
fsd50k_object_drop_dishes_2b04bd10,object_drop_dishes,fsd50k,freesound_uploader_timlaroche,freesound_uploader_timlaroche,foreground_bank_train
fsd50k_object_drop_dishes_2b3cb463,object_drop_dishes,fsd50k,freesound_uploader_newagesoup,freesound_uploader_newagesoup,foreground_bank_train
fsd50k_object_drop_dishes_2b750c1a,object_drop_dishes,fsd50k,freesound_uploader_Adam_N,freesound_uploader_Adam_N,foreground_bank_train
fsd50k_object_drop_dishes_2c377606,object_drop_dishes,fsd50k,freesound_uploader_egolessdub,freesound_uploader_egolessdub,foreground_bank_train
fsd50k_object_drop_dishes_2d4ca118,object_drop_dishes,fsd50k,freesound_uploader_EdgardEdition,freesound_uploader_EdgardEdition,foreground_bank_train
fsd50k_object_drop_dishes_2da01df0,object_drop_dishes,fsd50k,freesound_uploader_timlaroche,freesound_uploader_timlaroche,foreground_bank_train
fsd50k_object_drop_dishes_2e5ab973,object_drop_dishes,fsd50k,freesound_uploader_Snapper4298,freesound_uploader_Snapper4298,foreground_bank_train
fsd50k_object_drop_dishes_2e9b4292,object_drop_dishes,fsd50k,freesound_uploader_schluppipuppie,freesound_uploader_schluppipuppie,foreground_bank_train
fsd50k_object_drop_dishes_30c54341,object_drop_dishes,fsd50k,freesound_uploader_schluppipuppie,freesound_uploader_schluppipuppie,foreground_bank_train
fsd50k_object_drop_dishes_31e831db,object_drop_dishes,fsd50k,freesound_uploader_TechGeekMusic,freesound_uploader_TechGeekMusic,foreground_bank_train
fsd50k_object_drop_dishes_3216eb72,object_drop_dishes,fsd50k,freesound_uploader_adcbicycle,freesound_uploader_adcbicycle,foreground_bank_train
fsd50k_object_drop_dishes_328e4d66,object_drop_dishes,fsd50k,freesound_uploader_nothayama,freesound_uploader_nothayama,foreground_bank_train
fsd50k_object_drop_dishes_32b0858a,object_drop_dishes,fsd50k,freesound_uploader_timlaroche,freesound_uploader_timlaroche,foreground_bank_train
fsd50k_object_drop_dishes_338d5b77,object_drop_dishes,fsd50k,freesound_uploader_adcbicycle,freesound_uploader_adcbicycle,foreground_bank_train
fsd50k_object_drop_dishes_34b5e6cb,object_drop_dishes,fsd50k,freesound_uploader_aldenroth2,freesound_uploader_aldenroth2,foreground_bank_train
fsd50k_object_drop_dishes_34ff8ecf,object_drop_dishes,fsd50k,freesound_uploader_Necrosensual,freesound_uploader_Necrosensual,foreground_bank_train
fsd50k_object_drop_dishes_3559c394,object_drop_dishes,fsd50k,freesound_uploader_schluppipuppie,freesound_uploader_schluppipuppie,foreground_bank_train
fsd50k_object_drop_dishes_3568a3b4,object_drop_dishes,fsd50k,freesound_uploader_newagesoup,freesound_uploader_newagesoup,foreground_bank_train
fsd50k_object_drop_dishes_3579c79c,object_drop_dishes,fsd50k,freesound_uploader_batchku,freesound_uploader_batchku,foreground_bank_train
fsd50k_object_drop_dishes_365f8132,object_drop_dishes,fsd50k,freesound_uploader_Trentyham,freesound_uploader_Trentyham,foreground_bank_train
fsd50k_object_drop_dishes_37a9ebb6,object_drop_dishes,fsd50k,freesound_uploader_newagesoup,freesound_uploader_newagesoup,foreground_bank_train
fsd50k_object_drop_dishes_380060ea,object_drop_dishes,fsd50k,freesound_uploader_newagesoup,freesound_uploader_newagesoup,foreground_bank_train
fsd50k_object_drop_dishes_38387c2c,object_drop_dishes,fsd50k,freesound_uploader_Glitchedtones,freesound_uploader_Glitchedtones,foreground_bank_train
fsd50k_object_drop_dishes_399e26e8,object_drop_dishes,fsd50k,freesound_uploader_egolessdub,freesound_uploader_egolessdub,foreground_bank_train
fsd50k_object_drop_dishes_3ad361fc,object_drop_dishes,fsd50k,freesound_uploader_egolessdub,freesound_uploader_egolessdub,foreground_bank_train
fsd50k_object_drop_dishes_3b9fc540,object_drop_dishes,fsd50k,freesound_uploader_mikaelfernstrom,freesound_uploader_mikaelfernstrom,foreground_bank_train
fsd50k_object_drop_dishes_3bb99042,object_drop_dishes,fsd50k,freesound_uploader_riddzy,freesound_uploader_riddzy,foreground_bank_train
fsd50k_object_drop_dishes_3c9513bc,object_drop_dishes,fsd50k,freesound_uploader_newagesoup,freesound_uploader_newagesoup,foreground_bank_train
fsd50k_object_drop_dishes_3d8d16ba,object_drop_dishes,fsd50k,freesound_uploader_volivieri,freesound_uploader_volivieri,foreground_bank_train
fsd50k_object_drop_dishes_3f35d026,object_drop_dishes,fsd50k,freesound_uploader_timlaroche,freesound_uploader_timlaroche,foreground_bank_train
fsd50k_object_drop_dishes_3ffded82,object_drop_dishes,fsd50k,freesound_uploader_egolessdub,freesound_uploader_egolessdub,foreground_bank_train
fsd50k_object_drop_dishes_403edf14,object_drop_dishes,fsd50k,freesound_uploader_ChemiCatz,freesound_uploader_ChemiCatz,foreground_bank_train
fsd50k_object_drop_dishes_44b0a04c,object_drop_dishes,fsd50k,freesound_uploader_egolessdub,freesound_uploader_egolessdub,foreground_bank_train
fsd50k_object_drop_dishes_468c54f2,object_drop_dishes,fsd50k,freesound_uploader_newagesoup,freesound_uploader_newagesoup,foreground_bank_train
fsd50k_object_drop_dishes_46c9c465,object_drop_dishes,fsd50k,freesound_uploader_newagesoup,freesound_uploader_newagesoup,foreground_bank_train
fsd50k_object_drop_dishes_47971950,object_drop_dishes,fsd50k,freesound_uploader_adcbicycle,freesound_uploader_adcbicycle,foreground_bank_train
fsd50k_object_drop_dishes_47a1f1c1,object_drop_dishes,fsd50k,freesound_uploader_egolessdub,freesound_uploader_egolessdub,foreground_bank_train
fsd50k_object_drop_dishes_47d5391a,object_drop_dishes,fsd50k,freesound_uploader_JonathanJansen,freesound_uploader_JonathanJansen,foreground_bank_train
fsd50k_object_drop_dishes_48aabb6e,object_drop_dishes,fsd50k,freesound_uploader_Adam_N,freesound_uploader_Adam_N,foreground_bank_train
fsd50k_object_drop_dishes_48af71fb,object_drop_dishes,fsd50k,freesound_uploader_EdgardEdition,freesound_uploader_EdgardEdition,foreground_bank_train
fsd50k_object_drop_dishes_494891fa,object_drop_dishes,fsd50k,freesound_uploader_adcbicycle,freesound_uploader_adcbicycle,foreground_bank_train
fsd50k_object_drop_dishes_4bb63982,object_drop_dishes,fsd50k,freesound_uploader_volivieri,freesound_uploader_volivieri,foreground_bank_train
fsd50k_object_drop_dishes_4cf2b2be,object_drop_dishes,fsd50k,freesound_uploader_schluppipuppie,freesound_uploader_schluppipuppie,foreground_bank_train
fsd50k_object_drop_dishes_4e6040ed,object_drop_dishes,fsd50k,freesound_uploader_Adam_N,freesound_uploader_Adam_N,foreground_bank_train
fsd50k_object_drop_dishes_4f38be64,object_drop_dishes,fsd50k,freesound_uploader_14FPanskaKremenakova_Marie,freesound_uploader_14FPanskaKremenakova_Marie,foreground_bank_train
fsd50k_object_drop_dishes_507e9200,object_drop_dishes,fsd50k,freesound_uploader_volivieri,freesound_uploader_volivieri,foreground_bank_train
fsd50k_object_drop_dishes_51a2c8f1,object_drop_dishes,fsd50k,freesound_uploader_timlaroche,freesound_uploader_timlaroche,foreground_bank_train
fsd50k_object_drop_dishes_51c98315,object_drop_dishes,fsd50k,freesound_uploader_volivieri,freesound_uploader_volivieri,foreground_bank_train
fsd50k_object_drop_dishes_547fa5e3,object_drop_dishes,fsd50k,freesound_uploader_andre.rocha.nascimento,freesound_uploader_andre.rocha.nascimento,foreground_bank_train
fsd50k_object_drop_dishes_555f6a50,object_drop_dishes,fsd50k,freesound_uploader_JonathanJansen,freesound_uploader_JonathanJansen,foreground_bank_train
fsd50k_object_drop_dishes_55ac43bc,object_drop_dishes,fsd50k,freesound_uploader_adcbicycle,freesound_uploader_adcbicycle,foreground_bank_train
fsd50k_object_drop_dishes_55c0aa12,object_drop_dishes,fsd50k,freesound_uploader_ryancacophony,freesound_uploader_ryancacophony,foreground_bank_train
fsd50k_object_drop_dishes_580825a4,object_drop_dishes,fsd50k,freesound_uploader_Trentyham,freesound_uploader_Trentyham,foreground_bank_train
fsd50k_object_drop_dishes_59dc827e,object_drop_dishes,fsd50k,freesound_uploader_Benboncan,freesound_uploader_Benboncan,foreground_bank_train
fsd50k_object_drop_dishes_5a64d664,object_drop_dishes,fsd50k,freesound_uploader_zerolagtime,freesound_uploader_zerolagtime,foreground_bank_train
fsd50k_object_drop_dishes_5a9fb364,object_drop_dishes,fsd50k,freesound_uploader_Halleck,freesound_uploader_Halleck,foreground_bank_train
fsd50k_object_drop_dishes_5b0ea5c4,object_drop_dishes,fsd50k,freesound_uploader_Adam_N,freesound_uploader_Adam_N,foreground_bank_train
fsd50k_object_drop_dishes_5cc7b7a6,object_drop_dishes,fsd50k,freesound_uploader_SophronsineSoundDesign,freesound_uploader_SophronsineSoundDesign,foreground_bank_train
fsd50k_object_drop_dishes_5ceb6fc6,object_drop_dishes,fsd50k,freesound_uploader_Necrosensual,freesound_uploader_Necrosensual,foreground_bank_train
fsd50k_object_drop_dishes_5d3fba0a,object_drop_dishes,fsd50k,freesound_uploader_adcbicycle,freesound_uploader_adcbicycle,foreground_bank_train
fsd50k_object_drop_dishes_5e23bcea,object_drop_dishes,fsd50k,freesound_uploader_JonathanJansen,freesound_uploader_JonathanJansen,foreground_bank_train
fsd50k_object_drop_dishes_5f0d6ffb,object_drop_dishes,fsd50k,freesound_uploader_adcbicycle,freesound_uploader_adcbicycle,foreground_bank_train
fsd50k_object_drop_dishes_5f5259b2,object_drop_dishes,fsd50k,freesound_uploader_Necrosensual,freesound_uploader_Necrosensual,foreground_bank_train
fsd50k_object_drop_dishes_5fe4efa4,object_drop_dishes,fsd50k,freesound_uploader_newagesoup,freesound_uploader_newagesoup,foreground_bank_train
fsd50k_object_drop_dishes_5ff993a0,object_drop_dishes,fsd50k,freesound_uploader_it_was_the_sun,freesound_uploader_it_was_the_sun,foreground_bank_train
fsd50k_object_drop_dishes_61168af2,object_drop_dishes,fsd50k,freesound_uploader_egolessdub,freesound_uploader_egolessdub,foreground_bank_train
fsd50k_object_drop_dishes_61d2d9ab,object_drop_dishes,fsd50k,freesound_uploader_Caitlin_100,freesound_uploader_Caitlin_100,foreground_bank_train
fsd50k_object_drop_dishes_62093327,object_drop_dishes,fsd50k,freesound_uploader_striptheband,freesound_uploader_striptheband,foreground_bank_train
fsd50k_object_drop_dishes_62304c6d,object_drop_dishes,fsd50k,freesound_uploader_Alexromanski,freesound_uploader_Alexromanski,foreground_bank_train
fsd50k_object_drop_dishes_62864fd4,object_drop_dishes,fsd50k,freesound_uploader_Kane53126,freesound_uploader_Kane53126,foreground_bank_train
fsd50k_object_drop_dishes_64a20e8e,object_drop_dishes,fsd50k,freesound_uploader_egolessdub,freesound_uploader_egolessdub,foreground_bank_train
fsd50k_object_drop_dishes_65109dfb,object_drop_dishes,fsd50k,freesound_uploader_volivieri,freesound_uploader_volivieri,foreground_bank_train
fsd50k_object_drop_dishes_66aba188,object_drop_dishes,fsd50k,freesound_uploader_samplecat,freesound_uploader_samplecat,foreground_bank_train
fsd50k_object_drop_dishes_66f4f9bb,object_drop_dishes,fsd50k,freesound_uploader_AlienXXX,freesound_uploader_AlienXXX,foreground_bank_train
fsd50k_object_drop_dishes_68c61602,object_drop_dishes,fsd50k,freesound_uploader_mikaelfernstrom,freesound_uploader_mikaelfernstrom,foreground_bank_train
fsd50k_object_drop_dishes_6a76a4a4,object_drop_dishes,fsd50k,freesound_uploader_fons,freesound_uploader_fons,foreground_bank_train
fsd50k_object_drop_dishes_6b906718,object_drop_dishes,fsd50k,freesound_uploader_JWMalahy,freesound_uploader_JWMalahy,foreground_bank_train
fsd50k_object_drop_dishes_6b97c737,object_drop_dishes,fsd50k,freesound_uploader_digifishmusic,freesound_uploader_digifishmusic,foreground_bank_train
fsd50k_object_drop_dishes_6bf632a7,object_drop_dishes,fsd50k,freesound_uploader_Trentyham,freesound_uploader_Trentyham,foreground_bank_train
fsd50k_object_drop_dishes_6e543a2c,object_drop_dishes,fsd50k,freesound_uploader_Adam_N,freesound_uploader_Adam_N,foreground_bank_train
fsd50k_object_drop_dishes_6e6cdae5,object_drop_dishes,fsd50k,freesound_uploader_Adam_N,freesound_uploader_Adam_N,foreground_bank_train
fsd50k_object_drop_dishes_6eca1116,object_drop_dishes,fsd50k,freesound_uploader_timlaroche,freesound_uploader_timlaroche,foreground_bank_train
fsd50k_object_drop_dishes_6fcde442,object_drop_dishes,fsd50k,freesound_uploader_TylerAM,freesound_uploader_TylerAM,foreground_bank_train
fsd50k_object_drop_dishes_7012b8dd,object_drop_dishes,fsd50k,freesound_uploader_adcbicycle,freesound_uploader_adcbicycle,foreground_bank_train
fsd50k_object_drop_dishes_7376471a,object_drop_dishes,fsd50k,freesound_uploader_Peter Lustig,freesound_uploader_Peter Lustig,foreground_bank_train
fsd50k_object_drop_dishes_74045354,object_drop_dishes,fsd50k,freesound_uploader_newagesoup,freesound_uploader_newagesoup,foreground_bank_train
fsd50k_object_drop_dishes_7453dd7f,object_drop_dishes,fsd50k,freesound_uploader_Necrosensual,freesound_uploader_Necrosensual,foreground_bank_train
fsd50k_object_drop_dishes_7551f461,object_drop_dishes,fsd50k,freesound_uploader_Robinhood76,freesound_uploader_Robinhood76,foreground_bank_train
fsd50k_object_drop_dishes_7593058a,object_drop_dishes,fsd50k,freesound_uploader_Aiwha,freesound_uploader_Aiwha,foreground_bank_train
fsd50k_object_drop_dishes_76597ea7,object_drop_dishes,fsd50k,freesound_uploader_timlaroche,freesound_uploader_timlaroche,foreground_bank_train
fsd50k_object_drop_dishes_765fd0aa,object_drop_dishes,fsd50k,freesound_uploader_andre.rocha.nascimento,freesound_uploader_andre.rocha.nascimento,foreground_bank_train
fsd50k_object_drop_dishes_7934dc92,object_drop_dishes,fsd50k,freesound_uploader_Taira Komori,freesound_uploader_Taira Komori,foreground_bank_train
fsd50k_object_drop_dishes_7b552ebe,object_drop_dishes,fsd50k,freesound_uploader_timlaroche,freesound_uploader_timlaroche,foreground_bank_train
fsd50k_object_drop_dishes_7bc090d7,object_drop_dishes,fsd50k,freesound_uploader_jorickhoofd,freesound_uploader_jorickhoofd,foreground_bank_train
fsd50k_object_drop_dishes_7bc3fda2,object_drop_dishes,fsd50k,freesound_uploader_Adam_N,freesound_uploader_Adam_N,foreground_bank_train
fsd50k_object_drop_dishes_7c68a477,object_drop_dishes,fsd50k,freesound_uploader_Trentyham,freesound_uploader_Trentyham,foreground_bank_train
fsd50k_object_drop_dishes_7c6b1d70,object_drop_dishes,fsd50k,freesound_uploader_OwlStorm,freesound_uploader_OwlStorm,foreground_bank_train
fsd50k_object_drop_dishes_7e6933fb,object_drop_dishes,fsd50k,freesound_uploader_AlienXXX,freesound_uploader_AlienXXX,foreground_bank_train
fsd50k_object_drop_dishes_7efcc03a,object_drop_dishes,fsd50k,freesound_uploader_riddzy,freesound_uploader_riddzy,foreground_bank_train
fsd50k_object_drop_dishes_80dd78ad,object_drop_dishes,fsd50k,freesound_uploader_adcbicycle,freesound_uploader_adcbicycle,foreground_bank_train
fsd50k_object_drop_dishes_81e4e59a,object_drop_dishes,fsd50k,freesound_uploader_JonathanJansen,freesound_uploader_JonathanJansen,foreground_bank_train
fsd50k_object_drop_dishes_829f25c1,object_drop_dishes,fsd50k,freesound_uploader_JonathanJansen,freesound_uploader_JonathanJansen,foreground_bank_train
fsd50k_object_drop_dishes_85323be4,object_drop_dishes,fsd50k,freesound_uploader_lsprice,freesound_uploader_lsprice,foreground_bank_train
fsd50k_object_drop_dishes_85d5c7cf,object_drop_dishes,fsd50k,freesound_uploader_Necrosensual,freesound_uploader_Necrosensual,foreground_bank_train
fsd50k_object_drop_dishes_861c55aa,object_drop_dishes,fsd50k,freesound_uploader_jimmygu3,freesound_uploader_jimmygu3,foreground_bank_train
fsd50k_object_drop_dishes_8674626d,object_drop_dishes,fsd50k,freesound_uploader_volivieri,freesound_uploader_volivieri,foreground_bank_train
fsd50k_object_drop_dishes_87114697,object_drop_dishes,fsd50k,freesound_uploader_animationIsaac,freesound_uploader_animationIsaac,foreground_bank_train
fsd50k_object_drop_dishes_87c6cc8e,object_drop_dishes,fsd50k,freesound_uploader_timlaroche,freesound_uploader_timlaroche,foreground_bank_train
fsd50k_object_drop_dishes_87c879e6,object_drop_dishes,fsd50k,freesound_uploader_schluppipuppie,freesound_uploader_schluppipuppie,foreground_bank_train
fsd50k_object_drop_dishes_88fe02b0,object_drop_dishes,fsd50k,freesound_uploader_adcbicycle,freesound_uploader_adcbicycle,foreground_bank_train
fsd50k_object_drop_dishes_89d3fc0f,object_drop_dishes,fsd50k,freesound_uploader_timlaroche,freesound_uploader_timlaroche,foreground_bank_train
fsd50k_object_drop_dishes_89d4286a,object_drop_dishes,fsd50k,freesound_uploader_CosmicEmbers,freesound_uploader_CosmicEmbers,foreground_bank_train
fsd50k_object_drop_dishes_8adfeb64,object_drop_dishes,fsd50k,freesound_uploader_14FPanskaKremenakova_Marie,freesound_uploader_14FPanskaKremenakova_Marie,foreground_bank_train
fsd50k_object_drop_dishes_8d230921,object_drop_dishes,fsd50k,freesound_uploader_zedkah,freesound_uploader_zedkah,foreground_bank_train
fsd50k_object_drop_dishes_8e6770fc,object_drop_dishes,fsd50k,freesound_uploader_eardeer,freesound_uploader_eardeer,foreground_bank_train
fsd50k_object_drop_dishes_8f4276c3,object_drop_dishes,fsd50k,freesound_uploader_SophronsineSoundDesign,freesound_uploader_SophronsineSoundDesign,foreground_bank_train
fsd50k_object_drop_dishes_8f96b515,object_drop_dishes,fsd50k,freesound_uploader_adcbicycle,freesound_uploader_adcbicycle,foreground_bank_train
fsd50k_object_drop_dishes_8fce4ad7,object_drop_dishes,fsd50k,freesound_uploader_OwlStorm,freesound_uploader_OwlStorm,foreground_bank_train
fsd50k_object_drop_dishes_905d639a,object_drop_dishes,fsd50k,freesound_uploader_Adam_N,freesound_uploader_Adam_N,foreground_bank_train
fsd50k_object_drop_dishes_90b0252e,object_drop_dishes,fsd50k,freesound_uploader_adcbicycle,freesound_uploader_adcbicycle,foreground_bank_train
fsd50k_object_drop_dishes_92e7e171,object_drop_dishes,fsd50k,freesound_uploader_theshaggyfreak,freesound_uploader_theshaggyfreak,foreground_bank_train
fsd50k_object_drop_dishes_94def9ec,object_drop_dishes,fsd50k,freesound_uploader_Adam_N,freesound_uploader_Adam_N,foreground_bank_train
fsd50k_object_drop_dishes_957718fc,object_drop_dishes,fsd50k,freesound_uploader_egolessdub,freesound_uploader_egolessdub,foreground_bank_train
fsd50k_object_drop_dishes_96391bdf,object_drop_dishes,fsd50k,freesound_uploader_volivieri,freesound_uploader_volivieri,foreground_bank_train
fsd50k_object_drop_dishes_965f7fe6,object_drop_dishes,fsd50k,freesound_uploader_timlaroche,freesound_uploader_timlaroche,foreground_bank_train
fsd50k_object_drop_dishes_9675bc16,object_drop_dishes,fsd50k,freesound_uploader_Adam_N,freesound_uploader_Adam_N,foreground_bank_train
fsd50k_object_drop_dishes_9768fa5a,object_drop_dishes,fsd50k,freesound_uploader_connersaw8,freesound_uploader_connersaw8,foreground_bank_train
fsd50k_object_drop_dishes_9848e7a2,object_drop_dishes,fsd50k,freesound_uploader_jspath1,freesound_uploader_jspath1,foreground_bank_train
fsd50k_object_drop_dishes_984ef285,object_drop_dishes,fsd50k,freesound_uploader_Adam_N,freesound_uploader_Adam_N,foreground_bank_train
fsd50k_object_drop_dishes_994c72a7,object_drop_dishes,fsd50k,freesound_uploader_Kyster,freesound_uploader_Kyster,foreground_bank_train
fsd50k_object_drop_dishes_9c301091,object_drop_dishes,fsd50k,freesound_uploader_newagesoup,freesound_uploader_newagesoup,foreground_bank_train
fsd50k_object_drop_dishes_9ca74537,object_drop_dishes,fsd50k,freesound_uploader_Kyster,freesound_uploader_Kyster,foreground_bank_train
fsd50k_object_drop_dishes_9cc9af1a,object_drop_dishes,fsd50k,freesound_uploader_soundjoao,freesound_uploader_soundjoao,foreground_bank_train
fsd50k_object_drop_dishes_9ccc28d2,object_drop_dishes,fsd50k,freesound_uploader_riddzy,freesound_uploader_riddzy,foreground_bank_train
fsd50k_object_drop_dishes_9cd14a8d,object_drop_dishes,fsd50k,freesound_uploader_wjoojoo,freesound_uploader_wjoojoo,foreground_bank_train
fsd50k_object_drop_dishes_9d2bf464,object_drop_dishes,fsd50k,freesound_uploader_LittleLuigi,freesound_uploader_LittleLuigi,foreground_bank_train
fsd50k_object_drop_dishes_9e69706c,object_drop_dishes,fsd50k,freesound_uploader_LittleLuigi,freesound_uploader_LittleLuigi,foreground_bank_train
fsd50k_object_drop_dishes_9fde6b02,object_drop_dishes,fsd50k,freesound_uploader_schluppipuppie,freesound_uploader_schluppipuppie,foreground_bank_train
fsd50k_object_drop_dishes_a02cb0a5,object_drop_dishes,fsd50k,freesound_uploader_egolessdub,freesound_uploader_egolessdub,foreground_bank_train
fsd50k_object_drop_dishes_a323763e,object_drop_dishes,fsd50k,freesound_uploader_JonathanJansen,freesound_uploader_JonathanJansen,foreground_bank_train
fsd50k_object_drop_dishes_a3df0532,object_drop_dishes,fsd50k,freesound_uploader_000600,freesound_uploader_000600,foreground_bank_train
fsd50k_object_drop_dishes_a4ba48ca,object_drop_dishes,fsd50k,freesound_uploader_ryancacophony,freesound_uploader_ryancacophony,foreground_bank_train
fsd50k_object_drop_dishes_a6015d63,object_drop_dishes,fsd50k,freesound_uploader_Aiwha,freesound_uploader_Aiwha,foreground_bank_train
fsd50k_object_drop_dishes_a942e2bc,object_drop_dishes,fsd50k,freesound_uploader_adcbicycle,freesound_uploader_adcbicycle,foreground_bank_train
fsd50k_object_drop_dishes_a9dedee0,object_drop_dishes,fsd50k,freesound_uploader_dflee4,freesound_uploader_dflee4,foreground_bank_train
fsd50k_object_drop_dishes_aa284f5c,object_drop_dishes,fsd50k,freesound_uploader_adcbicycle,freesound_uploader_adcbicycle,foreground_bank_train
fsd50k_object_drop_dishes_aa7daf66,object_drop_dishes,fsd50k,freesound_uploader_schluppipuppie,freesound_uploader_schluppipuppie,foreground_bank_train
fsd50k_object_drop_dishes_aa93419a,object_drop_dishes,fsd50k,freesound_uploader_anemicrose,freesound_uploader_anemicrose,foreground_bank_train
fsd50k_object_drop_dishes_aaee1a37,object_drop_dishes,fsd50k,freesound_uploader_sonsdebarcelona,freesound_uploader_sonsdebarcelona,foreground_bank_train
fsd50k_object_drop_dishes_ab40eb46,object_drop_dishes,fsd50k,freesound_uploader_TechGeekMusic,freesound_uploader_TechGeekMusic,foreground_bank_train
fsd50k_object_drop_dishes_abb8d8cc,object_drop_dishes,fsd50k,freesound_uploader_egolessdub,freesound_uploader_egolessdub,foreground_bank_train
fsd50k_object_drop_dishes_acf2f50d,object_drop_dishes,fsd50k,freesound_uploader_volivieri,freesound_uploader_volivieri,foreground_bank_train
fsd50k_object_drop_dishes_ad527616,object_drop_dishes,fsd50k,freesound_uploader_j1987,freesound_uploader_j1987,foreground_bank_train
fsd50k_object_drop_dishes_aded14a4,object_drop_dishes,fsd50k,freesound_uploader_adcbicycle,freesound_uploader_adcbicycle,foreground_bank_train
fsd50k_object_drop_dishes_b04bec07,object_drop_dishes,fsd50k,freesound_uploader_Peter Lustig,freesound_uploader_Peter Lustig,foreground_bank_train
fsd50k_object_drop_dishes_b14105fb,object_drop_dishes,fsd50k,freesound_uploader_adcbicycle,freesound_uploader_adcbicycle,foreground_bank_train
fsd50k_object_drop_dishes_b43e3fba,object_drop_dishes,fsd50k,freesound_uploader_meggiepie,freesound_uploader_meggiepie,foreground_bank_train
fsd50k_object_drop_dishes_b4f0e2b5,object_drop_dishes,fsd50k,freesound_uploader_ChemiCatz,freesound_uploader_ChemiCatz,foreground_bank_train
fsd50k_object_drop_dishes_b70e8326,object_drop_dishes,fsd50k,freesound_uploader_Necrosensual,freesound_uploader_Necrosensual,foreground_bank_train
fsd50k_object_drop_dishes_b7bc7af5,object_drop_dishes,fsd50k,freesound_uploader_klankbeeld,freesound_uploader_klankbeeld,foreground_bank_train
fsd50k_object_drop_dishes_b873f792,object_drop_dishes,fsd50k,freesound_uploader_adcbicycle,freesound_uploader_adcbicycle,foreground_bank_train
fsd50k_object_drop_dishes_b906fcb3,object_drop_dishes,fsd50k,freesound_uploader_AlienXXX,freesound_uploader_AlienXXX,foreground_bank_train
fsd50k_object_drop_dishes_b90be3fa,object_drop_dishes,fsd50k,freesound_uploader_Kane53126,freesound_uploader_Kane53126,foreground_bank_train
fsd50k_object_drop_dishes_b9817e5c,object_drop_dishes,fsd50k,freesound_uploader_soneproject,freesound_uploader_soneproject,foreground_bank_train
fsd50k_object_drop_dishes_b9cdb4f2,object_drop_dishes,fsd50k,freesound_uploader_seanf,freesound_uploader_seanf,foreground_bank_train
fsd50k_object_drop_dishes_b9d4a1c9,object_drop_dishes,fsd50k,freesound_uploader_Adam_N,freesound_uploader_Adam_N,foreground_bank_train
fsd50k_object_drop_dishes_ba5b7e42,object_drop_dishes,fsd50k,freesound_uploader_newagesoup,freesound_uploader_newagesoup,foreground_bank_train
fsd50k_object_drop_dishes_ba6a993f,object_drop_dishes,fsd50k,freesound_uploader_egolessdub,freesound_uploader_egolessdub,foreground_bank_train
fsd50k_object_drop_dishes_bbabfda7,object_drop_dishes,fsd50k,freesound_uploader_timlaroche,freesound_uploader_timlaroche,foreground_bank_train
fsd50k_object_drop_dishes_bbb994ca,object_drop_dishes,fsd50k,freesound_uploader_volivieri,freesound_uploader_volivieri,foreground_bank_train
fsd50k_object_drop_dishes_bbcbc2c8,object_drop_dishes,fsd50k,freesound_uploader_Taira Komori,freesound_uploader_Taira Komori,foreground_bank_train
fsd50k_object_drop_dishes_bd9ef15e,object_drop_dishes,fsd50k,freesound_uploader_apinasaundi,freesound_uploader_apinasaundi,foreground_bank_train
fsd50k_object_drop_dishes_bdd2f9b1,object_drop_dishes,fsd50k,freesound_uploader_Necrosensual,freesound_uploader_Necrosensual,foreground_bank_train
fsd50k_object_drop_dishes_be44b67e,object_drop_dishes,fsd50k,freesound_uploader_ryancacophony,freesound_uploader_ryancacophony,foreground_bank_train
fsd50k_object_drop_dishes_be891fd8,object_drop_dishes,fsd50k,freesound_uploader_adcbicycle,freesound_uploader_adcbicycle,foreground_bank_train
fsd50k_object_drop_dishes_be8cdcfa,object_drop_dishes,fsd50k,freesound_uploader_soundjoao,freesound_uploader_soundjoao,foreground_bank_train
fsd50k_object_drop_dishes_becbe105,object_drop_dishes,fsd50k,freesound_uploader_volivieri,freesound_uploader_volivieri,foreground_bank_train
fsd50k_object_drop_dishes_bf493c39,object_drop_dishes,fsd50k,freesound_uploader_schluppipuppie,freesound_uploader_schluppipuppie,foreground_bank_train
fsd50k_object_drop_dishes_c0c9b18d,object_drop_dishes,fsd50k,freesound_uploader_adcbicycle,freesound_uploader_adcbicycle,foreground_bank_train
fsd50k_object_drop_dishes_c1bb2b40,object_drop_dishes,fsd50k,freesound_uploader_Trentyham,freesound_uploader_Trentyham,foreground_bank_train
fsd50k_object_drop_dishes_c3de817a,object_drop_dishes,fsd50k,freesound_uploader_JonathanJansen,freesound_uploader_JonathanJansen,foreground_bank_train
fsd50k_object_drop_dishes_c9d0434d,object_drop_dishes,fsd50k,freesound_uploader_timlaroche,freesound_uploader_timlaroche,foreground_bank_train
fsd50k_object_drop_dishes_cb532cd3,object_drop_dishes,fsd50k,freesound_uploader_Adam_N,freesound_uploader_Adam_N,foreground_bank_train
fsd50k_object_drop_dishes_d02a0deb,object_drop_dishes,fsd50k,freesound_uploader_egolessdub,freesound_uploader_egolessdub,foreground_bank_train
fsd50k_object_drop_dishes_d087062a,object_drop_dishes,fsd50k,freesound_uploader_klankbeeld,freesound_uploader_klankbeeld,foreground_bank_train
fsd50k_object_drop_dishes_d2e3efa7,object_drop_dishes,fsd50k,freesound_uploader_MaxDemianAGL,freesound_uploader_MaxDemianAGL,foreground_bank_train
fsd50k_object_drop_dishes_d2e7060e,object_drop_dishes,fsd50k,freesound_uploader_Necrosensual,freesound_uploader_Necrosensual,foreground_bank_train
fsd50k_object_drop_dishes_d3050f51,object_drop_dishes,fsd50k,freesound_uploader_newagesoup,freesound_uploader_newagesoup,foreground_bank_train
fsd50k_object_drop_dishes_d38e1876,object_drop_dishes,fsd50k,freesound_uploader_adcbicycle,freesound_uploader_adcbicycle,foreground_bank_train
fsd50k_object_drop_dishes_d3950789,object_drop_dishes,fsd50k,freesound_uploader_Adam_N,freesound_uploader_Adam_N,foreground_bank_train
fsd50k_object_drop_dishes_d707feaa,object_drop_dishes,fsd50k,freesound_uploader_Corsica_S,freesound_uploader_Corsica_S,foreground_bank_train
fsd50k_object_drop_dishes_d733603c,object_drop_dishes,fsd50k,freesound_uploader_Reitanna,freesound_uploader_Reitanna,foreground_bank_train
fsd50k_object_drop_dishes_d80812a7,object_drop_dishes,fsd50k,freesound_uploader_anemicrose,freesound_uploader_anemicrose,foreground_bank_train
fsd50k_object_drop_dishes_d94ead14,object_drop_dishes,fsd50k,freesound_uploader_pfranzen,freesound_uploader_pfranzen,foreground_bank_train
fsd50k_object_drop_dishes_db76074d,object_drop_dishes,fsd50k,freesound_uploader_adcbicycle,freesound_uploader_adcbicycle,foreground_bank_train
fsd50k_object_drop_dishes_dc3db20a,object_drop_dishes,fsd50k,freesound_uploader_RutgerMuller,freesound_uploader_RutgerMuller,foreground_bank_train
fsd50k_object_drop_dishes_dc3ec240,object_drop_dishes,fsd50k,freesound_uploader_Jagadamba,freesound_uploader_Jagadamba,foreground_bank_train
fsd50k_object_drop_dishes_dc61c26a,object_drop_dishes,fsd50k,freesound_uploader_Gareth_H,freesound_uploader_Gareth_H,foreground_bank_train
fsd50k_object_drop_dishes_de199d78,object_drop_dishes,fsd50k,freesound_uploader_newagesoup,freesound_uploader_newagesoup,foreground_bank_train
fsd50k_object_drop_dishes_def69070,object_drop_dishes,fsd50k,freesound_uploader_Trentyham,freesound_uploader_Trentyham,foreground_bank_train
fsd50k_object_drop_dishes_df119ad1,object_drop_dishes,fsd50k,freesound_uploader_lizellekleynhans,freesound_uploader_lizellekleynhans,foreground_bank_train
fsd50k_object_drop_dishes_df349aad,object_drop_dishes,fsd50k,freesound_uploader_Necrosensual,freesound_uploader_Necrosensual,foreground_bank_train
fsd50k_object_drop_dishes_e0302365,object_drop_dishes,fsd50k,freesound_uploader_riddzy,freesound_uploader_riddzy,foreground_bank_train
fsd50k_object_drop_dishes_e0bbcd64,object_drop_dishes,fsd50k,freesound_uploader_Aiwha,freesound_uploader_Aiwha,foreground_bank_train
fsd50k_object_drop_dishes_e10472a7,object_drop_dishes,fsd50k,freesound_uploader_JonathanJansen,freesound_uploader_JonathanJansen,foreground_bank_train
fsd50k_object_drop_dishes_e1c42bd1,object_drop_dishes,fsd50k,freesound_uploader_newagesoup,freesound_uploader_newagesoup,foreground_bank_train
fsd50k_object_drop_dishes_e2c40a20,object_drop_dishes,fsd50k,freesound_uploader_clammyhands,freesound_uploader_clammyhands,foreground_bank_train
fsd50k_object_drop_dishes_e3c161ba,object_drop_dishes,fsd50k,freesound_uploader_adcbicycle,freesound_uploader_adcbicycle,foreground_bank_train
fsd50k_object_drop_dishes_e4858a83,object_drop_dishes,fsd50k,freesound_uploader_Taira Komori,freesound_uploader_Taira Komori,foreground_bank_train
fsd50k_object_drop_dishes_e58c1cef,object_drop_dishes,fsd50k,freesound_uploader_egolessdub,freesound_uploader_egolessdub,foreground_bank_train
fsd50k_object_drop_dishes_e654f1b2,object_drop_dishes,fsd50k,freesound_uploader_riddzy,freesound_uploader_riddzy,foreground_bank_train
fsd50k_object_drop_dishes_e75bb410,object_drop_dishes,fsd50k,freesound_uploader_Adam_N,freesound_uploader_Adam_N,foreground_bank_train
fsd50k_object_drop_dishes_e767e329,object_drop_dishes,fsd50k,freesound_uploader_egolessdub,freesound_uploader_egolessdub,foreground_bank_train
fsd50k_object_drop_dishes_e77c4004,object_drop_dishes,fsd50k,freesound_uploader_JakLocke,freesound_uploader_JakLocke,foreground_bank_train
fsd50k_object_drop_dishes_e933bd84,object_drop_dishes,fsd50k,freesound_uploader_adcbicycle,freesound_uploader_adcbicycle,foreground_bank_train
fsd50k_object_drop_dishes_e93bec57,object_drop_dishes,fsd50k,freesound_uploader_adcbicycle,freesound_uploader_adcbicycle,foreground_bank_train
fsd50k_object_drop_dishes_ea001100,object_drop_dishes,fsd50k,freesound_uploader_Trentyham,freesound_uploader_Trentyham,foreground_bank_train
fsd50k_object_drop_dishes_eb67eb15,object_drop_dishes,fsd50k,freesound_uploader_egolessdub,freesound_uploader_egolessdub,foreground_bank_train
fsd50k_object_drop_dishes_eb9cc89e,object_drop_dishes,fsd50k,freesound_uploader_Snapper4298,freesound_uploader_Snapper4298,foreground_bank_train
fsd50k_object_drop_dishes_eee68707,object_drop_dishes,fsd50k,freesound_uploader_Necrosensual,freesound_uploader_Necrosensual,foreground_bank_train
fsd50k_object_drop_dishes_ef8ec45b,object_drop_dishes,fsd50k,freesound_uploader_ChemiCatz,freesound_uploader_ChemiCatz,foreground_bank_train
fsd50k_object_drop_dishes_f02e7f6c,object_drop_dishes,fsd50k,freesound_uploader_Insultingspy,freesound_uploader_Insultingspy,foreground_bank_train
fsd50k_object_drop_dishes_f1f56bac,object_drop_dishes,fsd50k,freesound_uploader_AlienXXX,freesound_uploader_AlienXXX,foreground_bank_train
fsd50k_object_drop_dishes_f2e2e655,object_drop_dishes,fsd50k,freesound_uploader_newagesoup,freesound_uploader_newagesoup,foreground_bank_train
fsd50k_object_drop_dishes_f3dfbf0d,object_drop_dishes,fsd50k,freesound_uploader_adcbicycle,freesound_uploader_adcbicycle,foreground_bank_train
fsd50k_object_drop_dishes_f4aab00b,object_drop_dishes,fsd50k,freesound_uploader_adcbicycle,freesound_uploader_adcbicycle,foreground_bank_train
fsd50k_object_drop_dishes_f4d5336e,object_drop_dishes,fsd50k,freesound_uploader_egolessdub,freesound_uploader_egolessdub,foreground_bank_train
fsd50k_object_drop_dishes_f5355316,object_drop_dishes,fsd50k,freesound_uploader_13GPanska_Kovanda_Milan,freesound_uploader_13GPanska_Kovanda_Milan,foreground_bank_train
fsd50k_object_drop_dishes_f653538b,object_drop_dishes,fsd50k,freesound_uploader_Necrosensual,freesound_uploader_Necrosensual,foreground_bank_train
fsd50k_object_drop_dishes_f6bd822f,object_drop_dishes,fsd50k,freesound_uploader_OwlStorm,freesound_uploader_OwlStorm,foreground_bank_train
fsd50k_object_drop_dishes_f78c76e5,object_drop_dishes,fsd50k,freesound_uploader_SRuelas,freesound_uploader_SRuelas,foreground_bank_train
fsd50k_object_drop_dishes_fa20241f,object_drop_dishes,fsd50k,freesound_uploader_adcbicycle,freesound_uploader_adcbicycle,foreground_bank_train
fsd50k_object_drop_dishes_fb53189c,object_drop_dishes,fsd50k,freesound_uploader_AlienXXX,freesound_uploader_AlienXXX,foreground_bank_train
fsd50k_object_drop_dishes_fb667c0a,object_drop_dishes,fsd50k,freesound_uploader_adcbicycle,freesound_uploader_adcbicycle,foreground_bank_train
fsd50k_object_drop_dishes_fb87d2a7,object_drop_dishes,fsd50k,freesound_uploader_batchku,freesound_uploader_batchku,foreground_bank_train
fsd50k_object_drop_dishes_fdee1840,object_drop_dishes,fsd50k,freesound_uploader_JonathanJansen,freesound_uploader_JonathanJansen,foreground_bank_train
fsd50k_object_drop_dishes_fe52533e,object_drop_dishes,fsd50k,freesound_uploader_Adam_N,freesound_uploader_Adam_N,foreground_bank_train
fsd50k_object_drop_dishes_febf8e48,object_drop_dishes,fsd50k,freesound_uploader_volivieri,freesound_uploader_volivieri,foreground_bank_train
fsd50k_object_drop_dishes_fec0a978,object_drop_dishes,fsd50k,freesound_uploader_ryancacophony,freesound_uploader_ryancacophony,foreground_bank_train
fsd50k_object_drop_dishes_ff532ed3,object_drop_dishes,fsd50k,freesound_uploader_RutgerMuller,freesound_uploader_RutgerMuller,foreground_bank_train
fsd50k_object_drop_dishes_ffcbd944,object_drop_dishes,fsd50k,freesound_uploader_Jagadamba,freesound_uploader_Jagadamba,foreground_bank_train
esc50_running_footsteps_17ba4c24,running_footsteps,esc50,freesound_263491,freesound_263491,foreground_bank_train
esc50_running_footsteps_1842d2cc,running_footsteps,esc50,freesound_155858,freesound_155858,foreground_bank_train
esc50_running_footsteps_1c4aa8ef,running_footsteps,esc50,freesound_209472,freesound_209472,foreground_bank_train
esc50_running_footsteps_234358f7,running_footsteps,esc50,freesound_155858,freesound_155858,foreground_bank_train
esc50_running_footsteps_279e4b3e,running_footsteps,esc50,freesound_103599,freesound_103599,foreground_bank_train
esc50_running_footsteps_36766921,running_footsteps,esc50,freesound_209474,freesound_209474,foreground_bank_train
esc50_running_footsteps_3cc28773,running_footsteps,esc50,freesound_94344,freesound_94344,foreground_bank_train
esc50_running_footsteps_3d54fb53,running_footsteps,esc50,freesound_218304,freesound_218304,foreground_bank_train
esc50_running_footsteps_40ae1001,running_footsteps,esc50,freesound_263501,freesound_263501,foreground_bank_train
esc50_running_footsteps_4479d474,running_footsteps,esc50,freesound_243025,freesound_243025,foreground_bank_train
esc50_running_footsteps_47c7c305,running_footsteps,esc50,freesound_155858,freesound_155858,foreground_bank_train
esc50_running_footsteps_4a9fd033,running_footsteps,esc50,freesound_198962,freesound_198962,foreground_bank_train
esc50_running_footsteps_4d1fca32,running_footsteps,esc50,freesound_103597,freesound_103597,foreground_bank_train
esc50_running_footsteps_4e0e2251,running_footsteps,esc50,freesound_223162,freesound_223162,foreground_bank_train
esc50_running_footsteps_5939a63a,running_footsteps,esc50,freesound_209477,freesound_209477,foreground_bank_train
esc50_running_footsteps_5ca208aa,running_footsteps,esc50,freesound_209476,freesound_209476,foreground_bank_train
esc50_running_footsteps_622d1930,running_footsteps,esc50,freesound_198962,freesound_198962,foreground_bank_train
esc50_running_footsteps_69512e2e,running_footsteps,esc50,freesound_194981,freesound_194981,foreground_bank_train
esc50_running_footsteps_6ee260dd,running_footsteps,esc50,freesound_263490,freesound_263490,foreground_bank_train
esc50_running_footsteps_6f5c1eea,running_footsteps,esc50,freesound_244310,freesound_244310,foreground_bank_train
esc50_running_footsteps_70beb5f1,running_footsteps,esc50,freesound_117630,freesound_117630,foreground_bank_train
esc50_running_footsteps_778725b4,running_footsteps,esc50,freesound_51149,freesound_51149,foreground_bank_train
esc50_running_footsteps_7ba54c69,running_footsteps,esc50,freesound_209478,freesound_209478,foreground_bank_train
esc50_running_footsteps_7d07efd2,running_footsteps,esc50,freesound_103598,freesound_103598,foreground_bank_train
esc50_running_footsteps_975e559e,running_footsteps,esc50,freesound_94343,freesound_94343,foreground_bank_train
esc50_running_footsteps_9e831ab8,running_footsteps,esc50,freesound_209475,freesound_209475,foreground_bank_train
esc50_running_footsteps_a2fa1671,running_footsteps,esc50,freesound_218304,freesound_218304,foreground_bank_train
esc50_running_footsteps_a8eb9f3e,running_footsteps,esc50,freesound_249913,freesound_249913,foreground_bank_train
esc50_running_footsteps_aa5f1654,running_footsteps,esc50,freesound_94342,freesound_94342,foreground_bank_train
esc50_running_footsteps_b83813a8,running_footsteps,esc50,freesound_234263,freesound_234263,foreground_bank_train
esc50_running_footsteps_bee53dc6,running_footsteps,esc50,freesound_117627,freesound_117627,foreground_bank_train
esc50_running_footsteps_c5c88b84,running_footsteps,esc50,freesound_51147,freesound_51147,foreground_bank_train
esc50_running_footsteps_cb524320,running_footsteps,esc50,freesound_209471,freesound_209471,foreground_bank_train
esc50_running_footsteps_cb90f52c,running_footsteps,esc50,freesound_155858,freesound_155858,foreground_bank_train
esc50_running_footsteps_ced56c4d,running_footsteps,esc50,freesound_155858,freesound_155858,foreground_bank_train
esc50_running_footsteps_d1b33538,running_footsteps,esc50,freesound_234855,freesound_234855,foreground_bank_train
esc50_running_footsteps_d2b278e3,running_footsteps,esc50,freesound_209473,freesound_209473,foreground_bank_train
esc50_running_footsteps_ef46de92,running_footsteps,esc50,freesound_194979,freesound_194979,foreground_bank_train
esc50_running_footsteps_f20bcbe2,running_footsteps,esc50,freesound_155858,freesound_155858,foreground_bank_train
esc50_running_footsteps_fc6a08cb,running_footsteps,esc50,freesound_103599,freesound_103599,foreground_bank_train
fsd50k_running_footsteps_008c27f3,running_footsteps,fsd50k,freesound_uploader_sturmankin,freesound_uploader_sturmankin,foreground_bank_train
fsd50k_running_footsteps_01ef6562,running_footsteps,fsd50k,freesound_uploader_SpliceSound,freesound_uploader_SpliceSound,foreground_bank_train
fsd50k_running_footsteps_0260a643,running_footsteps,fsd50k,freesound_uploader_abel_jac_joao,freesound_uploader_abel_jac_joao,foreground_bank_train
fsd50k_running_footsteps_030575e6,running_footsteps,fsd50k,freesound_uploader_LG,freesound_uploader_LG,foreground_bank_train
fsd50k_running_footsteps_033df59c,running_footsteps,fsd50k,freesound_uploader_jcdecha,freesound_uploader_jcdecha,foreground_bank_train
fsd50k_running_footsteps_0504c2ce,running_footsteps,fsd50k,freesound_uploader_acclivity,freesound_uploader_acclivity,foreground_bank_train
fsd50k_running_footsteps_0529f325,running_footsteps,fsd50k,freesound_uploader_bevangoldswain,freesound_uploader_bevangoldswain,foreground_bank_train
fsd50k_running_footsteps_068b0ac3,running_footsteps,fsd50k,freesound_uploader_harleto,freesound_uploader_harleto,foreground_bank_train
fsd50k_running_footsteps_07236767,running_footsteps,fsd50k,freesound_uploader_Slave2theLight,freesound_uploader_Slave2theLight,foreground_bank_train
fsd50k_running_footsteps_0981a2ec,running_footsteps,fsd50k,freesound_uploader_sturmankin,freesound_uploader_sturmankin,foreground_bank_train
fsd50k_running_footsteps_0a45f538,running_footsteps,fsd50k,freesound_uploader_Taira Komori,freesound_uploader_Taira Komori,foreground_bank_train
fsd50k_running_footsteps_0bc8818a,running_footsteps,fsd50k,freesound_uploader_SpliceSound,freesound_uploader_SpliceSound,foreground_bank_train
fsd50k_running_footsteps_0c720d12,running_footsteps,fsd50k,freesound_uploader_Splushionsindasky,freesound_uploader_Splushionsindasky,foreground_bank_train
fsd50k_running_footsteps_0c7a272f,running_footsteps,fsd50k,freesound_uploader_Tomycatts,freesound_uploader_Tomycatts,foreground_bank_train
fsd50k_running_footsteps_0df47521,running_footsteps,fsd50k,freesound_uploader_FallujahQc,freesound_uploader_FallujahQc,foreground_bank_train
fsd50k_running_footsteps_0e630fd9,running_footsteps,fsd50k,freesound_uploader_sofi.om,freesound_uploader_sofi.om,foreground_bank_train
fsd50k_running_footsteps_0e6e4199,running_footsteps,fsd50k,freesound_uploader_Ryding,freesound_uploader_Ryding,foreground_bank_train
fsd50k_running_footsteps_0f5c28c7,running_footsteps,fsd50k,freesound_uploader_SAUL92,freesound_uploader_SAUL92,foreground_bank_train
fsd50k_running_footsteps_0faac5fa,running_footsteps,fsd50k,freesound_uploader_sjturia,freesound_uploader_sjturia,foreground_bank_train
fsd50k_running_footsteps_10d58734,running_footsteps,fsd50k,freesound_uploader_Juanma1008,freesound_uploader_Juanma1008,foreground_bank_train
fsd50k_running_footsteps_10f2f730,running_footsteps,fsd50k,freesound_uploader_Tdude9000,freesound_uploader_Tdude9000,foreground_bank_train
fsd50k_running_footsteps_10f8d016,running_footsteps,fsd50k,freesound_uploader_carrigsound,freesound_uploader_carrigsound,foreground_bank_train
fsd50k_running_footsteps_110a192f,running_footsteps,fsd50k,freesound_uploader_sturmankin,freesound_uploader_sturmankin,foreground_bank_train
fsd50k_running_footsteps_1117c52b,running_footsteps,fsd50k,freesound_uploader_sturmankin,freesound_uploader_sturmankin,foreground_bank_train
fsd50k_running_footsteps_126caa51,running_footsteps,fsd50k,freesound_uploader_aust_paul,freesound_uploader_aust_paul,foreground_bank_train
fsd50k_running_footsteps_129df256,running_footsteps,fsd50k,freesound_uploader_hgseidl,freesound_uploader_hgseidl,foreground_bank_train
fsd50k_running_footsteps_12fdb295,running_footsteps,fsd50k,freesound_uploader_CGEffex,freesound_uploader_CGEffex,foreground_bank_train
fsd50k_running_footsteps_14d438d2,running_footsteps,fsd50k,freesound_uploader_myrararara,freesound_uploader_myrararara,foreground_bank_train
fsd50k_running_footsteps_150fbdff,running_footsteps,fsd50k,freesound_uploader_LG,freesound_uploader_LG,foreground_bank_train
fsd50k_running_footsteps_15bba8d6,running_footsteps,fsd50k,freesound_uploader_SOUNDSCAPE_HUMFAK,freesound_uploader_SOUNDSCAPE_HUMFAK,foreground_bank_train
fsd50k_running_footsteps_1625d529,running_footsteps,fsd50k,freesound_uploader_FallujahQc,freesound_uploader_FallujahQc,foreground_bank_train
fsd50k_running_footsteps_17064929,running_footsteps,fsd50k,freesound_uploader_daboy291,freesound_uploader_daboy291,foreground_bank_train
fsd50k_running_footsteps_1875fc28,running_footsteps,fsd50k,freesound_uploader_sagetyrtle,freesound_uploader_sagetyrtle,foreground_bank_train
fsd50k_running_footsteps_18cbc8c0,running_footsteps,fsd50k,freesound_uploader_worthahep88,freesound_uploader_worthahep88,foreground_bank_train
fsd50k_running_footsteps_1acb1da3,running_footsteps,fsd50k,freesound_uploader_GiocoSound,freesound_uploader_GiocoSound,foreground_bank_train
fsd50k_running_footsteps_1bec4637,running_footsteps,fsd50k,freesound_uploader_sturmankin,freesound_uploader_sturmankin,foreground_bank_train
fsd50k_running_footsteps_1c0b12e1,running_footsteps,fsd50k,freesound_uploader_sturmankin,freesound_uploader_sturmankin,foreground_bank_train
fsd50k_running_footsteps_1ee7699c,running_footsteps,fsd50k,freesound_uploader_musicboy9000,freesound_uploader_musicboy9000,foreground_bank_train
fsd50k_running_footsteps_1f4e0ed3,running_footsteps,fsd50k,freesound_uploader_kingsrow,freesound_uploader_kingsrow,foreground_bank_train
fsd50k_running_footsteps_202b2f35,running_footsteps,fsd50k,freesound_uploader_TylerAM,freesound_uploader_TylerAM,foreground_bank_train
fsd50k_running_footsteps_20a01d03,running_footsteps,fsd50k,freesound_uploader_lewis100011,freesound_uploader_lewis100011,foreground_bank_train
fsd50k_running_footsteps_23cb23ca,running_footsteps,fsd50k,freesound_uploader_arnaud coutancier,freesound_uploader_arnaud coutancier,foreground_bank_train
fsd50k_running_footsteps_2429c120,running_footsteps,fsd50k,freesound_uploader_Robinhood76,freesound_uploader_Robinhood76,foreground_bank_train
fsd50k_running_footsteps_24357934,running_footsteps,fsd50k,freesound_uploader_abel_jac_joao,freesound_uploader_abel_jac_joao,foreground_bank_train
fsd50k_running_footsteps_243817f8,running_footsteps,fsd50k,freesound_uploader_OwlStorm,freesound_uploader_OwlStorm,foreground_bank_train
fsd50k_running_footsteps_24bcaf49,running_footsteps,fsd50k,freesound_uploader_sturmankin,freesound_uploader_sturmankin,foreground_bank_train
fsd50k_running_footsteps_24bdb454,running_footsteps,fsd50k,freesound_uploader_sturmankin,freesound_uploader_sturmankin,foreground_bank_train
fsd50k_running_footsteps_25f7987e,running_footsteps,fsd50k,freesound_uploader_theshuggie,freesound_uploader_theshuggie,foreground_bank_train
fsd50k_running_footsteps_2679cd41,running_footsteps,fsd50k,freesound_uploader_Otakua,freesound_uploader_Otakua,foreground_bank_train
fsd50k_running_footsteps_26e17e74,running_footsteps,fsd50k,freesound_uploader_Yuval,freesound_uploader_Yuval,foreground_bank_train
fsd50k_running_footsteps_274356a9,running_footsteps,fsd50k,freesound_uploader_sturmankin,freesound_uploader_sturmankin,foreground_bank_train
fsd50k_running_footsteps_274451fa,running_footsteps,fsd50k,freesound_uploader_laiaoreka,freesound_uploader_laiaoreka,foreground_bank_train
fsd50k_running_footsteps_2752b92a,running_footsteps,fsd50k,freesound_uploader_Tdude9000,freesound_uploader_Tdude9000,foreground_bank_train
fsd50k_running_footsteps_27c8637f,running_footsteps,fsd50k,freesound_uploader_mario81,freesound_uploader_mario81,foreground_bank_train
fsd50k_running_footsteps_27cfc502,running_footsteps,fsd50k,freesound_uploader_GiocoSound,freesound_uploader_GiocoSound,foreground_bank_train
fsd50k_running_footsteps_298ffd9b,running_footsteps,fsd50k,freesound_uploader_worthahep88,freesound_uploader_worthahep88,foreground_bank_train
fsd50k_running_footsteps_29e5cadc,running_footsteps,fsd50k,freesound_uploader_Caitlin_100,freesound_uploader_Caitlin_100,foreground_bank_train
fsd50k_running_footsteps_2a2ac855,running_footsteps,fsd50k,freesound_uploader_Fantozzi,freesound_uploader_Fantozzi,foreground_bank_train
fsd50k_running_footsteps_2a86bf66,running_footsteps,fsd50k,freesound_uploader_univ_lyon3,freesound_uploader_univ_lyon3,foreground_bank_train
fsd50k_running_footsteps_2cabf9de,running_footsteps,fsd50k,freesound_uploader_cmusounddesign,freesound_uploader_cmusounddesign,foreground_bank_train
fsd50k_running_footsteps_2ced7513,running_footsteps,fsd50k,freesound_uploader_Tomycatts,freesound_uploader_Tomycatts,foreground_bank_train
fsd50k_running_footsteps_2cfc697d,running_footsteps,fsd50k,freesound_uploader_mikaelfernstrom,freesound_uploader_mikaelfernstrom,foreground_bank_train
fsd50k_running_footsteps_2e24485b,running_footsteps,fsd50k,freesound_uploader_Slave2theLight,freesound_uploader_Slave2theLight,foreground_bank_train
fsd50k_running_footsteps_2e9b765b,running_footsteps,fsd50k,freesound_uploader_floating tree,freesound_uploader_floating tree,foreground_bank_train
fsd50k_running_footsteps_2fe1c6d2,running_footsteps,fsd50k,freesound_uploader_Samusasi,freesound_uploader_Samusasi,foreground_bank_train
fsd50k_running_footsteps_3006dde8,running_footsteps,fsd50k,freesound_uploader_SpliceSound,freesound_uploader_SpliceSound,foreground_bank_train
fsd50k_running_footsteps_309676b7,running_footsteps,fsd50k,freesound_uploader_JanIsAGuy,freesound_uploader_JanIsAGuy,foreground_bank_train
fsd50k_running_footsteps_30b41165,running_footsteps,fsd50k,freesound_uploader_felipelnv,freesound_uploader_felipelnv,foreground_bank_train
fsd50k_running_footsteps_310a5e30,running_footsteps,fsd50k,freesound_uploader_Fantozzi,freesound_uploader_Fantozzi,foreground_bank_train
fsd50k_running_footsteps_319984b8,running_footsteps,fsd50k,freesound_uploader_Robinhood76,freesound_uploader_Robinhood76,foreground_bank_train
fsd50k_running_footsteps_31cf9231,running_footsteps,fsd50k,freesound_uploader_LG,freesound_uploader_LG,foreground_bank_train
fsd50k_running_footsteps_3294dc4b,running_footsteps,fsd50k,freesound_uploader_simple machines,freesound_uploader_simple machines,foreground_bank_train
fsd50k_running_footsteps_3321aad4,running_footsteps,fsd50k,freesound_uploader_hgseidl,freesound_uploader_hgseidl,foreground_bank_train
fsd50k_running_footsteps_3469c922,running_footsteps,fsd50k,freesound_uploader_joaocardoso9,freesound_uploader_joaocardoso9,foreground_bank_train
fsd50k_running_footsteps_3550137a,running_footsteps,fsd50k,freesound_uploader_pfranzen,freesound_uploader_pfranzen,foreground_bank_train
fsd50k_running_footsteps_35d2d6ab,running_footsteps,fsd50k,freesound_uploader_sturmankin,freesound_uploader_sturmankin,foreground_bank_train
fsd50k_running_footsteps_35e5d48b,running_footsteps,fsd50k,freesound_uploader_Slave2theLight,freesound_uploader_Slave2theLight,foreground_bank_train
fsd50k_running_footsteps_36867646,running_footsteps,fsd50k,freesound_uploader_MaxBjorverud,freesound_uploader_MaxBjorverud,foreground_bank_train
fsd50k_running_footsteps_36f2258b,running_footsteps,fsd50k,freesound_uploader_taure,freesound_uploader_taure,foreground_bank_train
fsd50k_running_footsteps_380a58da,running_footsteps,fsd50k,freesound_uploader_IPaddeh,freesound_uploader_IPaddeh,foreground_bank_train
fsd50k_running_footsteps_385b4b80,running_footsteps,fsd50k,freesound_uploader_sturmankin,freesound_uploader_sturmankin,foreground_bank_train
fsd50k_running_footsteps_3a247218,running_footsteps,fsd50k,freesound_uploader_sturmankin,freesound_uploader_sturmankin,foreground_bank_train
fsd50k_running_footsteps_3b7eea92,running_footsteps,fsd50k,freesound_uploader_KieranKeegan,freesound_uploader_KieranKeegan,foreground_bank_train
fsd50k_running_footsteps_3b95adde,running_footsteps,fsd50k,freesound_uploader_sturmankin,freesound_uploader_sturmankin,foreground_bank_train
fsd50k_running_footsteps_3ca2d580,running_footsteps,fsd50k,freesound_uploader_Halleck,freesound_uploader_Halleck,foreground_bank_train
fsd50k_running_footsteps_3ce3d3ee,running_footsteps,fsd50k,freesound_uploader_sturmankin,freesound_uploader_sturmankin,foreground_bank_train
fsd50k_running_footsteps_3e505977,running_footsteps,fsd50k,freesound_uploader_lwdickens,freesound_uploader_lwdickens,foreground_bank_train
fsd50k_running_footsteps_3efafc48,running_footsteps,fsd50k,freesound_uploader_sturmankin,freesound_uploader_sturmankin,foreground_bank_train
fsd50k_running_footsteps_40e4a6b0,running_footsteps,fsd50k,freesound_uploader_tlcolbe,freesound_uploader_tlcolbe,foreground_bank_train
fsd50k_running_footsteps_41c3417a,running_footsteps,fsd50k,freesound_uploader_RutgerMuller,freesound_uploader_RutgerMuller,foreground_bank_train
fsd50k_running_footsteps_42b65df4,running_footsteps,fsd50k,freesound_uploader_smokingsound,freesound_uploader_smokingsound,foreground_bank_train
fsd50k_running_footsteps_4717b6fa,running_footsteps,fsd50k,freesound_uploader_Mochni,freesound_uploader_Mochni,foreground_bank_train
fsd50k_running_footsteps_48b74edc,running_footsteps,fsd50k,freesound_uploader_theshuggie,freesound_uploader_theshuggie,foreground_bank_train
fsd50k_running_footsteps_48ecb1dd,running_footsteps,fsd50k,freesound_uploader_Fantozzi,freesound_uploader_Fantozzi,foreground_bank_train
fsd50k_running_footsteps_4a714abb,running_footsteps,fsd50k,freesound_uploader_Robinhood76,freesound_uploader_Robinhood76,foreground_bank_train
fsd50k_running_footsteps_4aa01975,running_footsteps,fsd50k,freesound_uploader_sturmankin,freesound_uploader_sturmankin,foreground_bank_train
fsd50k_running_footsteps_4b286d2f,running_footsteps,fsd50k,freesound_uploader_NLM,freesound_uploader_NLM,foreground_bank_train
fsd50k_running_footsteps_4b6297f3,running_footsteps,fsd50k,freesound_uploader_pfranzen,freesound_uploader_pfranzen,foreground_bank_train
fsd50k_running_footsteps_4c1452a2,running_footsteps,fsd50k,freesound_uploader_nurinusde,freesound_uploader_nurinusde,foreground_bank_train
fsd50k_running_footsteps_4dff06ce,running_footsteps,fsd50k,freesound_uploader_scriotxstudios,freesound_uploader_scriotxstudios,foreground_bank_train
fsd50k_running_footsteps_4e7e301c,running_footsteps,fsd50k,freesound_uploader_singingmonk02,freesound_uploader_singingmonk02,foreground_bank_train
fsd50k_running_footsteps_4eb95d6f,running_footsteps,fsd50k,freesound_uploader_singingmonk02,freesound_uploader_singingmonk02,foreground_bank_train
fsd50k_running_footsteps_4eebb8d8,running_footsteps,fsd50k,freesound_uploader_banjoboy,freesound_uploader_banjoboy,foreground_bank_train
fsd50k_running_footsteps_506793d0,running_footsteps,fsd50k,freesound_uploader_vialluri,freesound_uploader_vialluri,foreground_bank_train
fsd50k_running_footsteps_51d2f61c,running_footsteps,fsd50k,freesound_uploader_carrigsound,freesound_uploader_carrigsound,foreground_bank_train
fsd50k_running_footsteps_53e27c8f,running_footsteps,fsd50k,freesound_uploader_Ephisus,freesound_uploader_Ephisus,foreground_bank_train
fsd50k_running_footsteps_545a5492,running_footsteps,fsd50k,freesound_uploader_Jagadamba,freesound_uploader_Jagadamba,foreground_bank_train
fsd50k_running_footsteps_54d92e3f,running_footsteps,fsd50k,freesound_uploader_sturmankin,freesound_uploader_sturmankin,foreground_bank_train
fsd50k_running_footsteps_55e4d173,running_footsteps,fsd50k,freesound_uploader_ConnorM94,freesound_uploader_ConnorM94,foreground_bank_train
fsd50k_running_footsteps_56817887,running_footsteps,fsd50k,freesound_uploader_sturmankin,freesound_uploader_sturmankin,foreground_bank_train
fsd50k_running_footsteps_56b3a467,running_footsteps,fsd50k,freesound_uploader_Fantozzi,freesound_uploader_Fantozzi,foreground_bank_train
fsd50k_running_footsteps_58de0744,running_footsteps,fsd50k,freesound_uploader_crcavol,freesound_uploader_crcavol,foreground_bank_train
fsd50k_running_footsteps_5bc0ff24,running_footsteps,fsd50k,freesound_uploader_SpliceSound,freesound_uploader_SpliceSound,foreground_bank_train
fsd50k_running_footsteps_5ddd0421,running_footsteps,fsd50k,freesound_uploader_sturmankin,freesound_uploader_sturmankin,foreground_bank_train
fsd50k_running_footsteps_62234c92,running_footsteps,fsd50k,freesound_uploader_sturmankin,freesound_uploader_sturmankin,foreground_bank_train
fsd50k_running_footsteps_636d959b,running_footsteps,fsd50k,freesound_uploader_soaper,freesound_uploader_soaper,foreground_bank_train
fsd50k_running_footsteps_642b068d,running_footsteps,fsd50k,freesound_uploader_mikaelfernstrom,freesound_uploader_mikaelfernstrom,foreground_bank_train
fsd50k_running_footsteps_64897172,running_footsteps,fsd50k,freesound_uploader_D W,freesound_uploader_D W,foreground_bank_train
fsd50k_running_footsteps_6565fac7,running_footsteps,fsd50k,freesound_uploader_carrigsound,freesound_uploader_carrigsound,foreground_bank_train
fsd50k_running_footsteps_6605e88b,running_footsteps,fsd50k,freesound_uploader_SpliceSound,freesound_uploader_SpliceSound,foreground_bank_train
fsd50k_running_footsteps_66b829d5,running_footsteps,fsd50k,freesound_uploader_mikaelfernstrom,freesound_uploader_mikaelfernstrom,foreground_bank_train
fsd50k_running_footsteps_6830601b,running_footsteps,fsd50k,freesound_uploader_Augdog,freesound_uploader_Augdog,foreground_bank_train
fsd50k_running_footsteps_690947f0,running_footsteps,fsd50k,freesound_uploader_Otakua,freesound_uploader_Otakua,foreground_bank_train
fsd50k_running_footsteps_69322286,running_footsteps,fsd50k,freesound_uploader_Taira Komori,freesound_uploader_Taira Komori,foreground_bank_train
fsd50k_running_footsteps_69fb322a,running_footsteps,fsd50k,freesound_uploader_14G_Panska_Hoskovcova_Eliska,freesound_uploader_14G_Panska_Hoskovcova_Eliska,foreground_bank_train
fsd50k_running_footsteps_6ab21ff3,running_footsteps,fsd50k,freesound_uploader_Caitlin_100,freesound_uploader_Caitlin_100,foreground_bank_train
fsd50k_running_footsteps_6b383721,running_footsteps,fsd50k,freesound_uploader_D W,freesound_uploader_D W,foreground_bank_train
fsd50k_running_footsteps_6d390962,running_footsteps,fsd50k,freesound_uploader_sturmankin,freesound_uploader_sturmankin,foreground_bank_train
fsd50k_running_footsteps_6d6adfd3,running_footsteps,fsd50k,freesound_uploader_campl,freesound_uploader_campl,foreground_bank_train
fsd50k_running_footsteps_6ea23da5,running_footsteps,fsd50k,freesound_uploader_monte32,freesound_uploader_monte32,foreground_bank_train
fsd50k_running_footsteps_6f6ef734,running_footsteps,fsd50k,freesound_uploader_bloodymilk,freesound_uploader_bloodymilk,foreground_bank_train
fsd50k_running_footsteps_6fb6140a,running_footsteps,fsd50k,freesound_uploader_sturmankin,freesound_uploader_sturmankin,foreground_bank_train
fsd50k_running_footsteps_712a7fd4,running_footsteps,fsd50k,freesound_uploader_Samusasi,freesound_uploader_Samusasi,foreground_bank_train
fsd50k_running_footsteps_7282d2ed,running_footsteps,fsd50k,freesound_uploader_Tdude9000,freesound_uploader_Tdude9000,foreground_bank_train
fsd50k_running_footsteps_73758081,running_footsteps,fsd50k,freesound_uploader_daboy291,freesound_uploader_daboy291,foreground_bank_train
fsd50k_running_footsteps_74626b41,running_footsteps,fsd50k,freesound_uploader_sturmankin,freesound_uploader_sturmankin,foreground_bank_train
fsd50k_running_footsteps_74b8f859,running_footsteps,fsd50k,freesound_uploader_13F_Panska_Petruzelova_Anna,freesound_uploader_13F_Panska_Petruzelova_Anna,foreground_bank_train
fsd50k_running_footsteps_76276532,running_footsteps,fsd50k,freesound_uploader_Yoyodaman234,freesound_uploader_Yoyodaman234,foreground_bank_train
fsd50k_running_footsteps_76aa0c97,running_footsteps,fsd50k,freesound_uploader_AlexMurphy53,freesound_uploader_AlexMurphy53,foreground_bank_train
fsd50k_running_footsteps_77af837a,running_footsteps,fsd50k,freesound_uploader_Fantozzi,freesound_uploader_Fantozzi,foreground_bank_train
fsd50k_running_footsteps_7b0475dd,running_footsteps,fsd50k,freesound_uploader_vacuumfan7072,freesound_uploader_vacuumfan7072,foreground_bank_train
fsd50k_running_footsteps_7bc50a58,running_footsteps,fsd50k,freesound_uploader_Rudmer_Rotteveel,freesound_uploader_Rudmer_Rotteveel,foreground_bank_train
fsd50k_running_footsteps_7ed247df,running_footsteps,fsd50k,freesound_uploader_anemicrose,freesound_uploader_anemicrose,foreground_bank_train
fsd50k_running_footsteps_7eebc19c,running_footsteps,fsd50k,freesound_uploader_jamesrodavidson,freesound_uploader_jamesrodavidson,foreground_bank_train
fsd50k_running_footsteps_7f297167,running_footsteps,fsd50k,freesound_uploader_n_audioman,freesound_uploader_n_audioman,foreground_bank_train
fsd50k_running_footsteps_80ace452,running_footsteps,fsd50k,freesound_uploader_sturmankin,freesound_uploader_sturmankin,foreground_bank_train
fsd50k_running_footsteps_80b04e1b,running_footsteps,fsd50k,freesound_uploader_LG,freesound_uploader_LG,foreground_bank_train
fsd50k_running_footsteps_81d08f7b,running_footsteps,fsd50k,freesound_uploader_Robinhood76,freesound_uploader_Robinhood76,foreground_bank_train
fsd50k_running_footsteps_82054a2e,running_footsteps,fsd50k,freesound_uploader_Jake Williams,freesound_uploader_Jake Williams,foreground_bank_train
fsd50k_running_footsteps_82a0b65d,running_footsteps,fsd50k,freesound_uploader_sinatra314,freesound_uploader_sinatra314,foreground_bank_train
fsd50k_running_footsteps_84a3a35a,running_footsteps,fsd50k,freesound_uploader_OwlStorm,freesound_uploader_OwlStorm,foreground_bank_train
fsd50k_running_footsteps_84e40bf9,running_footsteps,fsd50k,freesound_uploader_LukasEG98,freesound_uploader_LukasEG98,foreground_bank_train
fsd50k_running_footsteps_84ef2584,running_footsteps,fsd50k,freesound_uploader_arnaud coutancier,freesound_uploader_arnaud coutancier,foreground_bank_train
fsd50k_running_footsteps_8526da74,running_footsteps,fsd50k,freesound_uploader_ThemaggotR,freesound_uploader_ThemaggotR,foreground_bank_train
fsd50k_running_footsteps_8724333f,running_footsteps,fsd50k,freesound_uploader_weizjeidy,freesound_uploader_weizjeidy,foreground_bank_train
fsd50k_running_footsteps_8ab8c6f8,running_footsteps,fsd50k,freesound_uploader_Ryding,freesound_uploader_Ryding,foreground_bank_train
fsd50k_running_footsteps_8cebeea6,running_footsteps,fsd50k,freesound_uploader_13FPanska_Stranska_Michaela,freesound_uploader_13FPanska_Stranska_Michaela,foreground_bank_train
fsd50k_running_footsteps_8d5de212,running_footsteps,fsd50k,freesound_uploader_MarcMatthewsMusic,freesound_uploader_MarcMatthewsMusic,foreground_bank_train
fsd50k_running_footsteps_8dc5ce9c,running_footsteps,fsd50k,freesound_uploader_jrssandoval,freesound_uploader_jrssandoval,foreground_bank_train
fsd50k_running_footsteps_8e23c551,running_footsteps,fsd50k,freesound_uploader_Razzvio,freesound_uploader_Razzvio,foreground_bank_train
fsd50k_running_footsteps_8fdb0dc4,running_footsteps,fsd50k,freesound_uploader_Fantozzi,freesound_uploader_Fantozzi,foreground_bank_train
fsd50k_running_footsteps_908c6e87,running_footsteps,fsd50k,freesound_uploader_TylerAM,freesound_uploader_TylerAM,foreground_bank_train
fsd50k_running_footsteps_91f48a48,running_footsteps,fsd50k,freesound_uploader_OwlStorm,freesound_uploader_OwlStorm,foreground_bank_train
fsd50k_running_footsteps_93582c0a,running_footsteps,fsd50k,freesound_uploader_Fantozzi,freesound_uploader_Fantozzi,foreground_bank_train
fsd50k_running_footsteps_946c9244,running_footsteps,fsd50k,freesound_uploader_cmusounddesign,freesound_uploader_cmusounddesign,foreground_bank_train
fsd50k_running_footsteps_95cb7a68,running_footsteps,fsd50k,freesound_uploader_XiiiSamples,freesound_uploader_XiiiSamples,foreground_bank_train
fsd50k_running_footsteps_96641969,running_footsteps,fsd50k,freesound_uploader_sturmankin,freesound_uploader_sturmankin,foreground_bank_train
fsd50k_running_footsteps_967e882e,running_footsteps,fsd50k,freesound_uploader_floating tree,freesound_uploader_floating tree,foreground_bank_train
fsd50k_running_footsteps_97f4fc9a,running_footsteps,fsd50k,freesound_uploader_SpliceSound,freesound_uploader_SpliceSound,foreground_bank_train
fsd50k_running_footsteps_987ed01a,running_footsteps,fsd50k,freesound_uploader_conradts,freesound_uploader_conradts,foreground_bank_train
fsd50k_running_footsteps_9894f961,running_footsteps,fsd50k,freesound_uploader_Ryding,freesound_uploader_Ryding,foreground_bank_train
fsd50k_running_footsteps_98bd7eb6,running_footsteps,fsd50k,freesound_uploader_qubodup,freesound_uploader_qubodup,foreground_bank_train
fsd50k_running_footsteps_990a2700,running_footsteps,fsd50k,freesound_uploader_Juandamb,freesound_uploader_Juandamb,foreground_bank_train
fsd50k_running_footsteps_998c1bdf,running_footsteps,fsd50k,freesound_uploader_sturmankin,freesound_uploader_sturmankin,foreground_bank_train
fsd50k_running_footsteps_9acca921,running_footsteps,fsd50k,freesound_uploader_ftpalad,freesound_uploader_ftpalad,foreground_bank_train
fsd50k_running_footsteps_9ae5ecc1,running_footsteps,fsd50k,freesound_uploader_Otakua,freesound_uploader_Otakua,foreground_bank_train
fsd50k_running_footsteps_9b1e9112,running_footsteps,fsd50k,freesound_uploader_Ryding,freesound_uploader_Ryding,foreground_bank_train
fsd50k_running_footsteps_9d6e24cc,running_footsteps,fsd50k,freesound_uploader_scriotxstudios,freesound_uploader_scriotxstudios,foreground_bank_train
fsd50k_running_footsteps_9e6ec3ae,running_footsteps,fsd50k,freesound_uploader_carrigsound,freesound_uploader_carrigsound,foreground_bank_train
fsd50k_running_footsteps_9eedbc70,running_footsteps,fsd50k,freesound_uploader_GiocoSound,freesound_uploader_GiocoSound,foreground_bank_train
fsd50k_running_footsteps_9ef84e2f,running_footsteps,fsd50k,freesound_uploader_sturmankin,freesound_uploader_sturmankin,foreground_bank_train
fsd50k_running_footsteps_9f5383d9,running_footsteps,fsd50k,freesound_uploader_malle015,freesound_uploader_malle015,foreground_bank_train
fsd50k_running_footsteps_a10c4d7d,running_footsteps,fsd50k,freesound_uploader_scriotxstudios,freesound_uploader_scriotxstudios,foreground_bank_train
fsd50k_running_footsteps_a113be20,running_footsteps,fsd50k,freesound_uploader_kingsrow,freesound_uploader_kingsrow,foreground_bank_train
fsd50k_running_footsteps_a4c0a6a4,running_footsteps,fsd50k,freesound_uploader_sturmankin,freesound_uploader_sturmankin,foreground_bank_train
fsd50k_running_footsteps_a4edbd3e,running_footsteps,fsd50k,freesound_uploader_RutgerMuller,freesound_uploader_RutgerMuller,foreground_bank_train
fsd50k_running_footsteps_a8c06d06,running_footsteps,fsd50k,freesound_uploader_sturmankin,freesound_uploader_sturmankin,foreground_bank_train
fsd50k_running_footsteps_aa513ee7,running_footsteps,fsd50k,freesound_uploader_carolinaGG,freesound_uploader_carolinaGG,foreground_bank_train
fsd50k_running_footsteps_aa7e9991,running_footsteps,fsd50k,freesound_uploader_sturmankin,freesound_uploader_sturmankin,foreground_bank_train
fsd50k_running_footsteps_aa8e3a2d,running_footsteps,fsd50k,freesound_uploader_SpliceSound,freesound_uploader_SpliceSound,foreground_bank_train
fsd50k_running_footsteps_aba49a35,running_footsteps,fsd50k,freesound_uploader_n_audioman,freesound_uploader_n_audioman,foreground_bank_train
fsd50k_running_footsteps_ad327944,running_footsteps,fsd50k,freesound_uploader_tlcolbe,freesound_uploader_tlcolbe,foreground_bank_train
fsd50k_running_footsteps_aefa4462,running_footsteps,fsd50k,freesound_uploader_carolinaGG,freesound_uploader_carolinaGG,foreground_bank_train
fsd50k_running_footsteps_af09fb45,running_footsteps,fsd50k,freesound_uploader_Tdude9000,freesound_uploader_Tdude9000,foreground_bank_train
fsd50k_running_footsteps_b033eae6,running_footsteps,fsd50k,freesound_uploader_univ_lyon3,freesound_uploader_univ_lyon3,foreground_bank_train
fsd50k_running_footsteps_b0ef1dd3,running_footsteps,fsd50k,freesound_uploader_SpliceSound,freesound_uploader_SpliceSound,foreground_bank_train
fsd50k_running_footsteps_b5154963,running_footsteps,fsd50k,freesound_uploader_SpliceSound,freesound_uploader_SpliceSound,foreground_bank_train
fsd50k_running_footsteps_b55fe101,running_footsteps,fsd50k,freesound_uploader_monte32,freesound_uploader_monte32,foreground_bank_train
fsd50k_running_footsteps_b61f2336,running_footsteps,fsd50k,freesound_uploader_skiphunt,freesound_uploader_skiphunt,foreground_bank_train
fsd50k_running_footsteps_b6360750,running_footsteps,fsd50k,freesound_uploader_Tomycatts,freesound_uploader_Tomycatts,foreground_bank_train
fsd50k_running_footsteps_b8f7b47a,running_footsteps,fsd50k,freesound_uploader_mariiao2,freesound_uploader_mariiao2,foreground_bank_train
fsd50k_running_footsteps_bae01daf,running_footsteps,fsd50k,freesound_uploader_VKProduktion,freesound_uploader_VKProduktion,foreground_bank_train
fsd50k_running_footsteps_bb7418e4,running_footsteps,fsd50k,freesound_uploader_Taira Komori,freesound_uploader_Taira Komori,foreground_bank_train
fsd50k_running_footsteps_bc2ad584,running_footsteps,fsd50k,freesound_uploader_OwlStorm,freesound_uploader_OwlStorm,foreground_bank_train
fsd50k_running_footsteps_bd6f0ba8,running_footsteps,fsd50k,freesound_uploader_sonsdebarcelona,freesound_uploader_sonsdebarcelona,foreground_bank_train
fsd50k_running_footsteps_bdd9a337,running_footsteps,fsd50k,freesound_uploader_jop9798,freesound_uploader_jop9798,foreground_bank_train
fsd50k_running_footsteps_bec13f50,running_footsteps,fsd50k,freesound_uploader_dkiller2204,freesound_uploader_dkiller2204,foreground_bank_train
fsd50k_running_footsteps_bf53ae3c,running_footsteps,fsd50k,freesound_uploader_timothy_neville,freesound_uploader_timothy_neville,foreground_bank_train
fsd50k_running_footsteps_c18a94f8,running_footsteps,fsd50k,freesound_uploader_Jagadamba,freesound_uploader_Jagadamba,foreground_bank_train
fsd50k_running_footsteps_c2535a3e,running_footsteps,fsd50k,freesound_uploader_MAJ061785,freesound_uploader_MAJ061785,foreground_bank_train
fsd50k_running_footsteps_c282d7e6,running_footsteps,fsd50k,freesound_uploader_Bini_trns,freesound_uploader_Bini_trns,foreground_bank_train
fsd50k_running_footsteps_c2e776dd,running_footsteps,fsd50k,freesound_uploader_Taira Komori,freesound_uploader_Taira Komori,foreground_bank_train
fsd50k_running_footsteps_c34677de,running_footsteps,fsd50k,freesound_uploader_tigersound,freesound_uploader_tigersound,foreground_bank_train
fsd50k_running_footsteps_c9ad9c1d,running_footsteps,fsd50k,freesound_uploader_DJPhizz,freesound_uploader_DJPhizz,foreground_bank_train
fsd50k_running_footsteps_cb63b7ce,running_footsteps,fsd50k,freesound_uploader_Tdude9000,freesound_uploader_Tdude9000,foreground_bank_train
fsd50k_running_footsteps_cbbe8f53,running_footsteps,fsd50k,freesound_uploader_Robinhood76,freesound_uploader_Robinhood76,foreground_bank_train
fsd50k_running_footsteps_ccfaa94c,running_footsteps,fsd50k,freesound_uploader_laiaoreka,freesound_uploader_laiaoreka,foreground_bank_train
fsd50k_running_footsteps_ce8ee37d,running_footsteps,fsd50k,freesound_uploader_floating tree,freesound_uploader_floating tree,foreground_bank_train
fsd50k_running_footsteps_cf4a96d5,running_footsteps,fsd50k,freesound_uploader_Legato87,freesound_uploader_Legato87,foreground_bank_train
fsd50k_running_footsteps_d09da741,running_footsteps,fsd50k,freesound_uploader_mistorcaveman,freesound_uploader_mistorcaveman,foreground_bank_train
fsd50k_running_footsteps_d0f1b47f,running_footsteps,fsd50k,freesound_uploader_Provan9,freesound_uploader_Provan9,foreground_bank_train
fsd50k_running_footsteps_d1c2867b,running_footsteps,fsd50k,freesound_uploader_anez,freesound_uploader_anez,foreground_bank_train
fsd50k_running_footsteps_d27e6858,running_footsteps,fsd50k,freesound_uploader_floating tree,freesound_uploader_floating tree,foreground_bank_train
fsd50k_running_footsteps_d4eed330,running_footsteps,fsd50k,freesound_uploader_univ_lyon3,freesound_uploader_univ_lyon3,foreground_bank_train
fsd50k_running_footsteps_d538aeea,running_footsteps,fsd50k,freesound_uploader_punpcklbw,freesound_uploader_punpcklbw,foreground_bank_train
fsd50k_running_footsteps_d589ac89,running_footsteps,fsd50k,freesound_uploader_Duv22,freesound_uploader_Duv22,foreground_bank_train
fsd50k_running_footsteps_d63c0955,running_footsteps,fsd50k,freesound_uploader_cmusounddesign,freesound_uploader_cmusounddesign,foreground_bank_train
fsd50k_running_footsteps_d6ff296e,running_footsteps,fsd50k,freesound_uploader_SpliceSound,freesound_uploader_SpliceSound,foreground_bank_train
fsd50k_running_footsteps_d823ee7b,running_footsteps,fsd50k,freesound_uploader_ninino,freesound_uploader_ninino,foreground_bank_train
fsd50k_running_footsteps_da1aafc7,running_footsteps,fsd50k,freesound_uploader_sturmankin,freesound_uploader_sturmankin,foreground_bank_train
fsd50k_running_footsteps_dba1636a,running_footsteps,fsd50k,freesound_uploader_Taira Komori,freesound_uploader_Taira Komori,foreground_bank_train
fsd50k_running_footsteps_dc4a6814,running_footsteps,fsd50k,freesound_uploader_sturmankin,freesound_uploader_sturmankin,foreground_bank_train
fsd50k_running_footsteps_dd48a784,running_footsteps,fsd50k,freesound_uploader_SpliceSound,freesound_uploader_SpliceSound,foreground_bank_train
fsd50k_running_footsteps_ddf5176e,running_footsteps,fsd50k,freesound_uploader_kingsrow,freesound_uploader_kingsrow,foreground_bank_train
fsd50k_running_footsteps_e041978b,running_footsteps,fsd50k,freesound_uploader_scriotxstudios,freesound_uploader_scriotxstudios,foreground_bank_train
fsd50k_running_footsteps_e0de2408,running_footsteps,fsd50k,freesound_uploader_sturmankin,freesound_uploader_sturmankin,foreground_bank_train
fsd50k_running_footsteps_e105db6b,running_footsteps,fsd50k,freesound_uploader_Taira Komori,freesound_uploader_Taira Komori,foreground_bank_train
fsd50k_running_footsteps_e2283ec3,running_footsteps,fsd50k,freesound_uploader_sofi.om,freesound_uploader_sofi.om,foreground_bank_train
fsd50k_running_footsteps_e2365ca5,running_footsteps,fsd50k,freesound_uploader_Taira Komori,freesound_uploader_Taira Komori,foreground_bank_train
fsd50k_running_footsteps_e2ec6488,running_footsteps,fsd50k,freesound_uploader_pfranzen,freesound_uploader_pfranzen,foreground_bank_train
fsd50k_running_footsteps_e3011ef4,running_footsteps,fsd50k,freesound_uploader_thecityrings,freesound_uploader_thecityrings,foreground_bank_train
fsd50k_running_footsteps_e3147b06,running_footsteps,fsd50k,freesound_uploader_cmusounddesign,freesound_uploader_cmusounddesign,foreground_bank_train
fsd50k_running_footsteps_e3a1d988,running_footsteps,fsd50k,freesound_uploader_Ryding,freesound_uploader_Ryding,foreground_bank_train
fsd50k_running_footsteps_e4d54cd5,running_footsteps,fsd50k,freesound_uploader_LukasEG98,freesound_uploader_LukasEG98,foreground_bank_train
fsd50k_running_footsteps_e52ce8a4,running_footsteps,fsd50k,freesound_uploader_tjandrasounds,freesound_uploader_tjandrasounds,foreground_bank_train
fsd50k_running_footsteps_e542f128,running_footsteps,fsd50k,freesound_uploader_bevangoldswain,freesound_uploader_bevangoldswain,foreground_bank_train
fsd50k_running_footsteps_e7fc6b51,running_footsteps,fsd50k,freesound_uploader_jspath1,freesound_uploader_jspath1,foreground_bank_train
fsd50k_running_footsteps_e99f99c7,running_footsteps,fsd50k,freesound_uploader_phenoxy,freesound_uploader_phenoxy,foreground_bank_train
fsd50k_running_footsteps_ea1d0a27,running_footsteps,fsd50k,freesound_uploader_D W,freesound_uploader_D W,foreground_bank_train
fsd50k_running_footsteps_eb4ce6b9,running_footsteps,fsd50k,freesound_uploader_kingof_thelab,freesound_uploader_kingof_thelab,foreground_bank_train
fsd50k_running_footsteps_ede56873,running_footsteps,fsd50k,freesound_uploader_esperri,freesound_uploader_esperri,foreground_bank_train
fsd50k_running_footsteps_ef13da66,running_footsteps,fsd50k,freesound_uploader_OwlStorm,freesound_uploader_OwlStorm,foreground_bank_train
fsd50k_running_footsteps_ef37ae25,running_footsteps,fsd50k,freesound_uploader_univ_lyon3,freesound_uploader_univ_lyon3,foreground_bank_train
fsd50k_running_footsteps_efa4042f,running_footsteps,fsd50k,freesound_uploader_ETM654,freesound_uploader_ETM654,foreground_bank_train
fsd50k_running_footsteps_f10b8cba,running_footsteps,fsd50k,freesound_uploader_mariiao2,freesound_uploader_mariiao2,foreground_bank_train
fsd50k_running_footsteps_f25db981,running_footsteps,fsd50k,freesound_uploader_n_audioman,freesound_uploader_n_audioman,foreground_bank_train
fsd50k_running_footsteps_f25ea270,running_footsteps,fsd50k,freesound_uploader_Ryding,freesound_uploader_Ryding,foreground_bank_train
fsd50k_running_footsteps_f262b5d3,running_footsteps,fsd50k,freesound_uploader_Jagadamba,freesound_uploader_Jagadamba,foreground_bank_train
fsd50k_running_footsteps_f427b970,running_footsteps,fsd50k,freesound_uploader_bevangoldswain,freesound_uploader_bevangoldswain,foreground_bank_train
fsd50k_running_footsteps_f4530eb3,running_footsteps,fsd50k,freesound_uploader_daboy291,freesound_uploader_daboy291,foreground_bank_train
fsd50k_running_footsteps_f66cf8fd,running_footsteps,fsd50k,freesound_uploader_phenoxy,freesound_uploader_phenoxy,foreground_bank_train
fsd50k_running_footsteps_f708424b,running_footsteps,fsd50k,freesound_uploader_Anthousai,freesound_uploader_Anthousai,foreground_bank_train
fsd50k_running_footsteps_f7559ad3,running_footsteps,fsd50k,freesound_uploader_LG,freesound_uploader_LG,foreground_bank_train
fsd50k_running_footsteps_f7b2b1b8,running_footsteps,fsd50k,freesound_uploader_mikaelfernstrom,freesound_uploader_mikaelfernstrom,foreground_bank_train
fsd50k_running_footsteps_f7cc0459,running_footsteps,fsd50k,freesound_uploader_magnus589,freesound_uploader_magnus589,foreground_bank_train
fsd50k_running_footsteps_f8b83b64,running_footsteps,fsd50k,freesound_uploader_Taira Komori,freesound_uploader_Taira Komori,foreground_bank_train
fsd50k_running_footsteps_fadce097,running_footsteps,fsd50k,freesound_uploader_LukasEG98,freesound_uploader_LukasEG98,foreground_bank_train
fsd50k_running_footsteps_fb34aed9,running_footsteps,fsd50k,freesound_uploader_monte32,freesound_uploader_monte32,foreground_bank_train
fsd50k_running_footsteps_fb4a0831,running_footsteps,fsd50k,freesound_uploader_Anthousai,freesound_uploader_Anthousai,foreground_bank_train
fsd50k_running_footsteps_fdc47fc7,running_footsteps,fsd50k,freesound_uploader_LG,freesound_uploader_LG,foreground_bank_train
fsd50k_running_footsteps_ff0d22fa,running_footsteps,fsd50k,freesound_uploader_sturmankin,freesound_uploader_sturmankin,foreground_bank_train
fsd50k_scream_0443730d,scream,fsd50k,freesound_uploader_nicktermer,freesound_uploader_nicktermer,foreground_bank_train
fsd50k_scream_05e8a06c,scream,fsd50k,freesound_uploader_thanvannispen,freesound_uploader_thanvannispen,foreground_bank_train
fsd50k_scream_06a09ea3,scream,fsd50k,freesound_uploader_Reitanna,freesound_uploader_Reitanna,foreground_bank_train
fsd50k_scream_072db6ef,scream,fsd50k,freesound_uploader_thanvannispen,freesound_uploader_thanvannispen,foreground_bank_train
fsd50k_scream_0a0538e8,scream,fsd50k,freesound_uploader_Hoerspielwerkstatt_HEF,freesound_uploader_Hoerspielwerkstatt_HEF,foreground_bank_train
fsd50k_scream_0a489ccb,scream,fsd50k,freesound_uploader_Reitanna,freesound_uploader_Reitanna,foreground_bank_train
fsd50k_scream_0daa37c4,scream,fsd50k,freesound_uploader_adriancalzon,freesound_uploader_adriancalzon,foreground_bank_train
fsd50k_scream_1074504b,scream,fsd50k,freesound_uploader_Greencouch,freesound_uploader_Greencouch,foreground_bank_train
fsd50k_scream_12fbab9d,scream,fsd50k,freesound_uploader_thanvannispen,freesound_uploader_thanvannispen,foreground_bank_train
fsd50k_scream_1470e8f5,scream,fsd50k,freesound_uploader_J.Zazvurek,freesound_uploader_J.Zazvurek,foreground_bank_train
fsd50k_scream_179b9fe6,scream,fsd50k,freesound_uploader_annatabernero,freesound_uploader_annatabernero,foreground_bank_train
fsd50k_scream_1adc45c6,scream,fsd50k,freesound_uploader_arnaud coutancier,freesound_uploader_arnaud coutancier,foreground_bank_train
fsd50k_scream_1ddf006e,scream,fsd50k,freesound_uploader_J.Zazvurek,freesound_uploader_J.Zazvurek,foreground_bank_train
fsd50k_scream_1eaedd26,scream,fsd50k,freesound_uploader_AlSarcoli007,freesound_uploader_AlSarcoli007,foreground_bank_train
fsd50k_scream_20cdaa03,scream,fsd50k,freesound_uploader_polmdx,freesound_uploader_polmdx,foreground_bank_train
fsd50k_scream_21770f7e,scream,fsd50k,freesound_uploader_DigitalDominic,freesound_uploader_DigitalDominic,foreground_bank_train
fsd50k_scream_2260f9fe,scream,fsd50k,freesound_uploader_marionagm90,freesound_uploader_marionagm90,foreground_bank_train
fsd50k_scream_2478d98b,scream,fsd50k,freesound_uploader_jorickhoofd,freesound_uploader_jorickhoofd,foreground_bank_train
fsd50k_scream_24f234a8,scream,fsd50k,freesound_uploader_thanvannispen,freesound_uploader_thanvannispen,foreground_bank_train
fsd50k_scream_2b174352,scream,fsd50k,freesound_uploader_Hoerspielwerkstatt_HEF,freesound_uploader_Hoerspielwerkstatt_HEF,foreground_bank_train
fsd50k_scream_2b5c9f18,scream,fsd50k,freesound_uploader_jorickhoofd,freesound_uploader_jorickhoofd,foreground_bank_train
fsd50k_scream_2b653240,scream,fsd50k,freesound_uploader_marsebastia,freesound_uploader_marsebastia,foreground_bank_train
fsd50k_scream_2c341d43,scream,fsd50k,freesound_uploader_LittleRobotSoundFactory,freesound_uploader_LittleRobotSoundFactory,foreground_bank_train
fsd50k_scream_2c65d0a4,scream,fsd50k,freesound_uploader_Ryding,freesound_uploader_Ryding,foreground_bank_train
fsd50k_scream_2d778e40,scream,fsd50k,freesound_uploader_GabrielaUPF,freesound_uploader_GabrielaUPF,foreground_bank_train
fsd50k_scream_2ed79906,scream,fsd50k,freesound_uploader_Robinhood76,freesound_uploader_Robinhood76,foreground_bank_train
fsd50k_scream_308be590,scream,fsd50k,freesound_uploader_chrillz3r,freesound_uploader_chrillz3r,foreground_bank_train
fsd50k_scream_318ae8e6,scream,fsd50k,freesound_uploader_MAJ061785,freesound_uploader_MAJ061785,foreground_bank_train
fsd50k_scream_344edeb6,scream,fsd50k,freesound_uploader_Syna-Max,freesound_uploader_Syna-Max,foreground_bank_train
fsd50k_scream_34e7b62d,scream,fsd50k,freesound_uploader_annatabernero,freesound_uploader_annatabernero,foreground_bank_train
fsd50k_scream_3662b1e1,scream,fsd50k,freesound_uploader_Syna-Max,freesound_uploader_Syna-Max,foreground_bank_train
fsd50k_scream_36f3825d,scream,fsd50k,freesound_uploader_vtownpunks,freesound_uploader_vtownpunks,foreground_bank_train
fsd50k_scream_37dbc57f,scream,fsd50k,freesound_uploader_Syna-Max,freesound_uploader_Syna-Max,foreground_bank_train
fsd50k_scream_3f2fd533,scream,fsd50k,freesound_uploader_queen_westeros,freesound_uploader_queen_westeros,foreground_bank_train
fsd50k_scream_4128277c,scream,fsd50k,freesound_uploader_marionagm90,freesound_uploader_marionagm90,foreground_bank_train
fsd50k_scream_41cd41d5,scream,fsd50k,freesound_uploader_marsebastia,freesound_uploader_marsebastia,foreground_bank_train
fsd50k_scream_43e9952b,scream,fsd50k,freesound_uploader_GabrielaUPF,freesound_uploader_GabrielaUPF,foreground_bank_train
fsd50k_scream_4540f9fe,scream,fsd50k,freesound_uploader_JarredGibb,freesound_uploader_JarredGibb,foreground_bank_train
fsd50k_scream_46b5a401,scream,fsd50k,freesound_uploader_gumballworld,freesound_uploader_gumballworld,foreground_bank_train
fsd50k_scream_4746f12a,scream,fsd50k,freesound_uploader_Reitanna,freesound_uploader_Reitanna,foreground_bank_train
fsd50k_scream_490f49f7,scream,fsd50k,freesound_uploader_J.Zazvurek,freesound_uploader_J.Zazvurek,foreground_bank_train
fsd50k_scream_4a8be652,scream,fsd50k,freesound_uploader_Robinhood76,freesound_uploader_Robinhood76,foreground_bank_train
fsd50k_scream_4aeb7eef,scream,fsd50k,freesound_uploader_J.Zazvurek,freesound_uploader_J.Zazvurek,foreground_bank_train
fsd50k_scream_4c6b8bd4,scream,fsd50k,freesound_uploader_jorickhoofd,freesound_uploader_jorickhoofd,foreground_bank_train
fsd50k_scream_4e89804f,scream,fsd50k,freesound_uploader_Syna-Max,freesound_uploader_Syna-Max,foreground_bank_train
fsd50k_scream_4f4ce0df,scream,fsd50k,freesound_uploader_thanvannispen,freesound_uploader_thanvannispen,foreground_bank_train
fsd50k_scream_505c3ff5,scream,fsd50k,freesound_uploader_klankbeeld,freesound_uploader_klankbeeld,foreground_bank_train
fsd50k_scream_50bc29d8,scream,fsd50k,freesound_uploader_arnaud coutancier,freesound_uploader_arnaud coutancier,foreground_bank_train
fsd50k_scream_529ce365,scream,fsd50k,freesound_uploader_Reitanna,freesound_uploader_Reitanna,foreground_bank_train
fsd50k_scream_531626c8,scream,fsd50k,freesound_uploader_Syna-Max,freesound_uploader_Syna-Max,foreground_bank_train
fsd50k_scream_537c4b1e,scream,fsd50k,freesound_uploader_visions68,freesound_uploader_visions68,foreground_bank_train
fsd50k_scream_54372219,scream,fsd50k,freesound_uploader_Reitanna,freesound_uploader_Reitanna,foreground_bank_train
fsd50k_scream_55b628cf,scream,fsd50k,freesound_uploader_Reitanna,freesound_uploader_Reitanna,foreground_bank_train
fsd50k_scream_55b69471,scream,fsd50k,freesound_uploader_Vidrik,freesound_uploader_Vidrik,foreground_bank_train
fsd50k_scream_568670ad,scream,fsd50k,freesound_uploader_saraonsins,freesound_uploader_saraonsins,foreground_bank_train
fsd50k_scream_56becffe,scream,fsd50k,freesound_uploader_J.Zazvurek,freesound_uploader_J.Zazvurek,foreground_bank_train
fsd50k_scream_57659403,scream,fsd50k,freesound_uploader_jorickhoofd,freesound_uploader_jorickhoofd,foreground_bank_train
fsd50k_scream_578568b7,scream,fsd50k,freesound_uploader_RutgerMuller,freesound_uploader_RutgerMuller,foreground_bank_train
fsd50k_scream_57a58e4e,scream,fsd50k,freesound_uploader_jorickhoofd,freesound_uploader_jorickhoofd,foreground_bank_train
fsd50k_scream_5816e67f,scream,fsd50k,freesound_uploader_polmdx,freesound_uploader_polmdx,foreground_bank_train
fsd50k_scream_583cea08,scream,fsd50k,freesound_uploader_RutgerMuller,freesound_uploader_RutgerMuller,foreground_bank_train
fsd50k_scream_5b2f69b9,scream,fsd50k,freesound_uploader_pablocandel,freesound_uploader_pablocandel,foreground_bank_train
fsd50k_scream_5b46c5f6,scream,fsd50k,freesound_uploader_jorickhoofd,freesound_uploader_jorickhoofd,foreground_bank_train
fsd50k_scream_5dd62001,scream,fsd50k,freesound_uploader_marionagm90,freesound_uploader_marionagm90,foreground_bank_train
fsd50k_scream_5e05f792,scream,fsd50k,freesound_uploader_arnaud coutancier,freesound_uploader_arnaud coutancier,foreground_bank_train
fsd50k_scream_61046ca1,scream,fsd50k,freesound_uploader_Dinsfire,freesound_uploader_Dinsfire,foreground_bank_train
fsd50k_scream_6408ba4e,scream,fsd50k,freesound_uploader_irenearandapares,freesound_uploader_irenearandapares,foreground_bank_train
fsd50k_scream_66285eac,scream,fsd50k,freesound_uploader_jorickhoofd,freesound_uploader_jorickhoofd,foreground_bank_train
fsd50k_scream_6693f315,scream,fsd50k,freesound_uploader_cdrk,freesound_uploader_cdrk,foreground_bank_train
fsd50k_scream_682e5e24,scream,fsd50k,freesound_uploader_oldedgar,freesound_uploader_oldedgar,foreground_bank_train
fsd50k_scream_690cfc07,scream,fsd50k,freesound_uploader_juliabosque,freesound_uploader_juliabosque,foreground_bank_train
fsd50k_scream_69d77a3b,scream,fsd50k,freesound_uploader_RutgerMuller,freesound_uploader_RutgerMuller,foreground_bank_train
fsd50k_scream_69fd0a5a,scream,fsd50k,freesound_uploader_jorickhoofd,freesound_uploader_jorickhoofd,foreground_bank_train
fsd50k_scream_6a5b489c,scream,fsd50k,freesound_uploader_thanvannispen,freesound_uploader_thanvannispen,foreground_bank_train
fsd50k_scream_6fd00e86,scream,fsd50k,freesound_uploader_GabrielaUPF,freesound_uploader_GabrielaUPF,foreground_bank_train
fsd50k_scream_7299e313,scream,fsd50k,freesound_uploader_juliabosque,freesound_uploader_juliabosque,foreground_bank_train
fsd50k_scream_733274f3,scream,fsd50k,freesound_uploader_Reitanna,freesound_uploader_Reitanna,foreground_bank_train
fsd50k_scream_740c801c,scream,fsd50k,freesound_uploader_GabrielaUPF,freesound_uploader_GabrielaUPF,foreground_bank_train
fsd50k_scream_75035d63,scream,fsd50k,freesound_uploader_Robinhood76,freesound_uploader_Robinhood76,foreground_bank_train
fsd50k_scream_77074668,scream,fsd50k,freesound_uploader_Corsica_S,freesound_uploader_Corsica_S,foreground_bank_train
fsd50k_scream_77099db3,scream,fsd50k,freesound_uploader_Artmasterrich,freesound_uploader_Artmasterrich,foreground_bank_train
fsd50k_scream_78821132,scream,fsd50k,freesound_uploader_J.Zazvurek,freesound_uploader_J.Zazvurek,foreground_bank_train
fsd50k_scream_78a1566f,scream,fsd50k,freesound_uploader_Adam_N,freesound_uploader_Adam_N,foreground_bank_train
fsd50k_scream_7a181533,scream,fsd50k,freesound_uploader_jorickhoofd,freesound_uploader_jorickhoofd,foreground_bank_train
fsd50k_scream_7a9b2395,scream,fsd50k,freesound_uploader_thanvannispen,freesound_uploader_thanvannispen,foreground_bank_train
fsd50k_scream_7b49874e,scream,fsd50k,freesound_uploader_LittleRobotSoundFactory,freesound_uploader_LittleRobotSoundFactory,foreground_bank_train
fsd50k_scream_7b515cf0,scream,fsd50k,freesound_uploader_toiletrolltube,freesound_uploader_toiletrolltube,foreground_bank_train
fsd50k_scream_7bf2d545,scream,fsd50k,freesound_uploader_pablocandel,freesound_uploader_pablocandel,foreground_bank_train
fsd50k_scream_7d0a6ccd,scream,fsd50k,freesound_uploader_marsebastia,freesound_uploader_marsebastia,foreground_bank_train
fsd50k_scream_7f80896f,scream,fsd50k,freesound_uploader_RutgerMuller,freesound_uploader_RutgerMuller,foreground_bank_train
fsd50k_scream_8033cc8d,scream,fsd50k,freesound_uploader_Reitanna,freesound_uploader_Reitanna,foreground_bank_train
fsd50k_scream_80d0107b,scream,fsd50k,freesound_uploader_saraonsins,freesound_uploader_saraonsins,foreground_bank_train
fsd50k_scream_8113008a,scream,fsd50k,freesound_uploader_irenearandapares,freesound_uploader_irenearandapares,foreground_bank_train
fsd50k_scream_83cfc0b9,scream,fsd50k,freesound_uploader_felipe.j,freesound_uploader_felipe.j,foreground_bank_train
fsd50k_scream_855bee5a,scream,fsd50k,freesound_uploader_pushkin,freesound_uploader_pushkin,foreground_bank_train
fsd50k_scream_8589697b,scream,fsd50k,freesound_uploader_Robinhood76,freesound_uploader_Robinhood76,foreground_bank_train
fsd50k_scream_865d63df,scream,fsd50k,freesound_uploader_jorickhoofd,freesound_uploader_jorickhoofd,foreground_bank_train
fsd50k_scream_8758bdce,scream,fsd50k,freesound_uploader_xtrgamr,freesound_uploader_xtrgamr,foreground_bank_train
fsd50k_scream_89b2d799,scream,fsd50k,freesound_uploader_LittleRainySeasons,freesound_uploader_LittleRainySeasons,foreground_bank_train
fsd50k_scream_8c3008c8,scream,fsd50k,freesound_uploader_Splushionsindasky,freesound_uploader_Splushionsindasky,foreground_bank_train
fsd50k_scream_8e0f9caf,scream,fsd50k,freesound_uploader_vtownpunks,freesound_uploader_vtownpunks,foreground_bank_train
fsd50k_scream_909c8583,scream,fsd50k,freesound_uploader_arnaud coutancier,freesound_uploader_arnaud coutancier,foreground_bank_train
fsd50k_scream_91d89324,scream,fsd50k,freesound_uploader_MAJ061785,freesound_uploader_MAJ061785,foreground_bank_train
fsd50k_scream_93c3062c,scream,fsd50k,freesound_uploader_arnaud coutancier,freesound_uploader_arnaud coutancier,foreground_bank_train
fsd50k_scream_99e2c4d4,scream,fsd50k,freesound_uploader_LittleRobotSoundFactory,freesound_uploader_LittleRobotSoundFactory,foreground_bank_train
fsd50k_scream_9bdd4cbf,scream,fsd50k,freesound_uploader_pablocandel,freesound_uploader_pablocandel,foreground_bank_train
fsd50k_scream_9cb8db19,scream,fsd50k,freesound_uploader_juliabosque,freesound_uploader_juliabosque,foreground_bank_train
fsd50k_scream_a1786a8f,scream,fsd50k,freesound_uploader_pushkin,freesound_uploader_pushkin,foreground_bank_train
fsd50k_scream_a41b063d,scream,fsd50k,freesound_uploader_jorickhoofd,freesound_uploader_jorickhoofd,foreground_bank_train
fsd50k_scream_a41ff329,scream,fsd50k,freesound_uploader_J.Zazvurek,freesound_uploader_J.Zazvurek,foreground_bank_train
fsd50k_scream_a48dbef5,scream,fsd50k,freesound_uploader_dobroide,freesound_uploader_dobroide,foreground_bank_train
fsd50k_scream_a6d371c3,scream,fsd50k,freesound_uploader_Gheorghelaza,freesound_uploader_Gheorghelaza,foreground_bank_train
fsd50k_scream_a9ffc646,scream,fsd50k,freesound_uploader_adriancalzon,freesound_uploader_adriancalzon,foreground_bank_train
fsd50k_scream_aa4a5fa0,scream,fsd50k,freesound_uploader_arjanvanhoorn0181,freesound_uploader_arjanvanhoorn0181,foreground_bank_train
fsd50k_scream_aa91dd20,scream,fsd50k,freesound_uploader_xtrgamr,freesound_uploader_xtrgamr,foreground_bank_train
fsd50k_scream_aaea2b23,scream,fsd50k,freesound_uploader_vtownpunks,freesound_uploader_vtownpunks,foreground_bank_train
fsd50k_scream_ac254174,scream,fsd50k,freesound_uploader_arjanvanhoorn0181,freesound_uploader_arjanvanhoorn0181,foreground_bank_train
fsd50k_scream_ad190722,scream,fsd50k,freesound_uploader_GabrielaUPF,freesound_uploader_GabrielaUPF,foreground_bank_train
fsd50k_scream_aee772b6,scream,fsd50k,freesound_uploader_AlSarcoli007,freesound_uploader_AlSarcoli007,foreground_bank_train
fsd50k_scream_b264a03d,scream,fsd50k,freesound_uploader_jorickhoofd,freesound_uploader_jorickhoofd,foreground_bank_train
fsd50k_scream_b36b35c8,scream,fsd50k,freesound_uploader_Lithe-Fider,freesound_uploader_Lithe-Fider,foreground_bank_train
fsd50k_scream_b3e8c9d0,scream,fsd50k,freesound_uploader_queen_westeros,freesound_uploader_queen_westeros,foreground_bank_train
fsd50k_scream_b60aa13d,scream,fsd50k,freesound_uploader_jorickhoofd,freesound_uploader_jorickhoofd,foreground_bank_train
fsd50k_scream_bc71149d,scream,fsd50k,freesound_uploader_FreqMan,freesound_uploader_FreqMan,foreground_bank_train
fsd50k_scream_bc7b1b87,scream,fsd50k,freesound_uploader_Reitanna,freesound_uploader_Reitanna,foreground_bank_train
fsd50k_scream_bcbe8dff,scream,fsd50k,freesound_uploader_mrbriandesign,freesound_uploader_mrbriandesign,foreground_bank_train
fsd50k_scream_c2574a61,scream,fsd50k,freesound_uploader_Reitanna,freesound_uploader_Reitanna,foreground_bank_train
fsd50k_scream_c2a0a505,scream,fsd50k,freesound_uploader_irenearandapares,freesound_uploader_irenearandapares,foreground_bank_train
fsd50k_scream_c3184426,scream,fsd50k,freesound_uploader_cdrk,freesound_uploader_cdrk,foreground_bank_train
fsd50k_scream_c408c8a7,scream,fsd50k,freesound_uploader_visions68,freesound_uploader_visions68,foreground_bank_train
fsd50k_scream_c6535352,scream,fsd50k,freesound_uploader_Robinhood76,freesound_uploader_Robinhood76,foreground_bank_train
fsd50k_scream_c6c6bc7e,scream,fsd50k,freesound_uploader_saraonsins,freesound_uploader_saraonsins,foreground_bank_train
fsd50k_scream_c9a5f3af,scream,fsd50k,freesound_uploader_marionagm90,freesound_uploader_marionagm90,foreground_bank_train
fsd50k_scream_cb04b0ef,scream,fsd50k,freesound_uploader_TheSubber13,freesound_uploader_TheSubber13,foreground_bank_train
fsd50k_scream_cb429165,scream,fsd50k,freesound_uploader_annatabernero,freesound_uploader_annatabernero,foreground_bank_train
fsd50k_scream_cbec38a1,scream,fsd50k,freesound_uploader_RutgerMuller,freesound_uploader_RutgerMuller,foreground_bank_train
fsd50k_scream_d97d8744,scream,fsd50k,freesound_uploader_guamorims,freesound_uploader_guamorims,foreground_bank_train
fsd50k_scream_dcd3d1c2,scream,fsd50k,freesound_uploader_J.Zazvurek,freesound_uploader_J.Zazvurek,foreground_bank_train
fsd50k_scream_e15810ea,scream,fsd50k,freesound_uploader_queen_westeros,freesound_uploader_queen_westeros,foreground_bank_train
fsd50k_scream_e1bb25d1,scream,fsd50k,freesound_uploader_irenearandapares,freesound_uploader_irenearandapares,foreground_bank_train
fsd50k_scream_e2070c2a,scream,fsd50k,freesound_uploader_Adam_N,freesound_uploader_Adam_N,foreground_bank_train
fsd50k_scream_e5980b90,scream,fsd50k,freesound_uploader_digitopia,freesound_uploader_digitopia,foreground_bank_train
fsd50k_scream_e5e91e6c,scream,fsd50k,freesound_uploader_ecfike,freesound_uploader_ecfike,foreground_bank_train
fsd50k_scream_e76fb595,scream,fsd50k,freesound_uploader_J.Zazvurek,freesound_uploader_J.Zazvurek,foreground_bank_train
fsd50k_scream_e78238b3,scream,fsd50k,freesound_uploader_marionagm90,freesound_uploader_marionagm90,foreground_bank_train
fsd50k_scream_e815945b,scream,fsd50k,freesound_uploader_jrssandoval,freesound_uploader_jrssandoval,foreground_bank_train
fsd50k_scream_ea56a1ef,scream,fsd50k,freesound_uploader_marionagm90,freesound_uploader_marionagm90,foreground_bank_train
fsd50k_scream_ecd61b40,scream,fsd50k,freesound_uploader_queen_westeros,freesound_uploader_queen_westeros,foreground_bank_train
fsd50k_scream_ee5c76cc,scream,fsd50k,freesound_uploader_Ryding,freesound_uploader_Ryding,foreground_bank_train
fsd50k_scream_f16f6aed,scream,fsd50k,freesound_uploader_peridactyloptrix,freesound_uploader_peridactyloptrix,foreground_bank_train
fsd50k_scream_f2fc09cf,scream,fsd50k,freesound_uploader_GabrielaUPF,freesound_uploader_GabrielaUPF,foreground_bank_train
fsd50k_scream_f3528637,scream,fsd50k,freesound_uploader_Reitanna,freesound_uploader_Reitanna,foreground_bank_train
fsd50k_scream_f4581507,scream,fsd50k,freesound_uploader_dream4dreamtheater,freesound_uploader_dream4dreamtheater,foreground_bank_train
fsd50k_scream_f74ff7cf,scream,fsd50k,freesound_uploader_irenearandapares,freesound_uploader_irenearandapares,foreground_bank_train
fsd50k_scream_f8d28feb,scream,fsd50k,freesound_uploader_juliabosque,freesound_uploader_juliabosque,foreground_bank_train
fsd50k_scream_fb3fd771,scream,fsd50k,freesound_uploader_marionagm90,freesound_uploader_marionagm90,foreground_bank_train
fsd50k_scream_fc0396c7,scream,fsd50k,freesound_uploader_jgriffie919,freesound_uploader_jgriffie919,foreground_bank_train
fsd50k_scream_fd9a08b6,scream,fsd50k,freesound_uploader_LukeSharples,freesound_uploader_LukeSharples,foreground_bank_train
fsd50k_shout_yell_02dbb04a,shout_yell,fsd50k,freesound_uploader_unfa,freesound_uploader_unfa,foreground_bank_train
fsd50k_shout_yell_04a675b8,shout_yell,fsd50k,freesound_uploader_RandyLG,freesound_uploader_RandyLG,foreground_bank_train
fsd50k_shout_yell_0ec6c368,shout_yell,fsd50k,freesound_uploader_unfa,freesound_uploader_unfa,foreground_bank_train
fsd50k_shout_yell_119bbfc4,shout_yell,fsd50k,freesound_uploader_dream4dreamtheater,freesound_uploader_dream4dreamtheater,foreground_bank_train
fsd50k_shout_yell_11e9b70c,shout_yell,fsd50k,freesound_uploader_xtrgamr,freesound_uploader_xtrgamr,foreground_bank_train
fsd50k_shout_yell_151fb7a6,shout_yell,fsd50k,freesound_uploader_11linda,freesound_uploader_11linda,foreground_bank_train
fsd50k_shout_yell_1690d9f6,shout_yell,fsd50k,freesound_uploader_Reitanna,freesound_uploader_Reitanna,foreground_bank_train
fsd50k_shout_yell_1917bdc7,shout_yell,fsd50k,freesound_uploader_dream4dreamtheater,freesound_uploader_dream4dreamtheater,foreground_bank_train
fsd50k_shout_yell_1db3383b,shout_yell,fsd50k,freesound_uploader_qubodup,freesound_uploader_qubodup,foreground_bank_train
fsd50k_shout_yell_20394458,shout_yell,fsd50k,freesound_uploader_theuncertainman,freesound_uploader_theuncertainman,foreground_bank_train
fsd50k_shout_yell_24bb41b2,shout_yell,fsd50k,freesound_uploader_Jagadamba,freesound_uploader_Jagadamba,foreground_bank_train
fsd50k_shout_yell_25a68e52,shout_yell,fsd50k,freesound_uploader_Corsica_S,freesound_uploader_Corsica_S,foreground_bank_train
fsd50k_shout_yell_3371e46e,shout_yell,fsd50k,freesound_uploader_Reitanna,freesound_uploader_Reitanna,foreground_bank_train
fsd50k_shout_yell_3925f6d5,shout_yell,fsd50k,freesound_uploader_Reitanna,freesound_uploader_Reitanna,foreground_bank_train
fsd50k_shout_yell_3abef49d,shout_yell,fsd50k,freesound_uploader_benjaminharveydesign,freesound_uploader_benjaminharveydesign,foreground_bank_train
fsd50k_shout_yell_3b63ac07,shout_yell,fsd50k,freesound_uploader_unfa,freesound_uploader_unfa,foreground_bank_train
fsd50k_shout_yell_4d174c56,shout_yell,fsd50k,freesound_uploader_unfa,freesound_uploader_unfa,foreground_bank_train
fsd50k_shout_yell_51d65c1b,shout_yell,fsd50k,freesound_uploader_Reitanna,freesound_uploader_Reitanna,foreground_bank_train
fsd50k_shout_yell_51e89bc1,shout_yell,fsd50k,freesound_uploader_jorickhoofd,freesound_uploader_jorickhoofd,foreground_bank_train
fsd50k_shout_yell_559b02f5,shout_yell,fsd50k,freesound_uploader_Reitanna,freesound_uploader_Reitanna,foreground_bank_train
fsd50k_shout_yell_56c4664b,shout_yell,fsd50k,freesound_uploader_benjaminharveydesign,freesound_uploader_benjaminharveydesign,foreground_bank_train
fsd50k_shout_yell_5f1c0416,shout_yell,fsd50k,freesound_uploader_digitopia,freesound_uploader_digitopia,foreground_bank_train
fsd50k_shout_yell_62d1c647,shout_yell,fsd50k,freesound_uploader_11linda,freesound_uploader_11linda,foreground_bank_train
fsd50k_shout_yell_641b1fa8,shout_yell,fsd50k,freesound_uploader_Robinhood76,freesound_uploader_Robinhood76,foreground_bank_train
fsd50k_shout_yell_68b1435b,shout_yell,fsd50k,freesound_uploader_xtrgamr,freesound_uploader_xtrgamr,foreground_bank_train
fsd50k_shout_yell_69f88f93,shout_yell,fsd50k,freesound_uploader_bulbastre,freesound_uploader_bulbastre,foreground_bank_train
fsd50k_shout_yell_729feb68,shout_yell,fsd50k,freesound_uploader_Reitanna,freesound_uploader_Reitanna,foreground_bank_train
fsd50k_shout_yell_72e8b051,shout_yell,fsd50k,freesound_uploader_theuncertainman,freesound_uploader_theuncertainman,foreground_bank_train
fsd50k_shout_yell_7323d035,shout_yell,fsd50k,freesound_uploader_Reitanna,freesound_uploader_Reitanna,foreground_bank_train
fsd50k_shout_yell_7c6e4663,shout_yell,fsd50k,freesound_uploader_BalancedEnergy10,freesound_uploader_BalancedEnergy10,foreground_bank_train
fsd50k_shout_yell_7c7f9908,shout_yell,fsd50k,freesound_uploader_dream4dreamtheater,freesound_uploader_dream4dreamtheater,foreground_bank_train
fsd50k_shout_yell_81bc163b,shout_yell,fsd50k,freesound_uploader_Reitanna,freesound_uploader_Reitanna,foreground_bank_train
fsd50k_shout_yell_860e4980,shout_yell,fsd50k,freesound_uploader_11linda,freesound_uploader_11linda,foreground_bank_train
fsd50k_shout_yell_8f05c0bb,shout_yell,fsd50k,freesound_uploader_unfa,freesound_uploader_unfa,foreground_bank_train
fsd50k_shout_yell_941fcfea,shout_yell,fsd50k,freesound_uploader_11linda,freesound_uploader_11linda,foreground_bank_train
fsd50k_shout_yell_9c4d1731,shout_yell,fsd50k,freesound_uploader_WIM,freesound_uploader_WIM,foreground_bank_train
fsd50k_shout_yell_9d4ee4e8,shout_yell,fsd50k,freesound_uploader_Robinhood76,freesound_uploader_Robinhood76,foreground_bank_train
fsd50k_shout_yell_ab49558c,shout_yell,fsd50k,freesound_uploader_benjaminharveydesign,freesound_uploader_benjaminharveydesign,foreground_bank_train
fsd50k_shout_yell_afac81bd,shout_yell,fsd50k,freesound_uploader_RutgerMuller,freesound_uploader_RutgerMuller,foreground_bank_train
fsd50k_shout_yell_b9c712ed,shout_yell,fsd50k,freesound_uploader_JarAxe,freesound_uploader_JarAxe,foreground_bank_train
fsd50k_shout_yell_bcef46d3,shout_yell,fsd50k,freesound_uploader_Corsica_S,freesound_uploader_Corsica_S,foreground_bank_train
fsd50k_shout_yell_c47240e3,shout_yell,fsd50k,freesound_uploader_Kodack,freesound_uploader_Kodack,foreground_bank_train
fsd50k_shout_yell_c7a4f8a1,shout_yell,fsd50k,freesound_uploader_CosmicEmbers,freesound_uploader_CosmicEmbers,foreground_bank_train
fsd50k_shout_yell_cbbd1123,shout_yell,fsd50k,freesound_uploader_11linda,freesound_uploader_11linda,foreground_bank_train
fsd50k_shout_yell_dc96d325,shout_yell,fsd50k,freesound_uploader_unfa,freesound_uploader_unfa,foreground_bank_train
fsd50k_shout_yell_e22bb2a6,shout_yell,fsd50k,freesound_uploader_qubodup,freesound_uploader_qubodup,foreground_bank_train
fsd50k_shout_yell_e3a86846,shout_yell,fsd50k,freesound_uploader_Robinhood76,freesound_uploader_Robinhood76,foreground_bank_train
fsd50k_shout_yell_e6d4849c,shout_yell,fsd50k,freesound_uploader_Reitanna,freesound_uploader_Reitanna,foreground_bank_train
fsd50k_shout_yell_e9ad0f21,shout_yell,fsd50k,freesound_uploader_theuncertainman,freesound_uploader_theuncertainman,foreground_bank_train
fsd50k_shout_yell_ea065ed7,shout_yell,fsd50k,freesound_uploader_Robinhood76,freesound_uploader_Robinhood76,foreground_bank_train
fsd50k_shout_yell_ee084d8d,shout_yell,fsd50k,freesound_uploader_Reitanna,freesound_uploader_Reitanna,foreground_bank_train
fsd50k_shout_yell_f0aef428,shout_yell,fsd50k,freesound_uploader_unfa,freesound_uploader_unfa,foreground_bank_train
fsd50k_shout_yell_f3a86be4,shout_yell,fsd50k,freesound_uploader_theuncertainman,freesound_uploader_theuncertainman,foreground_bank_train
fsd50k_shout_yell_f7834da6,shout_yell,fsd50k,freesound_uploader_benjaminharveydesign,freesound_uploader_benjaminharveydesign,foreground_bank_train
fsd50k_shout_yell_f836c418,shout_yell,fsd50k,freesound_uploader_Jagadamba,freesound_uploader_Jagadamba,foreground_bank_train
fsd50k_shout_yell_fa8efede,shout_yell,fsd50k,freesound_uploader_LittleRainySeasons,freesound_uploader_LittleRainySeasons,foreground_bank_train
esc50_siren_012cf9bf,siren,esc50,freesound_70052,freesound_70052,foreground_bank_train
esc50_siren_02683131,siren,esc50,freesound_51731,freesound_51731,foreground_bank_train
esc50_siren_187e6149,siren,esc50,freesound_70936,freesound_70936,foreground_bank_train
esc50_siren_1b1d4849,siren,esc50,freesound_117122,freesound_117122,foreground_bank_train
esc50_siren_2446a3eb,siren,esc50,freesound_31482,freesound_31482,foreground_bank_train
esc50_siren_3192ab47,siren,esc50,freesound_67358,freesound_67358,foreground_bank_train
esc50_siren_365e4a2a,siren,esc50,freesound_111671,freesound_111671,foreground_bank_train
esc50_siren_376353be,siren,esc50,freesound_43806,freesound_43806,foreground_bank_train
esc50_siren_387866fa,siren,esc50,freesound_62878,freesound_62878,foreground_bank_train
esc50_siren_40622578,siren,esc50,freesound_72688,freesound_72688,foreground_bank_train
esc50_siren_4918f7e9,siren,esc50,freesound_51731,freesound_51731,foreground_bank_train
esc50_siren_4b3084ef,siren,esc50,freesound_76831,freesound_76831,foreground_bank_train
esc50_siren_5e91fb8a,siren,esc50,freesound_76831,freesound_76831,foreground_bank_train
esc50_siren_5f5c273e,siren,esc50,freesound_51909,freesound_51909,foreground_bank_train
esc50_siren_65bf1c84,siren,esc50,freesound_70052,freesound_70052,foreground_bank_train
esc50_siren_6cc7555c,siren,esc50,freesound_160551,freesound_160551,foreground_bank_train
esc50_siren_6e69b251,siren,esc50,freesound_76831,freesound_76831,foreground_bank_train
esc50_siren_7521bb9b,siren,esc50,freesound_133989,freesound_133989,foreground_bank_train
esc50_siren_79cbdaf2,siren,esc50,freesound_117118,freesound_117118,foreground_bank_train
esc50_siren_7b862bec,siren,esc50,freesound_111671,freesound_111671,foreground_bank_train
esc50_siren_7fc6af65,siren,esc50,freesound_90014,freesound_90014,foreground_bank_train
esc50_siren_8b91f090,siren,esc50,freesound_133989,freesound_133989,foreground_bank_train
esc50_siren_942d1f4b,siren,esc50,freesound_70938,freesound_70938,foreground_bank_train
esc50_siren_9a68c6a6,siren,esc50,freesound_62878,freesound_62878,foreground_bank_train
esc50_siren_9dabae27,siren,esc50,freesound_102871,freesound_102871,foreground_bank_train
esc50_siren_9e8901e0,siren,esc50,freesound_150409,freesound_150409,foreground_bank_train
esc50_siren_9f7d3289,siren,esc50,freesound_121532,freesound_121532,foreground_bank_train
esc50_siren_a3b366a4,siren,esc50,freesound_70939,freesound_70939,foreground_bank_train
esc50_siren_b0ce84a3,siren,esc50,freesound_54084,freesound_54084,foreground_bank_train
esc50_siren_b22c04d1,siren,esc50,freesound_117120,freesound_117120,foreground_bank_train
esc50_siren_b7b50b9b,siren,esc50,freesound_58772,freesound_58772,foreground_bank_train
esc50_siren_ba6777f4,siren,esc50,freesound_43802,freesound_43802,foreground_bank_train
esc50_siren_bbde0117,siren,esc50,freesound_90014,freesound_90014,foreground_bank_train
esc50_siren_bc3d8abd,siren,esc50,freesound_184323,freesound_184323,foreground_bank_train
esc50_siren_bed7848f,siren,esc50,freesound_76831,freesound_76831,foreground_bank_train
esc50_siren_d45df4c5,siren,esc50,freesound_76831,freesound_76831,foreground_bank_train
esc50_siren_de32c52b,siren,esc50,freesound_51376,freesound_51376,foreground_bank_train
esc50_siren_e4c640a0,siren,esc50,freesound_31482,freesound_31482,foreground_bank_train
fsd50k_siren_05a02dee,siren,fsd50k,freesound_uploader_Benboncan,freesound_uploader_Benboncan,foreground_bank_train
fsd50k_siren_2ac595df,siren,fsd50k,freesound_uploader_mungous,freesound_uploader_mungous,foreground_bank_train
fsd50k_siren_2d9b43a8,siren,fsd50k,freesound_uploader_CausticLasagne,freesound_uploader_CausticLasagne,foreground_bank_train
fsd50k_siren_429bfe56,siren,fsd50k,freesound_uploader_iut_Paris8,freesound_uploader_iut_Paris8,foreground_bank_train
fsd50k_siren_439b2268,siren,fsd50k,freesound_uploader_Lalks,freesound_uploader_Lalks,foreground_bank_train
fsd50k_siren_48c46d9b,siren,fsd50k,freesound_uploader_caesar2164,freesound_uploader_caesar2164,foreground_bank_train
fsd50k_siren_6dd4a656,siren,fsd50k,freesound_uploader_Benboncan,freesound_uploader_Benboncan,foreground_bank_train
fsd50k_siren_78987b09,siren,fsd50k,freesound_uploader_Avensol,freesound_uploader_Avensol,foreground_bank_train
fsd50k_siren_80f07477,siren,fsd50k,freesound_uploader_Ubehag,freesound_uploader_Ubehag,foreground_bank_train
fsd50k_siren_b4c5f71e,siren,fsd50k,freesound_uploader_Benboncan,freesound_uploader_Benboncan,foreground_bank_train
fsd50k_siren_ba29b67b,siren,fsd50k,freesound_uploader_Sandermotions,freesound_uploader_Sandermotions,foreground_bank_train
fsd50k_siren_bcb31de4,siren,fsd50k,freesound_uploader_Adam_N,freesound_uploader_Adam_N,foreground_bank_train
fsd50k_siren_ecd65295,siren,fsd50k,freesound_uploader_mpaol2023,freesound_uploader_mpaol2023,foreground_bank_train
fsd50k_siren_efbf5ee2,siren,fsd50k,freesound_uploader_Benboncan,freesound_uploader_Benboncan,foreground_bank_train
fsd50k_siren_fae0bd85,siren,fsd50k,freesound_uploader_univ_lyon3,freesound_uploader_univ_lyon3,foreground_bank_train
urbansound8k_siren_036b5e3c,siren,urbansound8k,freesound_157868,freesound_157868,foreground_bank_train
urbansound8k_siren_07be1267,siren,urbansound8k,freesound_156868,freesound_156868,foreground_bank_train
urbansound8k_siren_08e6e020,siren,urbansound8k,freesound_111671,freesound_111671,foreground_bank_train
urbansound8k_siren_0a672224,siren,urbansound8k,freesound_98525,freesound_98525,foreground_bank_train
urbansound8k_siren_0d26856d,siren,urbansound8k,freesound_157867,freesound_157867,foreground_bank_train
urbansound8k_siren_0d3e7ab8,siren,urbansound8k,freesound_203913,freesound_203913,foreground_bank_train
urbansound8k_siren_0e952d26,siren,urbansound8k,freesound_90014,freesound_90014,foreground_bank_train
urbansound8k_siren_0ebf5992,siren,urbansound8k,freesound_157866,freesound_157866,foreground_bank_train
urbansound8k_siren_0f2b5dfb,siren,urbansound8k,freesound_157868,freesound_157868,foreground_bank_train
urbansound8k_siren_10e04a8f,siren,urbansound8k,freesound_157867,freesound_157867,foreground_bank_train
urbansound8k_siren_11987014,siren,urbansound8k,freesound_203913,freesound_203913,foreground_bank_train
urbansound8k_siren_13e92415,siren,urbansound8k,freesound_156869,freesound_156869,foreground_bank_train
urbansound8k_siren_156a0ce2,siren,urbansound8k,freesound_156869,freesound_156869,foreground_bank_train
urbansound8k_siren_15c272ab,siren,urbansound8k,freesound_157866,freesound_157866,foreground_bank_train
urbansound8k_siren_17f51c08,siren,urbansound8k,freesound_159748,freesound_159748,foreground_bank_train
urbansound8k_siren_19d765f8,siren,urbansound8k,freesound_159750,freesound_159750,foreground_bank_train
urbansound8k_siren_1b0dd58f,siren,urbansound8k,freesound_203913,freesound_203913,foreground_bank_train
urbansound8k_siren_1b541f6f,siren,urbansound8k,freesound_159753,freesound_159753,foreground_bank_train
urbansound8k_siren_1bea12a7,siren,urbansound8k,freesound_159748,freesound_159748,foreground_bank_train
urbansound8k_siren_1bf57859,siren,urbansound8k,freesound_157866,freesound_157866,foreground_bank_train
urbansound8k_siren_1cb376ba,siren,urbansound8k,freesound_157867,freesound_157867,foreground_bank_train
urbansound8k_siren_1fa2fdc3,siren,urbansound8k,freesound_157867,freesound_157867,foreground_bank_train
urbansound8k_siren_20bbbe69,siren,urbansound8k,freesound_43805,freesound_43805,foreground_bank_train
urbansound8k_siren_21352858,siren,urbansound8k,freesound_159748,freesound_159748,foreground_bank_train
urbansound8k_siren_234c57be,siren,urbansound8k,freesound_159754,freesound_159754,foreground_bank_train
urbansound8k_siren_2684ff88,siren,urbansound8k,freesound_102871,freesound_102871,foreground_bank_train
urbansound8k_siren_278fde31,siren,urbansound8k,freesound_203913,freesound_203913,foreground_bank_train
urbansound8k_siren_283ecf66,siren,urbansound8k,freesound_157866,freesound_157866,foreground_bank_train
urbansound8k_siren_28a06ec2,siren,urbansound8k,freesound_157866,freesound_157866,foreground_bank_train
urbansound8k_siren_29c4a0c6,siren,urbansound8k,freesound_117181,freesound_117181,foreground_bank_train
urbansound8k_siren_2a281c59,siren,urbansound8k,freesound_157868,freesound_157868,foreground_bank_train
urbansound8k_siren_2a5c93e6,siren,urbansound8k,freesound_157868,freesound_157868,foreground_bank_train
urbansound8k_siren_2b7cdc44,siren,urbansound8k,freesound_157867,freesound_157867,foreground_bank_train
urbansound8k_siren_2cebc051,siren,urbansound8k,freesound_102871,freesound_102871,foreground_bank_train
urbansound8k_siren_2e5ed892,siren,urbansound8k,freesound_157866,freesound_157866,foreground_bank_train
urbansound8k_siren_2f6f44d7,siren,urbansound8k,freesound_111671,freesound_111671,foreground_bank_train
urbansound8k_siren_311f28ef,siren,urbansound8k,freesound_159750,freesound_159750,foreground_bank_train
urbansound8k_siren_31c90725,siren,urbansound8k,freesound_16772,freesound_16772,foreground_bank_train
urbansound8k_siren_3241c6c9,siren,urbansound8k,freesound_117181,freesound_117181,foreground_bank_train
urbansound8k_siren_326d63a9,siren,urbansound8k,freesound_203913,freesound_203913,foreground_bank_train
urbansound8k_siren_3593cd72,siren,urbansound8k,freesound_165166,freesound_165166,foreground_bank_train
urbansound8k_siren_35bbacdf,siren,urbansound8k,freesound_157868,freesound_157868,foreground_bank_train
urbansound8k_siren_365610d5,siren,urbansound8k,freesound_159754,freesound_159754,foreground_bank_train
urbansound8k_siren_39a9c160,siren,urbansound8k,freesound_159750,freesound_159750,foreground_bank_train
urbansound8k_siren_3a34dcbe,siren,urbansound8k,freesound_157868,freesound_157868,foreground_bank_train
urbansound8k_siren_3bcf901c,siren,urbansound8k,freesound_157866,freesound_157866,foreground_bank_train
urbansound8k_siren_3c680fc6,siren,urbansound8k,freesound_159748,freesound_159748,foreground_bank_train
urbansound8k_siren_3c818f8c,siren,urbansound8k,freesound_157866,freesound_157866,foreground_bank_train
urbansound8k_siren_3cb3f9ab,siren,urbansound8k,freesound_156869,freesound_156869,foreground_bank_train
urbansound8k_siren_3de507ba,siren,urbansound8k,freesound_159750,freesound_159750,foreground_bank_train
urbansound8k_siren_3f6e3b98,siren,urbansound8k,freesound_159748,freesound_159748,foreground_bank_train
urbansound8k_siren_3f9d4c16,siren,urbansound8k,freesound_203913,freesound_203913,foreground_bank_train
urbansound8k_siren_3fb8b4ea,siren,urbansound8k,freesound_203913,freesound_203913,foreground_bank_train
urbansound8k_siren_404d006f,siren,urbansound8k,freesound_105289,freesound_105289,foreground_bank_train
urbansound8k_siren_4194ce04,siren,urbansound8k,freesound_157866,freesound_157866,foreground_bank_train
urbansound8k_siren_440b593a,siren,urbansound8k,freesound_157867,freesound_157867,foreground_bank_train
urbansound8k_siren_452bae67,siren,urbansound8k,freesound_165166,freesound_165166,foreground_bank_train
urbansound8k_siren_4625f4ba,siren,urbansound8k,freesound_111671,freesound_111671,foreground_bank_train
urbansound8k_siren_4780eab7,siren,urbansound8k,freesound_102871,freesound_102871,foreground_bank_train
urbansound8k_siren_479631de,siren,urbansound8k,freesound_159743,freesound_159743,foreground_bank_train
urbansound8k_siren_47f12353,siren,urbansound8k,freesound_156869,freesound_156869,foreground_bank_train
urbansound8k_siren_4986649e,siren,urbansound8k,freesound_102871,freesound_102871,foreground_bank_train
urbansound8k_siren_49ecafd2,siren,urbansound8k,freesound_43805,freesound_43805,foreground_bank_train
urbansound8k_siren_4a17f504,siren,urbansound8k,freesound_123688,freesound_123688,foreground_bank_train
urbansound8k_siren_4c081e95,siren,urbansound8k,freesound_98536,freesound_98536,foreground_bank_train
urbansound8k_siren_4cca8751,siren,urbansound8k,freesound_184623,freesound_184623,foreground_bank_train
urbansound8k_siren_4ccc5c20,siren,urbansound8k,freesound_157868,freesound_157868,foreground_bank_train
urbansound8k_siren_4df2276c,siren,urbansound8k,freesound_71177,freesound_71177,foreground_bank_train
urbansound8k_siren_4e93dd63,siren,urbansound8k,freesound_157867,freesound_157867,foreground_bank_train
urbansound8k_siren_4edc8417,siren,urbansound8k,freesound_105289,freesound_105289,foreground_bank_train
urbansound8k_siren_4edf363b,siren,urbansound8k,freesound_111671,freesound_111671,foreground_bank_train
urbansound8k_siren_4ee71633,siren,urbansound8k,freesound_157866,freesound_157866,foreground_bank_train
urbansound8k_siren_4fdfabb7,siren,urbansound8k,freesound_26173,freesound_26173,foreground_bank_train
urbansound8k_siren_50db7272,siren,urbansound8k,freesound_71177,freesound_71177,foreground_bank_train
urbansound8k_siren_5509fcbb,siren,urbansound8k,freesound_165166,freesound_165166,foreground_bank_train
urbansound8k_siren_5587230e,siren,urbansound8k,freesound_157868,freesound_157868,foreground_bank_train
urbansound8k_siren_57293304,siren,urbansound8k,freesound_111671,freesound_111671,foreground_bank_train
urbansound8k_siren_5803f769,siren,urbansound8k,freesound_165166,freesound_165166,foreground_bank_train
urbansound8k_siren_5815e3d5,siren,urbansound8k,freesound_156868,freesound_156868,foreground_bank_train
urbansound8k_siren_59d64464,siren,urbansound8k,freesound_157866,freesound_157866,foreground_bank_train
urbansound8k_siren_59fa9921,siren,urbansound8k,freesound_159748,freesound_159748,foreground_bank_train
urbansound8k_siren_5a23bf22,siren,urbansound8k,freesound_156869,freesound_156869,foreground_bank_train
urbansound8k_siren_5a5b7cb0,siren,urbansound8k,freesound_111671,freesound_111671,foreground_bank_train
urbansound8k_siren_5aeaf3c2,siren,urbansound8k,freesound_184623,freesound_184623,foreground_bank_train
urbansound8k_siren_5c32fae2,siren,urbansound8k,freesound_111671,freesound_111671,foreground_bank_train
urbansound8k_siren_5d78a7f7,siren,urbansound8k,freesound_102871,freesound_102871,foreground_bank_train
urbansound8k_siren_5d7fd90a,siren,urbansound8k,freesound_157868,freesound_157868,foreground_bank_train
urbansound8k_siren_606016bb,siren,urbansound8k,freesound_90014,freesound_90014,foreground_bank_train
urbansound8k_siren_607d2ad4,siren,urbansound8k,freesound_117181,freesound_117181,foreground_bank_train
urbansound8k_siren_60bd09bf,siren,urbansound8k,freesound_62878,freesound_62878,foreground_bank_train
urbansound8k_siren_6144c9d5,siren,urbansound8k,freesound_111671,freesound_111671,foreground_bank_train
urbansound8k_siren_62d659a9,siren,urbansound8k,freesound_111671,freesound_111671,foreground_bank_train
urbansound8k_siren_63dfdc09,siren,urbansound8k,freesound_159748,freesound_159748,foreground_bank_train
urbansound8k_siren_65565907,siren,urbansound8k,freesound_43805,freesound_43805,foreground_bank_train
urbansound8k_siren_658ea2a5,siren,urbansound8k,freesound_43806,freesound_43806,foreground_bank_train
urbansound8k_siren_659ae46c,siren,urbansound8k,freesound_123688,freesound_123688,foreground_bank_train
urbansound8k_siren_664e8fc9,siren,urbansound8k,freesound_157867,freesound_157867,foreground_bank_train
urbansound8k_siren_669f6d1b,siren,urbansound8k,freesound_159753,freesound_159753,foreground_bank_train
urbansound8k_siren_67240935,siren,urbansound8k,freesound_111671,freesound_111671,foreground_bank_train
urbansound8k_siren_6731e286,siren,urbansound8k,freesound_157866,freesound_157866,foreground_bank_train
urbansound8k_siren_676f2740,siren,urbansound8k,freesound_111671,freesound_111671,foreground_bank_train
urbansound8k_siren_6a34f8a1,siren,urbansound8k,freesound_71177,freesound_71177,foreground_bank_train
urbansound8k_siren_6b3cce01,siren,urbansound8k,freesound_159753,freesound_159753,foreground_bank_train
urbansound8k_siren_6baaeb01,siren,urbansound8k,freesound_203913,freesound_203913,foreground_bank_train
urbansound8k_siren_6c4874b7,siren,urbansound8k,freesound_159748,freesound_159748,foreground_bank_train
urbansound8k_siren_6c8660d1,siren,urbansound8k,freesound_105289,freesound_105289,foreground_bank_train
urbansound8k_siren_6cdcee94,siren,urbansound8k,freesound_157868,freesound_157868,foreground_bank_train
urbansound8k_siren_6d2c7338,siren,urbansound8k,freesound_203913,freesound_203913,foreground_bank_train
urbansound8k_siren_6d5893b6,siren,urbansound8k,freesound_157866,freesound_157866,foreground_bank_train
urbansound8k_siren_6dd35b1d,siren,urbansound8k,freesound_157866,freesound_157866,foreground_bank_train
urbansound8k_siren_6ddccfa2,siren,urbansound8k,freesound_105289,freesound_105289,foreground_bank_train
urbansound8k_siren_711d7c78,siren,urbansound8k,freesound_165166,freesound_165166,foreground_bank_train
urbansound8k_siren_7161f98d,siren,urbansound8k,freesound_157866,freesound_157866,foreground_bank_train
urbansound8k_siren_72bc3375,siren,urbansound8k,freesound_159745,freesound_159745,foreground_bank_train
urbansound8k_siren_7472d43b,siren,urbansound8k,freesound_111671,freesound_111671,foreground_bank_train
urbansound8k_siren_754ebe2e,siren,urbansound8k,freesound_203913,freesound_203913,foreground_bank_train
urbansound8k_siren_76ddf358,siren,urbansound8k,freesound_90014,freesound_90014,foreground_bank_train
urbansound8k_siren_77615538,siren,urbansound8k,freesound_159748,freesound_159748,foreground_bank_train
urbansound8k_siren_7839d5eb,siren,urbansound8k,freesound_157866,freesound_157866,foreground_bank_train
urbansound8k_siren_78b2cbf4,siren,urbansound8k,freesound_157867,freesound_157867,foreground_bank_train
urbansound8k_siren_78b9592a,siren,urbansound8k,freesound_111671,freesound_111671,foreground_bank_train
urbansound8k_siren_78cdc404,siren,urbansound8k,freesound_165166,freesound_165166,foreground_bank_train
urbansound8k_siren_7a8b4187,siren,urbansound8k,freesound_102871,freesound_102871,foreground_bank_train
urbansound8k_siren_7c09304e,siren,urbansound8k,freesound_157867,freesound_157867,foreground_bank_train
urbansound8k_siren_7c66526d,siren,urbansound8k,freesound_159748,freesound_159748,foreground_bank_train
urbansound8k_siren_7d963295,siren,urbansound8k,freesound_159750,freesound_159750,foreground_bank_train
urbansound8k_siren_80b513de,siren,urbansound8k,freesound_75490,freesound_75490,foreground_bank_train
urbansound8k_siren_82da27de,siren,urbansound8k,freesound_102871,freesound_102871,foreground_bank_train
urbansound8k_siren_83bf9906,siren,urbansound8k,freesound_159748,freesound_159748,foreground_bank_train
urbansound8k_siren_85127a7e,siren,urbansound8k,freesound_157868,freesound_157868,foreground_bank_train
urbansound8k_siren_888438ca,siren,urbansound8k,freesound_157867,freesound_157867,foreground_bank_train
urbansound8k_siren_8adfb60f,siren,urbansound8k,freesound_157867,freesound_157867,foreground_bank_train
urbansound8k_siren_8e50d1d8,siren,urbansound8k,freesound_157868,freesound_157868,foreground_bank_train
urbansound8k_siren_8f3ffe1e,siren,urbansound8k,freesound_157867,freesound_157867,foreground_bank_train
urbansound8k_siren_9079a8af,siren,urbansound8k,freesound_157867,freesound_157867,foreground_bank_train
urbansound8k_siren_93505f23,siren,urbansound8k,freesound_157867,freesound_157867,foreground_bank_train
urbansound8k_siren_93852caa,siren,urbansound8k,freesound_102871,freesound_102871,foreground_bank_train
urbansound8k_siren_942a2dad,siren,urbansound8k,freesound_90014,freesound_90014,foreground_bank_train
urbansound8k_siren_966e23f4,siren,urbansound8k,freesound_157867,freesound_157867,foreground_bank_train
urbansound8k_siren_96d9d4d2,siren,urbansound8k,freesound_75490,freesound_75490,foreground_bank_train
urbansound8k_siren_9850cab6,siren,urbansound8k,freesound_74726,freesound_74726,foreground_bank_train
urbansound8k_siren_99e437a2,siren,urbansound8k,freesound_157866,freesound_157866,foreground_bank_train
urbansound8k_siren_9a369faf,siren,urbansound8k,freesound_159753,freesound_159753,foreground_bank_train
urbansound8k_siren_9be480ea,siren,urbansound8k,freesound_157866,freesound_157866,foreground_bank_train
urbansound8k_siren_9d9736e1,siren,urbansound8k,freesound_157867,freesound_157867,foreground_bank_train
urbansound8k_siren_9d9a2340,siren,urbansound8k,freesound_156868,freesound_156868,foreground_bank_train
urbansound8k_siren_9e8ad5ea,siren,urbansound8k,freesound_157866,freesound_157866,foreground_bank_train
urbansound8k_siren_9f7d9a2f,siren,urbansound8k,freesound_157867,freesound_157867,foreground_bank_train
urbansound8k_siren_a0a821de,siren,urbansound8k,freesound_159754,freesound_159754,foreground_bank_train
urbansound8k_siren_a13f7c69,siren,urbansound8k,freesound_157867,freesound_157867,foreground_bank_train
urbansound8k_siren_a1e573d1,siren,urbansound8k,freesound_157868,freesound_157868,foreground_bank_train
urbansound8k_siren_a2bc04be,siren,urbansound8k,freesound_156868,freesound_156868,foreground_bank_train
urbansound8k_siren_a33ca9c2,siren,urbansound8k,freesound_111671,freesound_111671,foreground_bank_train
urbansound8k_siren_a3e99e88,siren,urbansound8k,freesound_90014,freesound_90014,foreground_bank_train
urbansound8k_siren_a5f9bc54,siren,urbansound8k,freesound_111671,freesound_111671,foreground_bank_train
urbansound8k_siren_a7ffd46e,siren,urbansound8k,freesound_111671,freesound_111671,foreground_bank_train
urbansound8k_siren_a8ab59c3,siren,urbansound8k,freesound_165166,freesound_165166,foreground_bank_train
urbansound8k_siren_a8aeaa48,siren,urbansound8k,freesound_105289,freesound_105289,foreground_bank_train
urbansound8k_siren_a974257a,siren,urbansound8k,freesound_157866,freesound_157866,foreground_bank_train
urbansound8k_siren_a9e1346a,siren,urbansound8k,freesound_159748,freesound_159748,foreground_bank_train
urbansound8k_siren_ab0b0117,siren,urbansound8k,freesound_117181,freesound_117181,foreground_bank_train
urbansound8k_siren_abc5368a,siren,urbansound8k,freesound_157867,freesound_157867,foreground_bank_train
urbansound8k_siren_acb662d1,siren,urbansound8k,freesound_111671,freesound_111671,foreground_bank_train
urbansound8k_siren_ace8bb44,siren,urbansound8k,freesound_156869,freesound_156869,foreground_bank_train
urbansound8k_siren_ad4407e8,siren,urbansound8k,freesound_102871,freesound_102871,foreground_bank_train
urbansound8k_siren_ad6de051,siren,urbansound8k,freesound_157866,freesound_157866,foreground_bank_train
urbansound8k_siren_b146157b,siren,urbansound8k,freesound_156869,freesound_156869,foreground_bank_train
urbansound8k_siren_b23c1a23,siren,urbansound8k,freesound_111671,freesound_111671,foreground_bank_train
urbansound8k_siren_b293e55a,siren,urbansound8k,freesound_184623,freesound_184623,foreground_bank_train
urbansound8k_siren_b3c8055d,siren,urbansound8k,freesound_117181,freesound_117181,foreground_bank_train
urbansound8k_siren_b3d9b17c,siren,urbansound8k,freesound_156869,freesound_156869,foreground_bank_train
urbansound8k_siren_b3f94f26,siren,urbansound8k,freesound_159748,freesound_159748,foreground_bank_train
urbansound8k_siren_b55e1ab5,siren,urbansound8k,freesound_184623,freesound_184623,foreground_bank_train
urbansound8k_siren_b5717918,siren,urbansound8k,freesound_111671,freesound_111671,foreground_bank_train
urbansound8k_siren_b66905fa,siren,urbansound8k,freesound_157867,freesound_157867,foreground_bank_train
urbansound8k_siren_b6a8e7be,siren,urbansound8k,freesound_157868,freesound_157868,foreground_bank_train
urbansound8k_siren_b74ce51b,siren,urbansound8k,freesound_157868,freesound_157868,foreground_bank_train
urbansound8k_siren_b7b9ce4e,siren,urbansound8k,freesound_90014,freesound_90014,foreground_bank_train
urbansound8k_siren_b8a201b8,siren,urbansound8k,freesound_157867,freesound_157867,foreground_bank_train
urbansound8k_siren_bb3eeaba,siren,urbansound8k,freesound_157866,freesound_157866,foreground_bank_train
urbansound8k_siren_bda498d7,siren,urbansound8k,freesound_157867,freesound_157867,foreground_bank_train
urbansound8k_siren_bdc130d1,siren,urbansound8k,freesound_157868,freesound_157868,foreground_bank_train
urbansound8k_siren_bec945c2,siren,urbansound8k,freesound_102871,freesound_102871,foreground_bank_train
urbansound8k_siren_beefb800,siren,urbansound8k,freesound_159753,freesound_159753,foreground_bank_train
urbansound8k_siren_bf509e57,siren,urbansound8k,freesound_102871,freesound_102871,foreground_bank_train
urbansound8k_siren_c1d9396a,siren,urbansound8k,freesound_71177,freesound_71177,foreground_bank_train
urbansound8k_siren_c27fb09b,siren,urbansound8k,freesound_117181,freesound_117181,foreground_bank_train
urbansound8k_siren_c35fd9f6,siren,urbansound8k,freesound_157868,freesound_157868,foreground_bank_train
urbansound8k_siren_c494d69c,siren,urbansound8k,freesound_159748,freesound_159748,foreground_bank_train
urbansound8k_siren_c4979722,siren,urbansound8k,freesound_62878,freesound_62878,foreground_bank_train
urbansound8k_siren_c4e1a80e,siren,urbansound8k,freesound_159753,freesound_159753,foreground_bank_train
urbansound8k_siren_c5137d90,siren,urbansound8k,freesound_117181,freesound_117181,foreground_bank_train
urbansound8k_siren_c60b1618,siren,urbansound8k,freesound_123688,freesound_123688,foreground_bank_train
urbansound8k_siren_c6e55f6f,siren,urbansound8k,freesound_159755,freesound_159755,foreground_bank_train
urbansound8k_siren_c7322f43,siren,urbansound8k,freesound_159750,freesound_159750,foreground_bank_train
urbansound8k_siren_c760dc15,siren,urbansound8k,freesound_111671,freesound_111671,foreground_bank_train
urbansound8k_siren_c77385bc,siren,urbansound8k,freesound_159755,freesound_159755,foreground_bank_train
urbansound8k_siren_c79537ff,siren,urbansound8k,freesound_157868,freesound_157868,foreground_bank_train
urbansound8k_siren_c7bc5f3c,siren,urbansound8k,freesound_94020,freesound_94020,foreground_bank_train
urbansound8k_siren_c8651c92,siren,urbansound8k,freesound_157867,freesound_157867,foreground_bank_train
urbansound8k_siren_c87353cc,siren,urbansound8k,freesound_156869,freesound_156869,foreground_bank_train
urbansound8k_siren_c89db2ce,siren,urbansound8k,freesound_75490,freesound_75490,foreground_bank_train
urbansound8k_siren_c8a3a6d1,siren,urbansound8k,freesound_157866,freesound_157866,foreground_bank_train
urbansound8k_siren_c92f2e45,siren,urbansound8k,freesound_157868,freesound_157868,foreground_bank_train
urbansound8k_siren_c95176e2,siren,urbansound8k,freesound_157868,freesound_157868,foreground_bank_train
urbansound8k_siren_c9811ece,siren,urbansound8k,freesound_90014,freesound_90014,foreground_bank_train
urbansound8k_siren_cb90186e,siren,urbansound8k,freesound_165166,freesound_165166,foreground_bank_train
urbansound8k_siren_ccd57ad8,siren,urbansound8k,freesound_157868,freesound_157868,foreground_bank_train
urbansound8k_siren_cde131df,siren,urbansound8k,freesound_123688,freesound_123688,foreground_bank_train
urbansound8k_siren_cf97ba4d,siren,urbansound8k,freesound_156868,freesound_156868,foreground_bank_train
urbansound8k_siren_cfce3d04,siren,urbansound8k,freesound_113160,freesound_113160,foreground_bank_train
urbansound8k_siren_cfe5254f,siren,urbansound8k,freesound_102871,freesound_102871,foreground_bank_train
urbansound8k_siren_d1428dba,siren,urbansound8k,freesound_157867,freesound_157867,foreground_bank_train
urbansound8k_siren_d1be7430,siren,urbansound8k,freesound_203913,freesound_203913,foreground_bank_train
urbansound8k_siren_d21202f9,siren,urbansound8k,freesound_157868,freesound_157868,foreground_bank_train
urbansound8k_siren_d2126f44,siren,urbansound8k,freesound_111671,freesound_111671,foreground_bank_train
urbansound8k_siren_d4310150,siren,urbansound8k,freesound_157866,freesound_157866,foreground_bank_train
urbansound8k_siren_d48faad1,siren,urbansound8k,freesound_71177,freesound_71177,foreground_bank_train
urbansound8k_siren_d500369b,siren,urbansound8k,freesound_156869,freesound_156869,foreground_bank_train
urbansound8k_siren_d5baf0da,siren,urbansound8k,freesound_156869,freesound_156869,foreground_bank_train
urbansound8k_siren_d6456790,siren,urbansound8k,freesound_117181,freesound_117181,foreground_bank_train
urbansound8k_siren_d6a0e8be,siren,urbansound8k,freesound_74726,freesound_74726,foreground_bank_train
urbansound8k_siren_d712ed35,siren,urbansound8k,freesound_102871,freesound_102871,foreground_bank_train
urbansound8k_siren_d87d1216,siren,urbansound8k,freesound_203913,freesound_203913,foreground_bank_train
urbansound8k_siren_d88b6cd9,siren,urbansound8k,freesound_74726,freesound_74726,foreground_bank_train
urbansound8k_siren_d918c93b,siren,urbansound8k,freesound_159755,freesound_159755,foreground_bank_train
urbansound8k_siren_d9a94c05,siren,urbansound8k,freesound_159748,freesound_159748,foreground_bank_train
urbansound8k_siren_da12f55c,siren,urbansound8k,freesound_117181,freesound_117181,foreground_bank_train
urbansound8k_siren_da52643d,siren,urbansound8k,freesound_159753,freesound_159753,foreground_bank_train
urbansound8k_siren_db576a41,siren,urbansound8k,freesound_156869,freesound_156869,foreground_bank_train
urbansound8k_siren_db634490,siren,urbansound8k,freesound_102871,freesound_102871,foreground_bank_train
urbansound8k_siren_dc305a4f,siren,urbansound8k,freesound_123688,freesound_123688,foreground_bank_train
urbansound8k_siren_dc360e60,siren,urbansound8k,freesound_157867,freesound_157867,foreground_bank_train
urbansound8k_siren_dd2769f2,siren,urbansound8k,freesound_159748,freesound_159748,foreground_bank_train
urbansound8k_siren_e0153327,siren,urbansound8k,freesound_62878,freesound_62878,foreground_bank_train
urbansound8k_siren_e0a891db,siren,urbansound8k,freesound_157868,freesound_157868,foreground_bank_train
urbansound8k_siren_e2a89238,siren,urbansound8k,freesound_123688,freesound_123688,foreground_bank_train
urbansound8k_siren_e4bb8b9a,siren,urbansound8k,freesound_157868,freesound_157868,foreground_bank_train
urbansound8k_siren_e4f1a722,siren,urbansound8k,freesound_159748,freesound_159748,foreground_bank_train
urbansound8k_siren_e5e063dc,siren,urbansound8k,freesound_157866,freesound_157866,foreground_bank_train
urbansound8k_siren_e69b1a0f,siren,urbansound8k,freesound_157868,freesound_157868,foreground_bank_train
urbansound8k_siren_e7856fa4,siren,urbansound8k,freesound_159748,freesound_159748,foreground_bank_train
urbansound8k_siren_e8a8bd03,siren,urbansound8k,freesound_159748,freesound_159748,foreground_bank_train
urbansound8k_siren_eaa71ec5,siren,urbansound8k,freesound_102871,freesound_102871,foreground_bank_train
urbansound8k_siren_ece42c50,siren,urbansound8k,freesound_117181,freesound_117181,foreground_bank_train
urbansound8k_siren_ee43b3f1,siren,urbansound8k,freesound_159754,freesound_159754,foreground_bank_train
urbansound8k_siren_ef611b03,siren,urbansound8k,freesound_111671,freesound_111671,foreground_bank_train
urbansound8k_siren_f01147e8,siren,urbansound8k,freesound_117181,freesound_117181,foreground_bank_train
urbansound8k_siren_f02e6136,siren,urbansound8k,freesound_102871,freesound_102871,foreground_bank_train
urbansound8k_siren_f0a0001e,siren,urbansound8k,freesound_111671,freesound_111671,foreground_bank_train
urbansound8k_siren_f1190ecb,siren,urbansound8k,freesound_157868,freesound_157868,foreground_bank_train
urbansound8k_siren_f45c11b1,siren,urbansound8k,freesound_159754,freesound_159754,foreground_bank_train
urbansound8k_siren_f46e79e9,siren,urbansound8k,freesound_157867,freesound_157867,foreground_bank_train
urbansound8k_siren_f47fbdcd,siren,urbansound8k,freesound_157867,freesound_157867,foreground_bank_train
urbansound8k_siren_f4aa7332,siren,urbansound8k,freesound_157868,freesound_157868,foreground_bank_train
urbansound8k_siren_f769891f,siren,urbansound8k,freesound_165166,freesound_165166,foreground_bank_train
urbansound8k_siren_f76f53da,siren,urbansound8k,freesound_157866,freesound_157866,foreground_bank_train
urbansound8k_siren_f79251df,siren,urbansound8k,freesound_157866,freesound_157866,foreground_bank_train
urbansound8k_siren_f7ee0f57,siren,urbansound8k,freesound_159748,freesound_159748,foreground_bank_train
urbansound8k_siren_f9d5fb25,siren,urbansound8k,freesound_157868,freesound_157868,foreground_bank_train
urbansound8k_siren_fb8e573b,siren,urbansound8k,freesound_157867,freesound_157867,foreground_bank_train
urbansound8k_siren_fbf375d9,siren,urbansound8k,freesound_203913,freesound_203913,foreground_bank_train
urbansound8k_siren_fc292337,siren,urbansound8k,freesound_117181,freesound_117181,foreground_bank_train
urbansound8k_siren_fcb8cc36,siren,urbansound8k,freesound_157866,freesound_157866,foreground_bank_train
urbansound8k_siren_ff29a1d9,siren,urbansound8k,freesound_117181,freesound_117181,foreground_bank_train
desed_speech_normal_00d1ebe8,speech_normal,desed_soundbank,freesound_71558,freesound_71558,foreground_bank_train
desed_speech_normal_011d528d,speech_normal,desed_soundbank,freesound_92965,freesound_92965,foreground_bank_train
desed_speech_normal_02efdffa,speech_normal,desed_soundbank,freesound_95800,freesound_95800,foreground_bank_train
desed_speech_normal_031bcffd,speech_normal,desed_soundbank,freesound_422724,freesound_422724,foreground_bank_train
desed_speech_normal_03782c56,speech_normal,desed_soundbank,freesound_147985,freesound_147985,foreground_bank_train
desed_speech_normal_054bedbd,speech_normal,desed_soundbank,freesound_96543,freesound_96543,foreground_bank_train
desed_speech_normal_06907bd2,speech_normal,desed_soundbank,freesound_108885,freesound_108885,foreground_bank_train
desed_speech_normal_076368b9,speech_normal,desed_soundbank,freesound_106454,freesound_106454,foreground_bank_train
desed_speech_normal_07c4e95a,speech_normal,desed_soundbank,freesound_92955,freesound_92955,foreground_bank_train
desed_speech_normal_0819de8b,speech_normal,desed_soundbank,freesound_189415,freesound_189415,foreground_bank_train
desed_speech_normal_08de59b2,speech_normal,desed_soundbank,freesound_147985,freesound_147985,foreground_bank_train
desed_speech_normal_0a9b45bf,speech_normal,desed_soundbank,freesound_91028,freesound_91028,foreground_bank_train
desed_speech_normal_0b73ef2f,speech_normal,desed_soundbank,freesound_107542,freesound_107542,foreground_bank_train
desed_speech_normal_0badeae4,speech_normal,desed_soundbank,freesound_87687,freesound_87687,foreground_bank_train
desed_speech_normal_0bce7a6f,speech_normal,desed_soundbank,freesound_97828,freesound_97828,foreground_bank_train
desed_speech_normal_0d20fc4f,speech_normal,desed_soundbank,freesound_189407,freesound_189407,foreground_bank_train
desed_speech_normal_109aa4ef,speech_normal,desed_soundbank,freesound_124810,freesound_124810,foreground_bank_train
desed_speech_normal_14fdf11d,speech_normal,desed_soundbank,freesound_81936,freesound_81936,foreground_bank_train
desed_speech_normal_1618b755,speech_normal,desed_soundbank,freesound_92962,freesound_92962,foreground_bank_train
desed_speech_normal_16de5580,speech_normal,desed_soundbank,freesound_189433,freesound_189433,foreground_bank_train
desed_speech_normal_1809e681,speech_normal,desed_soundbank,freesound_106436,freesound_106436,foreground_bank_train
desed_speech_normal_198040b1,speech_normal,desed_soundbank,freesound_106468,freesound_106468,foreground_bank_train
desed_speech_normal_1c2f1869,speech_normal,desed_soundbank,freesound_236487,freesound_236487,foreground_bank_train
desed_speech_normal_1d575ee5,speech_normal,desed_soundbank,freesound_277010,freesound_277010,foreground_bank_train
desed_speech_normal_2062f03e,speech_normal,desed_soundbank,freesound_92931,freesound_92931,foreground_bank_train
desed_speech_normal_209b2b52,speech_normal,desed_soundbank,freesound_106441,freesound_106441,foreground_bank_train
desed_speech_normal_2214edca,speech_normal,desed_soundbank,freesound_77422,freesound_77422,foreground_bank_train
desed_speech_normal_269237d8,speech_normal,desed_soundbank,freesound_236420,freesound_236420,foreground_bank_train
desed_speech_normal_280592cb,speech_normal,desed_soundbank,freesound_95786,freesound_95786,foreground_bank_train
desed_speech_normal_296a035e,speech_normal,desed_soundbank,freesound_59041,freesound_59041,foreground_bank_train
desed_speech_normal_29890c4f,speech_normal,desed_soundbank,freesound_109859,freesound_109859,foreground_bank_train
desed_speech_normal_2aff10f7,speech_normal,desed_soundbank,freesound_109911,freesound_109911,foreground_bank_train
desed_speech_normal_2b1c9c77,speech_normal,desed_soundbank,freesound_87687,freesound_87687,foreground_bank_train
desed_speech_normal_2b8b49b0,speech_normal,desed_soundbank,freesound_106454,freesound_106454,foreground_bank_train
desed_speech_normal_2bd14776,speech_normal,desed_soundbank,freesound_94393,freesound_94393,foreground_bank_train
desed_speech_normal_2dd5825a,speech_normal,desed_soundbank,freesound_106436,freesound_106436,foreground_bank_train
desed_speech_normal_2e242951,speech_normal,desed_soundbank,freesound_189421,freesound_189421,foreground_bank_train
desed_speech_normal_2e7d9d43,speech_normal,desed_soundbank,freesound_67744,freesound_67744,foreground_bank_train
desed_speech_normal_3246d560,speech_normal,desed_soundbank,freesound_236561,freesound_236561,foreground_bank_train
desed_speech_normal_32700ecd,speech_normal,desed_soundbank,freesound_236487,freesound_236487,foreground_bank_train
desed_speech_normal_342f0bfa,speech_normal,desed_soundbank,freesound_108875,freesound_108875,foreground_bank_train
desed_speech_normal_3444bfc3,speech_normal,desed_soundbank,freesound_236487,freesound_236487,foreground_bank_train
desed_speech_normal_3617c85d,speech_normal,desed_soundbank,freesound_147985,freesound_147985,foreground_bank_train
desed_speech_normal_36180701,speech_normal,desed_soundbank,freesound_104736,freesound_104736,foreground_bank_train
desed_speech_normal_36695326,speech_normal,desed_soundbank,freesound_402021,freesound_402021,foreground_bank_train
desed_speech_normal_369a432f,speech_normal,desed_soundbank,freesound_106468,freesound_106468,foreground_bank_train
desed_speech_normal_36f52825,speech_normal,desed_soundbank,freesound_87687,freesound_87687,foreground_bank_train
desed_speech_normal_37a85651,speech_normal,desed_soundbank,freesound_92961,freesound_92961,foreground_bank_train
desed_speech_normal_39815aa2,speech_normal,desed_soundbank,freesound_92961,freesound_92961,foreground_bank_train
desed_speech_normal_3af564b7,speech_normal,desed_soundbank,freesound_189386,freesound_189386,foreground_bank_train
desed_speech_normal_3cbea9a2,speech_normal,desed_soundbank,freesound_234996,freesound_234996,foreground_bank_train
desed_speech_normal_3d4ddb40,speech_normal,desed_soundbank,freesound_77420,freesound_77420,foreground_bank_train
desed_speech_normal_3e07db75,speech_normal,desed_soundbank,freesound_361089,freesound_361089,foreground_bank_train
desed_speech_normal_3ef6bd4f,speech_normal,desed_soundbank,freesound_93379,freesound_93379,foreground_bank_train
desed_speech_normal_40b85273,speech_normal,desed_soundbank,freesound_108885,freesound_108885,foreground_bank_train
desed_speech_normal_41998869,speech_normal,desed_soundbank,freesound_67744,freesound_67744,foreground_bank_train
desed_speech_normal_41e6a02f,speech_normal,desed_soundbank,freesound_33687,freesound_33687,foreground_bank_train
desed_speech_normal_42747b70,speech_normal,desed_soundbank,freesound_106436,freesound_106436,foreground_bank_train
desed_speech_normal_45636e89,speech_normal,desed_soundbank,freesound_215682,freesound_215682,foreground_bank_train
desed_speech_normal_48fd105c,speech_normal,desed_soundbank,freesound_109911,freesound_109911,foreground_bank_train
desed_speech_normal_51552a71,speech_normal,desed_soundbank,freesound_189382,freesound_189382,foreground_bank_train
desed_speech_normal_524480b9,speech_normal,desed_soundbank,freesound_124810,freesound_124810,foreground_bank_train
desed_speech_normal_52d7e5a3,speech_normal,desed_soundbank,freesound_77409,freesound_77409,foreground_bank_train
desed_speech_normal_533bece9,speech_normal,desed_soundbank,freesound_236368,freesound_236368,foreground_bank_train
desed_speech_normal_566ab804,speech_normal,desed_soundbank,freesound_89312,freesound_89312,foreground_bank_train
desed_speech_normal_59038036,speech_normal,desed_soundbank,freesound_328711,freesound_328711,foreground_bank_train
desed_speech_normal_59b83ca4,speech_normal,desed_soundbank,freesound_33689,freesound_33689,foreground_bank_train
desed_speech_normal_59f56944,speech_normal,desed_soundbank,freesound_262233,freesound_262233,foreground_bank_train
desed_speech_normal_5ab3a069,speech_normal,desed_soundbank,freesound_96543,freesound_96543,foreground_bank_train
desed_speech_normal_6125018e,speech_normal,desed_soundbank,freesound_235149,freesound_235149,foreground_bank_train
desed_speech_normal_61959190,speech_normal,desed_soundbank,freesound_235149,freesound_235149,foreground_bank_train
desed_speech_normal_622b42d4,speech_normal,desed_soundbank,freesound_260992,freesound_260992,foreground_bank_train
desed_speech_normal_65cfa75f,speech_normal,desed_soundbank,freesound_77415,freesound_77415,foreground_bank_train
desed_speech_normal_6650d00e,speech_normal,desed_soundbank,freesound_147985,freesound_147985,foreground_bank_train
desed_speech_normal_66ab17f9,speech_normal,desed_soundbank,freesound_93363,freesound_93363,foreground_bank_train
desed_speech_normal_682f883f,speech_normal,desed_soundbank,freesound_106441,freesound_106441,foreground_bank_train
desed_speech_normal_69b8dc1e,speech_normal,desed_soundbank,freesound_242663,freesound_242663,foreground_bank_train
desed_speech_normal_6c8de84f,speech_normal,desed_soundbank,freesound_189419,freesound_189419,foreground_bank_train
desed_speech_normal_6d59eacf,speech_normal,desed_soundbank,freesound_99464,freesound_99464,foreground_bank_train
desed_speech_normal_6f86d49b,speech_normal,desed_soundbank,freesound_147985,freesound_147985,foreground_bank_train
desed_speech_normal_70d7e848,speech_normal,desed_soundbank,freesound_92967,freesound_92967,foreground_bank_train
desed_speech_normal_71684636,speech_normal,desed_soundbank,freesound_189413,freesound_189413,foreground_bank_train
desed_speech_normal_72847a84,speech_normal,desed_soundbank,freesound_87687,freesound_87687,foreground_bank_train
desed_speech_normal_7334aafe,speech_normal,desed_soundbank,freesound_277010,freesound_277010,foreground_bank_train
desed_speech_normal_7451097a,speech_normal,desed_soundbank,freesound_147985,freesound_147985,foreground_bank_train
desed_speech_normal_74f47905,speech_normal,desed_soundbank,freesound_189361,freesound_189361,foreground_bank_train
desed_speech_normal_75770322,speech_normal,desed_soundbank,freesound_92972,freesound_92972,foreground_bank_train
desed_speech_normal_75a4780a,speech_normal,desed_soundbank,freesound_147985,freesound_147985,foreground_bank_train
desed_speech_normal_7647c316,speech_normal,desed_soundbank,freesound_122204,freesound_122204,foreground_bank_train
desed_speech_normal_76e172cc,speech_normal,desed_soundbank,freesound_95286,freesound_95286,foreground_bank_train
desed_speech_normal_77d75b0f,speech_normal,desed_soundbank,freesound_89312,freesound_89312,foreground_bank_train
desed_speech_normal_7e65650f,speech_normal,desed_soundbank,freesound_241581,freesound_241581,foreground_bank_train
desed_speech_normal_8012fbf5,speech_normal,desed_soundbank,freesound_189410,freesound_189410,foreground_bank_train
desed_speech_normal_8032a0c4,speech_normal,desed_soundbank,freesound_328711,freesound_328711,foreground_bank_train
desed_speech_normal_80555e87,speech_normal,desed_soundbank,freesound_87687,freesound_87687,foreground_bank_train
desed_speech_normal_817d036e,speech_normal,desed_soundbank,freesound_87687,freesound_87687,foreground_bank_train
desed_speech_normal_8622af0b,speech_normal,desed_soundbank,freesound_33687,freesound_33687,foreground_bank_train
desed_speech_normal_86d99f05,speech_normal,desed_soundbank,freesound_236531,freesound_236531,foreground_bank_train
desed_speech_normal_874b2975,speech_normal,desed_soundbank,freesound_147985,freesound_147985,foreground_bank_train
desed_speech_normal_88045f00,speech_normal,desed_soundbank,freesound_99464,freesound_99464,foreground_bank_train
desed_speech_normal_88562586,speech_normal,desed_soundbank,freesound_93368,freesound_93368,foreground_bank_train
desed_speech_normal_890cba22,speech_normal,desed_soundbank,freesound_106438,freesound_106438,foreground_bank_train
desed_speech_normal_925d2219,speech_normal,desed_soundbank,freesound_95786,freesound_95786,foreground_bank_train
desed_speech_normal_94895b72,speech_normal,desed_soundbank,freesound_87687,freesound_87687,foreground_bank_train
desed_speech_normal_9495e113,speech_normal,desed_soundbank,freesound_236605,freesound_236605,foreground_bank_train
desed_speech_normal_9b0004ef,speech_normal,desed_soundbank,freesound_80613,freesound_80613,foreground_bank_train
desed_speech_normal_9cba5b99,speech_normal,desed_soundbank,freesound_215682,freesound_215682,foreground_bank_train
desed_speech_normal_9d97e514,speech_normal,desed_soundbank,freesound_236651,freesound_236651,foreground_bank_train
desed_speech_normal_9f1f4948,speech_normal,desed_soundbank,freesound_93379,freesound_93379,foreground_bank_train
desed_speech_normal_9f4eeeb5,speech_normal,desed_soundbank,freesound_241578,freesound_241578,foreground_bank_train
desed_speech_normal_a1d5f44d,speech_normal,desed_soundbank,freesound_95786,freesound_95786,foreground_bank_train
desed_speech_normal_a290b0e4,speech_normal,desed_soundbank,freesound_147985,freesound_147985,foreground_bank_train
desed_speech_normal_a4d1322b,speech_normal,desed_soundbank,freesound_277010,freesound_277010,foreground_bank_train
desed_speech_normal_a88f8482,speech_normal,desed_soundbank,freesound_235016,freesound_235016,foreground_bank_train
desed_speech_normal_ab2337cf,speech_normal,desed_soundbank,freesound_189377,freesound_189377,foreground_bank_train
desed_speech_normal_ab24e748,speech_normal,desed_soundbank,freesound_189405,freesound_189405,foreground_bank_train
desed_speech_normal_ab6d6b75,speech_normal,desed_soundbank,freesound_94393,freesound_94393,foreground_bank_train
desed_speech_normal_affefe80,speech_normal,desed_soundbank,freesound_262233,freesound_262233,foreground_bank_train
desed_speech_normal_b0383094,speech_normal,desed_soundbank,freesound_106468,freesound_106468,foreground_bank_train
desed_speech_normal_b2aec2a9,speech_normal,desed_soundbank,freesound_328711,freesound_328711,foreground_bank_train
desed_speech_normal_b473f22e,speech_normal,desed_soundbank,freesound_107808,freesound_107808,foreground_bank_train
desed_speech_normal_b62d8943,speech_normal,desed_soundbank,freesound_107808,freesound_107808,foreground_bank_train
desed_speech_normal_b698a638,speech_normal,desed_soundbank,freesound_236561,freesound_236561,foreground_bank_train
desed_speech_normal_b89c13c0,speech_normal,desed_soundbank,freesound_236348,freesound_236348,foreground_bank_train
desed_speech_normal_ba31b660,speech_normal,desed_soundbank,freesound_93368,freesound_93368,foreground_bank_train
desed_speech_normal_be5e9c07,speech_normal,desed_soundbank,freesound_147985,freesound_147985,foreground_bank_train
desed_speech_normal_c01b2a79,speech_normal,desed_soundbank,freesound_236561,freesound_236561,foreground_bank_train
desed_speech_normal_c177fd17,speech_normal,desed_soundbank,freesound_99464,freesound_99464,foreground_bank_train
desed_speech_normal_c1c10f8b,speech_normal,desed_soundbank,freesound_77422,freesound_77422,foreground_bank_train
desed_speech_normal_c3f22ab6,speech_normal,desed_soundbank,freesound_106454,freesound_106454,foreground_bank_train
desed_speech_normal_c699a838,speech_normal,desed_soundbank,freesound_92922,freesound_92922,foreground_bank_train
desed_speech_normal_c7437344,speech_normal,desed_soundbank,freesound_87687,freesound_87687,foreground_bank_train
desed_speech_normal_c9b6aa1d,speech_normal,desed_soundbank,freesound_106468,freesound_106468,foreground_bank_train
desed_speech_normal_c9dfeed2,speech_normal,desed_soundbank,freesound_236487,freesound_236487,foreground_bank_train
desed_speech_normal_cb5fc912,speech_normal,desed_soundbank,freesound_96543,freesound_96543,foreground_bank_train
desed_speech_normal_cef647d5,speech_normal,desed_soundbank,freesound_147985,freesound_147985,foreground_bank_train
desed_speech_normal_cf2925f9,speech_normal,desed_soundbank,freesound_215682,freesound_215682,foreground_bank_train
desed_speech_normal_cf67cba1,speech_normal,desed_soundbank,freesound_77423,freesound_77423,foreground_bank_train
desed_speech_normal_cf74d925,speech_normal,desed_soundbank,freesound_147985,freesound_147985,foreground_bank_train
desed_speech_normal_d08dfe10,speech_normal,desed_soundbank,freesound_124810,freesound_124810,foreground_bank_train
desed_speech_normal_d0f8db02,speech_normal,desed_soundbank,freesound_320658,freesound_320658,foreground_bank_train
desed_speech_normal_d1889c94,speech_normal,desed_soundbank,freesound_147985,freesound_147985,foreground_bank_train
desed_speech_normal_d27f58e2,speech_normal,desed_soundbank,freesound_328711,freesound_328711,foreground_bank_train
desed_speech_normal_d2f2f46a,speech_normal,desed_soundbank,freesound_93363,freesound_93363,foreground_bank_train
desed_speech_normal_d546dddc,speech_normal,desed_soundbank,freesound_124818,freesound_124818,foreground_bank_train
desed_speech_normal_d57cdbd7,speech_normal,desed_soundbank,freesound_147985,freesound_147985,foreground_bank_train
desed_speech_normal_daabe9bc,speech_normal,desed_soundbank,freesound_147985,freesound_147985,foreground_bank_train
desed_speech_normal_db894e15,speech_normal,desed_soundbank,freesound_361089,freesound_361089,foreground_bank_train
desed_speech_normal_dd66951a,speech_normal,desed_soundbank,freesound_189420,freesound_189420,foreground_bank_train
desed_speech_normal_e46d94de,speech_normal,desed_soundbank,freesound_147985,freesound_147985,foreground_bank_train
desed_speech_normal_e66e9bff,speech_normal,desed_soundbank,freesound_80190,freesound_80190,foreground_bank_train
desed_speech_normal_e7ca37f5,speech_normal,desed_soundbank,freesound_147985,freesound_147985,foreground_bank_train
desed_speech_normal_e86c3ca7,speech_normal,desed_soundbank,freesound_33689,freesound_33689,foreground_bank_train
desed_speech_normal_e9296c38,speech_normal,desed_soundbank,freesound_277010,freesound_277010,foreground_bank_train
desed_speech_normal_eb574e22,speech_normal,desed_soundbank,freesound_93368,freesound_93368,foreground_bank_train
desed_speech_normal_ed9eea2c,speech_normal,desed_soundbank,freesound_147985,freesound_147985,foreground_bank_train
desed_speech_normal_eda05696,speech_normal,desed_soundbank,freesound_63331,freesound_63331,foreground_bank_train
desed_speech_normal_ef6fe7c9,speech_normal,desed_soundbank,freesound_429038,freesound_429038,foreground_bank_train
desed_speech_normal_f0e8e9c2,speech_normal,desed_soundbank,freesound_92951,freesound_92951,foreground_bank_train
desed_speech_normal_f107fb0d,speech_normal,desed_soundbank,freesound_82788,freesound_82788,foreground_bank_train
desed_speech_normal_f221943d,speech_normal,desed_soundbank,freesound_77423,freesound_77423,foreground_bank_train
desed_speech_normal_f4175987,speech_normal,desed_soundbank,freesound_254034,freesound_254034,foreground_bank_train
desed_speech_normal_f4317d54,speech_normal,desed_soundbank,freesound_147985,freesound_147985,foreground_bank_train
desed_speech_normal_f6286392,speech_normal,desed_soundbank,freesound_146291,freesound_146291,foreground_bank_train
desed_speech_normal_f693ae6b,speech_normal,desed_soundbank,freesound_147985,freesound_147985,foreground_bank_train
desed_speech_normal_f6a67906,speech_normal,desed_soundbank,freesound_82788,freesound_82788,foreground_bank_train
desed_speech_normal_f74e5640,speech_normal,desed_soundbank,freesound_92932,freesound_92932,foreground_bank_train
desed_speech_normal_f950cd86,speech_normal,desed_soundbank,freesound_93375,freesound_93375,foreground_bank_train
desed_speech_normal_f9744285,speech_normal,desed_soundbank,freesound_147985,freesound_147985,foreground_bank_train
desed_speech_normal_fcbadfa8,speech_normal,desed_soundbank,freesound_86461,freesound_86461,foreground_bank_train
desed_speech_normal_fd4a80a8,speech_normal,desed_soundbank,freesound_254393,freesound_254393,foreground_bank_train
desed_speech_normal_fdb2c7c0,speech_normal,desed_soundbank,freesound_147985,freesound_147985,foreground_bank_train
desed_speech_normal_fef39363,speech_normal,desed_soundbank,freesound_93375,freesound_93375,foreground_bank_train
desed_speech_normal_fefd991f,speech_normal,desed_soundbank,freesound_109859,freesound_109859,foreground_bank_train
fsd50k_speech_normal_003e209b,speech_normal,fsd50k,freesound_uploader_marcello777,freesound_uploader_marcello777,foreground_bank_train
fsd50k_speech_normal_00fcc1c3,speech_normal,fsd50k,freesound_uploader_theuncertainman,freesound_uploader_theuncertainman,foreground_bank_train
fsd50k_speech_normal_00ff7bce,speech_normal,fsd50k,freesound_uploader_Corsica_S,freesound_uploader_Corsica_S,foreground_bank_train
fsd50k_speech_normal_0112d730,speech_normal,fsd50k,freesound_uploader_mo_damage,freesound_uploader_mo_damage,foreground_bank_train
fsd50k_speech_normal_0146c3ec,speech_normal,fsd50k,freesound_uploader_dardue,freesound_uploader_dardue,foreground_bank_train
fsd50k_speech_normal_0166b4df,speech_normal,fsd50k,freesound_uploader_Corsica_S,freesound_uploader_Corsica_S,foreground_bank_train
fsd50k_speech_normal_017d0dc0,speech_normal,fsd50k,freesound_uploader_bulldozia,freesound_uploader_bulldozia,foreground_bank_train
fsd50k_speech_normal_01811233,speech_normal,fsd50k,freesound_uploader_Corsica_S,freesound_uploader_Corsica_S,foreground_bank_train
fsd50k_speech_normal_018812d6,speech_normal,fsd50k,freesound_uploader_Corsica_S,freesound_uploader_Corsica_S,foreground_bank_train
fsd50k_speech_normal_02247412,speech_normal,fsd50k,freesound_uploader_Corsica_S,freesound_uploader_Corsica_S,foreground_bank_train
fsd50k_speech_normal_037702f2,speech_normal,fsd50k,freesound_uploader_Corsica_S,freesound_uploader_Corsica_S,foreground_bank_train
fsd50k_speech_normal_03aaa104,speech_normal,fsd50k,freesound_uploader_bulldozia,freesound_uploader_bulldozia,foreground_bank_train
fsd50k_speech_normal_03f46e80,speech_normal,fsd50k,freesound_uploader_bulldozia,freesound_uploader_bulldozia,foreground_bank_train
fsd50k_speech_normal_04004fed,speech_normal,fsd50k,freesound_uploader_Corsica_S,freesound_uploader_Corsica_S,foreground_bank_train
fsd50k_speech_normal_04469dc5,speech_normal,fsd50k,freesound_uploader_Corsica_S,freesound_uploader_Corsica_S,foreground_bank_train
fsd50k_speech_normal_050bcab8,speech_normal,fsd50k,freesound_uploader_dobroide,freesound_uploader_dobroide,foreground_bank_train
fsd50k_speech_normal_05347fba,speech_normal,fsd50k,freesound_uploader_Lindsayanng,freesound_uploader_Lindsayanng,foreground_bank_train
fsd50k_speech_normal_05d21fa2,speech_normal,fsd50k,freesound_uploader_Ephemeral_Rift,freesound_uploader_Ephemeral_Rift,foreground_bank_train
fsd50k_speech_normal_05f901df,speech_normal,fsd50k,freesound_uploader_dobroide,freesound_uploader_dobroide,foreground_bank_train
fsd50k_speech_normal_0623b44c,speech_normal,fsd50k,freesound_uploader_epanody,freesound_uploader_epanody,foreground_bank_train
fsd50k_speech_normal_063b2132,speech_normal,fsd50k,freesound_uploader_dersuperanton,freesound_uploader_dersuperanton,foreground_bank_train
fsd50k_speech_normal_06bbeefe,speech_normal,fsd50k,freesound_uploader_Corsica_S,freesound_uploader_Corsica_S,foreground_bank_train
fsd50k_speech_normal_06d30ccf,speech_normal,fsd50k,freesound_uploader_Yuroun,freesound_uploader_Yuroun,foreground_bank_train
fsd50k_speech_normal_0702e7d4,speech_normal,fsd50k,freesound_uploader_Corsica_S,freesound_uploader_Corsica_S,foreground_bank_train
fsd50k_speech_normal_071bb578,speech_normal,fsd50k,freesound_uploader_AlienXXX,freesound_uploader_AlienXXX,foreground_bank_train
fsd50k_speech_normal_0812fa4d,speech_normal,fsd50k,freesound_uploader_Ephemeral_Rift,freesound_uploader_Ephemeral_Rift,foreground_bank_train
fsd50k_speech_normal_081a16db,speech_normal,fsd50k,freesound_uploader_bcimmet,freesound_uploader_bcimmet,foreground_bank_train
fsd50k_speech_normal_08427ce2,speech_normal,fsd50k,freesound_uploader_Fynixx,freesound_uploader_Fynixx,foreground_bank_train
fsd50k_speech_normal_085d6e39,speech_normal,fsd50k,freesound_uploader_Corsica_S,freesound_uploader_Corsica_S,foreground_bank_train
fsd50k_speech_normal_0894e2cd,speech_normal,fsd50k,freesound_uploader_bcimmet,freesound_uploader_bcimmet,foreground_bank_train
fsd50k_speech_normal_08cbbb56,speech_normal,fsd50k,freesound_uploader_SteveG2008,freesound_uploader_SteveG2008,foreground_bank_train
fsd50k_speech_normal_09bf63ba,speech_normal,fsd50k,freesound_uploader_pepezabala,freesound_uploader_pepezabala,foreground_bank_train
fsd50k_speech_normal_0a0eda2b,speech_normal,fsd50k,freesound_uploader_epanody,freesound_uploader_epanody,foreground_bank_train
fsd50k_speech_normal_0a89c6cf,speech_normal,fsd50k,freesound_uploader_Corsica_S,freesound_uploader_Corsica_S,foreground_bank_train
fsd50k_speech_normal_0ae4aff5,speech_normal,fsd50k,freesound_uploader_bcimmet,freesound_uploader_bcimmet,foreground_bank_train
fsd50k_speech_normal_0c04a3ef,speech_normal,fsd50k,freesound_uploader_Engangskameraten,freesound_uploader_Engangskameraten,foreground_bank_train
fsd50k_speech_normal_0c55988e,speech_normal,fsd50k,freesound_uploader_Corsica_S,freesound_uploader_Corsica_S,foreground_bank_train
fsd50k_speech_normal_0c57c1e6,speech_normal,fsd50k,freesound_uploader_Corsica_S,freesound_uploader_Corsica_S,foreground_bank_train
fsd50k_speech_normal_0c7ab56c,speech_normal,fsd50k,freesound_uploader_Corsica_S,freesound_uploader_Corsica_S,foreground_bank_train
fsd50k_speech_normal_0c7bc082,speech_normal,fsd50k,freesound_uploader_bulldozia,freesound_uploader_bulldozia,foreground_bank_train
fsd50k_speech_normal_0deb9410,speech_normal,fsd50k,freesound_uploader_Reitanna,freesound_uploader_Reitanna,foreground_bank_train
fsd50k_speech_normal_0df0ccaa,speech_normal,fsd50k,freesound_uploader_SteveG2008,freesound_uploader_SteveG2008,foreground_bank_train
fsd50k_speech_normal_0e1f7f16,speech_normal,fsd50k,freesound_uploader_Corsica_S,freesound_uploader_Corsica_S,foreground_bank_train
fsd50k_speech_normal_0e72dcf8,speech_normal,fsd50k,freesound_uploader_FunWithSound,freesound_uploader_FunWithSound,foreground_bank_train
fsd50k_speech_normal_0ed5da00,speech_normal,fsd50k,freesound_uploader_Grubzyy,freesound_uploader_Grubzyy,foreground_bank_train
fsd50k_speech_normal_0f080150,speech_normal,fsd50k,freesound_uploader_bulldozia,freesound_uploader_bulldozia,foreground_bank_train
fsd50k_speech_normal_0f62f843,speech_normal,fsd50k,freesound_uploader_Corsica_S,freesound_uploader_Corsica_S,foreground_bank_train
fsd50k_speech_normal_0fa4b003,speech_normal,fsd50k,freesound_uploader_mo_damage,freesound_uploader_mo_damage,foreground_bank_train
fsd50k_speech_normal_0fb3cc4b,speech_normal,fsd50k,freesound_uploader_Jagadamba,freesound_uploader_Jagadamba,foreground_bank_train
fsd50k_speech_normal_1015310c,speech_normal,fsd50k,freesound_uploader_bcimmet,freesound_uploader_bcimmet,foreground_bank_train
fsd50k_speech_normal_104118bf,speech_normal,fsd50k,freesound_uploader_11linda,freesound_uploader_11linda,foreground_bank_train
fsd50k_speech_normal_11ce880c,speech_normal,fsd50k,freesound_uploader_dpsa,freesound_uploader_dpsa,foreground_bank_train
fsd50k_speech_normal_120934b5,speech_normal,fsd50k,freesound_uploader_Fynixx,freesound_uploader_Fynixx,foreground_bank_train
fsd50k_speech_normal_12663957,speech_normal,fsd50k,freesound_uploader_JackyRobby,freesound_uploader_JackyRobby,foreground_bank_train
fsd50k_speech_normal_1312e8ea,speech_normal,fsd50k,freesound_uploader_Corsica_S,freesound_uploader_Corsica_S,foreground_bank_train
fsd50k_speech_normal_142ff841,speech_normal,fsd50k,freesound_uploader_Corsica_S,freesound_uploader_Corsica_S,foreground_bank_train
fsd50k_speech_normal_149a08d1,speech_normal,fsd50k,freesound_uploader_SteveG2008,freesound_uploader_SteveG2008,foreground_bank_train
fsd50k_speech_normal_14fac0b9,speech_normal,fsd50k,freesound_uploader_Ephemeral_Rift,freesound_uploader_Ephemeral_Rift,foreground_bank_train
fsd50k_speech_normal_14fece60,speech_normal,fsd50k,freesound_uploader_qubodup,freesound_uploader_qubodup,foreground_bank_train
fsd50k_speech_normal_15252cc2,speech_normal,fsd50k,freesound_uploader_dobroide,freesound_uploader_dobroide,foreground_bank_train
fsd50k_speech_normal_1555c1be,speech_normal,fsd50k,freesound_uploader_JanVanLeyden,freesound_uploader_JanVanLeyden,foreground_bank_train
fsd50k_speech_normal_15d7c9a2,speech_normal,fsd50k,freesound_uploader_Reitanna,freesound_uploader_Reitanna,foreground_bank_train
fsd50k_speech_normal_16395b80,speech_normal,fsd50k,freesound_uploader_bulldozia,freesound_uploader_bulldozia,foreground_bank_train
fsd50k_speech_normal_163d4814,speech_normal,fsd50k,freesound_uploader_mo_damage,freesound_uploader_mo_damage,foreground_bank_train
fsd50k_speech_normal_167229d4,speech_normal,fsd50k,freesound_uploader_guitarman4,freesound_uploader_guitarman4,foreground_bank_train
fsd50k_speech_normal_175bb95a,speech_normal,fsd50k,freesound_uploader_Corsica_S,freesound_uploader_Corsica_S,foreground_bank_train
fsd50k_speech_normal_17611cd3,speech_normal,fsd50k,freesound_uploader_TheScarlettWitch89,freesound_uploader_TheScarlettWitch89,foreground_bank_train
fsd50k_speech_normal_17ea762b,speech_normal,fsd50k,freesound_uploader_dpsa,freesound_uploader_dpsa,foreground_bank_train
fsd50k_speech_normal_18a8ff4c,speech_normal,fsd50k,freesound_uploader_dobroide,freesound_uploader_dobroide,foreground_bank_train
fsd50k_speech_normal_18b038a5,speech_normal,fsd50k,freesound_uploader_johnnypanic,freesound_uploader_johnnypanic,foreground_bank_train
fsd50k_speech_normal_1903a466,speech_normal,fsd50k,freesound_uploader_bcimmet,freesound_uploader_bcimmet,foreground_bank_train
fsd50k_speech_normal_191c1b20,speech_normal,fsd50k,freesound_uploader_Corsica_S,freesound_uploader_Corsica_S,foreground_bank_train
fsd50k_speech_normal_197aa5d2,speech_normal,fsd50k,freesound_uploader_timtube,freesound_uploader_timtube,foreground_bank_train
fsd50k_speech_normal_19b06dda,speech_normal,fsd50k,freesound_uploader_johnnypanic,freesound_uploader_johnnypanic,foreground_bank_train
fsd50k_speech_normal_19b56388,speech_normal,fsd50k,freesound_uploader_epanody,freesound_uploader_epanody,foreground_bank_train
fsd50k_speech_normal_19f26dd0,speech_normal,fsd50k,freesound_uploader_Reitanna,freesound_uploader_Reitanna,foreground_bank_train
fsd50k_speech_normal_1a8e89b4,speech_normal,fsd50k,freesound_uploader_dpsa,freesound_uploader_dpsa,foreground_bank_train
fsd50k_speech_normal_1a97e50c,speech_normal,fsd50k,freesound_uploader_Corsica_S,freesound_uploader_Corsica_S,foreground_bank_train
fsd50k_speech_normal_1ae16599,speech_normal,fsd50k,freesound_uploader_Corsica_S,freesound_uploader_Corsica_S,foreground_bank_train
fsd50k_speech_normal_1b180594,speech_normal,fsd50k,freesound_uploader_Corsica_S,freesound_uploader_Corsica_S,foreground_bank_train
fsd50k_speech_normal_1b52710b,speech_normal,fsd50k,freesound_uploader_epanody,freesound_uploader_epanody,foreground_bank_train
fsd50k_speech_normal_1b70c52e,speech_normal,fsd50k,freesound_uploader_Corsica_S,freesound_uploader_Corsica_S,foreground_bank_train
fsd50k_speech_normal_1bbe8642,speech_normal,fsd50k,freesound_uploader_bulldozia,freesound_uploader_bulldozia,foreground_bank_train
fsd50k_speech_normal_1bed89f5,speech_normal,fsd50k,freesound_uploader_bcimmet,freesound_uploader_bcimmet,foreground_bank_train
fsd50k_speech_normal_1bf89eb5,speech_normal,fsd50k,freesound_uploader_qubodup,freesound_uploader_qubodup,foreground_bank_train
fsd50k_speech_normal_1c166b08,speech_normal,fsd50k,freesound_uploader_bcimmet,freesound_uploader_bcimmet,foreground_bank_train
fsd50k_speech_normal_1c1eda63,speech_normal,fsd50k,freesound_uploader_shadowmist,freesound_uploader_shadowmist,foreground_bank_train
fsd50k_speech_normal_1c36a80e,speech_normal,fsd50k,freesound_uploader_bcimmet,freesound_uploader_bcimmet,foreground_bank_train
fsd50k_speech_normal_1c8044b5,speech_normal,fsd50k,freesound_uploader_theuncertainman,freesound_uploader_theuncertainman,foreground_bank_train
fsd50k_speech_normal_1cbe5dd9,speech_normal,fsd50k,freesound_uploader_Fynixx,freesound_uploader_Fynixx,foreground_bank_train
fsd50k_speech_normal_1cd2c051,speech_normal,fsd50k,freesound_uploader_Corsica_S,freesound_uploader_Corsica_S,foreground_bank_train
fsd50k_speech_normal_1cddce21,speech_normal,fsd50k,freesound_uploader_3BGBCA,freesound_uploader_3BGBCA,foreground_bank_train
fsd50k_speech_normal_1ce8f282,speech_normal,fsd50k,freesound_uploader_Reitanna,freesound_uploader_Reitanna,foreground_bank_train
fsd50k_speech_normal_1daea2e9,speech_normal,fsd50k,freesound_uploader_bulldozia,freesound_uploader_bulldozia,foreground_bank_train
fsd50k_speech_normal_1e29cb75,speech_normal,fsd50k,freesound_uploader_Corsica_S,freesound_uploader_Corsica_S,foreground_bank_train
fsd50k_speech_normal_1e73e246,speech_normal,fsd50k,freesound_uploader_dersuperanton,freesound_uploader_dersuperanton,foreground_bank_train
fsd50k_speech_normal_1e9e877c,speech_normal,fsd50k,freesound_uploader_Ionicsmusic,freesound_uploader_Ionicsmusic,foreground_bank_train
fsd50k_speech_normal_1eee0f97,speech_normal,fsd50k,freesound_uploader_mo_damage,freesound_uploader_mo_damage,foreground_bank_train
fsd50k_speech_normal_1f1dda76,speech_normal,fsd50k,freesound_uploader_Artmasterrich,freesound_uploader_Artmasterrich,foreground_bank_train
fsd50k_speech_normal_1f255508,speech_normal,fsd50k,freesound_uploader_Corsica_S,freesound_uploader_Corsica_S,foreground_bank_train
fsd50k_speech_normal_1f633d2f,speech_normal,fsd50k,freesound_uploader_bcjordan,freesound_uploader_bcjordan,foreground_bank_train
fsd50k_speech_normal_20740cf0,speech_normal,fsd50k,freesound_uploader_epanody,freesound_uploader_epanody,foreground_bank_train
fsd50k_speech_normal_21b10903,speech_normal,fsd50k,freesound_uploader_dobroide,freesound_uploader_dobroide,foreground_bank_train
fsd50k_speech_normal_223f04cf,speech_normal,fsd50k,freesound_uploader_bcimmet,freesound_uploader_bcimmet,foreground_bank_train
fsd50k_speech_normal_23153cda,speech_normal,fsd50k,freesound_uploader_bcimmet,freesound_uploader_bcimmet,foreground_bank_train
fsd50k_speech_normal_231fbd6b,speech_normal,fsd50k,freesound_uploader_Ionicsmusic,freesound_uploader_Ionicsmusic,foreground_bank_train
fsd50k_speech_normal_238e28f2,speech_normal,fsd50k,freesound_uploader_FunWithSound,freesound_uploader_FunWithSound,foreground_bank_train
fsd50k_speech_normal_23d59146,speech_normal,fsd50k,freesound_uploader_wjoojoo,freesound_uploader_wjoojoo,foreground_bank_train
fsd50k_speech_normal_24165064,speech_normal,fsd50k,freesound_uploader_dersuperanton,freesound_uploader_dersuperanton,foreground_bank_train
fsd50k_speech_normal_246216f7,speech_normal,fsd50k,freesound_uploader_dobroide,freesound_uploader_dobroide,foreground_bank_train
fsd50k_speech_normal_248db28b,speech_normal,fsd50k,freesound_uploader_FunWithSound,freesound_uploader_FunWithSound,foreground_bank_train
fsd50k_speech_normal_25be1baf,speech_normal,fsd50k,freesound_uploader_Corsica_S,freesound_uploader_Corsica_S,foreground_bank_train
fsd50k_speech_normal_26183c77,speech_normal,fsd50k,freesound_uploader_Corsica_S,freesound_uploader_Corsica_S,foreground_bank_train
fsd50k_speech_normal_26dd44be,speech_normal,fsd50k,freesound_uploader_Corsica_S,freesound_uploader_Corsica_S,foreground_bank_train
fsd50k_speech_normal_270ebcb2,speech_normal,fsd50k,freesound_uploader_ERH,freesound_uploader_ERH,foreground_bank_train
fsd50k_speech_normal_27713ca6,speech_normal,fsd50k,freesound_uploader_epanody,freesound_uploader_epanody,foreground_bank_train
fsd50k_speech_normal_27732083,speech_normal,fsd50k,freesound_uploader_bcimmet,freesound_uploader_bcimmet,foreground_bank_train
fsd50k_speech_normal_27b36658,speech_normal,fsd50k,freesound_uploader_Corsica_S,freesound_uploader_Corsica_S,foreground_bank_train
fsd50k_speech_normal_2823b92b,speech_normal,fsd50k,freesound_uploader_FunWithSound,freesound_uploader_FunWithSound,foreground_bank_train
fsd50k_speech_normal_28737a7b,speech_normal,fsd50k,freesound_uploader_TheScarlettWitch89,freesound_uploader_TheScarlettWitch89,foreground_bank_train
fsd50k_speech_normal_288cb528,speech_normal,fsd50k,freesound_uploader_bcimmet,freesound_uploader_bcimmet,foreground_bank_train
fsd50k_speech_normal_28985ec4,speech_normal,fsd50k,freesound_uploader_bcimmet,freesound_uploader_bcimmet,foreground_bank_train
fsd50k_speech_normal_28ba6a91,speech_normal,fsd50k,freesound_uploader_qubodup,freesound_uploader_qubodup,foreground_bank_train
fsd50k_speech_normal_28f58089,speech_normal,fsd50k,freesound_uploader_dpsa,freesound_uploader_dpsa,foreground_bank_train
fsd50k_speech_normal_28fec50f,speech_normal,fsd50k,freesound_uploader_dream4dreamtheater,freesound_uploader_dream4dreamtheater,foreground_bank_train
fsd50k_speech_normal_2a42a793,speech_normal,fsd50k,freesound_uploader_hondajkt,freesound_uploader_hondajkt,foreground_bank_train
fsd50k_speech_normal_2ab7e5cd,speech_normal,fsd50k,freesound_uploader_Corsica_S,freesound_uploader_Corsica_S,foreground_bank_train
fsd50k_speech_normal_2ac67657,speech_normal,fsd50k,freesound_uploader_pepezabala,freesound_uploader_pepezabala,foreground_bank_train
fsd50k_speech_normal_2b2aab52,speech_normal,fsd50k,freesound_uploader_kenders2000,freesound_uploader_kenders2000,foreground_bank_train
fsd50k_speech_normal_2b5aae1c,speech_normal,fsd50k,freesound_uploader_Corsica_S,freesound_uploader_Corsica_S,foreground_bank_train
fsd50k_speech_normal_2b6956be,speech_normal,fsd50k,freesound_uploader_mo_damage,freesound_uploader_mo_damage,foreground_bank_train
fsd50k_speech_normal_2bc82b58,speech_normal,fsd50k,freesound_uploader_Artmasterrich,freesound_uploader_Artmasterrich,foreground_bank_train
fsd50k_speech_normal_2bec078e,speech_normal,fsd50k,freesound_uploader_Corsica_S,freesound_uploader_Corsica_S,foreground_bank_train
fsd50k_speech_normal_2bfc99db,speech_normal,fsd50k,freesound_uploader_Reitanna,freesound_uploader_Reitanna,foreground_bank_train
fsd50k_speech_normal_2c47ea58,speech_normal,fsd50k,freesound_uploader_Reitanna,freesound_uploader_Reitanna,foreground_bank_train
fsd50k_speech_normal_2c7c2f46,speech_normal,fsd50k,freesound_uploader_EnjoyPA,freesound_uploader_EnjoyPA,foreground_bank_train
fsd50k_speech_normal_2c9d8918,speech_normal,fsd50k,freesound_uploader_bcimmet,freesound_uploader_bcimmet,foreground_bank_train
fsd50k_speech_normal_2cb5420e,speech_normal,fsd50k,freesound_uploader_Corsica_S,freesound_uploader_Corsica_S,foreground_bank_train
fsd50k_speech_normal_2d41b9eb,speech_normal,fsd50k,freesound_uploader_Corsica_S,freesound_uploader_Corsica_S,foreground_bank_train
fsd50k_speech_normal_2d7b2821,speech_normal,fsd50k,freesound_uploader_SteveG2008,freesound_uploader_SteveG2008,foreground_bank_train
fsd50k_speech_normal_2d8bf0fc,speech_normal,fsd50k,freesound_uploader_Corsica_S,freesound_uploader_Corsica_S,foreground_bank_train
fsd50k_speech_normal_2da62069,speech_normal,fsd50k,freesound_uploader_jvidalmc90@gmail.com,freesound_uploader_jvidalmc90@gmail.com,foreground_bank_train
fsd50k_speech_normal_2dfd03d8,speech_normal,fsd50k,freesound_uploader_Corsica_S,freesound_uploader_Corsica_S,foreground_bank_train
fsd50k_speech_normal_2e354966,speech_normal,fsd50k,freesound_uploader_Corsica_S,freesound_uploader_Corsica_S,foreground_bank_train
fsd50k_speech_normal_2e6da9c5,speech_normal,fsd50k,freesound_uploader_epanody,freesound_uploader_epanody,foreground_bank_train
fsd50k_speech_normal_2e8c5543,speech_normal,fsd50k,freesound_uploader_bcimmet,freesound_uploader_bcimmet,foreground_bank_train
fsd50k_speech_normal_30765d13,speech_normal,fsd50k,freesound_uploader_Corsica_S,freesound_uploader_Corsica_S,foreground_bank_train
fsd50k_speech_normal_30dcb362,speech_normal,fsd50k,freesound_uploader_Ephemeral_Rift,freesound_uploader_Ephemeral_Rift,foreground_bank_train
fsd50k_speech_normal_3110967c,speech_normal,fsd50k,freesound_uploader_Corsica_S,freesound_uploader_Corsica_S,foreground_bank_train
fsd50k_speech_normal_3161620b,speech_normal,fsd50k,freesound_uploader_orginaljun,freesound_uploader_orginaljun,foreground_bank_train
fsd50k_speech_normal_31bac2f7,speech_normal,fsd50k,freesound_uploader_Reitanna,freesound_uploader_Reitanna,foreground_bank_train
fsd50k_speech_normal_32043a56,speech_normal,fsd50k,freesound_uploader_Corsica_S,freesound_uploader_Corsica_S,foreground_bank_train
fsd50k_speech_normal_322b680d,speech_normal,fsd50k,freesound_uploader_bcimmet,freesound_uploader_bcimmet,foreground_bank_train
fsd50k_speech_normal_327dc16b,speech_normal,fsd50k,freesound_uploader_bcimmet,freesound_uploader_bcimmet,foreground_bank_train
fsd50k_speech_normal_336dbe79,speech_normal,fsd50k,freesound_uploader_SteveG2008,freesound_uploader_SteveG2008,foreground_bank_train
fsd50k_speech_normal_3370a9cc,speech_normal,fsd50k,freesound_uploader_dobroide,freesound_uploader_dobroide,foreground_bank_train
fsd50k_speech_normal_33955483,speech_normal,fsd50k,freesound_uploader_flogman,freesound_uploader_flogman,foreground_bank_train
fsd50k_speech_normal_349930d5,speech_normal,fsd50k,freesound_uploader_Reitanna,freesound_uploader_Reitanna,foreground_bank_train
fsd50k_speech_normal_34cc2c5b,speech_normal,fsd50k,freesound_uploader_3BGBCA,freesound_uploader_3BGBCA,foreground_bank_train
fsd50k_speech_normal_34ef94ed,speech_normal,fsd50k,freesound_uploader_FunWithSound,freesound_uploader_FunWithSound,foreground_bank_train
fsd50k_speech_normal_34f01aef,speech_normal,fsd50k,freesound_uploader_Corsica_S,freesound_uploader_Corsica_S,foreground_bank_train
fsd50k_speech_normal_356e46ab,speech_normal,fsd50k,freesound_uploader_Ephemeral_Rift,freesound_uploader_Ephemeral_Rift,foreground_bank_train
fsd50k_speech_normal_358854e6,speech_normal,fsd50k,freesound_uploader_Corsica_S,freesound_uploader_Corsica_S,foreground_bank_train
fsd50k_speech_normal_35bed4f1,speech_normal,fsd50k,freesound_uploader_Reitanna,freesound_uploader_Reitanna,foreground_bank_train
fsd50k_speech_normal_35d5f62f,speech_normal,fsd50k,freesound_uploader_bcimmet,freesound_uploader_bcimmet,foreground_bank_train
fsd50k_speech_normal_36017586,speech_normal,fsd50k,freesound_uploader_dobroide,freesound_uploader_dobroide,foreground_bank_train
fsd50k_speech_normal_36bac63d,speech_normal,fsd50k,freesound_uploader_kb7clx,freesound_uploader_kb7clx,foreground_bank_train
fsd50k_speech_normal_370621a0,speech_normal,fsd50k,freesound_uploader_bcimmet,freesound_uploader_bcimmet,foreground_bank_train
fsd50k_speech_normal_376e988d,speech_normal,fsd50k,freesound_uploader_bcimmet,freesound_uploader_bcimmet,foreground_bank_train
fsd50k_speech_normal_379ccb84,speech_normal,fsd50k,freesound_uploader_bcimmet,freesound_uploader_bcimmet,foreground_bank_train
fsd50k_speech_normal_382079b8,speech_normal,fsd50k,freesound_uploader_bcimmet,freesound_uploader_bcimmet,foreground_bank_train
fsd50k_speech_normal_3826ed76,speech_normal,fsd50k,freesound_uploader_reinsamba,freesound_uploader_reinsamba,foreground_bank_train
fsd50k_speech_normal_3870a1bc,speech_normal,fsd50k,freesound_uploader_nooc,freesound_uploader_nooc,foreground_bank_train
fsd50k_speech_normal_38b581e5,speech_normal,fsd50k,freesound_uploader_wjoojoo,freesound_uploader_wjoojoo,foreground_bank_train
fsd50k_speech_normal_397d3828,speech_normal,fsd50k,freesound_uploader_SteveG2008,freesound_uploader_SteveG2008,foreground_bank_train
fsd50k_speech_normal_39eec2aa,speech_normal,fsd50k,freesound_uploader_bcimmet,freesound_uploader_bcimmet,foreground_bank_train
fsd50k_speech_normal_3a28d3ea,speech_normal,fsd50k,freesound_uploader_bcimmet,freesound_uploader_bcimmet,foreground_bank_train
fsd50k_speech_normal_3a34da04,speech_normal,fsd50k,freesound_uploader_Corsica_S,freesound_uploader_Corsica_S,foreground_bank_train
fsd50k_speech_normal_3a4128cd,speech_normal,fsd50k,freesound_uploader_Corsica_S,freesound_uploader_Corsica_S,foreground_bank_train
fsd50k_speech_normal_3a4361cf,speech_normal,fsd50k,freesound_uploader_Iceofdoom,freesound_uploader_Iceofdoom,foreground_bank_train
fsd50k_speech_normal_3a522fbc,speech_normal,fsd50k,freesound_uploader_EnjoyPA,freesound_uploader_EnjoyPA,foreground_bank_train
fsd50k_speech_normal_3a5d6307,speech_normal,fsd50k,freesound_uploader_epanody,freesound_uploader_epanody,foreground_bank_train
fsd50k_speech_normal_3a605679,speech_normal,fsd50k,freesound_uploader_Corsica_S,freesound_uploader_Corsica_S,foreground_bank_train
fsd50k_speech_normal_3a854356,speech_normal,fsd50k,freesound_uploader_dobroide,freesound_uploader_dobroide,foreground_bank_train
fsd50k_speech_normal_3a9a1f7c,speech_normal,fsd50k,freesound_uploader_Corsica_S,freesound_uploader_Corsica_S,foreground_bank_train
fsd50k_speech_normal_3b23924f,speech_normal,fsd50k,freesound_uploader_Corsica_S,freesound_uploader_Corsica_S,foreground_bank_train
fsd50k_speech_normal_3bc067bc,speech_normal,fsd50k,freesound_uploader_barredowl,freesound_uploader_barredowl,foreground_bank_train
fsd50k_speech_normal_3c55019f,speech_normal,fsd50k,freesound_uploader_bcimmet,freesound_uploader_bcimmet,foreground_bank_train
fsd50k_speech_normal_3c5ccbad,speech_normal,fsd50k,freesound_uploader_Corsica_S,freesound_uploader_Corsica_S,foreground_bank_train
fsd50k_speech_normal_3c8b6709,speech_normal,fsd50k,freesound_uploader_Corsica_S,freesound_uploader_Corsica_S,foreground_bank_train
fsd50k_speech_normal_3cea69e0,speech_normal,fsd50k,freesound_uploader_bulldozia,freesound_uploader_bulldozia,foreground_bank_train
fsd50k_speech_normal_3d7aabf8,speech_normal,fsd50k,freesound_uploader_Ionicsmusic,freesound_uploader_Ionicsmusic,foreground_bank_train
fsd50k_speech_normal_3d91ff41,speech_normal,fsd50k,freesound_uploader_Ephemeral_Rift,freesound_uploader_Ephemeral_Rift,foreground_bank_train
fsd50k_speech_normal_3da03fb1,speech_normal,fsd50k,freesound_uploader_Corsica_S,freesound_uploader_Corsica_S,foreground_bank_train
fsd50k_speech_normal_3da40f7d,speech_normal,fsd50k,freesound_uploader_bulldozia,freesound_uploader_bulldozia,foreground_bank_train
fsd50k_speech_normal_3da7c3f8,speech_normal,fsd50k,freesound_uploader_Corsica_S,freesound_uploader_Corsica_S,foreground_bank_train
fsd50k_speech_normal_3dac01b2,speech_normal,fsd50k,freesound_uploader_dardue,freesound_uploader_dardue,foreground_bank_train
fsd50k_speech_normal_3dea01c8,speech_normal,fsd50k,freesound_uploader_carmsie,freesound_uploader_carmsie,foreground_bank_train
fsd50k_speech_normal_3e406777,speech_normal,fsd50k,freesound_uploader_bcimmet,freesound_uploader_bcimmet,foreground_bank_train
fsd50k_speech_normal_3e42e680,speech_normal,fsd50k,freesound_uploader_SoundsForHim,freesound_uploader_SoundsForHim,foreground_bank_train
fsd50k_speech_normal_3e4c78a5,speech_normal,fsd50k,freesound_uploader_bcimmet,freesound_uploader_bcimmet,foreground_bank_train
fsd50k_speech_normal_3e9c0864,speech_normal,fsd50k,freesound_uploader_Jagadamba,freesound_uploader_Jagadamba,foreground_bank_train
fsd50k_speech_normal_3eac7df7,speech_normal,fsd50k,freesound_uploader_Fantozzi,freesound_uploader_Fantozzi,foreground_bank_train
fsd50k_speech_normal_3f00ccc1,speech_normal,fsd50k,freesound_uploader_bcimmet,freesound_uploader_bcimmet,foreground_bank_train
fsd50k_speech_normal_3f653d4b,speech_normal,fsd50k,freesound_uploader_SteveG2008,freesound_uploader_SteveG2008,foreground_bank_train
fsd50k_speech_normal_3f93dfa0,speech_normal,fsd50k,freesound_uploader_qubodup,freesound_uploader_qubodup,foreground_bank_train
fsd50k_speech_normal_400329d3,speech_normal,fsd50k,freesound_uploader_SteveG2008,freesound_uploader_SteveG2008,foreground_bank_train
fsd50k_speech_normal_40092c01,speech_normal,fsd50k,freesound_uploader_Corsica_S,freesound_uploader_Corsica_S,foreground_bank_train
fsd50k_speech_normal_4073827a,speech_normal,fsd50k,freesound_uploader_Corsica_S,freesound_uploader_Corsica_S,foreground_bank_train
fsd50k_speech_normal_4078e35f,speech_normal,fsd50k,freesound_uploader_bcimmet,freesound_uploader_bcimmet,foreground_bank_train
fsd50k_speech_normal_40fcc302,speech_normal,fsd50k,freesound_uploader_bcimmet,freesound_uploader_bcimmet,foreground_bank_train
fsd50k_speech_normal_41ad713e,speech_normal,fsd50k,freesound_uploader_Corsica_S,freesound_uploader_Corsica_S,foreground_bank_train
fsd50k_speech_normal_41aefacf,speech_normal,fsd50k,freesound_uploader_AlienXXX,freesound_uploader_AlienXXX,foreground_bank_train
fsd50k_speech_normal_41b8366c,speech_normal,fsd50k,freesound_uploader_reinsamba,freesound_uploader_reinsamba,foreground_bank_train
fsd50k_speech_normal_428e084c,speech_normal,fsd50k,freesound_uploader_bulldozia,freesound_uploader_bulldozia,foreground_bank_train
fsd50k_speech_normal_42a41463,speech_normal,fsd50k,freesound_uploader_AlienXXX,freesound_uploader_AlienXXX,foreground_bank_train
fsd50k_speech_normal_42ba7b81,speech_normal,fsd50k,freesound_uploader_dobroide,freesound_uploader_dobroide,foreground_bank_train
fsd50k_speech_normal_430a49da,speech_normal,fsd50k,freesound_uploader_Reitanna,freesound_uploader_Reitanna,foreground_bank_train
fsd50k_speech_normal_434f62a1,speech_normal,fsd50k,freesound_uploader_irrlicht,freesound_uploader_irrlicht,foreground_bank_train
fsd50k_speech_normal_43d090e3,speech_normal,fsd50k,freesound_uploader_kwahmah_02,freesound_uploader_kwahmah_02,foreground_bank_train
fsd50k_speech_normal_4459f705,speech_normal,fsd50k,freesound_uploader_qubodup,freesound_uploader_qubodup,foreground_bank_train
fsd50k_speech_normal_44bab61d,speech_normal,fsd50k,freesound_uploader_Mattix145,freesound_uploader_Mattix145,foreground_bank_train
fsd50k_speech_normal_44d9236b,speech_normal,fsd50k,freesound_uploader_Corsica_S,freesound_uploader_Corsica_S,foreground_bank_train
fsd50k_speech_normal_452fb593,speech_normal,fsd50k,freesound_uploader_bcimmet,freesound_uploader_bcimmet,foreground_bank_train
fsd50k_speech_normal_45362a1a,speech_normal,fsd50k,freesound_uploader_Iceofdoom,freesound_uploader_Iceofdoom,foreground_bank_train
fsd50k_speech_normal_4553e308,speech_normal,fsd50k,freesound_uploader_bcimmet,freesound_uploader_bcimmet,foreground_bank_train
fsd50k_speech_normal_458bfd21,speech_normal,fsd50k,freesound_uploader_Corsica_S,freesound_uploader_Corsica_S,foreground_bank_train
fsd50k_speech_normal_459c05de,speech_normal,fsd50k,freesound_uploader_Corsica_S,freesound_uploader_Corsica_S,foreground_bank_train
fsd50k_speech_normal_45a38188,speech_normal,fsd50k,freesound_uploader_Corsica_S,freesound_uploader_Corsica_S,foreground_bank_train
fsd50k_speech_normal_45c7f2b1,speech_normal,fsd50k,freesound_uploader_bcimmet,freesound_uploader_bcimmet,foreground_bank_train
fsd50k_speech_normal_46610ecb,speech_normal,fsd50k,freesound_uploader_bulldozia,freesound_uploader_bulldozia,foreground_bank_train
fsd50k_speech_normal_469b3357,speech_normal,fsd50k,freesound_uploader_bulldozia,freesound_uploader_bulldozia,foreground_bank_train
fsd50k_speech_normal_46bbdffe,speech_normal,fsd50k,freesound_uploader_bcimmet,freesound_uploader_bcimmet,foreground_bank_train
fsd50k_speech_normal_475bc91b,speech_normal,fsd50k,freesound_uploader_ERH,freesound_uploader_ERH,foreground_bank_train
fsd50k_speech_normal_47bbcf3e,speech_normal,fsd50k,freesound_uploader_bcimmet,freesound_uploader_bcimmet,foreground_bank_train
fsd50k_speech_normal_483d0017,speech_normal,fsd50k,freesound_uploader_Ionicsmusic,freesound_uploader_Ionicsmusic,foreground_bank_train
fsd50k_speech_normal_48df56e4,speech_normal,fsd50k,freesound_uploader_bcimmet,freesound_uploader_bcimmet,foreground_bank_train
fsd50k_speech_normal_48fe8bd8,speech_normal,fsd50k,freesound_uploader_bulldozia,freesound_uploader_bulldozia,foreground_bank_train
fsd50k_speech_normal_49295061,speech_normal,fsd50k,freesound_uploader_Ionicsmusic,freesound_uploader_Ionicsmusic,foreground_bank_train
fsd50k_speech_normal_4999b70e,speech_normal,fsd50k,freesound_uploader_bulldozia,freesound_uploader_bulldozia,foreground_bank_train
fsd50k_speech_normal_49cbf9ea,speech_normal,fsd50k,freesound_uploader_bcimmet,freesound_uploader_bcimmet,foreground_bank_train
fsd50k_speech_normal_49db187e,speech_normal,fsd50k,freesound_uploader_Corsica_S,freesound_uploader_Corsica_S,foreground_bank_train
fsd50k_speech_normal_4a6da433,speech_normal,fsd50k,freesound_uploader_Corsica_S,freesound_uploader_Corsica_S,foreground_bank_train
fsd50k_speech_normal_4ad30c99,speech_normal,fsd50k,freesound_uploader_dersuperanton,freesound_uploader_dersuperanton,foreground_bank_train
fsd50k_speech_normal_4afca8fd,speech_normal,fsd50k,freesound_uploader_epanody,freesound_uploader_epanody,foreground_bank_train
fsd50k_speech_normal_4b021313,speech_normal,fsd50k,freesound_uploader_mo_damage,freesound_uploader_mo_damage,foreground_bank_train
fsd50k_speech_normal_4b131ff2,speech_normal,fsd50k,freesound_uploader_Corsica_S,freesound_uploader_Corsica_S,foreground_bank_train
fsd50k_speech_normal_4c0a272d,speech_normal,fsd50k,freesound_uploader_acclivity,freesound_uploader_acclivity,foreground_bank_train
fsd50k_speech_normal_4c3020f9,speech_normal,fsd50k,freesound_uploader_bcimmet,freesound_uploader_bcimmet,foreground_bank_train
fsd50k_speech_normal_4c9db80d,speech_normal,fsd50k,freesound_uploader_theuncertainman,freesound_uploader_theuncertainman,foreground_bank_train
fsd50k_speech_normal_4cd93ada,speech_normal,fsd50k,freesound_uploader_bcimmet,freesound_uploader_bcimmet,foreground_bank_train
fsd50k_speech_normal_4d234556,speech_normal,fsd50k,freesound_uploader_bulldozia,freesound_uploader_bulldozia,foreground_bank_train
fsd50k_speech_normal_4d6306b2,speech_normal,fsd50k,freesound_uploader_bcimmet,freesound_uploader_bcimmet,foreground_bank_train
fsd50k_speech_normal_4dbe0ff0,speech_normal,fsd50k,freesound_uploader_Corsica_S,freesound_uploader_Corsica_S,foreground_bank_train
fsd50k_speech_normal_4dc580cb,speech_normal,fsd50k,freesound_uploader_bcimmet,freesound_uploader_bcimmet,foreground_bank_train
fsd50k_speech_normal_4e48ce5d,speech_normal,fsd50k,freesound_uploader_bulldozia,freesound_uploader_bulldozia,foreground_bank_train
fsd50k_speech_normal_4ec436b5,speech_normal,fsd50k,freesound_uploader_bcimmet,freesound_uploader_bcimmet,foreground_bank_train
fsd50k_speech_normal_4ee1f7ba,speech_normal,fsd50k,freesound_uploader_epanody,freesound_uploader_epanody,foreground_bank_train
fsd50k_speech_normal_4f46ccaf,speech_normal,fsd50k,freesound_uploader_Corsica_S,freesound_uploader_Corsica_S,foreground_bank_train
fsd50k_speech_normal_4f523258,speech_normal,fsd50k,freesound_uploader_Ephemeral_Rift,freesound_uploader_Ephemeral_Rift,foreground_bank_train
fsd50k_speech_normal_4f6eec17,speech_normal,fsd50k,freesound_uploader_marcello777,freesound_uploader_marcello777,foreground_bank_train
fsd50k_speech_normal_4f72913d,speech_normal,fsd50k,freesound_uploader_wjoojoo,freesound_uploader_wjoojoo,foreground_bank_train
fsd50k_speech_normal_4f84568a,speech_normal,fsd50k,freesound_uploader_Ionicsmusic,freesound_uploader_Ionicsmusic,foreground_bank_train
fsd50k_speech_normal_506f299b,speech_normal,fsd50k,freesound_uploader_Corsica_S,freesound_uploader_Corsica_S,foreground_bank_train
fsd50k_speech_normal_509e8a86,speech_normal,fsd50k,freesound_uploader_sandyrb,freesound_uploader_sandyrb,foreground_bank_train
fsd50k_speech_normal_51a9926b,speech_normal,fsd50k,freesound_uploader_bcimmet,freesound_uploader_bcimmet,foreground_bank_train
fsd50k_speech_normal_51ccb7a4,speech_normal,fsd50k,freesound_uploader_Corsica_S,freesound_uploader_Corsica_S,foreground_bank_train
fsd50k_speech_normal_51f5d4a3,speech_normal,fsd50k,freesound_uploader_rfhache,freesound_uploader_rfhache,foreground_bank_train
fsd50k_speech_normal_51fecbd8,speech_normal,fsd50k,freesound_uploader_unfa,freesound_uploader_unfa,foreground_bank_train
fsd50k_speech_normal_521ccac5,speech_normal,fsd50k,freesound_uploader_Reitanna,freesound_uploader_Reitanna,foreground_bank_train
fsd50k_speech_normal_5236b248,speech_normal,fsd50k,freesound_uploader_Corsica_S,freesound_uploader_Corsica_S,foreground_bank_train
fsd50k_speech_normal_528285bf,speech_normal,fsd50k,freesound_uploader_Reitanna,freesound_uploader_Reitanna,foreground_bank_train
fsd50k_speech_normal_52e0676a,speech_normal,fsd50k,freesound_uploader_Reitanna,freesound_uploader_Reitanna,foreground_bank_train
fsd50k_speech_normal_52f9653b,speech_normal,fsd50k,freesound_uploader_pepezabala,freesound_uploader_pepezabala,foreground_bank_train
fsd50k_speech_normal_535edcba,speech_normal,fsd50k,freesound_uploader_Corsica_S,freesound_uploader_Corsica_S,foreground_bank_train
fsd50k_speech_normal_536dcd67,speech_normal,fsd50k,freesound_uploader_Corsica_S,freesound_uploader_Corsica_S,foreground_bank_train
fsd50k_speech_normal_53b3599c,speech_normal,fsd50k,freesound_uploader_bulldozia,freesound_uploader_bulldozia,foreground_bank_train
fsd50k_speech_normal_544a3b61,speech_normal,fsd50k,freesound_uploader_dobroide,freesound_uploader_dobroide,foreground_bank_train
fsd50k_speech_normal_54a5e096,speech_normal,fsd50k,freesound_uploader_epanody,freesound_uploader_epanody,foreground_bank_train
fsd50k_speech_normal_54f0d4a3,speech_normal,fsd50k,freesound_uploader_11linda,freesound_uploader_11linda,foreground_bank_train
fsd50k_speech_normal_54fc8098,speech_normal,fsd50k,freesound_uploader_EnjoyPA,freesound_uploader_EnjoyPA,foreground_bank_train
fsd50k_speech_normal_5508e518,speech_normal,fsd50k,freesound_uploader_Corsica_S,freesound_uploader_Corsica_S,foreground_bank_train
fsd50k_speech_normal_553f8d22,speech_normal,fsd50k,freesound_uploader_3BGBCA,freesound_uploader_3BGBCA,foreground_bank_train
fsd50k_speech_normal_55d5424a,speech_normal,fsd50k,freesound_uploader_dobroide,freesound_uploader_dobroide,foreground_bank_train
fsd50k_speech_normal_55d6a69a,speech_normal,fsd50k,freesound_uploader_Fynixx,freesound_uploader_Fynixx,foreground_bank_train
fsd50k_speech_normal_55effd01,speech_normal,fsd50k,freesound_uploader_qubodup,freesound_uploader_qubodup,foreground_bank_train
fsd50k_speech_normal_560521aa,speech_normal,fsd50k,freesound_uploader_bcimmet,freesound_uploader_bcimmet,foreground_bank_train
fsd50k_speech_normal_566188ce,speech_normal,fsd50k,freesound_uploader_pepezabala,freesound_uploader_pepezabala,foreground_bank_train
fsd50k_speech_normal_5666ffa8,speech_normal,fsd50k,freesound_uploader_AlienXXX,freesound_uploader_AlienXXX,foreground_bank_train
fsd50k_speech_normal_56d2a97d,speech_normal,fsd50k,freesound_uploader_dobroide,freesound_uploader_dobroide,foreground_bank_train
fsd50k_speech_normal_56e45e63,speech_normal,fsd50k,freesound_uploader_Corsica_S,freesound_uploader_Corsica_S,foreground_bank_train
fsd50k_speech_normal_572edb8a,speech_normal,fsd50k,freesound_uploader_bulldozia,freesound_uploader_bulldozia,foreground_bank_train
fsd50k_speech_normal_576fefc9,speech_normal,fsd50k,freesound_uploader_Corsica_S,freesound_uploader_Corsica_S,foreground_bank_train
fsd50k_speech_normal_5787d0be,speech_normal,fsd50k,freesound_uploader_mo_damage,freesound_uploader_mo_damage,foreground_bank_train
fsd50k_speech_normal_57919e48,speech_normal,fsd50k,freesound_uploader_AlienXXX,freesound_uploader_AlienXXX,foreground_bank_train
fsd50k_speech_normal_590667cf,speech_normal,fsd50k,freesound_uploader_bcimmet,freesound_uploader_bcimmet,foreground_bank_train
fsd50k_speech_normal_592b4613,speech_normal,fsd50k,freesound_uploader_mo_damage,freesound_uploader_mo_damage,foreground_bank_train
fsd50k_speech_normal_59d0fb86,speech_normal,fsd50k,freesound_uploader_alcoceba,freesound_uploader_alcoceba,foreground_bank_train
fsd50k_speech_normal_59d1b6b3,speech_normal,fsd50k,freesound_uploader_Corsica_S,freesound_uploader_Corsica_S,foreground_bank_train
fsd50k_speech_normal_5a35f2d1,speech_normal,fsd50k,freesound_uploader_bcimmet,freesound_uploader_bcimmet,foreground_bank_train
fsd50k_speech_normal_5a4ade94,speech_normal,fsd50k,freesound_uploader_Corsica_S,freesound_uploader_Corsica_S,foreground_bank_train
fsd50k_speech_normal_5a5960f6,speech_normal,fsd50k,freesound_uploader_epanody,freesound_uploader_epanody,foreground_bank_train
fsd50k_speech_normal_5b08591b,speech_normal,fsd50k,freesound_uploader_johnnypanic,freesound_uploader_johnnypanic,foreground_bank_train
fsd50k_speech_normal_5b38cd36,speech_normal,fsd50k,freesound_uploader_Corsica_S,freesound_uploader_Corsica_S,foreground_bank_train
fsd50k_speech_normal_5b9d918f,speech_normal,fsd50k,freesound_uploader_bcimmet,freesound_uploader_bcimmet,foreground_bank_train
fsd50k_speech_normal_5bed3234,speech_normal,fsd50k,freesound_uploader_Iceofdoom,freesound_uploader_Iceofdoom,foreground_bank_train
fsd50k_speech_normal_5beeb517,speech_normal,fsd50k,freesound_uploader_Corsica_S,freesound_uploader_Corsica_S,foreground_bank_train
fsd50k_speech_normal_5c748a82,speech_normal,fsd50k,freesound_uploader_IPaddeh,freesound_uploader_IPaddeh,foreground_bank_train
fsd50k_speech_normal_5cd6987a,speech_normal,fsd50k,freesound_uploader_Reitanna,freesound_uploader_Reitanna,foreground_bank_train
fsd50k_speech_normal_5d1e9e9c,speech_normal,fsd50k,freesound_uploader_Corsica_S,freesound_uploader_Corsica_S,foreground_bank_train
fsd50k_speech_normal_5d29ba3e,speech_normal,fsd50k,freesound_uploader_pepezabala,freesound_uploader_pepezabala,foreground_bank_train
fsd50k_speech_normal_5d3857cb,speech_normal,fsd50k,freesound_uploader_Corsica_S,freesound_uploader_Corsica_S,foreground_bank_train
fsd50k_speech_normal_5dc991a3,speech_normal,fsd50k,freesound_uploader_dobroide,freesound_uploader_dobroide,foreground_bank_train
fsd50k_speech_normal_5de2282d,speech_normal,fsd50k,freesound_uploader_EnjoyPA,freesound_uploader_EnjoyPA,foreground_bank_train
fsd50k_speech_normal_5e027186,speech_normal,fsd50k,freesound_uploader_Corsica_S,freesound_uploader_Corsica_S,foreground_bank_train
fsd50k_speech_normal_5e706559,speech_normal,fsd50k,freesound_uploader_bcimmet,freesound_uploader_bcimmet,foreground_bank_train
fsd50k_speech_normal_5e89b498,speech_normal,fsd50k,freesound_uploader_bcimmet,freesound_uploader_bcimmet,foreground_bank_train
fsd50k_speech_normal_5eb0c448,speech_normal,fsd50k,freesound_uploader_AlienXXX,freesound_uploader_AlienXXX,foreground_bank_train
fsd50k_speech_normal_5ec5fc2f,speech_normal,fsd50k,freesound_uploader_kornuman,freesound_uploader_kornuman,foreground_bank_train
fsd50k_speech_normal_5ec6461e,speech_normal,fsd50k,freesound_uploader_labailey,freesound_uploader_labailey,foreground_bank_train
fsd50k_speech_normal_5ef71f3e,speech_normal,fsd50k,freesound_uploader_bcimmet,freesound_uploader_bcimmet,foreground_bank_train
fsd50k_speech_normal_5f098b94,speech_normal,fsd50k,freesound_uploader_Corsica_S,freesound_uploader_Corsica_S,foreground_bank_train
fsd50k_speech_normal_5f2ebdad,speech_normal,fsd50k,freesound_uploader_bulldozia,freesound_uploader_bulldozia,foreground_bank_train
fsd50k_speech_normal_5f4b1066,speech_normal,fsd50k,freesound_uploader_Greencouch,freesound_uploader_Greencouch,foreground_bank_train
fsd50k_speech_normal_5f72be73,speech_normal,fsd50k,freesound_uploader_epanody,freesound_uploader_epanody,foreground_bank_train
fsd50k_speech_normal_5f98fd86,speech_normal,fsd50k,freesound_uploader_FunWithSound,freesound_uploader_FunWithSound,foreground_bank_train
fsd50k_speech_normal_605926ad,speech_normal,fsd50k,freesound_uploader_Corsica_S,freesound_uploader_Corsica_S,foreground_bank_train
fsd50k_speech_normal_608a5e5f,speech_normal,fsd50k,freesound_uploader_qubodup,freesound_uploader_qubodup,foreground_bank_train
fsd50k_speech_normal_60fdc3e0,speech_normal,fsd50k,freesound_uploader_Greencouch,freesound_uploader_Greencouch,foreground_bank_train
fsd50k_speech_normal_612e3af1,speech_normal,fsd50k,freesound_uploader_dersuperanton,freesound_uploader_dersuperanton,foreground_bank_train
fsd50k_speech_normal_6193bb10,speech_normal,fsd50k,freesound_uploader_IPaddeh,freesound_uploader_IPaddeh,foreground_bank_train
fsd50k_speech_normal_6221d9d8,speech_normal,fsd50k,freesound_uploader_Artmasterrich,freesound_uploader_Artmasterrich,foreground_bank_train
fsd50k_speech_normal_632f69d2,speech_normal,fsd50k,freesound_uploader_dobroide,freesound_uploader_dobroide,foreground_bank_train
fsd50k_speech_normal_63547745,speech_normal,fsd50k,freesound_uploader_bcimmet,freesound_uploader_bcimmet,foreground_bank_train
fsd50k_speech_normal_63cce22f,speech_normal,fsd50k,freesound_uploader_FunWithSound,freesound_uploader_FunWithSound,foreground_bank_train
fsd50k_speech_normal_6487ea15,speech_normal,fsd50k,freesound_uploader_TiBRo,freesound_uploader_TiBRo,foreground_bank_train
fsd50k_speech_normal_64f0e4b2,speech_normal,fsd50k,freesound_uploader_Corsica_S,freesound_uploader_Corsica_S,foreground_bank_train
fsd50k_speech_normal_65a8c68b,speech_normal,fsd50k,freesound_uploader_SteveG2008,freesound_uploader_SteveG2008,foreground_bank_train
fsd50k_speech_normal_65b33349,speech_normal,fsd50k,freesound_uploader_Corsica_S,freesound_uploader_Corsica_S,foreground_bank_train
fsd50k_speech_normal_661a3655,speech_normal,fsd50k,freesound_uploader_Corsica_S,freesound_uploader_Corsica_S,foreground_bank_train
fsd50k_speech_normal_663c791e,speech_normal,fsd50k,freesound_uploader_bulldozia,freesound_uploader_bulldozia,foreground_bank_train
fsd50k_speech_normal_66533a99,speech_normal,fsd50k,freesound_uploader_wjoojoo,freesound_uploader_wjoojoo,foreground_bank_train
fsd50k_speech_normal_66844dfa,speech_normal,fsd50k,freesound_uploader_pepezabala,freesound_uploader_pepezabala,foreground_bank_train
fsd50k_speech_normal_6701fd61,speech_normal,fsd50k,freesound_uploader_MichaelAtOz,freesound_uploader_MichaelAtOz,foreground_bank_train
fsd50k_speech_normal_681f5a99,speech_normal,fsd50k,freesound_uploader_Corsica_S,freesound_uploader_Corsica_S,foreground_bank_train
fsd50k_speech_normal_683ec5fc,speech_normal,fsd50k,freesound_uploader_bcimmet,freesound_uploader_bcimmet,foreground_bank_train
fsd50k_speech_normal_683f9db5,speech_normal,fsd50k,freesound_uploader_dersuperanton,freesound_uploader_dersuperanton,foreground_bank_train
fsd50k_speech_normal_6869b5f6,speech_normal,fsd50k,freesound_uploader_dobroide,freesound_uploader_dobroide,foreground_bank_train
fsd50k_speech_normal_686f242d,speech_normal,fsd50k,freesound_uploader_bcimmet,freesound_uploader_bcimmet,foreground_bank_train
fsd50k_speech_normal_68b0fddb,speech_normal,fsd50k,freesound_uploader_Corsica_S,freesound_uploader_Corsica_S,foreground_bank_train
fsd50k_speech_normal_6916eab0,speech_normal,fsd50k,freesound_uploader_bcimmet,freesound_uploader_bcimmet,foreground_bank_train
fsd50k_speech_normal_69927e79,speech_normal,fsd50k,freesound_uploader_Corsica_S,freesound_uploader_Corsica_S,foreground_bank_train
fsd50k_speech_normal_6a273a51,speech_normal,fsd50k,freesound_uploader_miguel2613,freesound_uploader_miguel2613,foreground_bank_train
fsd50k_speech_normal_6a9d4435,speech_normal,fsd50k,freesound_uploader_FunWithSound,freesound_uploader_FunWithSound,foreground_bank_train
fsd50k_speech_normal_6b218db0,speech_normal,fsd50k,freesound_uploader_Corsica_S,freesound_uploader_Corsica_S,foreground_bank_train
fsd50k_speech_normal_6b363dfd,speech_normal,fsd50k,freesound_uploader_bcjordan,freesound_uploader_bcjordan,foreground_bank_train
fsd50k_speech_normal_6b36a9db,speech_normal,fsd50k,freesound_uploader_Corsica_S,freesound_uploader_Corsica_S,foreground_bank_train
fsd50k_speech_normal_6b804a6c,speech_normal,fsd50k,freesound_uploader_Corsica_S,freesound_uploader_Corsica_S,foreground_bank_train
fsd50k_speech_normal_6be25c61,speech_normal,fsd50k,freesound_uploader_Corsica_S,freesound_uploader_Corsica_S,foreground_bank_train
fsd50k_speech_normal_6c4dbb6c,speech_normal,fsd50k,freesound_uploader_xtrgamr,freesound_uploader_xtrgamr,foreground_bank_train
fsd50k_speech_normal_6c7a99af,speech_normal,fsd50k,freesound_uploader_mo_damage,freesound_uploader_mo_damage,foreground_bank_train
fsd50k_speech_normal_6ca4b0e4,speech_normal,fsd50k,freesound_uploader_Corsica_S,freesound_uploader_Corsica_S,foreground_bank_train
fsd50k_speech_normal_6d1aca16,speech_normal,fsd50k,freesound_uploader_bcimmet,freesound_uploader_bcimmet,foreground_bank_train
fsd50k_speech_normal_6d253744,speech_normal,fsd50k,freesound_uploader_Corsica_S,freesound_uploader_Corsica_S,foreground_bank_train
fsd50k_speech_normal_6dbd9fc9,speech_normal,fsd50k,freesound_uploader_Corsica_S,freesound_uploader_Corsica_S,foreground_bank_train
fsd50k_speech_normal_6e1815aa,speech_normal,fsd50k,freesound_uploader_Reitanna,freesound_uploader_Reitanna,foreground_bank_train
fsd50k_speech_normal_6e2f6e0e,speech_normal,fsd50k,freesound_uploader_mo_damage,freesound_uploader_mo_damage,foreground_bank_train
fsd50k_speech_normal_6e344b05,speech_normal,fsd50k,freesound_uploader_Greencouch,freesound_uploader_Greencouch,foreground_bank_train
fsd50k_speech_normal_6e3a77af,speech_normal,fsd50k,freesound_uploader_Greencouch,freesound_uploader_Greencouch,foreground_bank_train
fsd50k_speech_normal_6e413ca9,speech_normal,fsd50k,freesound_uploader_Corsica_S,freesound_uploader_Corsica_S,foreground_bank_train
fsd50k_speech_normal_6e9145e0,speech_normal,fsd50k,freesound_uploader_Corsica_S,freesound_uploader_Corsica_S,foreground_bank_train
fsd50k_speech_normal_6ef93005,speech_normal,fsd50k,freesound_uploader_Corsica_S,freesound_uploader_Corsica_S,foreground_bank_train
fsd50k_speech_normal_6f189ab3,speech_normal,fsd50k,freesound_uploader_BluePaint,freesound_uploader_BluePaint,foreground_bank_train
fsd50k_speech_normal_6f6721e3,speech_normal,fsd50k,freesound_uploader_FunWithSound,freesound_uploader_FunWithSound,foreground_bank_train
fsd50k_speech_normal_6f8b96be,speech_normal,fsd50k,freesound_uploader_FunWithSound,freesound_uploader_FunWithSound,foreground_bank_train
fsd50k_speech_normal_6f9d0dcb,speech_normal,fsd50k,freesound_uploader_Corsica_S,freesound_uploader_Corsica_S,foreground_bank_train
fsd50k_speech_normal_6fc947bd,speech_normal,fsd50k,freesound_uploader_kornuman,freesound_uploader_kornuman,foreground_bank_train
fsd50k_speech_normal_701006dc,speech_normal,fsd50k,freesound_uploader_SteveG2008,freesound_uploader_SteveG2008,foreground_bank_train
fsd50k_speech_normal_7065a271,speech_normal,fsd50k,freesound_uploader_Jagadamba,freesound_uploader_Jagadamba,foreground_bank_train
fsd50k_speech_normal_709c0d28,speech_normal,fsd50k,freesound_uploader_Fynixx,freesound_uploader_Fynixx,foreground_bank_train
fsd50k_speech_normal_70db1aea,speech_normal,fsd50k,freesound_uploader_soundsofawesome,freesound_uploader_soundsofawesome,foreground_bank_train
fsd50k_speech_normal_7185ec4e,speech_normal,fsd50k,freesound_uploader_IPaddeh,freesound_uploader_IPaddeh,foreground_bank_train
fsd50k_speech_normal_71ade30c,speech_normal,fsd50k,freesound_uploader_Pavan_CM,freesound_uploader_Pavan_CM,foreground_bank_train
fsd50k_speech_normal_71d9e4ee,speech_normal,fsd50k,freesound_uploader_epanody,freesound_uploader_epanody,foreground_bank_train
fsd50k_speech_normal_7244708b,speech_normal,fsd50k,freesound_uploader_bcimmet,freesound_uploader_bcimmet,foreground_bank_train
fsd50k_speech_normal_7287e55a,speech_normal,fsd50k,freesound_uploader_bulldozia,freesound_uploader_bulldozia,foreground_bank_train
fsd50k_speech_normal_728a0d5e,speech_normal,fsd50k,freesound_uploader_bcimmet,freesound_uploader_bcimmet,foreground_bank_train
fsd50k_speech_normal_729b04ff,speech_normal,fsd50k,freesound_uploader_Corsica_S,freesound_uploader_Corsica_S,foreground_bank_train
fsd50k_speech_normal_72fcfe58,speech_normal,fsd50k,freesound_uploader_dream4dreamtheater,freesound_uploader_dream4dreamtheater,foreground_bank_train
fsd50k_speech_normal_7314bc3b,speech_normal,fsd50k,freesound_uploader_bulldozia,freesound_uploader_bulldozia,foreground_bank_train
fsd50k_speech_normal_7334e4f7,speech_normal,fsd50k,freesound_uploader_Corsica_S,freesound_uploader_Corsica_S,foreground_bank_train
fsd50k_speech_normal_739ad083,speech_normal,fsd50k,freesound_uploader_Corsica_S,freesound_uploader_Corsica_S,foreground_bank_train
fsd50k_speech_normal_73eba0a1,speech_normal,fsd50k,freesound_uploader_Corsica_S,freesound_uploader_Corsica_S,foreground_bank_train
fsd50k_speech_normal_745498a6,speech_normal,fsd50k,freesound_uploader_SteveG2008,freesound_uploader_SteveG2008,foreground_bank_train
fsd50k_speech_normal_7491893b,speech_normal,fsd50k,freesound_uploader_Robinhood76,freesound_uploader_Robinhood76,foreground_bank_train
fsd50k_speech_normal_74bf740e,speech_normal,fsd50k,freesound_uploader_bcimmet,freesound_uploader_bcimmet,foreground_bank_train
fsd50k_speech_normal_75237b3b,speech_normal,fsd50k,freesound_uploader_bulldozia,freesound_uploader_bulldozia,foreground_bank_train
fsd50k_speech_normal_75498935,speech_normal,fsd50k,freesound_uploader_epanody,freesound_uploader_epanody,foreground_bank_train
fsd50k_speech_normal_766069a8,speech_normal,fsd50k,freesound_uploader_FannyLH,freesound_uploader_FannyLH,foreground_bank_train
fsd50k_speech_normal_7665a646,speech_normal,fsd50k,freesound_uploader_FunWithSound,freesound_uploader_FunWithSound,foreground_bank_train
fsd50k_speech_normal_766a00a7,speech_normal,fsd50k,freesound_uploader_Reitanna,freesound_uploader_Reitanna,foreground_bank_train
fsd50k_speech_normal_770e9f8f,speech_normal,fsd50k,freesound_uploader_Ionicsmusic,freesound_uploader_Ionicsmusic,foreground_bank_train
fsd50k_speech_normal_770f539c,speech_normal,fsd50k,freesound_uploader_rigden33,freesound_uploader_rigden33,foreground_bank_train
fsd50k_speech_normal_77110a14,speech_normal,fsd50k,freesound_uploader_pepezabala,freesound_uploader_pepezabala,foreground_bank_train
fsd50k_speech_normal_77552673,speech_normal,fsd50k,freesound_uploader_pepezabala,freesound_uploader_pepezabala,foreground_bank_train
fsd50k_speech_normal_77ec5643,speech_normal,fsd50k,freesound_uploader_Corsica_S,freesound_uploader_Corsica_S,foreground_bank_train
fsd50k_speech_normal_77fb895f,speech_normal,fsd50k,freesound_uploader_Ionicsmusic,freesound_uploader_Ionicsmusic,foreground_bank_train
fsd50k_speech_normal_78008f1e,speech_normal,fsd50k,freesound_uploader_bcimmet,freesound_uploader_bcimmet,foreground_bank_train
fsd50k_speech_normal_7879d140,speech_normal,fsd50k,freesound_uploader_SteveG2008,freesound_uploader_SteveG2008,foreground_bank_train
fsd50k_speech_normal_787c82ee,speech_normal,fsd50k,freesound_uploader_Corsica_S,freesound_uploader_Corsica_S,foreground_bank_train
fsd50k_speech_normal_7896b5fd,speech_normal,fsd50k,freesound_uploader_Reitanna,freesound_uploader_Reitanna,foreground_bank_train
fsd50k_speech_normal_7951f637,speech_normal,fsd50k,freesound_uploader_bulldozia,freesound_uploader_bulldozia,foreground_bank_train
fsd50k_speech_normal_795898a5,speech_normal,fsd50k,freesound_uploader_Corsica_S,freesound_uploader_Corsica_S,foreground_bank_train
fsd50k_speech_normal_79856fbe,speech_normal,fsd50k,freesound_uploader_Jagadamba,freesound_uploader_Jagadamba,foreground_bank_train
fsd50k_speech_normal_79ea4e6f,speech_normal,fsd50k,freesound_uploader_Corsica_S,freesound_uploader_Corsica_S,foreground_bank_train
fsd50k_speech_normal_7a1017d5,speech_normal,fsd50k,freesound_uploader_IPaddeh,freesound_uploader_IPaddeh,foreground_bank_train
fsd50k_speech_normal_7acd5d05,speech_normal,fsd50k,freesound_uploader_epanody,freesound_uploader_epanody,foreground_bank_train
fsd50k_speech_normal_7b134164,speech_normal,fsd50k,freesound_uploader_Corsica_S,freesound_uploader_Corsica_S,foreground_bank_train
fsd50k_speech_normal_7b3df563,speech_normal,fsd50k,freesound_uploader_AlienXXX,freesound_uploader_AlienXXX,foreground_bank_train
fsd50k_speech_normal_7b8546cf,speech_normal,fsd50k,freesound_uploader_AlienXXX,freesound_uploader_AlienXXX,foreground_bank_train
fsd50k_speech_normal_7b9f4f98,speech_normal,fsd50k,freesound_uploader_kwahmah_02,freesound_uploader_kwahmah_02,foreground_bank_train
fsd50k_speech_normal_7c00f68e,speech_normal,fsd50k,freesound_uploader_bulldozia,freesound_uploader_bulldozia,foreground_bank_train
fsd50k_speech_normal_7c0e891d,speech_normal,fsd50k,freesound_uploader_Corsica_S,freesound_uploader_Corsica_S,foreground_bank_train
fsd50k_speech_normal_7c7e17db,speech_normal,fsd50k,freesound_uploader_dobroide,freesound_uploader_dobroide,foreground_bank_train
fsd50k_speech_normal_7ca951f0,speech_normal,fsd50k,freesound_uploader_mo_damage,freesound_uploader_mo_damage,foreground_bank_train
fsd50k_speech_normal_7d699fee,speech_normal,fsd50k,freesound_uploader_hanstimm,freesound_uploader_hanstimm,foreground_bank_train
fsd50k_speech_normal_7d87d847,speech_normal,fsd50k,freesound_uploader_digitopia,freesound_uploader_digitopia,foreground_bank_train
fsd50k_speech_normal_7edd4c73,speech_normal,fsd50k,freesound_uploader_SteveG2008,freesound_uploader_SteveG2008,foreground_bank_train
fsd50k_speech_normal_7fe0340b,speech_normal,fsd50k,freesound_uploader_dobroide,freesound_uploader_dobroide,foreground_bank_train
fsd50k_speech_normal_804631aa,speech_normal,fsd50k,freesound_uploader_bcimmet,freesound_uploader_bcimmet,foreground_bank_train
fsd50k_speech_normal_8092293b,speech_normal,fsd50k,freesound_uploader_FunWithSound,freesound_uploader_FunWithSound,foreground_bank_train
fsd50k_speech_normal_819e889e,speech_normal,fsd50k,freesound_uploader_FunWithSound,freesound_uploader_FunWithSound,foreground_bank_train
fsd50k_speech_normal_81a4bab7,speech_normal,fsd50k,freesound_uploader_Corsica_S,freesound_uploader_Corsica_S,foreground_bank_train
fsd50k_speech_normal_82117643,speech_normal,fsd50k,freesound_uploader_Corsica_S,freesound_uploader_Corsica_S,foreground_bank_train
fsd50k_speech_normal_82289e68,speech_normal,fsd50k,freesound_uploader_epanody,freesound_uploader_epanody,foreground_bank_train
fsd50k_speech_normal_8267f1a4,speech_normal,fsd50k,freesound_uploader_Corsica_S,freesound_uploader_Corsica_S,foreground_bank_train
fsd50k_speech_normal_8282a85d,speech_normal,fsd50k,freesound_uploader_mo_damage,freesound_uploader_mo_damage,foreground_bank_train
fsd50k_speech_normal_82d80b3e,speech_normal,fsd50k,freesound_uploader_dobroide,freesound_uploader_dobroide,foreground_bank_train
fsd50k_speech_normal_82f5fe0d,speech_normal,fsd50k,freesound_uploader_bulldozia,freesound_uploader_bulldozia,foreground_bank_train
fsd50k_speech_normal_83255862,speech_normal,fsd50k,freesound_uploader_bcimmet,freesound_uploader_bcimmet,foreground_bank_train
fsd50k_speech_normal_83bf43a2,speech_normal,fsd50k,freesound_uploader_sandyrb,freesound_uploader_sandyrb,foreground_bank_train
fsd50k_speech_normal_83d393c1,speech_normal,fsd50k,freesound_uploader_Corsica_S,freesound_uploader_Corsica_S,foreground_bank_train
fsd50k_speech_normal_8482de27,speech_normal,fsd50k,freesound_uploader_Ionicsmusic,freesound_uploader_Ionicsmusic,foreground_bank_train
fsd50k_speech_normal_85b99a16,speech_normal,fsd50k,freesound_uploader_epanody,freesound_uploader_epanody,foreground_bank_train
fsd50k_speech_normal_85d2035b,speech_normal,fsd50k,freesound_uploader_Corsica_S,freesound_uploader_Corsica_S,foreground_bank_train
fsd50k_speech_normal_85d4200a,speech_normal,fsd50k,freesound_uploader_Corsica_S,freesound_uploader_Corsica_S,foreground_bank_train
fsd50k_speech_normal_85fb87c1,speech_normal,fsd50k,freesound_uploader_SpliceSound,freesound_uploader_SpliceSound,foreground_bank_train
fsd50k_speech_normal_860d5b8a,speech_normal,fsd50k,freesound_uploader_bcimmet,freesound_uploader_bcimmet,foreground_bank_train
fsd50k_speech_normal_8626b64d,speech_normal,fsd50k,freesound_uploader_EnjoyPA,freesound_uploader_EnjoyPA,foreground_bank_train
fsd50k_speech_normal_863a671c,speech_normal,fsd50k,freesound_uploader_FunWithSound,freesound_uploader_FunWithSound,foreground_bank_train
fsd50k_speech_normal_864e3e3e,speech_normal,fsd50k,freesound_uploader_Corsica_S,freesound_uploader_Corsica_S,foreground_bank_train
fsd50k_speech_normal_8759a2dc,speech_normal,fsd50k,freesound_uploader_Reitanna,freesound_uploader_Reitanna,foreground_bank_train
fsd50k_speech_normal_87890c38,speech_normal,fsd50k,freesound_uploader_Corsica_S,freesound_uploader_Corsica_S,foreground_bank_train
fsd50k_speech_normal_878e1039,speech_normal,fsd50k,freesound_uploader_Corsica_S,freesound_uploader_Corsica_S,foreground_bank_train
fsd50k_speech_normal_879df93d,speech_normal,fsd50k,freesound_uploader_Corsica_S,freesound_uploader_Corsica_S,foreground_bank_train
fsd50k_speech_normal_87a3a057,speech_normal,fsd50k,freesound_uploader_bcimmet,freesound_uploader_bcimmet,foreground_bank_train
fsd50k_speech_normal_884c9770,speech_normal,fsd50k,freesound_uploader_Jagadamba,freesound_uploader_Jagadamba,foreground_bank_train
fsd50k_speech_normal_886b53a1,speech_normal,fsd50k,freesound_uploader_Corsica_S,freesound_uploader_Corsica_S,foreground_bank_train
fsd50k_speech_normal_896e19ba,speech_normal,fsd50k,freesound_uploader_epanody,freesound_uploader_epanody,foreground_bank_train
fsd50k_speech_normal_897bb1f2,speech_normal,fsd50k,freesound_uploader_Corsica_S,freesound_uploader_Corsica_S,foreground_bank_train
fsd50k_speech_normal_898eb628,speech_normal,fsd50k,freesound_uploader_Corsica_S,freesound_uploader_Corsica_S,foreground_bank_train
fsd50k_speech_normal_89e6efd0,speech_normal,fsd50k,freesound_uploader_Corsica_S,freesound_uploader_Corsica_S,foreground_bank_train
fsd50k_speech_normal_89f7f370,speech_normal,fsd50k,freesound_uploader_Corsica_S,freesound_uploader_Corsica_S,foreground_bank_train
fsd50k_speech_normal_89fae9db,speech_normal,fsd50k,freesound_uploader_Reitanna,freesound_uploader_Reitanna,foreground_bank_train
fsd50k_speech_normal_8a57dabb,speech_normal,fsd50k,freesound_uploader_bcimmet,freesound_uploader_bcimmet,foreground_bank_train
fsd50k_speech_normal_8a78211b,speech_normal,fsd50k,freesound_uploader_wjoojoo,freesound_uploader_wjoojoo,foreground_bank_train
fsd50k_speech_normal_8ac8104d,speech_normal,fsd50k,freesound_uploader_Q102030,freesound_uploader_Q102030,foreground_bank_train
fsd50k_speech_normal_8b32326a,speech_normal,fsd50k,freesound_uploader_SpliceSound,freesound_uploader_SpliceSound,foreground_bank_train
fsd50k_speech_normal_8c0d1006,speech_normal,fsd50k,freesound_uploader_Corsica_S,freesound_uploader_Corsica_S,foreground_bank_train
fsd50k_speech_normal_8c7c360d,speech_normal,fsd50k,freesound_uploader_bcimmet,freesound_uploader_bcimmet,foreground_bank_train
fsd50k_speech_normal_8ce8d59f,speech_normal,fsd50k,freesound_uploader_Corsica_S,freesound_uploader_Corsica_S,foreground_bank_train
fsd50k_speech_normal_8d18ceaf,speech_normal,fsd50k,freesound_uploader_dardue,freesound_uploader_dardue,foreground_bank_train
fsd50k_speech_normal_8d9b63d2,speech_normal,fsd50k,freesound_uploader_ERH,freesound_uploader_ERH,foreground_bank_train
fsd50k_speech_normal_8e1f6ee3,speech_normal,fsd50k,freesound_uploader_Corsica_S,freesound_uploader_Corsica_S,foreground_bank_train
fsd50k_speech_normal_8f51a0cd,speech_normal,fsd50k,freesound_uploader_Corsica_S,freesound_uploader_Corsica_S,foreground_bank_train
fsd50k_speech_normal_8fcc8513,speech_normal,fsd50k,freesound_uploader_Corsica_S,freesound_uploader_Corsica_S,foreground_bank_train
fsd50k_speech_normal_8fe6da0f,speech_normal,fsd50k,freesound_uploader_bcimmet,freesound_uploader_bcimmet,foreground_bank_train
fsd50k_speech_normal_8fe782bf,speech_normal,fsd50k,freesound_uploader_wordswar,freesound_uploader_wordswar,foreground_bank_train
fsd50k_speech_normal_903fde5e,speech_normal,fsd50k,freesound_uploader_bulldozia,freesound_uploader_bulldozia,foreground_bank_train
fsd50k_speech_normal_914e2a71,speech_normal,fsd50k,freesound_uploader_Robinhood76,freesound_uploader_Robinhood76,foreground_bank_train
fsd50k_speech_normal_9159e226,speech_normal,fsd50k,freesound_uploader_Ionicsmusic,freesound_uploader_Ionicsmusic,foreground_bank_train
fsd50k_speech_normal_91f7b48b,speech_normal,fsd50k,freesound_uploader_pepezabala,freesound_uploader_pepezabala,foreground_bank_train
fsd50k_speech_normal_921f3941,speech_normal,fsd50k,freesound_uploader_Corsica_S,freesound_uploader_Corsica_S,foreground_bank_train
fsd50k_speech_normal_9220dcd7,speech_normal,fsd50k,freesound_uploader_dobroide,freesound_uploader_dobroide,foreground_bank_train
fsd50k_speech_normal_929a40b4,speech_normal,fsd50k,freesound_uploader_Corsica_S,freesound_uploader_Corsica_S,foreground_bank_train
fsd50k_speech_normal_92a717a4,speech_normal,fsd50k,freesound_uploader_irrlicht,freesound_uploader_irrlicht,foreground_bank_train
fsd50k_speech_normal_92e947ac,speech_normal,fsd50k,freesound_uploader_Corsica_S,freesound_uploader_Corsica_S,foreground_bank_train
fsd50k_speech_normal_930db832,speech_normal,fsd50k,freesound_uploader_Corsica_S,freesound_uploader_Corsica_S,foreground_bank_train
fsd50k_speech_normal_9350a023,speech_normal,fsd50k,freesound_uploader_bcjordan,freesound_uploader_bcjordan,foreground_bank_train
fsd50k_speech_normal_9353199b,speech_normal,fsd50k,freesound_uploader_Ephemeral_Rift,freesound_uploader_Ephemeral_Rift,foreground_bank_train
fsd50k_speech_normal_936c1fe9,speech_normal,fsd50k,freesound_uploader_pauliperez1999,freesound_uploader_pauliperez1999,foreground_bank_train
fsd50k_speech_normal_9421919f,speech_normal,fsd50k,freesound_uploader_mooncubedesign,freesound_uploader_mooncubedesign,foreground_bank_train
fsd50k_speech_normal_94ebdac4,speech_normal,fsd50k,freesound_uploader_bcimmet,freesound_uploader_bcimmet,foreground_bank_train
fsd50k_speech_normal_95213142,speech_normal,fsd50k,freesound_uploader_Corsica_S,freesound_uploader_Corsica_S,foreground_bank_train
fsd50k_speech_normal_95545bf1,speech_normal,fsd50k,freesound_uploader_bcimmet,freesound_uploader_bcimmet,foreground_bank_train
fsd50k_speech_normal_95fe47a6,speech_normal,fsd50k,freesound_uploader_bcimmet,freesound_uploader_bcimmet,foreground_bank_train
fsd50k_speech_normal_97b7e6b8,speech_normal,fsd50k,freesound_uploader_sandyrb,freesound_uploader_sandyrb,foreground_bank_train
fsd50k_speech_normal_97c2c6c1,speech_normal,fsd50k,freesound_uploader_bcimmet,freesound_uploader_bcimmet,foreground_bank_train
fsd50k_speech_normal_9880a241,speech_normal,fsd50k,freesound_uploader_Fantozzi,freesound_uploader_Fantozzi,foreground_bank_train
fsd50k_speech_normal_99a70b03,speech_normal,fsd50k,freesound_uploader_bulldozia,freesound_uploader_bulldozia,foreground_bank_train
fsd50k_speech_normal_9a16ddda,speech_normal,fsd50k,freesound_uploader_dobroide,freesound_uploader_dobroide,foreground_bank_train
fsd50k_speech_normal_9a70a754,speech_normal,fsd50k,freesound_uploader_FunWithSound,freesound_uploader_FunWithSound,foreground_bank_train
fsd50k_speech_normal_9ad5fd53,speech_normal,fsd50k,freesound_uploader_Corsica_S,freesound_uploader_Corsica_S,foreground_bank_train
fsd50k_speech_normal_9b0e8df3,speech_normal,fsd50k,freesound_uploader_Greencouch,freesound_uploader_Greencouch,foreground_bank_train
fsd50k_speech_normal_9b7040a5,speech_normal,fsd50k,freesound_uploader_Corsica_S,freesound_uploader_Corsica_S,foreground_bank_train
fsd50k_speech_normal_9b7f1151,speech_normal,fsd50k,freesound_uploader_AlienXXX,freesound_uploader_AlienXXX,foreground_bank_train
fsd50k_speech_normal_9bb05250,speech_normal,fsd50k,freesound_uploader_Jagadamba,freesound_uploader_Jagadamba,foreground_bank_train
fsd50k_speech_normal_9c2a3383,speech_normal,fsd50k,freesound_uploader_Corsica_S,freesound_uploader_Corsica_S,foreground_bank_train
fsd50k_speech_normal_9c6977d8,speech_normal,fsd50k,freesound_uploader_radian,freesound_uploader_radian,foreground_bank_train
fsd50k_speech_normal_9ced9f57,speech_normal,fsd50k,freesound_uploader_Corsica_S,freesound_uploader_Corsica_S,foreground_bank_train
fsd50k_speech_normal_9cf49120,speech_normal,fsd50k,freesound_uploader_kwahmah_02,freesound_uploader_kwahmah_02,foreground_bank_train
fsd50k_speech_normal_9cfc3030,speech_normal,fsd50k,freesound_uploader_Reitanna,freesound_uploader_Reitanna,foreground_bank_train
fsd50k_speech_normal_9d9c989f,speech_normal,fsd50k,freesound_uploader_dobroide,freesound_uploader_dobroide,foreground_bank_train
fsd50k_speech_normal_9e8e8d38,speech_normal,fsd50k,freesound_uploader_bcimmet,freesound_uploader_bcimmet,foreground_bank_train
fsd50k_speech_normal_9eed3f92,speech_normal,fsd50k,freesound_uploader_Reitanna,freesound_uploader_Reitanna,foreground_bank_train
fsd50k_speech_normal_9f00c809,speech_normal,fsd50k,freesound_uploader_SteveG2008,freesound_uploader_SteveG2008,foreground_bank_train
fsd50k_speech_normal_9f3593b3,speech_normal,fsd50k,freesound_uploader_Corsica_S,freesound_uploader_Corsica_S,foreground_bank_train
fsd50k_speech_normal_9f73e833,speech_normal,fsd50k,freesound_uploader_IPaddeh,freesound_uploader_IPaddeh,foreground_bank_train
fsd50k_speech_normal_9f86e748,speech_normal,fsd50k,freesound_uploader_flogman,freesound_uploader_flogman,foreground_bank_train
fsd50k_speech_normal_9fb72b91,speech_normal,fsd50k,freesound_uploader_Corsica_S,freesound_uploader_Corsica_S,foreground_bank_train
fsd50k_speech_normal_9fb8ae70,speech_normal,fsd50k,freesound_uploader_bulldozia,freesound_uploader_bulldozia,foreground_bank_train
fsd50k_speech_normal_a04ea1ff,speech_normal,fsd50k,freesound_uploader_AlienXXX,freesound_uploader_AlienXXX,foreground_bank_train
fsd50k_speech_normal_a0586b4c,speech_normal,fsd50k,freesound_uploader_pepezabala,freesound_uploader_pepezabala,foreground_bank_train
fsd50k_speech_normal_a09ab641,speech_normal,fsd50k,freesound_uploader_Benboncan,freesound_uploader_Benboncan,foreground_bank_train
fsd50k_speech_normal_a0f0847a,speech_normal,fsd50k,freesound_uploader_Yuroun,freesound_uploader_Yuroun,foreground_bank_train
fsd50k_speech_normal_a103cf16,speech_normal,fsd50k,freesound_uploader_bcimmet,freesound_uploader_bcimmet,foreground_bank_train
fsd50k_speech_normal_a135549e,speech_normal,fsd50k,freesound_uploader_bcimmet,freesound_uploader_bcimmet,foreground_bank_train
fsd50k_speech_normal_a190d68b,speech_normal,fsd50k,freesound_uploader_bcimmet,freesound_uploader_bcimmet,foreground_bank_train
fsd50k_speech_normal_a1d04caa,speech_normal,fsd50k,freesound_uploader_dobroide,freesound_uploader_dobroide,foreground_bank_train
fsd50k_speech_normal_a2a3ccb2,speech_normal,fsd50k,freesound_uploader_carolinaGG,freesound_uploader_carolinaGG,foreground_bank_train
fsd50k_speech_normal_a361c585,speech_normal,fsd50k,freesound_uploader_Corsica_S,freesound_uploader_Corsica_S,foreground_bank_train
fsd50k_speech_normal_a36cc3a8,speech_normal,fsd50k,freesound_uploader_IPaddeh,freesound_uploader_IPaddeh,foreground_bank_train
fsd50k_speech_normal_a403ce76,speech_normal,fsd50k,freesound_uploader_bcimmet,freesound_uploader_bcimmet,foreground_bank_train
fsd50k_speech_normal_a4523457,speech_normal,fsd50k,freesound_uploader_Incarnadine,freesound_uploader_Incarnadine,foreground_bank_train
fsd50k_speech_normal_a4fc5a5c,speech_normal,fsd50k,freesound_uploader_reinsamba,freesound_uploader_reinsamba,foreground_bank_train
fsd50k_speech_normal_a5391be0,speech_normal,fsd50k,freesound_uploader_SteveG2008,freesound_uploader_SteveG2008,foreground_bank_train
fsd50k_speech_normal_a56dec98,speech_normal,fsd50k,freesound_uploader_jamesgilsenan,freesound_uploader_jamesgilsenan,foreground_bank_train
fsd50k_speech_normal_a5aebeef,speech_normal,fsd50k,freesound_uploader_Corsica_S,freesound_uploader_Corsica_S,foreground_bank_train
fsd50k_speech_normal_a6771ff7,speech_normal,fsd50k,freesound_uploader_Reitanna,freesound_uploader_Reitanna,foreground_bank_train
fsd50k_speech_normal_a698a25a,speech_normal,fsd50k,freesound_uploader_Corsica_S,freesound_uploader_Corsica_S,foreground_bank_train
fsd50k_speech_normal_a6cd172b,speech_normal,fsd50k,freesound_uploader_bcimmet,freesound_uploader_bcimmet,foreground_bank_train
fsd50k_speech_normal_a6f590d0,speech_normal,fsd50k,freesound_uploader_Corsica_S,freesound_uploader_Corsica_S,foreground_bank_train
fsd50k_speech_normal_a6ff21e4,speech_normal,fsd50k,freesound_uploader_qubodup,freesound_uploader_qubodup,foreground_bank_train
fsd50k_speech_normal_a724c46f,speech_normal,fsd50k,freesound_uploader_AlienXXX,freesound_uploader_AlienXXX,foreground_bank_train
fsd50k_speech_normal_a72ddf85,speech_normal,fsd50k,freesound_uploader_jvidalmc90@gmail.com,freesound_uploader_jvidalmc90@gmail.com,foreground_bank_train
fsd50k_speech_normal_a7410263,speech_normal,fsd50k,freesound_uploader_bcimmet,freesound_uploader_bcimmet,foreground_bank_train
fsd50k_speech_normal_a7546872,speech_normal,fsd50k,freesound_uploader_carmsie,freesound_uploader_carmsie,foreground_bank_train
fsd50k_speech_normal_a7ac49fc,speech_normal,fsd50k,freesound_uploader_Corsica_S,freesound_uploader_Corsica_S,foreground_bank_train
fsd50k_speech_normal_a7afbf9c,speech_normal,fsd50k,freesound_uploader_bcimmet,freesound_uploader_bcimmet,foreground_bank_train
fsd50k_speech_normal_a7b417c7,speech_normal,fsd50k,freesound_uploader_dobroide,freesound_uploader_dobroide,foreground_bank_train
fsd50k_speech_normal_a816d1fb,speech_normal,fsd50k,freesound_uploader_hello_flowers,freesound_uploader_hello_flowers,foreground_bank_train
fsd50k_speech_normal_a82d5348,speech_normal,fsd50k,freesound_uploader_dobroide,freesound_uploader_dobroide,foreground_bank_train
fsd50k_speech_normal_a984026d,speech_normal,fsd50k,freesound_uploader_bcimmet,freesound_uploader_bcimmet,foreground_bank_train
fsd50k_speech_normal_a9a27cc5,speech_normal,fsd50k,freesound_uploader_Corsica_S,freesound_uploader_Corsica_S,foreground_bank_train
fsd50k_speech_normal_a9c11b3c,speech_normal,fsd50k,freesound_uploader_Corsica_S,freesound_uploader_Corsica_S,foreground_bank_train
fsd50k_speech_normal_a9ff8f60,speech_normal,fsd50k,freesound_uploader_Corsica_S,freesound_uploader_Corsica_S,foreground_bank_train
fsd50k_speech_normal_aa3f3f4f,speech_normal,fsd50k,freesound_uploader_bulldozia,freesound_uploader_bulldozia,foreground_bank_train
fsd50k_speech_normal_aa644bee,speech_normal,fsd50k,freesound_uploader_bcimmet,freesound_uploader_bcimmet,foreground_bank_train
fsd50k_speech_normal_aa842169,speech_normal,fsd50k,freesound_uploader_bulldozia,freesound_uploader_bulldozia,foreground_bank_train
fsd50k_speech_normal_aacfe7d4,speech_normal,fsd50k,freesound_uploader_Corsica_S,freesound_uploader_Corsica_S,foreground_bank_train
fsd50k_speech_normal_aba16c1a,speech_normal,fsd50k,freesound_uploader_bulldozia,freesound_uploader_bulldozia,foreground_bank_train
fsd50k_speech_normal_abb27ce6,speech_normal,fsd50k,freesound_uploader_Corsica_S,freesound_uploader_Corsica_S,foreground_bank_train
fsd50k_speech_normal_abf060e5,speech_normal,fsd50k,freesound_uploader_Corsica_S,freesound_uploader_Corsica_S,foreground_bank_train
fsd50k_speech_normal_ac1bc0fb,speech_normal,fsd50k,freesound_uploader_IPaddeh,freesound_uploader_IPaddeh,foreground_bank_train
fsd50k_speech_normal_ac353a03,speech_normal,fsd50k,freesound_uploader_theuncertainman,freesound_uploader_theuncertainman,foreground_bank_train
fsd50k_speech_normal_ac3d03e9,speech_normal,fsd50k,freesound_uploader_Swoop333,freesound_uploader_Swoop333,foreground_bank_train
fsd50k_speech_normal_ac7dc45c,speech_normal,fsd50k,freesound_uploader_epanody,freesound_uploader_epanody,foreground_bank_train
fsd50k_speech_normal_acad1719,speech_normal,fsd50k,freesound_uploader_bulldozia,freesound_uploader_bulldozia,foreground_bank_train
fsd50k_speech_normal_acd89e17,speech_normal,fsd50k,freesound_uploader_bcimmet,freesound_uploader_bcimmet,foreground_bank_train
fsd50k_speech_normal_acf6344f,speech_normal,fsd50k,freesound_uploader_bulldozia,freesound_uploader_bulldozia,foreground_bank_train
fsd50k_speech_normal_ad5d25ef,speech_normal,fsd50k,freesound_uploader_Corsica_S,freesound_uploader_Corsica_S,foreground_bank_train
fsd50k_speech_normal_ad660dfc,speech_normal,fsd50k,freesound_uploader_Corsica_S,freesound_uploader_Corsica_S,foreground_bank_train
fsd50k_speech_normal_adb0f9d2,speech_normal,fsd50k,freesound_uploader_Ephemeral_Rift,freesound_uploader_Ephemeral_Rift,foreground_bank_train
fsd50k_speech_normal_ae2df55d,speech_normal,fsd50k,freesound_uploader_bcimmet,freesound_uploader_bcimmet,foreground_bank_train
fsd50k_speech_normal_af1abbc7,speech_normal,fsd50k,freesound_uploader_Corsica_S,freesound_uploader_Corsica_S,foreground_bank_train
fsd50k_speech_normal_af724c84,speech_normal,fsd50k,freesound_uploader_IPaddeh,freesound_uploader_IPaddeh,foreground_bank_train
fsd50k_speech_normal_b0a65923,speech_normal,fsd50k,freesound_uploader_bulldozia,freesound_uploader_bulldozia,foreground_bank_train
fsd50k_speech_normal_b0fb7b8e,speech_normal,fsd50k,freesound_uploader_unfa,freesound_uploader_unfa,foreground_bank_train
fsd50k_speech_normal_b0fd7370,speech_normal,fsd50k,freesound_uploader_bcimmet,freesound_uploader_bcimmet,foreground_bank_train
fsd50k_speech_normal_b1977fe7,speech_normal,fsd50k,freesound_uploader_bcimmet,freesound_uploader_bcimmet,foreground_bank_train
fsd50k_speech_normal_b1a7ac77,speech_normal,fsd50k,freesound_uploader_bulldozia,freesound_uploader_bulldozia,foreground_bank_train
fsd50k_speech_normal_b1c8db50,speech_normal,fsd50k,freesound_uploader_Corsica_S,freesound_uploader_Corsica_S,foreground_bank_train
fsd50k_speech_normal_b1e0c822,speech_normal,fsd50k,freesound_uploader_Corsica_S,freesound_uploader_Corsica_S,foreground_bank_train
fsd50k_speech_normal_b29cd7e6,speech_normal,fsd50k,freesound_uploader_SteveG2008,freesound_uploader_SteveG2008,foreground_bank_train
fsd50k_speech_normal_b2a7f08a,speech_normal,fsd50k,freesound_uploader_dpsa,freesound_uploader_dpsa,foreground_bank_train
fsd50k_speech_normal_b3a6b556,speech_normal,fsd50k,freesound_uploader_Ionicsmusic,freesound_uploader_Ionicsmusic,foreground_bank_train
fsd50k_speech_normal_b3d7bb6d,speech_normal,fsd50k,freesound_uploader_bcimmet,freesound_uploader_bcimmet,foreground_bank_train
fsd50k_speech_normal_b416b430,speech_normal,fsd50k,freesound_uploader_Ionicsmusic,freesound_uploader_Ionicsmusic,foreground_bank_train
fsd50k_speech_normal_b42a644e,speech_normal,fsd50k,freesound_uploader_Corsica_S,freesound_uploader_Corsica_S,foreground_bank_train
fsd50k_speech_normal_b4a84c19,speech_normal,fsd50k,freesound_uploader_Corsica_S,freesound_uploader_Corsica_S,foreground_bank_train
fsd50k_speech_normal_b4e5a853,speech_normal,fsd50k,freesound_uploader_Corsica_S,freesound_uploader_Corsica_S,foreground_bank_train
fsd50k_speech_normal_b4fdb419,speech_normal,fsd50k,freesound_uploader_bcimmet,freesound_uploader_bcimmet,foreground_bank_train
fsd50k_speech_normal_b508b840,speech_normal,fsd50k,freesound_uploader_Corsica_S,freesound_uploader_Corsica_S,foreground_bank_train
fsd50k_speech_normal_b50a040c,speech_normal,fsd50k,freesound_uploader_EnjoyPA,freesound_uploader_EnjoyPA,foreground_bank_train
fsd50k_speech_normal_b5cd69ac,speech_normal,fsd50k,freesound_uploader_Corsica_S,freesound_uploader_Corsica_S,foreground_bank_train
fsd50k_speech_normal_b5fdf4e3,speech_normal,fsd50k,freesound_uploader_bcimmet,freesound_uploader_bcimmet,foreground_bank_train
fsd50k_speech_normal_b66ef567,speech_normal,fsd50k,freesound_uploader_Corsica_S,freesound_uploader_Corsica_S,foreground_bank_train
fsd50k_speech_normal_b6b2da17,speech_normal,fsd50k,freesound_uploader_Garold,freesound_uploader_Garold,foreground_bank_train
fsd50k_speech_normal_b7f3259b,speech_normal,fsd50k,freesound_uploader_epanody,freesound_uploader_epanody,foreground_bank_train
fsd50k_speech_normal_b85ce3f9,speech_normal,fsd50k,freesound_uploader_qubodup,freesound_uploader_qubodup,foreground_bank_train
fsd50k_speech_normal_b892538f,speech_normal,fsd50k,freesound_uploader_Reitanna,freesound_uploader_Reitanna,foreground_bank_train
fsd50k_speech_normal_b892f4cb,speech_normal,fsd50k,freesound_uploader_digifishmusic,freesound_uploader_digifishmusic,foreground_bank_train
fsd50k_speech_normal_b8d43f92,speech_normal,fsd50k,freesound_uploader_EnjoyPA,freesound_uploader_EnjoyPA,foreground_bank_train
fsd50k_speech_normal_b8d8f45f,speech_normal,fsd50k,freesound_uploader_Corsica_S,freesound_uploader_Corsica_S,foreground_bank_train
fsd50k_speech_normal_b8e8b635,speech_normal,fsd50k,freesound_uploader_Corsica_S,freesound_uploader_Corsica_S,foreground_bank_train
fsd50k_speech_normal_b8eb433e,speech_normal,fsd50k,freesound_uploader_SteveG2008,freesound_uploader_SteveG2008,foreground_bank_train
fsd50k_speech_normal_b968c814,speech_normal,fsd50k,freesound_uploader_bulldozia,freesound_uploader_bulldozia,foreground_bank_train
fsd50k_speech_normal_b9dff95b,speech_normal,fsd50k,freesound_uploader_Corsica_S,freesound_uploader_Corsica_S,foreground_bank_train
fsd50k_speech_normal_ba1548d8,speech_normal,fsd50k,freesound_uploader_pepezabala,freesound_uploader_pepezabala,foreground_bank_train
fsd50k_speech_normal_ba3f7390,speech_normal,fsd50k,freesound_uploader_timtube,freesound_uploader_timtube,foreground_bank_train
fsd50k_speech_normal_ba9483c2,speech_normal,fsd50k,freesound_uploader_MadamVicious,freesound_uploader_MadamVicious,foreground_bank_train
fsd50k_speech_normal_bb131175,speech_normal,fsd50k,freesound_uploader_Corsica_S,freesound_uploader_Corsica_S,foreground_bank_train
fsd50k_speech_normal_bbe89835,speech_normal,fsd50k,freesound_uploader_bcimmet,freesound_uploader_bcimmet,foreground_bank_train
fsd50k_speech_normal_bbfd52df,speech_normal,fsd50k,freesound_uploader_bcimmet,freesound_uploader_bcimmet,foreground_bank_train
fsd50k_speech_normal_bc9bd81a,speech_normal,fsd50k,freesound_uploader_bcimmet,freesound_uploader_bcimmet,foreground_bank_train
fsd50k_speech_normal_bcdbe5ed,speech_normal,fsd50k,freesound_uploader_grandpablaine2,freesound_uploader_grandpablaine2,foreground_bank_train
fsd50k_speech_normal_bd8d84aa,speech_normal,fsd50k,freesound_uploader_marcello777,freesound_uploader_marcello777,foreground_bank_train
fsd50k_speech_normal_bf91226a,speech_normal,fsd50k,freesound_uploader_epanody,freesound_uploader_epanody,foreground_bank_train
fsd50k_speech_normal_c0507b68,speech_normal,fsd50k,freesound_uploader_bcimmet,freesound_uploader_bcimmet,foreground_bank_train
fsd50k_speech_normal_c0ab5990,speech_normal,fsd50k,freesound_uploader_dobroide,freesound_uploader_dobroide,foreground_bank_train
fsd50k_speech_normal_c15e3113,speech_normal,fsd50k,freesound_uploader_Reitanna,freesound_uploader_Reitanna,foreground_bank_train
fsd50k_speech_normal_c1d02460,speech_normal,fsd50k,freesound_uploader_bulldozia,freesound_uploader_bulldozia,foreground_bank_train
fsd50k_speech_normal_c256fa82,speech_normal,fsd50k,freesound_uploader_bulldozia,freesound_uploader_bulldozia,foreground_bank_train
fsd50k_speech_normal_c2b554a4,speech_normal,fsd50k,freesound_uploader_flogman,freesound_uploader_flogman,foreground_bank_train
fsd50k_speech_normal_c2c07d58,speech_normal,fsd50k,freesound_uploader_qubodup,freesound_uploader_qubodup,foreground_bank_train
fsd50k_speech_normal_c2cd0c42,speech_normal,fsd50k,freesound_uploader_Reitanna,freesound_uploader_Reitanna,foreground_bank_train
fsd50k_speech_normal_c3000fba,speech_normal,fsd50k,freesound_uploader_dardue,freesound_uploader_dardue,foreground_bank_train
fsd50k_speech_normal_c3b79713,speech_normal,fsd50k,freesound_uploader_bcimmet,freesound_uploader_bcimmet,foreground_bank_train
fsd50k_speech_normal_c3c91516,speech_normal,fsd50k,freesound_uploader_Corsica_S,freesound_uploader_Corsica_S,foreground_bank_train
fsd50k_speech_normal_c474ff11,speech_normal,fsd50k,freesound_uploader_Ephemeral_Rift,freesound_uploader_Ephemeral_Rift,foreground_bank_train
fsd50k_speech_normal_c51dc3f2,speech_normal,fsd50k,freesound_uploader_Corsica_S,freesound_uploader_Corsica_S,foreground_bank_train
fsd50k_speech_normal_c530acf7,speech_normal,fsd50k,freesound_uploader_Corsica_S,freesound_uploader_Corsica_S,foreground_bank_train
fsd50k_speech_normal_c53e4cf5,speech_normal,fsd50k,freesound_uploader_bcimmet,freesound_uploader_bcimmet,foreground_bank_train
fsd50k_speech_normal_c5a1aad0,speech_normal,fsd50k,freesound_uploader_3BGBCA,freesound_uploader_3BGBCA,foreground_bank_train
fsd50k_speech_normal_c647a41d,speech_normal,fsd50k,freesound_uploader_Corsica_S,freesound_uploader_Corsica_S,foreground_bank_train
fsd50k_speech_normal_c6a25b38,speech_normal,fsd50k,freesound_uploader_bulldozia,freesound_uploader_bulldozia,foreground_bank_train
fsd50k_speech_normal_c6b7b1d1,speech_normal,fsd50k,freesound_uploader_IPaddeh,freesound_uploader_IPaddeh,foreground_bank_train
fsd50k_speech_normal_c720aa0d,speech_normal,fsd50k,freesound_uploader_Corsica_S,freesound_uploader_Corsica_S,foreground_bank_train
fsd50k_speech_normal_c7627c67,speech_normal,fsd50k,freesound_uploader_dobroide,freesound_uploader_dobroide,foreground_bank_train
fsd50k_speech_normal_c7ab9ff4,speech_normal,fsd50k,freesound_uploader_bulldozia,freesound_uploader_bulldozia,foreground_bank_train
fsd50k_speech_normal_c861aa97,speech_normal,fsd50k,freesound_uploader_Corsica_S,freesound_uploader_Corsica_S,foreground_bank_train
fsd50k_speech_normal_c8844c72,speech_normal,fsd50k,freesound_uploader_kornuman,freesound_uploader_kornuman,foreground_bank_train
fsd50k_speech_normal_c8a06a9f,speech_normal,fsd50k,freesound_uploader_Reitanna,freesound_uploader_Reitanna,foreground_bank_train
fsd50k_speech_normal_c9175bbb,speech_normal,fsd50k,freesound_uploader_dersuperanton,freesound_uploader_dersuperanton,foreground_bank_train
fsd50k_speech_normal_c92e1f51,speech_normal,fsd50k,freesound_uploader_WIM,freesound_uploader_WIM,foreground_bank_train
fsd50k_speech_normal_c9426f8c,speech_normal,fsd50k,freesound_uploader_dobroide,freesound_uploader_dobroide,foreground_bank_train
fsd50k_speech_normal_c949525f,speech_normal,fsd50k,freesound_uploader_Corsica_S,freesound_uploader_Corsica_S,foreground_bank_train
fsd50k_speech_normal_c9540297,speech_normal,fsd50k,freesound_uploader_bcimmet,freesound_uploader_bcimmet,foreground_bank_train
fsd50k_speech_normal_ca2dc4ad,speech_normal,fsd50k,freesound_uploader_FunWithSound,freesound_uploader_FunWithSound,foreground_bank_train
fsd50k_speech_normal_ca3f2341,speech_normal,fsd50k,freesound_uploader_bcimmet,freesound_uploader_bcimmet,foreground_bank_train
fsd50k_speech_normal_cae0b0c7,speech_normal,fsd50k,freesound_uploader_sandyrb,freesound_uploader_sandyrb,foreground_bank_train
fsd50k_speech_normal_cc4682ba,speech_normal,fsd50k,freesound_uploader_pepezabala,freesound_uploader_pepezabala,foreground_bank_train
fsd50k_speech_normal_cc64330e,speech_normal,fsd50k,freesound_uploader_Corsica_S,freesound_uploader_Corsica_S,foreground_bank_train
fsd50k_speech_normal_cd64015a,speech_normal,fsd50k,freesound_uploader_bcimmet,freesound_uploader_bcimmet,foreground_bank_train
fsd50k_speech_normal_cd82ace7,speech_normal,fsd50k,freesound_uploader_crecord,freesound_uploader_crecord,foreground_bank_train
fsd50k_speech_normal_cd8f4821,speech_normal,fsd50k,freesound_uploader_bcimmet,freesound_uploader_bcimmet,foreground_bank_train
fsd50k_speech_normal_cdb31eeb,speech_normal,fsd50k,freesound_uploader_bulldozia,freesound_uploader_bulldozia,foreground_bank_train
fsd50k_speech_normal_ce071f16,speech_normal,fsd50k,freesound_uploader_Fynixx,freesound_uploader_Fynixx,foreground_bank_train
fsd50k_speech_normal_ce69cd5c,speech_normal,fsd50k,freesound_uploader_Ionicsmusic,freesound_uploader_Ionicsmusic,foreground_bank_train
fsd50k_speech_normal_cea2aab9,speech_normal,fsd50k,freesound_uploader_Kodack,freesound_uploader_Kodack,foreground_bank_train
fsd50k_speech_normal_cf0d12e7,speech_normal,fsd50k,freesound_uploader_Corsica_S,freesound_uploader_Corsica_S,foreground_bank_train
fsd50k_speech_normal_cf78a18e,speech_normal,fsd50k,freesound_uploader_bcimmet,freesound_uploader_bcimmet,foreground_bank_train
fsd50k_speech_normal_cf8243dc,speech_normal,fsd50k,freesound_uploader_Ionicsmusic,freesound_uploader_Ionicsmusic,foreground_bank_train
fsd50k_speech_normal_cfa016a9,speech_normal,fsd50k,freesound_uploader_Corsica_S,freesound_uploader_Corsica_S,foreground_bank_train
fsd50k_speech_normal_cfb0099d,speech_normal,fsd50k,freesound_uploader_Corsica_S,freesound_uploader_Corsica_S,foreground_bank_train
fsd50k_speech_normal_d007a1f3,speech_normal,fsd50k,freesound_uploader_TheScarlettWitch89,freesound_uploader_TheScarlettWitch89,foreground_bank_train
fsd50k_speech_normal_d00dc4f5,speech_normal,fsd50k,freesound_uploader_bcimmet,freesound_uploader_bcimmet,foreground_bank_train
fsd50k_speech_normal_d021f856,speech_normal,fsd50k,freesound_uploader_bcimmet,freesound_uploader_bcimmet,foreground_bank_train
fsd50k_speech_normal_d05db17b,speech_normal,fsd50k,freesound_uploader_bcjordan,freesound_uploader_bcjordan,foreground_bank_train
fsd50k_speech_normal_d05f75bb,speech_normal,fsd50k,freesound_uploader_kwahmah_02,freesound_uploader_kwahmah_02,foreground_bank_train
fsd50k_speech_normal_d08ec3e0,speech_normal,fsd50k,freesound_uploader_Corsica_S,freesound_uploader_Corsica_S,foreground_bank_train
fsd50k_speech_normal_d0ce38c7,speech_normal,fsd50k,freesound_uploader_dersuperanton,freesound_uploader_dersuperanton,foreground_bank_train
fsd50k_speech_normal_d10ff31d,speech_normal,fsd50k,freesound_uploader_Reitanna,freesound_uploader_Reitanna,foreground_bank_train
fsd50k_speech_normal_d15dbde6,speech_normal,fsd50k,freesound_uploader_Corsica_S,freesound_uploader_Corsica_S,foreground_bank_train
fsd50k_speech_normal_d200781e,speech_normal,fsd50k,freesound_uploader_Corsica_S,freesound_uploader_Corsica_S,foreground_bank_train
fsd50k_speech_normal_d22100b5,speech_normal,fsd50k,freesound_uploader_AlienXXX,freesound_uploader_AlienXXX,foreground_bank_train
fsd50k_speech_normal_d25e7520,speech_normal,fsd50k,freesound_uploader_Ionicsmusic,freesound_uploader_Ionicsmusic,foreground_bank_train
fsd50k_speech_normal_d2b5caa6,speech_normal,fsd50k,freesound_uploader_bcimmet,freesound_uploader_bcimmet,foreground_bank_train
fsd50k_speech_normal_d2f6364a,speech_normal,fsd50k,freesound_uploader_Corsica_S,freesound_uploader_Corsica_S,foreground_bank_train
fsd50k_speech_normal_d334d1a6,speech_normal,fsd50k,freesound_uploader_Robinhood76,freesound_uploader_Robinhood76,foreground_bank_train
fsd50k_speech_normal_d3b8d815,speech_normal,fsd50k,freesound_uploader_bcimmet,freesound_uploader_bcimmet,foreground_bank_train
fsd50k_speech_normal_d42f3673,speech_normal,fsd50k,freesound_uploader_dobroide,freesound_uploader_dobroide,foreground_bank_train
fsd50k_speech_normal_d4317fce,speech_normal,fsd50k,freesound_uploader_Ephemeral_Rift,freesound_uploader_Ephemeral_Rift,foreground_bank_train
fsd50k_speech_normal_d4569922,speech_normal,fsd50k,freesound_uploader_Greencouch,freesound_uploader_Greencouch,foreground_bank_train
fsd50k_speech_normal_d4cc0941,speech_normal,fsd50k,freesound_uploader_Corsica_S,freesound_uploader_Corsica_S,foreground_bank_train
fsd50k_speech_normal_d4d3786b,speech_normal,fsd50k,freesound_uploader_SteveG2008,freesound_uploader_SteveG2008,foreground_bank_train
fsd50k_speech_normal_d513303b,speech_normal,fsd50k,freesound_uploader_bcimmet,freesound_uploader_bcimmet,foreground_bank_train
fsd50k_speech_normal_d62466d2,speech_normal,fsd50k,freesound_uploader_EnjoyPA,freesound_uploader_EnjoyPA,foreground_bank_train
fsd50k_speech_normal_d63205e9,speech_normal,fsd50k,freesound_uploader_kenders2000,freesound_uploader_kenders2000,foreground_bank_train
fsd50k_speech_normal_d64147f1,speech_normal,fsd50k,freesound_uploader_AlienXXX,freesound_uploader_AlienXXX,foreground_bank_train
fsd50k_speech_normal_d69769e4,speech_normal,fsd50k,freesound_uploader_pepezabala,freesound_uploader_pepezabala,foreground_bank_train
fsd50k_speech_normal_d6b77019,speech_normal,fsd50k,freesound_uploader_mo_damage,freesound_uploader_mo_damage,foreground_bank_train
fsd50k_speech_normal_d709a3df,speech_normal,fsd50k,freesound_uploader_bcimmet,freesound_uploader_bcimmet,foreground_bank_train
fsd50k_speech_normal_d771dbef,speech_normal,fsd50k,freesound_uploader_bulldozia,freesound_uploader_bulldozia,foreground_bank_train
fsd50k_speech_normal_d83e9b82,speech_normal,fsd50k,freesound_uploader_bcimmet,freesound_uploader_bcimmet,foreground_bank_train
fsd50k_speech_normal_d899520e,speech_normal,fsd50k,freesound_uploader_bulldozia,freesound_uploader_bulldozia,foreground_bank_train
fsd50k_speech_normal_d92b89d3,speech_normal,fsd50k,freesound_uploader_epanody,freesound_uploader_epanody,foreground_bank_train
fsd50k_speech_normal_d940519a,speech_normal,fsd50k,freesound_uploader_AlienXXX,freesound_uploader_AlienXXX,foreground_bank_train
fsd50k_speech_normal_d96700de,speech_normal,fsd50k,freesound_uploader_Reitanna,freesound_uploader_Reitanna,foreground_bank_train
fsd50k_speech_normal_d982c3a8,speech_normal,fsd50k,freesound_uploader_3BGBCA,freesound_uploader_3BGBCA,foreground_bank_train
fsd50k_speech_normal_d98c7767,speech_normal,fsd50k,freesound_uploader_Corsica_S,freesound_uploader_Corsica_S,foreground_bank_train
fsd50k_speech_normal_db53ffd2,speech_normal,fsd50k,freesound_uploader_Corsica_S,freesound_uploader_Corsica_S,foreground_bank_train
fsd50k_speech_normal_db8caaca,speech_normal,fsd50k,freesound_uploader_Corsica_S,freesound_uploader_Corsica_S,foreground_bank_train
fsd50k_speech_normal_dba2de56,speech_normal,fsd50k,freesound_uploader_reinsamba,freesound_uploader_reinsamba,foreground_bank_train
fsd50k_speech_normal_dc048504,speech_normal,fsd50k,freesound_uploader_Corsica_S,freesound_uploader_Corsica_S,foreground_bank_train
fsd50k_speech_normal_dc5c6dbf,speech_normal,fsd50k,freesound_uploader_epanody,freesound_uploader_epanody,foreground_bank_train
fsd50k_speech_normal_dc97a763,speech_normal,fsd50k,freesound_uploader_bulldozia,freesound_uploader_bulldozia,foreground_bank_train
fsd50k_speech_normal_dd7ee2a6,speech_normal,fsd50k,freesound_uploader_Iceofdoom,freesound_uploader_Iceofdoom,foreground_bank_train
fsd50k_speech_normal_dd866960,speech_normal,fsd50k,freesound_uploader_Reitanna,freesound_uploader_Reitanna,foreground_bank_train
fsd50k_speech_normal_ddbdbd0a,speech_normal,fsd50k,freesound_uploader_bulldozia,freesound_uploader_bulldozia,foreground_bank_train
fsd50k_speech_normal_ddf04084,speech_normal,fsd50k,freesound_uploader_dobroide,freesound_uploader_dobroide,foreground_bank_train
fsd50k_speech_normal_de5f85cc,speech_normal,fsd50k,freesound_uploader_qubodup,freesound_uploader_qubodup,foreground_bank_train
fsd50k_speech_normal_df0080f9,speech_normal,fsd50k,freesound_uploader_SteveG2008,freesound_uploader_SteveG2008,foreground_bank_train
fsd50k_speech_normal_dfc02721,speech_normal,fsd50k,freesound_uploader_Corsica_S,freesound_uploader_Corsica_S,foreground_bank_train
fsd50k_speech_normal_e089386f,speech_normal,fsd50k,freesound_uploader_Corsica_S,freesound_uploader_Corsica_S,foreground_bank_train
fsd50k_speech_normal_e12dfa1c,speech_normal,fsd50k,freesound_uploader_bulldozia,freesound_uploader_bulldozia,foreground_bank_train
fsd50k_speech_normal_e1465814,speech_normal,fsd50k,freesound_uploader_Corsica_S,freesound_uploader_Corsica_S,foreground_bank_train
fsd50k_speech_normal_e164f0c0,speech_normal,fsd50k,freesound_uploader_FunWithSound,freesound_uploader_FunWithSound,foreground_bank_train
fsd50k_speech_normal_e1b65e53,speech_normal,fsd50k,freesound_uploader_bcimmet,freesound_uploader_bcimmet,foreground_bank_train
fsd50k_speech_normal_e1b6b034,speech_normal,fsd50k,freesound_uploader_Ionicsmusic,freesound_uploader_Ionicsmusic,foreground_bank_train
fsd50k_speech_normal_e1cdf503,speech_normal,fsd50k,freesound_uploader_dobroide,freesound_uploader_dobroide,foreground_bank_train
fsd50k_speech_normal_e1f27638,speech_normal,fsd50k,freesound_uploader_Corsica_S,freesound_uploader_Corsica_S,foreground_bank_train
fsd50k_speech_normal_e2668f6a,speech_normal,fsd50k,freesound_uploader_bulldozia,freesound_uploader_bulldozia,foreground_bank_train
fsd50k_speech_normal_e278fba7,speech_normal,fsd50k,freesound_uploader_Iceofdoom,freesound_uploader_Iceofdoom,foreground_bank_train
fsd50k_speech_normal_e2d16836,speech_normal,fsd50k,freesound_uploader_mo_damage,freesound_uploader_mo_damage,foreground_bank_train
fsd50k_speech_normal_e3230b3f,speech_normal,fsd50k,freesound_uploader_SteveG2008,freesound_uploader_SteveG2008,foreground_bank_train
fsd50k_speech_normal_e3b870d3,speech_normal,fsd50k,freesound_uploader_Corsica_S,freesound_uploader_Corsica_S,foreground_bank_train
fsd50k_speech_normal_e4dedca4,speech_normal,fsd50k,freesound_uploader_mo_damage,freesound_uploader_mo_damage,foreground_bank_train
fsd50k_speech_normal_e54d1a92,speech_normal,fsd50k,freesound_uploader_willy_ineedthatapp_com,freesound_uploader_willy_ineedthatapp_com,foreground_bank_train
fsd50k_speech_normal_e63824c7,speech_normal,fsd50k,freesound_uploader_Ephemeral_Rift,freesound_uploader_Ephemeral_Rift,foreground_bank_train
fsd50k_speech_normal_e65f1e32,speech_normal,fsd50k,freesound_uploader_SteveG2008,freesound_uploader_SteveG2008,foreground_bank_train
fsd50k_speech_normal_e6c1cdd4,speech_normal,fsd50k,freesound_uploader_Corsica_S,freesound_uploader_Corsica_S,foreground_bank_train
fsd50k_speech_normal_e6d505d0,speech_normal,fsd50k,freesound_uploader_Corsica_S,freesound_uploader_Corsica_S,foreground_bank_train
fsd50k_speech_normal_e752ca7a,speech_normal,fsd50k,freesound_uploader_IPaddeh,freesound_uploader_IPaddeh,foreground_bank_train
fsd50k_speech_normal_e7ab9eaf,speech_normal,fsd50k,freesound_uploader_Corsica_S,freesound_uploader_Corsica_S,foreground_bank_train
fsd50k_speech_normal_e7bf6f52,speech_normal,fsd50k,freesound_uploader_Corsica_S,freesound_uploader_Corsica_S,foreground_bank_train
fsd50k_speech_normal_e84e3300,speech_normal,fsd50k,freesound_uploader_epanody,freesound_uploader_epanody,foreground_bank_train
fsd50k_speech_normal_e85f3ae8,speech_normal,fsd50k,freesound_uploader_IPaddeh,freesound_uploader_IPaddeh,foreground_bank_train
fsd50k_speech_normal_e8b151c4,speech_normal,fsd50k,freesound_uploader_SteveG2008,freesound_uploader_SteveG2008,foreground_bank_train
fsd50k_speech_normal_e8b8c30e,speech_normal,fsd50k,freesound_uploader_Corsica_S,freesound_uploader_Corsica_S,foreground_bank_train
fsd50k_speech_normal_e92a133c,speech_normal,fsd50k,freesound_uploader_dobroide,freesound_uploader_dobroide,foreground_bank_train
fsd50k_speech_normal_e94589f9,speech_normal,fsd50k,freesound_uploader_Corsica_S,freesound_uploader_Corsica_S,foreground_bank_train
fsd50k_speech_normal_e94c943b,speech_normal,fsd50k,freesound_uploader_Iceofdoom,freesound_uploader_Iceofdoom,foreground_bank_train
fsd50k_speech_normal_e9f67f02,speech_normal,fsd50k,freesound_uploader_mo_damage,freesound_uploader_mo_damage,foreground_bank_train
fsd50k_speech_normal_ea5e3595,speech_normal,fsd50k,freesound_uploader_FunWithSound,freesound_uploader_FunWithSound,foreground_bank_train
fsd50k_speech_normal_ea7e032c,speech_normal,fsd50k,freesound_uploader_bulldozia,freesound_uploader_bulldozia,foreground_bank_train
fsd50k_speech_normal_ea807b62,speech_normal,fsd50k,freesound_uploader_arseniiv,freesound_uploader_arseniiv,foreground_bank_train
fsd50k_speech_normal_ea89142d,speech_normal,fsd50k,freesound_uploader_Corsica_S,freesound_uploader_Corsica_S,foreground_bank_train
fsd50k_speech_normal_eabf8afe,speech_normal,fsd50k,freesound_uploader_Robinhood76,freesound_uploader_Robinhood76,foreground_bank_train
fsd50k_speech_normal_eac4bba3,speech_normal,fsd50k,freesound_uploader_SteveG2008,freesound_uploader_SteveG2008,foreground_bank_train
fsd50k_speech_normal_eafafe4e,speech_normal,fsd50k,freesound_uploader_bcimmet,freesound_uploader_bcimmet,foreground_bank_train
fsd50k_speech_normal_eb74b467,speech_normal,fsd50k,freesound_uploader_Ionicsmusic,freesound_uploader_Ionicsmusic,foreground_bank_train
fsd50k_speech_normal_ec18ebf7,speech_normal,fsd50k,freesound_uploader_reinsamba,freesound_uploader_reinsamba,foreground_bank_train
fsd50k_speech_normal_ec626843,speech_normal,fsd50k,freesound_uploader_unfa,freesound_uploader_unfa,foreground_bank_train
fsd50k_speech_normal_ec81d46e,speech_normal,fsd50k,freesound_uploader_bcimmet,freesound_uploader_bcimmet,foreground_bank_train
fsd50k_speech_normal_ecd84e48,speech_normal,fsd50k,freesound_uploader_Jagadamba,freesound_uploader_Jagadamba,foreground_bank_train
fsd50k_speech_normal_ece94bce,speech_normal,fsd50k,freesound_uploader_bulldozia,freesound_uploader_bulldozia,foreground_bank_train
fsd50k_speech_normal_ed0e9f0f,speech_normal,fsd50k,freesound_uploader_epanody,freesound_uploader_epanody,foreground_bank_train
fsd50k_speech_normal_ed379462,speech_normal,fsd50k,freesound_uploader_Ionicsmusic,freesound_uploader_Ionicsmusic,foreground_bank_train
fsd50k_speech_normal_ed5e6619,speech_normal,fsd50k,freesound_uploader_mo_damage,freesound_uploader_mo_damage,foreground_bank_train
fsd50k_speech_normal_edcffb3f,speech_normal,fsd50k,freesound_uploader_Yuroun,freesound_uploader_Yuroun,foreground_bank_train
fsd50k_speech_normal_ee0bb520,speech_normal,fsd50k,freesound_uploader_Corsica_S,freesound_uploader_Corsica_S,foreground_bank_train
fsd50k_speech_normal_eee1b68c,speech_normal,fsd50k,freesound_uploader_FunWithSound,freesound_uploader_FunWithSound,foreground_bank_train
fsd50k_speech_normal_ef1b0395,speech_normal,fsd50k,freesound_uploader_Fynixx,freesound_uploader_Fynixx,foreground_bank_train
fsd50k_speech_normal_ef2ed84c,speech_normal,fsd50k,freesound_uploader_bcimmet,freesound_uploader_bcimmet,foreground_bank_train
fsd50k_speech_normal_ef4af819,speech_normal,fsd50k,freesound_uploader_bulldozia,freesound_uploader_bulldozia,foreground_bank_train
fsd50k_speech_normal_ef8b9f94,speech_normal,fsd50k,freesound_uploader_Corsica_S,freesound_uploader_Corsica_S,foreground_bank_train
fsd50k_speech_normal_efb74ce1,speech_normal,fsd50k,freesound_uploader_bcimmet,freesound_uploader_bcimmet,foreground_bank_train
fsd50k_speech_normal_eff0f702,speech_normal,fsd50k,freesound_uploader_bcjordan,freesound_uploader_bcjordan,foreground_bank_train
fsd50k_speech_normal_f014b371,speech_normal,fsd50k,freesound_uploader_Greencouch,freesound_uploader_Greencouch,foreground_bank_train
fsd50k_speech_normal_f0485954,speech_normal,fsd50k,freesound_uploader_ERH,freesound_uploader_ERH,foreground_bank_train
fsd50k_speech_normal_f04cf62c,speech_normal,fsd50k,freesound_uploader_bcimmet,freesound_uploader_bcimmet,foreground_bank_train
fsd50k_speech_normal_f0a3fb0f,speech_normal,fsd50k,freesound_uploader_Corsica_S,freesound_uploader_Corsica_S,foreground_bank_train
fsd50k_speech_normal_f0fd4424,speech_normal,fsd50k,freesound_uploader_Corsica_S,freesound_uploader_Corsica_S,foreground_bank_train
fsd50k_speech_normal_f10ce30b,speech_normal,fsd50k,freesound_uploader_dobroide,freesound_uploader_dobroide,foreground_bank_train
fsd50k_speech_normal_f185d620,speech_normal,fsd50k,freesound_uploader_Corsica_S,freesound_uploader_Corsica_S,foreground_bank_train
fsd50k_speech_normal_f1864aa7,speech_normal,fsd50k,freesound_uploader_Ephemeral_Rift,freesound_uploader_Ephemeral_Rift,foreground_bank_train
fsd50k_speech_normal_f1e42f90,speech_normal,fsd50k,freesound_uploader_Corsica_S,freesound_uploader_Corsica_S,foreground_bank_train
fsd50k_speech_normal_f2e51e4b,speech_normal,fsd50k,freesound_uploader_Corsica_S,freesound_uploader_Corsica_S,foreground_bank_train
fsd50k_speech_normal_f320ac9e,speech_normal,fsd50k,freesound_uploader_dobroide,freesound_uploader_dobroide,foreground_bank_train
fsd50k_speech_normal_f3684954,speech_normal,fsd50k,freesound_uploader_bcimmet,freesound_uploader_bcimmet,foreground_bank_train
fsd50k_speech_normal_f3b43dcc,speech_normal,fsd50k,freesound_uploader_Ionicsmusic,freesound_uploader_Ionicsmusic,foreground_bank_train
fsd50k_speech_normal_f3bc9e3c,speech_normal,fsd50k,freesound_uploader_Corsica_S,freesound_uploader_Corsica_S,foreground_bank_train
fsd50k_speech_normal_f4eb75d5,speech_normal,fsd50k,freesound_uploader_Ionicsmusic,freesound_uploader_Ionicsmusic,foreground_bank_train
fsd50k_speech_normal_f52cc9ed,speech_normal,fsd50k,freesound_uploader_Reitanna,freesound_uploader_Reitanna,foreground_bank_train
fsd50k_speech_normal_f5380f10,speech_normal,fsd50k,freesound_uploader_Greencouch,freesound_uploader_Greencouch,foreground_bank_train
fsd50k_speech_normal_f54910a2,speech_normal,fsd50k,freesound_uploader_dersuperanton,freesound_uploader_dersuperanton,foreground_bank_train
fsd50k_speech_normal_f60cd607,speech_normal,fsd50k,freesound_uploader_theuncertainman,freesound_uploader_theuncertainman,foreground_bank_train
fsd50k_speech_normal_f6784809,speech_normal,fsd50k,freesound_uploader_Corsica_S,freesound_uploader_Corsica_S,foreground_bank_train
fsd50k_speech_normal_f6f74dc0,speech_normal,fsd50k,freesound_uploader_Corsica_S,freesound_uploader_Corsica_S,foreground_bank_train
fsd50k_speech_normal_f71eb116,speech_normal,fsd50k,freesound_uploader_Ephemeral_Rift,freesound_uploader_Ephemeral_Rift,foreground_bank_train
fsd50k_speech_normal_f766c92c,speech_normal,fsd50k,freesound_uploader_bcimmet,freesound_uploader_bcimmet,foreground_bank_train
fsd50k_speech_normal_f7d69fa0,speech_normal,fsd50k,freesound_uploader_Reitanna,freesound_uploader_Reitanna,foreground_bank_train
fsd50k_speech_normal_f7db25f1,speech_normal,fsd50k,freesound_uploader_Corsica_S,freesound_uploader_Corsica_S,foreground_bank_train
fsd50k_speech_normal_f7f27b69,speech_normal,fsd50k,freesound_uploader_Ephemeral_Rift,freesound_uploader_Ephemeral_Rift,foreground_bank_train
fsd50k_speech_normal_f811f8d5,speech_normal,fsd50k,freesound_uploader_Ephemeral_Rift,freesound_uploader_Ephemeral_Rift,foreground_bank_train
fsd50k_speech_normal_f81f71c5,speech_normal,fsd50k,freesound_uploader_bcimmet,freesound_uploader_bcimmet,foreground_bank_train
fsd50k_speech_normal_f86f7bad,speech_normal,fsd50k,freesound_uploader_bulldozia,freesound_uploader_bulldozia,foreground_bank_train
fsd50k_speech_normal_f87fdf82,speech_normal,fsd50k,freesound_uploader_carmsie,freesound_uploader_carmsie,foreground_bank_train
fsd50k_speech_normal_f8eb3994,speech_normal,fsd50k,freesound_uploader_Corsica_S,freesound_uploader_Corsica_S,foreground_bank_train
fsd50k_speech_normal_f9821126,speech_normal,fsd50k,freesound_uploader_Corsica_S,freesound_uploader_Corsica_S,foreground_bank_train
fsd50k_speech_normal_f9ca97b2,speech_normal,fsd50k,freesound_uploader_Corsica_S,freesound_uploader_Corsica_S,foreground_bank_train
fsd50k_speech_normal_fa1d16f1,speech_normal,fsd50k,freesound_uploader_bcimmet,freesound_uploader_bcimmet,foreground_bank_train
fsd50k_speech_normal_fa5a14f0,speech_normal,fsd50k,freesound_uploader_dobroide,freesound_uploader_dobroide,foreground_bank_train
fsd50k_speech_normal_fa821194,speech_normal,fsd50k,freesound_uploader_bulldozia,freesound_uploader_bulldozia,foreground_bank_train
fsd50k_speech_normal_fb037445,speech_normal,fsd50k,freesound_uploader_bcimmet,freesound_uploader_bcimmet,foreground_bank_train
fsd50k_speech_normal_fb1b0421,speech_normal,fsd50k,freesound_uploader_SteveG2008,freesound_uploader_SteveG2008,foreground_bank_train
fsd50k_speech_normal_fb45c3f3,speech_normal,fsd50k,freesound_uploader_Robinhood76,freesound_uploader_Robinhood76,foreground_bank_train
fsd50k_speech_normal_fb780c4a,speech_normal,fsd50k,freesound_uploader_dobroide,freesound_uploader_dobroide,foreground_bank_train
fsd50k_speech_normal_fb9996ef,speech_normal,fsd50k,freesound_uploader_qubodup,freesound_uploader_qubodup,foreground_bank_train
fsd50k_speech_normal_fbcb99ce,speech_normal,fsd50k,freesound_uploader_bulldozia,freesound_uploader_bulldozia,foreground_bank_train
fsd50k_speech_normal_fbee0768,speech_normal,fsd50k,freesound_uploader_SteveG2008,freesound_uploader_SteveG2008,foreground_bank_train
fsd50k_speech_normal_fc1cb4d7,speech_normal,fsd50k,freesound_uploader_dersuperanton,freesound_uploader_dersuperanton,foreground_bank_train
fsd50k_speech_normal_fc536088,speech_normal,fsd50k,freesound_uploader_dobroide,freesound_uploader_dobroide,foreground_bank_train
fsd50k_speech_normal_fcbf426d,speech_normal,fsd50k,freesound_uploader_bcimmet,freesound_uploader_bcimmet,foreground_bank_train
fsd50k_speech_normal_fd3d0ebe,speech_normal,fsd50k,freesound_uploader_Reitanna,freesound_uploader_Reitanna,foreground_bank_train
fsd50k_speech_normal_fe369612,speech_normal,fsd50k,freesound_uploader_epanody,freesound_uploader_epanody,foreground_bank_train
fsd50k_speech_normal_fe8c1a08,speech_normal,fsd50k,freesound_uploader_bcimmet,freesound_uploader_bcimmet,foreground_bank_train
fsd50k_speech_normal_fe9f0081,speech_normal,fsd50k,freesound_uploader_Corsica_S,freesound_uploader_Corsica_S,foreground_bank_train
fsd50k_speech_normal_fed13d39,speech_normal,fsd50k,freesound_uploader_FunWithSound,freesound_uploader_FunWithSound,foreground_bank_train
fsd50k_speech_normal_ff26bff9,speech_normal,fsd50k,freesound_uploader_bcimmet,freesound_uploader_bcimmet,foreground_bank_train
fsd50k_speech_normal_ff2a55cf,speech_normal,fsd50k,freesound_uploader_axiyee,freesound_uploader_axiyee,foreground_bank_train
fsd50k_speech_normal_ff845817,speech_normal,fsd50k,freesound_uploader_Corsica_S,freesound_uploader_Corsica_S,foreground_bank_train
