file_id,stage,reason_code,detail,decided_by,decided_at
train_000000,verify_synthetic,slice_long_event,dài nhất 1.10s < 8.0s,auto,2026-09-17T05:24:22.532852+00:00
train_000001,verify_synthetic,slice_long_event,dài nhất 1.03s < 8.0s,auto,2026-09-17T05:24:22.532852+00:00
train_000002,verify_synthetic,slice_overlap,không cặp nào chồng lấn ≥30%,auto,2026-09-17T05:24:22.532852+00:00
train_000010,verify_synthetic,slice_overlap,không cặp nào chồng lấn ≥30%,auto,2026-09-17T05:24:22.532852+00:00
train_000019,verify_synthetic,slice_long_event,dài nhất 1.09s < 8.0s,auto,2026-09-17T05:24:22.532852+00:00
train_000021,verify_synthetic,slice_overlap,không cặp nào chồng lấn ≥30%,auto,2026-09-17T05:24:22.532852+00:00
train_000024,verify_synthetic,slice_overlap,không cặp nào chồng lấn ≥30%,auto,2026-09-17T05:24:22.532852+00:00
train_000026,verify_synthetic,slice_long_event,dài nhất 1.05s < 8.0s,auto,2026-09-17T05:24:22.532852+00:00
train_000026,verify_synthetic,slice_overlap,không cặp nào chồng lấn ≥30%,auto,2026-09-17T05:24:22.532852+00:00
train_000029,verify_synthetic,slice_overlap,không cặp nào chồng lấn ≥30%,auto,2026-09-17T05:24:22.532852+00:00
train_000035,verify_synthetic,slice_overlap,không cặp nào chồng lấn ≥30%,auto,2026-09-17T05:24:22.532852+00:00
train_000037,verify_synthetic,slice_overlap,không cặp nào chồng lấn ≥30%,auto,2026-09-17T05:24:22.532852+00:00
train_000040,verify_synthetic,slice_overlap,không cặp nào chồng lấn ≥30%,auto,2026-09-17T05:24:22.532852+00:00
train_000042,verify_synthetic,slice_overlap,không cặp nào chồng lấn ≥30%,auto,2026-09-17T05:24:22.532852+00:00
train_000044,verify_synthetic,slice_overlap,không cặp nào chồng lấn ≥30%,auto,2026-09-17T05:24:22.532852+00:00
train_000047,verify_synthetic,slice_long_event,dài nhất 1.02s < 8.0s,auto,2026-09-17T05:24:22.532852+00:00
train_000047,verify_synthetic,slice_overlap,không cặp nào chồng lấn ≥30%,auto,2026-09-17T05:24:22.532852+00:00
train_000048,verify_synthetic,slice_long_event,dài nhất 0.92s < 8.0s,auto,2026-09-17T05:24:22.532852+00:00
train_000051,verify_synthetic,slice_overlap,không cặp nào chồng lấn ≥30%,auto,2026-09-17T05:24:22.532852+00:00
train_000053,verify_synthetic,slice_overlap,không cặp nào chồng lấn ≥30%,auto,2026-09-17T05:24:22.532852+00:00
train_000059,verify_synthetic,slice_long_event,dài nhất 0.99s < 8.0s,auto,2026-09-17T05:24:22.532852+00:00
train_000061,verify_synthetic,slice_overlap,không cặp nào chồng lấn ≥30%,auto,2026-09-17T05:24:22.532852+00:00
train_000063,verify_synthetic,slice_overlap,không cặp nào chồng lấn ≥30%,auto,2026-09-17T05:24:22.532852+00:00
train_000064,verify_synthetic,slice_long_event,dài nhất 0.92s < 8.0s,auto,2026-09-17T05:24:22.532852+00:00
train_000067,verify_synthetic,slice_overlap,không cặp nào chồng lấn ≥30%,auto,2026-09-17T05:24:22.532852+00:00
train_000069,verify_synthetic,slice_overlap,không cặp nào chồng lấn ≥30%,auto,2026-09-17T05:24:22.532852+00:00
train_000071,verify_synthetic,slice_overlap,không cặp nào chồng lấn ≥30%,auto,2026-09-17T05:24:22.532852+00:00
train_000072,verify_synthetic,slice_overlap,không cặp nào chồng lấn ≥30%,auto,2026-09-17T05:24:22.532852+00:00
train_000073,verify_synthetic,slice_overlap,không cặp nào chồng lấn ≥30%,auto,2026-09-17T05:24:22.532852+00:00
train_000078,verify_synthetic,slice_overlap,không cặp nào chồng lấn ≥30%,auto,2026-09-17T05:24:22.532852+00:00
train_000081,verify_synthetic,slice_overlap,không cặp nào chồng lấn ≥30%,auto,2026-09-17T05:24:22.532852+00:00
train_000089,verify_synthetic,slice_long_event,dài nhất 1.01s < 8.0s,auto,2026-09-17T05:24:22.532852+00:00
train_000092,verify_synthetic,slice_overlap,không cặp nào chồng lấn ≥30%,auto,2026-09-17T05:24:22.532852+00:00
train_000093,verify_synthetic,slice_overlap,không cặp nào chồng lấn ≥30%,auto,2026-09-17T05:24:22.532852+00:00
train_000100,verify_synthetic,slice_long_event,dài nhất 1.08s < 8.0s,auto,2026-09-17T05:24:22.532852+00:00
train_000102,verify_synthetic,slice_long_event,dài nhất 0.95s < 8.0s,auto,2026-09-17T05:24:22.532852+00:00
train_000104,verify_synthetic,slice_overlap,không cặp nào chồng lấn ≥30%,auto,2026-09-17T05:24:22.532852+00:00
train_000108,verify_synthetic,slice_long_event,dài nhất 1.09s < 8.0s,auto,2026-09-17T05:24:22.532852+00:00
train_000109,verify_synthetic,slice_overlap,không cặp nào chồng lấn ≥30%,auto,2026-09-17T05:24:22.532852+00:00
train_000110,verify_synthetic,slice_overlap,không cặp nào chồng lấn ≥30%,auto,2026-09-17T05:24:22.532852+00:00
train_000111,verify_synthetic,slice_overlap,không cặp nào chồng lấn ≥30%,auto,2026-09-17T05:24:22.532852+00:00
train_000112,verify_synthetic,slice_overlap,không cặp nào chồng lấn ≥30%,auto,2026-09-17T05:24:22.532852+00:00
train_000115,verify_synthetic,slice_overlap,không cặp nào chồng lấn ≥30%,auto,2026-09-17T05:24:22.532852+00:00
train_000117,verify_synthetic,slice_long_event,dài nhất 1.09s < 8.0s,auto,2026-09-17T05:24:22.532852+00:00
train_000117,verify_synthetic,slice_overlap,không cặp nào chồng lấn ≥30%,auto,2026-09-17T05:24:22.532852+00:00
train_000118,verify_synthetic,slice_overlap,không cặp nào chồng lấn ≥30%,auto,2026-09-17T05:24:22.532852+00:00
train_000121,verify_synthetic,slice_long_event,dài nhất 1.09s < 8.0s,auto,2026-09-17T05:24:22.532852+00:00
train_000121,verify_synthetic,slice_overlap,không cặp nào chồng lấn ≥30%,auto,2026-09-17T05:24:22.532852+00:00
train_000131,verify_synthetic,slice_long_event,dài nhất 1.09s < 8.0s,auto,2026-09-17T05:24:22.532852+00:00
train_000132,verify_synthetic,slice_overlap,không cặp nào chồng lấn ≥30%,auto,2026-09-17T05:24:22.532852+00:00
train_000133,verify_synthetic,slice_long_event,dài nhất 0.96s < 8.0s,auto,2026-09-17T05:24:22.532852+00:00
train_000136,verify_synthetic,slice_overlap,không cặp nào chồng lấn ≥30%,auto,2026-09-17T05:24:22.532852+00:00
train_000137,verify_synthetic,slice_overlap,không cặp nào chồng lấn ≥30%,auto,2026-09-17T05:24:22.532852+00:00
train_000139,verify_synthetic,slice_overlap,không cặp nào chồng lấn ≥30%,auto,2026-09-17T05:24:22.532852+00:00
train_000145,verify_synthetic,slice_overlap,không cặp nào chồng lấn ≥30%,auto,2026-09-17T05:24:22.532852+00:00
train_000147,verify_synthetic,slice_long_event,dài nhất 1.01s < 8.0s,auto,2026-09-17T05:24:22.532852+00:00
train_000150,verify_synthetic,slice_overlap,không cặp nào chồng lấn ≥30%,auto,2026-09-17T05:24:22.532852+00:00
train_000154,verify_synthetic,slice_overlap,không cặp nào chồng lấn ≥30%,auto,2026-09-17T05:24:22.532852+00:00
train_000155,verify_synthetic,slice_overlap,không cặp nào chồng lấn ≥30%,auto,2026-09-17T05:24:22.532852+00:00
train_000156,verify_synthetic,slice_overlap,không cặp nào chồng lấn ≥30%,auto,2026-09-17T05:24:22.532852+00:00
train_000157,verify_synthetic,slice_overlap,không cặp nào chồng lấn ≥30%,auto,2026-09-17T05:24:22.532852+00:00
train_000158,verify_synthetic,slice_overlap,không cặp nào chồng lấn ≥30%,auto,2026-09-17T05:24:22.532852+00:00
train_000162,verify_synthetic,slice_long_event,dài nhất 0.96s < 8.0s,auto,2026-09-17T05:24:22.532852+00:00
train_000166,verify_synthetic,slice_overlap,không cặp nào chồng lấn ≥30%,auto,2026-09-17T05:24:22.532852+00:00
train_000169,verify_synthetic,slice_overlap,không cặp nào chồng lấn ≥30%,auto,2026-09-17T05:24:22.532852+00:00
train_000170,verify_synthetic,slice_overlap,không cặp nào chồng lấn ≥30%,auto,2026-09-17T05:24:22.532852+00:00
train_000177,verify_synthetic,slice_overlap,không cặp nào chồng lấn ≥30%,auto,2026-09-17T05:24:22.532852+00:00
train_000178,verify_synthetic,slice_long_event,dài nhất 0.99s < 8.0s,auto,2026-09-17T05:24:22.532852+00:00
train_000180,verify_synthetic,slice_overlap,không cặp nào chồng lấn ≥30%,auto,2026-09-17T05:24:22.532852+00:00
train_000183,verify_synthetic,slice_overlap,không cặp nào chồng lấn ≥30%,auto,2026-09-17T05:24:22.532852+00:00
train_000186,verify_synthetic,slice_overlap,không cặp nào chồng lấn ≥30%,auto,2026-09-17T05:24:22.532852+00:00
train_000190,verify_synthetic,slice_long_event,dài nhất 0.90s < 8.0s,auto,2026-09-17T05:24:22.532852+00:00
train_000192,verify_synthetic,slice_overlap,không cặp nào chồng lấn ≥30%,auto,2026-09-17T05:24:22.532852+00:00
train_000195,verify_synthetic,slice_overlap,không cặp nào chồng lấn ≥30%,auto,2026-09-17T05:24:22.532852+00:00
train_000196,verify_synthetic,slice_overlap,không cặp nào chồng lấn ≥30%,auto,2026-09-17T05:24:22.532852+00:00
train_000197,verify_synthetic,slice_overlap,không cặp nào chồng lấn ≥30%,auto,2026-09-17T05:24:22.532852+00:00
train_000198,verify_synthetic,slice_overlap,không cặp nào chồng lấn ≥30%,auto,2026-09-17T05:24:22.532852+00:00
train_000199,verify_synthetic,slice_overlap,không cặp nào chồng lấn ≥30%,auto,2026-09-17T05:24:22.532852+00:00
train_000200,verify_synthetic,slice_long_event,dài nhất 0.99s < 8.0s,auto,2026-09-17T05:24:22.532852+00:00
train_000200,verify_synthetic,slice_overlap,không cặp nào chồng lấn ≥30%,auto,2026-09-17T05:24:22.532852+00:00
train_000203,verify_synthetic,slice_overlap,không cặp nào chồng lấn ≥30%,auto,2026-09-17T05:24:22.532852+00:00
train_000211,verify_synthetic,slice_overlap,không cặp nào chồng lấn ≥30%,auto,2026-09-17T05:24:22.532852+00:00
train_000213,verify_synthetic,slice_overlap,không cặp nào chồng lấn ≥30%,auto,2026-09-17T05:24:22.532852+00:00
train_000215,verify_synthetic,slice_overlap,không cặp nào chồng lấn ≥30%,auto,2026-09-17T05:24:22.532852+00:00
train_000218,verify_synthetic,slice_overlap,không cặp nào chồng lấn ≥30%,auto,2026-09-17T05:24:22.532852+00:00
train_000223,verify_synthetic,slice_overlap,không cặp nào chồng lấn ≥30%,auto,2026-09-17T05:24:22.532852+00:00
train_000226,verify_synthetic,slice_overlap,không cặp nào chồng lấn ≥30%,auto,2026-09-17T05:24:22.532852+00:00
train_000229,verify_synthetic,slice_overlap,không cặp nào chồng lấn ≥30%,auto,2026-09-17T05:24:22.532852+00:00
train_000232,verify_synthetic,slice_overlap,không cặp nào chồng lấn ≥30%,auto,2026-09-17T05:24:22.532852+00:00
train_000234,verify_synthetic,slice_overlap,không cặp nào chồng lấn ≥30%,auto,2026-09-17T05:24:22.532852+00:00
train_000236,verify_synthetic,slice_overlap,không cặp nào chồng lấn ≥30%,auto,2026-09-17T05:24:22.532852+00:00
train_000238,verify_synthetic,slice_long_event,dài nhất 0.98s < 8.0s,auto,2026-09-17T05:24:22.532852+00:00
train_000238,verify_synthetic,slice_overlap,không cặp nào chồng lấn ≥30%,auto,2026-09-17T05:24:22.532852+00:00
train_000240,verify_synthetic,slice_overlap,không cặp nào chồng lấn ≥30%,auto,2026-09-17T05:24:22.532852+00:00
train_000246,verify_synthetic,slice_overlap,không cặp nào chồng lấn ≥30%,auto,2026-09-17T05:24:22.532852+00:00
train_000249,verify_synthetic,slice_long_event,dài nhất 1.03s < 8.0s,auto,2026-09-17T05:24:22.532852+00:00
train_000253,verify_synthetic,slice_overlap,không cặp nào chồng lấn ≥30%,auto,2026-09-17T05:24:22.532852+00:00
train_000259,verify_synthetic,slice_long_event,dài nhất 1.06s < 8.0s,auto,2026-09-17T05:24:22.532852+00:00
train_000260,verify_synthetic,slice_overlap,không cặp nào chồng lấn ≥30%,auto,2026-09-17T05:24:22.532852+00:00
train_000262,verify_synthetic,slice_overlap,không cặp nào chồng lấn ≥30%,auto,2026-09-17T05:24:22.532852+00:00
train_000265,verify_synthetic,slice_overlap,không cặp nào chồng lấn ≥30%,auto,2026-09-17T05:24:22.532852+00:00
train_000266,verify_synthetic,slice_overlap,không cặp nào chồng lấn ≥30%,auto,2026-09-17T05:24:22.532852+00:00
train_000276,verify_synthetic,slice_overlap,không cặp nào chồng lấn ≥30%,auto,2026-09-17T05:24:22.532852+00:00
train_000278,verify_synthetic,slice_long_event,dài nhất 1.07s < 8.0s,auto,2026-09-17T05:24:22.532852+00:00
train_000279,verify_synthetic,slice_long_event,dài nhất 0.69s < 8.0s,auto,2026-09-17T05:24:22.532852+00:00
train_000280,verify_synthetic,slice_overlap,không cặp nào chồng lấn ≥30%,auto,2026-09-17T05:24:22.532852+00:00
train_000281,verify_synthetic,slice_long_event,dài nhất 1.06s < 8.0s,auto,2026-09-17T05:24:22.532852+00:00
train_000282,verify_synthetic,slice_long_event,dài nhất 0.98s < 8.0s,auto,2026-09-17T05:24:22.532852+00:00
train_000285,verify_synthetic,slice_overlap,không cặp nào chồng lấn ≥30%,auto,2026-09-17T05:24:22.532852+00:00
train_000286,verify_synthetic,slice_long_event,dài nhất 1.09s < 8.0s,auto,2026-09-17T05:24:22.532852+00:00
train_000286,verify_synthetic,slice_overlap,không cặp nào chồng lấn ≥30%,auto,2026-09-17T05:24:22.532852+00:00
train_000291,verify_synthetic,slice_overlap,không cặp nào chồng lấn ≥30%,auto,2026-09-17T05:24:22.532852+00:00
train_000294,verify_synthetic,slice_overlap,không cặp nào chồng lấn ≥30%,auto,2026-09-17T05:24:22.532852+00:00
train_000295,verify_synthetic,slice_overlap,không cặp nào chồng lấn ≥30%,auto,2026-09-17T05:24:22.532852+00:00
train_000296,verify_synthetic,slice_overlap,không cặp nào chồng lấn ≥30%,auto,2026-09-17T05:24:22.532852+00:00
train_000303,verify_synthetic,slice_overlap,không cặp nào chồng lấn ≥30%,auto,2026-09-17T05:24:22.532852+00:00
train_000311,verify_synthetic,slice_long_event,dài nhất 0.94s < 8.0s,auto,2026-09-17T05:24:22.532852+00:00
train_000312,verify_synthetic,slice_overlap,không cặp nào chồng lấn ≥30%,auto,2026-09-17T05:24:22.532852+00:00
train_000317,verify_synthetic,slice_overlap,không cặp nào chồng lấn ≥30%,auto,2026-09-17T05:24:22.532852+00:00
train_000320,verify_synthetic,slice_overlap,không cặp nào chồng lấn ≥30%,auto,2026-09-17T05:24:22.532852+00:00
train_000322,verify_synthetic,slice_overlap,không cặp nào chồng lấn ≥30%,auto,2026-09-17T05:24:22.532852+00:00
train_000325,verify_synthetic,slice_overlap,không cặp nào chồng lấn ≥30%,auto,2026-09-17T05:24:22.532852+00:00
train_000326,verify_synthetic,slice_overlap,không cặp nào chồng lấn ≥30%,auto,2026-09-17T05:24:22.532852+00:00
train_000329,verify_synthetic,slice_overlap,không cặp nào chồng lấn ≥30%,auto,2026-09-17T05:24:22.532852+00:00
train_000334,verify_synthetic,slice_overlap,không cặp nào chồng lấn ≥30%,auto,2026-09-17T05:24:22.532852+00:00
train_000338,verify_synthetic,slice_overlap,không cặp nào chồng lấn ≥30%,auto,2026-09-17T05:24:22.532852+00:00
train_000340,verify_synthetic,slice_long_event,dài nhất 1.09s < 8.0s,auto,2026-09-17T05:24:22.532852+00:00
train_000340,verify_synthetic,slice_overlap,không cặp nào chồng lấn ≥30%,auto,2026-09-17T05:24:22.532852+00:00
train_000343,verify_synthetic,slice_long_event,dài nhất 1.10s < 8.0s,auto,2026-09-17T05:24:22.532852+00:00
train_000343,verify_synthetic,slice_overlap,không cặp nào chồng lấn ≥30%,auto,2026-09-17T05:24:22.532852+00:00
train_000344,verify_synthetic,slice_overlap,không cặp nào chồng lấn ≥30%,auto,2026-09-17T05:24:22.532852+00:00
train_000354,verify_synthetic,slice_long_event,dài nhất 1.05s < 8.0s,auto,2026-09-17T05:24:22.532852+00:00
train_000355,verify_synthetic,slice_overlap,không cặp nào chồng lấn ≥30%,auto,2026-09-17T05:24:22.532852+00:00
train_000357,verify_synthetic,slice_overlap,không cặp nào chồng lấn ≥30%,auto,2026-09-17T05:24:22.532852+00:00
train_000360,verify_synthetic,slice_overlap,không cặp nào chồng lấn ≥30%,auto,2026-09-17T05:24:22.532852+00:00
train_000362,verify_synthetic,slice_long_event,dài nhất 1.10s < 8.0s,auto,2026-09-17T05:24:22.532852+00:00
train_000362,verify_synthetic,slice_overlap,không cặp nào chồng lấn ≥30%,auto,2026-09-17T05:24:22.532852+00:00
train_000363,verify_synthetic,slice_overlap,không cặp nào chồng lấn ≥30%,auto,2026-09-17T05:24:22.532852+00:00
train_000366,verify_synthetic,slice_long_event,dài nhất 1.08s < 8.0s,auto,2026-09-17T05:24:22.532852+00:00
train_000370,verify_synthetic,slice_overlap,không cặp nào chồng lấn ≥30%,auto,2026-09-17T05:24:22.532852+00:00
train_000371,verify_synthetic,slice_long_event,dài nhất 0.76s < 8.0s,auto,2026-09-17T05:24:22.532852+00:00
train_000380,verify_synthetic,slice_overlap,không cặp nào chồng lấn ≥30%,auto,2026-09-17T05:24:22.532852+00:00
train_000385,verify_synthetic,slice_long_event,dài nhất 1.07s < 8.0s,auto,2026-09-17T05:24:22.532852+00:00
train_000387,verify_synthetic,slice_overlap,không cặp nào chồng lấn ≥30%,auto,2026-09-17T05:24:22.532852+00:00
train_000391,verify_synthetic,slice_overlap,không cặp nào chồng lấn ≥30%,auto,2026-09-17T05:24:22.532852+00:00
train_000392,verify_synthetic,slice_overlap,không cặp nào chồng lấn ≥30%,auto,2026-09-17T05:24:22.532852+00:00
train_000396,verify_synthetic,slice_overlap,không cặp nào chồng lấn ≥30%,auto,2026-09-17T05:24:22.532852+00:00
train_000402,verify_synthetic,slice_long_event,dài nhất 0.94s < 8.0s,auto,2026-09-17T05:24:22.532852+00:00
train_000403,verify_synthetic,slice_long_event,dài nhất 1.08s < 8.0s,auto,2026-09-17T05:24:22.532852+00:00
train_000405,verify_synthetic,slice_overlap,không cặp nào chồng lấn ≥30%,auto,2026-09-17T05:24:22.532852+00:00
train_000408,verify_synthetic,slice_long_event,dài nhất 0.92s < 8.0s,auto,2026-09-17T05:24:22.532852+00:00
train_000408,verify_synthetic,slice_overlap,không cặp nào chồng lấn ≥30%,auto,2026-09-17T05:24:22.532852+00:00
train_000409,verify_synthetic,slice_overlap,không cặp nào chồng lấn ≥30%,auto,2026-09-17T05:24:22.532852+00:00
train_000411,verify_synthetic,slice_overlap,không cặp nào chồng lấn ≥30%,auto,2026-09-17T05:24:22.532852+00:00
train_000418,verify_synthetic,slice_overlap,không cặp nào chồng lấn ≥30%,auto,2026-09-17T05:24:22.532852+00:00
train_000420,verify_synthetic,slice_long_event,dài nhất 1.07s < 8.0s,auto,2026-09-17T05:24:22.532852+00:00
train_000423,verify_synthetic,slice_overlap,không cặp nào chồng lấn ≥30%,auto,2026-09-17T05:24:22.532852+00:00
train_000424,verify_synthetic,slice_overlap,không cặp nào chồng lấn ≥30%,auto,2026-09-17T05:24:22.532852+00:00
train_000426,verify_synthetic,slice_long_event,dài nhất 0.92s < 8.0s,auto,2026-09-17T05:24:22.532852+00:00
train_000429,verify_synthetic,slice_overlap,không cặp nào chồng lấn ≥30%,auto,2026-09-17T05:24:22.532852+00:00
train_000430,verify_synthetic,slice_overlap,không cặp nào chồng lấn ≥30%,auto,2026-09-17T05:24:22.532852+00:00
train_000433,verify_synthetic,slice_overlap,không cặp nào chồng lấn ≥30%,auto,2026-09-17T05:24:22.532852+00:00
train_000436,verify_synthetic,slice_overlap,không cặp nào chồng lấn ≥30%,auto,2026-09-17T05:24:22.532852+00:00
train_000440,verify_synthetic,slice_overlap,không cặp nào chồng lấn ≥30%,auto,2026-09-17T05:24:22.532852+00:00
train_000443,verify_synthetic,slice_long_event,dài nhất 0.79s < 8.0s,auto,2026-09-17T05:24:22.532852+00:00
train_000445,verify_synthetic,slice_long_event,dài nhất 1.08s < 8.0s,auto,2026-09-17T05:24:22.532852+00:00
train_000445,verify_synthetic,slice_overlap,không cặp nào chồng lấn ≥30%,auto,2026-09-17T05:24:22.532852+00:00
train_000447,verify_synthetic,slice_overlap,không cặp nào chồng lấn ≥30%,auto,2026-09-17T05:24:22.532852+00:00
train_000449,verify_synthetic,slice_overlap,không cặp nào chồng lấn ≥30%,auto,2026-09-17T05:24:22.532852+00:00
train_000450,verify_synthetic,slice_overlap,không cặp nào chồng lấn ≥30%,auto,2026-09-17T05:24:22.532852+00:00
train_000451,verify_synthetic,slice_overlap,không cặp nào chồng lấn ≥30%,auto,2026-09-17T05:24:22.532852+00:00
train_000454,verify_synthetic,slice_overlap,không cặp nào chồng lấn ≥30%,auto,2026-09-17T05:24:22.532852+00:00
train_000456,verify_synthetic,slice_overlap,không cặp nào chồng lấn ≥30%,auto,2026-09-17T05:24:22.532852+00:00
train_000458,verify_synthetic,slice_long_event,dài nhất 1.02s < 8.0s,auto,2026-09-17T05:24:22.532852+00:00
train_000463,verify_synthetic,slice_overlap,không cặp nào chồng lấn ≥30%,auto,2026-09-17T05:24:22.532852+00:00
train_000469,verify_synthetic,slice_overlap,không cặp nào chồng lấn ≥30%,auto,2026-09-17T05:24:22.532852+00:00
train_000470,verify_synthetic,slice_long_event,dài nhất 0.94s < 8.0s,auto,2026-09-17T05:24:22.532852+00:00
train_000470,verify_synthetic,slice_overlap,không cặp nào chồng lấn ≥30%,auto,2026-09-17T05:24:22.532852+00:00
train_000471,verify_synthetic,slice_overlap,không cặp nào chồng lấn ≥30%,auto,2026-09-17T05:24:22.532852+00:00
train_000478,verify_synthetic,slice_overlap,không cặp nào chồng lấn ≥30%,auto,2026-09-17T05:24:22.532852+00:00
train_000488,verify_synthetic,slice_long_event,dài nhất 1.07s < 8.0s,auto,2026-09-17T05:24:22.532852+00:00
train_000490,verify_synthetic,slice_overlap,không cặp nào chồng lấn ≥30%,auto,2026-09-17T05:24:22.532852+00:00
train_000494,verify_synthetic,slice_overlap,không cặp nào chồng lấn ≥30%,auto,2026-09-17T05:24:22.532852+00:00
train_000496,verify_synthetic,slice_overlap,không cặp nào chồng lấn ≥30%,auto,2026-09-17T05:24:22.532852+00:00
train_000499,verify_synthetic,slice_overlap,không cặp nào chồng lấn ≥30%,auto,2026-09-17T05:24:22.532852+00:00
train_000500,verify_synthetic,slice_long_event,dài nhất 0.96s < 8.0s,auto,2026-09-17T05:24:22.532852+00:00
train_000513,verify_synthetic,slice_overlap,không cặp nào chồng lấn ≥30%,auto,2026-09-17T05:24:22.532852+00:00
train_000514,verify_synthetic,slice_long_event,dài nhất 0.97s < 8.0s,auto,2026-09-17T05:24:22.532852+00:00
train_000514,verify_synthetic,slice_overlap,không cặp nào chồng lấn ≥30%,auto,2026-09-17T05:24:22.532852+00:00
train_000515,verify_synthetic,slice_overlap,không cặp nào chồng lấn ≥30%,auto,2026-09-17T05:24:22.532852+00:00
train_000520,verify_synthetic,slice_overlap,không cặp nào chồng lấn ≥30%,auto,2026-09-17T05:24:22.532852+00:00
train_000523,verify_synthetic,slice_long_event,dài nhất 1.06s < 8.0s,auto,2026-09-17T05:24:22.532852+00:00
train_000525,verify_synthetic,slice_overlap,không cặp nào chồng lấn ≥30%,auto,2026-09-17T05:24:22.532852+00:00
train_000527,verify_synthetic,slice_long_event,dài nhất 0.99s < 8.0s,auto,2026-09-17T05:24:22.532852+00:00
train_000533,verify_synthetic,slice_overlap,không cặp nào chồng lấn ≥30%,auto,2026-09-17T05:24:22.532852+00:00
train_000534,verify_synthetic,slice_overlap,không cặp nào chồng lấn ≥30%,auto,2026-09-17T05:24:22.532852+00:00
train_000535,verify_synthetic,slice_overlap,không cặp nào chồng lấn ≥30%,auto,2026-09-17T05:24:22.532852+00:00
train_000538,verify_synthetic,slice_long_event,dài nhất 1.08s < 8.0s,auto,2026-09-17T05:24:22.532852+00:00
train_000542,verify_synthetic,slice_overlap,không cặp nào chồng lấn ≥30%,auto,2026-09-17T05:24:22.532852+00:00
train_000543,verify_synthetic,slice_overlap,không cặp nào chồng lấn ≥30%,auto,2026-09-17T05:24:22.532852+00:00
train_000549,verify_synthetic,slice_overlap,không cặp nào chồng lấn ≥30%,auto,2026-09-17T05:24:22.532852+00:00
train_000551,verify_synthetic,slice_overlap,không cặp nào chồng lấn ≥30%,auto,2026-09-17T05:24:22.532852+00:00
train_000555,verify_synthetic,slice_overlap,không cặp nào chồng lấn ≥30%,auto,2026-09-17T05:24:22.532852+00:00
train_000557,verify_synthetic,slice_long_event,dài nhất 1.00s < 8.0s,auto,2026-09-17T05:24:22.532852+00:00
train_000557,verify_synthetic,slice_overlap,không cặp nào chồng lấn ≥30%,auto,2026-09-17T05:24:22.532852+00:00
train_000560,verify_synthetic,slice_long_event,dài nhất 0.78s < 8.0s,auto,2026-09-17T05:24:22.532852+00:00
train_000561,verify_synthetic,slice_overlap,không cặp nào chồng lấn ≥30%,auto,2026-09-17T05:24:22.532852+00:00
train_000565,verify_synthetic,slice_long_event,dài nhất 1.06s < 8.0s,auto,2026-09-17T05:24:22.532852+00:00
train_000571,verify_synthetic,slice_overlap,không cặp nào chồng lấn ≥30%,auto,2026-09-17T05:24:22.532852+00:00
train_000572,verify_synthetic,slice_overlap,không cặp nào chồng lấn ≥30%,auto,2026-09-17T05:24:22.532852+00:00
train_000573,verify_synthetic,slice_overlap,không cặp nào chồng lấn ≥30%,auto,2026-09-17T05:24:22.532852+00:00
train_000574,verify_synthetic,slice_long_event,dài nhất 1.05s < 8.0s,auto,2026-09-17T05:24:22.532852+00:00
train_000574,verify_synthetic,slice_overlap,không cặp nào chồng lấn ≥30%,auto,2026-09-17T05:24:22.532852+00:00
train_000577,verify_synthetic,slice_long_event,dài nhất 0.98s < 8.0s,auto,2026-09-17T05:24:22.532852+00:00
train_000577,verify_synthetic,slice_overlap,không cặp nào chồng lấn ≥30%,auto,2026-09-17T05:24:22.532852+00:00
train_000578,verify_synthetic,slice_long_event,dài nhất 1.08s < 8.0s,auto,2026-09-17T05:24:22.532852+00:00
train_000578,verify_synthetic,slice_overlap,không cặp nào chồng lấn ≥30%,auto,2026-09-17T05:24:22.532852+00:00
train_000586,verify_synthetic,slice_long_event,dài nhất 0.98s < 8.0s,auto,2026-09-17T05:24:22.532852+00:00
train_000587,verify_synthetic,slice_overlap,không cặp nào chồng lấn ≥30%,auto,2026-09-17T05:24:22.532852+00:00
train_000588,verify_synthetic,slice_long_event,dài nhất 1.09s < 8.0s,auto,2026-09-17T05:24:22.532852+00:00
train_000588,verify_synthetic,slice_overlap,không cặp nào chồng lấn ≥30%,auto,2026-09-17T05:24:22.532852+00:00
train_000589,verify_synthetic,slice_overlap,không cặp nào chồng lấn ≥30%,auto,2026-09-17T05:24:22.532852+00:00
train_000591,verify_synthetic,slice_long_event,dài nhất 1.02s < 8.0s,auto,2026-09-17T05:24:22.532852+00:00
train_000591,verify_synthetic,slice_overlap,không cặp nào chồng lấn ≥30%,auto,2026-09-17T05:24:22.532852+00:00
train_000599,verify_synthetic,slice_overlap,không cặp nào chồng lấn ≥30%,auto,2026-09-17T05:24:22.532852+00:00
train_000602,verify_synthetic,slice_overlap,không cặp nào chồng lấn ≥30%,auto,2026-09-17T05:24:22.532852+00:00
train_000606,verify_synthetic,slice_overlap,không cặp nào chồng lấn ≥30%,auto,2026-09-17T05:24:22.532852+00:00
train_000607,verify_synthetic,slice_overlap,không cặp nào chồng lấn ≥30%,auto,2026-09-17T05:24:22.532852+00:00
train_000609,verify_synthetic,slice_long_event,dài nhất 1.05s < 8.0s,auto,2026-09-17T05:24:22.532852+00:00
train_000621,verify_synthetic,slice_overlap,không cặp nào chồng lấn ≥30%,auto,2026-09-17T05:24:22.532852+00:00
train_000623,verify_synthetic,slice_overlap,không cặp nào chồng lấn ≥30%,auto,2026-09-17T05:24:22.532852+00:00
train_000624,verify_synthetic,slice_long_event,dài nhất 0.92s < 8.0s,auto,2026-09-17T05:24:22.532852+00:00
train_000624,verify_synthetic,slice_overlap,không cặp nào chồng lấn ≥30%,auto,2026-09-17T05:24:22.532852+00:00
train_000626,verify_synthetic,slice_overlap,không cặp nào chồng lấn ≥30%,auto,2026-09-17T05:24:22.532852+00:00
train_000629,verify_synthetic,slice_overlap,không cặp nào chồng lấn ≥30%,auto,2026-09-17T05:24:22.532852+00:00
train_000635,verify_synthetic,slice_overlap,không cặp nào chồng lấn ≥30%,auto,2026-09-17T05:24:22.532852+00:00
train_000638,verify_synthetic,slice_overlap,không cặp nào chồng lấn ≥30%,auto,2026-09-17T05:24:22.532852+00:00
train_000639,verify_synthetic,slice_long_event,dài nhất 0.92s < 8.0s,auto,2026-09-17T05:24:22.532852+00:00
train_000640,verify_synthetic,slice_overlap,không cặp nào chồng lấn ≥30%,auto,2026-09-17T05:24:22.532852+00:00
train_000642,verify_synthetic,slice_overlap,không cặp nào chồng lấn ≥30%,auto,2026-09-17T05:24:22.532852+00:00
train_000645,verify_synthetic,slice_overlap,không cặp nào chồng lấn ≥30%,auto,2026-09-17T05:24:22.532852+00:00
train_000648,verify_synthetic,slice_long_event,dài nhất 0.96s < 8.0s,auto,2026-09-17T05:24:22.532852+00:00
train_000652,verify_synthetic,slice_overlap,không cặp nào chồng lấn ≥30%,auto,2026-09-17T05:24:22.532852+00:00
train_000653,verify_synthetic,slice_long_event,dài nhất 0.93s < 8.0s,auto,2026-09-17T05:24:22.532852+00:00
train_000662,verify_synthetic,slice_overlap,không cặp nào chồng lấn ≥30%,auto,2026-09-17T05:24:22.532852+00:00
train_000663,verify_synthetic,slice_long_event,dài nhất 1.01s < 8.0s,auto,2026-09-17T05:24:22.532852+00:00
train_000664,verify_synthetic,slice_overlap,không cặp nào chồng lấn ≥30%,auto,2026-09-17T05:24:22.532852+00:00
train_000666,verify_synthetic,slice_overlap,không cặp nào chồng lấn ≥30%,auto,2026-09-17T05:24:22.532852+00:00
train_000667,verify_synthetic,slice_overlap,không cặp nào chồng lấn ≥30%,auto,2026-09-17T05:24:22.532852+00:00
train_000672,verify_synthetic,slice_overlap,không cặp nào chồng lấn ≥30%,auto,2026-09-17T05:24:22.532852+00:00
train_000674,verify_synthetic,slice_overlap,không cặp nào chồng lấn ≥30%,auto,2026-09-17T05:24:22.532852+00:00
train_000677,verify_synthetic,slice_long_event,dài nhất 1.03s < 8.0s,auto,2026-09-17T05:24:22.532852+00:00
train_000677,verify_synthetic,slice_overlap,không cặp nào chồng lấn ≥30%,auto,2026-09-17T05:24:22.532852+00:00
train_000678,verify_synthetic,slice_long_event,dài nhất 0.93s < 8.0s,auto,2026-09-17T05:24:22.532852+00:00
train_000678,verify_synthetic,slice_overlap,không cặp nào chồng lấn ≥30%,auto,2026-09-17T05:24:22.532852+00:00
train_000680,verify_synthetic,slice_long_event,dài nhất 1.06s < 8.0s,auto,2026-09-17T05:24:22.532852+00:00
train_000685,verify_synthetic,slice_long_event,dài nhất 0.98s < 8.0s,auto,2026-09-17T05:24:22.532852+00:00
train_000690,verify_synthetic,slice_overlap,không cặp nào chồng lấn ≥30%,auto,2026-09-17T05:24:22.532852+00:00
train_000692,verify_synthetic,slice_long_event,dài nhất 1.00s < 8.0s,auto,2026-09-17T05:24:22.532852+00:00
train_000693,verify_synthetic,slice_overlap,không cặp nào chồng lấn ≥30%,auto,2026-09-17T05:24:22.532852+00:00
train_000698,verify_synthetic,slice_overlap,không cặp nào chồng lấn ≥30%,auto,2026-09-17T05:24:22.532852+00:00
train_000699,verify_synthetic,slice_long_event,dài nhất 0.96s < 8.0s,auto,2026-09-17T05:24:22.532852+00:00
train_000699,verify_synthetic,slice_overlap,không cặp nào chồng lấn ≥30%,auto,2026-09-17T05:24:22.532852+00:00
train_000702,verify_synthetic,slice_overlap,không cặp nào chồng lấn ≥30%,auto,2026-09-17T05:24:22.532852+00:00
train_000703,verify_synthetic,slice_overlap,không cặp nào chồng lấn ≥30%,auto,2026-09-17T05:24:22.532852+00:00
train_000704,verify_synthetic,slice_long_event,dài nhất 0.99s < 8.0s,auto,2026-09-17T05:24:22.532852+00:00
train_000710,verify_synthetic,slice_overlap,không cặp nào chồng lấn ≥30%,auto,2026-09-17T05:24:22.532852+00:00
train_000715,verify_synthetic,slice_overlap,không cặp nào chồng lấn ≥30%,auto,2026-09-17T05:24:22.532852+00:00
train_000716,verify_synthetic,slice_overlap,không cặp nào chồng lấn ≥30%,auto,2026-09-17T05:24:22.532852+00:00
train_000717,verify_synthetic,slice_overlap,không cặp nào chồng lấn ≥30%,auto,2026-09-17T05:24:22.532852+00:00
train_000718,verify_synthetic,slice_long_event,dài nhất 1.06s < 8.0s,auto,2026-09-17T05:24:22.532852+00:00
train_000721,verify_synthetic,slice_overlap,không cặp nào chồng lấn ≥30%,auto,2026-09-17T05:24:22.532852+00:00
train_000723,verify_synthetic,slice_overlap,không cặp nào chồng lấn ≥30%,auto,2026-09-17T05:24:22.532852+00:00
train_000730,verify_synthetic,slice_overlap,không cặp nào chồng lấn ≥30%,auto,2026-09-17T05:24:22.532852+00:00
train_000734,verify_synthetic,slice_overlap,không cặp nào chồng lấn ≥30%,auto,2026-09-17T05:24:22.532852+00:00
train_000735,verify_synthetic,slice_long_event,dài nhất 1.01s < 8.0s,auto,2026-09-17T05:24:22.532852+00:00
train_000739,verify_synthetic,slice_overlap,không cặp nào chồng lấn ≥30%,auto,2026-09-17T05:24:22.532852+00:00
train_000743,verify_synthetic,slice_overlap,không cặp nào chồng lấn ≥30%,auto,2026-09-17T05:24:22.532852+00:00
train_000753,verify_synthetic,slice_overlap,không cặp nào chồng lấn ≥30%,auto,2026-09-17T05:24:22.532852+00:00
train_000758,verify_synthetic,slice_long_event,dài nhất 1.10s < 8.0s,auto,2026-09-17T05:24:22.532852+00:00
train_000760,verify_synthetic,slice_overlap,không cặp nào chồng lấn ≥30%,auto,2026-09-17T05:24:22.532852+00:00
train_000761,verify_synthetic,slice_overlap,không cặp nào chồng lấn ≥30%,auto,2026-09-17T05:24:22.532852+00:00
train_000765,verify_synthetic,slice_overlap,không cặp nào chồng lấn ≥30%,auto,2026-09-17T05:24:22.532852+00:00
train_000768,verify_synthetic,slice_long_event,dài nhất 1.09s < 8.0s,auto,2026-09-17T05:24:22.532852+00:00
train_000772,verify_synthetic,slice_overlap,không cặp nào chồng lấn ≥30%,auto,2026-09-17T05:24:22.532852+00:00
train_000774,verify_synthetic,slice_overlap,không cặp nào chồng lấn ≥30%,auto,2026-09-17T05:24:22.532852+00:00
train_000778,verify_synthetic,slice_overlap,không cặp nào chồng lấn ≥30%,auto,2026-09-17T05:24:22.532852+00:00
train_000779,verify_synthetic,slice_long_event,dài nhất 1.00s < 8.0s,auto,2026-09-17T05:24:22.532852+00:00
train_000780,verify_synthetic,slice_long_event,dài nhất 1.08s < 8.0s,auto,2026-09-17T05:24:22.532852+00:00
train_000781,verify_synthetic,slice_overlap,không cặp nào chồng lấn ≥30%,auto,2026-09-17T05:24:22.532852+00:00
train_000782,verify_synthetic,slice_long_event,dài nhất 0.73s < 8.0s,auto,2026-09-17T05:24:22.532852+00:00
train_000782,verify_synthetic,slice_overlap,không cặp nào chồng lấn ≥30%,auto,2026-09-17T05:24:22.532852+00:00
train_000786,verify_synthetic,slice_overlap,không cặp nào chồng lấn ≥30%,auto,2026-09-17T05:24:22.532852+00:00
train_000788,verify_synthetic,slice_overlap,không cặp nào chồng lấn ≥30%,auto,2026-09-17T05:24:22.532852+00:00
train_000801,verify_synthetic,slice_overlap,không cặp nào chồng lấn ≥30%,auto,2026-09-17T05:24:22.532852+00:00
train_000811,verify_synthetic,slice_overlap,không cặp nào chồng lấn ≥30%,auto,2026-09-17T05:24:22.532852+00:00
train_000813,verify_synthetic,slice_overlap,không cặp nào chồng lấn ≥30%,auto,2026-09-17T05:24:22.532852+00:00
train_000815,verify_synthetic,slice_overlap,không cặp nào chồng lấn ≥30%,auto,2026-09-17T05:24:22.532852+00:00
train_000818,verify_synthetic,slice_long_event,dài nhất 1.09s < 8.0s,auto,2026-09-17T05:24:22.532852+00:00
train_000823,verify_synthetic,slice_overlap,không cặp nào chồng lấn ≥30%,auto,2026-09-17T05:24:22.532852+00:00
train_000827,verify_synthetic,slice_overlap,không cặp nào chồng lấn ≥30%,auto,2026-09-17T05:24:22.532852+00:00
train_000836,verify_synthetic,slice_overlap,không cặp nào chồng lấn ≥30%,auto,2026-09-17T05:24:22.532852+00:00
train_000839,verify_synthetic,slice_overlap,không cặp nào chồng lấn ≥30%,auto,2026-09-17T05:24:22.532852+00:00
train_000844,verify_synthetic,slice_long_event,dài nhất 1.01s < 8.0s,auto,2026-09-17T05:24:22.532852+00:00
train_000847,verify_synthetic,slice_overlap,không cặp nào chồng lấn ≥30%,auto,2026-09-17T05:24:22.532852+00:00
train_000851,verify_synthetic,slice_overlap,không cặp nào chồng lấn ≥30%,auto,2026-09-17T05:24:22.532852+00:00
train_000854,verify_synthetic,slice_overlap,không cặp nào chồng lấn ≥30%,auto,2026-09-17T05:24:22.532852+00:00
train_000857,verify_synthetic,slice_overlap,không cặp nào chồng lấn ≥30%,auto,2026-09-17T05:24:22.532852+00:00
train_000858,verify_synthetic,slice_overlap,không cặp nào chồng lấn ≥30%,auto,2026-09-17T05:24:22.532852+00:00
train_000863,verify_synthetic,slice_long_event,dài nhất 0.98s < 8.0s,auto,2026-09-17T05:24:22.532852+00:00
train_000863,verify_synthetic,slice_overlap,không cặp nào chồng lấn ≥30%,auto,2026-09-17T05:24:22.532852+00:00
train_000864,verify_synthetic,slice_overlap,không cặp nào chồng lấn ≥30%,auto,2026-09-17T05:24:22.532852+00:00
train_000866,verify_synthetic,slice_long_event,dài nhất 1.09s < 8.0s,auto,2026-09-17T05:24:22.532852+00:00
train_000875,verify_synthetic,slice_long_event,dài nhất 1.03s < 8.0s,auto,2026-09-17T05:24:22.532852+00:00
train_000880,verify_synthetic,slice_overlap,không cặp nào chồng lấn ≥30%,auto,2026-09-17T05:24:22.532852+00:00
train_000881,verify_synthetic,slice_overlap,không cặp nào chồng lấn ≥30%,auto,2026-09-17T05:24:22.532852+00:00
train_000883,verify_synthetic,slice_long_event,dài nhất 1.04s < 8.0s,auto,2026-09-17T05:24:22.532852+00:00
train_000884,verify_synthetic,slice_long_event,dài nhất 0.99s < 8.0s,auto,2026-09-17T05:24:22.532852+00:00
train_000885,verify_synthetic,slice_overlap,không cặp nào chồng lấn ≥30%,auto,2026-09-17T05:24:22.532852+00:00
train_000888,verify_synthetic,slice_overlap,không cặp nào chồng lấn ≥30%,auto,2026-09-17T05:24:22.532852+00:00
train_000890,verify_synthetic,slice_overlap,không cặp nào chồng lấn ≥30%,auto,2026-09-17T05:24:22.532852+00:00
train_000892,verify_synthetic,slice_overlap,không cặp nào chồng lấn ≥30%,auto,2026-09-17T05:24:22.532852+00:00
train_000894,verify_synthetic,slice_overlap,không cặp nào chồng lấn ≥30%,auto,2026-09-17T05:24:22.532852+00:00
train_000911,verify_synthetic,slice_overlap,không cặp nào chồng lấn ≥30%,auto,2026-09-17T05:24:22.532852+00:00
train_000917,verify_synthetic,slice_overlap,không cặp nào chồng lấn ≥30%,auto,2026-09-17T05:24:22.532852+00:00
train_000918,verify_synthetic,slice_overlap,không cặp nào chồng lấn ≥30%,auto,2026-09-17T05:24:22.532852+00:00
train_000919,verify_synthetic,slice_long_event,dài nhất 1.06s < 8.0s,auto,2026-09-17T05:24:22.532852+00:00
train_000920,verify_synthetic,slice_long_event,dài nhất 1.05s < 8.0s,auto,2026-09-17T05:24:22.532852+00:00
train_000920,verify_synthetic,slice_overlap,không cặp nào chồng lấn ≥30%,auto,2026-09-17T05:24:22.532852+00:00
train_000922,verify_synthetic,slice_overlap,không cặp nào chồng lấn ≥30%,auto,2026-09-17T05:24:22.532852+00:00
train_000923,verify_synthetic,slice_overlap,không cặp nào chồng lấn ≥30%,auto,2026-09-17T05:24:22.532852+00:00
train_000924,verify_synthetic,slice_long_event,dài nhất 1.04s < 8.0s,auto,2026-09-17T05:24:22.532852+00:00
train_000930,verify_synthetic,slice_long_event,dài nhất 1.00s < 8.0s,auto,2026-09-17T05:24:22.532852+00:00
train_000932,verify_synthetic,slice_overlap,không cặp nào chồng lấn ≥30%,auto,2026-09-17T05:24:22.532852+00:00
train_000933,verify_synthetic,slice_overlap,không cặp nào chồng lấn ≥30%,auto,2026-09-17T05:24:22.532852+00:00
train_000934,verify_synthetic,slice_overlap,không cặp nào chồng lấn ≥30%,auto,2026-09-17T05:24:22.532852+00:00
train_000936,verify_synthetic,slice_overlap,không cặp nào chồng lấn ≥30%,auto,2026-09-17T05:24:22.532852+00:00
train_000946,verify_synthetic,slice_long_event,dài nhất 1.06s < 8.0s,auto,2026-09-17T05:24:22.532852+00:00
train_000956,verify_synthetic,slice_long_event,dài nhất 1.07s < 8.0s,auto,2026-09-17T05:24:22.532852+00:00
train_000957,verify_synthetic,slice_overlap,không cặp nào chồng lấn ≥30%,auto,2026-09-17T05:24:22.532852+00:00
train_000959,verify_synthetic,slice_long_event,dài nhất 1.07s < 8.0s,auto,2026-09-17T05:24:22.532852+00:00
train_000965,verify_synthetic,slice_overlap,không cặp nào chồng lấn ≥30%,auto,2026-09-17T05:24:22.532852+00:00
train_000967,verify_synthetic,slice_long_event,dài nhất 1.05s < 8.0s,auto,2026-09-17T05:24:22.532852+00:00
train_000968,verify_synthetic,slice_long_event,dài nhất 1.06s < 8.0s,auto,2026-09-17T05:24:22.532852+00:00
train_000968,verify_synthetic,slice_overlap,không cặp nào chồng lấn ≥30%,auto,2026-09-17T05:24:22.532852+00:00
train_000972,verify_synthetic,slice_long_event,dài nhất 1.08s < 8.0s,auto,2026-09-17T05:24:22.532852+00:00
train_000972,verify_synthetic,slice_overlap,không cặp nào chồng lấn ≥30%,auto,2026-09-17T05:24:22.532852+00:00
train_000973,verify_synthetic,slice_overlap,không cặp nào chồng lấn ≥30%,auto,2026-09-17T05:24:22.532852+00:00
train_000974,verify_synthetic,slice_overlap,không cặp nào chồng lấn ≥30%,auto,2026-09-17T05:24:22.532852+00:00
train_000983,verify_synthetic,slice_overlap,không cặp nào chồng lấn ≥30%,auto,2026-09-17T05:24:22.532852+00:00
train_000984,verify_synthetic,slice_overlap,không cặp nào chồng lấn ≥30%,auto,2026-09-17T05:24:22.532852+00:00
train_000989,verify_synthetic,slice_overlap,không cặp nào chồng lấn ≥30%,auto,2026-09-17T05:24:22.532852+00:00
train_000990,verify_synthetic,slice_long_event,dài nhất 1.08s < 8.0s,auto,2026-09-17T05:24:22.532852+00:00
train_000991,verify_synthetic,slice_overlap,không cặp nào chồng lấn ≥30%,auto,2026-09-17T05:24:22.532852+00:00
train_000992,verify_synthetic,slice_overlap,không cặp nào chồng lấn ≥30%,auto,2026-09-17T05:24:22.532852+00:00
train_000993,verify_synthetic,slice_overlap,không cặp nào chồng lấn ≥30%,auto,2026-09-17T05:24:22.532852+00:00
train_000996,verify_synthetic,slice_overlap,không cặp nào chồng lấn ≥30%,auto,2026-09-17T05:24:22.532852+00:00
train_001000,verify_synthetic,slice_long_event,dài nhất 0.99s < 8.0s,auto,2026-09-17T05:24:22.532852+00:00
train_001000,verify_synthetic,slice_overlap,không cặp nào chồng lấn ≥30%,auto,2026-09-17T05:24:22.532852+00:00
train_001002,verify_synthetic,slice_overlap,không cặp nào chồng lấn ≥30%,auto,2026-09-17T05:24:22.532852+00:00
train_001004,verify_synthetic,slice_overlap,không cặp nào chồng lấn ≥30%,auto,2026-09-17T05:24:22.532852+00:00
train_001007,verify_synthetic,slice_long_event,dài nhất 1.07s < 8.0s,auto,2026-09-17T05:24:22.532852+00:00
train_001007,verify_synthetic,slice_overlap,không cặp nào chồng lấn ≥30%,auto,2026-09-17T05:24:22.532852+00:00
train_001011,verify_synthetic,slice_long_event,dài nhất 1.03s < 8.0s,auto,2026-09-17T05:24:22.532852+00:00
train_001014,verify_synthetic,slice_overlap,không cặp nào chồng lấn ≥30%,auto,2026-09-17T05:24:22.532852+00:00
train_001015,verify_synthetic,slice_overlap,không cặp nào chồng lấn ≥30%,auto,2026-09-17T05:24:22.532852+00:00
train_001016,verify_synthetic,slice_long_event,dài nhất 1.04s < 8.0s,auto,2026-09-17T05:24:22.532852+00:00
train_001017,verify_synthetic,slice_long_event,dài nhất 1.08s < 8.0s,auto,2026-09-17T05:24:22.532852+00:00
train_001017,verify_synthetic,slice_overlap,không cặp nào chồng lấn ≥30%,auto,2026-09-17T05:24:22.532852+00:00
train_001018,verify_synthetic,slice_long_event,dài nhất 1.09s < 8.0s,auto,2026-09-17T05:24:22.532852+00:00
train_001019,verify_synthetic,slice_overlap,không cặp nào chồng lấn ≥30%,auto,2026-09-17T05:24:22.532852+00:00
train_001020,verify_synthetic,slice_overlap,không cặp nào chồng lấn ≥30%,auto,2026-09-17T05:24:22.532852+00:00
train_001021,verify_synthetic,slice_overlap,không cặp nào chồng lấn ≥30%,auto,2026-09-17T05:24:22.532852+00:00
train_001030,verify_synthetic,slice_overlap,không cặp nào chồng lấn ≥30%,auto,2026-09-17T05:24:22.532852+00:00
train_001034,verify_synthetic,slice_overlap,không cặp nào chồng lấn ≥30%,auto,2026-09-17T05:24:22.532852+00:00
train_001036,verify_synthetic,slice_overlap,không cặp nào chồng lấn ≥30%,auto,2026-09-17T05:24:22.532852+00:00
train_001041,verify_synthetic,slice_long_event,dài nhất 1.07s < 8.0s,auto,2026-09-17T05:24:22.532852+00:00
train_001042,verify_synthetic,slice_overlap,không cặp nào chồng lấn ≥30%,auto,2026-09-17T05:24:22.532852+00:00
train_001046,verify_synthetic,slice_long_event,dài nhất 0.36s < 8.0s,auto,2026-09-17T05:24:22.532852+00:00
train_001048,verify_synthetic,slice_long_event,dài nhất 1.06s < 8.0s,auto,2026-09-17T05:24:22.532852+00:00
train_001048,verify_synthetic,slice_overlap,không cặp nào chồng lấn ≥30%,auto,2026-09-17T05:24:22.532852+00:00
train_001052,verify_synthetic,slice_long_event,dài nhất 1.09s < 8.0s,auto,2026-09-17T05:24:22.532852+00:00
train_001052,verify_synthetic,slice_overlap,không cặp nào chồng lấn ≥30%,auto,2026-09-17T05:24:22.532852+00:00
train_001056,verify_synthetic,slice_long_event,dài nhất 1.09s < 8.0s,auto,2026-09-17T05:24:22.532852+00:00
train_001061,verify_synthetic,slice_overlap,không cặp nào chồng lấn ≥30%,auto,2026-09-17T05:24:22.532852+00:00
train_001063,verify_synthetic,slice_overlap,không cặp nào chồng lấn ≥30%,auto,2026-09-17T05:24:22.532852+00:00
train_001065,verify_synthetic,slice_overlap,không cặp nào chồng lấn ≥30%,auto,2026-09-17T05:24:22.532852+00:00
train_001066,verify_synthetic,slice_overlap,không cặp nào chồng lấn ≥30%,auto,2026-09-17T05:24:22.532852+00:00
train_001082,verify_synthetic,slice_overlap,không cặp nào chồng lấn ≥30%,auto,2026-09-17T05:24:22.532852+00:00
train_001089,verify_synthetic,slice_overlap,không cặp nào chồng lấn ≥30%,auto,2026-09-17T05:24:22.532852+00:00
train_001091,verify_synthetic,slice_overlap,không cặp nào chồng lấn ≥30%,auto,2026-09-17T05:24:22.532852+00:00
train_001093,verify_synthetic,slice_overlap,không cặp nào chồng lấn ≥30%,auto,2026-09-17T05:24:22.532852+00:00
train_001095,verify_synthetic,slice_overlap,không cặp nào chồng lấn ≥30%,auto,2026-09-17T05:24:22.532852+00:00
train_001096,verify_synthetic,slice_long_event,dài nhất 0.99s < 8.0s,auto,2026-09-17T05:24:22.532852+00:00
train_001097,verify_synthetic,slice_long_event,dài nhất 1.09s < 8.0s,auto,2026-09-17T05:24:22.532852+00:00
train_001097,verify_synthetic,slice_overlap,không cặp nào chồng lấn ≥30%,auto,2026-09-17T05:24:22.532852+00:00
train_001098,verify_synthetic,slice_long_event,dài nhất 1.02s < 8.0s,auto,2026-09-17T05:24:22.532852+00:00
train_001099,verify_synthetic,slice_overlap,không cặp nào chồng lấn ≥30%,auto,2026-09-17T05:24:22.532852+00:00
train_001104,verify_synthetic,slice_overlap,không cặp nào chồng lấn ≥30%,auto,2026-09-17T05:24:22.532852+00:00
train_001105,verify_synthetic,slice_overlap,không cặp nào chồng lấn ≥30%,auto,2026-09-17T05:24:22.532852+00:00
train_001107,verify_synthetic,slice_long_event,dài nhất 1.06s < 8.0s,auto,2026-09-17T05:24:22.532852+00:00
train_001116,verify_synthetic,slice_overlap,không cặp nào chồng lấn ≥30%,auto,2026-09-17T05:24:22.532852+00:00
train_001117,verify_synthetic,slice_long_event,dài nhất 1.03s < 8.0s,auto,2026-09-17T05:24:22.532852+00:00
train_001130,verify_synthetic,slice_overlap,không cặp nào chồng lấn ≥30%,auto,2026-09-17T05:24:22.532852+00:00
train_001134,verify_synthetic,slice_long_event,dài nhất 0.96s < 8.0s,auto,2026-09-17T05:24:22.532852+00:00
train_001136,verify_synthetic,slice_long_event,dài nhất 0.94s < 8.0s,auto,2026-09-17T05:24:22.532852+00:00
train_001139,verify_synthetic,slice_long_event,dài nhất 1.04s < 8.0s,auto,2026-09-17T05:24:22.532852+00:00
train_001141,verify_synthetic,slice_overlap,không cặp nào chồng lấn ≥30%,auto,2026-09-17T05:24:22.532852+00:00
train_001146,verify_synthetic,slice_long_event,dài nhất 0.92s < 8.0s,auto,2026-09-17T05:24:22.532852+00:00
train_001150,verify_synthetic,slice_overlap,không cặp nào chồng lấn ≥30%,auto,2026-09-17T05:24:22.532852+00:00
train_001152,verify_synthetic,slice_long_event,dài nhất 1.04s < 8.0s,auto,2026-09-17T05:24:22.532852+00:00
train_001162,verify_synthetic,slice_overlap,không cặp nào chồng lấn ≥30%,auto,2026-09-17T05:24:22.532852+00:00
train_001165,verify_synthetic,slice_overlap,không cặp nào chồng lấn ≥30%,auto,2026-09-17T05:24:22.532852+00:00
train_001166,verify_synthetic,slice_long_event,dài nhất 0.90s < 8.0s,auto,2026-09-17T05:24:22.532852+00:00
train_001167,verify_synthetic,slice_overlap,không cặp nào chồng lấn ≥30%,auto,2026-09-17T05:24:22.532852+00:00
train_001171,verify_synthetic,slice_overlap,không cặp nào chồng lấn ≥30%,auto,2026-09-17T05:24:22.532852+00:00
train_001172,verify_synthetic,slice_overlap,không cặp nào chồng lấn ≥30%,auto,2026-09-17T05:24:22.532852+00:00
train_001178,verify_synthetic,slice_overlap,không cặp nào chồng lấn ≥30%,auto,2026-09-17T05:24:22.532852+00:00
train_001180,verify_synthetic,slice_long_event,dài nhất 0.97s < 8.0s,auto,2026-09-17T05:24:22.532852+00:00
train_001180,verify_synthetic,slice_overlap,không cặp nào chồng lấn ≥30%,auto,2026-09-17T05:24:22.532852+00:00
train_001182,verify_synthetic,slice_overlap,không cặp nào chồng lấn ≥30%,auto,2026-09-17T05:24:22.532852+00:00
train_001186,verify_synthetic,slice_long_event,dài nhất 1.07s < 8.0s,auto,2026-09-17T05:24:22.532852+00:00
train_001186,verify_synthetic,slice_overlap,không cặp nào chồng lấn ≥30%,auto,2026-09-17T05:24:22.532852+00:00
train_001188,verify_synthetic,slice_overlap,không cặp nào chồng lấn ≥30%,auto,2026-09-17T05:24:22.532852+00:00
train_001190,verify_synthetic,slice_long_event,dài nhất 1.07s < 8.0s,auto,2026-09-17T05:24:22.532852+00:00
train_001193,verify_synthetic,slice_overlap,không cặp nào chồng lấn ≥30%,auto,2026-09-17T05:24:22.532852+00:00
train_001194,verify_synthetic,slice_overlap,không cặp nào chồng lấn ≥30%,auto,2026-09-17T05:24:22.532852+00:00
train_001195,verify_synthetic,slice_long_event,dài nhất 0.96s < 8.0s,auto,2026-09-17T05:24:22.532852+00:00
train_001196,verify_synthetic,slice_overlap,không cặp nào chồng lấn ≥30%,auto,2026-09-17T05:24:22.532852+00:00
train_001197,verify_synthetic,slice_long_event,dài nhất 1.09s < 8.0s,auto,2026-09-17T05:24:22.532852+00:00
train_001198,verify_synthetic,slice_overlap,không cặp nào chồng lấn ≥30%,auto,2026-09-17T05:24:22.532852+00:00
train_001200,verify_synthetic,slice_overlap,không cặp nào chồng lấn ≥30%,auto,2026-09-17T05:24:22.532852+00:00
train_001203,verify_synthetic,slice_long_event,dài nhất 1.09s < 8.0s,auto,2026-09-17T05:24:22.532852+00:00
train_001209,verify_synthetic,slice_overlap,không cặp nào chồng lấn ≥30%,auto,2026-09-17T05:24:22.532852+00:00
train_001210,verify_synthetic,slice_overlap,không cặp nào chồng lấn ≥30%,auto,2026-09-17T05:24:22.532852+00:00
train_001213,verify_synthetic,slice_long_event,dài nhất 0.93s < 8.0s,auto,2026-09-17T05:24:22.532852+00:00
train_001216,verify_synthetic,slice_long_event,dài nhất 0.78s < 8.0s,auto,2026-09-17T05:24:22.532852+00:00
train_001217,verify_synthetic,slice_overlap,không cặp nào chồng lấn ≥30%,auto,2026-09-17T05:24:22.532852+00:00
train_001218,verify_synthetic,slice_overlap,không cặp nào chồng lấn ≥30%,auto,2026-09-17T05:24:22.532852+00:00
train_001220,verify_synthetic,slice_overlap,không cặp nào chồng lấn ≥30%,auto,2026-09-17T05:24:22.532852+00:00
train_001221,verify_synthetic,slice_overlap,không cặp nào chồng lấn ≥30%,auto,2026-09-17T05:24:22.532852+00:00
train_001226,verify_synthetic,slice_overlap,không cặp nào chồng lấn ≥30%,auto,2026-09-17T05:24:22.532852+00:00
train_001230,verify_synthetic,slice_long_event,dài nhất 1.08s < 8.0s,auto,2026-09-17T05:24:22.532852+00:00
train_001234,verify_synthetic,slice_overlap,không cặp nào chồng lấn ≥30%,auto,2026-09-17T05:24:22.532852+00:00
train_001239,verify_synthetic,slice_overlap,không cặp nào chồng lấn ≥30%,auto,2026-09-17T05:24:22.532852+00:00
train_001241,verify_synthetic,slice_overlap,không cặp nào chồng lấn ≥30%,auto,2026-09-17T05:24:22.532852+00:00
train_001257,verify_synthetic,slice_overlap,không cặp nào chồng lấn ≥30%,auto,2026-09-17T05:24:22.532852+00:00
train_001258,verify_synthetic,slice_long_event,dài nhất 0.71s < 8.0s,auto,2026-09-17T05:24:22.532852+00:00
train_001258,verify_synthetic,slice_overlap,không cặp nào chồng lấn ≥30%,auto,2026-09-17T05:24:22.532852+00:00
train_001266,verify_synthetic,slice_overlap,không cặp nào chồng lấn ≥30%,auto,2026-09-17T05:24:22.532852+00:00
train_001268,verify_synthetic,slice_overlap,không cặp nào chồng lấn ≥30%,auto,2026-09-17T05:24:22.532852+00:00
train_001270,verify_synthetic,slice_long_event,dài nhất 0.90s < 8.0s,auto,2026-09-17T05:24:22.532852+00:00
train_001276,verify_synthetic,slice_long_event,dài nhất 1.07s < 8.0s,auto,2026-09-17T05:24:22.532852+00:00
train_001277,verify_synthetic,slice_overlap,không cặp nào chồng lấn ≥30%,auto,2026-09-17T05:24:22.532852+00:00
train_001287,verify_synthetic,slice_long_event,dài nhất 0.93s < 8.0s,auto,2026-09-17T05:24:22.532852+00:00
train_001291,verify_synthetic,slice_long_event,dài nhất 0.96s < 8.0s,auto,2026-09-17T05:24:22.532852+00:00
train_001292,verify_synthetic,slice_overlap,không cặp nào chồng lấn ≥30%,auto,2026-09-17T05:24:22.532852+00:00
train_001293,verify_synthetic,slice_overlap,không cặp nào chồng lấn ≥30%,auto,2026-09-17T05:24:22.532852+00:00
train_001297,verify_synthetic,slice_long_event,dài nhất 0.96s < 8.0s,auto,2026-09-17T05:24:22.532852+00:00
train_001300,verify_synthetic,slice_overlap,không cặp nào chồng lấn ≥30%,auto,2026-09-17T05:24:22.532852+00:00
train_001301,verify_synthetic,slice_overlap,không cặp nào chồng lấn ≥30%,auto,2026-09-17T05:24:22.532852+00:00
train_001304,verify_synthetic,slice_overlap,không cặp nào chồng lấn ≥30%,auto,2026-09-17T05:24:22.532852+00:00
train_001306,verify_synthetic,slice_overlap,không cặp nào chồng lấn ≥30%,auto,2026-09-17T05:24:22.532852+00:00
train_001311,verify_synthetic,slice_long_event,dài nhất 1.01s < 8.0s,auto,2026-09-17T05:24:22.532852+00:00
train_001311,verify_synthetic,slice_overlap,không cặp nào chồng lấn ≥30%,auto,2026-09-17T05:24:22.532852+00:00
train_001313,verify_synthetic,slice_overlap,không cặp nào chồng lấn ≥30%,auto,2026-09-17T05:24:22.532852+00:00
train_001315,verify_synthetic,slice_overlap,không cặp nào chồng lấn ≥30%,auto,2026-09-17T05:24:22.532852+00:00
train_001319,verify_synthetic,slice_overlap,không cặp nào chồng lấn ≥30%,auto,2026-09-17T05:24:22.532852+00:00
train_001322,verify_synthetic,slice_long_event,dài nhất 1.09s < 8.0s,auto,2026-09-17T05:24:22.532852+00:00
train_001324,verify_synthetic,slice_overlap,không cặp nào chồng lấn ≥30%,auto,2026-09-17T05:24:22.532852+00:00
train_001326,verify_synthetic,slice_overlap,không cặp nào chồng lấn ≥30%,auto,2026-09-17T05:24:22.532852+00:00
train_001329,verify_synthetic,slice_long_event,dài nhất 1.09s < 8.0s,auto,2026-09-17T05:24:22.532852+00:00
train_001329,verify_synthetic,slice_overlap,không cặp nào chồng lấn ≥30%,auto,2026-09-17T05:24:22.532852+00:00
train_001334,verify_synthetic,slice_overlap,không cặp nào chồng lấn ≥30%,auto,2026-09-17T05:24:22.532852+00:00
train_001338,verify_synthetic,slice_long_event,dài nhất 1.08s < 8.0s,auto,2026-09-17T05:24:22.532852+00:00
train_001339,verify_synthetic,slice_long_event,dài nhất 0.99s < 8.0s,auto,2026-09-17T05:24:22.532852+00:00
train_001339,verify_synthetic,slice_overlap,không cặp nào chồng lấn ≥30%,auto,2026-09-17T05:24:22.532852+00:00
train_001340,verify_synthetic,slice_long_event,dài nhất 1.09s < 8.0s,auto,2026-09-17T05:24:22.532852+00:00
train_001340,verify_synthetic,slice_overlap,không cặp nào chồng lấn ≥30%,auto,2026-09-17T05:24:22.532852+00:00
train_001351,verify_synthetic,slice_overlap,không cặp nào chồng lấn ≥30%,auto,2026-09-17T05:24:22.532852+00:00
train_001352,verify_synthetic,slice_overlap,không cặp nào chồng lấn ≥30%,auto,2026-09-17T05:24:22.532852+00:00
train_001357,verify_synthetic,slice_overlap,không cặp nào chồng lấn ≥30%,auto,2026-09-17T05:24:22.532852+00:00
train_001362,verify_synthetic,slice_overlap,không cặp nào chồng lấn ≥30%,auto,2026-09-17T05:24:22.532852+00:00
train_001363,verify_synthetic,slice_overlap,không cặp nào chồng lấn ≥30%,auto,2026-09-17T05:24:22.532852+00:00
train_001364,verify_synthetic,slice_overlap,không cặp nào chồng lấn ≥30%,auto,2026-09-17T05:24:22.532852+00:00
train_001365,verify_synthetic,slice_long_event,dài nhất 0.97s < 8.0s,auto,2026-09-17T05:24:22.532852+00:00
train_001365,verify_synthetic,slice_overlap,không cặp nào chồng lấn ≥30%,auto,2026-09-17T05:24:22.532852+00:00
train_001368,verify_synthetic,slice_overlap,không cặp nào chồng lấn ≥30%,auto,2026-09-17T05:24:22.532852+00:00
train_001371,verify_synthetic,slice_overlap,không cặp nào chồng lấn ≥30%,auto,2026-09-17T05:24:22.532852+00:00
train_001378,verify_synthetic,slice_overlap,không cặp nào chồng lấn ≥30%,auto,2026-09-17T05:24:22.532852+00:00
train_001379,verify_synthetic,slice_overlap,không cặp nào chồng lấn ≥30%,auto,2026-09-17T05:24:22.532852+00:00
train_001382,verify_synthetic,slice_long_event,dài nhất 1.08s < 8.0s,auto,2026-09-17T05:24:22.532852+00:00
train_001382,verify_synthetic,slice_overlap,không cặp nào chồng lấn ≥30%,auto,2026-09-17T05:24:22.532852+00:00
train_001385,verify_synthetic,slice_overlap,không cặp nào chồng lấn ≥30%,auto,2026-09-17T05:24:22.532852+00:00
train_001388,verify_synthetic,slice_overlap,không cặp nào chồng lấn ≥30%,auto,2026-09-17T05:24:22.532852+00:00
train_001390,verify_synthetic,slice_overlap,không cặp nào chồng lấn ≥30%,auto,2026-09-17T05:24:22.532852+00:00
train_001396,verify_synthetic,slice_overlap,không cặp nào chồng lấn ≥30%,auto,2026-09-17T05:24:22.532852+00:00
train_001397,verify_synthetic,slice_long_event,dài nhất 1.06s < 8.0s,auto,2026-09-17T05:24:22.532852+00:00
train_001400,verify_synthetic,slice_overlap,không cặp nào chồng lấn ≥30%,auto,2026-09-17T05:24:22.532852+00:00
train_001403,verify_synthetic,slice_long_event,dài nhất 1.08s < 8.0s,auto,2026-09-17T05:24:22.532852+00:00
train_001403,verify_synthetic,slice_overlap,không cặp nào chồng lấn ≥30%,auto,2026-09-17T05:24:22.532852+00:00
train_001404,verify_synthetic,slice_long_event,dài nhất 1.02s < 8.0s,auto,2026-09-17T05:24:22.532852+00:00
train_001406,verify_synthetic,slice_long_event,dài nhất 0.95s < 8.0s,auto,2026-09-17T05:24:22.532852+00:00
train_001408,verify_synthetic,slice_overlap,không cặp nào chồng lấn ≥30%,auto,2026-09-17T05:24:22.532852+00:00
train_001409,verify_synthetic,slice_overlap,không cặp nào chồng lấn ≥30%,auto,2026-09-17T05:24:22.532852+00:00
train_001415,verify_synthetic,slice_overlap,không cặp nào chồng lấn ≥30%,auto,2026-09-17T05:24:22.532852+00:00
train_001417,verify_synthetic,slice_overlap,không cặp nào chồng lấn ≥30%,auto,2026-09-17T05:24:22.532852+00:00
train_001422,verify_synthetic,slice_long_event,dài nhất 1.06s < 8.0s,auto,2026-09-17T05:24:22.532852+00:00
train_001439,verify_synthetic,slice_overlap,không cặp nào chồng lấn ≥30%,auto,2026-09-17T05:24:22.532852+00:00
train_001443,verify_synthetic,slice_overlap,không cặp nào chồng lấn ≥30%,auto,2026-09-17T05:24:22.532852+00:00
train_001446,verify_synthetic,slice_overlap,không cặp nào chồng lấn ≥30%,auto,2026-09-17T05:24:22.532852+00:00
train_001447,verify_synthetic,slice_long_event,dài nhất 1.09s < 8.0s,auto,2026-09-17T05:24:22.532852+00:00
train_001447,verify_synthetic,slice_overlap,không cặp nào chồng lấn ≥30%,auto,2026-09-17T05:24:22.532852+00:00
train_001448,verify_synthetic,slice_overlap,không cặp nào chồng lấn ≥30%,auto,2026-09-17T05:24:22.532852+00:00
train_001449,verify_synthetic,slice_overlap,không cặp nào chồng lấn ≥30%,auto,2026-09-17T05:24:22.532852+00:00
train_001458,verify_synthetic,slice_overlap,không cặp nào chồng lấn ≥30%,auto,2026-09-17T05:24:22.532852+00:00
train_001460,verify_synthetic,slice_long_event,dài nhất 0.92s < 8.0s,auto,2026-09-17T05:24:22.532852+00:00
train_001462,verify_synthetic,slice_overlap,không cặp nào chồng lấn ≥30%,auto,2026-09-17T05:24:22.532852+00:00
train_001464,verify_synthetic,slice_overlap,không cặp nào chồng lấn ≥30%,auto,2026-09-17T05:24:22.532852+00:00
train_001465,verify_synthetic,slice_overlap,không cặp nào chồng lấn ≥30%,auto,2026-09-17T05:24:22.532852+00:00
train_001475,verify_synthetic,slice_overlap,không cặp nào chồng lấn ≥30%,auto,2026-09-17T05:24:22.532852+00:00
train_001479,verify_synthetic,slice_overlap,không cặp nào chồng lấn ≥30%,auto,2026-09-17T05:24:22.532852+00:00
train_001482,verify_synthetic,slice_long_event,dài nhất 0.92s < 8.0s,auto,2026-09-17T05:24:22.532852+00:00
train_001488,verify_synthetic,slice_long_event,dài nhất 1.09s < 8.0s,auto,2026-09-17T05:24:22.532852+00:00
train_001489,verify_synthetic,slice_overlap,không cặp nào chồng lấn ≥30%,auto,2026-09-17T05:24:22.532852+00:00
train_001490,verify_synthetic,slice_long_event,dài nhất 0.90s < 8.0s,auto,2026-09-17T05:24:22.532852+00:00
train_001491,verify_synthetic,slice_long_event,dài nhất 1.00s < 8.0s,auto,2026-09-17T05:24:22.532852+00:00
train_001502,verify_synthetic,slice_overlap,không cặp nào chồng lấn ≥30%,auto,2026-09-17T05:24:22.532852+00:00
train_001508,verify_synthetic,slice_overlap,không cặp nào chồng lấn ≥30%,auto,2026-09-17T05:24:22.532852+00:00
train_001509,verify_synthetic,slice_overlap,không cặp nào chồng lấn ≥30%,auto,2026-09-17T05:24:22.532852+00:00
train_001514,verify_synthetic,slice_long_event,dài nhất 1.04s < 8.0s,auto,2026-09-17T05:24:22.532852+00:00
train_001514,verify_synthetic,slice_overlap,không cặp nào chồng lấn ≥30%,auto,2026-09-17T05:24:22.532852+00:00
train_001529,verify_synthetic,slice_overlap,không cặp nào chồng lấn ≥30%,auto,2026-09-17T05:24:22.532852+00:00
train_001532,verify_synthetic,slice_overlap,không cặp nào chồng lấn ≥30%,auto,2026-09-17T05:24:22.532852+00:00
train_001534,verify_synthetic,slice_long_event,dài nhất 1.02s < 8.0s,auto,2026-09-17T05:24:22.532852+00:00
train_001537,verify_synthetic,slice_overlap,không cặp nào chồng lấn ≥30%,auto,2026-09-17T05:24:22.532852+00:00
train_001538,verify_synthetic,slice_overlap,không cặp nào chồng lấn ≥30%,auto,2026-09-17T05:24:22.532852+00:00
train_001544,verify_synthetic,slice_overlap,không cặp nào chồng lấn ≥30%,auto,2026-09-17T05:24:22.532852+00:00
train_001547,verify_synthetic,slice_overlap,không cặp nào chồng lấn ≥30%,auto,2026-09-17T05:24:22.532852+00:00
train_001549,verify_synthetic,slice_overlap,không cặp nào chồng lấn ≥30%,auto,2026-09-17T05:24:22.532852+00:00
train_001551,verify_synthetic,slice_overlap,không cặp nào chồng lấn ≥30%,auto,2026-09-17T05:24:22.532852+00:00
train_001552,verify_synthetic,slice_long_event,dài nhất 0.96s < 8.0s,auto,2026-09-17T05:24:22.532852+00:00
train_001552,verify_synthetic,slice_overlap,không cặp nào chồng lấn ≥30%,auto,2026-09-17T05:24:22.532852+00:00
train_001554,verify_synthetic,slice_long_event,dài nhất 1.09s < 8.0s,auto,2026-09-17T05:24:22.532852+00:00
train_001554,verify_synthetic,slice_overlap,không cặp nào chồng lấn ≥30%,auto,2026-09-17T05:24:22.532852+00:00
train_001560,verify_synthetic,slice_overlap,không cặp nào chồng lấn ≥30%,auto,2026-09-17T05:24:22.532852+00:00
train_001561,verify_synthetic,slice_long_event,dài nhất 1.00s < 8.0s,auto,2026-09-17T05:24:22.532852+00:00
train_001562,verify_synthetic,slice_long_event,dài nhất 0.82s < 8.0s,auto,2026-09-17T05:24:22.532852+00:00
train_001567,verify_synthetic,slice_overlap,không cặp nào chồng lấn ≥30%,auto,2026-09-17T05:24:22.532852+00:00
train_001576,verify_synthetic,slice_overlap,không cặp nào chồng lấn ≥30%,auto,2026-09-17T05:24:22.532852+00:00
train_001577,verify_synthetic,slice_overlap,không cặp nào chồng lấn ≥30%,auto,2026-09-17T05:24:22.532852+00:00
train_001578,verify_synthetic,slice_long_event,dài nhất 1.03s < 8.0s,auto,2026-09-17T05:24:22.532852+00:00
train_001579,verify_synthetic,slice_overlap,không cặp nào chồng lấn ≥30%,auto,2026-09-17T05:24:22.532852+00:00
train_001581,verify_synthetic,slice_overlap,không cặp nào chồng lấn ≥30%,auto,2026-09-17T05:24:22.532852+00:00
train_001583,verify_synthetic,slice_overlap,không cặp nào chồng lấn ≥30%,auto,2026-09-17T05:24:22.532852+00:00
train_001594,verify_synthetic,slice_overlap,không cặp nào chồng lấn ≥30%,auto,2026-09-17T05:24:22.532852+00:00
train_001598,verify_synthetic,slice_overlap,không cặp nào chồng lấn ≥30%,auto,2026-09-17T05:24:22.532852+00:00
train_001599,verify_synthetic,slice_long_event,dài nhất 0.96s < 8.0s,auto,2026-09-17T05:24:22.532852+00:00
train_001600,verify_synthetic,slice_long_event,dài nhất 0.94s < 8.0s,auto,2026-09-17T05:24:22.532852+00:00
train_001603,verify_synthetic,slice_long_event,dài nhất 1.08s < 8.0s,auto,2026-09-17T05:24:22.532852+00:00
train_001603,verify_synthetic,slice_overlap,không cặp nào chồng lấn ≥30%,auto,2026-09-17T05:24:22.532852+00:00
train_001604,verify_synthetic,slice_overlap,không cặp nào chồng lấn ≥30%,auto,2026-09-17T05:24:22.532852+00:00
train_001607,verify_synthetic,slice_overlap,không cặp nào chồng lấn ≥30%,auto,2026-09-17T05:24:22.532852+00:00
train_001612,verify_synthetic,slice_overlap,không cặp nào chồng lấn ≥30%,auto,2026-09-17T05:24:22.532852+00:00
train_001620,verify_synthetic,slice_overlap,không cặp nào chồng lấn ≥30%,auto,2026-09-17T05:24:22.532852+00:00
train_001633,verify_synthetic,slice_overlap,không cặp nào chồng lấn ≥30%,auto,2026-09-17T05:24:22.532852+00:00
train_001634,verify_synthetic,slice_overlap,không cặp nào chồng lấn ≥30%,auto,2026-09-17T05:24:22.532852+00:00
train_001636,verify_synthetic,slice_long_event,dài nhất 1.10s < 8.0s,auto,2026-09-17T05:24:22.532852+00:00
train_001637,verify_synthetic,slice_long_event,dài nhất 1.04s < 8.0s,auto,2026-09-17T05:24:22.532852+00:00
train_001642,verify_synthetic,slice_long_event,dài nhất 1.06s < 8.0s,auto,2026-09-17T05:24:22.532852+00:00
train_001642,verify_synthetic,slice_overlap,không cặp nào chồng lấn ≥30%,auto,2026-09-17T05:24:22.532852+00:00
train_001643,verify_synthetic,slice_overlap,không cặp nào chồng lấn ≥30%,auto,2026-09-17T05:24:22.532852+00:00
train_001645,verify_synthetic,slice_overlap,không cặp nào chồng lấn ≥30%,auto,2026-09-17T05:24:22.532852+00:00
train_001657,verify_synthetic,slice_long_event,dài nhất 0.95s < 8.0s,auto,2026-09-17T05:24:22.532852+00:00
train_001663,verify_synthetic,slice_long_event,dài nhất 0.99s < 8.0s,auto,2026-09-17T05:24:22.532852+00:00
train_001663,verify_synthetic,slice_overlap,không cặp nào chồng lấn ≥30%,auto,2026-09-17T05:24:22.532852+00:00
train_001666,verify_synthetic,slice_overlap,không cặp nào chồng lấn ≥30%,auto,2026-09-17T05:24:22.532852+00:00
train_001667,verify_synthetic,slice_long_event,dài nhất 1.00s < 8.0s,auto,2026-09-17T05:24:22.532852+00:00
train_001677,verify_synthetic,slice_overlap,không cặp nào chồng lấn ≥30%,auto,2026-09-17T05:24:22.532852+00:00
train_001679,verify_synthetic,slice_overlap,không cặp nào chồng lấn ≥30%,auto,2026-09-17T05:24:22.532852+00:00
train_001681,verify_synthetic,slice_overlap,không cặp nào chồng lấn ≥30%,auto,2026-09-17T05:24:22.532852+00:00
train_001682,verify_synthetic,slice_long_event,dài nhất 1.07s < 8.0s,auto,2026-09-17T05:24:22.532852+00:00
train_001684,verify_synthetic,slice_long_event,dài nhất 0.92s < 8.0s,auto,2026-09-17T05:24:22.532852+00:00
train_001686,verify_synthetic,slice_overlap,không cặp nào chồng lấn ≥30%,auto,2026-09-17T05:24:22.532852+00:00
train_001690,verify_synthetic,slice_overlap,không cặp nào chồng lấn ≥30%,auto,2026-09-17T05:24:22.532852+00:00
train_001693,verify_synthetic,slice_long_event,dài nhất 1.06s < 8.0s,auto,2026-09-17T05:24:22.532852+00:00
train_001701,verify_synthetic,slice_overlap,không cặp nào chồng lấn ≥30%,auto,2026-09-17T05:24:22.532852+00:00
train_001711,verify_synthetic,slice_overlap,không cặp nào chồng lấn ≥30%,auto,2026-09-17T05:24:22.532852+00:00
train_001717,verify_synthetic,slice_long_event,dài nhất 1.04s < 8.0s,auto,2026-09-17T05:24:22.532852+00:00
train_001718,verify_synthetic,slice_overlap,không cặp nào chồng lấn ≥30%,auto,2026-09-17T05:24:22.532852+00:00
train_001720,verify_synthetic,slice_overlap,không cặp nào chồng lấn ≥30%,auto,2026-09-17T05:24:22.532852+00:00
train_001722,verify_synthetic,slice_overlap,không cặp nào chồng lấn ≥30%,auto,2026-09-17T05:24:22.532852+00:00
train_001724,verify_synthetic,slice_overlap,không cặp nào chồng lấn ≥30%,auto,2026-09-17T05:24:22.532852+00:00
train_001726,verify_synthetic,slice_long_event,dài nhất 1.01s < 8.0s,auto,2026-09-17T05:24:22.532852+00:00
train_001726,verify_synthetic,slice_overlap,không cặp nào chồng lấn ≥30%,auto,2026-09-17T05:24:22.532852+00:00
train_001727,verify_synthetic,slice_overlap,không cặp nào chồng lấn ≥30%,auto,2026-09-17T05:24:22.532852+00:00
train_001729,verify_synthetic,slice_long_event,dài nhất 0.92s < 8.0s,auto,2026-09-17T05:24:22.532852+00:00
train_001731,verify_synthetic,slice_overlap,không cặp nào chồng lấn ≥30%,auto,2026-09-17T05:24:22.532852+00:00
train_001734,verify_synthetic,slice_long_event,dài nhất 1.07s < 8.0s,auto,2026-09-17T05:24:22.532852+00:00
train_001734,verify_synthetic,slice_overlap,không cặp nào chồng lấn ≥30%,auto,2026-09-17T05:24:22.532852+00:00
train_001735,verify_synthetic,slice_long_event,dài nhất 1.09s < 8.0s,auto,2026-09-17T05:24:22.532852+00:00
train_001744,verify_synthetic,slice_long_event,dài nhất 1.00s < 8.0s,auto,2026-09-17T05:24:22.532852+00:00
train_001745,verify_synthetic,slice_overlap,không cặp nào chồng lấn ≥30%,auto,2026-09-17T05:24:22.532852+00:00
train_001752,verify_synthetic,slice_long_event,dài nhất 1.08s < 8.0s,auto,2026-09-17T05:24:22.532852+00:00
train_001752,verify_synthetic,slice_overlap,không cặp nào chồng lấn ≥30%,auto,2026-09-17T05:24:22.532852+00:00
train_001755,verify_synthetic,slice_overlap,không cặp nào chồng lấn ≥30%,auto,2026-09-17T05:24:22.532852+00:00
train_001756,verify_synthetic,slice_long_event,dài nhất 0.97s < 8.0s,auto,2026-09-17T05:24:22.532852+00:00
train_001757,verify_synthetic,slice_overlap,không cặp nào chồng lấn ≥30%,auto,2026-09-17T05:24:22.532852+00:00
train_001759,verify_synthetic,slice_overlap,không cặp nào chồng lấn ≥30%,auto,2026-09-17T05:24:22.532852+00:00
train_001763,verify_synthetic,slice_long_event,dài nhất 1.02s < 8.0s,auto,2026-09-17T05:24:22.532852+00:00
train_001771,verify_synthetic,slice_overlap,không cặp nào chồng lấn ≥30%,auto,2026-09-17T05:24:22.532852+00:00
train_001772,verify_synthetic,slice_long_event,dài nhất 0.95s < 8.0s,auto,2026-09-17T05:24:22.532852+00:00
train_001783,verify_synthetic,slice_long_event,dài nhất 1.05s < 8.0s,auto,2026-09-17T05:24:22.532852+00:00
train_001783,verify_synthetic,slice_overlap,không cặp nào chồng lấn ≥30%,auto,2026-09-17T05:24:22.532852+00:00
train_001788,verify_synthetic,slice_long_event,dài nhất 0.72s < 8.0s,auto,2026-09-17T05:24:22.532852+00:00
train_001793,verify_synthetic,slice_long_event,dài nhất 0.94s < 8.0s,auto,2026-09-17T05:24:22.532852+00:00
train_001800,verify_synthetic,slice_long_event,dài nhất 1.07s < 8.0s,auto,2026-09-17T05:24:22.532852+00:00
train_001800,verify_synthetic,slice_overlap,không cặp nào chồng lấn ≥30%,auto,2026-09-17T05:24:22.532852+00:00
train_001803,verify_synthetic,slice_long_event,dài nhất 1.10s < 8.0s,auto,2026-09-17T05:24:22.532852+00:00
train_001803,verify_synthetic,slice_overlap,không cặp nào chồng lấn ≥30%,auto,2026-09-17T05:24:22.532852+00:00
train_001804,verify_synthetic,slice_overlap,không cặp nào chồng lấn ≥30%,auto,2026-09-17T05:24:22.532852+00:00
train_001806,verify_synthetic,slice_long_event,dài nhất 0.99s < 8.0s,auto,2026-09-17T05:24:22.532852+00:00
train_001808,verify_synthetic,slice_overlap,không cặp nào chồng lấn ≥30%,auto,2026-09-17T05:24:22.532852+00:00
train_001809,verify_synthetic,slice_overlap,không cặp nào chồng lấn ≥30%,auto,2026-09-17T05:24:22.532852+00:00
train_001811,verify_synthetic,slice_long_event,dài nhất 0.99s < 8.0s,auto,2026-09-17T05:24:22.532852+00:00
train_001811,verify_synthetic,slice_overlap,không cặp nào chồng lấn ≥30%,auto,2026-09-17T05:24:22.532852+00:00
train_001815,verify_synthetic,slice_overlap,không cặp nào chồng lấn ≥30%,auto,2026-09-17T05:24:22.532852+00:00
train_001816,verify_synthetic,slice_overlap,không cặp nào chồng lấn ≥30%,auto,2026-09-17T05:24:22.532852+00:00
train_001820,verify_synthetic,slice_overlap,không cặp nào chồng lấn ≥30%,auto,2026-09-17T05:24:22.532852+00:00
train_001827,verify_synthetic,slice_overlap,không cặp nào chồng lấn ≥30%,auto,2026-09-17T05:24:22.532852+00:00
train_001829,verify_synthetic,slice_overlap,không cặp nào chồng lấn ≥30%,auto,2026-09-17T05:24:22.532852+00:00
train_001832,verify_synthetic,slice_overlap,không cặp nào chồng lấn ≥30%,auto,2026-09-17T05:24:22.532852+00:00
train_001833,verify_synthetic,slice_overlap,không cặp nào chồng lấn ≥30%,auto,2026-09-17T05:24:22.532852+00:00
train_001834,verify_synthetic,slice_overlap,không cặp nào chồng lấn ≥30%,auto,2026-09-17T05:24:22.532852+00:00
train_001838,verify_synthetic,slice_overlap,không cặp nào chồng lấn ≥30%,auto,2026-09-17T05:24:22.532852+00:00
train_001840,verify_synthetic,slice_overlap,không cặp nào chồng lấn ≥30%,auto,2026-09-17T05:24:22.532852+00:00
train_001842,verify_synthetic,slice_overlap,không cặp nào chồng lấn ≥30%,auto,2026-09-17T05:24:22.532852+00:00
train_001843,verify_synthetic,slice_long_event,dài nhất 1.04s < 8.0s,auto,2026-09-17T05:24:22.532852+00:00
train_001843,verify_synthetic,slice_overlap,không cặp nào chồng lấn ≥30%,auto,2026-09-17T05:24:22.532852+00:00
train_001844,verify_synthetic,slice_long_event,dài nhất 1.03s < 8.0s,auto,2026-09-17T05:24:22.532852+00:00
train_001845,verify_synthetic,slice_overlap,không cặp nào chồng lấn ≥30%,auto,2026-09-17T05:24:22.532852+00:00
train_001848,verify_synthetic,slice_overlap,không cặp nào chồng lấn ≥30%,auto,2026-09-17T05:24:22.532852+00:00
train_001853,verify_synthetic,slice_overlap,không cặp nào chồng lấn ≥30%,auto,2026-09-17T05:24:22.532852+00:00
train_001855,verify_synthetic,slice_overlap,không cặp nào chồng lấn ≥30%,auto,2026-09-17T05:24:22.532852+00:00
train_001859,verify_synthetic,slice_long_event,dài nhất 1.05s < 8.0s,auto,2026-09-17T05:24:22.532852+00:00
train_001861,verify_synthetic,slice_overlap,không cặp nào chồng lấn ≥30%,auto,2026-09-17T05:24:22.532852+00:00
train_001866,verify_synthetic,slice_long_event,dài nhất 1.00s < 8.0s,auto,2026-09-17T05:24:22.532852+00:00
train_001867,verify_synthetic,slice_overlap,không cặp nào chồng lấn ≥30%,auto,2026-09-17T05:24:22.532852+00:00
train_001868,verify_synthetic,slice_overlap,không cặp nào chồng lấn ≥30%,auto,2026-09-17T05:24:22.532852+00:00
train_001871,verify_synthetic,slice_overlap,không cặp nào chồng lấn ≥30%,auto,2026-09-17T05:24:22.532852+00:00
train_001872,verify_synthetic,slice_overlap,không cặp nào chồng lấn ≥30%,auto,2026-09-17T05:24:22.532852+00:00
train_001876,verify_synthetic,slice_overlap,không cặp nào chồng lấn ≥30%,auto,2026-09-17T05:24:22.532852+00:00
train_001877,verify_synthetic,slice_overlap,không cặp nào chồng lấn ≥30%,auto,2026-09-17T05:24:22.532852+00:00
train_001889,verify_synthetic,slice_overlap,không cặp nào chồng lấn ≥30%,auto,2026-09-17T05:24:22.532852+00:00
train_001898,verify_synthetic,slice_overlap,không cặp nào chồng lấn ≥30%,auto,2026-09-17T05:24:22.532852+00:00
train_001899,verify_synthetic,slice_overlap,không cặp nào chồng lấn ≥30%,auto,2026-09-17T05:24:22.532852+00:00
train_001901,verify_synthetic,slice_overlap,không cặp nào chồng lấn ≥30%,auto,2026-09-17T05:24:22.532852+00:00
train_001902,verify_synthetic,slice_overlap,không cặp nào chồng lấn ≥30%,auto,2026-09-17T05:24:22.532852+00:00
train_001906,verify_synthetic,slice_long_event,dài nhất 1.08s < 8.0s,auto,2026-09-17T05:24:22.532852+00:00
train_001907,verify_synthetic,slice_long_event,dài nhất 1.03s < 8.0s,auto,2026-09-17T05:24:22.532852+00:00
train_001909,verify_synthetic,slice_long_event,dài nhất 1.04s < 8.0s,auto,2026-09-17T05:24:22.532852+00:00
train_001910,verify_synthetic,slice_overlap,không cặp nào chồng lấn ≥30%,auto,2026-09-17T05:24:22.532852+00:00
train_001914,verify_synthetic,slice_overlap,không cặp nào chồng lấn ≥30%,auto,2026-09-17T05:24:22.532852+00:00
train_001917,verify_synthetic,slice_long_event,dài nhất 1.07s < 8.0s,auto,2026-09-17T05:24:22.532852+00:00
train_001925,verify_synthetic,slice_overlap,không cặp nào chồng lấn ≥30%,auto,2026-09-17T05:24:22.532852+00:00
train_001927,verify_synthetic,slice_long_event,dài nhất 1.00s < 8.0s,auto,2026-09-17T05:24:22.532852+00:00
train_001928,verify_synthetic,slice_overlap,không cặp nào chồng lấn ≥30%,auto,2026-09-17T05:24:22.532852+00:00
train_001934,verify_synthetic,slice_overlap,không cặp nào chồng lấn ≥30%,auto,2026-09-17T05:24:22.532852+00:00
train_001945,verify_synthetic,slice_overlap,không cặp nào chồng lấn ≥30%,auto,2026-09-17T05:24:22.532852+00:00
train_001949,verify_synthetic,slice_long_event,dài nhất 1.06s < 8.0s,auto,2026-09-17T05:24:22.532852+00:00
train_001958,verify_synthetic,slice_overlap,không cặp nào chồng lấn ≥30%,auto,2026-09-17T05:24:22.532852+00:00
train_001959,verify_synthetic,slice_overlap,không cặp nào chồng lấn ≥30%,auto,2026-09-17T05:24:22.532852+00:00
train_001960,verify_synthetic,slice_overlap,không cặp nào chồng lấn ≥30%,auto,2026-09-17T05:24:22.532852+00:00
train_001961,verify_synthetic,slice_overlap,không cặp nào chồng lấn ≥30%,auto,2026-09-17T05:24:22.532852+00:00
train_001962,verify_synthetic,slice_long_event,dài nhất 1.08s < 8.0s,auto,2026-09-17T05:24:22.532852+00:00
train_001962,verify_synthetic,slice_overlap,không cặp nào chồng lấn ≥30%,auto,2026-09-17T05:24:22.532852+00:00
train_001963,verify_synthetic,slice_overlap,không cặp nào chồng lấn ≥30%,auto,2026-09-17T05:24:22.532852+00:00
train_001964,verify_synthetic,slice_long_event,dài nhất 0.98s < 8.0s,auto,2026-09-17T05:24:22.532852+00:00
train_001971,verify_synthetic,slice_overlap,không cặp nào chồng lấn ≥30%,auto,2026-09-17T05:24:22.532852+00:00
train_001974,verify_synthetic,slice_overlap,không cặp nào chồng lấn ≥30%,auto,2026-09-17T05:24:22.532852+00:00
train_001981,verify_synthetic,slice_overlap,không cặp nào chồng lấn ≥30%,auto,2026-09-17T05:24:22.532852+00:00
train_001983,verify_synthetic,slice_overlap,không cặp nào chồng lấn ≥30%,auto,2026-09-17T05:24:22.532852+00:00
train_001984,verify_synthetic,slice_overlap,không cặp nào chồng lấn ≥30%,auto,2026-09-17T05:24:22.532852+00:00
train_001991,verify_synthetic,slice_overlap,không cặp nào chồng lấn ≥30%,auto,2026-09-17T05:24:22.532852+00:00
train_001992,verify_synthetic,slice_overlap,không cặp nào chồng lấn ≥30%,auto,2026-09-17T05:24:22.532852+00:00
train_001994,verify_synthetic,slice_overlap,không cặp nào chồng lấn ≥30%,auto,2026-09-17T05:24:22.532852+00:00
train_001995,verify_synthetic,slice_overlap,không cặp nào chồng lấn ≥30%,auto,2026-09-17T05:24:22.532852+00:00
train_001996,verify_synthetic,slice_overlap,không cặp nào chồng lấn ≥30%,auto,2026-09-17T05:24:22.532852+00:00
train_001997,verify_synthetic,slice_long_event,dài nhất 1.01s < 8.0s,auto,2026-09-17T05:24:22.532852+00:00
train_002004,verify_synthetic,slice_overlap,không cặp nào chồng lấn ≥30%,auto,2026-09-17T05:24:22.532852+00:00
train_002008,verify_synthetic,slice_overlap,không cặp nào chồng lấn ≥30%,auto,2026-09-17T05:24:22.532852+00:00
train_002009,verify_synthetic,slice_long_event,dài nhất 1.02s < 8.0s,auto,2026-09-17T05:24:22.532852+00:00
train_002009,verify_synthetic,slice_overlap,không cặp nào chồng lấn ≥30%,auto,2026-09-17T05:24:22.532852+00:00
train_002016,verify_synthetic,slice_overlap,không cặp nào chồng lấn ≥30%,auto,2026-09-17T05:24:22.532852+00:00
train_002017,verify_synthetic,slice_overlap,không cặp nào chồng lấn ≥30%,auto,2026-09-17T05:24:22.532852+00:00
train_002018,verify_synthetic,slice_overlap,không cặp nào chồng lấn ≥30%,auto,2026-09-17T05:24:22.532852+00:00
train_002019,verify_synthetic,slice_long_event,dài nhất 0.81s < 8.0s,auto,2026-09-17T05:24:22.532852+00:00
train_002028,verify_synthetic,slice_overlap,không cặp nào chồng lấn ≥30%,auto,2026-09-17T05:24:22.532852+00:00
train_002031,verify_synthetic,slice_overlap,không cặp nào chồng lấn ≥30%,auto,2026-09-17T05:24:22.532852+00:00
train_002033,verify_synthetic,slice_overlap,không cặp nào chồng lấn ≥30%,auto,2026-09-17T05:24:22.532852+00:00
train_002036,verify_synthetic,slice_long_event,dài nhất 0.98s < 8.0s,auto,2026-09-17T05:24:22.532852+00:00
train_002039,verify_synthetic,slice_overlap,không cặp nào chồng lấn ≥30%,auto,2026-09-17T05:24:22.532852+00:00
train_002045,verify_synthetic,slice_overlap,không cặp nào chồng lấn ≥30%,auto,2026-09-17T05:24:22.532852+00:00
train_002048,verify_synthetic,slice_overlap,không cặp nào chồng lấn ≥30%,auto,2026-09-17T05:24:22.532852+00:00
train_002051,verify_synthetic,slice_overlap,không cặp nào chồng lấn ≥30%,auto,2026-09-17T05:24:22.532852+00:00
train_002052,verify_synthetic,slice_overlap,không cặp nào chồng lấn ≥30%,auto,2026-09-17T05:24:22.532852+00:00
train_002057,verify_synthetic,slice_long_event,dài nhất 1.09s < 8.0s,auto,2026-09-17T05:24:22.532852+00:00
train_002057,verify_synthetic,slice_overlap,không cặp nào chồng lấn ≥30%,auto,2026-09-17T05:24:22.532852+00:00
train_002060,verify_synthetic,slice_long_event,dài nhất 0.92s < 8.0s,auto,2026-09-17T05:24:22.532852+00:00
train_002062,verify_synthetic,slice_overlap,không cặp nào chồng lấn ≥30%,auto,2026-09-17T05:24:22.532852+00:00
train_002064,verify_synthetic,slice_overlap,không cặp nào chồng lấn ≥30%,auto,2026-09-17T05:24:22.532852+00:00
train_002065,verify_synthetic,slice_long_event,dài nhất 1.09s < 8.0s,auto,2026-09-17T05:24:22.532852+00:00
train_002065,verify_synthetic,slice_overlap,không cặp nào chồng lấn ≥30%,auto,2026-09-17T05:24:22.532852+00:00
train_002068,verify_synthetic,slice_overlap,không cặp nào chồng lấn ≥30%,auto,2026-09-17T05:24:22.532852+00:00
train_002072,verify_synthetic,slice_overlap,không cặp nào chồng lấn ≥30%,auto,2026-09-17T05:24:22.532852+00:00
train_002077,verify_synthetic,slice_overlap,không cặp nào chồng lấn ≥30%,auto,2026-09-17T05:24:22.532852+00:00
train_002083,verify_synthetic,slice_overlap,không cặp nào chồng lấn ≥30%,auto,2026-09-17T05:24:22.532852+00:00
train_002085,verify_synthetic,slice_overlap,không cặp nào chồng lấn ≥30%,auto,2026-09-17T05:24:22.532852+00:00
train_002086,verify_synthetic,slice_overlap,không cặp nào chồng lấn ≥30%,auto,2026-09-17T05:24:22.532852+00:00
train_002087,verify_synthetic,slice_overlap,không cặp nào chồng lấn ≥30%,auto,2026-09-17T05:24:22.532852+00:00
train_002088,verify_synthetic,slice_overlap,không cặp nào chồng lấn ≥30%,auto,2026-09-17T05:24:22.532852+00:00
train_002091,verify_synthetic,slice_overlap,không cặp nào chồng lấn ≥30%,auto,2026-09-17T05:24:22.532852+00:00
train_002099,verify_synthetic,slice_overlap,không cặp nào chồng lấn ≥30%,auto,2026-09-17T05:24:22.532852+00:00
train_002101,verify_synthetic,slice_overlap,không cặp nào chồng lấn ≥30%,auto,2026-09-17T05:24:22.532852+00:00
train_002104,verify_synthetic,slice_overlap,không cặp nào chồng lấn ≥30%,auto,2026-09-17T05:24:22.532852+00:00
train_002110,verify_synthetic,slice_overlap,không cặp nào chồng lấn ≥30%,auto,2026-09-17T05:24:22.532852+00:00
train_002111,verify_synthetic,slice_long_event,dài nhất 0.97s < 8.0s,auto,2026-09-17T05:24:22.532852+00:00
train_002111,verify_synthetic,slice_overlap,không cặp nào chồng lấn ≥30%,auto,2026-09-17T05:24:22.532852+00:00
train_002113,verify_synthetic,slice_overlap,không cặp nào chồng lấn ≥30%,auto,2026-09-17T05:24:22.532852+00:00
train_002114,verify_synthetic,slice_overlap,không cặp nào chồng lấn ≥30%,auto,2026-09-17T05:24:22.532852+00:00
train_002117,verify_synthetic,slice_overlap,không cặp nào chồng lấn ≥30%,auto,2026-09-17T05:24:22.532852+00:00
train_002121,verify_synthetic,slice_long_event,dài nhất 0.96s < 8.0s,auto,2026-09-17T05:24:22.532852+00:00
train_002123,verify_synthetic,slice_long_event,dài nhất 0.81s < 8.0s,auto,2026-09-17T05:24:22.532852+00:00
train_002128,verify_synthetic,slice_overlap,không cặp nào chồng lấn ≥30%,auto,2026-09-17T05:24:22.532852+00:00
train_002130,verify_synthetic,slice_overlap,không cặp nào chồng lấn ≥30%,auto,2026-09-17T05:24:22.532852+00:00
train_002132,verify_synthetic,slice_long_event,dài nhất 0.73s < 8.0s,auto,2026-09-17T05:24:22.532852+00:00
train_002132,verify_synthetic,slice_overlap,không cặp nào chồng lấn ≥30%,auto,2026-09-17T05:24:22.532852+00:00
train_002135,verify_synthetic,slice_overlap,không cặp nào chồng lấn ≥30%,auto,2026-09-17T05:24:22.532852+00:00
train_002140,verify_synthetic,slice_overlap,không cặp nào chồng lấn ≥30%,auto,2026-09-17T05:24:22.532852+00:00
train_002146,verify_synthetic,slice_long_event,dài nhất 1.06s < 8.0s,auto,2026-09-17T05:24:22.532852+00:00
train_002147,verify_synthetic,slice_overlap,không cặp nào chồng lấn ≥30%,auto,2026-09-17T05:24:22.532852+00:00
train_002149,verify_synthetic,slice_long_event,dài nhất 0.98s < 8.0s,auto,2026-09-17T05:24:22.532852+00:00
train_002149,verify_synthetic,slice_overlap,không cặp nào chồng lấn ≥30%,auto,2026-09-17T05:24:22.532852+00:00
train_002152,verify_synthetic,slice_overlap,không cặp nào chồng lấn ≥30%,auto,2026-09-17T05:24:22.532852+00:00
train_002155,verify_synthetic,slice_overlap,không cặp nào chồng lấn ≥30%,auto,2026-09-17T05:24:22.532852+00:00
train_002159,verify_synthetic,slice_overlap,không cặp nào chồng lấn ≥30%,auto,2026-09-17T05:24:22.532852+00:00
train_002160,verify_synthetic,slice_overlap,không cặp nào chồng lấn ≥30%,auto,2026-09-17T05:24:22.532852+00:00
train_002162,verify_synthetic,slice_overlap,không cặp nào chồng lấn ≥30%,auto,2026-09-17T05:24:22.532852+00:00
train_002167,verify_synthetic,slice_overlap,không cặp nào chồng lấn ≥30%,auto,2026-09-17T05:24:22.532852+00:00
train_002171,verify_synthetic,slice_overlap,không cặp nào chồng lấn ≥30%,auto,2026-09-17T05:24:22.532852+00:00
train_002172,verify_synthetic,slice_overlap,không cặp nào chồng lấn ≥30%,auto,2026-09-17T05:24:22.532852+00:00
train_002174,verify_synthetic,slice_overlap,không cặp nào chồng lấn ≥30%,auto,2026-09-17T05:24:22.532852+00:00
train_002176,verify_synthetic,slice_overlap,không cặp nào chồng lấn ≥30%,auto,2026-09-17T05:24:22.532852+00:00
train_002181,verify_synthetic,slice_overlap,không cặp nào chồng lấn ≥30%,auto,2026-09-17T05:24:22.532852+00:00
train_002185,verify_synthetic,slice_overlap,không cặp nào chồng lấn ≥30%,auto,2026-09-17T05:24:22.532852+00:00
train_002192,verify_synthetic,slice_overlap,không cặp nào chồng lấn ≥30%,auto,2026-09-17T05:24:22.532852+00:00
train_002193,verify_synthetic,slice_long_event,dài nhất 1.00s < 8.0s,auto,2026-09-17T05:24:22.532852+00:00
train_002197,verify_synthetic,slice_overlap,không cặp nào chồng lấn ≥30%,auto,2026-09-17T05:24:22.532852+00:00
train_002200,verify_synthetic,slice_overlap,không cặp nào chồng lấn ≥30%,auto,2026-09-17T05:24:22.532852+00:00
train_002202,verify_synthetic,slice_long_event,dài nhất 0.97s < 8.0s,auto,2026-09-17T05:24:22.532852+00:00
train_002202,verify_synthetic,slice_overlap,không cặp nào chồng lấn ≥30%,auto,2026-09-17T05:24:22.532852+00:00
train_002204,verify_synthetic,slice_long_event,dài nhất 0.97s < 8.0s,auto,2026-09-17T05:24:22.532852+00:00
train_002206,verify_synthetic,slice_long_event,dài nhất 1.06s < 8.0s,auto,2026-09-17T05:24:22.532852+00:00
train_002208,verify_synthetic,slice_overlap,không cặp nào chồng lấn ≥30%,auto,2026-09-17T05:24:22.532852+00:00
train_002210,verify_synthetic,slice_overlap,không cặp nào chồng lấn ≥30%,auto,2026-09-17T05:24:22.532852+00:00
train_002213,verify_synthetic,slice_long_event,dài nhất 1.04s < 8.0s,auto,2026-09-17T05:24:22.532852+00:00
train_002215,verify_synthetic,slice_long_event,dài nhất 1.02s < 8.0s,auto,2026-09-17T05:24:22.532852+00:00
train_002217,verify_synthetic,slice_overlap,không cặp nào chồng lấn ≥30%,auto,2026-09-17T05:24:22.532852+00:00
train_002220,verify_synthetic,slice_overlap,không cặp nào chồng lấn ≥30%,auto,2026-09-17T05:24:22.532852+00:00
train_002222,verify_synthetic,slice_long_event,dài nhất 0.97s < 8.0s,auto,2026-09-17T05:24:22.532852+00:00
train_002223,verify_synthetic,slice_overlap,không cặp nào chồng lấn ≥30%,auto,2026-09-17T05:24:22.532852+00:00
train_002226,verify_synthetic,slice_overlap,không cặp nào chồng lấn ≥30%,auto,2026-09-17T05:24:22.532852+00:00
train_002228,verify_synthetic,slice_long_event,dài nhất 0.97s < 8.0s,auto,2026-09-17T05:24:22.532852+00:00
train_002234,verify_synthetic,slice_overlap,không cặp nào chồng lấn ≥30%,auto,2026-09-17T05:24:22.532852+00:00
train_002253,verify_synthetic,slice_overlap,không cặp nào chồng lấn ≥30%,auto,2026-09-17T05:24:22.532852+00:00
train_002258,verify_synthetic,slice_overlap,không cặp nào chồng lấn ≥30%,auto,2026-09-17T05:24:22.532852+00:00
train_002261,verify_synthetic,slice_overlap,không cặp nào chồng lấn ≥30%,auto,2026-09-17T05:24:22.532852+00:00
train_002262,verify_synthetic,slice_overlap,không cặp nào chồng lấn ≥30%,auto,2026-09-17T05:24:22.532852+00:00
train_002264,verify_synthetic,slice_long_event,dài nhất 1.10s < 8.0s,auto,2026-09-17T05:24:22.532852+00:00
train_002265,verify_synthetic,slice_overlap,không cặp nào chồng lấn ≥30%,auto,2026-09-17T05:24:22.532852+00:00
train_002269,verify_synthetic,slice_overlap,không cặp nào chồng lấn ≥30%,auto,2026-09-17T05:24:22.532852+00:00
train_002270,verify_synthetic,slice_overlap,không cặp nào chồng lấn ≥30%,auto,2026-09-17T05:24:22.532852+00:00
train_002272,verify_synthetic,slice_overlap,không cặp nào chồng lấn ≥30%,auto,2026-09-17T05:24:22.532852+00:00
train_002280,verify_synthetic,slice_overlap,không cặp nào chồng lấn ≥30%,auto,2026-09-17T05:24:22.532852+00:00
train_002282,verify_synthetic,slice_overlap,không cặp nào chồng lấn ≥30%,auto,2026-09-17T05:24:22.532852+00:00
train_002285,verify_synthetic,slice_overlap,không cặp nào chồng lấn ≥30%,auto,2026-09-17T05:24:22.532852+00:00
train_002286,verify_synthetic,slice_overlap,không cặp nào chồng lấn ≥30%,auto,2026-09-17T05:24:22.532852+00:00
train_002289,verify_synthetic,slice_long_event,dài nhất 1.00s < 8.0s,auto,2026-09-17T05:24:22.532852+00:00
train_002290,verify_synthetic,slice_overlap,không cặp nào chồng lấn ≥30%,auto,2026-09-17T05:24:22.532852+00:00
train_002291,verify_synthetic,slice_overlap,không cặp nào chồng lấn ≥30%,auto,2026-09-17T05:24:22.532852+00:00
train_002292,verify_synthetic,slice_overlap,không cặp nào chồng lấn ≥30%,auto,2026-09-17T05:24:22.532852+00:00
train_002296,verify_synthetic,slice_long_event,dài nhất 0.97s < 8.0s,auto,2026-09-17T05:24:22.532852+00:00
train_002298,verify_synthetic,slice_overlap,không cặp nào chồng lấn ≥30%,auto,2026-09-17T05:24:22.532852+00:00
train_002299,verify_synthetic,slice_long_event,dài nhất 1.08s < 8.0s,auto,2026-09-17T05:24:22.532852+00:00
train_002302,verify_synthetic,slice_overlap,không cặp nào chồng lấn ≥30%,auto,2026-09-17T05:24:22.532852+00:00
train_002303,verify_synthetic,slice_overlap,không cặp nào chồng lấn ≥30%,auto,2026-09-17T05:24:22.532852+00:00
train_002304,verify_synthetic,slice_overlap,không cặp nào chồng lấn ≥30%,auto,2026-09-17T05:24:22.532852+00:00
train_002305,verify_synthetic,slice_long_event,dài nhất 0.95s < 8.0s,auto,2026-09-17T05:24:22.532852+00:00
train_002305,verify_synthetic,slice_overlap,không cặp nào chồng lấn ≥30%,auto,2026-09-17T05:24:22.532852+00:00
train_002312,verify_synthetic,slice_long_event,dài nhất 1.01s < 8.0s,auto,2026-09-17T05:24:22.532852+00:00
train_002315,verify_synthetic,slice_overlap,không cặp nào chồng lấn ≥30%,auto,2026-09-17T05:24:22.532852+00:00
train_002316,verify_synthetic,slice_overlap,không cặp nào chồng lấn ≥30%,auto,2026-09-17T05:24:22.532852+00:00
train_002318,verify_synthetic,slice_long_event,dài nhất 1.10s < 8.0s,auto,2026-09-17T05:24:22.532852+00:00
train_002323,verify_synthetic,slice_long_event,dài nhất 1.07s < 8.0s,auto,2026-09-17T05:24:22.532852+00:00
train_002325,verify_synthetic,slice_overlap,không cặp nào chồng lấn ≥30%,auto,2026-09-17T05:24:22.532852+00:00
train_002327,verify_synthetic,slice_overlap,không cặp nào chồng lấn ≥30%,auto,2026-09-17T05:24:22.532852+00:00
train_002330,verify_synthetic,slice_overlap,không cặp nào chồng lấn ≥30%,auto,2026-09-17T05:24:22.532852+00:00
train_002336,verify_synthetic,slice_overlap,không cặp nào chồng lấn ≥30%,auto,2026-09-17T05:24:22.532852+00:00
train_002337,verify_synthetic,slice_overlap,không cặp nào chồng lấn ≥30%,auto,2026-09-17T05:24:22.532852+00:00
train_002346,verify_synthetic,slice_overlap,không cặp nào chồng lấn ≥30%,auto,2026-09-17T05:24:22.532852+00:00
train_002348,verify_synthetic,slice_overlap,không cặp nào chồng lấn ≥30%,auto,2026-09-17T05:24:22.532852+00:00
train_002349,verify_synthetic,slice_overlap,không cặp nào chồng lấn ≥30%,auto,2026-09-17T05:24:22.532852+00:00
train_002350,verify_synthetic,slice_long_event,dài nhất 1.10s < 8.0s,auto,2026-09-17T05:24:22.532852+00:00
train_002351,verify_synthetic,slice_overlap,không cặp nào chồng lấn ≥30%,auto,2026-09-17T05:24:22.532852+00:00
train_002353,verify_synthetic,slice_long_event,dài nhất 1.09s < 8.0s,auto,2026-09-17T05:24:22.532852+00:00
train_002354,verify_synthetic,slice_long_event,dài nhất 1.02s < 8.0s,auto,2026-09-17T05:24:22.532852+00:00
train_002355,verify_synthetic,slice_long_event,dài nhất 1.08s < 8.0s,auto,2026-09-17T05:24:22.532852+00:00
train_002355,verify_synthetic,slice_overlap,không cặp nào chồng lấn ≥30%,auto,2026-09-17T05:24:22.532852+00:00
train_002358,verify_synthetic,slice_overlap,không cặp nào chồng lấn ≥30%,auto,2026-09-17T05:24:22.532852+00:00
train_002359,verify_synthetic,slice_overlap,không cặp nào chồng lấn ≥30%,auto,2026-09-17T05:24:22.532852+00:00
train_002360,verify_synthetic,slice_overlap,không cặp nào chồng lấn ≥30%,auto,2026-09-17T05:24:22.532852+00:00
train_002364,verify_synthetic,slice_overlap,không cặp nào chồng lấn ≥30%,auto,2026-09-17T05:24:22.532852+00:00
train_002373,verify_synthetic,slice_overlap,không cặp nào chồng lấn ≥30%,auto,2026-09-17T05:24:22.532852+00:00
train_002375,verify_synthetic,slice_long_event,dài nhất 1.10s < 8.0s,auto,2026-09-17T05:24:22.532852+00:00
train_002376,verify_synthetic,slice_overlap,không cặp nào chồng lấn ≥30%,auto,2026-09-17T05:24:22.532852+00:00
train_002379,verify_synthetic,slice_overlap,không cặp nào chồng lấn ≥30%,auto,2026-09-17T05:24:22.532852+00:00
train_002381,verify_synthetic,slice_overlap,không cặp nào chồng lấn ≥30%,auto,2026-09-17T05:24:22.532852+00:00
train_002382,verify_synthetic,slice_overlap,không cặp nào chồng lấn ≥30%,auto,2026-09-17T05:24:22.532852+00:00
train_002385,verify_synthetic,slice_long_event,dài nhất 1.08s < 8.0s,auto,2026-09-17T05:24:22.532852+00:00
train_002387,verify_synthetic,slice_overlap,không cặp nào chồng lấn ≥30%,auto,2026-09-17T05:24:22.532852+00:00
train_002389,verify_synthetic,slice_overlap,không cặp nào chồng lấn ≥30%,auto,2026-09-17T05:24:22.532852+00:00
train_002392,verify_synthetic,slice_long_event,dài nhất 1.10s < 8.0s,auto,2026-09-17T05:24:22.532852+00:00
train_002394,verify_synthetic,slice_overlap,không cặp nào chồng lấn ≥30%,auto,2026-09-17T05:24:22.532852+00:00
train_002395,verify_synthetic,slice_overlap,không cặp nào chồng lấn ≥30%,auto,2026-09-17T05:24:22.532852+00:00
train_002398,verify_synthetic,slice_overlap,không cặp nào chồng lấn ≥30%,auto,2026-09-17T05:24:22.532852+00:00
train_002400,verify_synthetic,slice_overlap,không cặp nào chồng lấn ≥30%,auto,2026-09-17T05:24:22.532852+00:00
train_002405,verify_synthetic,slice_overlap,không cặp nào chồng lấn ≥30%,auto,2026-09-17T05:24:22.532852+00:00
train_002413,verify_synthetic,slice_overlap,không cặp nào chồng lấn ≥30%,auto,2026-09-17T05:24:22.532852+00:00
train_002414,verify_synthetic,slice_long_event,dài nhất 1.06s < 8.0s,auto,2026-09-17T05:24:22.532852+00:00
train_002415,verify_synthetic,slice_overlap,không cặp nào chồng lấn ≥30%,auto,2026-09-17T05:24:22.532852+00:00
train_002419,verify_synthetic,slice_overlap,không cặp nào chồng lấn ≥30%,auto,2026-09-17T05:24:22.532852+00:00
train_002421,verify_synthetic,slice_long_event,dài nhất 1.09s < 8.0s,auto,2026-09-17T05:24:22.532852+00:00
train_002422,verify_synthetic,slice_overlap,không cặp nào chồng lấn ≥30%,auto,2026-09-17T05:24:22.532852+00:00
train_002424,verify_synthetic,slice_overlap,không cặp nào chồng lấn ≥30%,auto,2026-09-17T05:24:22.532852+00:00
train_002425,verify_synthetic,slice_long_event,dài nhất 0.99s < 8.0s,auto,2026-09-17T05:24:22.532852+00:00
train_002428,verify_synthetic,slice_overlap,không cặp nào chồng lấn ≥30%,auto,2026-09-17T05:24:22.532852+00:00
train_002431,verify_synthetic,slice_overlap,không cặp nào chồng lấn ≥30%,auto,2026-09-17T05:24:22.532852+00:00
train_002432,verify_synthetic,slice_overlap,không cặp nào chồng lấn ≥30%,auto,2026-09-17T05:24:22.532852+00:00
train_002436,verify_synthetic,slice_long_event,dài nhất 0.93s < 8.0s,auto,2026-09-17T05:24:22.532852+00:00
train_002439,verify_synthetic,slice_overlap,không cặp nào chồng lấn ≥30%,auto,2026-09-17T05:24:22.532852+00:00
train_002443,verify_synthetic,slice_long_event,dài nhất 0.92s < 8.0s,auto,2026-09-17T05:24:22.532852+00:00
train_002444,verify_synthetic,slice_overlap,không cặp nào chồng lấn ≥30%,auto,2026-09-17T05:24:22.532852+00:00
train_002450,verify_synthetic,slice_long_event,dài nhất 0.98s < 8.0s,auto,2026-09-17T05:24:22.532852+00:00
train_002450,verify_synthetic,slice_overlap,không cặp nào chồng lấn ≥30%,auto,2026-09-17T05:24:22.532852+00:00
train_002451,verify_synthetic,slice_overlap,không cặp nào chồng lấn ≥30%,auto,2026-09-17T05:24:22.532852+00:00
train_002452,verify_synthetic,slice_long_event,dài nhất 0.96s < 8.0s,auto,2026-09-17T05:24:22.532852+00:00
train_002452,verify_synthetic,slice_overlap,không cặp nào chồng lấn ≥30%,auto,2026-09-17T05:24:22.532852+00:00
train_002466,verify_synthetic,slice_overlap,không cặp nào chồng lấn ≥30%,auto,2026-09-17T05:24:22.532852+00:00
train_002467,verify_synthetic,slice_overlap,không cặp nào chồng lấn ≥30%,auto,2026-09-17T05:24:22.532852+00:00
train_002471,verify_synthetic,slice_overlap,không cặp nào chồng lấn ≥30%,auto,2026-09-17T05:24:22.532852+00:00
train_002474,verify_synthetic,slice_overlap,không cặp nào chồng lấn ≥30%,auto,2026-09-17T05:24:22.532852+00:00
train_002482,verify_synthetic,slice_long_event,dài nhất 1.02s < 8.0s,auto,2026-09-17T05:24:22.532852+00:00
train_002486,verify_synthetic,slice_overlap,không cặp nào chồng lấn ≥30%,auto,2026-09-17T05:24:22.532852+00:00
train_002487,verify_synthetic,slice_overlap,không cặp nào chồng lấn ≥30%,auto,2026-09-17T05:24:22.532852+00:00
train_002488,verify_synthetic,slice_long_event,dài nhất 1.01s < 8.0s,auto,2026-09-17T05:24:22.532852+00:00
train_002489,verify_synthetic,slice_long_event,dài nhất 0.94s < 8.0s,auto,2026-09-17T05:24:22.532852+00:00
train_002490,verify_synthetic,slice_long_event,dài nhất 1.08s < 8.0s,auto,2026-09-17T05:24:22.532852+00:00
train_002491,verify_synthetic,slice_overlap,không cặp nào chồng lấn ≥30%,auto,2026-09-17T05:24:22.532852+00:00
train_002492,verify_synthetic,slice_overlap,không cặp nào chồng lấn ≥30%,auto,2026-09-17T05:24:22.532852+00:00
train_002493,verify_synthetic,slice_long_event,dài nhất 0.99s < 8.0s,auto,2026-09-17T05:24:22.532852+00:00
train_002493,verify_synthetic,slice_overlap,không cặp nào chồng lấn ≥30%,auto,2026-09-17T05:24:22.532852+00:00
train_002494,verify_synthetic,slice_long_event,dài nhất 1.07s < 8.0s,auto,2026-09-17T05:24:22.532852+00:00
train_002495,verify_synthetic,slice_overlap,không cặp nào chồng lấn ≥30%,auto,2026-09-17T05:24:22.532852+00:00
train_002496,verify_synthetic,slice_long_event,dài nhất 1.08s < 8.0s,auto,2026-09-17T05:24:22.532852+00:00
train_002496,verify_synthetic,slice_overlap,không cặp nào chồng lấn ≥30%,auto,2026-09-17T05:24:22.532852+00:00
train_002503,verify_synthetic,slice_overlap,không cặp nào chồng lấn ≥30%,auto,2026-09-17T05:24:22.532852+00:00
train_002507,verify_synthetic,slice_overlap,không cặp nào chồng lấn ≥30%,auto,2026-09-17T05:24:22.532852+00:00
train_002508,verify_synthetic,slice_long_event,dài nhất 1.07s < 8.0s,auto,2026-09-17T05:24:22.532852+00:00
train_002519,verify_synthetic,slice_overlap,không cặp nào chồng lấn ≥30%,auto,2026-09-17T05:24:22.532852+00:00
train_002520,verify_synthetic,slice_overlap,không cặp nào chồng lấn ≥30%,auto,2026-09-17T05:24:22.532852+00:00
train_002525,verify_synthetic,slice_overlap,không cặp nào chồng lấn ≥30%,auto,2026-09-17T05:24:22.532852+00:00
train_002526,verify_synthetic,slice_long_event,dài nhất 0.96s < 8.0s,auto,2026-09-17T05:24:22.532852+00:00
train_002532,verify_synthetic,slice_long_event,dài nhất 1.07s < 8.0s,auto,2026-09-17T05:24:22.532852+00:00
train_002534,verify_synthetic,slice_long_event,dài nhất 0.93s < 8.0s,auto,2026-09-17T05:24:22.532852+00:00
train_002535,verify_synthetic,slice_overlap,không cặp nào chồng lấn ≥30%,auto,2026-09-17T05:24:22.532852+00:00
train_002536,verify_synthetic,slice_overlap,không cặp nào chồng lấn ≥30%,auto,2026-09-17T05:24:22.532852+00:00
train_002543,verify_synthetic,slice_overlap,không cặp nào chồng lấn ≥30%,auto,2026-09-17T05:24:22.532852+00:00
train_002545,verify_synthetic,slice_overlap,không cặp nào chồng lấn ≥30%,auto,2026-09-17T05:24:22.532852+00:00
train_002550,verify_synthetic,slice_overlap,không cặp nào chồng lấn ≥30%,auto,2026-09-17T05:24:22.532852+00:00
train_002554,verify_synthetic,slice_overlap,không cặp nào chồng lấn ≥30%,auto,2026-09-17T05:24:22.532852+00:00
train_002560,verify_synthetic,slice_overlap,không cặp nào chồng lấn ≥30%,auto,2026-09-17T05:24:22.532852+00:00
train_002563,verify_synthetic,slice_overlap,không cặp nào chồng lấn ≥30%,auto,2026-09-17T05:24:22.532852+00:00
train_002566,verify_synthetic,slice_long_event,dài nhất 1.05s < 8.0s,auto,2026-09-17T05:24:22.532852+00:00
train_002566,verify_synthetic,slice_overlap,không cặp nào chồng lấn ≥30%,auto,2026-09-17T05:24:22.532852+00:00
train_002567,verify_synthetic,slice_long_event,dài nhất 0.95s < 8.0s,auto,2026-09-17T05:24:22.532852+00:00
train_002568,verify_synthetic,slice_overlap,không cặp nào chồng lấn ≥30%,auto,2026-09-17T05:24:22.532852+00:00
train_002574,verify_synthetic,slice_overlap,không cặp nào chồng lấn ≥30%,auto,2026-09-17T05:24:22.532852+00:00
train_002577,verify_synthetic,slice_long_event,dài nhất 0.97s < 8.0s,auto,2026-09-17T05:24:22.532852+00:00
train_002577,verify_synthetic,slice_overlap,không cặp nào chồng lấn ≥30%,auto,2026-09-17T05:24:22.532852+00:00
train_002579,verify_synthetic,slice_overlap,không cặp nào chồng lấn ≥30%,auto,2026-09-17T05:24:22.532852+00:00
train_002584,verify_synthetic,slice_overlap,không cặp nào chồng lấn ≥30%,auto,2026-09-17T05:24:22.532852+00:00
train_002592,verify_synthetic,slice_long_event,dài nhất 1.01s < 8.0s,auto,2026-09-17T05:24:22.532852+00:00
train_002594,verify_synthetic,slice_long_event,dài nhất 0.98s < 8.0s,auto,2026-09-17T05:24:22.532852+00:00
train_002595,verify_synthetic,slice_overlap,không cặp nào chồng lấn ≥30%,auto,2026-09-17T05:24:22.532852+00:00
train_002604,verify_synthetic,slice_overlap,không cặp nào chồng lấn ≥30%,auto,2026-09-17T05:24:22.532852+00:00
train_002610,verify_synthetic,slice_long_event,dài nhất 1.00s < 8.0s,auto,2026-09-17T05:24:22.532852+00:00
train_002611,verify_synthetic,slice_overlap,không cặp nào chồng lấn ≥30%,auto,2026-09-17T05:24:22.532852+00:00
train_002615,verify_synthetic,slice_overlap,không cặp nào chồng lấn ≥30%,auto,2026-09-17T05:24:22.532852+00:00
train_002622,verify_synthetic,slice_long_event,dài nhất 0.93s < 8.0s,auto,2026-09-17T05:24:22.532852+00:00
train_002627,verify_synthetic,slice_overlap,không cặp nào chồng lấn ≥30%,auto,2026-09-17T05:24:22.532852+00:00
train_002629,verify_synthetic,slice_overlap,không cặp nào chồng lấn ≥30%,auto,2026-09-17T05:24:22.532852+00:00
train_002631,verify_synthetic,slice_long_event,dài nhất 1.07s < 8.0s,auto,2026-09-17T05:24:22.532852+00:00
train_002635,verify_synthetic,slice_overlap,không cặp nào chồng lấn ≥30%,auto,2026-09-17T05:24:22.532852+00:00
train_002636,verify_synthetic,slice_overlap,không cặp nào chồng lấn ≥30%,auto,2026-09-17T05:24:22.532852+00:00
train_002639,verify_synthetic,slice_overlap,không cặp nào chồng lấn ≥30%,auto,2026-09-17T05:24:22.532852+00:00
train_002640,verify_synthetic,slice_overlap,không cặp nào chồng lấn ≥30%,auto,2026-09-17T05:24:22.532852+00:00
train_002643,verify_synthetic,slice_overlap,không cặp nào chồng lấn ≥30%,auto,2026-09-17T05:24:22.532852+00:00
train_002644,verify_synthetic,slice_overlap,không cặp nào chồng lấn ≥30%,auto,2026-09-17T05:24:22.532852+00:00
train_002645,verify_synthetic,slice_overlap,không cặp nào chồng lấn ≥30%,auto,2026-09-17T05:24:22.532852+00:00
train_002650,verify_synthetic,slice_overlap,không cặp nào chồng lấn ≥30%,auto,2026-09-17T05:24:22.532852+00:00
train_002651,verify_synthetic,slice_long_event,dài nhất 0.96s < 8.0s,auto,2026-09-17T05:24:22.532852+00:00
train_002652,verify_synthetic,slice_overlap,không cặp nào chồng lấn ≥30%,auto,2026-09-17T05:24:22.532852+00:00
train_002653,verify_synthetic,slice_overlap,không cặp nào chồng lấn ≥30%,auto,2026-09-17T05:24:22.532852+00:00
train_002655,verify_synthetic,slice_overlap,không cặp nào chồng lấn ≥30%,auto,2026-09-17T05:24:22.532852+00:00
train_002656,verify_synthetic,slice_long_event,dài nhất 0.98s < 8.0s,auto,2026-09-17T05:24:22.532852+00:00
train_002656,verify_synthetic,slice_overlap,không cặp nào chồng lấn ≥30%,auto,2026-09-17T05:24:22.532852+00:00
train_002659,verify_synthetic,slice_long_event,dài nhất 1.08s < 8.0s,auto,2026-09-17T05:24:22.532852+00:00
train_002661,verify_synthetic,slice_overlap,không cặp nào chồng lấn ≥30%,auto,2026-09-17T05:24:22.532852+00:00
train_002663,verify_synthetic,slice_long_event,dài nhất 0.91s < 8.0s,auto,2026-09-17T05:24:22.532852+00:00
train_002666,verify_synthetic,slice_overlap,không cặp nào chồng lấn ≥30%,auto,2026-09-17T05:24:22.532852+00:00
train_002672,verify_synthetic,slice_overlap,không cặp nào chồng lấn ≥30%,auto,2026-09-17T05:24:22.532852+00:00
train_002673,verify_synthetic,slice_overlap,không cặp nào chồng lấn ≥30%,auto,2026-09-17T05:24:22.532852+00:00
train_002678,verify_synthetic,slice_long_event,dài nhất 0.93s < 8.0s,auto,2026-09-17T05:24:22.532852+00:00
train_002678,verify_synthetic,slice_overlap,không cặp nào chồng lấn ≥30%,auto,2026-09-17T05:24:22.532852+00:00
train_002686,verify_synthetic,slice_overlap,không cặp nào chồng lấn ≥30%,auto,2026-09-17T05:24:22.532852+00:00
train_002687,verify_synthetic,slice_long_event,dài nhất 1.07s < 8.0s,auto,2026-09-17T05:24:22.532852+00:00
train_002689,verify_synthetic,slice_overlap,không cặp nào chồng lấn ≥30%,auto,2026-09-17T05:24:22.532852+00:00
train_002690,verify_synthetic,slice_overlap,không cặp nào chồng lấn ≥30%,auto,2026-09-17T05:24:22.532852+00:00
train_002692,verify_synthetic,slice_long_event,dài nhất 1.09s < 8.0s,auto,2026-09-17T05:24:22.532852+00:00
train_002694,verify_synthetic,slice_overlap,không cặp nào chồng lấn ≥30%,auto,2026-09-17T05:24:22.532852+00:00
train_002697,verify_synthetic,slice_long_event,dài nhất 1.10s < 8.0s,auto,2026-09-17T05:24:22.532852+00:00
train_002698,verify_synthetic,slice_long_event,dài nhất 1.03s < 8.0s,auto,2026-09-17T05:24:22.532852+00:00
train_002701,verify_synthetic,slice_overlap,không cặp nào chồng lấn ≥30%,auto,2026-09-17T05:24:22.532852+00:00
train_002705,verify_synthetic,slice_overlap,không cặp nào chồng lấn ≥30%,auto,2026-09-17T05:24:22.532852+00:00
train_002708,verify_synthetic,slice_overlap,không cặp nào chồng lấn ≥30%,auto,2026-09-17T05:24:22.532852+00:00
train_002711,verify_synthetic,slice_long_event,dài nhất 0.96s < 8.0s,auto,2026-09-17T05:24:22.532852+00:00
train_002714,verify_synthetic,slice_overlap,không cặp nào chồng lấn ≥30%,auto,2026-09-17T05:24:22.532852+00:00
train_002723,verify_synthetic,slice_overlap,không cặp nào chồng lấn ≥30%,auto,2026-09-17T05:24:22.532852+00:00
train_002730,verify_synthetic,slice_overlap,không cặp nào chồng lấn ≥30%,auto,2026-09-17T05:24:22.532852+00:00
train_002732,verify_synthetic,slice_overlap,không cặp nào chồng lấn ≥30%,auto,2026-09-17T05:24:22.532852+00:00
train_002733,verify_synthetic,slice_overlap,không cặp nào chồng lấn ≥30%,auto,2026-09-17T05:24:22.532852+00:00
train_002736,verify_synthetic,slice_long_event,dài nhất 0.95s < 8.0s,auto,2026-09-17T05:24:22.532852+00:00
train_002737,verify_synthetic,slice_overlap,không cặp nào chồng lấn ≥30%,auto,2026-09-17T05:24:22.532852+00:00
train_002743,verify_synthetic,slice_overlap,không cặp nào chồng lấn ≥30%,auto,2026-09-17T05:24:22.532852+00:00
train_002745,verify_synthetic,slice_overlap,không cặp nào chồng lấn ≥30%,auto,2026-09-17T05:24:22.532852+00:00
train_002747,verify_synthetic,slice_overlap,không cặp nào chồng lấn ≥30%,auto,2026-09-17T05:24:22.532852+00:00
train_002757,verify_synthetic,slice_overlap,không cặp nào chồng lấn ≥30%,auto,2026-09-17T05:24:22.532852+00:00
train_002759,verify_synthetic,slice_long_event,dài nhất 1.05s < 8.0s,auto,2026-09-17T05:24:22.532852+00:00
train_002759,verify_synthetic,slice_overlap,không cặp nào chồng lấn ≥30%,auto,2026-09-17T05:24:22.532852+00:00
train_002762,verify_synthetic,slice_overlap,không cặp nào chồng lấn ≥30%,auto,2026-09-17T05:24:22.532852+00:00
train_002764,verify_synthetic,slice_overlap,không cặp nào chồng lấn ≥30%,auto,2026-09-17T05:24:22.532852+00:00
train_002766,verify_synthetic,slice_overlap,không cặp nào chồng lấn ≥30%,auto,2026-09-17T05:24:22.532852+00:00
train_002768,verify_synthetic,slice_long_event,dài nhất 1.07s < 8.0s,auto,2026-09-17T05:24:22.532852+00:00
train_002769,verify_synthetic,slice_long_event,dài nhất 0.95s < 8.0s,auto,2026-09-17T05:24:22.532852+00:00
train_002772,verify_synthetic,slice_overlap,không cặp nào chồng lấn ≥30%,auto,2026-09-17T05:24:22.532852+00:00
train_002776,verify_synthetic,slice_overlap,không cặp nào chồng lấn ≥30%,auto,2026-09-17T05:24:22.532852+00:00
train_002778,verify_synthetic,slice_long_event,dài nhất 0.94s < 8.0s,auto,2026-09-17T05:24:22.532852+00:00
train_002778,verify_synthetic,slice_overlap,không cặp nào chồng lấn ≥30%,auto,2026-09-17T05:24:22.532852+00:00
train_002780,verify_synthetic,slice_overlap,không cặp nào chồng lấn ≥30%,auto,2026-09-17T05:24:22.532852+00:00
train_002781,verify_synthetic,slice_long_event,dài nhất 1.04s < 8.0s,auto,2026-09-17T05:24:22.532852+00:00
train_002781,verify_synthetic,slice_overlap,không cặp nào chồng lấn ≥30%,auto,2026-09-17T05:24:22.532852+00:00
train_002783,verify_synthetic,slice_overlap,không cặp nào chồng lấn ≥30%,auto,2026-09-17T05:24:22.532852+00:00
train_002790,verify_synthetic,slice_long_event,dài nhất 1.08s < 8.0s,auto,2026-09-17T05:24:22.532852+00:00
train_002797,verify_synthetic,slice_overlap,không cặp nào chồng lấn ≥30%,auto,2026-09-17T05:24:22.532852+00:00
train_002799,verify_synthetic,slice_overlap,không cặp nào chồng lấn ≥30%,auto,2026-09-17T05:24:22.532852+00:00
train_002800,verify_synthetic,slice_overlap,không cặp nào chồng lấn ≥30%,auto,2026-09-17T05:24:22.532852+00:00
train_002803,verify_synthetic,slice_long_event,dài nhất 1.02s < 8.0s,auto,2026-09-17T05:24:22.532852+00:00
train_002805,verify_synthetic,slice_overlap,không cặp nào chồng lấn ≥30%,auto,2026-09-17T05:24:22.532852+00:00
train_002809,verify_synthetic,slice_long_event,dài nhất 1.08s < 8.0s,auto,2026-09-17T05:24:22.532852+00:00
train_002812,verify_synthetic,slice_overlap,không cặp nào chồng lấn ≥30%,auto,2026-09-17T05:24:22.532852+00:00
train_002815,verify_synthetic,slice_long_event,dài nhất 1.09s < 8.0s,auto,2026-09-17T05:24:22.532852+00:00
train_002815,verify_synthetic,slice_overlap,không cặp nào chồng lấn ≥30%,auto,2026-09-17T05:24:22.532852+00:00
train_002817,verify_synthetic,slice_long_event,dài nhất 0.92s < 8.0s,auto,2026-09-17T05:24:22.532852+00:00
train_002818,verify_synthetic,slice_overlap,không cặp nào chồng lấn ≥30%,auto,2026-09-17T05:24:22.532852+00:00
train_002819,verify_synthetic,slice_long_event,dài nhất 1.01s < 8.0s,auto,2026-09-17T05:24:22.532852+00:00
train_002829,verify_synthetic,slice_long_event,dài nhất 0.99s < 8.0s,auto,2026-09-17T05:24:22.532852+00:00
train_002831,verify_synthetic,slice_long_event,dài nhất 1.10s < 8.0s,auto,2026-09-17T05:24:22.532852+00:00
train_002839,verify_synthetic,slice_overlap,không cặp nào chồng lấn ≥30%,auto,2026-09-17T05:24:22.532852+00:00
train_002844,verify_synthetic,slice_overlap,không cặp nào chồng lấn ≥30%,auto,2026-09-17T05:24:22.532852+00:00
train_002846,verify_synthetic,slice_overlap,không cặp nào chồng lấn ≥30%,auto,2026-09-17T05:24:22.532852+00:00
train_002848,verify_synthetic,slice_overlap,không cặp nào chồng lấn ≥30%,auto,2026-09-17T05:24:22.532852+00:00
train_002850,verify_synthetic,slice_long_event,dài nhất 1.02s < 8.0s,auto,2026-09-17T05:24:22.532852+00:00
train_002861,verify_synthetic,slice_overlap,không cặp nào chồng lấn ≥30%,auto,2026-09-17T05:24:22.532852+00:00
train_002862,verify_synthetic,slice_overlap,không cặp nào chồng lấn ≥30%,auto,2026-09-17T05:24:22.532852+00:00
train_002865,verify_synthetic,slice_overlap,không cặp nào chồng lấn ≥30%,auto,2026-09-17T05:24:22.532852+00:00
train_002868,verify_synthetic,slice_long_event,dài nhất 1.04s < 8.0s,auto,2026-09-17T05:24:22.532852+00:00
train_002870,verify_synthetic,slice_overlap,không cặp nào chồng lấn ≥30%,auto,2026-09-17T05:24:22.532852+00:00
train_002871,verify_synthetic,slice_long_event,dài nhất 0.99s < 8.0s,auto,2026-09-17T05:24:22.532852+00:00
train_002872,verify_synthetic,slice_overlap,không cặp nào chồng lấn ≥30%,auto,2026-09-17T05:24:22.532852+00:00
train_002873,verify_synthetic,slice_overlap,không cặp nào chồng lấn ≥30%,auto,2026-09-17T05:24:22.532852+00:00
train_002883,verify_synthetic,slice_long_event,dài nhất 1.06s < 8.0s,auto,2026-09-17T05:24:22.532852+00:00
train_002883,verify_synthetic,slice_overlap,không cặp nào chồng lấn ≥30%,auto,2026-09-17T05:24:22.532852+00:00
train_002885,verify_synthetic,slice_long_event,dài nhất 1.07s < 8.0s,auto,2026-09-17T05:24:22.532852+00:00
train_002889,verify_synthetic,slice_overlap,không cặp nào chồng lấn ≥30%,auto,2026-09-17T05:24:22.532852+00:00
train_002890,verify_synthetic,slice_overlap,không cặp nào chồng lấn ≥30%,auto,2026-09-17T05:24:22.532852+00:00
train_002893,verify_synthetic,slice_overlap,không cặp nào chồng lấn ≥30%,auto,2026-09-17T05:24:22.532852+00:00
train_002894,verify_synthetic,slice_long_event,dài nhất 0.94s < 8.0s,auto,2026-09-17T05:24:22.532852+00:00
train_002894,verify_synthetic,slice_overlap,không cặp nào chồng lấn ≥30%,auto,2026-09-17T05:24:22.532852+00:00
train_002895,verify_synthetic,slice_long_event,dài nhất 1.09s < 8.0s,auto,2026-09-17T05:24:22.532852+00:00
train_002897,verify_synthetic,slice_overlap,không cặp nào chồng lấn ≥30%,auto,2026-09-17T05:24:22.532852+00:00
train_002898,verify_synthetic,slice_overlap,không cặp nào chồng lấn ≥30%,auto,2026-09-17T05:24:22.532852+00:00
train_002901,verify_synthetic,slice_overlap,không cặp nào chồng lấn ≥30%,auto,2026-09-17T05:24:22.532852+00:00
train_002906,verify_synthetic,slice_overlap,không cặp nào chồng lấn ≥30%,auto,2026-09-17T05:24:22.532852+00:00
train_002909,verify_synthetic,slice_overlap,không cặp nào chồng lấn ≥30%,auto,2026-09-17T05:24:22.532852+00:00
train_002911,verify_synthetic,slice_overlap,không cặp nào chồng lấn ≥30%,auto,2026-09-17T05:24:22.532852+00:00
train_002915,verify_synthetic,slice_long_event,dài nhất 1.09s < 8.0s,auto,2026-09-17T05:24:22.532852+00:00
train_002918,verify_synthetic,slice_overlap,không cặp nào chồng lấn ≥30%,auto,2026-09-17T05:24:22.532852+00:00
train_002920,verify_synthetic,slice_overlap,không cặp nào chồng lấn ≥30%,auto,2026-09-17T05:24:22.532852+00:00
train_002921,verify_synthetic,slice_overlap,không cặp nào chồng lấn ≥30%,auto,2026-09-17T05:24:22.532852+00:00
train_002923,verify_synthetic,slice_long_event,dài nhất 0.93s < 8.0s,auto,2026-09-17T05:24:22.532852+00:00
train_002930,verify_synthetic,slice_overlap,không cặp nào chồng lấn ≥30%,auto,2026-09-17T05:24:22.532852+00:00
train_002940,verify_synthetic,slice_overlap,không cặp nào chồng lấn ≥30%,auto,2026-09-17T05:24:22.532852+00:00
train_002942,verify_synthetic,slice_overlap,không cặp nào chồng lấn ≥30%,auto,2026-09-17T05:24:22.532852+00:00
train_002945,verify_synthetic,slice_long_event,dài nhất 1.00s < 8.0s,auto,2026-09-17T05:24:22.532852+00:00
train_002953,verify_synthetic,slice_long_event,dài nhất 1.10s < 8.0s,auto,2026-09-17T05:24:22.532852+00:00
train_002953,verify_synthetic,slice_overlap,không cặp nào chồng lấn ≥30%,auto,2026-09-17T05:24:22.532852+00:00
train_002954,verify_synthetic,slice_long_event,dài nhất 1.00s < 8.0s,auto,2026-09-17T05:24:22.532852+00:00
train_002958,verify_synthetic,slice_overlap,không cặp nào chồng lấn ≥30%,auto,2026-09-17T05:24:22.532852+00:00
train_002960,verify_synthetic,slice_overlap,không cặp nào chồng lấn ≥30%,auto,2026-09-17T05:24:22.532852+00:00
train_002961,verify_synthetic,slice_overlap,không cặp nào chồng lấn ≥30%,auto,2026-09-17T05:24:22.532852+00:00
train_002970,verify_synthetic,slice_long_event,dài nhất 0.98s < 8.0s,auto,2026-09-17T05:24:22.532852+00:00
train_002973,verify_synthetic,slice_overlap,không cặp nào chồng lấn ≥30%,auto,2026-09-17T05:24:22.532852+00:00
train_002976,verify_synthetic,slice_overlap,không cặp nào chồng lấn ≥30%,auto,2026-09-17T05:24:22.532852+00:00
train_002977,verify_synthetic,slice_overlap,không cặp nào chồng lấn ≥30%,auto,2026-09-17T05:24:22.532852+00:00
train_002984,verify_synthetic,slice_overlap,không cặp nào chồng lấn ≥30%,auto,2026-09-17T05:24:22.532852+00:00
train_002990,verify_synthetic,slice_overlap,không cặp nào chồng lấn ≥30%,auto,2026-09-17T05:24:22.532852+00:00
train_002993,verify_synthetic,slice_overlap,không cặp nào chồng lấn ≥30%,auto,2026-09-17T05:24:22.532852+00:00
train_002995,verify_synthetic,slice_long_event,dài nhất 1.10s < 8.0s,auto,2026-09-17T05:24:22.532852+00:00
train_002996,verify_synthetic,slice_long_event,dài nhất 1.03s < 8.0s,auto,2026-09-17T05:24:22.532852+00:00
train_002996,verify_synthetic,slice_overlap,không cặp nào chồng lấn ≥30%,auto,2026-09-17T05:24:22.532852+00:00
train_003001,verify_synthetic,slice_long_event,dài nhất 1.06s < 8.0s,auto,2026-09-17T05:24:22.532852+00:00
train_003017,verify_synthetic,slice_long_event,dài nhất 0.79s < 8.0s,auto,2026-09-17T05:24:22.532852+00:00
train_003017,verify_synthetic,slice_overlap,không cặp nào chồng lấn ≥30%,auto,2026-09-17T05:24:22.532852+00:00
train_003025,verify_synthetic,slice_overlap,không cặp nào chồng lấn ≥30%,auto,2026-09-17T05:24:22.532852+00:00
train_003026,verify_synthetic,slice_long_event,dài nhất 0.91s < 8.0s,auto,2026-09-17T05:24:22.532852+00:00
train_003027,verify_synthetic,slice_long_event,dài nhất 1.05s < 8.0s,auto,2026-09-17T05:24:22.532852+00:00
train_003027,verify_synthetic,slice_overlap,không cặp nào chồng lấn ≥30%,auto,2026-09-17T05:24:22.532852+00:00
train_003029,verify_synthetic,slice_overlap,không cặp nào chồng lấn ≥30%,auto,2026-09-17T05:24:22.532852+00:00
train_003032,verify_synthetic,slice_overlap,không cặp nào chồng lấn ≥30%,auto,2026-09-17T05:24:22.532852+00:00
train_003033,verify_synthetic,slice_overlap,không cặp nào chồng lấn ≥30%,auto,2026-09-17T05:24:22.532852+00:00
train_003034,verify_synthetic,slice_overlap,không cặp nào chồng lấn ≥30%,auto,2026-09-17T05:24:22.532852+00:00
train_003042,verify_synthetic,slice_overlap,không cặp nào chồng lấn ≥30%,auto,2026-09-17T05:24:22.532852+00:00
train_003047,verify_synthetic,slice_overlap,không cặp nào chồng lấn ≥30%,auto,2026-09-17T05:24:22.532852+00:00
train_003049,verify_synthetic,slice_long_event,dài nhất 1.07s < 8.0s,auto,2026-09-17T05:24:22.532852+00:00
train_003056,verify_synthetic,slice_overlap,không cặp nào chồng lấn ≥30%,auto,2026-09-17T05:24:22.532852+00:00
train_003059,verify_synthetic,slice_overlap,không cặp nào chồng lấn ≥30%,auto,2026-09-17T05:24:22.532852+00:00
train_003066,verify_synthetic,slice_long_event,dài nhất 0.99s < 8.0s,auto,2026-09-17T05:24:22.532852+00:00
train_003074,verify_synthetic,slice_long_event,dài nhất 0.77s < 8.0s,auto,2026-09-17T05:24:22.532852+00:00
train_003077,verify_synthetic,slice_long_event,dài nhất 0.93s < 8.0s,auto,2026-09-17T05:24:22.532852+00:00
train_003079,verify_synthetic,slice_overlap,không cặp nào chồng lấn ≥30%,auto,2026-09-17T05:24:22.532852+00:00
train_003082,verify_synthetic,slice_long_event,dài nhất 1.09s < 8.0s,auto,2026-09-17T05:24:22.532852+00:00
train_003086,verify_synthetic,slice_overlap,không cặp nào chồng lấn ≥30%,auto,2026-09-17T05:24:22.532852+00:00
train_003097,verify_synthetic,slice_overlap,không cặp nào chồng lấn ≥30%,auto,2026-09-17T05:24:22.532852+00:00
train_003098,verify_synthetic,slice_overlap,không cặp nào chồng lấn ≥30%,auto,2026-09-17T05:24:22.532852+00:00
train_003099,verify_synthetic,slice_overlap,không cặp nào chồng lấn ≥30%,auto,2026-09-17T05:24:22.532852+00:00
train_003100,verify_synthetic,slice_overlap,không cặp nào chồng lấn ≥30%,auto,2026-09-17T05:24:22.532852+00:00
train_003102,verify_synthetic,slice_overlap,không cặp nào chồng lấn ≥30%,auto,2026-09-17T05:24:22.532852+00:00
train_003104,verify_synthetic,slice_long_event,dài nhất 1.07s < 8.0s,auto,2026-09-17T05:24:22.532852+00:00
train_003106,verify_synthetic,slice_long_event,dài nhất 0.98s < 8.0s,auto,2026-09-17T05:24:22.532852+00:00
train_003109,verify_synthetic,slice_overlap,không cặp nào chồng lấn ≥30%,auto,2026-09-17T05:24:22.532852+00:00
train_003116,verify_synthetic,slice_overlap,không cặp nào chồng lấn ≥30%,auto,2026-09-17T05:24:22.532852+00:00
train_003118,verify_synthetic,slice_overlap,không cặp nào chồng lấn ≥30%,auto,2026-09-17T05:24:22.532852+00:00
train_003122,verify_synthetic,slice_long_event,dài nhất 0.91s < 8.0s,auto,2026-09-17T05:24:22.532852+00:00
train_003122,verify_synthetic,slice_overlap,không cặp nào chồng lấn ≥30%,auto,2026-09-17T05:24:22.532852+00:00
train_003125,verify_synthetic,slice_overlap,không cặp nào chồng lấn ≥30%,auto,2026-09-17T05:24:22.532852+00:00
train_003127,verify_synthetic,slice_overlap,không cặp nào chồng lấn ≥30%,auto,2026-09-17T05:24:22.532852+00:00
train_003128,verify_synthetic,slice_overlap,không cặp nào chồng lấn ≥30%,auto,2026-09-17T05:24:22.532852+00:00
train_003143,verify_synthetic,slice_overlap,không cặp nào chồng lấn ≥30%,auto,2026-09-17T05:24:22.532852+00:00
train_003144,verify_synthetic,slice_overlap,không cặp nào chồng lấn ≥30%,auto,2026-09-17T05:24:22.532852+00:00
train_003146,verify_synthetic,slice_long_event,dài nhất 1.05s < 8.0s,auto,2026-09-17T05:24:22.532852+00:00
train_003146,verify_synthetic,slice_overlap,không cặp nào chồng lấn ≥30%,auto,2026-09-17T05:24:22.532852+00:00
train_003147,verify_synthetic,slice_overlap,không cặp nào chồng lấn ≥30%,auto,2026-09-17T05:24:22.532852+00:00
train_003153,verify_synthetic,slice_overlap,không cặp nào chồng lấn ≥30%,auto,2026-09-17T05:24:22.532852+00:00
train_003154,verify_synthetic,slice_overlap,không cặp nào chồng lấn ≥30%,auto,2026-09-17T05:24:22.532852+00:00
train_003155,verify_synthetic,slice_overlap,không cặp nào chồng lấn ≥30%,auto,2026-09-17T05:24:22.532852+00:00
train_003156,verify_synthetic,slice_overlap,không cặp nào chồng lấn ≥30%,auto,2026-09-17T05:24:22.532852+00:00
train_003158,verify_synthetic,slice_long_event,dài nhất 0.95s < 8.0s,auto,2026-09-17T05:24:22.532852+00:00
train_003161,verify_synthetic,slice_overlap,không cặp nào chồng lấn ≥30%,auto,2026-09-17T05:24:22.532852+00:00
train_003168,verify_synthetic,slice_overlap,không cặp nào chồng lấn ≥30%,auto,2026-09-17T05:24:22.532852+00:00
train_003177,verify_synthetic,slice_long_event,dài nhất 1.03s < 8.0s,auto,2026-09-17T05:24:22.532852+00:00
train_003177,verify_synthetic,slice_overlap,không cặp nào chồng lấn ≥30%,auto,2026-09-17T05:24:22.532852+00:00
train_003178,verify_synthetic,slice_overlap,không cặp nào chồng lấn ≥30%,auto,2026-09-17T05:24:22.532852+00:00
train_003184,verify_synthetic,slice_overlap,không cặp nào chồng lấn ≥30%,auto,2026-09-17T05:24:22.532852+00:00
train_003188,verify_synthetic,slice_long_event,dài nhất 0.99s < 8.0s,auto,2026-09-17T05:24:22.532852+00:00
train_003192,verify_synthetic,slice_overlap,không cặp nào chồng lấn ≥30%,auto,2026-09-17T05:24:22.532852+00:00
train_003197,verify_synthetic,slice_overlap,không cặp nào chồng lấn ≥30%,auto,2026-09-17T05:24:22.532852+00:00
train_003202,verify_synthetic,slice_overlap,không cặp nào chồng lấn ≥30%,auto,2026-09-17T05:24:22.532852+00:00
train_003208,verify_synthetic,slice_long_event,dài nhất 1.08s < 8.0s,auto,2026-09-17T05:24:22.532852+00:00
train_003209,verify_synthetic,slice_long_event,dài nhất 0.98s < 8.0s,auto,2026-09-17T05:24:22.532852+00:00
train_003211,verify_synthetic,slice_long_event,dài nhất 1.04s < 8.0s,auto,2026-09-17T05:24:22.532852+00:00
train_003213,verify_synthetic,slice_overlap,không cặp nào chồng lấn ≥30%,auto,2026-09-17T05:24:22.532852+00:00
train_003214,verify_synthetic,slice_long_event,dài nhất 1.06s < 8.0s,auto,2026-09-17T05:24:22.532852+00:00
train_003218,verify_synthetic,slice_overlap,không cặp nào chồng lấn ≥30%,auto,2026-09-17T05:24:22.532852+00:00
train_003221,verify_synthetic,slice_overlap,không cặp nào chồng lấn ≥30%,auto,2026-09-17T05:24:22.532852+00:00
train_003226,verify_synthetic,slice_overlap,không cặp nào chồng lấn ≥30%,auto,2026-09-17T05:24:22.532852+00:00
train_003228,verify_synthetic,slice_overlap,không cặp nào chồng lấn ≥30%,auto,2026-09-17T05:24:22.532852+00:00
train_003230,verify_synthetic,slice_long_event,dài nhất 0.99s < 8.0s,auto,2026-09-17T05:24:22.532852+00:00
train_003235,verify_synthetic,slice_long_event,dài nhất 0.99s < 8.0s,auto,2026-09-17T05:24:22.532852+00:00
train_003235,verify_synthetic,slice_overlap,không cặp nào chồng lấn ≥30%,auto,2026-09-17T05:24:22.532852+00:00
train_003237,verify_synthetic,slice_overlap,không cặp nào chồng lấn ≥30%,auto,2026-09-17T05:24:22.532852+00:00
train_003242,verify_synthetic,slice_overlap,không cặp nào chồng lấn ≥30%,auto,2026-09-17T05:24:22.532852+00:00
train_003243,verify_synthetic,slice_overlap,không cặp nào chồng lấn ≥30%,auto,2026-09-17T05:24:22.532852+00:00
train_003244,verify_synthetic,slice_overlap,không cặp nào chồng lấn ≥30%,auto,2026-09-17T05:24:22.532852+00:00
train_003247,verify_synthetic,slice_long_event,dài nhất 1.09s < 8.0s,auto,2026-09-17T05:24:22.532852+00:00
train_003248,verify_synthetic,slice_overlap,không cặp nào chồng lấn ≥30%,auto,2026-09-17T05:24:22.532852+00:00
train_003250,verify_synthetic,slice_overlap,không cặp nào chồng lấn ≥30%,auto,2026-09-17T05:24:22.532852+00:00
train_003253,verify_synthetic,slice_overlap,không cặp nào chồng lấn ≥30%,auto,2026-09-17T05:24:22.532852+00:00
train_003254,verify_synthetic,slice_overlap,không cặp nào chồng lấn ≥30%,auto,2026-09-17T05:24:22.532852+00:00
train_003257,verify_synthetic,slice_overlap,không cặp nào chồng lấn ≥30%,auto,2026-09-17T05:24:22.532852+00:00
train_003258,verify_synthetic,slice_overlap,không cặp nào chồng lấn ≥30%,auto,2026-09-17T05:24:22.532852+00:00
train_003261,verify_synthetic,slice_overlap,không cặp nào chồng lấn ≥30%,auto,2026-09-17T05:24:22.532852+00:00
train_003263,verify_synthetic,slice_overlap,không cặp nào chồng lấn ≥30%,auto,2026-09-17T05:24:22.532852+00:00
train_003277,verify_synthetic,slice_overlap,không cặp nào chồng lấn ≥30%,auto,2026-09-17T05:24:22.532852+00:00
train_003281,verify_synthetic,slice_overlap,không cặp nào chồng lấn ≥30%,auto,2026-09-17T05:24:22.532852+00:00
train_003285,verify_synthetic,slice_overlap,không cặp nào chồng lấn ≥30%,auto,2026-09-17T05:24:22.532852+00:00
train_003287,verify_synthetic,slice_overlap,không cặp nào chồng lấn ≥30%,auto,2026-09-17T05:24:22.532852+00:00
train_003289,verify_synthetic,slice_overlap,không cặp nào chồng lấn ≥30%,auto,2026-09-17T05:24:22.532852+00:00
train_003290,verify_synthetic,slice_long_event,dài nhất 0.93s < 8.0s,auto,2026-09-17T05:24:22.532852+00:00
train_003290,verify_synthetic,slice_overlap,không cặp nào chồng lấn ≥30%,auto,2026-09-17T05:24:22.532852+00:00
train_003291,verify_synthetic,slice_long_event,dài nhất 1.04s < 8.0s,auto,2026-09-17T05:24:22.532852+00:00
train_003291,verify_synthetic,slice_overlap,không cặp nào chồng lấn ≥30%,auto,2026-09-17T05:24:22.532852+00:00
train_003292,verify_synthetic,slice_long_event,dài nhất 1.05s < 8.0s,auto,2026-09-17T05:24:22.532852+00:00
train_003296,verify_synthetic,slice_overlap,không cặp nào chồng lấn ≥30%,auto,2026-09-17T05:24:22.532852+00:00
train_003302,verify_synthetic,slice_overlap,không cặp nào chồng lấn ≥30%,auto,2026-09-17T05:24:22.532852+00:00
train_003307,verify_synthetic,slice_overlap,không cặp nào chồng lấn ≥30%,auto,2026-09-17T05:24:22.532852+00:00
train_003310,verify_synthetic,slice_overlap,không cặp nào chồng lấn ≥30%,auto,2026-09-17T05:24:22.532852+00:00
train_003311,verify_synthetic,slice_overlap,không cặp nào chồng lấn ≥30%,auto,2026-09-17T05:24:22.532852+00:00
train_003312,verify_synthetic,slice_overlap,không cặp nào chồng lấn ≥30%,auto,2026-09-17T05:24:22.532852+00:00
train_003315,verify_synthetic,slice_overlap,không cặp nào chồng lấn ≥30%,auto,2026-09-17T05:24:22.532852+00:00
train_003319,verify_synthetic,slice_long_event,dài nhất 1.01s < 8.0s,auto,2026-09-17T05:24:22.532852+00:00
train_003327,verify_synthetic,slice_overlap,không cặp nào chồng lấn ≥30%,auto,2026-09-17T05:24:22.532852+00:00
train_003328,verify_synthetic,slice_long_event,dài nhất 0.96s < 8.0s,auto,2026-09-17T05:24:22.532852+00:00
train_003331,verify_synthetic,slice_long_event,dài nhất 1.07s < 8.0s,auto,2026-09-17T05:24:22.532852+00:00
train_003331,verify_synthetic,slice_overlap,không cặp nào chồng lấn ≥30%,auto,2026-09-17T05:24:22.532852+00:00
train_003335,verify_synthetic,slice_long_event,dài nhất 1.03s < 8.0s,auto,2026-09-17T05:24:22.532852+00:00
train_003336,verify_synthetic,slice_overlap,không cặp nào chồng lấn ≥30%,auto,2026-09-17T05:24:22.532852+00:00
train_003339,verify_synthetic,slice_long_event,dài nhất 0.72s < 8.0s,auto,2026-09-17T05:24:22.532852+00:00
train_003340,verify_synthetic,slice_overlap,không cặp nào chồng lấn ≥30%,auto,2026-09-17T05:24:22.532852+00:00
train_003342,verify_synthetic,slice_overlap,không cặp nào chồng lấn ≥30%,auto,2026-09-17T05:24:22.532852+00:00
train_003343,verify_synthetic,slice_long_event,dài nhất 1.09s < 8.0s,auto,2026-09-17T05:24:22.532852+00:00
train_003346,verify_synthetic,slice_long_event,dài nhất 1.06s < 8.0s,auto,2026-09-17T05:24:22.532852+00:00
train_003346,verify_synthetic,slice_overlap,không cặp nào chồng lấn ≥30%,auto,2026-09-17T05:24:22.532852+00:00
train_003350,verify_synthetic,slice_long_event,dài nhất 1.07s < 8.0s,auto,2026-09-17T05:24:22.532852+00:00
train_003350,verify_synthetic,slice_overlap,không cặp nào chồng lấn ≥30%,auto,2026-09-17T05:24:22.532852+00:00
train_003353,verify_synthetic,slice_long_event,dài nhất 0.99s < 8.0s,auto,2026-09-17T05:24:22.532852+00:00
train_003354,verify_synthetic,slice_overlap,không cặp nào chồng lấn ≥30%,auto,2026-09-17T05:24:22.532852+00:00
train_003358,verify_synthetic,slice_long_event,dài nhất 0.95s < 8.0s,auto,2026-09-17T05:24:22.532852+00:00
train_003359,verify_synthetic,slice_long_event,dài nhất 1.00s < 8.0s,auto,2026-09-17T05:24:22.532852+00:00
train_003362,verify_synthetic,slice_long_event,dài nhất 0.95s < 8.0s,auto,2026-09-17T05:24:22.532852+00:00
train_003362,verify_synthetic,slice_overlap,không cặp nào chồng lấn ≥30%,auto,2026-09-17T05:24:22.532852+00:00
train_003367,verify_synthetic,slice_overlap,không cặp nào chồng lấn ≥30%,auto,2026-09-17T05:24:22.532852+00:00
train_003375,verify_synthetic,slice_overlap,không cặp nào chồng lấn ≥30%,auto,2026-09-17T05:24:22.532852+00:00
train_003376,verify_synthetic,slice_overlap,không cặp nào chồng lấn ≥30%,auto,2026-09-17T05:24:22.532852+00:00
train_003377,verify_synthetic,slice_overlap,không cặp nào chồng lấn ≥30%,auto,2026-09-17T05:24:22.532852+00:00
train_003379,verify_synthetic,slice_long_event,dài nhất 1.09s < 8.0s,auto,2026-09-17T05:24:22.532852+00:00
train_003380,verify_synthetic,slice_overlap,không cặp nào chồng lấn ≥30%,auto,2026-09-17T05:24:22.532852+00:00
train_003382,verify_synthetic,slice_overlap,không cặp nào chồng lấn ≥30%,auto,2026-09-17T05:24:22.532852+00:00
train_003385,verify_synthetic,slice_overlap,không cặp nào chồng lấn ≥30%,auto,2026-09-17T05:24:22.532852+00:00
train_003387,verify_synthetic,slice_long_event,dài nhất 1.07s < 8.0s,auto,2026-09-17T05:24:22.532852+00:00
train_003388,verify_synthetic,slice_overlap,không cặp nào chồng lấn ≥30%,auto,2026-09-17T05:24:22.532852+00:00
train_003389,verify_synthetic,slice_overlap,không cặp nào chồng lấn ≥30%,auto,2026-09-17T05:24:22.532852+00:00
train_003390,verify_synthetic,slice_overlap,không cặp nào chồng lấn ≥30%,auto,2026-09-17T05:24:22.532852+00:00
train_003399,verify_synthetic,slice_long_event,dài nhất 1.09s < 8.0s,auto,2026-09-17T05:24:22.532852+00:00
train_003402,verify_synthetic,slice_long_event,dài nhất 1.01s < 8.0s,auto,2026-09-17T05:24:22.532852+00:00
train_003407,verify_synthetic,slice_overlap,không cặp nào chồng lấn ≥30%,auto,2026-09-17T05:24:22.532852+00:00
train_003411,verify_synthetic,slice_long_event,dài nhất 1.09s < 8.0s,auto,2026-09-17T05:24:22.532852+00:00
train_003415,verify_synthetic,slice_long_event,dài nhất 0.95s < 8.0s,auto,2026-09-17T05:24:22.532852+00:00
train_003415,verify_synthetic,slice_overlap,không cặp nào chồng lấn ≥30%,auto,2026-09-17T05:24:22.532852+00:00
train_003416,verify_synthetic,slice_overlap,không cặp nào chồng lấn ≥30%,auto,2026-09-17T05:24:22.532852+00:00
train_003421,verify_synthetic,slice_long_event,dài nhất 1.07s < 8.0s,auto,2026-09-17T05:24:22.532852+00:00
train_003421,verify_synthetic,slice_overlap,không cặp nào chồng lấn ≥30%,auto,2026-09-17T05:24:22.532852+00:00
train_003423,verify_synthetic,slice_long_event,dài nhất 0.91s < 8.0s,auto,2026-09-17T05:24:22.532852+00:00
train_003424,verify_synthetic,slice_long_event,dài nhất 1.01s < 8.0s,auto,2026-09-17T05:24:22.532852+00:00
train_003426,verify_synthetic,slice_overlap,không cặp nào chồng lấn ≥30%,auto,2026-09-17T05:24:22.532852+00:00
train_003432,verify_synthetic,slice_overlap,không cặp nào chồng lấn ≥30%,auto,2026-09-17T05:24:22.532852+00:00
train_003433,verify_synthetic,slice_overlap,không cặp nào chồng lấn ≥30%,auto,2026-09-17T05:24:22.532852+00:00
train_003434,verify_synthetic,slice_overlap,không cặp nào chồng lấn ≥30%,auto,2026-09-17T05:24:22.532852+00:00
train_003438,verify_synthetic,slice_overlap,không cặp nào chồng lấn ≥30%,auto,2026-09-17T05:24:22.532852+00:00
train_003439,verify_synthetic,slice_overlap,không cặp nào chồng lấn ≥30%,auto,2026-09-17T05:24:22.532852+00:00
train_003443,verify_synthetic,slice_overlap,không cặp nào chồng lấn ≥30%,auto,2026-09-17T05:24:22.532852+00:00
train_003447,verify_synthetic,slice_overlap,không cặp nào chồng lấn ≥30%,auto,2026-09-17T05:24:22.532852+00:00
train_003458,verify_synthetic,slice_long_event,dài nhất 1.04s < 8.0s,auto,2026-09-17T05:24:22.532852+00:00
train_003460,verify_synthetic,slice_overlap,không cặp nào chồng lấn ≥30%,auto,2026-09-17T05:24:22.532852+00:00
train_003462,verify_synthetic,slice_overlap,không cặp nào chồng lấn ≥30%,auto,2026-09-17T05:24:22.532852+00:00
train_003463,verify_synthetic,slice_overlap,không cặp nào chồng lấn ≥30%,auto,2026-09-17T05:24:22.532852+00:00
train_003466,verify_synthetic,slice_overlap,không cặp nào chồng lấn ≥30%,auto,2026-09-17T05:24:22.532852+00:00
train_003469,verify_synthetic,slice_overlap,không cặp nào chồng lấn ≥30%,auto,2026-09-17T05:24:22.532852+00:00
train_003472,verify_synthetic,slice_long_event,dài nhất 1.04s < 8.0s,auto,2026-09-17T05:24:22.532852+00:00
train_003474,verify_synthetic,slice_long_event,dài nhất 0.96s < 8.0s,auto,2026-09-17T05:24:22.532852+00:00
train_003474,verify_synthetic,slice_overlap,không cặp nào chồng lấn ≥30%,auto,2026-09-17T05:24:22.532852+00:00
train_003479,verify_synthetic,slice_long_event,dài nhất 1.04s < 8.0s,auto,2026-09-17T05:24:22.532852+00:00
train_003484,verify_synthetic,slice_long_event,dài nhất 0.92s < 8.0s,auto,2026-09-17T05:24:22.532852+00:00
train_003489,verify_synthetic,slice_long_event,dài nhất 1.07s < 8.0s,auto,2026-09-17T05:24:22.532852+00:00
train_003490,verify_synthetic,slice_overlap,không cặp nào chồng lấn ≥30%,auto,2026-09-17T05:24:22.532852+00:00
train_003492,verify_synthetic,slice_long_event,dài nhất 1.02s < 8.0s,auto,2026-09-17T05:24:22.532852+00:00
train_003495,verify_synthetic,slice_overlap,không cặp nào chồng lấn ≥30%,auto,2026-09-17T05:24:22.532852+00:00
train_003496,verify_synthetic,slice_long_event,dài nhất 1.02s < 8.0s,auto,2026-09-17T05:24:22.532852+00:00
train_003501,verify_synthetic,slice_overlap,không cặp nào chồng lấn ≥30%,auto,2026-09-17T05:24:22.532852+00:00
train_003503,verify_synthetic,slice_long_event,dài nhất 1.09s < 8.0s,auto,2026-09-17T05:24:22.532852+00:00
train_003506,verify_synthetic,slice_long_event,dài nhất 1.06s < 8.0s,auto,2026-09-17T05:24:22.532852+00:00
train_003508,verify_synthetic,slice_overlap,không cặp nào chồng lấn ≥30%,auto,2026-09-17T05:24:22.532852+00:00
train_003516,verify_synthetic,slice_overlap,không cặp nào chồng lấn ≥30%,auto,2026-09-17T05:24:22.532852+00:00
train_003517,verify_synthetic,slice_overlap,không cặp nào chồng lấn ≥30%,auto,2026-09-17T05:24:22.532852+00:00
train_003519,verify_synthetic,slice_long_event,dài nhất 1.05s < 8.0s,auto,2026-09-17T05:24:22.532852+00:00
train_003524,verify_synthetic,slice_overlap,không cặp nào chồng lấn ≥30%,auto,2026-09-17T05:24:22.532852+00:00
train_003535,verify_synthetic,slice_overlap,không cặp nào chồng lấn ≥30%,auto,2026-09-17T05:24:22.532852+00:00
train_003536,verify_synthetic,slice_long_event,dài nhất 1.01s < 8.0s,auto,2026-09-17T05:24:22.532852+00:00
train_003542,verify_synthetic,slice_overlap,không cặp nào chồng lấn ≥30%,auto,2026-09-17T05:24:22.532852+00:00
train_003544,verify_synthetic,slice_overlap,không cặp nào chồng lấn ≥30%,auto,2026-09-17T05:24:22.532852+00:00
train_003546,verify_synthetic,slice_long_event,dài nhất 1.10s < 8.0s,auto,2026-09-17T05:24:22.532852+00:00
train_003548,verify_synthetic,slice_long_event,dài nhất 0.96s < 8.0s,auto,2026-09-17T05:24:22.532852+00:00
train_003556,verify_synthetic,slice_long_event,dài nhất 0.77s < 8.0s,auto,2026-09-17T05:24:22.532852+00:00
train_003557,verify_synthetic,slice_overlap,không cặp nào chồng lấn ≥30%,auto,2026-09-17T05:24:22.532852+00:00
train_003558,verify_synthetic,slice_overlap,không cặp nào chồng lấn ≥30%,auto,2026-09-17T05:24:22.532852+00:00
train_003563,verify_synthetic,slice_long_event,dài nhất 0.79s < 8.0s,auto,2026-09-17T05:24:22.532852+00:00
train_003565,verify_synthetic,slice_long_event,dài nhất 1.06s < 8.0s,auto,2026-09-17T05:24:22.532852+00:00
train_003572,verify_synthetic,slice_overlap,không cặp nào chồng lấn ≥30%,auto,2026-09-17T05:24:22.532852+00:00
train_003575,verify_synthetic,slice_overlap,không cặp nào chồng lấn ≥30%,auto,2026-09-17T05:24:22.532852+00:00
train_003576,verify_synthetic,slice_overlap,không cặp nào chồng lấn ≥30%,auto,2026-09-17T05:24:22.532852+00:00
train_003577,verify_synthetic,slice_overlap,không cặp nào chồng lấn ≥30%,auto,2026-09-17T05:24:22.532852+00:00
train_003578,verify_synthetic,slice_overlap,không cặp nào chồng lấn ≥30%,auto,2026-09-17T05:24:22.532852+00:00
train_003579,verify_synthetic,slice_long_event,dài nhất 0.96s < 8.0s,auto,2026-09-17T05:24:22.532852+00:00
train_003579,verify_synthetic,slice_overlap,không cặp nào chồng lấn ≥30%,auto,2026-09-17T05:24:22.532852+00:00
train_003583,verify_synthetic,slice_overlap,không cặp nào chồng lấn ≥30%,auto,2026-09-17T05:24:22.532852+00:00
train_003587,verify_synthetic,slice_overlap,không cặp nào chồng lấn ≥30%,auto,2026-09-17T05:24:22.532852+00:00
train_003588,verify_synthetic,slice_long_event,dài nhất 1.06s < 8.0s,auto,2026-09-17T05:24:22.532852+00:00
train_003590,verify_synthetic,slice_overlap,không cặp nào chồng lấn ≥30%,auto,2026-09-17T05:24:22.532852+00:00
train_003592,verify_synthetic,slice_overlap,không cặp nào chồng lấn ≥30%,auto,2026-09-17T05:24:22.532852+00:00
train_003594,verify_synthetic,slice_long_event,dài nhất 0.76s < 8.0s,auto,2026-09-17T05:24:22.532852+00:00
train_003594,verify_synthetic,slice_overlap,không cặp nào chồng lấn ≥30%,auto,2026-09-17T05:24:22.532852+00:00
train_003598,verify_synthetic,slice_overlap,không cặp nào chồng lấn ≥30%,auto,2026-09-17T05:24:22.532852+00:00
train_003602,verify_synthetic,slice_long_event,dài nhất 0.74s < 8.0s,auto,2026-09-17T05:24:22.532852+00:00
train_003606,verify_synthetic,slice_long_event,dài nhất 0.91s < 8.0s,auto,2026-09-17T05:24:22.532852+00:00
train_003606,verify_synthetic,slice_overlap,không cặp nào chồng lấn ≥30%,auto,2026-09-17T05:24:22.532852+00:00
train_003608,verify_synthetic,slice_overlap,không cặp nào chồng lấn ≥30%,auto,2026-09-17T05:24:22.532852+00:00
train_003610,verify_synthetic,slice_overlap,không cặp nào chồng lấn ≥30%,auto,2026-09-17T05:24:22.532852+00:00
train_003622,verify_synthetic,slice_overlap,không cặp nào chồng lấn ≥30%,auto,2026-09-17T05:24:22.532852+00:00
train_003623,verify_synthetic,slice_overlap,không cặp nào chồng lấn ≥30%,auto,2026-09-17T05:24:22.532852+00:00
train_003636,verify_synthetic,slice_overlap,không cặp nào chồng lấn ≥30%,auto,2026-09-17T05:24:22.532852+00:00
train_003637,verify_synthetic,slice_long_event,dài nhất 1.09s < 8.0s,auto,2026-09-17T05:24:22.532852+00:00
train_003638,verify_synthetic,slice_overlap,không cặp nào chồng lấn ≥30%,auto,2026-09-17T05:24:22.532852+00:00
train_003645,verify_synthetic,slice_overlap,không cặp nào chồng lấn ≥30%,auto,2026-09-17T05:24:22.532852+00:00
train_003646,verify_synthetic,slice_overlap,không cặp nào chồng lấn ≥30%,auto,2026-09-17T05:24:22.532852+00:00
train_003647,verify_synthetic,slice_long_event,dài nhất 1.04s < 8.0s,auto,2026-09-17T05:24:22.532852+00:00
train_003648,verify_synthetic,slice_overlap,không cặp nào chồng lấn ≥30%,auto,2026-09-17T05:24:22.532852+00:00
train_003652,verify_synthetic,slice_overlap,không cặp nào chồng lấn ≥30%,auto,2026-09-17T05:24:22.532852+00:00
train_003654,verify_synthetic,slice_long_event,dài nhất 1.07s < 8.0s,auto,2026-09-17T05:24:22.532852+00:00
train_003671,verify_synthetic,slice_overlap,không cặp nào chồng lấn ≥30%,auto,2026-09-17T05:24:22.532852+00:00
train_003675,verify_synthetic,slice_overlap,không cặp nào chồng lấn ≥30%,auto,2026-09-17T05:24:22.532852+00:00
train_003676,verify_synthetic,slice_overlap,không cặp nào chồng lấn ≥30%,auto,2026-09-17T05:24:22.532852+00:00
train_003677,verify_synthetic,slice_overlap,không cặp nào chồng lấn ≥30%,auto,2026-09-17T05:24:22.532852+00:00
train_003681,verify_synthetic,slice_overlap,không cặp nào chồng lấn ≥30%,auto,2026-09-17T05:24:22.532852+00:00
train_003684,verify_synthetic,slice_long_event,dài nhất 1.04s < 8.0s,auto,2026-09-17T05:24:22.532852+00:00
train_003690,verify_synthetic,slice_overlap,không cặp nào chồng lấn ≥30%,auto,2026-09-17T05:24:22.532852+00:00
train_003691,verify_synthetic,slice_long_event,dài nhất 1.02s < 8.0s,auto,2026-09-17T05:24:22.532852+00:00
train_003694,verify_synthetic,slice_long_event,dài nhất 1.01s < 8.0s,auto,2026-09-17T05:24:22.532852+00:00
train_003697,verify_synthetic,slice_overlap,không cặp nào chồng lấn ≥30%,auto,2026-09-17T05:24:22.532852+00:00
train_003698,verify_synthetic,slice_long_event,dài nhất 0.34s < 8.0s,auto,2026-09-17T05:24:22.532852+00:00
train_003699,verify_synthetic,slice_long_event,dài nhất 0.56s < 8.0s,auto,2026-09-17T05:24:22.532852+00:00
train_003699,verify_synthetic,slice_overlap,không cặp nào chồng lấn ≥30%,auto,2026-09-17T05:24:22.532852+00:00
train_003702,verify_synthetic,slice_overlap,không cặp nào chồng lấn ≥30%,auto,2026-09-17T05:24:22.532852+00:00
train_003706,verify_synthetic,slice_long_event,dài nhất 1.07s < 8.0s,auto,2026-09-17T05:24:22.532852+00:00
train_003706,verify_synthetic,slice_overlap,không cặp nào chồng lấn ≥30%,auto,2026-09-17T05:24:22.532852+00:00
train_003707,verify_synthetic,slice_overlap,không cặp nào chồng lấn ≥30%,auto,2026-09-17T05:24:22.532852+00:00
train_003708,verify_synthetic,slice_overlap,không cặp nào chồng lấn ≥30%,auto,2026-09-17T05:24:22.532852+00:00
train_003709,verify_synthetic,slice_long_event,dài nhất 0.96s < 8.0s,auto,2026-09-17T05:24:22.532852+00:00
train_003719,verify_synthetic,slice_overlap,không cặp nào chồng lấn ≥30%,auto,2026-09-17T05:24:22.532852+00:00
train_003724,verify_synthetic,slice_overlap,không cặp nào chồng lấn ≥30%,auto,2026-09-17T05:24:22.532852+00:00
train_003726,verify_synthetic,slice_overlap,không cặp nào chồng lấn ≥30%,auto,2026-09-17T05:24:22.532852+00:00
train_003729,verify_synthetic,slice_long_event,dài nhất 1.09s < 8.0s,auto,2026-09-17T05:24:22.532852+00:00
train_003737,verify_synthetic,slice_overlap,không cặp nào chồng lấn ≥30%,auto,2026-09-17T05:24:22.532852+00:00
train_003740,verify_synthetic,slice_long_event,dài nhất 0.98s < 8.0s,auto,2026-09-17T05:24:22.532852+00:00
train_003740,verify_synthetic,slice_overlap,không cặp nào chồng lấn ≥30%,auto,2026-09-17T05:24:22.532852+00:00
train_003741,verify_synthetic,slice_overlap,không cặp nào chồng lấn ≥30%,auto,2026-09-17T05:24:22.532852+00:00
train_003742,verify_synthetic,slice_long_event,dài nhất 0.67s < 8.0s,auto,2026-09-17T05:24:22.532852+00:00
train_003742,verify_synthetic,slice_overlap,không cặp nào chồng lấn ≥30%,auto,2026-09-17T05:24:22.532852+00:00
train_003746,verify_synthetic,slice_overlap,không cặp nào chồng lấn ≥30%,auto,2026-09-17T05:24:22.532852+00:00
train_003754,verify_synthetic,slice_overlap,không cặp nào chồng lấn ≥30%,auto,2026-09-17T05:24:22.532852+00:00
train_003755,verify_synthetic,slice_long_event,dài nhất 1.09s < 8.0s,auto,2026-09-17T05:24:22.532852+00:00
train_003755,verify_synthetic,slice_overlap,không cặp nào chồng lấn ≥30%,auto,2026-09-17T05:24:22.532852+00:00
train_003756,verify_synthetic,slice_overlap,không cặp nào chồng lấn ≥30%,auto,2026-09-17T05:24:22.532852+00:00
train_003761,verify_synthetic,slice_overlap,không cặp nào chồng lấn ≥30%,auto,2026-09-17T05:24:22.532852+00:00
train_003764,verify_synthetic,slice_long_event,dài nhất 1.09s < 8.0s,auto,2026-09-17T05:24:22.532852+00:00
train_003765,verify_synthetic,slice_overlap,không cặp nào chồng lấn ≥30%,auto,2026-09-17T05:24:22.532852+00:00
train_003766,verify_synthetic,slice_overlap,không cặp nào chồng lấn ≥30%,auto,2026-09-17T05:24:22.532852+00:00
train_003767,verify_synthetic,slice_long_event,dài nhất 1.08s < 8.0s,auto,2026-09-17T05:24:22.532852+00:00
train_003768,verify_synthetic,slice_overlap,không cặp nào chồng lấn ≥30%,auto,2026-09-17T05:24:22.532852+00:00
train_003775,verify_synthetic,slice_overlap,không cặp nào chồng lấn ≥30%,auto,2026-09-17T05:24:22.532852+00:00
train_003776,verify_synthetic,slice_overlap,không cặp nào chồng lấn ≥30%,auto,2026-09-17T05:24:22.532852+00:00
train_003777,verify_synthetic,slice_long_event,dài nhất 0.93s < 8.0s,auto,2026-09-17T05:24:22.532852+00:00
train_003786,verify_synthetic,slice_overlap,không cặp nào chồng lấn ≥30%,auto,2026-09-17T05:24:22.532852+00:00
train_003787,verify_synthetic,slice_overlap,không cặp nào chồng lấn ≥30%,auto,2026-09-17T05:24:22.532852+00:00
train_003788,verify_synthetic,slice_long_event,dài nhất 0.93s < 8.0s,auto,2026-09-17T05:24:22.532852+00:00
train_003789,verify_synthetic,slice_overlap,không cặp nào chồng lấn ≥30%,auto,2026-09-17T05:24:22.532852+00:00
train_003791,verify_synthetic,slice_long_event,dài nhất 1.05s < 8.0s,auto,2026-09-17T05:24:22.532852+00:00
train_003793,verify_synthetic,slice_long_event,dài nhất 0.91s < 8.0s,auto,2026-09-17T05:24:22.532852+00:00
train_003794,verify_synthetic,slice_overlap,không cặp nào chồng lấn ≥30%,auto,2026-09-17T05:24:22.532852+00:00
train_003798,verify_synthetic,slice_long_event,dài nhất 1.03s < 8.0s,auto,2026-09-17T05:24:22.532852+00:00
train_003800,verify_synthetic,slice_long_event,dài nhất 1.10s < 8.0s,auto,2026-09-17T05:24:22.532852+00:00
train_003803,verify_synthetic,slice_long_event,dài nhất 1.04s < 8.0s,auto,2026-09-17T05:24:22.532852+00:00
train_003803,verify_synthetic,slice_overlap,không cặp nào chồng lấn ≥30%,auto,2026-09-17T05:24:22.532852+00:00
train_003805,verify_synthetic,slice_overlap,không cặp nào chồng lấn ≥30%,auto,2026-09-17T05:24:22.532852+00:00
train_003807,verify_synthetic,slice_overlap,không cặp nào chồng lấn ≥30%,auto,2026-09-17T05:24:22.532852+00:00
train_003810,verify_synthetic,slice_overlap,không cặp nào chồng lấn ≥30%,auto,2026-09-17T05:24:22.532852+00:00
train_003812,verify_synthetic,slice_long_event,dài nhất 0.99s < 8.0s,auto,2026-09-17T05:24:22.532852+00:00
train_003813,verify_synthetic,slice_overlap,không cặp nào chồng lấn ≥30%,auto,2026-09-17T05:24:22.532852+00:00
train_003814,verify_synthetic,slice_overlap,không cặp nào chồng lấn ≥30%,auto,2026-09-17T05:24:22.532852+00:00
train_003817,verify_synthetic,slice_overlap,không cặp nào chồng lấn ≥30%,auto,2026-09-17T05:24:22.532852+00:00
train_003823,verify_synthetic,slice_long_event,dài nhất 1.07s < 8.0s,auto,2026-09-17T05:24:22.532852+00:00
train_003824,verify_synthetic,slice_overlap,không cặp nào chồng lấn ≥30%,auto,2026-09-17T05:24:22.532852+00:00
train_003827,verify_synthetic,slice_long_event,dài nhất 1.06s < 8.0s,auto,2026-09-17T05:24:22.532852+00:00
train_003828,verify_synthetic,slice_overlap,không cặp nào chồng lấn ≥30%,auto,2026-09-17T05:24:22.532852+00:00
train_003830,verify_synthetic,slice_long_event,dài nhất 1.02s < 8.0s,auto,2026-09-17T05:24:22.532852+00:00
train_003834,verify_synthetic,slice_overlap,không cặp nào chồng lấn ≥30%,auto,2026-09-17T05:24:22.532852+00:00
train_003838,verify_synthetic,slice_overlap,không cặp nào chồng lấn ≥30%,auto,2026-09-17T05:24:22.532852+00:00
train_003844,verify_synthetic,slice_long_event,dài nhất 1.09s < 8.0s,auto,2026-09-17T05:24:22.532852+00:00
train_003844,verify_synthetic,slice_overlap,không cặp nào chồng lấn ≥30%,auto,2026-09-17T05:24:22.532852+00:00
train_003847,verify_synthetic,slice_long_event,dài nhất 0.96s < 8.0s,auto,2026-09-17T05:24:22.532852+00:00
train_003848,verify_synthetic,slice_overlap,không cặp nào chồng lấn ≥30%,auto,2026-09-17T05:24:22.532852+00:00
train_003851,verify_synthetic,slice_overlap,không cặp nào chồng lấn ≥30%,auto,2026-09-17T05:24:22.532852+00:00
train_003852,verify_synthetic,slice_overlap,không cặp nào chồng lấn ≥30%,auto,2026-09-17T05:24:22.532852+00:00
train_003854,verify_synthetic,slice_long_event,dài nhất 1.09s < 8.0s,auto,2026-09-17T05:24:22.532852+00:00
train_003856,verify_synthetic,slice_overlap,không cặp nào chồng lấn ≥30%,auto,2026-09-17T05:24:22.532852+00:00
train_003857,verify_synthetic,slice_overlap,không cặp nào chồng lấn ≥30%,auto,2026-09-17T05:24:22.532852+00:00
train_003858,verify_synthetic,slice_overlap,không cặp nào chồng lấn ≥30%,auto,2026-09-17T05:24:22.532852+00:00
train_003860,verify_synthetic,slice_overlap,không cặp nào chồng lấn ≥30%,auto,2026-09-17T05:24:22.532852+00:00
train_003871,verify_synthetic,slice_overlap,không cặp nào chồng lấn ≥30%,auto,2026-09-17T05:24:22.532852+00:00
train_003874,verify_synthetic,slice_long_event,dài nhất 1.00s < 8.0s,auto,2026-09-17T05:24:22.532852+00:00
train_003874,verify_synthetic,slice_overlap,không cặp nào chồng lấn ≥30%,auto,2026-09-17T05:24:22.532852+00:00
train_003876,verify_synthetic,slice_overlap,không cặp nào chồng lấn ≥30%,auto,2026-09-17T05:24:22.532852+00:00
train_003879,verify_synthetic,slice_overlap,không cặp nào chồng lấn ≥30%,auto,2026-09-17T05:24:22.532852+00:00
train_003882,verify_synthetic,slice_overlap,không cặp nào chồng lấn ≥30%,auto,2026-09-17T05:24:22.532852+00:00
train_003885,verify_synthetic,slice_overlap,không cặp nào chồng lấn ≥30%,auto,2026-09-17T05:24:22.532852+00:00
train_003888,verify_synthetic,slice_long_event,dài nhất 1.01s < 8.0s,auto,2026-09-17T05:24:22.532852+00:00
train_003892,verify_synthetic,slice_overlap,không cặp nào chồng lấn ≥30%,auto,2026-09-17T05:24:22.532852+00:00
train_003893,verify_synthetic,slice_overlap,không cặp nào chồng lấn ≥30%,auto,2026-09-17T05:24:22.532852+00:00
train_003895,verify_synthetic,slice_long_event,dài nhất 1.09s < 8.0s,auto,2026-09-17T05:24:22.532852+00:00
train_003895,verify_synthetic,slice_overlap,không cặp nào chồng lấn ≥30%,auto,2026-09-17T05:24:22.532852+00:00
train_003897,verify_synthetic,slice_overlap,không cặp nào chồng lấn ≥30%,auto,2026-09-17T05:24:22.532852+00:00
train_003899,verify_synthetic,slice_overlap,không cặp nào chồng lấn ≥30%,auto,2026-09-17T05:24:22.532852+00:00
train_003908,verify_synthetic,slice_overlap,không cặp nào chồng lấn ≥30%,auto,2026-09-17T05:24:22.532852+00:00
train_003911,verify_synthetic,slice_overlap,không cặp nào chồng lấn ≥30%,auto,2026-09-17T05:24:22.532852+00:00
train_003919,verify_synthetic,slice_overlap,không cặp nào chồng lấn ≥30%,auto,2026-09-17T05:24:22.532852+00:00
train_003920,verify_synthetic,slice_overlap,không cặp nào chồng lấn ≥30%,auto,2026-09-17T05:24:22.532852+00:00
train_003923,verify_synthetic,slice_overlap,không cặp nào chồng lấn ≥30%,auto,2026-09-17T05:24:22.532852+00:00
train_003927,verify_synthetic,slice_overlap,không cặp nào chồng lấn ≥30%,auto,2026-09-17T05:24:22.532852+00:00
train_003930,verify_synthetic,slice_overlap,không cặp nào chồng lấn ≥30%,auto,2026-09-17T05:24:22.532852+00:00
train_003933,verify_synthetic,slice_overlap,không cặp nào chồng lấn ≥30%,auto,2026-09-17T05:24:22.532852+00:00
train_003934,verify_synthetic,slice_overlap,không cặp nào chồng lấn ≥30%,auto,2026-09-17T05:24:22.532852+00:00
train_003935,verify_synthetic,slice_overlap,không cặp nào chồng lấn ≥30%,auto,2026-09-17T05:24:22.532852+00:00
train_003936,verify_synthetic,slice_overlap,không cặp nào chồng lấn ≥30%,auto,2026-09-17T05:24:22.532852+00:00
train_003938,verify_synthetic,slice_overlap,không cặp nào chồng lấn ≥30%,auto,2026-09-17T05:24:22.532852+00:00
train_003942,verify_synthetic,slice_overlap,không cặp nào chồng lấn ≥30%,auto,2026-09-17T05:24:22.532852+00:00
train_003944,verify_synthetic,slice_overlap,không cặp nào chồng lấn ≥30%,auto,2026-09-17T05:24:22.532852+00:00
train_003946,verify_synthetic,slice_overlap,không cặp nào chồng lấn ≥30%,auto,2026-09-17T05:24:22.532852+00:00
train_003948,verify_synthetic,slice_long_event,dài nhất 1.06s < 8.0s,auto,2026-09-17T05:24:22.532852+00:00
train_003956,verify_synthetic,slice_overlap,không cặp nào chồng lấn ≥30%,auto,2026-09-17T05:24:22.532852+00:00
train_003958,verify_synthetic,slice_overlap,không cặp nào chồng lấn ≥30%,auto,2026-09-17T05:24:22.532852+00:00
train_003963,verify_synthetic,slice_long_event,dài nhất 0.54s < 8.0s,auto,2026-09-17T05:24:22.532852+00:00
train_003964,verify_synthetic,slice_overlap,không cặp nào chồng lấn ≥30%,auto,2026-09-17T05:24:22.532852+00:00
train_003969,verify_synthetic,slice_overlap,không cặp nào chồng lấn ≥30%,auto,2026-09-17T05:24:22.532852+00:00
train_003972,verify_synthetic,slice_overlap,không cặp nào chồng lấn ≥30%,auto,2026-09-17T05:24:22.532852+00:00
train_003974,verify_synthetic,slice_overlap,không cặp nào chồng lấn ≥30%,auto,2026-09-17T05:24:22.532852+00:00
train_003977,verify_synthetic,slice_long_event,dài nhất 1.01s < 8.0s,auto,2026-09-17T05:24:22.532852+00:00
train_003990,verify_synthetic,slice_long_event,dài nhất 0.99s < 8.0s,auto,2026-09-17T05:24:22.532852+00:00
train_003990,verify_synthetic,slice_overlap,không cặp nào chồng lấn ≥30%,auto,2026-09-17T05:24:22.532852+00:00
train_003998,verify_synthetic,slice_overlap,không cặp nào chồng lấn ≥30%,auto,2026-09-17T05:24:22.532852+00:00
train_004001,verify_synthetic,slice_long_event,dài nhất 0.91s < 8.0s,auto,2026-09-17T05:24:22.532852+00:00
train_004007,verify_synthetic,slice_long_event,dài nhất 0.95s < 8.0s,auto,2026-09-17T05:24:22.532852+00:00
train_004009,verify_synthetic,slice_overlap,không cặp nào chồng lấn ≥30%,auto,2026-09-17T05:24:22.532852+00:00
train_004015,verify_synthetic,slice_long_event,dài nhất 0.96s < 8.0s,auto,2026-09-17T05:24:22.532852+00:00
train_004016,verify_synthetic,slice_overlap,không cặp nào chồng lấn ≥30%,auto,2026-09-17T05:24:22.532852+00:00
train_004025,verify_synthetic,slice_overlap,không cặp nào chồng lấn ≥30%,auto,2026-09-17T05:24:22.532852+00:00
train_004028,verify_synthetic,slice_long_event,dài nhất 1.00s < 8.0s,auto,2026-09-17T05:24:22.532852+00:00
train_004031,verify_synthetic,slice_overlap,không cặp nào chồng lấn ≥30%,auto,2026-09-17T05:24:22.532852+00:00
train_004036,verify_synthetic,slice_long_event,dài nhất 1.05s < 8.0s,auto,2026-09-17T05:24:22.532852+00:00
train_004036,verify_synthetic,slice_overlap,không cặp nào chồng lấn ≥30%,auto,2026-09-17T05:24:22.532852+00:00
train_004040,verify_synthetic,slice_overlap,không cặp nào chồng lấn ≥30%,auto,2026-09-17T05:24:22.532852+00:00
train_004045,verify_synthetic,slice_long_event,dài nhất 0.91s < 8.0s,auto,2026-09-17T05:24:22.532852+00:00
train_004045,verify_synthetic,slice_overlap,không cặp nào chồng lấn ≥30%,auto,2026-09-17T05:24:22.532852+00:00
train_004047,verify_synthetic,slice_overlap,không cặp nào chồng lấn ≥30%,auto,2026-09-17T05:24:22.532852+00:00
train_004048,verify_synthetic,slice_overlap,không cặp nào chồng lấn ≥30%,auto,2026-09-17T05:24:22.532852+00:00
train_004053,verify_synthetic,slice_long_event,dài nhất 0.84s < 8.0s,auto,2026-09-17T05:24:22.532852+00:00
train_004057,verify_synthetic,slice_overlap,không cặp nào chồng lấn ≥30%,auto,2026-09-17T05:24:22.532852+00:00
train_004059,verify_synthetic,slice_long_event,dài nhất 1.09s < 8.0s,auto,2026-09-17T05:24:22.532852+00:00
train_004059,verify_synthetic,slice_overlap,không cặp nào chồng lấn ≥30%,auto,2026-09-17T05:24:22.532852+00:00
train_004065,verify_synthetic,slice_overlap,không cặp nào chồng lấn ≥30%,auto,2026-09-17T05:24:22.532852+00:00
train_004067,verify_synthetic,slice_long_event,dài nhất 1.04s < 8.0s,auto,2026-09-17T05:24:22.532852+00:00
train_004075,verify_synthetic,slice_overlap,không cặp nào chồng lấn ≥30%,auto,2026-09-17T05:24:22.532852+00:00
train_004078,verify_synthetic,slice_overlap,không cặp nào chồng lấn ≥30%,auto,2026-09-17T05:24:22.532852+00:00
train_004079,verify_synthetic,slice_overlap,không cặp nào chồng lấn ≥30%,auto,2026-09-17T05:24:22.532852+00:00
train_004081,verify_synthetic,slice_long_event,dài nhất 1.09s < 8.0s,auto,2026-09-17T05:24:22.532852+00:00
train_004084,verify_synthetic,slice_long_event,dài nhất 1.10s < 8.0s,auto,2026-09-17T05:24:22.532852+00:00
train_004091,verify_synthetic,slice_long_event,dài nhất 0.95s < 8.0s,auto,2026-09-17T05:24:22.532852+00:00
train_004097,verify_synthetic,slice_overlap,không cặp nào chồng lấn ≥30%,auto,2026-09-17T05:24:22.532852+00:00
train_004101,verify_synthetic,slice_overlap,không cặp nào chồng lấn ≥30%,auto,2026-09-17T05:24:22.532852+00:00
train_004106,verify_synthetic,slice_overlap,không cặp nào chồng lấn ≥30%,auto,2026-09-17T05:24:22.532852+00:00
train_004112,verify_synthetic,slice_long_event,dài nhất 0.71s < 8.0s,auto,2026-09-17T05:24:22.532852+00:00
train_004117,verify_synthetic,slice_overlap,không cặp nào chồng lấn ≥30%,auto,2026-09-17T05:24:22.532852+00:00
train_004121,verify_synthetic,slice_long_event,dài nhất 1.02s < 8.0s,auto,2026-09-17T05:24:22.532852+00:00
train_004122,verify_synthetic,slice_overlap,không cặp nào chồng lấn ≥30%,auto,2026-09-17T05:24:22.532852+00:00
train_004132,verify_synthetic,slice_overlap,không cặp nào chồng lấn ≥30%,auto,2026-09-17T05:24:22.532852+00:00
train_004133,verify_synthetic,slice_long_event,dài nhất 0.97s < 8.0s,auto,2026-09-17T05:24:22.532852+00:00
train_004133,verify_synthetic,slice_overlap,không cặp nào chồng lấn ≥30%,auto,2026-09-17T05:24:22.532852+00:00
train_004134,verify_synthetic,slice_overlap,không cặp nào chồng lấn ≥30%,auto,2026-09-17T05:24:22.532852+00:00
train_004142,verify_synthetic,slice_long_event,dài nhất 1.05s < 8.0s,auto,2026-09-17T05:24:22.532852+00:00
train_004143,verify_synthetic,slice_long_event,dài nhất 1.02s < 8.0s,auto,2026-09-17T05:24:22.532852+00:00
train_004143,verify_synthetic,slice_overlap,không cặp nào chồng lấn ≥30%,auto,2026-09-17T05:24:22.532852+00:00
train_004145,verify_synthetic,slice_overlap,không cặp nào chồng lấn ≥30%,auto,2026-09-17T05:24:22.532852+00:00
train_004146,verify_synthetic,slice_overlap,không cặp nào chồng lấn ≥30%,auto,2026-09-17T05:24:22.532852+00:00
train_004158,verify_synthetic,slice_long_event,dài nhất 1.07s < 8.0s,auto,2026-09-17T05:24:22.532852+00:00
train_004158,verify_synthetic,slice_overlap,không cặp nào chồng lấn ≥30%,auto,2026-09-17T05:24:22.532852+00:00
train_004160,verify_synthetic,slice_long_event,dài nhất 1.05s < 8.0s,auto,2026-09-17T05:24:22.532852+00:00
train_004160,verify_synthetic,slice_overlap,không cặp nào chồng lấn ≥30%,auto,2026-09-17T05:24:22.532852+00:00
train_004162,verify_synthetic,slice_overlap,không cặp nào chồng lấn ≥30%,auto,2026-09-17T05:24:22.532852+00:00
train_004163,verify_synthetic,slice_long_event,dài nhất 1.04s < 8.0s,auto,2026-09-17T05:24:22.532852+00:00
train_004164,verify_synthetic,slice_overlap,không cặp nào chồng lấn ≥30%,auto,2026-09-17T05:24:22.532852+00:00
train_004166,verify_synthetic,slice_overlap,không cặp nào chồng lấn ≥30%,auto,2026-09-17T05:24:22.532852+00:00
train_004169,verify_synthetic,slice_overlap,không cặp nào chồng lấn ≥30%,auto,2026-09-17T05:24:22.532852+00:00
train_004174,verify_synthetic,slice_overlap,không cặp nào chồng lấn ≥30%,auto,2026-09-17T05:24:22.532852+00:00
train_004180,verify_synthetic,slice_overlap,không cặp nào chồng lấn ≥30%,auto,2026-09-17T05:24:22.532852+00:00
train_004182,verify_synthetic,slice_overlap,không cặp nào chồng lấn ≥30%,auto,2026-09-17T05:24:22.532852+00:00
train_004188,verify_synthetic,slice_long_event,dài nhất 0.94s < 8.0s,auto,2026-09-17T05:24:22.532852+00:00
train_004188,verify_synthetic,slice_overlap,không cặp nào chồng lấn ≥30%,auto,2026-09-17T05:24:22.532852+00:00
train_004190,verify_synthetic,slice_overlap,không cặp nào chồng lấn ≥30%,auto,2026-09-17T05:24:22.532852+00:00
train_004191,verify_synthetic,slice_overlap,không cặp nào chồng lấn ≥30%,auto,2026-09-17T05:24:22.532852+00:00
train_004192,verify_synthetic,slice_long_event,dài nhất 0.98s < 8.0s,auto,2026-09-17T05:24:22.532852+00:00
train_004197,verify_synthetic,slice_long_event,dài nhất 1.01s < 8.0s,auto,2026-09-17T05:24:22.532852+00:00
train_004205,verify_synthetic,slice_overlap,không cặp nào chồng lấn ≥30%,auto,2026-09-17T05:24:22.532852+00:00
train_004207,verify_synthetic,slice_overlap,không cặp nào chồng lấn ≥30%,auto,2026-09-17T05:24:22.532852+00:00
train_004211,verify_synthetic,slice_overlap,không cặp nào chồng lấn ≥30%,auto,2026-09-17T05:24:22.532852+00:00
train_004212,verify_synthetic,slice_long_event,dài nhất 1.09s < 8.0s,auto,2026-09-17T05:24:22.532852+00:00
train_004216,verify_synthetic,slice_long_event,dài nhất 1.04s < 8.0s,auto,2026-09-17T05:24:22.532852+00:00
train_004216,verify_synthetic,slice_overlap,không cặp nào chồng lấn ≥30%,auto,2026-09-17T05:24:22.532852+00:00
train_004218,verify_synthetic,slice_long_event,dài nhất 1.09s < 8.0s,auto,2026-09-17T05:24:22.532852+00:00
train_004220,verify_synthetic,slice_long_event,dài nhất 0.98s < 8.0s,auto,2026-09-17T05:24:22.532852+00:00
train_004221,verify_synthetic,slice_overlap,không cặp nào chồng lấn ≥30%,auto,2026-09-17T05:24:22.532852+00:00
train_004222,verify_synthetic,slice_overlap,không cặp nào chồng lấn ≥30%,auto,2026-09-17T05:24:22.532852+00:00
train_004228,verify_synthetic,slice_overlap,không cặp nào chồng lấn ≥30%,auto,2026-09-17T05:24:22.532852+00:00
train_004236,verify_synthetic,slice_long_event,dài nhất 0.96s < 8.0s,auto,2026-09-17T05:24:22.532852+00:00
train_004246,verify_synthetic,slice_overlap,không cặp nào chồng lấn ≥30%,auto,2026-09-17T05:24:22.532852+00:00
train_004249,verify_synthetic,slice_long_event,dài nhất 0.29s < 8.0s,auto,2026-09-17T05:24:22.532852+00:00
train_004254,verify_synthetic,slice_overlap,không cặp nào chồng lấn ≥30%,auto,2026-09-17T05:24:22.532852+00:00
train_004260,verify_synthetic,slice_long_event,dài nhất 0.91s < 8.0s,auto,2026-09-17T05:24:22.532852+00:00
train_004267,verify_synthetic,slice_overlap,không cặp nào chồng lấn ≥30%,auto,2026-09-17T05:24:22.532852+00:00
train_004271,verify_synthetic,slice_long_event,dài nhất 1.09s < 8.0s,auto,2026-09-17T05:24:22.532852+00:00
train_004273,verify_synthetic,slice_overlap,không cặp nào chồng lấn ≥30%,auto,2026-09-17T05:24:22.532852+00:00
train_004274,verify_synthetic,slice_overlap,không cặp nào chồng lấn ≥30%,auto,2026-09-17T05:24:22.532852+00:00
train_004281,verify_synthetic,slice_overlap,không cặp nào chồng lấn ≥30%,auto,2026-09-17T05:24:22.532852+00:00
train_004284,verify_synthetic,slice_overlap,không cặp nào chồng lấn ≥30%,auto,2026-09-17T05:24:22.532852+00:00
train_004292,verify_synthetic,slice_overlap,không cặp nào chồng lấn ≥30%,auto,2026-09-17T05:24:22.532852+00:00
train_004298,verify_synthetic,slice_overlap,không cặp nào chồng lấn ≥30%,auto,2026-09-17T05:24:22.532852+00:00
train_004300,verify_synthetic,slice_long_event,dài nhất 1.05s < 8.0s,auto,2026-09-17T05:24:22.532852+00:00
train_004304,verify_synthetic,slice_overlap,không cặp nào chồng lấn ≥30%,auto,2026-09-17T05:24:22.532852+00:00
train_004311,verify_synthetic,slice_overlap,không cặp nào chồng lấn ≥30%,auto,2026-09-17T05:24:22.532852+00:00
train_004313,verify_synthetic,slice_overlap,không cặp nào chồng lấn ≥30%,auto,2026-09-17T05:24:22.532852+00:00
train_004315,verify_synthetic,slice_overlap,không cặp nào chồng lấn ≥30%,auto,2026-09-17T05:24:22.532852+00:00
train_004316,verify_synthetic,slice_overlap,không cặp nào chồng lấn ≥30%,auto,2026-09-17T05:24:22.532852+00:00
train_004317,verify_synthetic,slice_overlap,không cặp nào chồng lấn ≥30%,auto,2026-09-17T05:24:22.532852+00:00
train_004318,verify_synthetic,slice_overlap,không cặp nào chồng lấn ≥30%,auto,2026-09-17T05:24:22.532852+00:00
train_004324,verify_synthetic,slice_overlap,không cặp nào chồng lấn ≥30%,auto,2026-09-17T05:24:22.532852+00:00
train_004325,verify_synthetic,slice_long_event,dài nhất 0.97s < 8.0s,auto,2026-09-17T05:24:22.532852+00:00
train_004327,verify_synthetic,slice_long_event,dài nhất 1.09s < 8.0s,auto,2026-09-17T05:24:22.532852+00:00
train_004328,verify_synthetic,slice_overlap,không cặp nào chồng lấn ≥30%,auto,2026-09-17T05:24:22.532852+00:00
train_004334,verify_synthetic,slice_long_event,dài nhất 1.08s < 8.0s,auto,2026-09-17T05:24:22.532852+00:00
train_004334,verify_synthetic,slice_overlap,không cặp nào chồng lấn ≥30%,auto,2026-09-17T05:24:22.532852+00:00
train_004335,verify_synthetic,slice_overlap,không cặp nào chồng lấn ≥30%,auto,2026-09-17T05:24:22.532852+00:00
train_004336,verify_synthetic,slice_overlap,không cặp nào chồng lấn ≥30%,auto,2026-09-17T05:24:22.532852+00:00
train_004341,verify_synthetic,slice_long_event,dài nhất 0.96s < 8.0s,auto,2026-09-17T05:24:22.532852+00:00
train_004341,verify_synthetic,slice_overlap,không cặp nào chồng lấn ≥30%,auto,2026-09-17T05:24:22.532852+00:00
train_004344,verify_synthetic,slice_long_event,dài nhất 1.09s < 8.0s,auto,2026-09-17T05:24:22.532852+00:00
train_004351,verify_synthetic,slice_long_event,dài nhất 0.78s < 8.0s,auto,2026-09-17T05:24:22.532852+00:00
train_004352,verify_synthetic,slice_overlap,không cặp nào chồng lấn ≥30%,auto,2026-09-17T05:24:22.532852+00:00
train_004353,verify_synthetic,slice_overlap,không cặp nào chồng lấn ≥30%,auto,2026-09-17T05:24:22.532852+00:00
train_004356,verify_synthetic,slice_long_event,dài nhất 1.09s < 8.0s,auto,2026-09-17T05:24:22.532852+00:00
train_004364,verify_synthetic,slice_overlap,không cặp nào chồng lấn ≥30%,auto,2026-09-17T05:24:22.532852+00:00
train_004367,verify_synthetic,slice_overlap,không cặp nào chồng lấn ≥30%,auto,2026-09-17T05:24:22.532852+00:00
train_004369,verify_synthetic,slice_overlap,không cặp nào chồng lấn ≥30%,auto,2026-09-17T05:24:22.532852+00:00
train_004370,verify_synthetic,slice_long_event,dài nhất 0.96s < 8.0s,auto,2026-09-17T05:24:22.532852+00:00
train_004375,verify_synthetic,slice_long_event,dài nhất 1.09s < 8.0s,auto,2026-09-17T05:24:22.532852+00:00
train_004376,verify_synthetic,slice_overlap,không cặp nào chồng lấn ≥30%,auto,2026-09-17T05:24:22.532852+00:00
train_004377,verify_synthetic,slice_overlap,không cặp nào chồng lấn ≥30%,auto,2026-09-17T05:24:22.532852+00:00
train_004379,verify_synthetic,slice_long_event,dài nhất 1.05s < 8.0s,auto,2026-09-17T05:24:22.532852+00:00
train_004382,verify_synthetic,slice_overlap,không cặp nào chồng lấn ≥30%,auto,2026-09-17T05:24:22.532852+00:00
train_004393,verify_synthetic,slice_long_event,dài nhất 1.01s < 8.0s,auto,2026-09-17T05:24:22.532852+00:00
train_004394,verify_synthetic,slice_overlap,không cặp nào chồng lấn ≥30%,auto,2026-09-17T05:24:22.532852+00:00
train_004395,verify_synthetic,slice_long_event,dài nhất 1.07s < 8.0s,auto,2026-09-17T05:24:22.532852+00:00
train_004401,verify_synthetic,slice_long_event,dài nhất 1.03s < 8.0s,auto,2026-09-17T05:24:22.532852+00:00
train_004403,verify_synthetic,slice_long_event,dài nhất 0.98s < 8.0s,auto,2026-09-17T05:24:22.532852+00:00
train_004403,verify_synthetic,slice_overlap,không cặp nào chồng lấn ≥30%,auto,2026-09-17T05:24:22.532852+00:00
train_004408,verify_synthetic,slice_overlap,không cặp nào chồng lấn ≥30%,auto,2026-09-17T05:24:22.532852+00:00
train_004411,verify_synthetic,slice_overlap,không cặp nào chồng lấn ≥30%,auto,2026-09-17T05:24:22.532852+00:00
train_004413,verify_synthetic,slice_long_event,dài nhất 1.01s < 8.0s,auto,2026-09-17T05:24:22.532852+00:00
train_004413,verify_synthetic,slice_overlap,không cặp nào chồng lấn ≥30%,auto,2026-09-17T05:24:22.532852+00:00
train_004414,verify_synthetic,slice_overlap,không cặp nào chồng lấn ≥30%,auto,2026-09-17T05:24:22.532852+00:00
train_004415,verify_synthetic,slice_long_event,dài nhất 1.00s < 8.0s,auto,2026-09-17T05:24:22.532852+00:00
train_004418,verify_synthetic,slice_overlap,không cặp nào chồng lấn ≥30%,auto,2026-09-17T05:24:22.532852+00:00
train_004421,verify_synthetic,slice_overlap,không cặp nào chồng lấn ≥30%,auto,2026-09-17T05:24:22.532852+00:00
train_004422,verify_synthetic,slice_overlap,không cặp nào chồng lấn ≥30%,auto,2026-09-17T05:24:22.532852+00:00
train_004423,verify_synthetic,slice_overlap,không cặp nào chồng lấn ≥30%,auto,2026-09-17T05:24:22.532852+00:00
train_004425,verify_synthetic,slice_overlap,không cặp nào chồng lấn ≥30%,auto,2026-09-17T05:24:22.532852+00:00
train_004426,verify_synthetic,slice_overlap,không cặp nào chồng lấn ≥30%,auto,2026-09-17T05:24:22.532852+00:00
train_004428,verify_synthetic,slice_overlap,không cặp nào chồng lấn ≥30%,auto,2026-09-17T05:24:22.532852+00:00
train_004432,verify_synthetic,slice_long_event,dài nhất 1.07s < 8.0s,auto,2026-09-17T05:24:22.532852+00:00
train_004433,verify_synthetic,slice_overlap,không cặp nào chồng lấn ≥30%,auto,2026-09-17T05:24:22.532852+00:00
train_004435,verify_synthetic,slice_long_event,dài nhất 0.91s < 8.0s,auto,2026-09-17T05:24:22.532852+00:00
train_004443,verify_synthetic,slice_long_event,dài nhất 1.08s < 8.0s,auto,2026-09-17T05:24:22.532852+00:00
train_004443,verify_synthetic,slice_overlap,không cặp nào chồng lấn ≥30%,auto,2026-09-17T05:24:22.532852+00:00
train_004446,verify_synthetic,slice_long_event,dài nhất 1.04s < 8.0s,auto,2026-09-17T05:24:22.532852+00:00
train_004447,verify_synthetic,slice_overlap,không cặp nào chồng lấn ≥30%,auto,2026-09-17T05:24:22.532852+00:00
train_004451,verify_synthetic,slice_long_event,dài nhất 0.94s < 8.0s,auto,2026-09-17T05:24:22.532852+00:00
train_004456,verify_synthetic,slice_overlap,không cặp nào chồng lấn ≥30%,auto,2026-09-17T05:24:22.532852+00:00
train_004457,verify_synthetic,slice_overlap,không cặp nào chồng lấn ≥30%,auto,2026-09-17T05:24:22.532852+00:00
train_004458,verify_synthetic,slice_overlap,không cặp nào chồng lấn ≥30%,auto,2026-09-17T05:24:22.532852+00:00
train_004460,verify_synthetic,slice_long_event,dài nhất 1.07s < 8.0s,auto,2026-09-17T05:24:22.532852+00:00
train_004460,verify_synthetic,slice_overlap,không cặp nào chồng lấn ≥30%,auto,2026-09-17T05:24:22.532852+00:00
train_004462,verify_synthetic,slice_overlap,không cặp nào chồng lấn ≥30%,auto,2026-09-17T05:24:22.532852+00:00
train_004465,verify_synthetic,slice_long_event,dài nhất 1.01s < 8.0s,auto,2026-09-17T05:24:22.532852+00:00
train_004465,verify_synthetic,slice_overlap,không cặp nào chồng lấn ≥30%,auto,2026-09-17T05:24:22.532852+00:00
train_004472,verify_synthetic,slice_long_event,dài nhất 1.09s < 8.0s,auto,2026-09-17T05:24:22.532852+00:00
train_004473,verify_synthetic,slice_overlap,không cặp nào chồng lấn ≥30%,auto,2026-09-17T05:24:22.532852+00:00
train_004476,verify_synthetic,slice_overlap,không cặp nào chồng lấn ≥30%,auto,2026-09-17T05:24:22.532852+00:00
train_004481,verify_synthetic,slice_overlap,không cặp nào chồng lấn ≥30%,auto,2026-09-17T05:24:22.532852+00:00
train_004482,verify_synthetic,slice_overlap,không cặp nào chồng lấn ≥30%,auto,2026-09-17T05:24:22.532852+00:00
train_004483,verify_synthetic,slice_overlap,không cặp nào chồng lấn ≥30%,auto,2026-09-17T05:24:22.532852+00:00
train_004490,verify_synthetic,slice_long_event,dài nhất 0.99s < 8.0s,auto,2026-09-17T05:24:22.532852+00:00
train_004495,verify_synthetic,slice_overlap,không cặp nào chồng lấn ≥30%,auto,2026-09-17T05:24:22.532852+00:00
train_004496,verify_synthetic,slice_overlap,không cặp nào chồng lấn ≥30%,auto,2026-09-17T05:24:22.532852+00:00
train_004497,verify_synthetic,slice_overlap,không cặp nào chồng lấn ≥30%,auto,2026-09-17T05:24:22.532852+00:00
train_004502,verify_synthetic,slice_long_event,dài nhất 0.99s < 8.0s,auto,2026-09-17T05:24:22.532852+00:00
train_004503,verify_synthetic,slice_overlap,không cặp nào chồng lấn ≥30%,auto,2026-09-17T05:24:22.532852+00:00
train_004513,verify_synthetic,slice_overlap,không cặp nào chồng lấn ≥30%,auto,2026-09-17T05:24:22.532852+00:00
train_004516,verify_synthetic,slice_overlap,không cặp nào chồng lấn ≥30%,auto,2026-09-17T05:24:22.532852+00:00
train_004519,verify_synthetic,slice_overlap,không cặp nào chồng lấn ≥30%,auto,2026-09-17T05:24:22.532852+00:00
train_004521,verify_synthetic,slice_overlap,không cặp nào chồng lấn ≥30%,auto,2026-09-17T05:24:22.532852+00:00
train_004524,verify_synthetic,slice_overlap,không cặp nào chồng lấn ≥30%,auto,2026-09-17T05:24:22.532852+00:00
train_004525,verify_synthetic,slice_long_event,dài nhất 1.02s < 8.0s,auto,2026-09-17T05:24:22.532852+00:00
train_004526,verify_synthetic,slice_overlap,không cặp nào chồng lấn ≥30%,auto,2026-09-17T05:24:22.532852+00:00
train_004528,verify_synthetic,slice_long_event,dài nhất 0.95s < 8.0s,auto,2026-09-17T05:24:22.532852+00:00
train_004528,verify_synthetic,slice_overlap,không cặp nào chồng lấn ≥30%,auto,2026-09-17T05:24:22.532852+00:00
train_004533,verify_synthetic,slice_overlap,không cặp nào chồng lấn ≥30%,auto,2026-09-17T05:24:22.532852+00:00
train_004534,verify_synthetic,slice_long_event,dài nhất 1.09s < 8.0s,auto,2026-09-17T05:24:22.532852+00:00
train_004536,verify_synthetic,slice_overlap,không cặp nào chồng lấn ≥30%,auto,2026-09-17T05:24:22.532852+00:00
train_004538,verify_synthetic,slice_long_event,dài nhất 0.96s < 8.0s,auto,2026-09-17T05:24:22.532852+00:00
train_004539,verify_synthetic,slice_overlap,không cặp nào chồng lấn ≥30%,auto,2026-09-17T05:24:22.532852+00:00
train_004543,verify_synthetic,slice_overlap,không cặp nào chồng lấn ≥30%,auto,2026-09-17T05:24:22.532852+00:00
train_004545,verify_synthetic,slice_long_event,dài nhất 0.92s < 8.0s,auto,2026-09-17T05:24:22.532852+00:00
train_004551,verify_synthetic,slice_long_event,dài nhất 0.97s < 8.0s,auto,2026-09-17T05:24:22.532852+00:00
train_004556,verify_synthetic,slice_overlap,không cặp nào chồng lấn ≥30%,auto,2026-09-17T05:24:22.532852+00:00
train_004558,verify_synthetic,slice_long_event,dài nhất 1.09s < 8.0s,auto,2026-09-17T05:24:22.532852+00:00
train_004558,verify_synthetic,slice_overlap,không cặp nào chồng lấn ≥30%,auto,2026-09-17T05:24:22.532852+00:00
train_004559,verify_synthetic,slice_overlap,không cặp nào chồng lấn ≥30%,auto,2026-09-17T05:24:22.532852+00:00
train_004562,verify_synthetic,slice_long_event,dài nhất 1.08s < 8.0s,auto,2026-09-17T05:24:22.532852+00:00
train_004565,verify_synthetic,slice_long_event,dài nhất 1.01s < 8.0s,auto,2026-09-17T05:24:22.532852+00:00
train_004574,verify_synthetic,slice_long_event,dài nhất 0.97s < 8.0s,auto,2026-09-17T05:24:22.532852+00:00
train_004581,verify_synthetic,slice_overlap,không cặp nào chồng lấn ≥30%,auto,2026-09-17T05:24:22.532852+00:00
train_004583,verify_synthetic,slice_overlap,không cặp nào chồng lấn ≥30%,auto,2026-09-17T05:24:22.532852+00:00
train_004586,verify_synthetic,slice_overlap,không cặp nào chồng lấn ≥30%,auto,2026-09-17T05:24:22.532852+00:00
train_004590,verify_synthetic,slice_overlap,không cặp nào chồng lấn ≥30%,auto,2026-09-17T05:24:22.532852+00:00
train_004591,verify_synthetic,slice_long_event,dài nhất 0.92s < 8.0s,auto,2026-09-17T05:24:22.532852+00:00
train_004600,verify_synthetic,slice_overlap,không cặp nào chồng lấn ≥30%,auto,2026-09-17T05:24:22.532852+00:00
train_004604,verify_synthetic,slice_long_event,dài nhất 0.94s < 8.0s,auto,2026-09-17T05:24:22.532852+00:00
train_004604,verify_synthetic,slice_overlap,không cặp nào chồng lấn ≥30%,auto,2026-09-17T05:24:22.532852+00:00
train_004607,verify_synthetic,slice_overlap,không cặp nào chồng lấn ≥30%,auto,2026-09-17T05:24:22.532852+00:00
train_004612,verify_synthetic,slice_long_event,dài nhất 1.10s < 8.0s,auto,2026-09-17T05:24:22.532852+00:00
train_004618,verify_synthetic,slice_overlap,không cặp nào chồng lấn ≥30%,auto,2026-09-17T05:24:22.532852+00:00
train_004623,verify_synthetic,slice_overlap,không cặp nào chồng lấn ≥30%,auto,2026-09-17T05:24:22.532852+00:00
train_004624,verify_synthetic,slice_overlap,không cặp nào chồng lấn ≥30%,auto,2026-09-17T05:24:22.532852+00:00
train_004631,verify_synthetic,slice_overlap,không cặp nào chồng lấn ≥30%,auto,2026-09-17T05:24:22.532852+00:00
train_004632,verify_synthetic,slice_overlap,không cặp nào chồng lấn ≥30%,auto,2026-09-17T05:24:22.532852+00:00
train_004641,verify_synthetic,slice_overlap,không cặp nào chồng lấn ≥30%,auto,2026-09-17T05:24:22.532852+00:00
train_004643,verify_synthetic,slice_long_event,dài nhất 1.08s < 8.0s,auto,2026-09-17T05:24:22.532852+00:00
train_004643,verify_synthetic,slice_overlap,không cặp nào chồng lấn ≥30%,auto,2026-09-17T05:24:22.532852+00:00
train_004644,verify_synthetic,slice_overlap,không cặp nào chồng lấn ≥30%,auto,2026-09-17T05:24:22.532852+00:00
train_004648,verify_synthetic,slice_overlap,không cặp nào chồng lấn ≥30%,auto,2026-09-17T05:24:22.532852+00:00
train_004650,verify_synthetic,slice_overlap,không cặp nào chồng lấn ≥30%,auto,2026-09-17T05:24:22.532852+00:00
train_004652,verify_synthetic,slice_overlap,không cặp nào chồng lấn ≥30%,auto,2026-09-17T05:24:22.532852+00:00
train_004655,verify_synthetic,slice_overlap,không cặp nào chồng lấn ≥30%,auto,2026-09-17T05:24:22.532852+00:00
train_004656,verify_synthetic,slice_overlap,không cặp nào chồng lấn ≥30%,auto,2026-09-17T05:24:22.532852+00:00
train_004662,verify_synthetic,slice_overlap,không cặp nào chồng lấn ≥30%,auto,2026-09-17T05:24:22.532852+00:00
train_004666,verify_synthetic,slice_overlap,không cặp nào chồng lấn ≥30%,auto,2026-09-17T05:24:22.532852+00:00
train_004667,verify_synthetic,slice_overlap,không cặp nào chồng lấn ≥30%,auto,2026-09-17T05:24:22.532852+00:00
train_004671,verify_synthetic,slice_long_event,dài nhất 0.90s < 8.0s,auto,2026-09-17T05:24:22.532852+00:00
train_004679,verify_synthetic,slice_long_event,dài nhất 0.97s < 8.0s,auto,2026-09-17T05:24:22.532852+00:00
train_004680,verify_synthetic,slice_long_event,dài nhất 0.93s < 8.0s,auto,2026-09-17T05:24:22.532852+00:00
train_004680,verify_synthetic,slice_overlap,không cặp nào chồng lấn ≥30%,auto,2026-09-17T05:24:22.532852+00:00
train_004681,verify_synthetic,slice_overlap,không cặp nào chồng lấn ≥30%,auto,2026-09-17T05:24:22.532852+00:00
train_004687,verify_synthetic,slice_overlap,không cặp nào chồng lấn ≥30%,auto,2026-09-17T05:24:22.532852+00:00
train_004689,verify_synthetic,slice_long_event,dài nhất 0.98s < 8.0s,auto,2026-09-17T05:24:22.532852+00:00
train_004690,verify_synthetic,slice_overlap,không cặp nào chồng lấn ≥30%,auto,2026-09-17T05:24:22.532852+00:00
train_004694,verify_synthetic,slice_overlap,không cặp nào chồng lấn ≥30%,auto,2026-09-17T05:24:22.532852+00:00
train_004704,verify_synthetic,slice_overlap,không cặp nào chồng lấn ≥30%,auto,2026-09-17T05:24:22.532852+00:00
train_004707,verify_synthetic,slice_long_event,dài nhất 1.03s < 8.0s,auto,2026-09-17T05:24:22.532852+00:00
train_004710,verify_synthetic,slice_long_event,dài nhất 0.96s < 8.0s,auto,2026-09-17T05:24:22.532852+00:00
train_004712,verify_synthetic,slice_overlap,không cặp nào chồng lấn ≥30%,auto,2026-09-17T05:24:22.532852+00:00
train_004719,verify_synthetic,slice_long_event,dài nhất 1.09s < 8.0s,auto,2026-09-17T05:24:22.532852+00:00
train_004723,verify_synthetic,slice_overlap,không cặp nào chồng lấn ≥30%,auto,2026-09-17T05:24:22.532852+00:00
train_004724,verify_synthetic,slice_overlap,không cặp nào chồng lấn ≥30%,auto,2026-09-17T05:24:22.532852+00:00
train_004725,verify_synthetic,slice_overlap,không cặp nào chồng lấn ≥30%,auto,2026-09-17T05:24:22.532852+00:00
train_004726,verify_synthetic,slice_overlap,không cặp nào chồng lấn ≥30%,auto,2026-09-17T05:24:22.532852+00:00
train_004731,verify_synthetic,slice_long_event,dài nhất 0.99s < 8.0s,auto,2026-09-17T05:24:22.532852+00:00
train_004733,verify_synthetic,slice_overlap,không cặp nào chồng lấn ≥30%,auto,2026-09-17T05:24:22.532852+00:00
train_004741,verify_synthetic,slice_long_event,dài nhất 0.97s < 8.0s,auto,2026-09-17T05:24:22.532852+00:00
train_004741,verify_synthetic,slice_overlap,không cặp nào chồng lấn ≥30%,auto,2026-09-17T05:24:22.532852+00:00
train_004743,verify_synthetic,slice_overlap,không cặp nào chồng lấn ≥30%,auto,2026-09-17T05:24:22.532852+00:00
train_004745,verify_synthetic,slice_long_event,dài nhất 0.83s < 8.0s,auto,2026-09-17T05:24:22.532852+00:00
train_004751,verify_synthetic,slice_long_event,dài nhất 0.99s < 8.0s,auto,2026-09-17T05:24:22.532852+00:00
train_004751,verify_synthetic,slice_overlap,không cặp nào chồng lấn ≥30%,auto,2026-09-17T05:24:22.532852+00:00
train_004755,verify_synthetic,slice_overlap,không cặp nào chồng lấn ≥30%,auto,2026-09-17T05:24:22.532852+00:00
train_004758,verify_synthetic,slice_overlap,không cặp nào chồng lấn ≥30%,auto,2026-09-17T05:24:22.532852+00:00
train_004759,verify_synthetic,slice_overlap,không cặp nào chồng lấn ≥30%,auto,2026-09-17T05:24:22.532852+00:00
train_004764,verify_synthetic,slice_long_event,dài nhất 1.04s < 8.0s,auto,2026-09-17T05:24:22.532852+00:00
train_004764,verify_synthetic,slice_overlap,không cặp nào chồng lấn ≥30%,auto,2026-09-17T05:24:22.532852+00:00
train_004767,verify_synthetic,slice_overlap,không cặp nào chồng lấn ≥30%,auto,2026-09-17T05:24:22.532852+00:00
train_004769,verify_synthetic,slice_overlap,không cặp nào chồng lấn ≥30%,auto,2026-09-17T05:24:22.532852+00:00
train_004774,verify_synthetic,slice_long_event,dài nhất 1.06s < 8.0s,auto,2026-09-17T05:24:22.532852+00:00
train_004776,verify_synthetic,slice_overlap,không cặp nào chồng lấn ≥30%,auto,2026-09-17T05:24:22.532852+00:00
train_004781,verify_synthetic,slice_long_event,dài nhất 1.04s < 8.0s,auto,2026-09-17T05:24:22.532852+00:00
train_004781,verify_synthetic,slice_overlap,không cặp nào chồng lấn ≥30%,auto,2026-09-17T05:24:22.532852+00:00
train_004783,verify_synthetic,slice_long_event,dài nhất 0.94s < 8.0s,auto,2026-09-17T05:24:22.532852+00:00
train_004784,verify_synthetic,slice_overlap,không cặp nào chồng lấn ≥30%,auto,2026-09-17T05:24:22.532852+00:00
train_004785,verify_synthetic,slice_long_event,dài nhất 0.99s < 8.0s,auto,2026-09-17T05:24:22.532852+00:00
train_004786,verify_synthetic,slice_overlap,không cặp nào chồng lấn ≥30%,auto,2026-09-17T05:24:22.532852+00:00
train_004787,verify_synthetic,slice_overlap,không cặp nào chồng lấn ≥30%,auto,2026-09-17T05:24:22.532852+00:00
train_004791,verify_synthetic,slice_overlap,không cặp nào chồng lấn ≥30%,auto,2026-09-17T05:24:22.532852+00:00
train_004793,verify_synthetic,slice_long_event,dài nhất 1.06s < 8.0s,auto,2026-09-17T05:24:22.532852+00:00
train_004794,verify_synthetic,slice_overlap,không cặp nào chồng lấn ≥30%,auto,2026-09-17T05:24:22.532852+00:00
train_004799,verify_synthetic,slice_overlap,không cặp nào chồng lấn ≥30%,auto,2026-09-17T05:24:22.532852+00:00
train_004802,verify_synthetic,slice_overlap,không cặp nào chồng lấn ≥30%,auto,2026-09-17T05:24:22.532852+00:00
train_004803,verify_synthetic,slice_overlap,không cặp nào chồng lấn ≥30%,auto,2026-09-17T05:24:22.532852+00:00
train_004804,verify_synthetic,slice_overlap,không cặp nào chồng lấn ≥30%,auto,2026-09-17T05:24:22.532852+00:00
train_004805,verify_synthetic,slice_overlap,không cặp nào chồng lấn ≥30%,auto,2026-09-17T05:24:22.532852+00:00
train_004806,verify_synthetic,slice_overlap,không cặp nào chồng lấn ≥30%,auto,2026-09-17T05:24:22.532852+00:00
train_004810,verify_synthetic,slice_overlap,không cặp nào chồng lấn ≥30%,auto,2026-09-17T05:24:22.532852+00:00
train_004812,verify_synthetic,slice_overlap,không cặp nào chồng lấn ≥30%,auto,2026-09-17T05:24:22.532852+00:00
train_004820,verify_synthetic,slice_overlap,không cặp nào chồng lấn ≥30%,auto,2026-09-17T05:24:22.532852+00:00
train_004823,verify_synthetic,slice_long_event,dài nhất 1.07s < 8.0s,auto,2026-09-17T05:24:22.532852+00:00
train_004827,verify_synthetic,slice_long_event,dài nhất 0.96s < 8.0s,auto,2026-09-17T05:24:22.532852+00:00
train_004831,verify_synthetic,slice_overlap,không cặp nào chồng lấn ≥30%,auto,2026-09-17T05:24:22.532852+00:00
train_004832,verify_synthetic,slice_overlap,không cặp nào chồng lấn ≥30%,auto,2026-09-17T05:24:22.532852+00:00
train_004838,verify_synthetic,slice_overlap,không cặp nào chồng lấn ≥30%,auto,2026-09-17T05:24:22.532852+00:00
train_004843,verify_synthetic,slice_long_event,dài nhất 1.08s < 8.0s,auto,2026-09-17T05:24:22.532852+00:00
train_004845,verify_synthetic,slice_overlap,không cặp nào chồng lấn ≥30%,auto,2026-09-17T05:24:22.532852+00:00
train_004850,verify_synthetic,slice_overlap,không cặp nào chồng lấn ≥30%,auto,2026-09-17T05:24:22.532852+00:00
train_004852,verify_synthetic,slice_overlap,không cặp nào chồng lấn ≥30%,auto,2026-09-17T05:24:22.532852+00:00
train_004853,verify_synthetic,slice_long_event,dài nhất 1.08s < 8.0s,auto,2026-09-17T05:24:22.532852+00:00
train_004860,verify_synthetic,slice_overlap,không cặp nào chồng lấn ≥30%,auto,2026-09-17T05:24:22.532852+00:00
train_004862,verify_synthetic,slice_long_event,dài nhất 0.21s < 8.0s,auto,2026-09-17T05:24:22.532852+00:00
train_004867,verify_synthetic,slice_long_event,dài nhất 1.04s < 8.0s,auto,2026-09-17T05:24:22.532852+00:00
train_004870,verify_synthetic,slice_overlap,không cặp nào chồng lấn ≥30%,auto,2026-09-17T05:24:22.532852+00:00
train_004872,verify_synthetic,slice_overlap,không cặp nào chồng lấn ≥30%,auto,2026-09-17T05:24:22.532852+00:00
train_004882,verify_synthetic,slice_overlap,không cặp nào chồng lấn ≥30%,auto,2026-09-17T05:24:22.532852+00:00
train_004884,verify_synthetic,slice_overlap,không cặp nào chồng lấn ≥30%,auto,2026-09-17T05:24:22.532852+00:00
train_004885,verify_synthetic,slice_overlap,không cặp nào chồng lấn ≥30%,auto,2026-09-17T05:24:22.532852+00:00
train_004888,verify_synthetic,slice_overlap,không cặp nào chồng lấn ≥30%,auto,2026-09-17T05:24:22.532852+00:00
train_004894,verify_synthetic,slice_overlap,không cặp nào chồng lấn ≥30%,auto,2026-09-17T05:24:22.532852+00:00
train_004895,verify_synthetic,slice_overlap,không cặp nào chồng lấn ≥30%,auto,2026-09-17T05:24:22.532852+00:00
train_004897,verify_synthetic,slice_overlap,không cặp nào chồng lấn ≥30%,auto,2026-09-17T05:24:22.532852+00:00
train_004899,verify_synthetic,slice_long_event,dài nhất 1.07s < 8.0s,auto,2026-09-17T05:24:22.532852+00:00
train_004900,verify_synthetic,slice_overlap,không cặp nào chồng lấn ≥30%,auto,2026-09-17T05:24:22.532852+00:00
train_004902,verify_synthetic,slice_overlap,không cặp nào chồng lấn ≥30%,auto,2026-09-17T05:24:22.532852+00:00
train_004909,verify_synthetic,slice_overlap,không cặp nào chồng lấn ≥30%,auto,2026-09-17T05:24:22.532852+00:00
train_004921,verify_synthetic,slice_overlap,không cặp nào chồng lấn ≥30%,auto,2026-09-17T05:24:22.532852+00:00
train_004923,verify_synthetic,slice_long_event,dài nhất 1.00s < 8.0s,auto,2026-09-17T05:24:22.532852+00:00
train_004923,verify_synthetic,slice_overlap,không cặp nào chồng lấn ≥30%,auto,2026-09-17T05:24:22.532852+00:00
train_004927,verify_synthetic,slice_overlap,không cặp nào chồng lấn ≥30%,auto,2026-09-17T05:24:22.532852+00:00
train_004928,verify_synthetic,slice_overlap,không cặp nào chồng lấn ≥30%,auto,2026-09-17T05:24:22.532852+00:00
train_004934,verify_synthetic,slice_overlap,không cặp nào chồng lấn ≥30%,auto,2026-09-17T05:24:22.532852+00:00
train_004935,verify_synthetic,slice_overlap,không cặp nào chồng lấn ≥30%,auto,2026-09-17T05:24:22.532852+00:00
train_004936,verify_synthetic,slice_overlap,không cặp nào chồng lấn ≥30%,auto,2026-09-17T05:24:22.532852+00:00
train_004938,verify_synthetic,slice_overlap,không cặp nào chồng lấn ≥30%,auto,2026-09-17T05:24:22.532852+00:00
train_004941,verify_synthetic,slice_long_event,dài nhất 1.07s < 8.0s,auto,2026-09-17T05:24:22.532852+00:00
train_004948,verify_synthetic,slice_overlap,không cặp nào chồng lấn ≥30%,auto,2026-09-17T05:24:22.532852+00:00
train_004958,verify_synthetic,slice_long_event,dài nhất 1.00s < 8.0s,auto,2026-09-17T05:24:22.532852+00:00
train_004958,verify_synthetic,slice_overlap,không cặp nào chồng lấn ≥30%,auto,2026-09-17T05:24:22.532852+00:00
train_004963,verify_synthetic,slice_overlap,không cặp nào chồng lấn ≥30%,auto,2026-09-17T05:24:22.532852+00:00
train_004966,verify_synthetic,slice_overlap,không cặp nào chồng lấn ≥30%,auto,2026-09-17T05:24:22.532852+00:00
train_004967,verify_synthetic,slice_long_event,dài nhất 1.04s < 8.0s,auto,2026-09-17T05:24:22.532852+00:00
train_004973,verify_synthetic,slice_overlap,không cặp nào chồng lấn ≥30%,auto,2026-09-17T05:24:22.532852+00:00
train_004974,verify_synthetic,slice_overlap,không cặp nào chồng lấn ≥30%,auto,2026-09-17T05:24:22.532852+00:00
train_004981,verify_synthetic,slice_overlap,không cặp nào chồng lấn ≥30%,auto,2026-09-17T05:24:22.532852+00:00
train_004983,verify_synthetic,slice_long_event,dài nhất 0.85s < 8.0s,auto,2026-09-17T05:24:22.532852+00:00
train_004984,verify_synthetic,slice_overlap,không cặp nào chồng lấn ≥30%,auto,2026-09-17T05:24:22.532852+00:00
train_004987,verify_synthetic,slice_overlap,không cặp nào chồng lấn ≥30%,auto,2026-09-17T05:24:22.532852+00:00
train_004990,verify_synthetic,slice_long_event,dài nhất 0.96s < 8.0s,auto,2026-09-17T05:24:22.532852+00:00
train_004990,verify_synthetic,slice_overlap,không cặp nào chồng lấn ≥30%,auto,2026-09-17T05:24:22.532852+00:00
train_004993,verify_synthetic,slice_overlap,không cặp nào chồng lấn ≥30%,auto,2026-09-17T05:24:22.532852+00:00
train_004996,verify_synthetic,slice_overlap,không cặp nào chồng lấn ≥30%,auto,2026-09-17T05:24:22.532852+00:00
train_005002,verify_synthetic,slice_overlap,không cặp nào chồng lấn ≥30%,auto,2026-09-17T05:24:22.532852+00:00
train_005006,verify_synthetic,slice_overlap,không cặp nào chồng lấn ≥30%,auto,2026-09-17T05:24:22.532852+00:00
train_005007,verify_synthetic,slice_overlap,không cặp nào chồng lấn ≥30%,auto,2026-09-17T05:24:22.532852+00:00
train_005008,verify_synthetic,slice_overlap,không cặp nào chồng lấn ≥30%,auto,2026-09-17T05:24:22.532852+00:00
train_005011,verify_synthetic,slice_long_event,dài nhất 0.91s < 8.0s,auto,2026-09-17T05:24:22.532852+00:00
train_005013,verify_synthetic,slice_overlap,không cặp nào chồng lấn ≥30%,auto,2026-09-17T05:24:22.532852+00:00
train_005014,verify_synthetic,slice_long_event,dài nhất 0.96s < 8.0s,auto,2026-09-17T05:24:22.532852+00:00
train_005015,verify_synthetic,slice_long_event,dài nhất 1.02s < 8.0s,auto,2026-09-17T05:24:22.532852+00:00
train_005017,verify_synthetic,slice_long_event,dài nhất 1.07s < 8.0s,auto,2026-09-17T05:24:22.532852+00:00
train_005020,verify_synthetic,slice_overlap,không cặp nào chồng lấn ≥30%,auto,2026-09-17T05:24:22.532852+00:00
train_005021,verify_synthetic,slice_overlap,không cặp nào chồng lấn ≥30%,auto,2026-09-17T05:24:22.532852+00:00
train_005022,verify_synthetic,slice_overlap,không cặp nào chồng lấn ≥30%,auto,2026-09-17T05:24:22.532852+00:00
train_005030,verify_synthetic,slice_long_event,dài nhất 1.02s < 8.0s,auto,2026-09-17T05:24:22.532852+00:00
train_005031,verify_synthetic,slice_overlap,không cặp nào chồng lấn ≥30%,auto,2026-09-17T05:24:22.532852+00:00
train_005036,verify_synthetic,slice_overlap,không cặp nào chồng lấn ≥30%,auto,2026-09-17T05:24:22.532852+00:00
train_005045,verify_synthetic,slice_long_event,dài nhất 0.99s < 8.0s,auto,2026-09-17T05:24:22.532852+00:00
train_005045,verify_synthetic,slice_overlap,không cặp nào chồng lấn ≥30%,auto,2026-09-17T05:24:22.532852+00:00
train_005046,verify_synthetic,slice_overlap,không cặp nào chồng lấn ≥30%,auto,2026-09-17T05:24:22.532852+00:00
train_005048,verify_synthetic,slice_long_event,dài nhất 1.02s < 8.0s,auto,2026-09-17T05:24:22.532852+00:00
train_005048,verify_synthetic,slice_overlap,không cặp nào chồng lấn ≥30%,auto,2026-09-17T05:24:22.532852+00:00
train_005053,verify_synthetic,slice_long_event,dài nhất 1.06s < 8.0s,auto,2026-09-17T05:24:22.532852+00:00
train_005054,verify_synthetic,slice_long_event,dài nhất 1.01s < 8.0s,auto,2026-09-17T05:24:22.532852+00:00
train_005061,verify_synthetic,slice_overlap,không cặp nào chồng lấn ≥30%,auto,2026-09-17T05:24:22.532852+00:00
train_005062,verify_synthetic,slice_long_event,dài nhất 1.07s < 8.0s,auto,2026-09-17T05:24:22.532852+00:00
train_005064,verify_synthetic,slice_overlap,không cặp nào chồng lấn ≥30%,auto,2026-09-17T05:24:22.532852+00:00
train_005065,verify_synthetic,slice_overlap,không cặp nào chồng lấn ≥30%,auto,2026-09-17T05:24:22.532852+00:00
train_005071,verify_synthetic,slice_overlap,không cặp nào chồng lấn ≥30%,auto,2026-09-17T05:24:22.532852+00:00
train_005073,verify_synthetic,slice_overlap,không cặp nào chồng lấn ≥30%,auto,2026-09-17T05:24:22.532852+00:00
train_005074,verify_synthetic,slice_overlap,không cặp nào chồng lấn ≥30%,auto,2026-09-17T05:24:22.532852+00:00
train_005075,verify_synthetic,slice_overlap,không cặp nào chồng lấn ≥30%,auto,2026-09-17T05:24:22.532852+00:00
train_005081,verify_synthetic,slice_overlap,không cặp nào chồng lấn ≥30%,auto,2026-09-17T05:24:22.532852+00:00
train_005082,verify_synthetic,slice_long_event,dài nhất 1.01s < 8.0s,auto,2026-09-17T05:24:22.532852+00:00
train_005083,verify_synthetic,slice_overlap,không cặp nào chồng lấn ≥30%,auto,2026-09-17T05:24:22.532852+00:00
train_005084,verify_synthetic,slice_overlap,không cặp nào chồng lấn ≥30%,auto,2026-09-17T05:24:22.532852+00:00
train_005092,verify_synthetic,slice_overlap,không cặp nào chồng lấn ≥30%,auto,2026-09-17T05:24:22.532852+00:00
train_005096,verify_synthetic,slice_overlap,không cặp nào chồng lấn ≥30%,auto,2026-09-17T05:24:22.532852+00:00
train_005099,verify_synthetic,slice_overlap,không cặp nào chồng lấn ≥30%,auto,2026-09-17T05:24:22.532852+00:00
train_005103,verify_synthetic,slice_overlap,không cặp nào chồng lấn ≥30%,auto,2026-09-17T05:24:22.532852+00:00
train_005106,verify_synthetic,slice_overlap,không cặp nào chồng lấn ≥30%,auto,2026-09-17T05:24:22.532852+00:00
train_005107,verify_synthetic,slice_overlap,không cặp nào chồng lấn ≥30%,auto,2026-09-17T05:24:22.532852+00:00
train_005108,verify_synthetic,slice_overlap,không cặp nào chồng lấn ≥30%,auto,2026-09-17T05:24:22.532852+00:00
train_005109,verify_synthetic,slice_overlap,không cặp nào chồng lấn ≥30%,auto,2026-09-17T05:24:22.532852+00:00
train_005110,verify_synthetic,slice_long_event,dài nhất 1.10s < 8.0s,auto,2026-09-17T05:24:22.532852+00:00
train_005111,verify_synthetic,slice_overlap,không cặp nào chồng lấn ≥30%,auto,2026-09-17T05:24:22.532852+00:00
train_005113,verify_synthetic,slice_overlap,không cặp nào chồng lấn ≥30%,auto,2026-09-17T05:24:22.532852+00:00
train_005122,verify_synthetic,slice_overlap,không cặp nào chồng lấn ≥30%,auto,2026-09-17T05:24:22.532852+00:00
train_005129,verify_synthetic,slice_overlap,không cặp nào chồng lấn ≥30%,auto,2026-09-17T05:24:22.532852+00:00
train_005134,verify_synthetic,slice_long_event,dài nhất 1.06s < 8.0s,auto,2026-09-17T05:24:22.532852+00:00
train_005140,verify_synthetic,slice_overlap,không cặp nào chồng lấn ≥30%,auto,2026-09-17T05:24:22.532852+00:00
train_005142,verify_synthetic,slice_overlap,không cặp nào chồng lấn ≥30%,auto,2026-09-17T05:24:22.532852+00:00
train_005145,verify_synthetic,slice_overlap,không cặp nào chồng lấn ≥30%,auto,2026-09-17T05:24:22.532852+00:00
train_005152,verify_synthetic,slice_long_event,dài nhất 0.97s < 8.0s,auto,2026-09-17T05:24:22.532852+00:00
train_005154,verify_synthetic,slice_long_event,dài nhất 1.08s < 8.0s,auto,2026-09-17T05:24:22.532852+00:00
train_005161,verify_synthetic,slice_long_event,dài nhất 1.04s < 8.0s,auto,2026-09-17T05:24:22.532852+00:00
train_005163,verify_synthetic,slice_overlap,không cặp nào chồng lấn ≥30%,auto,2026-09-17T05:24:22.532852+00:00
train_005171,verify_synthetic,slice_long_event,dài nhất 0.38s < 8.0s,auto,2026-09-17T05:24:22.532852+00:00
train_005177,verify_synthetic,slice_overlap,không cặp nào chồng lấn ≥30%,auto,2026-09-17T05:24:22.532852+00:00
train_005191,verify_synthetic,slice_overlap,không cặp nào chồng lấn ≥30%,auto,2026-09-17T05:24:22.532852+00:00
train_005195,verify_synthetic,slice_long_event,dài nhất 1.09s < 8.0s,auto,2026-09-17T05:24:22.532852+00:00
train_005195,verify_synthetic,slice_overlap,không cặp nào chồng lấn ≥30%,auto,2026-09-17T05:24:22.532852+00:00
train_005197,verify_synthetic,slice_overlap,không cặp nào chồng lấn ≥30%,auto,2026-09-17T05:24:22.532852+00:00
train_005201,verify_synthetic,slice_overlap,không cặp nào chồng lấn ≥30%,auto,2026-09-17T05:24:22.532852+00:00
train_005202,verify_synthetic,slice_overlap,không cặp nào chồng lấn ≥30%,auto,2026-09-17T05:24:22.532852+00:00
train_005204,verify_synthetic,slice_overlap,không cặp nào chồng lấn ≥30%,auto,2026-09-17T05:24:22.532852+00:00
train_005206,verify_synthetic,slice_overlap,không cặp nào chồng lấn ≥30%,auto,2026-09-17T05:24:22.532852+00:00
train_005214,verify_synthetic,slice_long_event,dài nhất 1.05s < 8.0s,auto,2026-09-17T05:24:22.532852+00:00
train_005214,verify_synthetic,slice_overlap,không cặp nào chồng lấn ≥30%,auto,2026-09-17T05:24:22.532852+00:00
train_005218,verify_synthetic,slice_overlap,không cặp nào chồng lấn ≥30%,auto,2026-09-17T05:24:22.532852+00:00
train_005220,verify_synthetic,slice_overlap,không cặp nào chồng lấn ≥30%,auto,2026-09-17T05:24:22.532852+00:00
train_005225,verify_synthetic,slice_overlap,không cặp nào chồng lấn ≥30%,auto,2026-09-17T05:24:22.532852+00:00
train_005234,verify_synthetic,slice_overlap,không cặp nào chồng lấn ≥30%,auto,2026-09-17T05:24:22.532852+00:00
train_005236,verify_synthetic,slice_long_event,dài nhất 0.98s < 8.0s,auto,2026-09-17T05:24:22.532852+00:00
train_005236,verify_synthetic,slice_overlap,không cặp nào chồng lấn ≥30%,auto,2026-09-17T05:24:22.532852+00:00
train_005238,verify_synthetic,slice_overlap,không cặp nào chồng lấn ≥30%,auto,2026-09-17T05:24:22.532852+00:00
train_005242,verify_synthetic,slice_overlap,không cặp nào chồng lấn ≥30%,auto,2026-09-17T05:24:22.532852+00:00
train_005248,verify_synthetic,slice_overlap,không cặp nào chồng lấn ≥30%,auto,2026-09-17T05:24:22.532852+00:00
train_005252,verify_synthetic,slice_overlap,không cặp nào chồng lấn ≥30%,auto,2026-09-17T05:24:22.532852+00:00
train_005258,verify_synthetic,slice_overlap,không cặp nào chồng lấn ≥30%,auto,2026-09-17T05:24:22.532852+00:00
train_005261,verify_synthetic,slice_overlap,không cặp nào chồng lấn ≥30%,auto,2026-09-17T05:24:22.532852+00:00
train_005264,verify_synthetic,slice_overlap,không cặp nào chồng lấn ≥30%,auto,2026-09-17T05:24:22.532852+00:00
train_005265,verify_synthetic,slice_overlap,không cặp nào chồng lấn ≥30%,auto,2026-09-17T05:24:22.532852+00:00
train_005271,verify_synthetic,slice_overlap,không cặp nào chồng lấn ≥30%,auto,2026-09-17T05:24:22.532852+00:00
train_005278,verify_synthetic,slice_long_event,dài nhất 0.92s < 8.0s,auto,2026-09-17T05:24:22.532852+00:00
train_005278,verify_synthetic,slice_overlap,không cặp nào chồng lấn ≥30%,auto,2026-09-17T05:24:22.532852+00:00
train_005283,verify_synthetic,slice_long_event,dài nhất 0.92s < 8.0s,auto,2026-09-17T05:24:22.532852+00:00
train_005283,verify_synthetic,slice_overlap,không cặp nào chồng lấn ≥30%,auto,2026-09-17T05:24:22.532852+00:00
train_005284,verify_synthetic,slice_overlap,không cặp nào chồng lấn ≥30%,auto,2026-09-17T05:24:22.532852+00:00
train_005287,verify_synthetic,slice_overlap,không cặp nào chồng lấn ≥30%,auto,2026-09-17T05:24:22.532852+00:00
train_005291,verify_synthetic,slice_overlap,không cặp nào chồng lấn ≥30%,auto,2026-09-17T05:24:22.532852+00:00
train_005294,verify_synthetic,slice_overlap,không cặp nào chồng lấn ≥30%,auto,2026-09-17T05:24:22.532852+00:00
train_005299,verify_synthetic,slice_long_event,dài nhất 0.91s < 8.0s,auto,2026-09-17T05:24:22.532852+00:00
train_005300,verify_synthetic,slice_overlap,không cặp nào chồng lấn ≥30%,auto,2026-09-17T05:24:22.532852+00:00
train_005303,verify_synthetic,slice_long_event,dài nhất 1.08s < 8.0s,auto,2026-09-17T05:24:22.532852+00:00
train_005307,verify_synthetic,slice_long_event,dài nhất 1.08s < 8.0s,auto,2026-09-17T05:24:22.532852+00:00
train_005312,verify_synthetic,slice_overlap,không cặp nào chồng lấn ≥30%,auto,2026-09-17T05:24:22.532852+00:00
train_005313,verify_synthetic,slice_long_event,dài nhất 1.08s < 8.0s,auto,2026-09-17T05:24:22.532852+00:00
train_005324,verify_synthetic,slice_long_event,dài nhất 1.03s < 8.0s,auto,2026-09-17T05:24:22.532852+00:00
train_005327,verify_synthetic,slice_overlap,không cặp nào chồng lấn ≥30%,auto,2026-09-17T05:24:22.532852+00:00
train_005331,verify_synthetic,slice_overlap,không cặp nào chồng lấn ≥30%,auto,2026-09-17T05:24:22.532852+00:00
train_005332,verify_synthetic,slice_long_event,dài nhất 0.94s < 8.0s,auto,2026-09-17T05:24:22.532852+00:00
train_005339,verify_synthetic,slice_overlap,không cặp nào chồng lấn ≥30%,auto,2026-09-17T05:24:22.532852+00:00
train_005344,verify_synthetic,slice_overlap,không cặp nào chồng lấn ≥30%,auto,2026-09-17T05:24:22.532852+00:00
train_005345,verify_synthetic,slice_overlap,không cặp nào chồng lấn ≥30%,auto,2026-09-17T05:24:22.532852+00:00
train_005351,verify_synthetic,slice_overlap,không cặp nào chồng lấn ≥30%,auto,2026-09-17T05:24:22.532852+00:00
train_005352,verify_synthetic,slice_overlap,không cặp nào chồng lấn ≥30%,auto,2026-09-17T05:24:22.532852+00:00
train_005359,verify_synthetic,slice_overlap,không cặp nào chồng lấn ≥30%,auto,2026-09-17T05:24:22.532852+00:00
train_005362,verify_synthetic,slice_overlap,không cặp nào chồng lấn ≥30%,auto,2026-09-17T05:24:22.532852+00:00
train_005364,verify_synthetic,slice_long_event,dài nhất 0.99s < 8.0s,auto,2026-09-17T05:24:22.532852+00:00
train_005365,verify_synthetic,slice_overlap,không cặp nào chồng lấn ≥30%,auto,2026-09-17T05:24:22.532852+00:00
train_005374,verify_synthetic,slice_overlap,không cặp nào chồng lấn ≥30%,auto,2026-09-17T05:24:22.532852+00:00
train_005375,verify_synthetic,slice_overlap,không cặp nào chồng lấn ≥30%,auto,2026-09-17T05:24:22.532852+00:00
train_005380,verify_synthetic,slice_long_event,dài nhất 0.92s < 8.0s,auto,2026-09-17T05:24:22.532852+00:00
train_005381,verify_synthetic,slice_overlap,không cặp nào chồng lấn ≥30%,auto,2026-09-17T05:24:22.532852+00:00
train_005383,verify_synthetic,slice_overlap,không cặp nào chồng lấn ≥30%,auto,2026-09-17T05:24:22.532852+00:00
train_005386,verify_synthetic,slice_overlap,không cặp nào chồng lấn ≥30%,auto,2026-09-17T05:24:22.532852+00:00
train_005388,verify_synthetic,slice_overlap,không cặp nào chồng lấn ≥30%,auto,2026-09-17T05:24:22.532852+00:00
train_005391,verify_synthetic,slice_overlap,không cặp nào chồng lấn ≥30%,auto,2026-09-17T05:24:22.532852+00:00
train_005392,verify_synthetic,slice_overlap,không cặp nào chồng lấn ≥30%,auto,2026-09-17T05:24:22.532852+00:00
train_005394,verify_synthetic,slice_overlap,không cặp nào chồng lấn ≥30%,auto,2026-09-17T05:24:22.532852+00:00
train_005396,verify_synthetic,slice_long_event,dài nhất 1.07s < 8.0s,auto,2026-09-17T05:24:22.532852+00:00
train_005397,verify_synthetic,slice_long_event,dài nhất 0.94s < 8.0s,auto,2026-09-17T05:24:22.532852+00:00
train_005399,verify_synthetic,slice_overlap,không cặp nào chồng lấn ≥30%,auto,2026-09-17T05:24:22.532852+00:00
train_005404,verify_synthetic,slice_long_event,dài nhất 0.94s < 8.0s,auto,2026-09-17T05:24:22.532852+00:00
train_005404,verify_synthetic,slice_overlap,không cặp nào chồng lấn ≥30%,auto,2026-09-17T05:24:22.532852+00:00
train_005410,verify_synthetic,slice_overlap,không cặp nào chồng lấn ≥30%,auto,2026-09-17T05:24:22.532852+00:00
train_005414,verify_synthetic,slice_long_event,dài nhất 1.02s < 8.0s,auto,2026-09-17T05:24:22.532852+00:00
train_005414,verify_synthetic,slice_overlap,không cặp nào chồng lấn ≥30%,auto,2026-09-17T05:24:22.532852+00:00
train_005415,verify_synthetic,slice_long_event,dài nhất 0.97s < 8.0s,auto,2026-09-17T05:24:22.532852+00:00
train_005415,verify_synthetic,slice_overlap,không cặp nào chồng lấn ≥30%,auto,2026-09-17T05:24:22.532852+00:00
train_005419,verify_synthetic,slice_overlap,không cặp nào chồng lấn ≥30%,auto,2026-09-17T05:24:22.532852+00:00
train_005420,verify_synthetic,slice_overlap,không cặp nào chồng lấn ≥30%,auto,2026-09-17T05:24:22.532852+00:00
train_005423,verify_synthetic,slice_overlap,không cặp nào chồng lấn ≥30%,auto,2026-09-17T05:24:22.532852+00:00
train_005429,verify_synthetic,slice_overlap,không cặp nào chồng lấn ≥30%,auto,2026-09-17T05:24:22.532852+00:00
train_005430,verify_synthetic,slice_overlap,không cặp nào chồng lấn ≥30%,auto,2026-09-17T05:24:22.532852+00:00
train_005431,verify_synthetic,slice_overlap,không cặp nào chồng lấn ≥30%,auto,2026-09-17T05:24:22.532852+00:00
train_005433,verify_synthetic,slice_overlap,không cặp nào chồng lấn ≥30%,auto,2026-09-17T05:24:22.532852+00:00
train_005434,verify_synthetic,slice_long_event,dài nhất 1.08s < 8.0s,auto,2026-09-17T05:24:22.532852+00:00
train_005439,verify_synthetic,slice_long_event,dài nhất 1.09s < 8.0s,auto,2026-09-17T05:24:22.532852+00:00
train_005441,verify_synthetic,slice_overlap,không cặp nào chồng lấn ≥30%,auto,2026-09-17T05:24:22.532852+00:00
train_005442,verify_synthetic,slice_overlap,không cặp nào chồng lấn ≥30%,auto,2026-09-17T05:24:22.532852+00:00
train_005446,verify_synthetic,slice_overlap,không cặp nào chồng lấn ≥30%,auto,2026-09-17T05:24:22.532852+00:00
train_005448,verify_synthetic,slice_long_event,dài nhất 0.91s < 8.0s,auto,2026-09-17T05:24:22.532852+00:00
train_005448,verify_synthetic,slice_overlap,không cặp nào chồng lấn ≥30%,auto,2026-09-17T05:24:22.532852+00:00
train_005449,verify_synthetic,slice_long_event,dài nhất 1.00s < 8.0s,auto,2026-09-17T05:24:22.532852+00:00
train_005452,verify_synthetic,slice_overlap,không cặp nào chồng lấn ≥30%,auto,2026-09-17T05:24:22.532852+00:00
train_005454,verify_synthetic,slice_overlap,không cặp nào chồng lấn ≥30%,auto,2026-09-17T05:24:22.532852+00:00
train_005455,verify_synthetic,slice_overlap,không cặp nào chồng lấn ≥30%,auto,2026-09-17T05:24:22.532852+00:00
train_005457,verify_synthetic,slice_overlap,không cặp nào chồng lấn ≥30%,auto,2026-09-17T05:24:22.532852+00:00
train_005458,verify_synthetic,slice_overlap,không cặp nào chồng lấn ≥30%,auto,2026-09-17T05:24:22.532852+00:00
train_005460,verify_synthetic,slice_overlap,không cặp nào chồng lấn ≥30%,auto,2026-09-17T05:24:22.532852+00:00
train_005462,verify_synthetic,slice_overlap,không cặp nào chồng lấn ≥30%,auto,2026-09-17T05:24:22.532852+00:00
train_005464,verify_synthetic,slice_overlap,không cặp nào chồng lấn ≥30%,auto,2026-09-17T05:24:22.532852+00:00
train_005465,verify_synthetic,slice_overlap,không cặp nào chồng lấn ≥30%,auto,2026-09-17T05:24:22.532852+00:00
train_005470,verify_synthetic,slice_overlap,không cặp nào chồng lấn ≥30%,auto,2026-09-17T05:24:22.532852+00:00
train_005471,verify_synthetic,slice_overlap,không cặp nào chồng lấn ≥30%,auto,2026-09-17T05:24:22.532852+00:00
train_005474,verify_synthetic,slice_overlap,không cặp nào chồng lấn ≥30%,auto,2026-09-17T05:24:22.532852+00:00
train_005475,verify_synthetic,slice_long_event,dài nhất 1.04s < 8.0s,auto,2026-09-17T05:24:22.532852+00:00
train_005482,verify_synthetic,slice_long_event,dài nhất 0.45s < 8.0s,auto,2026-09-17T05:24:22.532852+00:00
train_005482,verify_synthetic,slice_overlap,không cặp nào chồng lấn ≥30%,auto,2026-09-17T05:24:22.532852+00:00
train_005487,verify_synthetic,slice_overlap,không cặp nào chồng lấn ≥30%,auto,2026-09-17T05:24:22.532852+00:00
train_005492,verify_synthetic,slice_overlap,không cặp nào chồng lấn ≥30%,auto,2026-09-17T05:24:22.532852+00:00
train_005494,verify_synthetic,slice_long_event,dài nhất 0.96s < 8.0s,auto,2026-09-17T05:24:22.532852+00:00
train_005495,verify_synthetic,slice_long_event,dài nhất 1.03s < 8.0s,auto,2026-09-17T05:24:22.532852+00:00
train_005495,verify_synthetic,slice_overlap,không cặp nào chồng lấn ≥30%,auto,2026-09-17T05:24:22.532852+00:00
train_005501,verify_synthetic,slice_overlap,không cặp nào chồng lấn ≥30%,auto,2026-09-17T05:24:22.532852+00:00
train_005505,verify_synthetic,slice_overlap,không cặp nào chồng lấn ≥30%,auto,2026-09-17T05:24:22.532852+00:00
train_005510,verify_synthetic,slice_overlap,không cặp nào chồng lấn ≥30%,auto,2026-09-17T05:24:22.532852+00:00
train_005512,verify_synthetic,slice_long_event,dài nhất 0.99s < 8.0s,auto,2026-09-17T05:24:22.532852+00:00
train_005516,verify_synthetic,slice_overlap,không cặp nào chồng lấn ≥30%,auto,2026-09-17T05:24:22.532852+00:00
train_005524,verify_synthetic,slice_overlap,không cặp nào chồng lấn ≥30%,auto,2026-09-17T05:24:22.532852+00:00
train_005525,verify_synthetic,slice_overlap,không cặp nào chồng lấn ≥30%,auto,2026-09-17T05:24:22.532852+00:00
train_005526,verify_synthetic,slice_overlap,không cặp nào chồng lấn ≥30%,auto,2026-09-17T05:24:22.532852+00:00
train_005528,verify_synthetic,slice_overlap,không cặp nào chồng lấn ≥30%,auto,2026-09-17T05:24:22.532852+00:00
train_005534,verify_synthetic,slice_long_event,dài nhất 1.01s < 8.0s,auto,2026-09-17T05:24:22.532852+00:00
train_005537,verify_synthetic,slice_overlap,không cặp nào chồng lấn ≥30%,auto,2026-09-17T05:24:22.532852+00:00
train_005543,verify_synthetic,slice_overlap,không cặp nào chồng lấn ≥30%,auto,2026-09-17T05:24:22.532852+00:00
train_005545,verify_synthetic,slice_long_event,dài nhất 1.03s < 8.0s,auto,2026-09-17T05:24:22.532852+00:00
train_005546,verify_synthetic,slice_long_event,dài nhất 1.09s < 8.0s,auto,2026-09-17T05:24:22.532852+00:00
train_005550,verify_synthetic,slice_overlap,không cặp nào chồng lấn ≥30%,auto,2026-09-17T05:24:22.532852+00:00
train_005555,verify_synthetic,slice_overlap,không cặp nào chồng lấn ≥30%,auto,2026-09-17T05:24:22.532852+00:00
train_005559,verify_synthetic,slice_overlap,không cặp nào chồng lấn ≥30%,auto,2026-09-17T05:24:22.532852+00:00
train_005561,verify_synthetic,slice_overlap,không cặp nào chồng lấn ≥30%,auto,2026-09-17T05:24:22.532852+00:00
train_005562,verify_synthetic,slice_overlap,không cặp nào chồng lấn ≥30%,auto,2026-09-17T05:24:22.532852+00:00
train_005564,verify_synthetic,slice_long_event,dài nhất 1.09s < 8.0s,auto,2026-09-17T05:24:22.532852+00:00
train_005571,verify_synthetic,slice_overlap,không cặp nào chồng lấn ≥30%,auto,2026-09-17T05:24:22.532852+00:00
train_005572,verify_synthetic,slice_long_event,dài nhất 0.98s < 8.0s,auto,2026-09-17T05:24:22.532852+00:00
train_005575,verify_synthetic,slice_overlap,không cặp nào chồng lấn ≥30%,auto,2026-09-17T05:24:22.532852+00:00
train_005576,verify_synthetic,slice_overlap,không cặp nào chồng lấn ≥30%,auto,2026-09-17T05:24:22.532852+00:00
train_005578,verify_synthetic,slice_overlap,không cặp nào chồng lấn ≥30%,auto,2026-09-17T05:24:22.532852+00:00
train_005582,verify_synthetic,slice_long_event,dài nhất 1.00s < 8.0s,auto,2026-09-17T05:24:22.532852+00:00
train_005586,verify_synthetic,slice_long_event,dài nhất 1.06s < 8.0s,auto,2026-09-17T05:24:22.532852+00:00
train_005588,verify_synthetic,slice_overlap,không cặp nào chồng lấn ≥30%,auto,2026-09-17T05:24:22.532852+00:00
train_005592,verify_synthetic,slice_overlap,không cặp nào chồng lấn ≥30%,auto,2026-09-17T05:24:22.532852+00:00
train_005598,verify_synthetic,slice_overlap,không cặp nào chồng lấn ≥30%,auto,2026-09-17T05:24:22.532852+00:00
train_005604,verify_synthetic,slice_overlap,không cặp nào chồng lấn ≥30%,auto,2026-09-17T05:24:22.532852+00:00
train_005608,verify_synthetic,slice_overlap,không cặp nào chồng lấn ≥30%,auto,2026-09-17T05:24:22.532852+00:00
train_005609,verify_synthetic,slice_overlap,không cặp nào chồng lấn ≥30%,auto,2026-09-17T05:24:22.532852+00:00
train_005610,verify_synthetic,slice_overlap,không cặp nào chồng lấn ≥30%,auto,2026-09-17T05:24:22.532852+00:00
train_005616,verify_synthetic,slice_overlap,không cặp nào chồng lấn ≥30%,auto,2026-09-17T05:24:22.532852+00:00
train_005617,verify_synthetic,slice_overlap,không cặp nào chồng lấn ≥30%,auto,2026-09-17T05:24:22.532852+00:00
train_005618,verify_synthetic,slice_overlap,không cặp nào chồng lấn ≥30%,auto,2026-09-17T05:24:22.532852+00:00
train_005619,verify_synthetic,slice_overlap,không cặp nào chồng lấn ≥30%,auto,2026-09-17T05:24:22.532852+00:00
train_005620,verify_synthetic,slice_long_event,dài nhất 0.99s < 8.0s,auto,2026-09-17T05:24:22.532852+00:00
train_005622,verify_synthetic,slice_overlap,không cặp nào chồng lấn ≥30%,auto,2026-09-17T05:24:22.532852+00:00
train_005630,verify_synthetic,slice_long_event,dài nhất 1.06s < 8.0s,auto,2026-09-17T05:24:22.532852+00:00
train_005630,verify_synthetic,slice_overlap,không cặp nào chồng lấn ≥30%,auto,2026-09-17T05:24:22.532852+00:00
train_005634,verify_synthetic,slice_long_event,dài nhất 0.81s < 8.0s,auto,2026-09-17T05:24:22.532852+00:00
train_005641,verify_synthetic,slice_overlap,không cặp nào chồng lấn ≥30%,auto,2026-09-17T05:24:22.532852+00:00
train_005643,verify_synthetic,slice_long_event,dài nhất 0.81s < 8.0s,auto,2026-09-17T05:24:22.532852+00:00
train_005647,verify_synthetic,slice_long_event,dài nhất 1.02s < 8.0s,auto,2026-09-17T05:24:22.532852+00:00
train_005649,verify_synthetic,slice_long_event,dài nhất 0.72s < 8.0s,auto,2026-09-17T05:24:22.532852+00:00
train_005653,verify_synthetic,slice_overlap,không cặp nào chồng lấn ≥30%,auto,2026-09-17T05:24:22.532852+00:00
train_005657,verify_synthetic,slice_long_event,dài nhất 0.95s < 8.0s,auto,2026-09-17T05:24:22.532852+00:00
train_005657,verify_synthetic,slice_overlap,không cặp nào chồng lấn ≥30%,auto,2026-09-17T05:24:22.532852+00:00
train_005661,verify_synthetic,slice_overlap,không cặp nào chồng lấn ≥30%,auto,2026-09-17T05:24:22.532852+00:00
train_005664,verify_synthetic,slice_overlap,không cặp nào chồng lấn ≥30%,auto,2026-09-17T05:24:22.532852+00:00
train_005674,verify_synthetic,slice_overlap,không cặp nào chồng lấn ≥30%,auto,2026-09-17T05:24:22.532852+00:00
train_005679,verify_synthetic,slice_overlap,không cặp nào chồng lấn ≥30%,auto,2026-09-17T05:24:22.532852+00:00
train_005683,verify_synthetic,slice_overlap,không cặp nào chồng lấn ≥30%,auto,2026-09-17T05:24:22.532852+00:00
train_005685,verify_synthetic,slice_long_event,dài nhất 1.03s < 8.0s,auto,2026-09-17T05:24:22.532852+00:00
train_005691,verify_synthetic,slice_long_event,dài nhất 1.07s < 8.0s,auto,2026-09-17T05:24:22.532852+00:00
train_005691,verify_synthetic,slice_overlap,không cặp nào chồng lấn ≥30%,auto,2026-09-17T05:24:22.532852+00:00
train_005697,verify_synthetic,slice_overlap,không cặp nào chồng lấn ≥30%,auto,2026-09-17T05:24:22.532852+00:00
train_005699,verify_synthetic,slice_long_event,dài nhất 1.08s < 8.0s,auto,2026-09-17T05:24:22.532852+00:00
train_005699,verify_synthetic,slice_overlap,không cặp nào chồng lấn ≥30%,auto,2026-09-17T05:24:22.532852+00:00
train_005701,verify_synthetic,slice_overlap,không cặp nào chồng lấn ≥30%,auto,2026-09-17T05:24:22.532852+00:00
train_005706,verify_synthetic,slice_long_event,dài nhất 0.94s < 8.0s,auto,2026-09-17T05:24:22.532852+00:00
train_005707,verify_synthetic,slice_overlap,không cặp nào chồng lấn ≥30%,auto,2026-09-17T05:24:22.532852+00:00
train_005716,verify_synthetic,slice_overlap,không cặp nào chồng lấn ≥30%,auto,2026-09-17T05:24:22.532852+00:00
train_005721,verify_synthetic,slice_overlap,không cặp nào chồng lấn ≥30%,auto,2026-09-17T05:24:22.532852+00:00
train_005722,verify_synthetic,slice_overlap,không cặp nào chồng lấn ≥30%,auto,2026-09-17T05:24:22.532852+00:00
train_005725,verify_synthetic,slice_long_event,dài nhất 1.00s < 8.0s,auto,2026-09-17T05:24:22.532852+00:00
train_005725,verify_synthetic,slice_overlap,không cặp nào chồng lấn ≥30%,auto,2026-09-17T05:24:22.532852+00:00
train_005727,verify_synthetic,slice_overlap,không cặp nào chồng lấn ≥30%,auto,2026-09-17T05:24:22.532852+00:00
train_005730,verify_synthetic,slice_overlap,không cặp nào chồng lấn ≥30%,auto,2026-09-17T05:24:22.532852+00:00
train_005731,verify_synthetic,slice_overlap,không cặp nào chồng lấn ≥30%,auto,2026-09-17T05:24:22.532852+00:00
train_005732,verify_synthetic,slice_overlap,không cặp nào chồng lấn ≥30%,auto,2026-09-17T05:24:22.532852+00:00
train_005737,verify_synthetic,slice_overlap,không cặp nào chồng lấn ≥30%,auto,2026-09-17T05:24:22.532852+00:00
train_005743,verify_synthetic,slice_overlap,không cặp nào chồng lấn ≥30%,auto,2026-09-17T05:24:22.532852+00:00
train_005744,verify_synthetic,slice_overlap,không cặp nào chồng lấn ≥30%,auto,2026-09-17T05:24:22.532852+00:00
train_005751,verify_synthetic,slice_overlap,không cặp nào chồng lấn ≥30%,auto,2026-09-17T05:24:22.532852+00:00
train_005754,verify_synthetic,slice_overlap,không cặp nào chồng lấn ≥30%,auto,2026-09-17T05:24:22.532852+00:00
train_005755,verify_synthetic,slice_overlap,không cặp nào chồng lấn ≥30%,auto,2026-09-17T05:24:22.532852+00:00
train_005757,verify_synthetic,slice_overlap,không cặp nào chồng lấn ≥30%,auto,2026-09-17T05:24:22.532852+00:00
train_005762,verify_synthetic,slice_long_event,dài nhất 0.91s < 8.0s,auto,2026-09-17T05:24:22.532852+00:00
train_005762,verify_synthetic,slice_overlap,không cặp nào chồng lấn ≥30%,auto,2026-09-17T05:24:22.532852+00:00
train_005763,verify_synthetic,slice_overlap,không cặp nào chồng lấn ≥30%,auto,2026-09-17T05:24:22.532852+00:00
train_005765,verify_synthetic,slice_overlap,không cặp nào chồng lấn ≥30%,auto,2026-09-17T05:24:22.532852+00:00
train_005775,verify_synthetic,slice_long_event,dài nhất 1.08s < 8.0s,auto,2026-09-17T05:24:22.532852+00:00
train_005781,verify_synthetic,slice_long_event,dài nhất 0.94s < 8.0s,auto,2026-09-17T05:24:22.532852+00:00
train_005781,verify_synthetic,slice_overlap,không cặp nào chồng lấn ≥30%,auto,2026-09-17T05:24:22.532852+00:00
train_005784,verify_synthetic,slice_long_event,dài nhất 1.10s < 8.0s,auto,2026-09-17T05:24:22.532852+00:00
train_005785,verify_synthetic,slice_long_event,dài nhất 1.06s < 8.0s,auto,2026-09-17T05:24:22.532852+00:00
train_005791,verify_synthetic,slice_overlap,không cặp nào chồng lấn ≥30%,auto,2026-09-17T05:24:22.532852+00:00
train_005794,verify_synthetic,slice_overlap,không cặp nào chồng lấn ≥30%,auto,2026-09-17T05:24:22.532852+00:00
train_005797,verify_synthetic,slice_overlap,không cặp nào chồng lấn ≥30%,auto,2026-09-17T05:24:22.532852+00:00
train_005798,verify_synthetic,slice_long_event,dài nhất 1.08s < 8.0s,auto,2026-09-17T05:24:22.532852+00:00
train_005798,verify_synthetic,slice_overlap,không cặp nào chồng lấn ≥30%,auto,2026-09-17T05:24:22.532852+00:00
train_005802,verify_synthetic,slice_long_event,dài nhất 1.07s < 8.0s,auto,2026-09-17T05:24:22.532852+00:00
train_005802,verify_synthetic,slice_overlap,không cặp nào chồng lấn ≥30%,auto,2026-09-17T05:24:22.532852+00:00
train_005807,verify_synthetic,slice_overlap,không cặp nào chồng lấn ≥30%,auto,2026-09-17T05:24:22.532852+00:00
train_005810,verify_synthetic,slice_overlap,không cặp nào chồng lấn ≥30%,auto,2026-09-17T05:24:22.532852+00:00
train_005812,verify_synthetic,slice_long_event,dài nhất 1.01s < 8.0s,auto,2026-09-17T05:24:22.532852+00:00
train_005813,verify_synthetic,slice_long_event,dài nhất 1.01s < 8.0s,auto,2026-09-17T05:24:22.532852+00:00
train_005813,verify_synthetic,slice_overlap,không cặp nào chồng lấn ≥30%,auto,2026-09-17T05:24:22.532852+00:00
train_005822,verify_synthetic,slice_long_event,dài nhất 0.92s < 8.0s,auto,2026-09-17T05:24:22.532852+00:00
train_005823,verify_synthetic,slice_overlap,không cặp nào chồng lấn ≥30%,auto,2026-09-17T05:24:22.532852+00:00
train_005824,verify_synthetic,slice_overlap,không cặp nào chồng lấn ≥30%,auto,2026-09-17T05:24:22.532852+00:00
train_005825,verify_synthetic,slice_long_event,dài nhất 1.08s < 8.0s,auto,2026-09-17T05:24:22.532852+00:00
train_005827,verify_synthetic,slice_long_event,dài nhất 0.94s < 8.0s,auto,2026-09-17T05:24:22.532852+00:00
train_005828,verify_synthetic,slice_long_event,dài nhất 0.99s < 8.0s,auto,2026-09-17T05:24:22.532852+00:00
train_005830,verify_synthetic,slice_long_event,dài nhất 1.03s < 8.0s,auto,2026-09-17T05:24:22.532852+00:00
train_005836,verify_synthetic,slice_long_event,dài nhất 0.95s < 8.0s,auto,2026-09-17T05:24:22.532852+00:00
train_005837,verify_synthetic,slice_long_event,dài nhất 1.04s < 8.0s,auto,2026-09-17T05:24:22.532852+00:00
train_005838,verify_synthetic,slice_overlap,không cặp nào chồng lấn ≥30%,auto,2026-09-17T05:24:22.532852+00:00
train_005839,verify_synthetic,slice_overlap,không cặp nào chồng lấn ≥30%,auto,2026-09-17T05:24:22.532852+00:00
train_005840,verify_synthetic,slice_overlap,không cặp nào chồng lấn ≥30%,auto,2026-09-17T05:24:22.532852+00:00
train_005843,verify_synthetic,slice_long_event,dài nhất 1.02s < 8.0s,auto,2026-09-17T05:24:22.532852+00:00
train_005846,verify_synthetic,slice_overlap,không cặp nào chồng lấn ≥30%,auto,2026-09-17T05:24:22.532852+00:00
train_005847,verify_synthetic,slice_long_event,dài nhất 1.05s < 8.0s,auto,2026-09-17T05:24:22.532852+00:00
train_005854,verify_synthetic,slice_long_event,dài nhất 1.04s < 8.0s,auto,2026-09-17T05:24:22.532852+00:00
train_005854,verify_synthetic,slice_overlap,không cặp nào chồng lấn ≥30%,auto,2026-09-17T05:24:22.532852+00:00
train_005858,verify_synthetic,slice_overlap,không cặp nào chồng lấn ≥30%,auto,2026-09-17T05:24:22.532852+00:00
train_005860,verify_synthetic,slice_long_event,dài nhất 1.04s < 8.0s,auto,2026-09-17T05:24:22.532852+00:00
train_005860,verify_synthetic,slice_overlap,không cặp nào chồng lấn ≥30%,auto,2026-09-17T05:24:22.532852+00:00
train_005865,verify_synthetic,slice_overlap,không cặp nào chồng lấn ≥30%,auto,2026-09-17T05:24:22.532852+00:00
train_005867,verify_synthetic,slice_overlap,không cặp nào chồng lấn ≥30%,auto,2026-09-17T05:24:22.532852+00:00
train_005870,verify_synthetic,slice_long_event,dài nhất 1.08s < 8.0s,auto,2026-09-17T05:24:22.532852+00:00
train_005875,verify_synthetic,slice_overlap,không cặp nào chồng lấn ≥30%,auto,2026-09-17T05:24:22.532852+00:00
train_005876,verify_synthetic,slice_overlap,không cặp nào chồng lấn ≥30%,auto,2026-09-17T05:24:22.532852+00:00
train_005879,verify_synthetic,slice_long_event,dài nhất 1.06s < 8.0s,auto,2026-09-17T05:24:22.532852+00:00
train_005891,verify_synthetic,slice_overlap,không cặp nào chồng lấn ≥30%,auto,2026-09-17T05:24:22.532852+00:00
train_005906,verify_synthetic,slice_overlap,không cặp nào chồng lấn ≥30%,auto,2026-09-17T05:24:22.532852+00:00
train_005909,verify_synthetic,slice_overlap,không cặp nào chồng lấn ≥30%,auto,2026-09-17T05:24:22.532852+00:00
train_005910,verify_synthetic,slice_long_event,dài nhất 1.08s < 8.0s,auto,2026-09-17T05:24:22.532852+00:00
train_005910,verify_synthetic,slice_overlap,không cặp nào chồng lấn ≥30%,auto,2026-09-17T05:24:22.532852+00:00
train_005921,verify_synthetic,slice_overlap,không cặp nào chồng lấn ≥30%,auto,2026-09-17T05:24:22.532852+00:00
train_005922,verify_synthetic,slice_overlap,không cặp nào chồng lấn ≥30%,auto,2026-09-17T05:24:22.532852+00:00
train_005923,verify_synthetic,slice_long_event,dài nhất 1.03s < 8.0s,auto,2026-09-17T05:24:22.532852+00:00
train_005926,verify_synthetic,slice_overlap,không cặp nào chồng lấn ≥30%,auto,2026-09-17T05:24:22.532852+00:00
train_005932,verify_synthetic,slice_overlap,không cặp nào chồng lấn ≥30%,auto,2026-09-17T05:24:22.532852+00:00
train_005933,verify_synthetic,slice_overlap,không cặp nào chồng lấn ≥30%,auto,2026-09-17T05:24:22.532852+00:00
train_005934,verify_synthetic,slice_overlap,không cặp nào chồng lấn ≥30%,auto,2026-09-17T05:24:22.532852+00:00
train_005941,verify_synthetic,slice_overlap,không cặp nào chồng lấn ≥30%,auto,2026-09-17T05:24:22.532852+00:00
train_005948,verify_synthetic,slice_overlap,không cặp nào chồng lấn ≥30%,auto,2026-09-17T05:24:22.532852+00:00
train_005961,verify_synthetic,slice_overlap,không cặp nào chồng lấn ≥30%,auto,2026-09-17T05:24:22.532852+00:00
train_005965,verify_synthetic,slice_overlap,không cặp nào chồng lấn ≥30%,auto,2026-09-17T05:24:22.532852+00:00
train_005967,verify_synthetic,slice_overlap,không cặp nào chồng lấn ≥30%,auto,2026-09-17T05:24:22.532852+00:00
train_005970,verify_synthetic,slice_long_event,dài nhất 1.07s < 8.0s,auto,2026-09-17T05:24:22.532852+00:00
train_005973,verify_synthetic,slice_long_event,dài nhất 1.03s < 8.0s,auto,2026-09-17T05:24:22.532852+00:00
train_005974,verify_synthetic,slice_overlap,không cặp nào chồng lấn ≥30%,auto,2026-09-17T05:24:22.532852+00:00
train_005976,verify_synthetic,slice_overlap,không cặp nào chồng lấn ≥30%,auto,2026-09-17T05:24:22.532852+00:00
train_005978,verify_synthetic,slice_overlap,không cặp nào chồng lấn ≥30%,auto,2026-09-17T05:24:22.532852+00:00
train_005981,verify_synthetic,slice_overlap,không cặp nào chồng lấn ≥30%,auto,2026-09-17T05:24:22.532852+00:00
train_005982,verify_synthetic,slice_long_event,dài nhất 1.04s < 8.0s,auto,2026-09-17T05:24:22.532852+00:00
train_005993,verify_synthetic,slice_long_event,dài nhất 1.03s < 8.0s,auto,2026-09-17T05:24:22.532852+00:00
train_005994,verify_synthetic,slice_overlap,không cặp nào chồng lấn ≥30%,auto,2026-09-17T05:24:22.532852+00:00
train_005996,verify_synthetic,slice_long_event,dài nhất 0.83s < 8.0s,auto,2026-09-17T05:24:22.532852+00:00
train_005998,verify_synthetic,slice_long_event,dài nhất 1.05s < 8.0s,auto,2026-09-17T05:24:22.532852+00:00
train_006000,verify_synthetic,slice_overlap,không cặp nào chồng lấn ≥30%,auto,2026-09-17T05:24:22.532852+00:00
train_006003,verify_synthetic,slice_overlap,không cặp nào chồng lấn ≥30%,auto,2026-09-17T05:24:22.532852+00:00
train_006004,verify_synthetic,slice_overlap,không cặp nào chồng lấn ≥30%,auto,2026-09-17T05:24:22.532852+00:00
train_006008,verify_synthetic,slice_long_event,dài nhất 1.01s < 8.0s,auto,2026-09-17T05:24:22.532852+00:00
train_006008,verify_synthetic,slice_overlap,không cặp nào chồng lấn ≥30%,auto,2026-09-17T05:24:22.532852+00:00
train_006015,verify_synthetic,slice_overlap,không cặp nào chồng lấn ≥30%,auto,2026-09-17T05:24:22.532852+00:00
train_006017,verify_synthetic,slice_overlap,không cặp nào chồng lấn ≥30%,auto,2026-09-17T05:24:22.532852+00:00
train_006019,verify_synthetic,slice_overlap,không cặp nào chồng lấn ≥30%,auto,2026-09-17T05:24:22.532852+00:00
train_006028,verify_synthetic,slice_overlap,không cặp nào chồng lấn ≥30%,auto,2026-09-17T05:24:22.532852+00:00
train_006029,verify_synthetic,slice_overlap,không cặp nào chồng lấn ≥30%,auto,2026-09-17T05:24:22.532852+00:00
train_006035,verify_synthetic,slice_overlap,không cặp nào chồng lấn ≥30%,auto,2026-09-17T05:24:22.532852+00:00
train_006038,verify_synthetic,slice_overlap,không cặp nào chồng lấn ≥30%,auto,2026-09-17T05:24:22.532852+00:00
train_006039,verify_synthetic,slice_overlap,không cặp nào chồng lấn ≥30%,auto,2026-09-17T05:24:22.532852+00:00
train_006044,verify_synthetic,slice_overlap,không cặp nào chồng lấn ≥30%,auto,2026-09-17T05:24:22.532852+00:00
train_006046,verify_synthetic,slice_long_event,dài nhất 1.05s < 8.0s,auto,2026-09-17T05:24:22.532852+00:00
train_006049,verify_synthetic,slice_overlap,không cặp nào chồng lấn ≥30%,auto,2026-09-17T05:24:22.532852+00:00
train_006055,verify_synthetic,slice_overlap,không cặp nào chồng lấn ≥30%,auto,2026-09-17T05:24:22.532852+00:00
train_006056,verify_synthetic,slice_overlap,không cặp nào chồng lấn ≥30%,auto,2026-09-17T05:24:22.532852+00:00
train_006059,verify_synthetic,slice_overlap,không cặp nào chồng lấn ≥30%,auto,2026-09-17T05:24:22.532852+00:00
train_006060,verify_synthetic,slice_overlap,không cặp nào chồng lấn ≥30%,auto,2026-09-17T05:24:22.532852+00:00
train_006061,verify_synthetic,slice_overlap,không cặp nào chồng lấn ≥30%,auto,2026-09-17T05:24:22.532852+00:00
train_006062,verify_synthetic,slice_overlap,không cặp nào chồng lấn ≥30%,auto,2026-09-17T05:24:22.532852+00:00
train_006063,verify_synthetic,slice_overlap,không cặp nào chồng lấn ≥30%,auto,2026-09-17T05:24:22.532852+00:00
train_006064,verify_synthetic,slice_long_event,dài nhất 1.09s < 8.0s,auto,2026-09-17T05:24:22.532852+00:00
train_006064,verify_synthetic,slice_overlap,không cặp nào chồng lấn ≥30%,auto,2026-09-17T05:24:22.532852+00:00
train_006065,verify_synthetic,slice_long_event,dài nhất 1.07s < 8.0s,auto,2026-09-17T05:24:22.532852+00:00
train_006065,verify_synthetic,slice_overlap,không cặp nào chồng lấn ≥30%,auto,2026-09-17T05:24:22.532852+00:00
train_006072,verify_synthetic,slice_overlap,không cặp nào chồng lấn ≥30%,auto,2026-09-17T05:24:22.532852+00:00
train_006073,verify_synthetic,slice_overlap,không cặp nào chồng lấn ≥30%,auto,2026-09-17T05:24:22.532852+00:00
train_006074,verify_synthetic,slice_overlap,không cặp nào chồng lấn ≥30%,auto,2026-09-17T05:24:22.532852+00:00
train_006076,verify_synthetic,slice_overlap,không cặp nào chồng lấn ≥30%,auto,2026-09-17T05:24:22.532852+00:00
train_006078,verify_synthetic,slice_overlap,không cặp nào chồng lấn ≥30%,auto,2026-09-17T05:24:22.532852+00:00
train_006084,verify_synthetic,slice_long_event,dài nhất 1.01s < 8.0s,auto,2026-09-17T05:24:22.532852+00:00
train_006084,verify_synthetic,slice_overlap,không cặp nào chồng lấn ≥30%,auto,2026-09-17T05:24:22.532852+00:00
train_006085,verify_synthetic,slice_overlap,không cặp nào chồng lấn ≥30%,auto,2026-09-17T05:24:22.532852+00:00
train_006086,verify_synthetic,slice_overlap,không cặp nào chồng lấn ≥30%,auto,2026-09-17T05:24:22.532852+00:00
train_006088,verify_synthetic,slice_long_event,dài nhất 1.05s < 8.0s,auto,2026-09-17T05:24:22.532852+00:00
train_006090,verify_synthetic,slice_overlap,không cặp nào chồng lấn ≥30%,auto,2026-09-17T05:24:22.532852+00:00
train_006091,verify_synthetic,slice_long_event,dài nhất 0.99s < 8.0s,auto,2026-09-17T05:24:22.532852+00:00
train_006095,verify_synthetic,slice_overlap,không cặp nào chồng lấn ≥30%,auto,2026-09-17T05:24:22.532852+00:00
train_006098,verify_synthetic,slice_overlap,không cặp nào chồng lấn ≥30%,auto,2026-09-17T05:24:22.532852+00:00
train_006100,verify_synthetic,slice_long_event,dài nhất 1.06s < 8.0s,auto,2026-09-17T05:24:22.532852+00:00
train_006100,verify_synthetic,slice_overlap,không cặp nào chồng lấn ≥30%,auto,2026-09-17T05:24:22.532852+00:00
train_006101,verify_synthetic,slice_overlap,không cặp nào chồng lấn ≥30%,auto,2026-09-17T05:24:22.532852+00:00
train_006102,verify_synthetic,slice_overlap,không cặp nào chồng lấn ≥30%,auto,2026-09-17T05:24:22.532852+00:00
train_006106,verify_synthetic,slice_overlap,không cặp nào chồng lấn ≥30%,auto,2026-09-17T05:24:22.532852+00:00
train_006115,verify_synthetic,slice_long_event,dài nhất 1.07s < 8.0s,auto,2026-09-17T05:24:22.532852+00:00
train_006119,verify_synthetic,slice_overlap,không cặp nào chồng lấn ≥30%,auto,2026-09-17T05:24:22.532852+00:00
train_006129,verify_synthetic,slice_overlap,không cặp nào chồng lấn ≥30%,auto,2026-09-17T05:24:22.532852+00:00
train_006134,verify_synthetic,slice_overlap,không cặp nào chồng lấn ≥30%,auto,2026-09-17T05:24:22.532852+00:00
train_006135,verify_synthetic,slice_overlap,không cặp nào chồng lấn ≥30%,auto,2026-09-17T05:24:22.532852+00:00
train_006136,verify_synthetic,slice_long_event,dài nhất 1.09s < 8.0s,auto,2026-09-17T05:24:22.532852+00:00
train_006137,verify_synthetic,slice_overlap,không cặp nào chồng lấn ≥30%,auto,2026-09-17T05:24:22.532852+00:00
train_006146,verify_synthetic,slice_long_event,dài nhất 1.07s < 8.0s,auto,2026-09-17T05:24:22.532852+00:00
train_006151,verify_synthetic,slice_overlap,không cặp nào chồng lấn ≥30%,auto,2026-09-17T05:24:22.532852+00:00
train_006155,verify_synthetic,slice_overlap,không cặp nào chồng lấn ≥30%,auto,2026-09-17T05:24:22.532852+00:00
train_006156,verify_synthetic,slice_overlap,không cặp nào chồng lấn ≥30%,auto,2026-09-17T05:24:22.532852+00:00
train_006159,verify_synthetic,slice_overlap,không cặp nào chồng lấn ≥30%,auto,2026-09-17T05:24:22.532852+00:00
train_006161,verify_synthetic,slice_long_event,dài nhất 0.61s < 8.0s,auto,2026-09-17T05:24:22.532852+00:00
train_006161,verify_synthetic,slice_overlap,không cặp nào chồng lấn ≥30%,auto,2026-09-17T05:24:22.532852+00:00
train_006162,verify_synthetic,slice_overlap,không cặp nào chồng lấn ≥30%,auto,2026-09-17T05:24:22.532852+00:00
train_006163,verify_synthetic,slice_overlap,không cặp nào chồng lấn ≥30%,auto,2026-09-17T05:24:22.532852+00:00
train_006164,verify_synthetic,slice_overlap,không cặp nào chồng lấn ≥30%,auto,2026-09-17T05:24:22.532852+00:00
train_006169,verify_synthetic,slice_overlap,không cặp nào chồng lấn ≥30%,auto,2026-09-17T05:24:22.532852+00:00
train_006174,verify_synthetic,slice_overlap,không cặp nào chồng lấn ≥30%,auto,2026-09-17T05:24:22.532852+00:00
train_006175,verify_synthetic,slice_overlap,không cặp nào chồng lấn ≥30%,auto,2026-09-17T05:24:22.532852+00:00
train_006178,verify_synthetic,slice_overlap,không cặp nào chồng lấn ≥30%,auto,2026-09-17T05:24:22.532852+00:00
train_006182,verify_synthetic,slice_overlap,không cặp nào chồng lấn ≥30%,auto,2026-09-17T05:24:22.532852+00:00
train_006196,verify_synthetic,slice_overlap,không cặp nào chồng lấn ≥30%,auto,2026-09-17T05:24:22.532852+00:00
train_006200,verify_synthetic,slice_long_event,dài nhất 1.01s < 8.0s,auto,2026-09-17T05:24:22.532852+00:00
train_006207,verify_synthetic,slice_overlap,không cặp nào chồng lấn ≥30%,auto,2026-09-17T05:24:22.532852+00:00
train_006209,verify_synthetic,slice_long_event,dài nhất 0.77s < 8.0s,auto,2026-09-17T05:24:22.532852+00:00
train_006211,verify_synthetic,slice_overlap,không cặp nào chồng lấn ≥30%,auto,2026-09-17T05:24:22.532852+00:00
train_006213,verify_synthetic,slice_long_event,dài nhất 1.06s < 8.0s,auto,2026-09-17T05:24:22.532852+00:00
train_006214,verify_synthetic,slice_overlap,không cặp nào chồng lấn ≥30%,auto,2026-09-17T05:24:22.532852+00:00
train_006216,verify_synthetic,slice_overlap,không cặp nào chồng lấn ≥30%,auto,2026-09-17T05:24:22.532852+00:00
train_006217,verify_synthetic,slice_overlap,không cặp nào chồng lấn ≥30%,auto,2026-09-17T05:24:22.532852+00:00
train_006218,verify_synthetic,slice_overlap,không cặp nào chồng lấn ≥30%,auto,2026-09-17T05:24:22.532852+00:00
train_006221,verify_synthetic,slice_overlap,không cặp nào chồng lấn ≥30%,auto,2026-09-17T05:24:22.532852+00:00
train_006223,verify_synthetic,slice_overlap,không cặp nào chồng lấn ≥30%,auto,2026-09-17T05:24:22.532852+00:00
train_006225,verify_synthetic,slice_overlap,không cặp nào chồng lấn ≥30%,auto,2026-09-17T05:24:22.532852+00:00
train_006226,verify_synthetic,slice_overlap,không cặp nào chồng lấn ≥30%,auto,2026-09-17T05:24:22.532852+00:00
train_006231,verify_synthetic,slice_overlap,không cặp nào chồng lấn ≥30%,auto,2026-09-17T05:24:22.532852+00:00
train_006235,verify_synthetic,slice_long_event,dài nhất 1.06s < 8.0s,auto,2026-09-17T05:24:22.532852+00:00
train_006237,verify_synthetic,slice_overlap,không cặp nào chồng lấn ≥30%,auto,2026-09-17T05:24:22.532852+00:00
train_006246,verify_synthetic,slice_overlap,không cặp nào chồng lấn ≥30%,auto,2026-09-17T05:24:22.532852+00:00
train_006247,verify_synthetic,slice_overlap,không cặp nào chồng lấn ≥30%,auto,2026-09-17T05:24:22.532852+00:00
train_006248,verify_synthetic,slice_long_event,dài nhất 1.10s < 8.0s,auto,2026-09-17T05:24:22.532852+00:00
train_006252,verify_synthetic,slice_overlap,không cặp nào chồng lấn ≥30%,auto,2026-09-17T05:24:22.532852+00:00
train_006258,verify_synthetic,slice_long_event,dài nhất 1.08s < 8.0s,auto,2026-09-17T05:24:22.532852+00:00
train_006262,verify_synthetic,slice_overlap,không cặp nào chồng lấn ≥30%,auto,2026-09-17T05:24:22.532852+00:00
train_006270,verify_synthetic,slice_overlap,không cặp nào chồng lấn ≥30%,auto,2026-09-17T05:24:22.532852+00:00
train_006274,verify_synthetic,slice_long_event,dài nhất 1.01s < 8.0s,auto,2026-09-17T05:24:22.532852+00:00
train_006277,verify_synthetic,slice_overlap,không cặp nào chồng lấn ≥30%,auto,2026-09-17T05:24:22.532852+00:00
train_006279,verify_synthetic,slice_overlap,không cặp nào chồng lấn ≥30%,auto,2026-09-17T05:24:22.532852+00:00
train_006280,verify_synthetic,slice_overlap,không cặp nào chồng lấn ≥30%,auto,2026-09-17T05:24:22.532852+00:00
train_006282,verify_synthetic,slice_long_event,dài nhất 1.08s < 8.0s,auto,2026-09-17T05:24:22.532852+00:00
train_006282,verify_synthetic,slice_overlap,không cặp nào chồng lấn ≥30%,auto,2026-09-17T05:24:22.532852+00:00
train_006284,verify_synthetic,slice_overlap,không cặp nào chồng lấn ≥30%,auto,2026-09-17T05:24:22.532852+00:00
train_006289,verify_synthetic,slice_overlap,không cặp nào chồng lấn ≥30%,auto,2026-09-17T05:24:22.532852+00:00
train_006292,verify_synthetic,slice_overlap,không cặp nào chồng lấn ≥30%,auto,2026-09-17T05:24:22.532852+00:00
train_006295,verify_synthetic,slice_overlap,không cặp nào chồng lấn ≥30%,auto,2026-09-17T05:24:22.532852+00:00
train_006299,verify_synthetic,slice_overlap,không cặp nào chồng lấn ≥30%,auto,2026-09-17T05:24:22.532852+00:00
train_006301,verify_synthetic,slice_overlap,không cặp nào chồng lấn ≥30%,auto,2026-09-17T05:24:22.532852+00:00
train_006313,verify_synthetic,slice_long_event,dài nhất 1.02s < 8.0s,auto,2026-09-17T05:24:22.532852+00:00
train_006313,verify_synthetic,slice_overlap,không cặp nào chồng lấn ≥30%,auto,2026-09-17T05:24:22.532852+00:00
train_006315,verify_synthetic,slice_overlap,không cặp nào chồng lấn ≥30%,auto,2026-09-17T05:24:22.532852+00:00
train_006319,verify_synthetic,slice_overlap,không cặp nào chồng lấn ≥30%,auto,2026-09-17T05:24:22.532852+00:00
train_006320,verify_synthetic,slice_long_event,dài nhất 1.06s < 8.0s,auto,2026-09-17T05:24:22.532852+00:00
train_006321,verify_synthetic,slice_overlap,không cặp nào chồng lấn ≥30%,auto,2026-09-17T05:24:22.532852+00:00
train_006327,verify_synthetic,slice_overlap,không cặp nào chồng lấn ≥30%,auto,2026-09-17T05:24:22.532852+00:00
train_006335,verify_synthetic,slice_long_event,dài nhất 1.03s < 8.0s,auto,2026-09-17T05:24:22.532852+00:00
train_006335,verify_synthetic,slice_overlap,không cặp nào chồng lấn ≥30%,auto,2026-09-17T05:24:22.532852+00:00
train_006338,verify_synthetic,slice_overlap,không cặp nào chồng lấn ≥30%,auto,2026-09-17T05:24:22.532852+00:00
train_006342,verify_synthetic,slice_overlap,không cặp nào chồng lấn ≥30%,auto,2026-09-17T05:24:22.532852+00:00
train_006350,verify_synthetic,slice_overlap,không cặp nào chồng lấn ≥30%,auto,2026-09-17T05:24:22.532852+00:00
train_006356,verify_synthetic,slice_overlap,không cặp nào chồng lấn ≥30%,auto,2026-09-17T05:24:22.532852+00:00
train_006357,verify_synthetic,slice_overlap,không cặp nào chồng lấn ≥30%,auto,2026-09-17T05:24:22.532852+00:00
train_006361,verify_synthetic,slice_long_event,dài nhất 1.02s < 8.0s,auto,2026-09-17T05:24:22.532852+00:00
train_006363,verify_synthetic,slice_overlap,không cặp nào chồng lấn ≥30%,auto,2026-09-17T05:24:22.532852+00:00
train_006371,verify_synthetic,slice_long_event,dài nhất 1.06s < 8.0s,auto,2026-09-17T05:24:22.532852+00:00
train_006371,verify_synthetic,slice_overlap,không cặp nào chồng lấn ≥30%,auto,2026-09-17T05:24:22.532852+00:00
train_006376,verify_synthetic,slice_long_event,dài nhất 1.04s < 8.0s,auto,2026-09-17T05:24:22.532852+00:00
train_006379,verify_synthetic,slice_long_event,dài nhất 1.07s < 8.0s,auto,2026-09-17T05:24:22.532852+00:00
train_006389,verify_synthetic,slice_overlap,không cặp nào chồng lấn ≥30%,auto,2026-09-17T05:24:22.532852+00:00
train_006398,verify_synthetic,slice_overlap,không cặp nào chồng lấn ≥30%,auto,2026-09-17T05:24:22.532852+00:00
train_006400,verify_synthetic,slice_overlap,không cặp nào chồng lấn ≥30%,auto,2026-09-17T05:24:22.532852+00:00
train_006408,verify_synthetic,slice_long_event,dài nhất 0.94s < 8.0s,auto,2026-09-17T05:24:22.532852+00:00
train_006411,verify_synthetic,slice_overlap,không cặp nào chồng lấn ≥30%,auto,2026-09-17T05:24:22.532852+00:00
train_006413,verify_synthetic,slice_long_event,dài nhất 1.10s < 8.0s,auto,2026-09-17T05:24:22.532852+00:00
train_006416,verify_synthetic,slice_overlap,không cặp nào chồng lấn ≥30%,auto,2026-09-17T05:24:22.532852+00:00
train_006419,verify_synthetic,slice_long_event,dài nhất 1.10s < 8.0s,auto,2026-09-17T05:24:22.532852+00:00
train_006425,verify_synthetic,slice_overlap,không cặp nào chồng lấn ≥30%,auto,2026-09-17T05:24:22.532852+00:00
train_006438,verify_synthetic,slice_overlap,không cặp nào chồng lấn ≥30%,auto,2026-09-17T05:24:22.532852+00:00
train_006442,verify_synthetic,slice_overlap,không cặp nào chồng lấn ≥30%,auto,2026-09-17T05:24:22.532852+00:00
train_006444,verify_synthetic,slice_overlap,không cặp nào chồng lấn ≥30%,auto,2026-09-17T05:24:22.532852+00:00
train_006447,verify_synthetic,slice_long_event,dài nhất 0.99s < 8.0s,auto,2026-09-17T05:24:22.532852+00:00
train_006448,verify_synthetic,slice_overlap,không cặp nào chồng lấn ≥30%,auto,2026-09-17T05:24:22.532852+00:00
train_006449,verify_synthetic,slice_long_event,dài nhất 1.09s < 8.0s,auto,2026-09-17T05:24:22.532852+00:00
train_006453,verify_synthetic,slice_overlap,không cặp nào chồng lấn ≥30%,auto,2026-09-17T05:24:22.532852+00:00
train_006454,verify_synthetic,slice_overlap,không cặp nào chồng lấn ≥30%,auto,2026-09-17T05:24:22.532852+00:00
train_006456,verify_synthetic,slice_overlap,không cặp nào chồng lấn ≥30%,auto,2026-09-17T05:24:22.532852+00:00
train_006457,verify_synthetic,slice_overlap,không cặp nào chồng lấn ≥30%,auto,2026-09-17T05:24:22.532852+00:00
train_006459,verify_synthetic,slice_overlap,không cặp nào chồng lấn ≥30%,auto,2026-09-17T05:24:22.532852+00:00
train_006463,verify_synthetic,slice_overlap,không cặp nào chồng lấn ≥30%,auto,2026-09-17T05:24:22.532852+00:00
train_006465,verify_synthetic,slice_overlap,không cặp nào chồng lấn ≥30%,auto,2026-09-17T05:24:22.532852+00:00
train_006466,verify_synthetic,slice_long_event,dài nhất 1.10s < 8.0s,auto,2026-09-17T05:24:22.532852+00:00
train_006468,verify_synthetic,slice_long_event,dài nhất 1.04s < 8.0s,auto,2026-09-17T05:24:22.532852+00:00
train_006472,verify_synthetic,slice_long_event,dài nhất 0.95s < 8.0s,auto,2026-09-17T05:24:22.532852+00:00
train_006481,verify_synthetic,slice_overlap,không cặp nào chồng lấn ≥30%,auto,2026-09-17T05:24:22.532852+00:00
train_006487,verify_synthetic,slice_long_event,dài nhất 0.94s < 8.0s,auto,2026-09-17T05:24:22.532852+00:00
train_006488,verify_synthetic,slice_overlap,không cặp nào chồng lấn ≥30%,auto,2026-09-17T05:24:22.532852+00:00
train_006497,verify_synthetic,slice_long_event,dài nhất 1.09s < 8.0s,auto,2026-09-17T05:24:22.532852+00:00
train_006503,verify_synthetic,slice_long_event,dài nhất 1.05s < 8.0s,auto,2026-09-17T05:24:22.532852+00:00
train_006505,verify_synthetic,slice_long_event,dài nhất 0.62s < 8.0s,auto,2026-09-17T05:24:22.532852+00:00
train_006513,verify_synthetic,slice_overlap,không cặp nào chồng lấn ≥30%,auto,2026-09-17T05:24:22.532852+00:00
train_006515,verify_synthetic,slice_overlap,không cặp nào chồng lấn ≥30%,auto,2026-09-17T05:24:22.532852+00:00
train_006524,verify_synthetic,slice_overlap,không cặp nào chồng lấn ≥30%,auto,2026-09-17T05:24:22.532852+00:00
train_006526,verify_synthetic,slice_overlap,không cặp nào chồng lấn ≥30%,auto,2026-09-17T05:24:22.532852+00:00
train_006530,verify_synthetic,slice_long_event,dài nhất 0.80s < 8.0s,auto,2026-09-17T05:24:22.532852+00:00
train_006533,verify_synthetic,slice_overlap,không cặp nào chồng lấn ≥30%,auto,2026-09-17T05:24:22.532852+00:00
train_006536,verify_synthetic,slice_long_event,dài nhất 1.03s < 8.0s,auto,2026-09-17T05:24:22.532852+00:00
train_006537,verify_synthetic,slice_overlap,không cặp nào chồng lấn ≥30%,auto,2026-09-17T05:24:22.532852+00:00
train_006540,verify_synthetic,slice_overlap,không cặp nào chồng lấn ≥30%,auto,2026-09-17T05:24:22.532852+00:00
train_006541,verify_synthetic,slice_overlap,không cặp nào chồng lấn ≥30%,auto,2026-09-17T05:24:22.532852+00:00
train_006545,verify_synthetic,slice_overlap,không cặp nào chồng lấn ≥30%,auto,2026-09-17T05:24:22.532852+00:00
train_006549,verify_synthetic,slice_overlap,không cặp nào chồng lấn ≥30%,auto,2026-09-17T05:24:22.532852+00:00
train_006551,verify_synthetic,slice_overlap,không cặp nào chồng lấn ≥30%,auto,2026-09-17T05:24:22.532852+00:00
train_006553,verify_synthetic,slice_long_event,dài nhất 1.01s < 8.0s,auto,2026-09-17T05:24:22.532852+00:00
train_006553,verify_synthetic,slice_overlap,không cặp nào chồng lấn ≥30%,auto,2026-09-17T05:24:22.532852+00:00
train_006554,verify_synthetic,slice_overlap,không cặp nào chồng lấn ≥30%,auto,2026-09-17T05:24:22.532852+00:00
train_006555,verify_synthetic,slice_overlap,không cặp nào chồng lấn ≥30%,auto,2026-09-17T05:24:22.532852+00:00
train_006560,verify_synthetic,slice_long_event,dài nhất 1.08s < 8.0s,auto,2026-09-17T05:24:22.532852+00:00
train_006560,verify_synthetic,slice_overlap,không cặp nào chồng lấn ≥30%,auto,2026-09-17T05:24:22.532852+00:00
train_006561,verify_synthetic,slice_overlap,không cặp nào chồng lấn ≥30%,auto,2026-09-17T05:24:22.532852+00:00
train_006565,verify_synthetic,slice_overlap,không cặp nào chồng lấn ≥30%,auto,2026-09-17T05:24:22.532852+00:00
train_006566,verify_synthetic,slice_overlap,không cặp nào chồng lấn ≥30%,auto,2026-09-17T05:24:22.532852+00:00
train_006569,verify_synthetic,slice_overlap,không cặp nào chồng lấn ≥30%,auto,2026-09-17T05:24:22.532852+00:00
train_006572,verify_synthetic,slice_long_event,dài nhất 1.07s < 8.0s,auto,2026-09-17T05:24:22.532852+00:00
train_006573,verify_synthetic,slice_overlap,không cặp nào chồng lấn ≥30%,auto,2026-09-17T05:24:22.532852+00:00
train_006581,verify_synthetic,slice_overlap,không cặp nào chồng lấn ≥30%,auto,2026-09-17T05:24:22.532852+00:00
train_006591,verify_synthetic,slice_overlap,không cặp nào chồng lấn ≥30%,auto,2026-09-17T05:24:22.532852+00:00
train_006593,verify_synthetic,slice_long_event,dài nhất 1.09s < 8.0s,auto,2026-09-17T05:24:22.532852+00:00
train_006595,verify_synthetic,slice_overlap,không cặp nào chồng lấn ≥30%,auto,2026-09-17T05:24:22.532852+00:00
train_006600,verify_synthetic,slice_long_event,dài nhất 1.04s < 8.0s,auto,2026-09-17T05:24:22.532852+00:00
train_006605,verify_synthetic,slice_overlap,không cặp nào chồng lấn ≥30%,auto,2026-09-17T05:24:22.532852+00:00
train_006607,verify_synthetic,slice_overlap,không cặp nào chồng lấn ≥30%,auto,2026-09-17T05:24:22.532852+00:00
train_006608,verify_synthetic,slice_long_event,dài nhất 1.07s < 8.0s,auto,2026-09-17T05:24:22.532852+00:00
train_006609,verify_synthetic,slice_overlap,không cặp nào chồng lấn ≥30%,auto,2026-09-17T05:24:22.532852+00:00
train_006610,verify_synthetic,slice_overlap,không cặp nào chồng lấn ≥30%,auto,2026-09-17T05:24:22.532852+00:00
train_006613,verify_synthetic,slice_overlap,không cặp nào chồng lấn ≥30%,auto,2026-09-17T05:24:22.532852+00:00
train_006618,verify_synthetic,slice_overlap,không cặp nào chồng lấn ≥30%,auto,2026-09-17T05:24:22.532852+00:00
train_006624,verify_synthetic,slice_overlap,không cặp nào chồng lấn ≥30%,auto,2026-09-17T05:24:22.532852+00:00
train_006632,verify_synthetic,slice_overlap,không cặp nào chồng lấn ≥30%,auto,2026-09-17T05:24:22.532852+00:00
train_006635,verify_synthetic,slice_overlap,không cặp nào chồng lấn ≥30%,auto,2026-09-17T05:24:22.532852+00:00
train_006636,verify_synthetic,slice_long_event,dài nhất 0.99s < 8.0s,auto,2026-09-17T05:24:22.532852+00:00
train_006637,verify_synthetic,slice_overlap,không cặp nào chồng lấn ≥30%,auto,2026-09-17T05:24:22.532852+00:00
train_006639,verify_synthetic,slice_overlap,không cặp nào chồng lấn ≥30%,auto,2026-09-17T05:24:22.532852+00:00
train_006640,verify_synthetic,slice_overlap,không cặp nào chồng lấn ≥30%,auto,2026-09-17T05:24:22.532852+00:00
train_006643,verify_synthetic,slice_overlap,không cặp nào chồng lấn ≥30%,auto,2026-09-17T05:24:22.532852+00:00
train_006649,verify_synthetic,slice_long_event,dài nhất 1.00s < 8.0s,auto,2026-09-17T05:24:22.532852+00:00
train_006652,verify_synthetic,slice_long_event,dài nhất 0.99s < 8.0s,auto,2026-09-17T05:24:22.532852+00:00
train_006659,verify_synthetic,slice_overlap,không cặp nào chồng lấn ≥30%,auto,2026-09-17T05:24:22.532852+00:00
train_006660,verify_synthetic,slice_overlap,không cặp nào chồng lấn ≥30%,auto,2026-09-17T05:24:22.532852+00:00
train_006673,verify_synthetic,slice_overlap,không cặp nào chồng lấn ≥30%,auto,2026-09-17T05:24:22.532852+00:00
train_006676,verify_synthetic,slice_overlap,không cặp nào chồng lấn ≥30%,auto,2026-09-17T05:24:22.532852+00:00
train_006681,verify_synthetic,slice_long_event,dài nhất 0.96s < 8.0s,auto,2026-09-17T05:24:22.532852+00:00
train_006681,verify_synthetic,slice_overlap,không cặp nào chồng lấn ≥30%,auto,2026-09-17T05:24:22.532852+00:00
train_006684,verify_synthetic,slice_overlap,không cặp nào chồng lấn ≥30%,auto,2026-09-17T05:24:22.532852+00:00
train_006686,verify_synthetic,slice_overlap,không cặp nào chồng lấn ≥30%,auto,2026-09-17T05:24:22.532852+00:00
train_006687,verify_synthetic,slice_long_event,dài nhất 1.09s < 8.0s,auto,2026-09-17T05:24:22.532852+00:00
train_006692,verify_synthetic,slice_long_event,dài nhất 1.02s < 8.0s,auto,2026-09-17T05:24:22.532852+00:00
train_006693,verify_synthetic,slice_long_event,dài nhất 1.08s < 8.0s,auto,2026-09-17T05:24:22.532852+00:00
train_006693,verify_synthetic,slice_overlap,không cặp nào chồng lấn ≥30%,auto,2026-09-17T05:24:22.532852+00:00
train_006703,verify_synthetic,slice_long_event,dài nhất 1.05s < 8.0s,auto,2026-09-17T05:24:22.532852+00:00
train_006705,verify_synthetic,slice_long_event,dài nhất 1.09s < 8.0s,auto,2026-09-17T05:24:22.532852+00:00
train_006706,verify_synthetic,slice_long_event,dài nhất 1.10s < 8.0s,auto,2026-09-17T05:24:22.532852+00:00
train_006706,verify_synthetic,slice_overlap,không cặp nào chồng lấn ≥30%,auto,2026-09-17T05:24:22.532852+00:00
train_006707,verify_synthetic,slice_overlap,không cặp nào chồng lấn ≥30%,auto,2026-09-17T05:24:22.532852+00:00
train_006712,verify_synthetic,slice_overlap,không cặp nào chồng lấn ≥30%,auto,2026-09-17T05:24:22.532852+00:00
train_006716,verify_synthetic,slice_overlap,không cặp nào chồng lấn ≥30%,auto,2026-09-17T05:24:22.532852+00:00
train_006718,verify_synthetic,slice_overlap,không cặp nào chồng lấn ≥30%,auto,2026-09-17T05:24:22.532852+00:00
train_006721,verify_synthetic,slice_overlap,không cặp nào chồng lấn ≥30%,auto,2026-09-17T05:24:22.532852+00:00
train_006722,verify_synthetic,slice_overlap,không cặp nào chồng lấn ≥30%,auto,2026-09-17T05:24:22.532852+00:00
train_006725,verify_synthetic,slice_overlap,không cặp nào chồng lấn ≥30%,auto,2026-09-17T05:24:22.532852+00:00
train_006727,verify_synthetic,slice_long_event,dài nhất 0.99s < 8.0s,auto,2026-09-17T05:24:22.532852+00:00
train_006730,verify_synthetic,slice_overlap,không cặp nào chồng lấn ≥30%,auto,2026-09-17T05:24:22.532852+00:00
train_006738,verify_synthetic,slice_overlap,không cặp nào chồng lấn ≥30%,auto,2026-09-17T05:24:22.532852+00:00
train_006744,verify_synthetic,slice_overlap,không cặp nào chồng lấn ≥30%,auto,2026-09-17T05:24:22.532852+00:00
train_006745,verify_synthetic,slice_overlap,không cặp nào chồng lấn ≥30%,auto,2026-09-17T05:24:22.532852+00:00
train_006747,verify_synthetic,slice_overlap,không cặp nào chồng lấn ≥30%,auto,2026-09-17T05:24:22.532852+00:00
train_006750,verify_synthetic,slice_long_event,dài nhất 1.07s < 8.0s,auto,2026-09-17T05:24:22.532852+00:00
train_006751,verify_synthetic,slice_overlap,không cặp nào chồng lấn ≥30%,auto,2026-09-17T05:24:22.532852+00:00
train_006757,verify_synthetic,slice_long_event,dài nhất 1.06s < 8.0s,auto,2026-09-17T05:24:22.532852+00:00
train_006763,verify_synthetic,slice_overlap,không cặp nào chồng lấn ≥30%,auto,2026-09-17T05:24:22.532852+00:00
train_006764,verify_synthetic,slice_long_event,dài nhất 0.96s < 8.0s,auto,2026-09-17T05:24:22.532852+00:00
train_006766,verify_synthetic,slice_overlap,không cặp nào chồng lấn ≥30%,auto,2026-09-17T05:24:22.532852+00:00
train_006769,verify_synthetic,slice_overlap,không cặp nào chồng lấn ≥30%,auto,2026-09-17T05:24:22.532852+00:00
train_006773,verify_synthetic,slice_overlap,không cặp nào chồng lấn ≥30%,auto,2026-09-17T05:24:22.532852+00:00
train_006776,verify_synthetic,slice_overlap,không cặp nào chồng lấn ≥30%,auto,2026-09-17T05:24:22.532852+00:00
train_006779,verify_synthetic,slice_overlap,không cặp nào chồng lấn ≥30%,auto,2026-09-17T05:24:22.532852+00:00
train_006787,verify_synthetic,slice_overlap,không cặp nào chồng lấn ≥30%,auto,2026-09-17T05:24:22.532852+00:00
train_006790,verify_synthetic,slice_overlap,không cặp nào chồng lấn ≥30%,auto,2026-09-17T05:24:22.532852+00:00
train_006802,verify_synthetic,slice_long_event,dài nhất 1.09s < 8.0s,auto,2026-09-17T05:24:22.532852+00:00
train_006803,verify_synthetic,slice_overlap,không cặp nào chồng lấn ≥30%,auto,2026-09-17T05:24:22.532852+00:00
train_006805,verify_synthetic,slice_overlap,không cặp nào chồng lấn ≥30%,auto,2026-09-17T05:24:22.532852+00:00
train_006813,verify_synthetic,slice_overlap,không cặp nào chồng lấn ≥30%,auto,2026-09-17T05:24:22.532852+00:00
train_006822,verify_synthetic,slice_long_event,dài nhất 1.03s < 8.0s,auto,2026-09-17T05:24:22.532852+00:00
train_006824,verify_synthetic,slice_overlap,không cặp nào chồng lấn ≥30%,auto,2026-09-17T05:24:22.532852+00:00
train_006825,verify_synthetic,slice_overlap,không cặp nào chồng lấn ≥30%,auto,2026-09-17T05:24:22.532852+00:00
train_006828,verify_synthetic,slice_overlap,không cặp nào chồng lấn ≥30%,auto,2026-09-17T05:24:22.532852+00:00
train_006832,verify_synthetic,slice_long_event,dài nhất 0.75s < 8.0s,auto,2026-09-17T05:24:22.532852+00:00
train_006833,verify_synthetic,slice_overlap,không cặp nào chồng lấn ≥30%,auto,2026-09-17T05:24:22.532852+00:00
train_006834,verify_synthetic,slice_overlap,không cặp nào chồng lấn ≥30%,auto,2026-09-17T05:24:22.532852+00:00
train_006835,verify_synthetic,slice_overlap,không cặp nào chồng lấn ≥30%,auto,2026-09-17T05:24:22.532852+00:00
train_006836,verify_synthetic,slice_long_event,dài nhất 0.97s < 8.0s,auto,2026-09-17T05:24:22.532852+00:00
train_006837,verify_synthetic,slice_overlap,không cặp nào chồng lấn ≥30%,auto,2026-09-17T05:24:22.532852+00:00
train_006839,verify_synthetic,slice_long_event,dài nhất 1.08s < 8.0s,auto,2026-09-17T05:24:22.532852+00:00
train_006839,verify_synthetic,slice_overlap,không cặp nào chồng lấn ≥30%,auto,2026-09-17T05:24:22.532852+00:00
train_006842,verify_synthetic,slice_overlap,không cặp nào chồng lấn ≥30%,auto,2026-09-17T05:24:22.532852+00:00
train_006849,verify_synthetic,slice_overlap,không cặp nào chồng lấn ≥30%,auto,2026-09-17T05:24:22.532852+00:00
train_006854,verify_synthetic,slice_overlap,không cặp nào chồng lấn ≥30%,auto,2026-09-17T05:24:22.532852+00:00
train_006856,verify_synthetic,slice_overlap,không cặp nào chồng lấn ≥30%,auto,2026-09-17T05:24:22.532852+00:00
train_006860,verify_synthetic,slice_overlap,không cặp nào chồng lấn ≥30%,auto,2026-09-17T05:24:22.532852+00:00
train_006861,verify_synthetic,slice_overlap,không cặp nào chồng lấn ≥30%,auto,2026-09-17T05:24:22.532852+00:00
train_006863,verify_synthetic,slice_overlap,không cặp nào chồng lấn ≥30%,auto,2026-09-17T05:24:22.532852+00:00
train_006872,verify_synthetic,slice_overlap,không cặp nào chồng lấn ≥30%,auto,2026-09-17T05:24:22.532852+00:00
train_006873,verify_synthetic,slice_overlap,không cặp nào chồng lấn ≥30%,auto,2026-09-17T05:24:22.532852+00:00
train_006875,verify_synthetic,slice_overlap,không cặp nào chồng lấn ≥30%,auto,2026-09-17T05:24:22.532852+00:00
train_006878,verify_synthetic,slice_overlap,không cặp nào chồng lấn ≥30%,auto,2026-09-17T05:24:22.532852+00:00
train_006879,verify_synthetic,slice_overlap,không cặp nào chồng lấn ≥30%,auto,2026-09-17T05:24:22.532852+00:00
train_006880,verify_synthetic,slice_overlap,không cặp nào chồng lấn ≥30%,auto,2026-09-17T05:24:22.532852+00:00
train_006884,verify_synthetic,slice_long_event,dài nhất 1.06s < 8.0s,auto,2026-09-17T05:24:22.532852+00:00
train_006887,verify_synthetic,slice_long_event,dài nhất 0.96s < 8.0s,auto,2026-09-17T05:24:22.532852+00:00
train_006888,verify_synthetic,slice_overlap,không cặp nào chồng lấn ≥30%,auto,2026-09-17T05:24:22.532852+00:00
train_006892,verify_synthetic,slice_overlap,không cặp nào chồng lấn ≥30%,auto,2026-09-17T05:24:22.532852+00:00
train_006895,verify_synthetic,slice_overlap,không cặp nào chồng lấn ≥30%,auto,2026-09-17T05:24:22.532852+00:00
train_006899,verify_synthetic,slice_overlap,không cặp nào chồng lấn ≥30%,auto,2026-09-17T05:24:22.532852+00:00
train_006900,verify_synthetic,slice_overlap,không cặp nào chồng lấn ≥30%,auto,2026-09-17T05:24:22.532852+00:00
train_006901,verify_synthetic,slice_overlap,không cặp nào chồng lấn ≥30%,auto,2026-09-17T05:24:22.532852+00:00
train_006902,verify_synthetic,slice_overlap,không cặp nào chồng lấn ≥30%,auto,2026-09-17T05:24:22.532852+00:00
train_006903,verify_synthetic,slice_long_event,dài nhất 1.07s < 8.0s,auto,2026-09-17T05:24:22.532852+00:00
train_006906,verify_synthetic,slice_long_event,dài nhất 1.05s < 8.0s,auto,2026-09-17T05:24:22.532852+00:00
train_006907,verify_synthetic,slice_long_event,dài nhất 1.00s < 8.0s,auto,2026-09-17T05:24:22.532852+00:00
train_006907,verify_synthetic,slice_overlap,không cặp nào chồng lấn ≥30%,auto,2026-09-17T05:24:22.532852+00:00
train_006909,verify_synthetic,slice_long_event,dài nhất 0.93s < 8.0s,auto,2026-09-17T05:24:22.532852+00:00
train_006911,verify_synthetic,slice_overlap,không cặp nào chồng lấn ≥30%,auto,2026-09-17T05:24:22.532852+00:00
train_006913,verify_synthetic,slice_overlap,không cặp nào chồng lấn ≥30%,auto,2026-09-17T05:24:22.532852+00:00
train_006920,verify_synthetic,slice_long_event,dài nhất 1.01s < 8.0s,auto,2026-09-17T05:24:22.532852+00:00
train_006920,verify_synthetic,slice_overlap,không cặp nào chồng lấn ≥30%,auto,2026-09-17T05:24:22.532852+00:00
train_006923,verify_synthetic,slice_overlap,không cặp nào chồng lấn ≥30%,auto,2026-09-17T05:24:22.532852+00:00
train_006927,verify_synthetic,slice_overlap,không cặp nào chồng lấn ≥30%,auto,2026-09-17T05:24:22.532852+00:00
train_006929,verify_synthetic,slice_overlap,không cặp nào chồng lấn ≥30%,auto,2026-09-17T05:24:22.532852+00:00
train_006930,verify_synthetic,slice_overlap,không cặp nào chồng lấn ≥30%,auto,2026-09-17T05:24:22.532852+00:00
train_006932,verify_synthetic,slice_long_event,dài nhất 0.95s < 8.0s,auto,2026-09-17T05:24:22.532852+00:00
train_006935,verify_synthetic,slice_overlap,không cặp nào chồng lấn ≥30%,auto,2026-09-17T05:24:22.532852+00:00
train_006937,verify_synthetic,slice_overlap,không cặp nào chồng lấn ≥30%,auto,2026-09-17T05:24:22.532852+00:00
train_006938,verify_synthetic,slice_overlap,không cặp nào chồng lấn ≥30%,auto,2026-09-17T05:24:22.532852+00:00
train_006944,verify_synthetic,slice_long_event,dài nhất 1.03s < 8.0s,auto,2026-09-17T05:24:22.532852+00:00
train_006944,verify_synthetic,slice_overlap,không cặp nào chồng lấn ≥30%,auto,2026-09-17T05:24:22.532852+00:00
train_006951,verify_synthetic,slice_overlap,không cặp nào chồng lấn ≥30%,auto,2026-09-17T05:24:22.532852+00:00
train_006952,verify_synthetic,slice_overlap,không cặp nào chồng lấn ≥30%,auto,2026-09-17T05:24:22.532852+00:00
train_006956,verify_synthetic,slice_long_event,dài nhất 1.05s < 8.0s,auto,2026-09-17T05:24:22.532852+00:00
train_006956,verify_synthetic,slice_overlap,không cặp nào chồng lấn ≥30%,auto,2026-09-17T05:24:22.532852+00:00
train_006957,verify_synthetic,slice_long_event,dài nhất 1.05s < 8.0s,auto,2026-09-17T05:24:22.532852+00:00
train_006964,verify_synthetic,slice_overlap,không cặp nào chồng lấn ≥30%,auto,2026-09-17T05:24:22.532852+00:00
train_006970,verify_synthetic,slice_long_event,dài nhất 1.00s < 8.0s,auto,2026-09-17T05:24:22.532852+00:00
train_006970,verify_synthetic,slice_overlap,không cặp nào chồng lấn ≥30%,auto,2026-09-17T05:24:22.532852+00:00
train_006973,verify_synthetic,slice_long_event,dài nhất 1.09s < 8.0s,auto,2026-09-17T05:24:22.532852+00:00
train_006975,verify_synthetic,slice_long_event,dài nhất 1.09s < 8.0s,auto,2026-09-17T05:24:22.532852+00:00
train_006976,verify_synthetic,slice_long_event,dài nhất 1.02s < 8.0s,auto,2026-09-17T05:24:22.532852+00:00
train_006976,verify_synthetic,slice_overlap,không cặp nào chồng lấn ≥30%,auto,2026-09-17T05:24:22.532852+00:00
train_006980,verify_synthetic,slice_long_event,dài nhất 0.96s < 8.0s,auto,2026-09-17T05:24:22.532852+00:00
train_006980,verify_synthetic,slice_overlap,không cặp nào chồng lấn ≥30%,auto,2026-09-17T05:24:22.532852+00:00
train_006982,verify_synthetic,slice_overlap,không cặp nào chồng lấn ≥30%,auto,2026-09-17T05:24:22.532852+00:00
train_006983,verify_synthetic,slice_overlap,không cặp nào chồng lấn ≥30%,auto,2026-09-17T05:24:22.532852+00:00
train_006985,verify_synthetic,slice_overlap,không cặp nào chồng lấn ≥30%,auto,2026-09-17T05:24:22.532852+00:00
train_006987,verify_synthetic,slice_overlap,không cặp nào chồng lấn ≥30%,auto,2026-09-17T05:24:22.532852+00:00
train_006988,verify_synthetic,slice_overlap,không cặp nào chồng lấn ≥30%,auto,2026-09-17T05:24:22.532852+00:00
train_006993,verify_synthetic,slice_long_event,dài nhất 1.03s < 8.0s,auto,2026-09-17T05:24:22.532852+00:00
train_006994,verify_synthetic,slice_overlap,không cặp nào chồng lấn ≥30%,auto,2026-09-17T05:24:22.532852+00:00
train_006999,verify_synthetic,slice_long_event,dài nhất 0.93s < 8.0s,auto,2026-09-17T05:24:22.532852+00:00
train_007002,verify_synthetic,slice_long_event,dài nhất 1.05s < 8.0s,auto,2026-09-17T05:24:22.532852+00:00
train_007005,verify_synthetic,slice_overlap,không cặp nào chồng lấn ≥30%,auto,2026-09-17T05:24:22.532852+00:00
train_007013,verify_synthetic,slice_overlap,không cặp nào chồng lấn ≥30%,auto,2026-09-17T05:24:22.532852+00:00
train_007015,verify_synthetic,slice_long_event,dài nhất 0.85s < 8.0s,auto,2026-09-17T05:24:22.532852+00:00
train_007017,verify_synthetic,slice_overlap,không cặp nào chồng lấn ≥30%,auto,2026-09-17T05:24:22.532852+00:00
train_007019,verify_synthetic,slice_long_event,dài nhất 0.97s < 8.0s,auto,2026-09-17T05:24:22.532852+00:00
train_007024,verify_synthetic,slice_overlap,không cặp nào chồng lấn ≥30%,auto,2026-09-17T05:24:22.532852+00:00
train_007030,verify_synthetic,slice_overlap,không cặp nào chồng lấn ≥30%,auto,2026-09-17T05:24:22.532852+00:00
train_007033,verify_synthetic,slice_overlap,không cặp nào chồng lấn ≥30%,auto,2026-09-17T05:24:22.532852+00:00
train_007037,verify_synthetic,slice_overlap,không cặp nào chồng lấn ≥30%,auto,2026-09-17T05:24:22.532852+00:00
train_007042,verify_synthetic,slice_overlap,không cặp nào chồng lấn ≥30%,auto,2026-09-17T05:24:22.532852+00:00
train_007043,verify_synthetic,slice_overlap,không cặp nào chồng lấn ≥30%,auto,2026-09-17T05:24:22.532852+00:00
train_007047,verify_synthetic,slice_overlap,không cặp nào chồng lấn ≥30%,auto,2026-09-17T05:24:22.532852+00:00
train_007051,verify_synthetic,slice_long_event,dài nhất 1.07s < 8.0s,auto,2026-09-17T05:24:22.532852+00:00
train_007052,verify_synthetic,slice_overlap,không cặp nào chồng lấn ≥30%,auto,2026-09-17T05:24:22.532852+00:00
train_007053,verify_synthetic,slice_long_event,dài nhất 1.07s < 8.0s,auto,2026-09-17T05:24:22.532852+00:00
train_007063,verify_synthetic,slice_long_event,dài nhất 0.99s < 8.0s,auto,2026-09-17T05:24:22.532852+00:00
train_007063,verify_synthetic,slice_overlap,không cặp nào chồng lấn ≥30%,auto,2026-09-17T05:24:22.532852+00:00
train_007067,verify_synthetic,slice_long_event,dài nhất 1.00s < 8.0s,auto,2026-09-17T05:24:22.532852+00:00
train_007073,verify_synthetic,slice_overlap,không cặp nào chồng lấn ≥30%,auto,2026-09-17T05:24:22.532852+00:00
train_007074,verify_synthetic,slice_long_event,dài nhất 1.09s < 8.0s,auto,2026-09-17T05:24:22.532852+00:00
train_007074,verify_synthetic,slice_overlap,không cặp nào chồng lấn ≥30%,auto,2026-09-17T05:24:22.532852+00:00
train_007075,verify_synthetic,slice_overlap,không cặp nào chồng lấn ≥30%,auto,2026-09-17T05:24:22.532852+00:00
train_007077,verify_synthetic,slice_overlap,không cặp nào chồng lấn ≥30%,auto,2026-09-17T05:24:22.532852+00:00
train_007078,verify_synthetic,slice_overlap,không cặp nào chồng lấn ≥30%,auto,2026-09-17T05:24:22.532852+00:00
train_007079,verify_synthetic,slice_long_event,dài nhất 0.77s < 8.0s,auto,2026-09-17T05:24:22.532852+00:00
train_007080,verify_synthetic,slice_long_event,dài nhất 1.00s < 8.0s,auto,2026-09-17T05:24:22.532852+00:00
train_007082,verify_synthetic,slice_overlap,không cặp nào chồng lấn ≥30%,auto,2026-09-17T05:24:22.532852+00:00
train_007092,verify_synthetic,slice_overlap,không cặp nào chồng lấn ≥30%,auto,2026-09-17T05:24:22.532852+00:00
train_007095,verify_synthetic,slice_long_event,dài nhất 0.97s < 8.0s,auto,2026-09-17T05:24:22.532852+00:00
train_007101,verify_synthetic,slice_long_event,dài nhất 0.95s < 8.0s,auto,2026-09-17T05:24:22.532852+00:00
train_007101,verify_synthetic,slice_overlap,không cặp nào chồng lấn ≥30%,auto,2026-09-17T05:24:22.532852+00:00
train_007102,verify_synthetic,slice_overlap,không cặp nào chồng lấn ≥30%,auto,2026-09-17T05:24:22.532852+00:00
train_007104,verify_synthetic,slice_overlap,không cặp nào chồng lấn ≥30%,auto,2026-09-17T05:24:22.532852+00:00
train_007107,verify_synthetic,slice_overlap,không cặp nào chồng lấn ≥30%,auto,2026-09-17T05:24:22.532852+00:00
train_007109,verify_synthetic,slice_long_event,dài nhất 1.10s < 8.0s,auto,2026-09-17T05:24:22.532852+00:00
train_007113,verify_synthetic,slice_overlap,không cặp nào chồng lấn ≥30%,auto,2026-09-17T05:24:22.532852+00:00
train_007114,verify_synthetic,slice_overlap,không cặp nào chồng lấn ≥30%,auto,2026-09-17T05:24:22.532852+00:00
train_007115,verify_synthetic,slice_long_event,dài nhất 1.04s < 8.0s,auto,2026-09-17T05:24:22.532852+00:00
train_007118,verify_synthetic,slice_overlap,không cặp nào chồng lấn ≥30%,auto,2026-09-17T05:24:22.532852+00:00
train_007121,verify_synthetic,slice_long_event,dài nhất 0.91s < 8.0s,auto,2026-09-17T05:24:22.532852+00:00
train_007123,verify_synthetic,slice_overlap,không cặp nào chồng lấn ≥30%,auto,2026-09-17T05:24:22.532852+00:00
train_007127,verify_synthetic,slice_long_event,dài nhất 1.04s < 8.0s,auto,2026-09-17T05:24:22.532852+00:00
train_007127,verify_synthetic,slice_overlap,không cặp nào chồng lấn ≥30%,auto,2026-09-17T05:24:22.532852+00:00
train_007129,verify_synthetic,slice_long_event,dài nhất 0.74s < 8.0s,auto,2026-09-17T05:24:22.532852+00:00
train_007130,verify_synthetic,slice_long_event,dài nhất 1.07s < 8.0s,auto,2026-09-17T05:24:22.532852+00:00
train_007133,verify_synthetic,slice_overlap,không cặp nào chồng lấn ≥30%,auto,2026-09-17T05:24:22.532852+00:00
train_007134,verify_synthetic,slice_long_event,dài nhất 1.03s < 8.0s,auto,2026-09-17T05:24:22.532852+00:00
train_007135,verify_synthetic,slice_long_event,dài nhất 1.09s < 8.0s,auto,2026-09-17T05:24:22.532852+00:00
train_007138,verify_synthetic,slice_overlap,không cặp nào chồng lấn ≥30%,auto,2026-09-17T05:24:22.532852+00:00
train_007139,verify_synthetic,slice_overlap,không cặp nào chồng lấn ≥30%,auto,2026-09-17T05:24:22.532852+00:00
train_007146,verify_synthetic,slice_long_event,dài nhất 0.81s < 8.0s,auto,2026-09-17T05:24:22.532852+00:00
train_007148,verify_synthetic,slice_overlap,không cặp nào chồng lấn ≥30%,auto,2026-09-17T05:24:22.532852+00:00
train_007150,verify_synthetic,slice_overlap,không cặp nào chồng lấn ≥30%,auto,2026-09-17T05:24:22.532852+00:00
train_007157,verify_synthetic,slice_long_event,dài nhất 0.92s < 8.0s,auto,2026-09-17T05:24:22.532852+00:00
train_007157,verify_synthetic,slice_overlap,không cặp nào chồng lấn ≥30%,auto,2026-09-17T05:24:22.532852+00:00
train_007158,verify_synthetic,slice_overlap,không cặp nào chồng lấn ≥30%,auto,2026-09-17T05:24:22.532852+00:00
train_007161,verify_synthetic,slice_overlap,không cặp nào chồng lấn ≥30%,auto,2026-09-17T05:24:22.532852+00:00
train_007163,verify_synthetic,slice_overlap,không cặp nào chồng lấn ≥30%,auto,2026-09-17T05:24:22.532852+00:00
train_007167,verify_synthetic,slice_overlap,không cặp nào chồng lấn ≥30%,auto,2026-09-17T05:24:22.532852+00:00
train_007174,verify_synthetic,slice_overlap,không cặp nào chồng lấn ≥30%,auto,2026-09-17T05:24:22.532852+00:00
train_007178,verify_synthetic,slice_overlap,không cặp nào chồng lấn ≥30%,auto,2026-09-17T05:24:22.532852+00:00
train_007179,verify_synthetic,slice_overlap,không cặp nào chồng lấn ≥30%,auto,2026-09-17T05:24:22.532852+00:00
train_007182,verify_synthetic,slice_overlap,không cặp nào chồng lấn ≥30%,auto,2026-09-17T05:24:22.532852+00:00
train_007189,verify_synthetic,slice_long_event,dài nhất 0.93s < 8.0s,auto,2026-09-17T05:24:22.532852+00:00
train_007189,verify_synthetic,slice_overlap,không cặp nào chồng lấn ≥30%,auto,2026-09-17T05:24:22.532852+00:00
train_007193,verify_synthetic,slice_long_event,dài nhất 1.09s < 8.0s,auto,2026-09-17T05:24:22.532852+00:00
train_007195,verify_synthetic,slice_overlap,không cặp nào chồng lấn ≥30%,auto,2026-09-17T05:24:22.532852+00:00
train_007196,verify_synthetic,slice_overlap,không cặp nào chồng lấn ≥30%,auto,2026-09-17T05:24:22.532852+00:00
train_007199,verify_synthetic,slice_long_event,dài nhất 1.04s < 8.0s,auto,2026-09-17T05:24:22.532852+00:00
train_007200,verify_synthetic,slice_long_event,dài nhất 1.07s < 8.0s,auto,2026-09-17T05:24:22.532852+00:00
train_007200,verify_synthetic,slice_overlap,không cặp nào chồng lấn ≥30%,auto,2026-09-17T05:24:22.532852+00:00
train_007203,verify_synthetic,slice_long_event,dài nhất 1.03s < 8.0s,auto,2026-09-17T05:24:22.532852+00:00
train_007204,verify_synthetic,slice_overlap,không cặp nào chồng lấn ≥30%,auto,2026-09-17T05:24:22.532852+00:00
train_007208,verify_synthetic,slice_overlap,không cặp nào chồng lấn ≥30%,auto,2026-09-17T05:24:22.532852+00:00
train_007209,verify_synthetic,slice_long_event,dài nhất 1.07s < 8.0s,auto,2026-09-17T05:24:22.532852+00:00
train_007214,verify_synthetic,slice_overlap,không cặp nào chồng lấn ≥30%,auto,2026-09-17T05:24:22.532852+00:00
train_007216,verify_synthetic,slice_overlap,không cặp nào chồng lấn ≥30%,auto,2026-09-17T05:24:22.532852+00:00
train_007217,verify_synthetic,slice_overlap,không cặp nào chồng lấn ≥30%,auto,2026-09-17T05:24:22.532852+00:00
train_007222,verify_synthetic,slice_overlap,không cặp nào chồng lấn ≥30%,auto,2026-09-17T05:24:22.532852+00:00
train_007227,verify_synthetic,slice_long_event,dài nhất 0.69s < 8.0s,auto,2026-09-17T05:24:22.532852+00:00
train_007228,verify_synthetic,slice_overlap,không cặp nào chồng lấn ≥30%,auto,2026-09-17T05:24:22.532852+00:00
train_007230,verify_synthetic,slice_overlap,không cặp nào chồng lấn ≥30%,auto,2026-09-17T05:24:22.532852+00:00
train_007232,verify_synthetic,slice_overlap,không cặp nào chồng lấn ≥30%,auto,2026-09-17T05:24:22.532852+00:00
train_007233,verify_synthetic,slice_overlap,không cặp nào chồng lấn ≥30%,auto,2026-09-17T05:24:22.532852+00:00
train_007237,verify_synthetic,slice_overlap,không cặp nào chồng lấn ≥30%,auto,2026-09-17T05:24:22.532852+00:00
train_007238,verify_synthetic,slice_long_event,dài nhất 0.95s < 8.0s,auto,2026-09-17T05:24:22.532852+00:00
train_007242,verify_synthetic,slice_overlap,không cặp nào chồng lấn ≥30%,auto,2026-09-17T05:24:22.532852+00:00
train_007245,verify_synthetic,slice_overlap,không cặp nào chồng lấn ≥30%,auto,2026-09-17T05:24:22.532852+00:00
train_007261,verify_synthetic,slice_overlap,không cặp nào chồng lấn ≥30%,auto,2026-09-17T05:24:22.532852+00:00
train_007264,verify_synthetic,slice_long_event,dài nhất 0.98s < 8.0s,auto,2026-09-17T05:24:22.532852+00:00
train_007266,verify_synthetic,slice_long_event,dài nhất 1.06s < 8.0s,auto,2026-09-17T05:24:22.532852+00:00
train_007266,verify_synthetic,slice_overlap,không cặp nào chồng lấn ≥30%,auto,2026-09-17T05:24:22.532852+00:00
train_007267,verify_synthetic,slice_overlap,không cặp nào chồng lấn ≥30%,auto,2026-09-17T05:24:22.532852+00:00
train_007268,verify_synthetic,slice_overlap,không cặp nào chồng lấn ≥30%,auto,2026-09-17T05:24:22.532852+00:00
train_007281,verify_synthetic,slice_long_event,dài nhất 0.95s < 8.0s,auto,2026-09-17T05:24:22.532852+00:00
train_007281,verify_synthetic,slice_overlap,không cặp nào chồng lấn ≥30%,auto,2026-09-17T05:24:22.532852+00:00
train_007282,verify_synthetic,slice_overlap,không cặp nào chồng lấn ≥30%,auto,2026-09-17T05:24:22.532852+00:00
train_007283,verify_synthetic,slice_long_event,dài nhất 1.01s < 8.0s,auto,2026-09-17T05:24:22.532852+00:00
train_007284,verify_synthetic,slice_overlap,không cặp nào chồng lấn ≥30%,auto,2026-09-17T05:24:22.532852+00:00
train_007285,verify_synthetic,slice_overlap,không cặp nào chồng lấn ≥30%,auto,2026-09-17T05:24:22.532852+00:00
train_007288,verify_synthetic,slice_overlap,không cặp nào chồng lấn ≥30%,auto,2026-09-17T05:24:22.532852+00:00
train_007293,verify_synthetic,slice_overlap,không cặp nào chồng lấn ≥30%,auto,2026-09-17T05:24:22.532852+00:00
train_007297,verify_synthetic,slice_long_event,dài nhất 0.92s < 8.0s,auto,2026-09-17T05:24:22.532852+00:00
train_007300,verify_synthetic,slice_overlap,không cặp nào chồng lấn ≥30%,auto,2026-09-17T05:24:22.532852+00:00
train_007304,verify_synthetic,slice_overlap,không cặp nào chồng lấn ≥30%,auto,2026-09-17T05:24:22.532852+00:00
train_007305,verify_synthetic,slice_overlap,không cặp nào chồng lấn ≥30%,auto,2026-09-17T05:24:22.532852+00:00
train_007309,verify_synthetic,slice_overlap,không cặp nào chồng lấn ≥30%,auto,2026-09-17T05:24:22.532852+00:00
train_007312,verify_synthetic,slice_overlap,không cặp nào chồng lấn ≥30%,auto,2026-09-17T05:24:22.532852+00:00
train_007316,verify_synthetic,slice_long_event,dài nhất 1.09s < 8.0s,auto,2026-09-17T05:24:22.532852+00:00
train_007321,verify_synthetic,slice_overlap,không cặp nào chồng lấn ≥30%,auto,2026-09-17T05:24:22.532852+00:00
train_007323,verify_synthetic,slice_overlap,không cặp nào chồng lấn ≥30%,auto,2026-09-17T05:24:22.532852+00:00
train_007325,verify_synthetic,slice_long_event,dài nhất 0.72s < 8.0s,auto,2026-09-17T05:24:22.532852+00:00
train_007327,verify_synthetic,slice_long_event,dài nhất 1.10s < 8.0s,auto,2026-09-17T05:24:22.532852+00:00
train_007328,verify_synthetic,slice_overlap,không cặp nào chồng lấn ≥30%,auto,2026-09-17T05:24:22.532852+00:00
train_007331,verify_synthetic,slice_long_event,dài nhất 1.01s < 8.0s,auto,2026-09-17T05:24:22.532852+00:00
train_007332,verify_synthetic,slice_overlap,không cặp nào chồng lấn ≥30%,auto,2026-09-17T05:24:22.532852+00:00
train_007333,verify_synthetic,slice_overlap,không cặp nào chồng lấn ≥30%,auto,2026-09-17T05:24:22.532852+00:00
train_007334,verify_synthetic,slice_overlap,không cặp nào chồng lấn ≥30%,auto,2026-09-17T05:24:22.532852+00:00
train_007335,verify_synthetic,slice_long_event,dài nhất 0.95s < 8.0s,auto,2026-09-17T05:24:22.532852+00:00
train_007340,verify_synthetic,slice_long_event,dài nhất 1.04s < 8.0s,auto,2026-09-17T05:24:22.532852+00:00
train_007341,verify_synthetic,slice_overlap,không cặp nào chồng lấn ≥30%,auto,2026-09-17T05:24:22.532852+00:00
train_007344,verify_synthetic,slice_long_event,dài nhất 1.01s < 8.0s,auto,2026-09-17T05:24:22.532852+00:00
train_007348,verify_synthetic,slice_overlap,không cặp nào chồng lấn ≥30%,auto,2026-09-17T05:24:22.532852+00:00
train_007349,verify_synthetic,slice_long_event,dài nhất 1.06s < 8.0s,auto,2026-09-17T05:24:22.532852+00:00
train_007349,verify_synthetic,slice_overlap,không cặp nào chồng lấn ≥30%,auto,2026-09-17T05:24:22.532852+00:00
train_007357,verify_synthetic,slice_overlap,không cặp nào chồng lấn ≥30%,auto,2026-09-17T05:24:22.532852+00:00
train_007358,verify_synthetic,slice_long_event,dài nhất 0.98s < 8.0s,auto,2026-09-17T05:24:22.532852+00:00
train_007360,verify_synthetic,slice_overlap,không cặp nào chồng lấn ≥30%,auto,2026-09-17T05:24:22.532852+00:00
train_007362,verify_synthetic,slice_overlap,không cặp nào chồng lấn ≥30%,auto,2026-09-17T05:24:22.532852+00:00
train_007370,verify_synthetic,slice_overlap,không cặp nào chồng lấn ≥30%,auto,2026-09-17T05:24:22.532852+00:00
train_007372,verify_synthetic,slice_overlap,không cặp nào chồng lấn ≥30%,auto,2026-09-17T05:24:22.532852+00:00
train_007374,verify_synthetic,slice_long_event,dài nhất 1.07s < 8.0s,auto,2026-09-17T05:24:22.532852+00:00
train_007374,verify_synthetic,slice_overlap,không cặp nào chồng lấn ≥30%,auto,2026-09-17T05:24:22.532852+00:00
train_007376,verify_synthetic,slice_overlap,không cặp nào chồng lấn ≥30%,auto,2026-09-17T05:24:22.532852+00:00
train_007377,verify_synthetic,slice_overlap,không cặp nào chồng lấn ≥30%,auto,2026-09-17T05:24:22.532852+00:00
train_007379,verify_synthetic,slice_long_event,dài nhất 0.97s < 8.0s,auto,2026-09-17T05:24:22.532852+00:00
train_007389,verify_synthetic,slice_long_event,dài nhất 1.10s < 8.0s,auto,2026-09-17T05:24:22.532852+00:00
train_007389,verify_synthetic,slice_overlap,không cặp nào chồng lấn ≥30%,auto,2026-09-17T05:24:22.532852+00:00
train_007396,verify_synthetic,slice_overlap,không cặp nào chồng lấn ≥30%,auto,2026-09-17T05:24:22.532852+00:00
train_007402,verify_synthetic,slice_overlap,không cặp nào chồng lấn ≥30%,auto,2026-09-17T05:24:22.532852+00:00
train_007411,verify_synthetic,slice_overlap,không cặp nào chồng lấn ≥30%,auto,2026-09-17T05:24:22.532852+00:00
train_007414,verify_synthetic,slice_overlap,không cặp nào chồng lấn ≥30%,auto,2026-09-17T05:24:22.532852+00:00
train_007419,verify_synthetic,slice_overlap,không cặp nào chồng lấn ≥30%,auto,2026-09-17T05:24:22.532852+00:00
train_007420,verify_synthetic,slice_long_event,dài nhất 0.79s < 8.0s,auto,2026-09-17T05:24:22.532852+00:00
train_007421,verify_synthetic,slice_overlap,không cặp nào chồng lấn ≥30%,auto,2026-09-17T05:24:22.532852+00:00
train_007425,verify_synthetic,slice_long_event,dài nhất 1.08s < 8.0s,auto,2026-09-17T05:24:22.532852+00:00
train_007429,verify_synthetic,slice_overlap,không cặp nào chồng lấn ≥30%,auto,2026-09-17T05:24:22.532852+00:00
train_007432,verify_synthetic,slice_long_event,dài nhất 0.96s < 8.0s,auto,2026-09-17T05:24:22.532852+00:00
train_007435,verify_synthetic,slice_overlap,không cặp nào chồng lấn ≥30%,auto,2026-09-17T05:24:22.532852+00:00
train_007436,verify_synthetic,slice_long_event,dài nhất 1.10s < 8.0s,auto,2026-09-17T05:24:22.532852+00:00
train_007438,verify_synthetic,slice_long_event,dài nhất 0.95s < 8.0s,auto,2026-09-17T05:24:22.532852+00:00
train_007440,verify_synthetic,slice_overlap,không cặp nào chồng lấn ≥30%,auto,2026-09-17T05:24:22.532852+00:00
train_007441,verify_synthetic,slice_long_event,dài nhất 1.10s < 8.0s,auto,2026-09-17T05:24:22.532852+00:00
train_007445,verify_synthetic,slice_overlap,không cặp nào chồng lấn ≥30%,auto,2026-09-17T05:24:22.532852+00:00
train_007447,verify_synthetic,slice_overlap,không cặp nào chồng lấn ≥30%,auto,2026-09-17T05:24:22.532852+00:00
train_007448,verify_synthetic,slice_long_event,dài nhất 0.95s < 8.0s,auto,2026-09-17T05:24:22.532852+00:00
train_007453,verify_synthetic,slice_overlap,không cặp nào chồng lấn ≥30%,auto,2026-09-17T05:24:22.532852+00:00
train_007454,verify_synthetic,slice_long_event,dài nhất 0.81s < 8.0s,auto,2026-09-17T05:24:22.532852+00:00
train_007457,verify_synthetic,slice_overlap,không cặp nào chồng lấn ≥30%,auto,2026-09-17T05:24:22.532852+00:00
train_007459,verify_synthetic,slice_overlap,không cặp nào chồng lấn ≥30%,auto,2026-09-17T05:24:22.532852+00:00
train_007460,verify_synthetic,slice_long_event,dài nhất 0.98s < 8.0s,auto,2026-09-17T05:24:22.532852+00:00
train_007462,verify_synthetic,slice_long_event,dài nhất 1.04s < 8.0s,auto,2026-09-17T05:24:22.532852+00:00
train_007470,verify_synthetic,slice_overlap,không cặp nào chồng lấn ≥30%,auto,2026-09-17T05:24:22.532852+00:00
train_007472,verify_synthetic,slice_overlap,không cặp nào chồng lấn ≥30%,auto,2026-09-17T05:24:22.532852+00:00
train_007477,verify_synthetic,slice_overlap,không cặp nào chồng lấn ≥30%,auto,2026-09-17T05:24:22.532852+00:00
train_007478,verify_synthetic,slice_overlap,không cặp nào chồng lấn ≥30%,auto,2026-09-17T05:24:22.532852+00:00
train_007487,verify_synthetic,slice_long_event,dài nhất 1.00s < 8.0s,auto,2026-09-17T05:24:22.532852+00:00
train_007487,verify_synthetic,slice_overlap,không cặp nào chồng lấn ≥30%,auto,2026-09-17T05:24:22.532852+00:00
train_007489,verify_synthetic,slice_overlap,không cặp nào chồng lấn ≥30%,auto,2026-09-17T05:24:22.532852+00:00
train_007493,verify_synthetic,slice_overlap,không cặp nào chồng lấn ≥30%,auto,2026-09-17T05:24:22.532852+00:00
train_007494,verify_synthetic,slice_overlap,không cặp nào chồng lấn ≥30%,auto,2026-09-17T05:24:22.532852+00:00
train_007495,verify_synthetic,slice_overlap,không cặp nào chồng lấn ≥30%,auto,2026-09-17T05:24:22.532852+00:00
train_007498,verify_synthetic,slice_long_event,dài nhất 1.03s < 8.0s,auto,2026-09-17T05:24:22.532852+00:00
train_007498,verify_synthetic,slice_overlap,không cặp nào chồng lấn ≥30%,auto,2026-09-17T05:24:22.532852+00:00
train_007499,verify_synthetic,slice_overlap,không cặp nào chồng lấn ≥30%,auto,2026-09-17T05:24:22.532852+00:00
train_007505,verify_synthetic,slice_long_event,dài nhất 1.07s < 8.0s,auto,2026-09-17T05:24:22.532852+00:00
train_007507,verify_synthetic,slice_long_event,dài nhất 1.09s < 8.0s,auto,2026-09-17T05:24:22.532852+00:00
train_007507,verify_synthetic,slice_overlap,không cặp nào chồng lấn ≥30%,auto,2026-09-17T05:24:22.532852+00:00
train_007510,verify_synthetic,slice_long_event,dài nhất 0.78s < 8.0s,auto,2026-09-17T05:24:22.532852+00:00
train_007523,verify_synthetic,slice_overlap,không cặp nào chồng lấn ≥30%,auto,2026-09-17T05:24:22.532852+00:00
train_007524,verify_synthetic,slice_long_event,dài nhất 1.04s < 8.0s,auto,2026-09-17T05:24:22.532852+00:00
train_007526,verify_synthetic,slice_long_event,dài nhất 1.03s < 8.0s,auto,2026-09-17T05:24:22.532852+00:00
train_007527,verify_synthetic,slice_overlap,không cặp nào chồng lấn ≥30%,auto,2026-09-17T05:24:22.532852+00:00
train_007528,verify_synthetic,slice_overlap,không cặp nào chồng lấn ≥30%,auto,2026-09-17T05:24:22.532852+00:00
train_007529,verify_synthetic,slice_long_event,dài nhất 1.09s < 8.0s,auto,2026-09-17T05:24:22.532852+00:00
train_007529,verify_synthetic,slice_overlap,không cặp nào chồng lấn ≥30%,auto,2026-09-17T05:24:22.532852+00:00
train_007537,verify_synthetic,slice_overlap,không cặp nào chồng lấn ≥30%,auto,2026-09-17T05:24:22.532852+00:00
train_007538,verify_synthetic,slice_long_event,dài nhất 1.04s < 8.0s,auto,2026-09-17T05:24:22.532852+00:00
train_007545,verify_synthetic,slice_long_event,dài nhất 1.08s < 8.0s,auto,2026-09-17T05:24:22.532852+00:00
train_007546,verify_synthetic,slice_long_event,dài nhất 1.06s < 8.0s,auto,2026-09-17T05:24:22.532852+00:00
train_007552,verify_synthetic,slice_overlap,không cặp nào chồng lấn ≥30%,auto,2026-09-17T05:24:22.532852+00:00
train_007554,verify_synthetic,slice_overlap,không cặp nào chồng lấn ≥30%,auto,2026-09-17T05:24:22.532852+00:00
train_007555,verify_synthetic,slice_overlap,không cặp nào chồng lấn ≥30%,auto,2026-09-17T05:24:22.532852+00:00
train_007561,verify_synthetic,slice_overlap,không cặp nào chồng lấn ≥30%,auto,2026-09-17T05:24:22.532852+00:00
train_007562,verify_synthetic,slice_overlap,không cặp nào chồng lấn ≥30%,auto,2026-09-17T05:24:22.532852+00:00
train_007564,verify_synthetic,slice_long_event,dài nhất 1.06s < 8.0s,auto,2026-09-17T05:24:22.532852+00:00
train_007572,verify_synthetic,slice_overlap,không cặp nào chồng lấn ≥30%,auto,2026-09-17T05:24:22.532852+00:00
train_007574,verify_synthetic,slice_overlap,không cặp nào chồng lấn ≥30%,auto,2026-09-17T05:24:22.532852+00:00
train_007577,verify_synthetic,slice_long_event,dài nhất 1.06s < 8.0s,auto,2026-09-17T05:24:22.532852+00:00
train_007577,verify_synthetic,slice_overlap,không cặp nào chồng lấn ≥30%,auto,2026-09-17T05:24:22.532852+00:00
train_007579,verify_synthetic,slice_overlap,không cặp nào chồng lấn ≥30%,auto,2026-09-17T05:24:22.532852+00:00
train_007580,verify_synthetic,slice_long_event,dài nhất 0.98s < 8.0s,auto,2026-09-17T05:24:22.532852+00:00
train_007582,verify_synthetic,slice_long_event,dài nhất 1.06s < 8.0s,auto,2026-09-17T05:24:22.532852+00:00
train_007583,verify_synthetic,slice_overlap,không cặp nào chồng lấn ≥30%,auto,2026-09-17T05:24:22.532852+00:00
train_007585,verify_synthetic,slice_overlap,không cặp nào chồng lấn ≥30%,auto,2026-09-17T05:24:22.532852+00:00
train_007594,verify_synthetic,slice_long_event,dài nhất 1.01s < 8.0s,auto,2026-09-17T05:24:22.532852+00:00
train_007595,verify_synthetic,slice_long_event,dài nhất 1.08s < 8.0s,auto,2026-09-17T05:24:22.532852+00:00
train_007598,verify_synthetic,slice_overlap,không cặp nào chồng lấn ≥30%,auto,2026-09-17T05:24:22.532852+00:00
train_007599,verify_synthetic,slice_overlap,không cặp nào chồng lấn ≥30%,auto,2026-09-17T05:24:22.532852+00:00
train_007604,verify_synthetic,slice_long_event,dài nhất 1.00s < 8.0s,auto,2026-09-17T05:24:22.532852+00:00
train_007605,verify_synthetic,slice_long_event,dài nhất 1.09s < 8.0s,auto,2026-09-17T05:24:22.532852+00:00
train_007608,verify_synthetic,slice_overlap,không cặp nào chồng lấn ≥30%,auto,2026-09-17T05:24:22.532852+00:00
train_007609,verify_synthetic,slice_overlap,không cặp nào chồng lấn ≥30%,auto,2026-09-17T05:24:22.532852+00:00
train_007616,verify_synthetic,slice_long_event,dài nhất 1.00s < 8.0s,auto,2026-09-17T05:24:22.532852+00:00
train_007616,verify_synthetic,slice_overlap,không cặp nào chồng lấn ≥30%,auto,2026-09-17T05:24:22.532852+00:00
train_007621,verify_synthetic,slice_overlap,không cặp nào chồng lấn ≥30%,auto,2026-09-17T05:24:22.532852+00:00
train_007623,verify_synthetic,slice_overlap,không cặp nào chồng lấn ≥30%,auto,2026-09-17T05:24:22.532852+00:00
train_007626,verify_synthetic,slice_overlap,không cặp nào chồng lấn ≥30%,auto,2026-09-17T05:24:22.532852+00:00
train_007628,verify_synthetic,slice_overlap,không cặp nào chồng lấn ≥30%,auto,2026-09-17T05:24:22.532852+00:00
train_007629,verify_synthetic,slice_overlap,không cặp nào chồng lấn ≥30%,auto,2026-09-17T05:24:22.532852+00:00
train_007630,verify_synthetic,slice_overlap,không cặp nào chồng lấn ≥30%,auto,2026-09-17T05:24:22.532852+00:00
train_007631,verify_synthetic,slice_long_event,dài nhất 0.98s < 8.0s,auto,2026-09-17T05:24:22.532852+00:00
train_007633,verify_synthetic,slice_overlap,không cặp nào chồng lấn ≥30%,auto,2026-09-17T05:24:22.532852+00:00
train_007638,verify_synthetic,slice_overlap,không cặp nào chồng lấn ≥30%,auto,2026-09-17T05:24:22.532852+00:00
train_007644,verify_synthetic,slice_overlap,không cặp nào chồng lấn ≥30%,auto,2026-09-17T05:24:22.532852+00:00
train_007647,verify_synthetic,slice_long_event,dài nhất 1.05s < 8.0s,auto,2026-09-17T05:24:22.532852+00:00
train_007649,verify_synthetic,slice_long_event,dài nhất 1.01s < 8.0s,auto,2026-09-17T05:24:22.532852+00:00
train_007650,verify_synthetic,slice_overlap,không cặp nào chồng lấn ≥30%,auto,2026-09-17T05:24:22.532852+00:00
train_007651,verify_synthetic,slice_long_event,dài nhất 1.07s < 8.0s,auto,2026-09-17T05:24:22.532852+00:00
train_007652,verify_synthetic,slice_overlap,không cặp nào chồng lấn ≥30%,auto,2026-09-17T05:24:22.532852+00:00
train_007655,verify_synthetic,slice_overlap,không cặp nào chồng lấn ≥30%,auto,2026-09-17T05:24:22.532852+00:00
train_007665,verify_synthetic,slice_overlap,không cặp nào chồng lấn ≥30%,auto,2026-09-17T05:24:22.532852+00:00
train_007668,verify_synthetic,slice_long_event,dài nhất 1.10s < 8.0s,auto,2026-09-17T05:24:22.532852+00:00
train_007668,verify_synthetic,slice_overlap,không cặp nào chồng lấn ≥30%,auto,2026-09-17T05:24:22.532852+00:00
train_007669,verify_synthetic,slice_overlap,không cặp nào chồng lấn ≥30%,auto,2026-09-17T05:24:22.532852+00:00
train_007674,verify_synthetic,slice_overlap,không cặp nào chồng lấn ≥30%,auto,2026-09-17T05:24:22.532852+00:00
train_007676,verify_synthetic,slice_overlap,không cặp nào chồng lấn ≥30%,auto,2026-09-17T05:24:22.532852+00:00
train_007683,verify_synthetic,slice_long_event,dài nhất 1.05s < 8.0s,auto,2026-09-17T05:24:22.532852+00:00
train_007687,verify_synthetic,slice_overlap,không cặp nào chồng lấn ≥30%,auto,2026-09-17T05:24:22.532852+00:00
train_007688,verify_synthetic,slice_overlap,không cặp nào chồng lấn ≥30%,auto,2026-09-17T05:24:22.532852+00:00
train_007693,verify_synthetic,slice_overlap,không cặp nào chồng lấn ≥30%,auto,2026-09-17T05:24:22.532852+00:00
train_007694,verify_synthetic,slice_overlap,không cặp nào chồng lấn ≥30%,auto,2026-09-17T05:24:22.532852+00:00
train_007698,verify_synthetic,slice_long_event,dài nhất 1.10s < 8.0s,auto,2026-09-17T05:24:22.532852+00:00
train_007704,verify_synthetic,slice_overlap,không cặp nào chồng lấn ≥30%,auto,2026-09-17T05:24:22.532852+00:00
train_007706,verify_synthetic,slice_overlap,không cặp nào chồng lấn ≥30%,auto,2026-09-17T05:24:22.532852+00:00
train_007709,verify_synthetic,slice_long_event,dài nhất 1.02s < 8.0s,auto,2026-09-17T05:24:22.532852+00:00
train_007709,verify_synthetic,slice_overlap,không cặp nào chồng lấn ≥30%,auto,2026-09-17T05:24:22.532852+00:00
train_007713,verify_synthetic,slice_overlap,không cặp nào chồng lấn ≥30%,auto,2026-09-17T05:24:22.532852+00:00
train_007715,verify_synthetic,slice_overlap,không cặp nào chồng lấn ≥30%,auto,2026-09-17T05:24:22.532852+00:00
train_007719,verify_synthetic,slice_long_event,dài nhất 1.00s < 8.0s,auto,2026-09-17T05:24:22.532852+00:00
train_007719,verify_synthetic,slice_overlap,không cặp nào chồng lấn ≥30%,auto,2026-09-17T05:24:22.532852+00:00
train_007720,verify_synthetic,slice_overlap,không cặp nào chồng lấn ≥30%,auto,2026-09-17T05:24:22.532852+00:00
train_007725,verify_synthetic,slice_overlap,không cặp nào chồng lấn ≥30%,auto,2026-09-17T05:24:22.532852+00:00
train_007729,verify_synthetic,slice_overlap,không cặp nào chồng lấn ≥30%,auto,2026-09-17T05:24:22.532852+00:00
train_007731,verify_synthetic,slice_overlap,không cặp nào chồng lấn ≥30%,auto,2026-09-17T05:24:22.532852+00:00
train_007732,verify_synthetic,slice_overlap,không cặp nào chồng lấn ≥30%,auto,2026-09-17T05:24:22.532852+00:00
train_007734,verify_synthetic,slice_overlap,không cặp nào chồng lấn ≥30%,auto,2026-09-17T05:24:22.532852+00:00
train_007737,verify_synthetic,slice_overlap,không cặp nào chồng lấn ≥30%,auto,2026-09-17T05:24:22.532852+00:00
train_007738,verify_synthetic,slice_overlap,không cặp nào chồng lấn ≥30%,auto,2026-09-17T05:24:22.532852+00:00
train_007742,verify_synthetic,slice_long_event,dài nhất 1.10s < 8.0s,auto,2026-09-17T05:24:22.532852+00:00
train_007742,verify_synthetic,slice_overlap,không cặp nào chồng lấn ≥30%,auto,2026-09-17T05:24:22.532852+00:00
train_007745,verify_synthetic,slice_long_event,dài nhất 0.43s < 8.0s,auto,2026-09-17T05:24:22.532852+00:00
train_007747,verify_synthetic,slice_long_event,dài nhất 1.09s < 8.0s,auto,2026-09-17T05:24:22.532852+00:00
train_007749,verify_synthetic,slice_overlap,không cặp nào chồng lấn ≥30%,auto,2026-09-17T05:24:22.532852+00:00
train_007753,verify_synthetic,slice_long_event,dài nhất 1.09s < 8.0s,auto,2026-09-17T05:24:22.532852+00:00
train_007755,verify_synthetic,slice_overlap,không cặp nào chồng lấn ≥30%,auto,2026-09-17T05:24:22.532852+00:00
train_007757,verify_synthetic,slice_overlap,không cặp nào chồng lấn ≥30%,auto,2026-09-17T05:24:22.532852+00:00
train_007760,verify_synthetic,slice_overlap,không cặp nào chồng lấn ≥30%,auto,2026-09-17T05:24:22.532852+00:00
train_007765,verify_synthetic,slice_long_event,dài nhất 1.09s < 8.0s,auto,2026-09-17T05:24:22.532852+00:00
train_007767,verify_synthetic,slice_long_event,dài nhất 1.05s < 8.0s,auto,2026-09-17T05:24:22.532852+00:00
train_007767,verify_synthetic,slice_overlap,không cặp nào chồng lấn ≥30%,auto,2026-09-17T05:24:22.532852+00:00
train_007769,verify_synthetic,slice_overlap,không cặp nào chồng lấn ≥30%,auto,2026-09-17T05:24:22.532852+00:00
train_007771,verify_synthetic,slice_overlap,không cặp nào chồng lấn ≥30%,auto,2026-09-17T05:24:22.532852+00:00
train_007773,verify_synthetic,slice_overlap,không cặp nào chồng lấn ≥30%,auto,2026-09-17T05:24:22.532852+00:00
train_007774,verify_synthetic,slice_overlap,không cặp nào chồng lấn ≥30%,auto,2026-09-17T05:24:22.532852+00:00
train_007777,verify_synthetic,slice_overlap,không cặp nào chồng lấn ≥30%,auto,2026-09-17T05:24:22.532852+00:00
train_007778,verify_synthetic,slice_overlap,không cặp nào chồng lấn ≥30%,auto,2026-09-17T05:24:22.532852+00:00
train_007782,verify_synthetic,slice_long_event,dài nhất 0.99s < 8.0s,auto,2026-09-17T05:24:22.532852+00:00
train_007782,verify_synthetic,slice_overlap,không cặp nào chồng lấn ≥30%,auto,2026-09-17T05:24:22.532852+00:00
train_007791,verify_synthetic,slice_overlap,không cặp nào chồng lấn ≥30%,auto,2026-09-17T05:24:22.532852+00:00
train_007794,verify_synthetic,slice_overlap,không cặp nào chồng lấn ≥30%,auto,2026-09-17T05:24:22.532852+00:00
train_007797,verify_synthetic,slice_long_event,dài nhất 1.08s < 8.0s,auto,2026-09-17T05:24:22.532852+00:00
train_007800,verify_synthetic,slice_long_event,dài nhất 1.03s < 8.0s,auto,2026-09-17T05:24:22.532852+00:00
train_007801,verify_synthetic,slice_long_event,dài nhất 1.08s < 8.0s,auto,2026-09-17T05:24:22.532852+00:00
train_007803,verify_synthetic,slice_long_event,dài nhất 1.00s < 8.0s,auto,2026-09-17T05:24:22.532852+00:00
train_007804,verify_synthetic,slice_long_event,dài nhất 1.07s < 8.0s,auto,2026-09-17T05:24:22.532852+00:00
train_007804,verify_synthetic,slice_overlap,không cặp nào chồng lấn ≥30%,auto,2026-09-17T05:24:22.532852+00:00
train_007807,verify_synthetic,slice_overlap,không cặp nào chồng lấn ≥30%,auto,2026-09-17T05:24:22.532852+00:00
train_007811,verify_synthetic,slice_overlap,không cặp nào chồng lấn ≥30%,auto,2026-09-17T05:24:22.532852+00:00
train_007812,verify_synthetic,slice_overlap,không cặp nào chồng lấn ≥30%,auto,2026-09-17T05:24:22.532852+00:00
train_007817,verify_synthetic,slice_long_event,dài nhất 0.94s < 8.0s,auto,2026-09-17T05:24:22.532852+00:00
train_007817,verify_synthetic,slice_overlap,không cặp nào chồng lấn ≥30%,auto,2026-09-17T05:24:22.532852+00:00
train_007819,verify_synthetic,slice_overlap,không cặp nào chồng lấn ≥30%,auto,2026-09-17T05:24:22.532852+00:00
train_007827,verify_synthetic,slice_long_event,dài nhất 1.01s < 8.0s,auto,2026-09-17T05:24:22.532852+00:00
train_007827,verify_synthetic,slice_overlap,không cặp nào chồng lấn ≥30%,auto,2026-09-17T05:24:22.532852+00:00
train_007832,verify_synthetic,slice_overlap,không cặp nào chồng lấn ≥30%,auto,2026-09-17T05:24:22.532852+00:00
train_007835,verify_synthetic,slice_overlap,không cặp nào chồng lấn ≥30%,auto,2026-09-17T05:24:22.532852+00:00
train_007836,verify_synthetic,slice_overlap,không cặp nào chồng lấn ≥30%,auto,2026-09-17T05:24:22.532852+00:00
train_007839,verify_synthetic,slice_long_event,dài nhất 1.09s < 8.0s,auto,2026-09-17T05:24:22.532852+00:00
train_007852,verify_synthetic,slice_overlap,không cặp nào chồng lấn ≥30%,auto,2026-09-17T05:24:22.532852+00:00
train_007853,verify_synthetic,slice_overlap,không cặp nào chồng lấn ≥30%,auto,2026-09-17T05:24:22.532852+00:00
train_007854,verify_synthetic,slice_overlap,không cặp nào chồng lấn ≥30%,auto,2026-09-17T05:24:22.532852+00:00
train_007858,verify_synthetic,slice_overlap,không cặp nào chồng lấn ≥30%,auto,2026-09-17T05:24:22.532852+00:00
train_007859,verify_synthetic,slice_overlap,không cặp nào chồng lấn ≥30%,auto,2026-09-17T05:24:22.532852+00:00
train_007862,verify_synthetic,slice_overlap,không cặp nào chồng lấn ≥30%,auto,2026-09-17T05:24:22.532852+00:00
train_007865,verify_synthetic,slice_overlap,không cặp nào chồng lấn ≥30%,auto,2026-09-17T05:24:22.532852+00:00
train_007868,verify_synthetic,slice_overlap,không cặp nào chồng lấn ≥30%,auto,2026-09-17T05:24:22.532852+00:00
train_007869,verify_synthetic,slice_overlap,không cặp nào chồng lấn ≥30%,auto,2026-09-17T05:24:22.532852+00:00
train_007872,verify_synthetic,slice_overlap,không cặp nào chồng lấn ≥30%,auto,2026-09-17T05:24:22.532852+00:00
train_007884,verify_synthetic,slice_overlap,không cặp nào chồng lấn ≥30%,auto,2026-09-17T05:24:22.532852+00:00
train_007885,verify_synthetic,slice_overlap,không cặp nào chồng lấn ≥30%,auto,2026-09-17T05:24:22.532852+00:00
train_007892,verify_synthetic,slice_overlap,không cặp nào chồng lấn ≥30%,auto,2026-09-17T05:24:22.532852+00:00
train_007893,verify_synthetic,slice_overlap,không cặp nào chồng lấn ≥30%,auto,2026-09-17T05:24:22.532852+00:00
train_007897,verify_synthetic,slice_overlap,không cặp nào chồng lấn ≥30%,auto,2026-09-17T05:24:22.532852+00:00
train_007899,verify_synthetic,slice_overlap,không cặp nào chồng lấn ≥30%,auto,2026-09-17T05:24:22.532852+00:00
train_007901,verify_synthetic,slice_overlap,không cặp nào chồng lấn ≥30%,auto,2026-09-17T05:24:22.532852+00:00
train_007902,verify_synthetic,slice_overlap,không cặp nào chồng lấn ≥30%,auto,2026-09-17T05:24:22.532852+00:00
train_007903,verify_synthetic,slice_overlap,không cặp nào chồng lấn ≥30%,auto,2026-09-17T05:24:22.532852+00:00
train_007909,verify_synthetic,slice_long_event,dài nhất 1.06s < 8.0s,auto,2026-09-17T05:24:22.532852+00:00
train_007911,verify_synthetic,slice_overlap,không cặp nào chồng lấn ≥30%,auto,2026-09-17T05:24:22.532852+00:00
train_007915,verify_synthetic,slice_overlap,không cặp nào chồng lấn ≥30%,auto,2026-09-17T05:24:22.532852+00:00
<train>,verify_synthetic,duration_truncated,"p90 độ dài sự kiện toàn bộ = 1.07s, nhưng bank có lớp dài hơn nhiều: applause_cheering (3.0s), siren (4.0s), vehicle_crash (4.4s). Kiểm tra event_duration trong scaper_generate.py",auto,2026-09-17T05:24:22.532852+00:00
